solid OpenSCAD_Model
  facet normal -0 0 1
    outer loop
      vertex 96.2 4.1 49.6
      vertex 97 2 49.6
      vertex 97 10.0272 49.6
    endloop
  endfacet
  facet normal -0 0 1
    outer loop
      vertex 96.1718 3.66926 49.6
      vertex 97 2 49.6
      vertex 96.2 4.1 49.6
    endloop
  endfacet
  facet normal -0 0 1
    outer loop
      vertex 95.9488 2.83715 49.6
      vertex 97 2 49.6
      vertex 96.0875 3.2459 49.6
    endloop
  endfacet
  facet normal -0 0 1
    outer loop
      vertex 95.7579 2.45001 49.6
      vertex 97 2 49.6
      vertex 95.9488 2.83715 49.6
    endloop
  endfacet
  facet normal 0 0 1
    outer loop
      vertex 97 2 49.6
      vertex 95.7579 2.45001 49.6
      vertex 96.9829 1.73895 49.6
    endloop
  endfacet
  facet normal -0 0 1
    outer loop
      vertex 95.5181 2.09109 49.6
      vertex 96.9829 1.73895 49.6
      vertex 95.7579 2.45001 49.6
    endloop
  endfacet
  facet normal 0 0 1
    outer loop
      vertex 96.2 4.1 49.6
      vertex 97 10.0272 49.6
      vertex 96.2 10.0272 49.6
    endloop
  endfacet
  facet normal 0 0 1
    outer loop
      vertex 96.9829 1.73895 49.6
      vertex 95.5181 2.09109 49.6
      vertex 96.9319 1.48236 49.6
    endloop
  endfacet
  facet normal -0 0 1
    outer loop
      vertex 96.0875 3.2459 49.6
      vertex 97 2 49.6
      vertex 96.1718 3.66926 49.6
    endloop
  endfacet
  facet normal 0 0 1
    outer loop
      vertex 96.9319 1.48236 49.6
      vertex 95.5181 2.09109 49.6
      vertex 96.8478 1.23463 49.6
    endloop
  endfacet
  facet normal 0 0 1
    outer loop
      vertex 96.8478 1.23463 49.6
      vertex 95.5181 2.09109 49.6
      vertex 96.7321 1 49.6
    endloop
  endfacet
  facet normal -0 0 1
    outer loop
      vertex 95.2334 1.76655 49.6
      vertex 96.7321 1 49.6
      vertex 95.5181 2.09109 49.6
    endloop
  endfacet
  facet normal 0 0 1
    outer loop
      vertex 96.7321 1 49.6
      vertex 95.2334 1.76655 49.6
      vertex 96.5867 0.782471 49.6
    endloop
  endfacet
  facet normal 0 0 1
    outer loop
      vertex 96.5867 0.782471 49.6
      vertex 95.2334 1.76655 49.6
      vertex 96.4142 0.585785 49.6
    endloop
  endfacet
  facet normal 0 0 1
    outer loop
      vertex 96.4142 0.585785 49.6
      vertex 95.2334 1.76655 49.6
      vertex 96.2175 0.4133 49.6
    endloop
  endfacet
  facet normal 0 0 1
    outer loop
      vertex 96.2175 0.4133 49.6
      vertex 95.2334 1.76655 49.6
      vertex 96 0.267944 49.6
    endloop
  endfacet
  facet normal -0 0 1
    outer loop
      vertex 94.9089 1.48193 49.6
      vertex 96 0.267944 49.6
      vertex 95.2334 1.76655 49.6
    endloop
  endfacet
  facet normal 0 0 1
    outer loop
      vertex 96 0.267944 49.6
      vertex 94.9089 1.48193 49.6
      vertex 95.7654 0.152237 49.6
    endloop
  endfacet
  facet normal 0 0 1
    outer loop
      vertex 95.7654 0.152237 49.6
      vertex 94.9089 1.48193 49.6
      vertex 95.5176 0.0681458 49.6
    endloop
  endfacet
  facet normal 0 0 1
    outer loop
      vertex 95.5176 0.0681458 49.6
      vertex 94.9089 1.48193 49.6
      vertex 95.261 0.0171051 49.6
    endloop
  endfacet
  facet normal -0 0 1
    outer loop
      vertex 94.55 1.24212 49.6
      vertex 95.261 0.0171051 49.6
      vertex 94.9089 1.48193 49.6
    endloop
  endfacet
  facet normal 0 0 1
    outer loop
      vertex 95.261 0.0171051 49.6
      vertex 94.55 1.24212 49.6
      vertex 95 0 49.6
    endloop
  endfacet
  facet normal 0 0 1
    outer loop
      vertex 94.55 1.24212 49.6
      vertex 94.1628 1.0512 49.6
      vertex 95 0 49.6
    endloop
  endfacet
  facet normal 0 0 1
    outer loop
      vertex 94.1628 1.0512 49.6
      vertex 93.7541 0.912441 49.6
      vertex 95 0 49.6
    endloop
  endfacet
  facet normal 0 0 1
    outer loop
      vertex 93.7541 0.912441 49.6
      vertex 93.3307 0.828228 49.6
      vertex 95 0 49.6
    endloop
  endfacet
  facet normal -0 0 1
    outer loop
      vertex 92.9 0.799999 49.6
      vertex 95 0 49.6
      vertex 93.3307 0.828228 49.6
    endloop
  endfacet
  facet normal 0 0 1
    outer loop
      vertex 86.973 0 49.6
      vertex 92.9 0.799999 49.6
      vertex 86.973 0.799999 49.6
    endloop
  endfacet
  facet normal 0 0 1
    outer loop
      vertex 92.9 0.799999 49.6
      vertex 86.973 0 49.6
      vertex 95 0 49.6
    endloop
  endfacet
  facet normal -0.997861 0 0.065374
    outer loop
      vertex 86.9658 0 49.4901
      vertex 86.973 0.799999 49.6
      vertex 86.9658 0.835155 49.4901
    endloop
  endfacet
  facet normal -0.997861 0 0.065374
    outer loop
      vertex 86.973 0.799999 49.6
      vertex 86.9658 0 49.4901
      vertex 86.973 0 49.6
    endloop
  endfacet
  facet normal -0.985872 0 0.167501
    outer loop
      vertex 86.9159 0 49.1964
      vertex 86.9658 0.835155 49.4901
      vertex 86.9159 0.92914 49.1964
    endloop
  endfacet
  facet normal -0.985872 0 0.167501
    outer loop
      vertex 86.9658 0.835155 49.4901
      vertex 86.9159 0 49.1964
      vertex 86.9658 0 49.4901
    endloop
  endfacet
  facet normal -0.97898 0 0.203954
    outer loop
      vertex 77.6634 0 4.78418
      vertex 86.4792 1.6 47.1
      vertex 77.6634 1.6 4.78418
    endloop
  endfacet
  facet normal -0.978981 2.92694e-05 0.203953
    outer loop
      vertex 86.9159 0 49.1964
      vertex 86.4792 1.6 47.1
      vertex 77.6634 0 4.78418
    endloop
  endfacet
  facet normal -0.978985 0 0.203932
    outer loop
      vertex 86.4792 1.6 47.1
      vertex 86.9159 0 49.1964
      vertex 86.9159 0.92914 49.1964
    endloop
  endfacet
  facet normal -0.963538 0 0.26757
    outer loop
      vertex 77.5234 0 4.28003
      vertex 77.6634 1.6 4.78418
      vertex 77.5234 1.6 4.28003
    endloop
  endfacet
  facet normal -0.963538 0 0.26757
    outer loop
      vertex 77.6634 1.6 4.78418
      vertex 77.5234 0 4.28003
      vertex 77.6634 0 4.78418
    endloop
  endfacet
  facet normal -0.920377 0 0.391032
    outer loop
      vertex 77.3188 0 3.79846
      vertex 77.5234 1.6 4.28003
      vertex 77.3188 1.6 3.79846
    endloop
  endfacet
  facet normal -0.920377 0 0.391032
    outer loop
      vertex 77.5234 1.6 4.28003
      vertex 77.3188 0 3.79846
      vertex 77.5234 0 4.28003
    endloop
  endfacet
  facet normal -0.861467 0 0.507813
    outer loop
      vertex 77.0531 0 3.34772
      vertex 77.3188 1.6 3.79846
      vertex 77.0531 1.6 3.34772
    endloop
  endfacet
  facet normal -0.861467 0 0.507813
    outer loop
      vertex 77.3188 1.6 3.79846
      vertex 77.0531 0 3.34772
      vertex 77.3188 0 3.79846
    endloop
  endfacet
  facet normal -0.787775 0 0.615963
    outer loop
      vertex 76.7308 0 2.93552
      vertex 77.0531 1.6 3.34772
      vertex 76.7308 1.6 2.93552
    endloop
  endfacet
  facet normal -0.787775 0 0.615963
    outer loop
      vertex 77.0531 1.6 3.34772
      vertex 76.7308 0 2.93552
      vertex 77.0531 0 3.34772
    endloop
  endfacet
  facet normal -0.700704 0 0.713452
    outer loop
      vertex 76.3575 1.6 2.56889
      vertex 76.7308 0 2.93552
      vertex 76.7308 1.6 2.93552
    endloop
  endfacet
  facet normal -0.700704 0 0.713452
    outer loop
      vertex 76.7308 0 2.93552
      vertex 76.3575 1.6 2.56889
      vertex 76.3575 0 2.56889
    endloop
  endfacet
  facet normal -0.601607 0 0.798792
    outer loop
      vertex 75.9396 1.6 2.25415
      vertex 76.3575 0 2.56889
      vertex 76.3575 1.6 2.56889
    endloop
  endfacet
  facet normal -0.601607 0 0.798792
    outer loop
      vertex 76.3575 0 2.56889
      vertex 75.9396 1.6 2.25415
      vertex 75.9396 0 2.25415
    endloop
  endfacet
  facet normal -0.492135 0 0.870519
    outer loop
      vertex 75.4841 1.6 1.99664
      vertex 75.9396 0 2.25415
      vertex 75.9396 1.6 2.25415
    endloop
  endfacet
  facet normal -0.492135 0 0.870519
    outer loop
      vertex 75.9396 0 2.25415
      vertex 75.4841 1.6 1.99664
      vertex 75.4841 0 1.99664
    endloop
  endfacet
  facet normal -0.374289 0 0.927312
    outer loop
      vertex 74.9989 1.6 1.8008
      vertex 75.4841 0 1.99664
      vertex 75.4841 1.6 1.99664
    endloop
  endfacet
  facet normal -0.374289 0 0.927312
    outer loop
      vertex 75.4841 0 1.99664
      vertex 74.9989 1.6 1.8008
      vertex 74.9989 0 1.8008
    endloop
  endfacet
  facet normal -0.250083 0 0.968224
    outer loop
      vertex 74.4923 1.6 1.66995
      vertex 74.9989 0 1.8008
      vertex 74.9989 1.6 1.8008
    endloop
  endfacet
  facet normal -0.250083 0 0.968224
    outer loop
      vertex 74.9989 0 1.8008
      vertex 74.4923 1.6 1.66995
      vertex 74.4923 0 1.66995
    endloop
  endfacet
  facet normal -0.0935063 0 0.995619
    outer loop
      vertex 73.7475 1.6 1.6
      vertex 74.4923 0 1.66995
      vertex 74.4923 1.6 1.66995
    endloop
  endfacet
  facet normal -0.0935063 0 0.995619
    outer loop
      vertex 74.4923 0 1.66995
      vertex 73.7475 1.6 1.6
      vertex 73.7475 0 1.6
    endloop
  endfacet
  facet normal 0.0654151 0 0.997858
    outer loop
      vertex 22.7304 1.6 1.63422
      vertex 23.2524 0 1.6
      vertex 23.2524 1.6 1.6
    endloop
  endfacet
  facet normal 0.0654151 0 0.997858
    outer loop
      vertex 23.2524 0 1.6
      vertex 22.7304 1.6 1.63422
      vertex 22.7304 0 1.63422
    endloop
  endfacet
  facet normal 0.195087 0 0.980786
    outer loop
      vertex 22.2173 1.6 1.73628
      vertex 22.7304 0 1.63422
      vertex 22.7304 1.6 1.63422
    endloop
  endfacet
  facet normal 0.195087 0 0.980786
    outer loop
      vertex 22.7304 0 1.63422
      vertex 22.2173 1.6 1.73628
      vertex 22.2173 0 1.73628
    endloop
  endfacet
  facet normal 0.32144 0 0.94693
    outer loop
      vertex 21.7218 1.6 1.90448
      vertex 22.2173 0 1.73628
      vertex 22.2173 1.6 1.73628
    endloop
  endfacet
  facet normal 0.32144 0 0.94693
    outer loop
      vertex 22.2173 0 1.73628
      vertex 21.7218 1.6 1.90448
      vertex 21.7218 0 1.90448
    endloop
  endfacet
  facet normal 0.442253 0 0.89689
    outer loop
      vertex 21.2525 1.6 2.13589
      vertex 21.7218 0 1.90448
      vertex 21.7218 1.6 1.90448
    endloop
  endfacet
  facet normal 0.442253 0 0.89689
    outer loop
      vertex 21.7218 0 1.90448
      vertex 21.2525 1.6 2.13589
      vertex 21.2525 0 2.13589
    endloop
  endfacet
  facet normal 0.5556 0 0.83145
    outer loop
      vertex 20.8175 1.6 2.42657
      vertex 21.2525 0 2.13589
      vertex 21.2525 1.6 2.13589
    endloop
  endfacet
  facet normal 0.5556 0 0.83145
    outer loop
      vertex 21.2525 0 2.13589
      vertex 20.8175 1.6 2.42657
      vertex 20.8175 0 2.42657
    endloop
  endfacet
  facet normal 0.659332 0 0.751852
    outer loop
      vertex 20.4241 1.6 2.77156
      vertex 20.8175 0 2.42657
      vertex 20.8175 1.6 2.42657
    endloop
  endfacet
  facet normal 0.659332 0 0.751852
    outer loop
      vertex 20.8175 0 2.42657
      vertex 20.4241 1.6 2.77156
      vertex 20.4241 0 2.77156
    endloop
  endfacet
  facet normal 0.751834 -0 0.659353
    outer loop
      vertex 20.0791 0 3.16495
      vertex 20.4241 1.6 2.77156
      vertex 20.0791 1.6 3.16495
    endloop
  endfacet
  facet normal 0.751834 0 0.659353
    outer loop
      vertex 20.4241 1.6 2.77156
      vertex 20.0791 0 3.16495
      vertex 20.4241 0 2.77156
    endloop
  endfacet
  facet normal 0.831544 -0 0.555459
    outer loop
      vertex 19.7885 0 3.59999
      vertex 20.0791 1.6 3.16495
      vertex 19.7885 1.6 3.59999
    endloop
  endfacet
  facet normal 0.831544 0 0.555459
    outer loop
      vertex 20.0791 1.6 3.16495
      vertex 19.7885 0 3.59999
      vertex 20.0791 0 3.16495
    endloop
  endfacet
  facet normal 0.896811 -0 0.442414
    outer loop
      vertex 19.557 0 4.06926
      vertex 19.7885 1.6 3.59999
      vertex 19.557 1.6 4.06926
    endloop
  endfacet
  facet normal 0.896811 0 0.442414
    outer loop
      vertex 19.7885 1.6 3.59999
      vertex 19.557 0 4.06926
      vertex 19.7885 0 3.59999
    endloop
  endfacet
  facet normal 0.955619 -0 0.294604
    outer loop
      vertex 19.3366 0 4.78418
      vertex 19.557 1.6 4.06926
      vertex 19.3366 1.6 4.78418
    endloop
  endfacet
  facet normal 0.955619 0 0.294604
    outer loop
      vertex 19.557 1.6 4.06926
      vertex 19.3366 0 4.78418
      vertex 19.557 0 4.06926
    endloop
  endfacet
  facet normal 0.978985 -0 0.203932
    outer loop
      vertex 10.0841 0 49.1964
      vertex 10.5208 1.6 47.1
      vertex 10.0841 0.92914 49.1964
    endloop
  endfacet
  facet normal 0.978981 2.92694e-05 0.203953
    outer loop
      vertex 10.5208 1.6 47.1
      vertex 10.0841 0 49.1964
      vertex 19.3366 0 4.78418
    endloop
  endfacet
  facet normal 0.97898 0 0.203954
    outer loop
      vertex 10.5208 1.6 47.1
      vertex 19.3366 0 4.78418
      vertex 19.3366 1.6 4.78418
    endloop
  endfacet
  facet normal 0.990208 0 0.139601
    outer loop
      vertex 10.0841 0 49.1964
      vertex 10.0272 0.799999 49.6
      vertex 10.0272 0 49.6
    endloop
  endfacet
  facet normal 0.990208 0 0.139601
    outer loop
      vertex 10.0272 0.799999 49.6
      vertex 10.0841 0 49.1964
      vertex 10.0841 0.92914 49.1964
    endloop
  endfacet
  facet normal -0 0 1
    outer loop
      vertex 0 10.0272 49.6
      vertex 0.799999 4.1 49.6
      vertex 0.799999 10.0272 49.6
    endloop
  endfacet
  facet normal 0 0 1
    outer loop
      vertex 0.799999 4.1 49.6
      vertex 0 2 49.6
      vertex 0.782471 0.4133 49.6
    endloop
  endfacet
  facet normal 0 0 1
    outer loop
      vertex 0.782471 0.4133 49.6
      vertex 0 2 49.6
      vertex 0.585785 0.585785 49.6
    endloop
  endfacet
  facet normal 0 0 1
    outer loop
      vertex 0.585785 0.585785 49.6
      vertex 0 2 49.6
      vertex 0.4133 0.782471 49.6
    endloop
  endfacet
  facet normal 0 0 1
    outer loop
      vertex 0.4133 0.782471 49.6
      vertex 0 2 49.6
      vertex 0.267944 1 49.6
    endloop
  endfacet
  facet normal 0 0 1
    outer loop
      vertex 0.267944 1 49.6
      vertex 0 2 49.6
      vertex 0.152237 1.23463 49.6
    endloop
  endfacet
  facet normal 0 0 1
    outer loop
      vertex 0.152237 1.23463 49.6
      vertex 0 2 49.6
      vertex 0.0681458 1.48236 49.6
    endloop
  endfacet
  facet normal 0 0 1
    outer loop
      vertex 0.799999 4.1 49.6
      vertex 0 10.0272 49.6
      vertex 0 2 49.6
    endloop
  endfacet
  facet normal 0 0 1
    outer loop
      vertex 0.0681458 1.48236 49.6
      vertex 0 2 49.6
      vertex 0.0171051 1.73895 49.6
    endloop
  endfacet
  facet normal -0 0 1
    outer loop
      vertex 4.1 0.799999 49.6
      vertex 10.0272 0 49.6
      vertex 10.0272 0.799999 49.6
    endloop
  endfacet
  facet normal 0 0 1
    outer loop
      vertex 2 0 49.6
      vertex 4.1 0.799999 49.6
      vertex 3.66926 0.828228 49.6
    endloop
  endfacet
  facet normal 0 0 1
    outer loop
      vertex 2 0 49.6
      vertex 3.2459 0.912441 49.6
      vertex 2.83715 1.0512 49.6
    endloop
  endfacet
  facet normal 0 0 1
    outer loop
      vertex 2 0 49.6
      vertex 2.83715 1.0512 49.6
      vertex 2.45001 1.24212 49.6
    endloop
  endfacet
  facet normal 0 0 1
    outer loop
      vertex 4.1 0.799999 49.6
      vertex 2 0 49.6
      vertex 10.0272 0 49.6
    endloop
  endfacet
  facet normal 0 0 1
    outer loop
      vertex 3.2459 0.912441 49.6
      vertex 2 0 49.6
      vertex 3.66926 0.828228 49.6
    endloop
  endfacet
  facet normal 0 0 1
    outer loop
      vertex 2.09109 1.48193 49.6
      vertex 1.73895 0.0171051 49.6
      vertex 2.45001 1.24212 49.6
    endloop
  endfacet
  facet normal 0 0 1
    outer loop
      vertex 1 0.267944 49.6
      vertex 2.09109 1.48193 49.6
      vertex 1.76655 1.76655 49.6
    endloop
  endfacet
  facet normal 0 0 1
    outer loop
      vertex 2.45001 1.24212 49.6
      vertex 1.73895 0.0171051 49.6
      vertex 2 0 49.6
    endloop
  endfacet
  facet normal 0 0 1
    outer loop
      vertex 2.09109 1.48193 49.6
      vertex 1.48236 0.0681458 49.6
      vertex 1.73895 0.0171051 49.6
    endloop
  endfacet
  facet normal 0 0 1
    outer loop
      vertex 0.782471 0.4133 49.6
      vertex 1.76655 1.76655 49.6
      vertex 1.48193 2.09109 49.6
    endloop
  endfacet
  facet normal 0 0 1
    outer loop
      vertex 0.782471 0.4133 49.6
      vertex 1.48193 2.09109 49.6
      vertex 1.24212 2.45001 49.6
    endloop
  endfacet
  facet normal 0 0 1
    outer loop
      vertex 2.09109 1.48193 49.6
      vertex 1.23463 0.152237 49.6
      vertex 1.48236 0.0681458 49.6
    endloop
  endfacet
  facet normal 0 0 1
    outer loop
      vertex 0.782471 0.4133 49.6
      vertex 1.24212 2.45001 49.6
      vertex 1.0512 2.83715 49.6
    endloop
  endfacet
  facet normal 0 0 1
    outer loop
      vertex 2.09109 1.48193 49.6
      vertex 1 0.267944 49.6
      vertex 1.23463 0.152237 49.6
    endloop
  endfacet
  facet normal 0 0 1
    outer loop
      vertex 0.782471 0.4133 49.6
      vertex 1.0512 2.83715 49.6
      vertex 0.912441 3.2459 49.6
    endloop
  endfacet
  facet normal 0 0 1
    outer loop
      vertex 0.782471 0.4133 49.6
      vertex 0.912441 3.2459 49.6
      vertex 0.828228 3.66926 49.6
    endloop
  endfacet
  facet normal 0 0 1
    outer loop
      vertex 0.782471 0.4133 49.6
      vertex 0.828228 3.66926 49.6
      vertex 0.799999 4.1 49.6
    endloop
  endfacet
  facet normal 0 0 1
    outer loop
      vertex 1.76655 1.76655 49.6
      vertex 0.782471 0.4133 49.6
      vertex 1 0.267944 49.6
    endloop
  endfacet
  facet normal 0 0 1
    outer loop
      vertex 97 70 49.6
      vertex 96.1718 68.3307 49.6
      vertex 96.2 67.9 49.6
    endloop
  endfacet
  facet normal 0 0 1
    outer loop
      vertex 97 70 49.6
      vertex 96.0875 68.7541 49.6
      vertex 96.1718 68.3307 49.6
    endloop
  endfacet
  facet normal 0 0 1
    outer loop
      vertex 95.2334 70.2334 49.6
      vertex 96.2175 71.5867 49.6
      vertex 96 71.7321 49.6
    endloop
  endfacet
  facet normal 0 0 1
    outer loop
      vertex 97 70 49.6
      vertex 95.9488 69.1628 49.6
      vertex 96.0875 68.7541 49.6
    endloop
  endfacet
  facet normal 0 0 1
    outer loop
      vertex 94.9089 70.5181 49.6
      vertex 96 71.7321 49.6
      vertex 95.7654 71.8478 49.6
    endloop
  endfacet
  facet normal 0 0 1
    outer loop
      vertex 97 70 49.6
      vertex 95.7579 69.55 49.6
      vertex 95.9488 69.1628 49.6
    endloop
  endfacet
  facet normal 0 0 1
    outer loop
      vertex 96.9829 70.261 49.6
      vertex 95.7579 69.55 49.6
      vertex 97 70 49.6
    endloop
  endfacet
  facet normal 0 0 1
    outer loop
      vertex 94.9089 70.5181 49.6
      vertex 95.7654 71.8478 49.6
      vertex 95.5176 71.9319 49.6
    endloop
  endfacet
  facet normal 0 0 1
    outer loop
      vertex 94.9089 70.5181 49.6
      vertex 95.5176 71.9319 49.6
      vertex 95.261 71.9829 49.6
    endloop
  endfacet
  facet normal 0 0 1
    outer loop
      vertex 96.2175 71.5867 49.6
      vertex 95.2334 70.2334 49.6
      vertex 95.5181 69.9089 49.6
    endloop
  endfacet
  facet normal 0 0 1
    outer loop
      vertex 94.55 70.7579 49.6
      vertex 95.261 71.9829 49.6
      vertex 95 72 49.6
    endloop
  endfacet
  facet normal 0 0 1
    outer loop
      vertex 96 71.7321 49.6
      vertex 94.9089 70.5181 49.6
      vertex 95.2334 70.2334 49.6
    endloop
  endfacet
  facet normal 0 0 1
    outer loop
      vertex 95.261 71.9829 49.6
      vertex 94.55 70.7579 49.6
      vertex 94.9089 70.5181 49.6
    endloop
  endfacet
  facet normal 0 0 1
    outer loop
      vertex 95 72 49.6
      vertex 94.1628 70.9488 49.6
      vertex 94.55 70.7579 49.6
    endloop
  endfacet
  facet normal 0 0 1
    outer loop
      vertex 95 72 49.6
      vertex 93.7541 71.0875 49.6
      vertex 94.1628 70.9488 49.6
    endloop
  endfacet
  facet normal 0 0 1
    outer loop
      vertex 95 72 49.6
      vertex 93.3307 71.1718 49.6
      vertex 93.7541 71.0875 49.6
    endloop
  endfacet
  facet normal 0 0 1
    outer loop
      vertex 95 72 49.6
      vertex 92.9 71.2 49.6
      vertex 93.3307 71.1718 49.6
    endloop
  endfacet
  facet normal -0 0 1
    outer loop
      vertex 86.973 72 49.6
      vertex 92.9 71.2 49.6
      vertex 95 72 49.6
    endloop
  endfacet
  facet normal 0 0 1
    outer loop
      vertex 92.9 71.2 49.6
      vertex 86.973 72 49.6
      vertex 86.973 71.2 49.6
    endloop
  endfacet
  facet normal 0 0 1
    outer loop
      vertex 96.9319 70.5176 49.6
      vertex 95.5181 69.9089 49.6
      vertex 96.9829 70.261 49.6
    endloop
  endfacet
  facet normal 0 0 1
    outer loop
      vertex 96.8478 70.7654 49.6
      vertex 95.5181 69.9089 49.6
      vertex 96.9319 70.5176 49.6
    endloop
  endfacet
  facet normal 0 0 1
    outer loop
      vertex 96.7321 71 49.6
      vertex 95.5181 69.9089 49.6
      vertex 96.8478 70.7654 49.6
    endloop
  endfacet
  facet normal 0 0 1
    outer loop
      vertex 96.5867 71.2175 49.6
      vertex 95.5181 69.9089 49.6
      vertex 96.7321 71 49.6
    endloop
  endfacet
  facet normal 0 0 1
    outer loop
      vertex 96.4142 71.4142 49.6
      vertex 95.5181 69.9089 49.6
      vertex 96.5867 71.2175 49.6
    endloop
  endfacet
  facet normal 0 0 1
    outer loop
      vertex 95.5181 69.9089 49.6
      vertex 96.4142 71.4142 49.6
      vertex 96.2175 71.5867 49.6
    endloop
  endfacet
  facet normal 0 -0 1
    outer loop
      vertex 95.7579 69.55 49.6
      vertex 96.9829 70.261 49.6
      vertex 95.5181 69.9089 49.6
    endloop
  endfacet
  facet normal 0 0 1
    outer loop
      vertex 97 70 49.6
      vertex 96.2 67.9 49.6
      vertex 97 61.973 49.6
    endloop
  endfacet
  facet normal 0 0 1
    outer loop
      vertex 97 61.973 49.6
      vertex 96.2 67.9 49.6
      vertex 96.2 61.973 49.6
    endloop
  endfacet
  facet normal -0.997861 0 0.065374
    outer loop
      vertex 86.9658 72 49.4901
      vertex 86.973 71.2 49.6
      vertex 86.973 72 49.6
    endloop
  endfacet
  facet normal -0.997861 0 0.065374
    outer loop
      vertex 86.973 71.2 49.6
      vertex 86.9658 72 49.4901
      vertex 86.9658 71.1648 49.4901
    endloop
  endfacet
  facet normal -0.985872 0 0.167501
    outer loop
      vertex 86.9159 72 49.1964
      vertex 86.9658 71.1648 49.4901
      vertex 86.9658 72 49.4901
    endloop
  endfacet
  facet normal -0.985872 0 0.167501
    outer loop
      vertex 86.9658 71.1648 49.4901
      vertex 86.9159 72 49.1964
      vertex 86.9159 71.0708 49.1964
    endloop
  endfacet
  facet normal -0.978981 -2.92694e-05 0.203953
    outer loop
      vertex 86.4792 70.4 47.1
      vertex 86.9159 72 49.1964
      vertex 77.6634 72 4.78418
    endloop
  endfacet
  facet normal -0.97898 0 0.203954
    outer loop
      vertex 86.4792 70.4 47.1
      vertex 77.6634 72 4.78418
      vertex 77.6634 70.4 4.78418
    endloop
  endfacet
  facet normal -0.978985 0 0.203932
    outer loop
      vertex 86.9159 72 49.1964
      vertex 86.4792 70.4 47.1
      vertex 86.9159 71.0708 49.1964
    endloop
  endfacet
  facet normal -0.963538 0 0.26757
    outer loop
      vertex 77.5234 70.4 4.28003
      vertex 77.6634 72 4.78418
      vertex 77.5234 72 4.28003
    endloop
  endfacet
  facet normal -0.963538 0 0.26757
    outer loop
      vertex 77.6634 72 4.78418
      vertex 77.5234 70.4 4.28003
      vertex 77.6634 70.4 4.78418
    endloop
  endfacet
  facet normal -0.920377 0 0.391032
    outer loop
      vertex 77.3188 70.4 3.79846
      vertex 77.5234 72 4.28003
      vertex 77.3188 72 3.79846
    endloop
  endfacet
  facet normal -0.920377 0 0.391032
    outer loop
      vertex 77.5234 72 4.28003
      vertex 77.3188 70.4 3.79846
      vertex 77.5234 70.4 4.28003
    endloop
  endfacet
  facet normal -0.861467 0 0.507813
    outer loop
      vertex 77.0531 70.4 3.34772
      vertex 77.3188 72 3.79846
      vertex 77.0531 72 3.34772
    endloop
  endfacet
  facet normal -0.861467 0 0.507813
    outer loop
      vertex 77.3188 72 3.79846
      vertex 77.0531 70.4 3.34772
      vertex 77.3188 70.4 3.79846
    endloop
  endfacet
  facet normal -0.787775 0 0.615963
    outer loop
      vertex 76.7308 70.4 2.93552
      vertex 77.0531 72 3.34772
      vertex 76.7308 72 2.93552
    endloop
  endfacet
  facet normal -0.787775 0 0.615963
    outer loop
      vertex 77.0531 72 3.34772
      vertex 76.7308 70.4 2.93552
      vertex 77.0531 70.4 3.34772
    endloop
  endfacet
  facet normal -0.700704 0 0.713452
    outer loop
      vertex 76.3575 72 2.56889
      vertex 76.7308 70.4 2.93552
      vertex 76.7308 72 2.93552
    endloop
  endfacet
  facet normal -0.700704 0 0.713452
    outer loop
      vertex 76.7308 70.4 2.93552
      vertex 76.3575 72 2.56889
      vertex 76.3575 70.4 2.56889
    endloop
  endfacet
  facet normal -0.601607 0 0.798792
    outer loop
      vertex 75.9396 72 2.25415
      vertex 76.3575 70.4 2.56889
      vertex 76.3575 72 2.56889
    endloop
  endfacet
  facet normal -0.601607 0 0.798792
    outer loop
      vertex 76.3575 70.4 2.56889
      vertex 75.9396 72 2.25415
      vertex 75.9396 70.4 2.25415
    endloop
  endfacet
  facet normal -0.492135 0 0.870519
    outer loop
      vertex 75.4841 72 1.99664
      vertex 75.9396 70.4 2.25415
      vertex 75.9396 72 2.25415
    endloop
  endfacet
  facet normal -0.492135 0 0.870519
    outer loop
      vertex 75.9396 70.4 2.25415
      vertex 75.4841 72 1.99664
      vertex 75.4841 70.4 1.99664
    endloop
  endfacet
  facet normal -0.374289 0 0.927312
    outer loop
      vertex 74.9989 72 1.8008
      vertex 75.4841 70.4 1.99664
      vertex 75.4841 72 1.99664
    endloop
  endfacet
  facet normal -0.374289 0 0.927312
    outer loop
      vertex 75.4841 70.4 1.99664
      vertex 74.9989 72 1.8008
      vertex 74.9989 70.4 1.8008
    endloop
  endfacet
  facet normal -0.250083 0 0.968224
    outer loop
      vertex 74.4923 72 1.66995
      vertex 74.9989 70.4 1.8008
      vertex 74.9989 72 1.8008
    endloop
  endfacet
  facet normal -0.250083 0 0.968224
    outer loop
      vertex 74.9989 70.4 1.8008
      vertex 74.4923 72 1.66995
      vertex 74.4923 70.4 1.66995
    endloop
  endfacet
  facet normal -0.0935063 0 0.995619
    outer loop
      vertex 73.7475 72 1.6
      vertex 74.4923 70.4 1.66995
      vertex 74.4923 72 1.66995
    endloop
  endfacet
  facet normal -0.0935063 0 0.995619
    outer loop
      vertex 74.4923 70.4 1.66995
      vertex 73.7475 72 1.6
      vertex 73.7475 70.4 1.6
    endloop
  endfacet
  facet normal 0.0654151 0 0.997858
    outer loop
      vertex 22.7304 72 1.63422
      vertex 23.2524 70.4 1.6
      vertex 23.2524 72 1.6
    endloop
  endfacet
  facet normal 0.0654151 0 0.997858
    outer loop
      vertex 23.2524 70.4 1.6
      vertex 22.7304 72 1.63422
      vertex 22.7304 70.4 1.63422
    endloop
  endfacet
  facet normal 0.195087 0 0.980786
    outer loop
      vertex 22.2173 72 1.73628
      vertex 22.7304 70.4 1.63422
      vertex 22.7304 72 1.63422
    endloop
  endfacet
  facet normal 0.195087 0 0.980786
    outer loop
      vertex 22.7304 70.4 1.63422
      vertex 22.2173 72 1.73628
      vertex 22.2173 70.4 1.73628
    endloop
  endfacet
  facet normal 0.32144 0 0.94693
    outer loop
      vertex 21.7218 72 1.90448
      vertex 22.2173 70.4 1.73628
      vertex 22.2173 72 1.73628
    endloop
  endfacet
  facet normal 0.32144 0 0.94693
    outer loop
      vertex 22.2173 70.4 1.73628
      vertex 21.7218 72 1.90448
      vertex 21.7218 70.4 1.90448
    endloop
  endfacet
  facet normal 0.442253 0 0.89689
    outer loop
      vertex 21.2525 72 2.13589
      vertex 21.7218 70.4 1.90448
      vertex 21.7218 72 1.90448
    endloop
  endfacet
  facet normal 0.442253 0 0.89689
    outer loop
      vertex 21.7218 70.4 1.90448
      vertex 21.2525 72 2.13589
      vertex 21.2525 70.4 2.13589
    endloop
  endfacet
  facet normal 0.5556 0 0.83145
    outer loop
      vertex 20.8175 72 2.42657
      vertex 21.2525 70.4 2.13589
      vertex 21.2525 72 2.13589
    endloop
  endfacet
  facet normal 0.5556 0 0.83145
    outer loop
      vertex 21.2525 70.4 2.13589
      vertex 20.8175 72 2.42657
      vertex 20.8175 70.4 2.42657
    endloop
  endfacet
  facet normal 0.659332 0 0.751852
    outer loop
      vertex 20.4241 72 2.77156
      vertex 20.8175 70.4 2.42657
      vertex 20.8175 72 2.42657
    endloop
  endfacet
  facet normal 0.659332 0 0.751852
    outer loop
      vertex 20.8175 70.4 2.42657
      vertex 20.4241 72 2.77156
      vertex 20.4241 70.4 2.77156
    endloop
  endfacet
  facet normal 0.751834 -0 0.659353
    outer loop
      vertex 20.0791 70.4 3.16495
      vertex 20.4241 72 2.77156
      vertex 20.0791 72 3.16495
    endloop
  endfacet
  facet normal 0.751834 0 0.659353
    outer loop
      vertex 20.4241 72 2.77156
      vertex 20.0791 70.4 3.16495
      vertex 20.4241 70.4 2.77156
    endloop
  endfacet
  facet normal 0.831544 -0 0.555459
    outer loop
      vertex 19.7885 70.4 3.59999
      vertex 20.0791 72 3.16495
      vertex 19.7885 72 3.59999
    endloop
  endfacet
  facet normal 0.831544 0 0.555459
    outer loop
      vertex 20.0791 72 3.16495
      vertex 19.7885 70.4 3.59999
      vertex 20.0791 70.4 3.16495
    endloop
  endfacet
  facet normal 0.896811 -0 0.442414
    outer loop
      vertex 19.557 70.4 4.06926
      vertex 19.7885 72 3.59999
      vertex 19.557 72 4.06926
    endloop
  endfacet
  facet normal 0.896811 0 0.442414
    outer loop
      vertex 19.7885 72 3.59999
      vertex 19.557 70.4 4.06926
      vertex 19.7885 70.4 3.59999
    endloop
  endfacet
  facet normal 0.955619 -0 0.294604
    outer loop
      vertex 19.3366 70.4 4.78418
      vertex 19.557 72 4.06926
      vertex 19.3366 72 4.78418
    endloop
  endfacet
  facet normal 0.955619 0 0.294604
    outer loop
      vertex 19.557 72 4.06926
      vertex 19.3366 70.4 4.78418
      vertex 19.557 70.4 4.06926
    endloop
  endfacet
  facet normal 0.978985 0 0.203932
    outer loop
      vertex 10.5208 70.4 47.1
      vertex 10.0841 72 49.1964
      vertex 10.0841 71.0708 49.1964
    endloop
  endfacet
  facet normal 0.978981 -2.92694e-05 0.203953
    outer loop
      vertex 10.0841 72 49.1964
      vertex 10.5208 70.4 47.1
      vertex 19.3366 72 4.78418
    endloop
  endfacet
  facet normal 0.97898 0 0.203954
    outer loop
      vertex 19.3366 72 4.78418
      vertex 10.5208 70.4 47.1
      vertex 19.3366 70.4 4.78418
    endloop
  endfacet
  facet normal 0.990208 -0 0.139601
    outer loop
      vertex 10.0272 71.2 49.6
      vertex 10.0841 72 49.1964
      vertex 10.0272 72 49.6
    endloop
  endfacet
  facet normal 0.990208 0 0.139601
    outer loop
      vertex 10.0841 72 49.1964
      vertex 10.0272 71.2 49.6
      vertex 10.0841 71.0708 49.1964
    endloop
  endfacet
  facet normal 0 0 1
    outer loop
      vertex 10.0272 72 49.6
      vertex 4.1 71.2 49.6
      vertex 10.0272 71.2 49.6
    endloop
  endfacet
  facet normal -0 0 1
    outer loop
      vertex 2 72 49.6
      vertex 4.1 71.2 49.6
      vertex 10.0272 72 49.6
    endloop
  endfacet
  facet normal 0 0 1
    outer loop
      vertex 4.1 71.2 49.6
      vertex 2 72 49.6
      vertex 3.66926 71.1718 49.6
    endloop
  endfacet
  facet normal 0 0 1
    outer loop
      vertex 2 72 49.6
      vertex 3.2459 71.0875 49.6
      vertex 3.66926 71.1718 49.6
    endloop
  endfacet
  facet normal 0 0 1
    outer loop
      vertex 2 72 49.6
      vertex 2.83715 70.9488 49.6
      vertex 3.2459 71.0875 49.6
    endloop
  endfacet
  facet normal 0 0 1
    outer loop
      vertex 2 72 49.6
      vertex 2.45001 70.7579 49.6
      vertex 2.83715 70.9488 49.6
    endloop
  endfacet
  facet normal -0 0 1
    outer loop
      vertex 1.73895 71.9829 49.6
      vertex 2.45001 70.7579 49.6
      vertex 2 72 49.6
    endloop
  endfacet
  facet normal 0 0 1
    outer loop
      vertex 2.45001 70.7579 49.6
      vertex 1.73895 71.9829 49.6
      vertex 2.09109 70.5181 49.6
    endloop
  endfacet
  facet normal -0 0 1
    outer loop
      vertex 1.48236 71.9319 49.6
      vertex 2.09109 70.5181 49.6
      vertex 1.73895 71.9829 49.6
    endloop
  endfacet
  facet normal -0 0 1
    outer loop
      vertex 1.23463 71.8478 49.6
      vertex 2.09109 70.5181 49.6
      vertex 1.48236 71.9319 49.6
    endloop
  endfacet
  facet normal -0 0 1
    outer loop
      vertex 1 71.7321 49.6
      vertex 2.09109 70.5181 49.6
      vertex 1.23463 71.8478 49.6
    endloop
  endfacet
  facet normal 0 0 1
    outer loop
      vertex 2.09109 70.5181 49.6
      vertex 1 71.7321 49.6
      vertex 1.76655 70.2334 49.6
    endloop
  endfacet
  facet normal -0 0 1
    outer loop
      vertex 0.782471 71.5867 49.6
      vertex 1.76655 70.2334 49.6
      vertex 1 71.7321 49.6
    endloop
  endfacet
  facet normal -0 0 1
    outer loop
      vertex 0.585785 71.4142 49.6
      vertex 1.76655 70.2334 49.6
      vertex 0.782471 71.5867 49.6
    endloop
  endfacet
  facet normal -0 0 1
    outer loop
      vertex 0.4133 71.2175 49.6
      vertex 1.76655 70.2334 49.6
      vertex 0.585785 71.4142 49.6
    endloop
  endfacet
  facet normal -0 0 1
    outer loop
      vertex 0.267944 71 49.6
      vertex 1.76655 70.2334 49.6
      vertex 0.4133 71.2175 49.6
    endloop
  endfacet
  facet normal 0 0 1
    outer loop
      vertex 1.76655 70.2334 49.6
      vertex 0.267944 71 49.6
      vertex 1.48193 69.9089 49.6
    endloop
  endfacet
  facet normal -0 0 1
    outer loop
      vertex 0.152237 70.7654 49.6
      vertex 1.48193 69.9089 49.6
      vertex 0.267944 71 49.6
    endloop
  endfacet
  facet normal -0 0 1
    outer loop
      vertex 0.0681458 70.5176 49.6
      vertex 1.48193 69.9089 49.6
      vertex 0.152237 70.7654 49.6
    endloop
  endfacet
  facet normal 0 -0 1
    outer loop
      vertex 0.828228 68.3307 49.6
      vertex 0.912441 68.7541 49.6
      vertex 0 70 49.6
    endloop
  endfacet
  facet normal -0 0 1
    outer loop
      vertex 0.0171051 70.261 49.6
      vertex 1.48193 69.9089 49.6
      vertex 0.0681458 70.5176 49.6
    endloop
  endfacet
  facet normal 0 0 1
    outer loop
      vertex 0.828228 68.3307 49.6
      vertex 0 70 49.6
      vertex 0.799999 67.9 49.6
    endloop
  endfacet
  facet normal 0 0 1
    outer loop
      vertex 1.48193 69.9089 49.6
      vertex 0.0171051 70.261 49.6
      vertex 1.24212 69.55 49.6
    endloop
  endfacet
  facet normal -0 0 1
    outer loop
      vertex 0 70 49.6
      vertex 1.24212 69.55 49.6
      vertex 0.0171051 70.261 49.6
    endloop
  endfacet
  facet normal 0 0 1
    outer loop
      vertex 1.24212 69.55 49.6
      vertex 0 70 49.6
      vertex 1.0512 69.1628 49.6
    endloop
  endfacet
  facet normal 0 -0 1
    outer loop
      vertex 0.912441 68.7541 49.6
      vertex 1.0512 69.1628 49.6
      vertex 0 70 49.6
    endloop
  endfacet
  facet normal 0 0 1
    outer loop
      vertex 0 61.973 49.6
      vertex 0.799999 67.9 49.6
      vertex 0 70 49.6
    endloop
  endfacet
  facet normal 0 0 1
    outer loop
      vertex 0.799999 67.9 49.6
      vertex 0 61.973 49.6
      vertex 0.799999 61.973 49.6
    endloop
  endfacet
  facet normal 0 -0.997861 0.065374
    outer loop
      vertex 0 61.9658 49.4901
      vertex 0.799999 61.973 49.6
      vertex 0 61.973 49.6
    endloop
  endfacet
  facet normal 0 -0.997861 0.065374
    outer loop
      vertex 0.799999 61.973 49.6
      vertex 0 61.9658 49.4901
      vertex 0.835155 61.9658 49.4901
    endloop
  endfacet
  facet normal 0 -0.985872 0.167501
    outer loop
      vertex 0 61.9159 49.1964
      vertex 0.835155 61.9658 49.4901
      vertex 0 61.9658 49.4901
    endloop
  endfacet
  facet normal 0 -0.985872 0.167501
    outer loop
      vertex 0.835155 61.9658 49.4901
      vertex 0 61.9159 49.1964
      vertex 0.92914 61.9159 49.1964
    endloop
  endfacet
  facet normal 0 -0.978985 0.203932
    outer loop
      vertex 0 61.9159 49.1964
      vertex 1.6 61.4792 47.1
      vertex 0.92914 61.9159 49.1964
    endloop
  endfacet
  facet normal 2.92694e-05 -0.978981 0.203953
    outer loop
      vertex 0 52.6634 4.78418
      vertex 1.6 61.4792 47.1
      vertex 0 61.9159 49.1964
    endloop
  endfacet
  facet normal 0 -0.97898 0.203954
    outer loop
      vertex 1.6 61.4792 47.1
      vertex 0 52.6634 4.78418
      vertex 1.6 52.6634 4.78418
    endloop
  endfacet
  facet normal 0 -0.963538 0.26757
    outer loop
      vertex 0 52.5234 4.28003
      vertex 1.6 52.6634 4.78418
      vertex 0 52.6634 4.78418
    endloop
  endfacet
  facet normal 0 -0.963538 0.26757
    outer loop
      vertex 1.6 52.6634 4.78418
      vertex 0 52.5234 4.28003
      vertex 1.6 52.5234 4.28003
    endloop
  endfacet
  facet normal 0 -0.920377 0.391032
    outer loop
      vertex 0 52.3188 3.79846
      vertex 1.6 52.5234 4.28003
      vertex 0 52.5234 4.28003
    endloop
  endfacet
  facet normal 0 -0.920377 0.391032
    outer loop
      vertex 1.6 52.5234 4.28003
      vertex 0 52.3188 3.79846
      vertex 1.6 52.3188 3.79846
    endloop
  endfacet
  facet normal 0 -0.861467 0.507813
    outer loop
      vertex 0 52.0531 3.34772
      vertex 1.6 52.3188 3.79846
      vertex 0 52.3188 3.79846
    endloop
  endfacet
  facet normal 0 -0.861467 0.507813
    outer loop
      vertex 1.6 52.3188 3.79846
      vertex 0 52.0531 3.34772
      vertex 1.6 52.0531 3.34772
    endloop
  endfacet
  facet normal 0 -0.787775 0.615963
    outer loop
      vertex 0 51.7308 2.93552
      vertex 1.6 52.0531 3.34772
      vertex 0 52.0531 3.34772
    endloop
  endfacet
  facet normal 0 -0.787775 0.615963
    outer loop
      vertex 1.6 52.0531 3.34772
      vertex 0 51.7308 2.93552
      vertex 1.6 51.7308 2.93552
    endloop
  endfacet
  facet normal 0 -0.700704 0.713452
    outer loop
      vertex 0 51.7308 2.93552
      vertex 1.6 51.3575 2.56889
      vertex 1.6 51.7308 2.93552
    endloop
  endfacet
  facet normal 0 -0.700704 0.713452
    outer loop
      vertex 1.6 51.3575 2.56889
      vertex 0 51.7308 2.93552
      vertex 0 51.3575 2.56889
    endloop
  endfacet
  facet normal 0 -0.601607 0.798792
    outer loop
      vertex 0 51.3575 2.56889
      vertex 1.6 50.9396 2.25415
      vertex 1.6 51.3575 2.56889
    endloop
  endfacet
  facet normal 0 -0.601607 0.798792
    outer loop
      vertex 1.6 50.9396 2.25415
      vertex 0 51.3575 2.56889
      vertex 0 50.9396 2.25415
    endloop
  endfacet
  facet normal 0 -0.492135 0.870519
    outer loop
      vertex 0 50.9396 2.25415
      vertex 1.6 50.4841 1.99664
      vertex 1.6 50.9396 2.25415
    endloop
  endfacet
  facet normal 0 -0.492135 0.870519
    outer loop
      vertex 1.6 50.4841 1.99664
      vertex 0 50.9396 2.25415
      vertex 0 50.4841 1.99664
    endloop
  endfacet
  facet normal 0 -0.374289 0.927312
    outer loop
      vertex 0 50.4841 1.99664
      vertex 1.6 49.9989 1.8008
      vertex 1.6 50.4841 1.99664
    endloop
  endfacet
  facet normal 0 -0.374289 0.927312
    outer loop
      vertex 1.6 49.9989 1.8008
      vertex 0 50.4841 1.99664
      vertex 0 49.9989 1.8008
    endloop
  endfacet
  facet normal 0 -0.250083 0.968224
    outer loop
      vertex 0 49.9989 1.8008
      vertex 1.6 49.4923 1.66995
      vertex 1.6 49.9989 1.8008
    endloop
  endfacet
  facet normal 0 -0.250083 0.968224
    outer loop
      vertex 1.6 49.4923 1.66995
      vertex 0 49.9989 1.8008
      vertex 0 49.4923 1.66995
    endloop
  endfacet
  facet normal 0 -0.0935063 0.995619
    outer loop
      vertex 0 49.4923 1.66995
      vertex 1.6 48.7475 1.6
      vertex 1.6 49.4923 1.66995
    endloop
  endfacet
  facet normal 0 -0.0935063 0.995619
    outer loop
      vertex 1.6 48.7475 1.6
      vertex 0 49.4923 1.66995
      vertex 0 48.7475 1.6
    endloop
  endfacet
  facet normal -0 0.0654151 0.997858
    outer loop
      vertex 0 23.2524 1.6
      vertex 1.6 22.7304 1.63422
      vertex 1.6 23.2524 1.6
    endloop
  endfacet
  facet normal 0 0.0654151 0.997858
    outer loop
      vertex 1.6 22.7304 1.63422
      vertex 0 23.2524 1.6
      vertex 0 22.7304 1.63422
    endloop
  endfacet
  facet normal -0 0.195087 0.980786
    outer loop
      vertex 0 22.7304 1.63422
      vertex 1.6 22.2173 1.73628
      vertex 1.6 22.7304 1.63422
    endloop
  endfacet
  facet normal 0 0.195087 0.980786
    outer loop
      vertex 1.6 22.2173 1.73628
      vertex 0 22.7304 1.63422
      vertex 0 22.2173 1.73628
    endloop
  endfacet
  facet normal -0 0.32144 0.94693
    outer loop
      vertex 0 22.2173 1.73628
      vertex 1.6 21.7218 1.90448
      vertex 1.6 22.2173 1.73628
    endloop
  endfacet
  facet normal 0 0.32144 0.94693
    outer loop
      vertex 1.6 21.7218 1.90448
      vertex 0 22.2173 1.73628
      vertex 0 21.7218 1.90448
    endloop
  endfacet
  facet normal -0 0.442253 0.89689
    outer loop
      vertex 0 21.7218 1.90448
      vertex 1.6 21.2525 2.13589
      vertex 1.6 21.7218 1.90448
    endloop
  endfacet
  facet normal 0 0.442253 0.89689
    outer loop
      vertex 1.6 21.2525 2.13589
      vertex 0 21.7218 1.90448
      vertex 0 21.2525 2.13589
    endloop
  endfacet
  facet normal -0 0.5556 0.83145
    outer loop
      vertex 0 21.2525 2.13589
      vertex 1.6 20.8175 2.42657
      vertex 1.6 21.2525 2.13589
    endloop
  endfacet
  facet normal 0 0.5556 0.83145
    outer loop
      vertex 1.6 20.8175 2.42657
      vertex 0 21.2525 2.13589
      vertex 0 20.8175 2.42657
    endloop
  endfacet
  facet normal -0 0.659332 0.751852
    outer loop
      vertex 0 20.8175 2.42657
      vertex 1.6 20.4241 2.77156
      vertex 1.6 20.8175 2.42657
    endloop
  endfacet
  facet normal 0 0.659332 0.751852
    outer loop
      vertex 1.6 20.4241 2.77156
      vertex 0 20.8175 2.42657
      vertex 0 20.4241 2.77156
    endloop
  endfacet
  facet normal 0 0.751834 0.659353
    outer loop
      vertex 1.6 20.4241 2.77156
      vertex 0 20.0791 3.16495
      vertex 1.6 20.0791 3.16495
    endloop
  endfacet
  facet normal 0 0.751834 0.659353
    outer loop
      vertex 0 20.0791 3.16495
      vertex 1.6 20.4241 2.77156
      vertex 0 20.4241 2.77156
    endloop
  endfacet
  facet normal 0 0.831544 0.555459
    outer loop
      vertex 1.6 20.0791 3.16495
      vertex 0 19.7885 3.59999
      vertex 1.6 19.7885 3.59999
    endloop
  endfacet
  facet normal 0 0.831544 0.555459
    outer loop
      vertex 0 19.7885 3.59999
      vertex 1.6 20.0791 3.16495
      vertex 0 20.0791 3.16495
    endloop
  endfacet
  facet normal 0 0.896811 0.442414
    outer loop
      vertex 1.6 19.7885 3.59999
      vertex 0 19.557 4.06926
      vertex 1.6 19.557 4.06926
    endloop
  endfacet
  facet normal 0 0.896811 0.442414
    outer loop
      vertex 0 19.557 4.06926
      vertex 1.6 19.7885 3.59999
      vertex 0 19.7885 3.59999
    endloop
  endfacet
  facet normal 0 0.955619 0.294604
    outer loop
      vertex 1.6 19.557 4.06926
      vertex 0 19.3366 4.78418
      vertex 1.6 19.3366 4.78418
    endloop
  endfacet
  facet normal 0 0.955619 0.294604
    outer loop
      vertex 0 19.3366 4.78418
      vertex 1.6 19.557 4.06926
      vertex 0 19.557 4.06926
    endloop
  endfacet
  facet normal 0 0.978985 0.203932
    outer loop
      vertex 1.6 10.5208 47.1
      vertex 0 10.0841 49.1964
      vertex 0.92914 10.0841 49.1964
    endloop
  endfacet
  facet normal -0 0.97898 0.203954
    outer loop
      vertex 0 19.3366 4.78418
      vertex 1.6 10.5208 47.1
      vertex 1.6 19.3366 4.78418
    endloop
  endfacet
  facet normal 2.92694e-05 0.978981 0.203953
    outer loop
      vertex 1.6 10.5208 47.1
      vertex 0 19.3366 4.78418
      vertex 0 10.0841 49.1964
    endloop
  endfacet
  facet normal -0 0.990208 0.139601
    outer loop
      vertex 0 10.0841 49.1964
      vertex 0.799999 10.0272 49.6
      vertex 0.92914 10.0841 49.1964
    endloop
  endfacet
  facet normal 0 0.990208 0.139601
    outer loop
      vertex 0.799999 10.0272 49.6
      vertex 0 10.0841 49.1964
      vertex 0 10.0272 49.6
    endloop
  endfacet
  facet normal 0 -0.997861 0.065374
    outer loop
      vertex 97 61.9658 49.4901
      vertex 96.2 61.973 49.6
      vertex 96.1648 61.9658 49.4901
    endloop
  endfacet
  facet normal 0 -0.997861 0.065374
    outer loop
      vertex 96.2 61.973 49.6
      vertex 97 61.9658 49.4901
      vertex 97 61.973 49.6
    endloop
  endfacet
  facet normal 0 -0.985872 0.167501
    outer loop
      vertex 97 61.9159 49.1964
      vertex 96.1648 61.9658 49.4901
      vertex 96.0708 61.9159 49.1964
    endloop
  endfacet
  facet normal 0 -0.985872 0.167501
    outer loop
      vertex 96.1648 61.9658 49.4901
      vertex 97 61.9159 49.1964
      vertex 97 61.9658 49.4901
    endloop
  endfacet
  facet normal 0 -0.978985 0.203932
    outer loop
      vertex 95.4 61.4792 47.1
      vertex 97 61.9159 49.1964
      vertex 96.0708 61.9159 49.1964
    endloop
  endfacet
  facet normal 0 -0.97898 0.203954
    outer loop
      vertex 97 52.6634 4.78418
      vertex 95.4 61.4792 47.1
      vertex 95.4 52.6634 4.78418
    endloop
  endfacet
  facet normal -2.92694e-05 -0.978981 0.203953
    outer loop
      vertex 95.4 61.4792 47.1
      vertex 97 52.6634 4.78418
      vertex 97 61.9159 49.1964
    endloop
  endfacet
  facet normal 0 -0.963538 0.26757
    outer loop
      vertex 95.4 52.5234 4.28003
      vertex 97 52.6634 4.78418
      vertex 95.4 52.6634 4.78418
    endloop
  endfacet
  facet normal 0 -0.963538 0.26757
    outer loop
      vertex 97 52.6634 4.78418
      vertex 95.4 52.5234 4.28003
      vertex 97 52.5234 4.28003
    endloop
  endfacet
  facet normal 0 -0.920377 0.391032
    outer loop
      vertex 95.4 52.3188 3.79846
      vertex 97 52.5234 4.28003
      vertex 95.4 52.5234 4.28003
    endloop
  endfacet
  facet normal 0 -0.920377 0.391032
    outer loop
      vertex 97 52.5234 4.28003
      vertex 95.4 52.3188 3.79846
      vertex 97 52.3188 3.79846
    endloop
  endfacet
  facet normal 0 -0.861467 0.507813
    outer loop
      vertex 95.4 52.0531 3.34772
      vertex 97 52.3188 3.79846
      vertex 95.4 52.3188 3.79846
    endloop
  endfacet
  facet normal 0 -0.861467 0.507813
    outer loop
      vertex 97 52.3188 3.79846
      vertex 95.4 52.0531 3.34772
      vertex 97 52.0531 3.34772
    endloop
  endfacet
  facet normal 0 -0.787775 0.615963
    outer loop
      vertex 95.4 51.7308 2.93552
      vertex 97 52.0531 3.34772
      vertex 95.4 52.0531 3.34772
    endloop
  endfacet
  facet normal 0 -0.787775 0.615963
    outer loop
      vertex 97 52.0531 3.34772
      vertex 95.4 51.7308 2.93552
      vertex 97 51.7308 2.93552
    endloop
  endfacet
  facet normal 0 -0.700704 0.713452
    outer loop
      vertex 95.4 51.7308 2.93552
      vertex 97 51.3575 2.56889
      vertex 97 51.7308 2.93552
    endloop
  endfacet
  facet normal 0 -0.700704 0.713452
    outer loop
      vertex 97 51.3575 2.56889
      vertex 95.4 51.7308 2.93552
      vertex 95.4 51.3575 2.56889
    endloop
  endfacet
  facet normal 0 -0.601607 0.798792
    outer loop
      vertex 95.4 51.3575 2.56889
      vertex 97 50.9396 2.25415
      vertex 97 51.3575 2.56889
    endloop
  endfacet
  facet normal 0 -0.601607 0.798792
    outer loop
      vertex 97 50.9396 2.25415
      vertex 95.4 51.3575 2.56889
      vertex 95.4 50.9396 2.25415
    endloop
  endfacet
  facet normal 0 -0.492135 0.870519
    outer loop
      vertex 95.4 50.9396 2.25415
      vertex 97 50.4841 1.99664
      vertex 97 50.9396 2.25415
    endloop
  endfacet
  facet normal 0 -0.492135 0.870519
    outer loop
      vertex 97 50.4841 1.99664
      vertex 95.4 50.9396 2.25415
      vertex 95.4 50.4841 1.99664
    endloop
  endfacet
  facet normal 0 -0.374289 0.927312
    outer loop
      vertex 95.4 50.4841 1.99664
      vertex 97 49.9989 1.8008
      vertex 97 50.4841 1.99664
    endloop
  endfacet
  facet normal 0 -0.374289 0.927312
    outer loop
      vertex 97 49.9989 1.8008
      vertex 95.4 50.4841 1.99664
      vertex 95.4 49.9989 1.8008
    endloop
  endfacet
  facet normal 0 -0.250083 0.968224
    outer loop
      vertex 95.4 49.9989 1.8008
      vertex 97 49.4923 1.66995
      vertex 97 49.9989 1.8008
    endloop
  endfacet
  facet normal 0 -0.250083 0.968224
    outer loop
      vertex 97 49.4923 1.66995
      vertex 95.4 49.9989 1.8008
      vertex 95.4 49.4923 1.66995
    endloop
  endfacet
  facet normal 0 -0.0935063 0.995619
    outer loop
      vertex 95.4 49.4923 1.66995
      vertex 97 48.7475 1.6
      vertex 97 49.4923 1.66995
    endloop
  endfacet
  facet normal 0 -0.0935063 0.995619
    outer loop
      vertex 97 48.7475 1.6
      vertex 95.4 49.4923 1.66995
      vertex 95.4 48.7475 1.6
    endloop
  endfacet
  facet normal -0 0.0654151 0.997858
    outer loop
      vertex 95.4 23.2524 1.6
      vertex 97 22.7304 1.63422
      vertex 97 23.2524 1.6
    endloop
  endfacet
  facet normal 0 0.0654151 0.997858
    outer loop
      vertex 97 22.7304 1.63422
      vertex 95.4 23.2524 1.6
      vertex 95.4 22.7304 1.63422
    endloop
  endfacet
  facet normal -0 0.195087 0.980786
    outer loop
      vertex 95.4 22.7304 1.63422
      vertex 97 22.2173 1.73628
      vertex 97 22.7304 1.63422
    endloop
  endfacet
  facet normal 0 0.195087 0.980786
    outer loop
      vertex 97 22.2173 1.73628
      vertex 95.4 22.7304 1.63422
      vertex 95.4 22.2173 1.73628
    endloop
  endfacet
  facet normal -0 0.32144 0.94693
    outer loop
      vertex 95.4 22.2173 1.73628
      vertex 97 21.7218 1.90448
      vertex 97 22.2173 1.73628
    endloop
  endfacet
  facet normal 0 0.32144 0.94693
    outer loop
      vertex 97 21.7218 1.90448
      vertex 95.4 22.2173 1.73628
      vertex 95.4 21.7218 1.90448
    endloop
  endfacet
  facet normal -0 0.442253 0.89689
    outer loop
      vertex 95.4 21.7218 1.90448
      vertex 97 21.2525 2.13589
      vertex 97 21.7218 1.90448
    endloop
  endfacet
  facet normal 0 0.442253 0.89689
    outer loop
      vertex 97 21.2525 2.13589
      vertex 95.4 21.7218 1.90448
      vertex 95.4 21.2525 2.13589
    endloop
  endfacet
  facet normal -0 0.5556 0.83145
    outer loop
      vertex 95.4 21.2525 2.13589
      vertex 97 20.8175 2.42657
      vertex 97 21.2525 2.13589
    endloop
  endfacet
  facet normal 0 0.5556 0.83145
    outer loop
      vertex 97 20.8175 2.42657
      vertex 95.4 21.2525 2.13589
      vertex 95.4 20.8175 2.42657
    endloop
  endfacet
  facet normal -0 0.659332 0.751852
    outer loop
      vertex 95.4 20.8175 2.42657
      vertex 97 20.4241 2.77156
      vertex 97 20.8175 2.42657
    endloop
  endfacet
  facet normal 0 0.659332 0.751852
    outer loop
      vertex 97 20.4241 2.77156
      vertex 95.4 20.8175 2.42657
      vertex 95.4 20.4241 2.77156
    endloop
  endfacet
  facet normal 0 0.751834 0.659353
    outer loop
      vertex 97 20.4241 2.77156
      vertex 95.4 20.0791 3.16495
      vertex 97 20.0791 3.16495
    endloop
  endfacet
  facet normal 0 0.751834 0.659353
    outer loop
      vertex 95.4 20.0791 3.16495
      vertex 97 20.4241 2.77156
      vertex 95.4 20.4241 2.77156
    endloop
  endfacet
  facet normal 0 0.831544 0.555459
    outer loop
      vertex 97 20.0791 3.16495
      vertex 95.4 19.7885 3.59999
      vertex 97 19.7885 3.59999
    endloop
  endfacet
  facet normal 0 0.831544 0.555459
    outer loop
      vertex 95.4 19.7885 3.59999
      vertex 97 20.0791 3.16495
      vertex 95.4 20.0791 3.16495
    endloop
  endfacet
  facet normal 0 0.896811 0.442414
    outer loop
      vertex 97 19.7885 3.59999
      vertex 95.4 19.557 4.06926
      vertex 97 19.557 4.06926
    endloop
  endfacet
  facet normal 0 0.896811 0.442414
    outer loop
      vertex 95.4 19.557 4.06926
      vertex 97 19.7885 3.59999
      vertex 95.4 19.7885 3.59999
    endloop
  endfacet
  facet normal 0 0.955619 0.294604
    outer loop
      vertex 97 19.557 4.06926
      vertex 95.4 19.3366 4.78418
      vertex 97 19.3366 4.78418
    endloop
  endfacet
  facet normal 0 0.955619 0.294604
    outer loop
      vertex 95.4 19.3366 4.78418
      vertex 97 19.557 4.06926
      vertex 95.4 19.557 4.06926
    endloop
  endfacet
  facet normal 0 0.978985 0.203932
    outer loop
      vertex 97 10.0841 49.1964
      vertex 95.4 10.5208 47.1
      vertex 96.0708 10.0841 49.1964
    endloop
  endfacet
  facet normal -2.92694e-05 0.978981 0.203953
    outer loop
      vertex 97 19.3366 4.78418
      vertex 95.4 10.5208 47.1
      vertex 97 10.0841 49.1964
    endloop
  endfacet
  facet normal 0 0.97898 0.203954
    outer loop
      vertex 95.4 10.5208 47.1
      vertex 97 19.3366 4.78418
      vertex 95.4 19.3366 4.78418
    endloop
  endfacet
  facet normal 0 0.990208 0.139601
    outer loop
      vertex 97 10.0841 49.1964
      vertex 96.2 10.0272 49.6
      vertex 97 10.0272 49.6
    endloop
  endfacet
  facet normal 0 0.990208 0.139601
    outer loop
      vertex 96.2 10.0272 49.6
      vertex 97 10.0841 49.1964
      vertex 96.0708 10.0841 49.1964
    endloop
  endfacet
  facet normal -0 0 1
    outer loop
      vertex 0 48.7475 1.6
      vertex 1.6 23.2524 1.6
      vertex 1.6 48.7475 1.6
    endloop
  endfacet
  facet normal 0 0 1
    outer loop
      vertex 1.6 23.2524 1.6
      vertex 0 48.7475 1.6
      vertex 0 23.2524 1.6
    endloop
  endfacet
  facet normal -0 0 1
    outer loop
      vertex 95.4 48.7475 1.6
      vertex 97 23.2524 1.6
      vertex 97 48.7475 1.6
    endloop
  endfacet
  facet normal 0 0 1
    outer loop
      vertex 97 23.2524 1.6
      vertex 95.4 48.7475 1.6
      vertex 95.4 23.2524 1.6
    endloop
  endfacet
  facet normal -0 0 1
    outer loop
      vertex 23.2524 1.6 1.6
      vertex 73.7475 0 1.6
      vertex 73.7475 1.6 1.6
    endloop
  endfacet
  facet normal 0 0 1
    outer loop
      vertex 73.7475 0 1.6
      vertex 23.2524 1.6 1.6
      vertex 23.2524 0 1.6
    endloop
  endfacet
  facet normal -0 0 1
    outer loop
      vertex 23.2524 72 1.6
      vertex 73.7475 70.4 1.6
      vertex 73.7475 72 1.6
    endloop
  endfacet
  facet normal 0 0 1
    outer loop
      vertex 73.7475 70.4 1.6
      vertex 23.2524 72 1.6
      vertex 23.2524 70.4 1.6
    endloop
  endfacet
  facet normal 0 0 1
    outer loop
      vertex 11 16.9697 1.6
      vertex 14 12.9282 1.6
      vertex 15 14.6603 1.6
    endloop
  endfacet
  facet normal 0 0 1
    outer loop
      vertex 11 16.9697 1.6
      vertex 10 15.2376 1.6
      vertex 14 12.9282 1.6
    endloop
  endfacet
  facet normal 0 0 1
    outer loop
      vertex 11 21.5885 1.6
      vertex 1.6 23.2524 1.6
      vertex 11 16.9697 1.6
    endloop
  endfacet
  facet normal 0 0 1
    outer loop
      vertex 1.6 23.2524 1.6
      vertex 10 23.3205 1.6
      vertex 6 25.6299 1.6
    endloop
  endfacet
  facet normal 0 0 1
    outer loop
      vertex 11 16.9697 1.6
      vertex 1.6 23.2524 1.6
      vertex 10 15.2376 1.6
    endloop
  endfacet
  facet normal 0 0 1
    outer loop
      vertex 16 42.9504 1.6
      vertex 14 42.9504 1.6
      vertex 15 41.2184 1.6
    endloop
  endfacet
  facet normal 0 0 1
    outer loop
      vertex 14 42.9504 1.6
      vertex 11 38.909 1.6
      vertex 15 41.2184 1.6
    endloop
  endfacet
  facet normal 0 0 1
    outer loop
      vertex 11 38.909 1.6
      vertex 10 40.641 1.6
      vertex 11 34.2902 1.6
    endloop
  endfacet
  facet normal -0 0 1
    outer loop
      vertex 10 40.641 1.6
      vertex 11 38.909 1.6
      vertex 14 42.9504 1.6
    endloop
  endfacet
  facet normal 0 0 1
    outer loop
      vertex 16 25.6299 1.6
      vertex 14 25.6299 1.6
      vertex 15 23.8979 1.6
    endloop
  endfacet
  facet normal 0 0 1
    outer loop
      vertex 14 25.6299 1.6
      vertex 11 21.5885 1.6
      vertex 15 23.8979 1.6
    endloop
  endfacet
  facet normal -0 0 1
    outer loop
      vertex 1.6 23.2524 1.6
      vertex 11 21.5885 1.6
      vertex 10 23.3205 1.6
    endloop
  endfacet
  facet normal -0 0 1
    outer loop
      vertex 10 23.3205 1.6
      vertex 11 21.5885 1.6
      vertex 14 25.6299 1.6
    endloop
  endfacet
  facet normal 0 0 1
    outer loop
      vertex 21 51.6107 1.6
      vertex 19 51.6107 1.6
      vertex 20 49.8786 1.6
    endloop
  endfacet
  facet normal 0 0 1
    outer loop
      vertex 19 51.6107 1.6
      vertex 16 47.5692 1.6
      vertex 20 49.8786 1.6
    endloop
  endfacet
  facet normal 0 0 1
    outer loop
      vertex 14 47.5692 1.6
      vertex 16 47.5692 1.6
      vertex 15 49.3013 1.6
    endloop
  endfacet
  facet normal -0 0 1
    outer loop
      vertex 15 49.3013 1.6
      vertex 16 47.5692 1.6
      vertex 19 51.6107 1.6
    endloop
  endfacet
  facet normal 0 0 1
    outer loop
      vertex 21 34.2902 1.6
      vertex 19 34.2902 1.6
      vertex 20 32.5581 1.6
    endloop
  endfacet
  facet normal 0 0 1
    outer loop
      vertex 19 34.2902 1.6
      vertex 16 30.2487 1.6
      vertex 20 32.5581 1.6
    endloop
  endfacet
  facet normal 0 0 1
    outer loop
      vertex 14 30.2487 1.6
      vertex 16 30.2487 1.6
      vertex 15 31.9808 1.6
    endloop
  endfacet
  facet normal -0 0 1
    outer loop
      vertex 15 31.9808 1.6
      vertex 16 30.2487 1.6
      vertex 19 34.2902 1.6
    endloop
  endfacet
  facet normal 0 0 1
    outer loop
      vertex 21 16.9697 1.6
      vertex 19 16.9697 1.6
      vertex 20 15.2376 1.6
    endloop
  endfacet
  facet normal 0 0 1
    outer loop
      vertex 19 16.9697 1.6
      vertex 16 12.9282 1.6
      vertex 20 15.2376 1.6
    endloop
  endfacet
  facet normal 0 0 1
    outer loop
      vertex 14 12.9282 1.6
      vertex 16 12.9282 1.6
      vertex 15 14.6603 1.6
    endloop
  endfacet
  facet normal -0 0 1
    outer loop
      vertex 15 14.6603 1.6
      vertex 16 12.9282 1.6
      vertex 19 16.9697 1.6
    endloop
  endfacet
  facet normal 0 0 1
    outer loop
      vertex 21 16.9697 1.6
      vertex 24 12.9282 1.6
      vertex 25 14.6603 1.6
    endloop
  endfacet
  facet normal 0 0 1
    outer loop
      vertex 21 16.9697 1.6
      vertex 20 15.2376 1.6
      vertex 24 12.9282 1.6
    endloop
  endfacet
  facet normal 0 0 1
    outer loop
      vertex 21 21.5885 1.6
      vertex 19 21.5885 1.6
      vertex 21 16.9697 1.6
    endloop
  endfacet
  facet normal 0 0 1
    outer loop
      vertex 19 16.9697 1.6
      vertex 21 16.9697 1.6
      vertex 19 21.5885 1.6
    endloop
  endfacet
  facet normal 0 0 1
    outer loop
      vertex 16 25.6299 1.6
      vertex 19 21.5885 1.6
      vertex 20 23.3205 1.6
    endloop
  endfacet
  facet normal 0 0 1
    outer loop
      vertex 16 25.6299 1.6
      vertex 15 23.8979 1.6
      vertex 19 21.5885 1.6
    endloop
  endfacet
  facet normal 0 0 1
    outer loop
      vertex 16 30.2487 1.6
      vertex 14 30.2487 1.6
      vertex 16 25.6299 1.6
    endloop
  endfacet
  facet normal 0 0 1
    outer loop
      vertex 14 25.6299 1.6
      vertex 16 25.6299 1.6
      vertex 14 30.2487 1.6
    endloop
  endfacet
  facet normal 0 0 1
    outer loop
      vertex 11 34.2902 1.6
      vertex 14 30.2487 1.6
      vertex 15 31.9808 1.6
    endloop
  endfacet
  facet normal 0 0 1
    outer loop
      vertex 11 34.2902 1.6
      vertex 10 32.5581 1.6
      vertex 14 30.2487 1.6
    endloop
  endfacet
  facet normal 0 0 1
    outer loop
      vertex 10 40.641 1.6
      vertex 10 32.5581 1.6
      vertex 11 34.2902 1.6
    endloop
  endfacet
  facet normal 0 0 1
    outer loop
      vertex 6 42.9504 1.6
      vertex 10 32.5581 1.6
      vertex 10 40.641 1.6
    endloop
  endfacet
  facet normal 0 0 1
    outer loop
      vertex 10 32.5581 1.6
      vertex 6 42.9504 1.6
      vertex 6 30.2487 1.6
    endloop
  endfacet
  facet normal 0 0 1
    outer loop
      vertex 26 42.9504 1.6
      vertex 24 42.9504 1.6
      vertex 25 41.2184 1.6
    endloop
  endfacet
  facet normal 0 0 1
    outer loop
      vertex 24 42.9504 1.6
      vertex 21 38.909 1.6
      vertex 25 41.2184 1.6
    endloop
  endfacet
  facet normal 0 0 1
    outer loop
      vertex 19 38.909 1.6
      vertex 21 38.909 1.6
      vertex 20 40.641 1.6
    endloop
  endfacet
  facet normal -0 0 1
    outer loop
      vertex 20 40.641 1.6
      vertex 21 38.909 1.6
      vertex 24 42.9504 1.6
    endloop
  endfacet
  facet normal 0 0 1
    outer loop
      vertex 26 25.6299 1.6
      vertex 24 25.6299 1.6
      vertex 25 23.8979 1.6
    endloop
  endfacet
  facet normal 0 0 1
    outer loop
      vertex 24 25.6299 1.6
      vertex 21 21.5885 1.6
      vertex 25 23.8979 1.6
    endloop
  endfacet
  facet normal 0 0 1
    outer loop
      vertex 19 21.5885 1.6
      vertex 21 21.5885 1.6
      vertex 20 23.3205 1.6
    endloop
  endfacet
  facet normal -0 0 1
    outer loop
      vertex 20 23.3205 1.6
      vertex 21 21.5885 1.6
      vertex 24 25.6299 1.6
    endloop
  endfacet
  facet normal 0 0 1
    outer loop
      vertex 31 51.6107 1.6
      vertex 29 51.6107 1.6
      vertex 30 49.8786 1.6
    endloop
  endfacet
  facet normal 0 0 1
    outer loop
      vertex 29 51.6107 1.6
      vertex 26 47.5692 1.6
      vertex 30 49.8786 1.6
    endloop
  endfacet
  facet normal 0 0 1
    outer loop
      vertex 24 47.5692 1.6
      vertex 26 47.5692 1.6
      vertex 25 49.3013 1.6
    endloop
  endfacet
  facet normal -0 0 1
    outer loop
      vertex 25 49.3013 1.6
      vertex 26 47.5692 1.6
      vertex 29 51.6107 1.6
    endloop
  endfacet
  facet normal 0 0 1
    outer loop
      vertex 31 34.2902 1.6
      vertex 29 34.2902 1.6
      vertex 30 32.5581 1.6
    endloop
  endfacet
  facet normal 0 0 1
    outer loop
      vertex 29 34.2902 1.6
      vertex 26 30.2487 1.6
      vertex 30 32.5581 1.6
    endloop
  endfacet
  facet normal 0 0 1
    outer loop
      vertex 24 30.2487 1.6
      vertex 26 30.2487 1.6
      vertex 25 31.9808 1.6
    endloop
  endfacet
  facet normal -0 0 1
    outer loop
      vertex 25 31.9808 1.6
      vertex 26 30.2487 1.6
      vertex 29 34.2902 1.6
    endloop
  endfacet
  facet normal 0 0 1
    outer loop
      vertex 31 16.9697 1.6
      vertex 29 16.9697 1.6
      vertex 30 15.2376 1.6
    endloop
  endfacet
  facet normal 0 0 1
    outer loop
      vertex 29 16.9697 1.6
      vertex 26 12.9282 1.6
      vertex 30 15.2376 1.6
    endloop
  endfacet
  facet normal 0 0 1
    outer loop
      vertex 24 12.9282 1.6
      vertex 26 12.9282 1.6
      vertex 25 14.6603 1.6
    endloop
  endfacet
  facet normal -0 0 1
    outer loop
      vertex 25 14.6603 1.6
      vertex 26 12.9282 1.6
      vertex 29 16.9697 1.6
    endloop
  endfacet
  facet normal 0 0 1
    outer loop
      vertex 31 16.9697 1.6
      vertex 34 12.9282 1.6
      vertex 35 14.6603 1.6
    endloop
  endfacet
  facet normal 0 0 1
    outer loop
      vertex 31 16.9697 1.6
      vertex 30 15.2376 1.6
      vertex 34 12.9282 1.6
    endloop
  endfacet
  facet normal 0 0 1
    outer loop
      vertex 31 21.5885 1.6
      vertex 29 21.5885 1.6
      vertex 31 16.9697 1.6
    endloop
  endfacet
  facet normal 0 0 1
    outer loop
      vertex 29 16.9697 1.6
      vertex 31 16.9697 1.6
      vertex 29 21.5885 1.6
    endloop
  endfacet
  facet normal 0 0 1
    outer loop
      vertex 26 25.6299 1.6
      vertex 29 21.5885 1.6
      vertex 30 23.3205 1.6
    endloop
  endfacet
  facet normal 0 0 1
    outer loop
      vertex 26 25.6299 1.6
      vertex 25 23.8979 1.6
      vertex 29 21.5885 1.6
    endloop
  endfacet
  facet normal 0 0 1
    outer loop
      vertex 26 30.2487 1.6
      vertex 24 30.2487 1.6
      vertex 26 25.6299 1.6
    endloop
  endfacet
  facet normal 0 0 1
    outer loop
      vertex 24 25.6299 1.6
      vertex 26 25.6299 1.6
      vertex 24 30.2487 1.6
    endloop
  endfacet
  facet normal 0 0 1
    outer loop
      vertex 21 34.2902 1.6
      vertex 24 30.2487 1.6
      vertex 25 31.9808 1.6
    endloop
  endfacet
  facet normal 0 0 1
    outer loop
      vertex 21 34.2902 1.6
      vertex 20 32.5581 1.6
      vertex 24 30.2487 1.6
    endloop
  endfacet
  facet normal 0 0 1
    outer loop
      vertex 21 38.909 1.6
      vertex 19 38.909 1.6
      vertex 21 34.2902 1.6
    endloop
  endfacet
  facet normal 0 0 1
    outer loop
      vertex 19 34.2902 1.6
      vertex 21 34.2902 1.6
      vertex 19 38.909 1.6
    endloop
  endfacet
  facet normal 0 0 1
    outer loop
      vertex 16 42.9504 1.6
      vertex 19 38.909 1.6
      vertex 20 40.641 1.6
    endloop
  endfacet
  facet normal 0 0 1
    outer loop
      vertex 16 42.9504 1.6
      vertex 15 41.2184 1.6
      vertex 19 38.909 1.6
    endloop
  endfacet
  facet normal 0 0 1
    outer loop
      vertex 16 47.5692 1.6
      vertex 14 47.5692 1.6
      vertex 16 42.9504 1.6
    endloop
  endfacet
  facet normal 0 0 1
    outer loop
      vertex 14 42.9504 1.6
      vertex 16 42.9504 1.6
      vertex 14 47.5692 1.6
    endloop
  endfacet
  facet normal 0 0 1
    outer loop
      vertex 11 51.6107 1.6
      vertex 14 47.5692 1.6
      vertex 15 49.3013 1.6
    endloop
  endfacet
  facet normal 0 0 1
    outer loop
      vertex 14 47.5692 1.6
      vertex 11 51.6107 1.6
      vertex 10 49.8786 1.6
    endloop
  endfacet
  facet normal 0 0 1
    outer loop
      vertex 36 42.9504 1.6
      vertex 34 42.9504 1.6
      vertex 35 41.2184 1.6
    endloop
  endfacet
  facet normal 0 0 1
    outer loop
      vertex 34 42.9504 1.6
      vertex 31 38.909 1.6
      vertex 35 41.2184 1.6
    endloop
  endfacet
  facet normal 0 0 1
    outer loop
      vertex 29 38.909 1.6
      vertex 31 38.909 1.6
      vertex 30 40.641 1.6
    endloop
  endfacet
  facet normal -0 0 1
    outer loop
      vertex 30 40.641 1.6
      vertex 31 38.909 1.6
      vertex 34 42.9504 1.6
    endloop
  endfacet
  facet normal 0 0 1
    outer loop
      vertex 36 25.6299 1.6
      vertex 34 25.6299 1.6
      vertex 35 23.8979 1.6
    endloop
  endfacet
  facet normal 0 0 1
    outer loop
      vertex 34 25.6299 1.6
      vertex 31 21.5885 1.6
      vertex 35 23.8979 1.6
    endloop
  endfacet
  facet normal 0 0 1
    outer loop
      vertex 29 21.5885 1.6
      vertex 31 21.5885 1.6
      vertex 30 23.3205 1.6
    endloop
  endfacet
  facet normal -0 0 1
    outer loop
      vertex 30 23.3205 1.6
      vertex 31 21.5885 1.6
      vertex 34 25.6299 1.6
    endloop
  endfacet
  facet normal 0 0 1
    outer loop
      vertex 41 51.6107 1.6
      vertex 39 51.6107 1.6
      vertex 40 49.8786 1.6
    endloop
  endfacet
  facet normal 0 0 1
    outer loop
      vertex 39 51.6107 1.6
      vertex 36 47.5692 1.6
      vertex 40 49.8786 1.6
    endloop
  endfacet
  facet normal 0 0 1
    outer loop
      vertex 34 47.5692 1.6
      vertex 36 47.5692 1.6
      vertex 35 49.3013 1.6
    endloop
  endfacet
  facet normal -0 0 1
    outer loop
      vertex 35 49.3013 1.6
      vertex 36 47.5692 1.6
      vertex 39 51.6107 1.6
    endloop
  endfacet
  facet normal 0 0 1
    outer loop
      vertex 41 34.2902 1.6
      vertex 39 34.2902 1.6
      vertex 40 32.5581 1.6
    endloop
  endfacet
  facet normal 0 0 1
    outer loop
      vertex 39 34.2902 1.6
      vertex 36 30.2487 1.6
      vertex 40 32.5581 1.6
    endloop
  endfacet
  facet normal 0 0 1
    outer loop
      vertex 34 30.2487 1.6
      vertex 36 30.2487 1.6
      vertex 35 31.9808 1.6
    endloop
  endfacet
  facet normal -0 0 1
    outer loop
      vertex 35 31.9808 1.6
      vertex 36 30.2487 1.6
      vertex 39 34.2902 1.6
    endloop
  endfacet
  facet normal 0 0 1
    outer loop
      vertex 41 16.9697 1.6
      vertex 39 16.9697 1.6
      vertex 40 15.2376 1.6
    endloop
  endfacet
  facet normal 0 0 1
    outer loop
      vertex 39 16.9697 1.6
      vertex 36 12.9282 1.6
      vertex 40 15.2376 1.6
    endloop
  endfacet
  facet normal 0 0 1
    outer loop
      vertex 34 12.9282 1.6
      vertex 36 12.9282 1.6
      vertex 35 14.6603 1.6
    endloop
  endfacet
  facet normal -0 0 1
    outer loop
      vertex 35 14.6603 1.6
      vertex 36 12.9282 1.6
      vertex 39 16.9697 1.6
    endloop
  endfacet
  facet normal 0 0 1
    outer loop
      vertex 41 16.9697 1.6
      vertex 44 12.9282 1.6
      vertex 45 14.6603 1.6
    endloop
  endfacet
  facet normal 0 0 1
    outer loop
      vertex 41 16.9697 1.6
      vertex 40 15.2376 1.6
      vertex 44 12.9282 1.6
    endloop
  endfacet
  facet normal 0 0 1
    outer loop
      vertex 41 21.5885 1.6
      vertex 39 21.5885 1.6
      vertex 41 16.9697 1.6
    endloop
  endfacet
  facet normal 0 0 1
    outer loop
      vertex 39 16.9697 1.6
      vertex 41 16.9697 1.6
      vertex 39 21.5885 1.6
    endloop
  endfacet
  facet normal 0 0 1
    outer loop
      vertex 36 25.6299 1.6
      vertex 39 21.5885 1.6
      vertex 40 23.3205 1.6
    endloop
  endfacet
  facet normal 0 0 1
    outer loop
      vertex 36 25.6299 1.6
      vertex 35 23.8979 1.6
      vertex 39 21.5885 1.6
    endloop
  endfacet
  facet normal 0 0 1
    outer loop
      vertex 36 30.2487 1.6
      vertex 34 30.2487 1.6
      vertex 36 25.6299 1.6
    endloop
  endfacet
  facet normal 0 0 1
    outer loop
      vertex 34 25.6299 1.6
      vertex 36 25.6299 1.6
      vertex 34 30.2487 1.6
    endloop
  endfacet
  facet normal 0 0 1
    outer loop
      vertex 31 34.2902 1.6
      vertex 34 30.2487 1.6
      vertex 35 31.9808 1.6
    endloop
  endfacet
  facet normal 0 0 1
    outer loop
      vertex 31 34.2902 1.6
      vertex 30 32.5581 1.6
      vertex 34 30.2487 1.6
    endloop
  endfacet
  facet normal 0 0 1
    outer loop
      vertex 31 38.909 1.6
      vertex 29 38.909 1.6
      vertex 31 34.2902 1.6
    endloop
  endfacet
  facet normal 0 0 1
    outer loop
      vertex 29 34.2902 1.6
      vertex 31 34.2902 1.6
      vertex 29 38.909 1.6
    endloop
  endfacet
  facet normal 0 0 1
    outer loop
      vertex 26 42.9504 1.6
      vertex 29 38.909 1.6
      vertex 30 40.641 1.6
    endloop
  endfacet
  facet normal 0 0 1
    outer loop
      vertex 26 42.9504 1.6
      vertex 25 41.2184 1.6
      vertex 29 38.909 1.6
    endloop
  endfacet
  facet normal 0 0 1
    outer loop
      vertex 26 47.5692 1.6
      vertex 24 47.5692 1.6
      vertex 26 42.9504 1.6
    endloop
  endfacet
  facet normal 0 0 1
    outer loop
      vertex 24 42.9504 1.6
      vertex 26 42.9504 1.6
      vertex 24 47.5692 1.6
    endloop
  endfacet
  facet normal 0 0 1
    outer loop
      vertex 21 51.6107 1.6
      vertex 24 47.5692 1.6
      vertex 25 49.3013 1.6
    endloop
  endfacet
  facet normal 0 0 1
    outer loop
      vertex 24 47.5692 1.6
      vertex 21 51.6107 1.6
      vertex 20 49.8786 1.6
    endloop
  endfacet
  facet normal 0 0 1
    outer loop
      vertex 46 42.9504 1.6
      vertex 44 42.9504 1.6
      vertex 45 41.2184 1.6
    endloop
  endfacet
  facet normal 0 0 1
    outer loop
      vertex 44 42.9504 1.6
      vertex 41 38.909 1.6
      vertex 45 41.2184 1.6
    endloop
  endfacet
  facet normal 0 0 1
    outer loop
      vertex 39 38.909 1.6
      vertex 41 38.909 1.6
      vertex 40 40.641 1.6
    endloop
  endfacet
  facet normal -0 0 1
    outer loop
      vertex 40 40.641 1.6
      vertex 41 38.909 1.6
      vertex 44 42.9504 1.6
    endloop
  endfacet
  facet normal 0 0 1
    outer loop
      vertex 46 25.6299 1.6
      vertex 44 25.6299 1.6
      vertex 45 23.8979 1.6
    endloop
  endfacet
  facet normal 0 0 1
    outer loop
      vertex 44 25.6299 1.6
      vertex 41 21.5885 1.6
      vertex 45 23.8979 1.6
    endloop
  endfacet
  facet normal 0 0 1
    outer loop
      vertex 39 21.5885 1.6
      vertex 41 21.5885 1.6
      vertex 40 23.3205 1.6
    endloop
  endfacet
  facet normal -0 0 1
    outer loop
      vertex 40 23.3205 1.6
      vertex 41 21.5885 1.6
      vertex 44 25.6299 1.6
    endloop
  endfacet
  facet normal 0 0 1
    outer loop
      vertex 51 51.6107 1.6
      vertex 49 51.6107 1.6
      vertex 50 49.8786 1.6
    endloop
  endfacet
  facet normal 0 0 1
    outer loop
      vertex 49 51.6107 1.6
      vertex 46 47.5692 1.6
      vertex 50 49.8786 1.6
    endloop
  endfacet
  facet normal 0 0 1
    outer loop
      vertex 44 47.5692 1.6
      vertex 46 47.5692 1.6
      vertex 45 49.3013 1.6
    endloop
  endfacet
  facet normal -0 0 1
    outer loop
      vertex 45 49.3013 1.6
      vertex 46 47.5692 1.6
      vertex 49 51.6107 1.6
    endloop
  endfacet
  facet normal 0 0 1
    outer loop
      vertex 51 34.2902 1.6
      vertex 49 34.2902 1.6
      vertex 50 32.5581 1.6
    endloop
  endfacet
  facet normal 0 0 1
    outer loop
      vertex 49 34.2902 1.6
      vertex 46 30.2487 1.6
      vertex 50 32.5581 1.6
    endloop
  endfacet
  facet normal 0 0 1
    outer loop
      vertex 44 30.2487 1.6
      vertex 46 30.2487 1.6
      vertex 45 31.9808 1.6
    endloop
  endfacet
  facet normal -0 0 1
    outer loop
      vertex 45 31.9808 1.6
      vertex 46 30.2487 1.6
      vertex 49 34.2902 1.6
    endloop
  endfacet
  facet normal 0 0 1
    outer loop
      vertex 51 16.9697 1.6
      vertex 49 16.9697 1.6
      vertex 50 15.2376 1.6
    endloop
  endfacet
  facet normal 0 0 1
    outer loop
      vertex 49 16.9697 1.6
      vertex 46 12.9282 1.6
      vertex 50 15.2376 1.6
    endloop
  endfacet
  facet normal 0 0 1
    outer loop
      vertex 44 12.9282 1.6
      vertex 46 12.9282 1.6
      vertex 45 14.6603 1.6
    endloop
  endfacet
  facet normal -0 0 1
    outer loop
      vertex 45 14.6603 1.6
      vertex 46 12.9282 1.6
      vertex 49 16.9697 1.6
    endloop
  endfacet
  facet normal 0 0 1
    outer loop
      vertex 51 16.9697 1.6
      vertex 54 12.9282 1.6
      vertex 55 14.6603 1.6
    endloop
  endfacet
  facet normal 0 0 1
    outer loop
      vertex 51 16.9697 1.6
      vertex 50 15.2376 1.6
      vertex 54 12.9282 1.6
    endloop
  endfacet
  facet normal 0 0 1
    outer loop
      vertex 51 21.5885 1.6
      vertex 49 21.5885 1.6
      vertex 51 16.9697 1.6
    endloop
  endfacet
  facet normal 0 0 1
    outer loop
      vertex 49 16.9697 1.6
      vertex 51 16.9697 1.6
      vertex 49 21.5885 1.6
    endloop
  endfacet
  facet normal 0 0 1
    outer loop
      vertex 46 25.6299 1.6
      vertex 49 21.5885 1.6
      vertex 50 23.3205 1.6
    endloop
  endfacet
  facet normal 0 0 1
    outer loop
      vertex 46 25.6299 1.6
      vertex 45 23.8979 1.6
      vertex 49 21.5885 1.6
    endloop
  endfacet
  facet normal 0 0 1
    outer loop
      vertex 46 30.2487 1.6
      vertex 44 30.2487 1.6
      vertex 46 25.6299 1.6
    endloop
  endfacet
  facet normal 0 0 1
    outer loop
      vertex 44 25.6299 1.6
      vertex 46 25.6299 1.6
      vertex 44 30.2487 1.6
    endloop
  endfacet
  facet normal 0 0 1
    outer loop
      vertex 41 34.2902 1.6
      vertex 44 30.2487 1.6
      vertex 45 31.9808 1.6
    endloop
  endfacet
  facet normal 0 0 1
    outer loop
      vertex 41 34.2902 1.6
      vertex 40 32.5581 1.6
      vertex 44 30.2487 1.6
    endloop
  endfacet
  facet normal 0 0 1
    outer loop
      vertex 41 38.909 1.6
      vertex 39 38.909 1.6
      vertex 41 34.2902 1.6
    endloop
  endfacet
  facet normal 0 0 1
    outer loop
      vertex 39 34.2902 1.6
      vertex 41 34.2902 1.6
      vertex 39 38.909 1.6
    endloop
  endfacet
  facet normal 0 0 1
    outer loop
      vertex 36 42.9504 1.6
      vertex 39 38.909 1.6
      vertex 40 40.641 1.6
    endloop
  endfacet
  facet normal 0 0 1
    outer loop
      vertex 36 42.9504 1.6
      vertex 35 41.2184 1.6
      vertex 39 38.909 1.6
    endloop
  endfacet
  facet normal 0 0 1
    outer loop
      vertex 36 47.5692 1.6
      vertex 34 47.5692 1.6
      vertex 36 42.9504 1.6
    endloop
  endfacet
  facet normal 0 0 1
    outer loop
      vertex 34 42.9504 1.6
      vertex 36 42.9504 1.6
      vertex 34 47.5692 1.6
    endloop
  endfacet
  facet normal 0 0 1
    outer loop
      vertex 31 51.6107 1.6
      vertex 34 47.5692 1.6
      vertex 35 49.3013 1.6
    endloop
  endfacet
  facet normal 0 0 1
    outer loop
      vertex 34 47.5692 1.6
      vertex 31 51.6107 1.6
      vertex 30 49.8786 1.6
    endloop
  endfacet
  facet normal 0 0 1
    outer loop
      vertex 56 42.9504 1.6
      vertex 54 42.9504 1.6
      vertex 55 41.2184 1.6
    endloop
  endfacet
  facet normal 0 0 1
    outer loop
      vertex 54 42.9504 1.6
      vertex 51 38.909 1.6
      vertex 55 41.2184 1.6
    endloop
  endfacet
  facet normal 0 0 1
    outer loop
      vertex 49 38.909 1.6
      vertex 51 38.909 1.6
      vertex 50 40.641 1.6
    endloop
  endfacet
  facet normal -0 0 1
    outer loop
      vertex 50 40.641 1.6
      vertex 51 38.909 1.6
      vertex 54 42.9504 1.6
    endloop
  endfacet
  facet normal 0 0 1
    outer loop
      vertex 56 25.6299 1.6
      vertex 54 25.6299 1.6
      vertex 55 23.8979 1.6
    endloop
  endfacet
  facet normal 0 0 1
    outer loop
      vertex 54 25.6299 1.6
      vertex 51 21.5885 1.6
      vertex 55 23.8979 1.6
    endloop
  endfacet
  facet normal 0 0 1
    outer loop
      vertex 49 21.5885 1.6
      vertex 51 21.5885 1.6
      vertex 50 23.3205 1.6
    endloop
  endfacet
  facet normal -0 0 1
    outer loop
      vertex 50 23.3205 1.6
      vertex 51 21.5885 1.6
      vertex 54 25.6299 1.6
    endloop
  endfacet
  facet normal 0 0 1
    outer loop
      vertex 61 51.6107 1.6
      vertex 59 51.6107 1.6
      vertex 60 49.8786 1.6
    endloop
  endfacet
  facet normal 0 0 1
    outer loop
      vertex 59 51.6107 1.6
      vertex 56 47.5692 1.6
      vertex 60 49.8786 1.6
    endloop
  endfacet
  facet normal 0 0 1
    outer loop
      vertex 54 47.5692 1.6
      vertex 56 47.5692 1.6
      vertex 55 49.3013 1.6
    endloop
  endfacet
  facet normal -0 0 1
    outer loop
      vertex 55 49.3013 1.6
      vertex 56 47.5692 1.6
      vertex 59 51.6107 1.6
    endloop
  endfacet
  facet normal 0 0 1
    outer loop
      vertex 61 34.2902 1.6
      vertex 59 34.2902 1.6
      vertex 60 32.5581 1.6
    endloop
  endfacet
  facet normal 0 0 1
    outer loop
      vertex 59 34.2902 1.6
      vertex 56 30.2487 1.6
      vertex 60 32.5581 1.6
    endloop
  endfacet
  facet normal 0 0 1
    outer loop
      vertex 54 30.2487 1.6
      vertex 56 30.2487 1.6
      vertex 55 31.9808 1.6
    endloop
  endfacet
  facet normal -0 0 1
    outer loop
      vertex 55 31.9808 1.6
      vertex 56 30.2487 1.6
      vertex 59 34.2902 1.6
    endloop
  endfacet
  facet normal 0 0 1
    outer loop
      vertex 61 16.9697 1.6
      vertex 59 16.9697 1.6
      vertex 60 15.2376 1.6
    endloop
  endfacet
  facet normal 0 0 1
    outer loop
      vertex 59 16.9697 1.6
      vertex 56 12.9282 1.6
      vertex 60 15.2376 1.6
    endloop
  endfacet
  facet normal 0 0 1
    outer loop
      vertex 54 12.9282 1.6
      vertex 56 12.9282 1.6
      vertex 55 14.6603 1.6
    endloop
  endfacet
  facet normal -0 0 1
    outer loop
      vertex 55 14.6603 1.6
      vertex 56 12.9282 1.6
      vertex 59 16.9697 1.6
    endloop
  endfacet
  facet normal 0 0 1
    outer loop
      vertex 61 16.9697 1.6
      vertex 64 12.9282 1.6
      vertex 65 14.6603 1.6
    endloop
  endfacet
  facet normal 0 0 1
    outer loop
      vertex 61 16.9697 1.6
      vertex 60 15.2376 1.6
      vertex 64 12.9282 1.6
    endloop
  endfacet
  facet normal 0 0 1
    outer loop
      vertex 61 21.5885 1.6
      vertex 59 21.5885 1.6
      vertex 61 16.9697 1.6
    endloop
  endfacet
  facet normal 0 0 1
    outer loop
      vertex 59 16.9697 1.6
      vertex 61 16.9697 1.6
      vertex 59 21.5885 1.6
    endloop
  endfacet
  facet normal 0 0 1
    outer loop
      vertex 56 25.6299 1.6
      vertex 59 21.5885 1.6
      vertex 60 23.3205 1.6
    endloop
  endfacet
  facet normal 0 0 1
    outer loop
      vertex 56 25.6299 1.6
      vertex 55 23.8979 1.6
      vertex 59 21.5885 1.6
    endloop
  endfacet
  facet normal 0 0 1
    outer loop
      vertex 56 30.2487 1.6
      vertex 54 30.2487 1.6
      vertex 56 25.6299 1.6
    endloop
  endfacet
  facet normal 0 0 1
    outer loop
      vertex 54 25.6299 1.6
      vertex 56 25.6299 1.6
      vertex 54 30.2487 1.6
    endloop
  endfacet
  facet normal 0 0 1
    outer loop
      vertex 51 34.2902 1.6
      vertex 54 30.2487 1.6
      vertex 55 31.9808 1.6
    endloop
  endfacet
  facet normal 0 0 1
    outer loop
      vertex 51 34.2902 1.6
      vertex 50 32.5581 1.6
      vertex 54 30.2487 1.6
    endloop
  endfacet
  facet normal 0 0 1
    outer loop
      vertex 51 38.909 1.6
      vertex 49 38.909 1.6
      vertex 51 34.2902 1.6
    endloop
  endfacet
  facet normal 0 0 1
    outer loop
      vertex 49 34.2902 1.6
      vertex 51 34.2902 1.6
      vertex 49 38.909 1.6
    endloop
  endfacet
  facet normal 0 0 1
    outer loop
      vertex 46 42.9504 1.6
      vertex 49 38.909 1.6
      vertex 50 40.641 1.6
    endloop
  endfacet
  facet normal 0 0 1
    outer loop
      vertex 46 42.9504 1.6
      vertex 45 41.2184 1.6
      vertex 49 38.909 1.6
    endloop
  endfacet
  facet normal 0 0 1
    outer loop
      vertex 46 47.5692 1.6
      vertex 44 47.5692 1.6
      vertex 46 42.9504 1.6
    endloop
  endfacet
  facet normal 0 0 1
    outer loop
      vertex 44 42.9504 1.6
      vertex 46 42.9504 1.6
      vertex 44 47.5692 1.6
    endloop
  endfacet
  facet normal 0 0 1
    outer loop
      vertex 41 51.6107 1.6
      vertex 44 47.5692 1.6
      vertex 45 49.3013 1.6
    endloop
  endfacet
  facet normal 0 0 1
    outer loop
      vertex 44 47.5692 1.6
      vertex 41 51.6107 1.6
      vertex 40 49.8786 1.6
    endloop
  endfacet
  facet normal 0 0 1
    outer loop
      vertex 66 42.9504 1.6
      vertex 64 42.9504 1.6
      vertex 65 41.2184 1.6
    endloop
  endfacet
  facet normal 0 0 1
    outer loop
      vertex 64 42.9504 1.6
      vertex 61 38.909 1.6
      vertex 65 41.2184 1.6
    endloop
  endfacet
  facet normal 0 0 1
    outer loop
      vertex 59 38.909 1.6
      vertex 61 38.909 1.6
      vertex 60 40.641 1.6
    endloop
  endfacet
  facet normal -0 0 1
    outer loop
      vertex 60 40.641 1.6
      vertex 61 38.909 1.6
      vertex 64 42.9504 1.6
    endloop
  endfacet
  facet normal 0 0 1
    outer loop
      vertex 66 25.6299 1.6
      vertex 64 25.6299 1.6
      vertex 65 23.8979 1.6
    endloop
  endfacet
  facet normal 0 0 1
    outer loop
      vertex 64 25.6299 1.6
      vertex 61 21.5885 1.6
      vertex 65 23.8979 1.6
    endloop
  endfacet
  facet normal 0 0 1
    outer loop
      vertex 59 21.5885 1.6
      vertex 61 21.5885 1.6
      vertex 60 23.3205 1.6
    endloop
  endfacet
  facet normal -0 0 1
    outer loop
      vertex 60 23.3205 1.6
      vertex 61 21.5885 1.6
      vertex 64 25.6299 1.6
    endloop
  endfacet
  facet normal 0 0 1
    outer loop
      vertex 71 51.6107 1.6
      vertex 69 51.6107 1.6
      vertex 70 49.8786 1.6
    endloop
  endfacet
  facet normal 0 0 1
    outer loop
      vertex 69 51.6107 1.6
      vertex 66 47.5692 1.6
      vertex 70 49.8786 1.6
    endloop
  endfacet
  facet normal 0 0 1
    outer loop
      vertex 64 47.5692 1.6
      vertex 66 47.5692 1.6
      vertex 65 49.3013 1.6
    endloop
  endfacet
  facet normal -0 0 1
    outer loop
      vertex 65 49.3013 1.6
      vertex 66 47.5692 1.6
      vertex 69 51.6107 1.6
    endloop
  endfacet
  facet normal 0 0 1
    outer loop
      vertex 71 34.2902 1.6
      vertex 69 34.2902 1.6
      vertex 70 32.5581 1.6
    endloop
  endfacet
  facet normal 0 0 1
    outer loop
      vertex 69 34.2902 1.6
      vertex 66 30.2487 1.6
      vertex 70 32.5581 1.6
    endloop
  endfacet
  facet normal 0 0 1
    outer loop
      vertex 64 30.2487 1.6
      vertex 66 30.2487 1.6
      vertex 65 31.9808 1.6
    endloop
  endfacet
  facet normal -0 0 1
    outer loop
      vertex 65 31.9808 1.6
      vertex 66 30.2487 1.6
      vertex 69 34.2902 1.6
    endloop
  endfacet
  facet normal 0 0 1
    outer loop
      vertex 71 16.9697 1.6
      vertex 69 16.9697 1.6
      vertex 70 15.2376 1.6
    endloop
  endfacet
  facet normal 0 0 1
    outer loop
      vertex 69 16.9697 1.6
      vertex 66 12.9282 1.6
      vertex 70 15.2376 1.6
    endloop
  endfacet
  facet normal 0 0 1
    outer loop
      vertex 64 12.9282 1.6
      vertex 66 12.9282 1.6
      vertex 65 14.6603 1.6
    endloop
  endfacet
  facet normal -0 0 1
    outer loop
      vertex 65 14.6603 1.6
      vertex 66 12.9282 1.6
      vertex 69 16.9697 1.6
    endloop
  endfacet
  facet normal 0 0 1
    outer loop
      vertex 71 16.9697 1.6
      vertex 74 12.9282 1.6
      vertex 75 14.6603 1.6
    endloop
  endfacet
  facet normal 0 0 1
    outer loop
      vertex 71 16.9697 1.6
      vertex 70 15.2376 1.6
      vertex 74 12.9282 1.6
    endloop
  endfacet
  facet normal 0 0 1
    outer loop
      vertex 71 21.5885 1.6
      vertex 69 21.5885 1.6
      vertex 71 16.9697 1.6
    endloop
  endfacet
  facet normal 0 0 1
    outer loop
      vertex 69 16.9697 1.6
      vertex 71 16.9697 1.6
      vertex 69 21.5885 1.6
    endloop
  endfacet
  facet normal 0 0 1
    outer loop
      vertex 66 25.6299 1.6
      vertex 69 21.5885 1.6
      vertex 70 23.3205 1.6
    endloop
  endfacet
  facet normal 0 0 1
    outer loop
      vertex 66 25.6299 1.6
      vertex 65 23.8979 1.6
      vertex 69 21.5885 1.6
    endloop
  endfacet
  facet normal 0 0 1
    outer loop
      vertex 66 30.2487 1.6
      vertex 64 30.2487 1.6
      vertex 66 25.6299 1.6
    endloop
  endfacet
  facet normal 0 0 1
    outer loop
      vertex 64 25.6299 1.6
      vertex 66 25.6299 1.6
      vertex 64 30.2487 1.6
    endloop
  endfacet
  facet normal 0 0 1
    outer loop
      vertex 61 34.2902 1.6
      vertex 64 30.2487 1.6
      vertex 65 31.9808 1.6
    endloop
  endfacet
  facet normal 0 0 1
    outer loop
      vertex 61 34.2902 1.6
      vertex 60 32.5581 1.6
      vertex 64 30.2487 1.6
    endloop
  endfacet
  facet normal 0 0 1
    outer loop
      vertex 61 38.909 1.6
      vertex 59 38.909 1.6
      vertex 61 34.2902 1.6
    endloop
  endfacet
  facet normal 0 0 1
    outer loop
      vertex 59 34.2902 1.6
      vertex 61 34.2902 1.6
      vertex 59 38.909 1.6
    endloop
  endfacet
  facet normal 0 0 1
    outer loop
      vertex 56 42.9504 1.6
      vertex 59 38.909 1.6
      vertex 60 40.641 1.6
    endloop
  endfacet
  facet normal 0 0 1
    outer loop
      vertex 56 42.9504 1.6
      vertex 55 41.2184 1.6
      vertex 59 38.909 1.6
    endloop
  endfacet
  facet normal 0 0 1
    outer loop
      vertex 56 47.5692 1.6
      vertex 54 47.5692 1.6
      vertex 56 42.9504 1.6
    endloop
  endfacet
  facet normal 0 0 1
    outer loop
      vertex 54 42.9504 1.6
      vertex 56 42.9504 1.6
      vertex 54 47.5692 1.6
    endloop
  endfacet
  facet normal 0 0 1
    outer loop
      vertex 51 51.6107 1.6
      vertex 54 47.5692 1.6
      vertex 55 49.3013 1.6
    endloop
  endfacet
  facet normal 0 0 1
    outer loop
      vertex 54 47.5692 1.6
      vertex 51 51.6107 1.6
      vertex 50 49.8786 1.6
    endloop
  endfacet
  facet normal 0 0 1
    outer loop
      vertex 76 42.9504 1.6
      vertex 74 42.9504 1.6
      vertex 75 41.2184 1.6
    endloop
  endfacet
  facet normal 0 0 1
    outer loop
      vertex 74 42.9504 1.6
      vertex 71 38.909 1.6
      vertex 75 41.2184 1.6
    endloop
  endfacet
  facet normal 0 0 1
    outer loop
      vertex 69 38.909 1.6
      vertex 71 38.909 1.6
      vertex 70 40.641 1.6
    endloop
  endfacet
  facet normal -0 0 1
    outer loop
      vertex 70 40.641 1.6
      vertex 71 38.909 1.6
      vertex 74 42.9504 1.6
    endloop
  endfacet
  facet normal 0 0 1
    outer loop
      vertex 76 25.6299 1.6
      vertex 74 25.6299 1.6
      vertex 75 23.8979 1.6
    endloop
  endfacet
  facet normal 0 0 1
    outer loop
      vertex 74 25.6299 1.6
      vertex 71 21.5885 1.6
      vertex 75 23.8979 1.6
    endloop
  endfacet
  facet normal 0 0 1
    outer loop
      vertex 69 21.5885 1.6
      vertex 71 21.5885 1.6
      vertex 70 23.3205 1.6
    endloop
  endfacet
  facet normal -0 0 1
    outer loop
      vertex 70 23.3205 1.6
      vertex 71 21.5885 1.6
      vertex 74 25.6299 1.6
    endloop
  endfacet
  facet normal 0 0 1
    outer loop
      vertex 81 51.6107 1.6
      vertex 79 51.6107 1.6
      vertex 80 49.8786 1.6
    endloop
  endfacet
  facet normal 0 0 1
    outer loop
      vertex 79 51.6107 1.6
      vertex 76 47.5692 1.6
      vertex 80 49.8786 1.6
    endloop
  endfacet
  facet normal 0 0 1
    outer loop
      vertex 74 47.5692 1.6
      vertex 76 47.5692 1.6
      vertex 75 49.3013 1.6
    endloop
  endfacet
  facet normal -0 0 1
    outer loop
      vertex 75 49.3013 1.6
      vertex 76 47.5692 1.6
      vertex 79 51.6107 1.6
    endloop
  endfacet
  facet normal 0 0 1
    outer loop
      vertex 81 34.2902 1.6
      vertex 79 34.2902 1.6
      vertex 80 32.5581 1.6
    endloop
  endfacet
  facet normal 0 0 1
    outer loop
      vertex 79 34.2902 1.6
      vertex 76 30.2487 1.6
      vertex 80 32.5581 1.6
    endloop
  endfacet
  facet normal 0 0 1
    outer loop
      vertex 74 30.2487 1.6
      vertex 76 30.2487 1.6
      vertex 75 31.9808 1.6
    endloop
  endfacet
  facet normal -0 0 1
    outer loop
      vertex 75 31.9808 1.6
      vertex 76 30.2487 1.6
      vertex 79 34.2902 1.6
    endloop
  endfacet
  facet normal 0 0 1
    outer loop
      vertex 81 16.9697 1.6
      vertex 79 16.9697 1.6
      vertex 80 15.2376 1.6
    endloop
  endfacet
  facet normal 0 0 1
    outer loop
      vertex 79 16.9697 1.6
      vertex 76 12.9282 1.6
      vertex 80 15.2376 1.6
    endloop
  endfacet
  facet normal 0 0 1
    outer loop
      vertex 74 12.9282 1.6
      vertex 76 12.9282 1.6
      vertex 75 14.6603 1.6
    endloop
  endfacet
  facet normal -0 0 1
    outer loop
      vertex 75 14.6603 1.6
      vertex 76 12.9282 1.6
      vertex 79 16.9697 1.6
    endloop
  endfacet
  facet normal 0 0 1
    outer loop
      vertex 81 16.9697 1.6
      vertex 84 12.9282 1.6
      vertex 85 14.6603 1.6
    endloop
  endfacet
  facet normal 0 0 1
    outer loop
      vertex 81 16.9697 1.6
      vertex 80 15.2376 1.6
      vertex 84 12.9282 1.6
    endloop
  endfacet
  facet normal 0 0 1
    outer loop
      vertex 81 21.5885 1.6
      vertex 79 21.5885 1.6
      vertex 81 16.9697 1.6
    endloop
  endfacet
  facet normal 0 0 1
    outer loop
      vertex 79 16.9697 1.6
      vertex 81 16.9697 1.6
      vertex 79 21.5885 1.6
    endloop
  endfacet
  facet normal 0 0 1
    outer loop
      vertex 76 25.6299 1.6
      vertex 79 21.5885 1.6
      vertex 80 23.3205 1.6
    endloop
  endfacet
  facet normal 0 0 1
    outer loop
      vertex 76 25.6299 1.6
      vertex 75 23.8979 1.6
      vertex 79 21.5885 1.6
    endloop
  endfacet
  facet normal 0 0 1
    outer loop
      vertex 76 30.2487 1.6
      vertex 74 30.2487 1.6
      vertex 76 25.6299 1.6
    endloop
  endfacet
  facet normal 0 0 1
    outer loop
      vertex 74 25.6299 1.6
      vertex 76 25.6299 1.6
      vertex 74 30.2487 1.6
    endloop
  endfacet
  facet normal 0 0 1
    outer loop
      vertex 71 34.2902 1.6
      vertex 74 30.2487 1.6
      vertex 75 31.9808 1.6
    endloop
  endfacet
  facet normal 0 0 1
    outer loop
      vertex 71 34.2902 1.6
      vertex 70 32.5581 1.6
      vertex 74 30.2487 1.6
    endloop
  endfacet
  facet normal 0 0 1
    outer loop
      vertex 71 38.909 1.6
      vertex 69 38.909 1.6
      vertex 71 34.2902 1.6
    endloop
  endfacet
  facet normal 0 0 1
    outer loop
      vertex 69 34.2902 1.6
      vertex 71 34.2902 1.6
      vertex 69 38.909 1.6
    endloop
  endfacet
  facet normal 0 0 1
    outer loop
      vertex 66 42.9504 1.6
      vertex 69 38.909 1.6
      vertex 70 40.641 1.6
    endloop
  endfacet
  facet normal 0 0 1
    outer loop
      vertex 66 42.9504 1.6
      vertex 65 41.2184 1.6
      vertex 69 38.909 1.6
    endloop
  endfacet
  facet normal 0 0 1
    outer loop
      vertex 66 47.5692 1.6
      vertex 64 47.5692 1.6
      vertex 66 42.9504 1.6
    endloop
  endfacet
  facet normal 0 0 1
    outer loop
      vertex 64 42.9504 1.6
      vertex 66 42.9504 1.6
      vertex 64 47.5692 1.6
    endloop
  endfacet
  facet normal 0 0 1
    outer loop
      vertex 61 51.6107 1.6
      vertex 64 47.5692 1.6
      vertex 65 49.3013 1.6
    endloop
  endfacet
  facet normal 0 0 1
    outer loop
      vertex 64 47.5692 1.6
      vertex 61 51.6107 1.6
      vertex 60 49.8786 1.6
    endloop
  endfacet
  facet normal -0 0 1
    outer loop
      vertex 85 31.9808 1.6
      vertex 89 21.5885 1.6
      vertex 89 34.2902 1.6
    endloop
  endfacet
  facet normal 0 0 1
    outer loop
      vertex 85 31.9808 1.6
      vertex 85 23.8979 1.6
      vertex 89 21.5885 1.6
    endloop
  endfacet
  facet normal 0 0 1
    outer loop
      vertex 85 31.9808 1.6
      vertex 84 30.2487 1.6
      vertex 85 23.8979 1.6
    endloop
  endfacet
  facet normal 0 0 1
    outer loop
      vertex 81 34.2902 1.6
      vertex 84 30.2487 1.6
      vertex 85 31.9808 1.6
    endloop
  endfacet
  facet normal 0 0 1
    outer loop
      vertex 81 34.2902 1.6
      vertex 80 32.5581 1.6
      vertex 84 30.2487 1.6
    endloop
  endfacet
  facet normal 0 0 1
    outer loop
      vertex 81 38.909 1.6
      vertex 79 38.909 1.6
      vertex 81 34.2902 1.6
    endloop
  endfacet
  facet normal 0 0 1
    outer loop
      vertex 79 34.2902 1.6
      vertex 81 34.2902 1.6
      vertex 79 38.909 1.6
    endloop
  endfacet
  facet normal 0 0 1
    outer loop
      vertex 76 42.9504 1.6
      vertex 79 38.909 1.6
      vertex 80 40.641 1.6
    endloop
  endfacet
  facet normal 0 0 1
    outer loop
      vertex 76 42.9504 1.6
      vertex 75 41.2184 1.6
      vertex 79 38.909 1.6
    endloop
  endfacet
  facet normal 0 0 1
    outer loop
      vertex 76 47.5692 1.6
      vertex 74 47.5692 1.6
      vertex 76 42.9504 1.6
    endloop
  endfacet
  facet normal 0 0 1
    outer loop
      vertex 74 42.9504 1.6
      vertex 76 42.9504 1.6
      vertex 74 47.5692 1.6
    endloop
  endfacet
  facet normal 0 0 1
    outer loop
      vertex 71 51.6107 1.6
      vertex 74 47.5692 1.6
      vertex 75 49.3013 1.6
    endloop
  endfacet
  facet normal 0 0 1
    outer loop
      vertex 74 47.5692 1.6
      vertex 71 51.6107 1.6
      vertex 70 49.8786 1.6
    endloop
  endfacet
  facet normal -0 0 1
    outer loop
      vertex 85 49.3013 1.6
      vertex 89 38.909 1.6
      vertex 89 51.6107 1.6
    endloop
  endfacet
  facet normal 0 0 1
    outer loop
      vertex 85 49.3013 1.6
      vertex 85 41.2184 1.6
      vertex 89 38.909 1.6
    endloop
  endfacet
  facet normal 0 0 1
    outer loop
      vertex 85 49.3013 1.6
      vertex 84 47.5692 1.6
      vertex 85 41.2184 1.6
    endloop
  endfacet
  facet normal 0 0 1
    outer loop
      vertex 81 51.6107 1.6
      vertex 84 47.5692 1.6
      vertex 85 49.3013 1.6
    endloop
  endfacet
  facet normal 0 0 1
    outer loop
      vertex 84 47.5692 1.6
      vertex 81 51.6107 1.6
      vertex 80 49.8786 1.6
    endloop
  endfacet
  facet normal -0 0 1
    outer loop
      vertex 89 56.2295 1.6
      vertex 95.4 48.7475 1.6
      vertex 95.4 67.9 1.6
    endloop
  endfacet
  facet normal 0 0 1
    outer loop
      vertex 89 38.909 1.6
      vertex 95.4 48.7475 1.6
      vertex 89 51.6107 1.6
    endloop
  endfacet
  facet normal 0 0 1
    outer loop
      vertex 92.9 70.4 1.6
      vertex 95.4 67.9 1.6
      vertex 95.3786 68.2263 1.6
    endloop
  endfacet
  facet normal 0 0 1
    outer loop
      vertex 95.4 48.7475 1.6
      vertex 89 34.2902 1.6
      vertex 95.4 23.2524 1.6
    endloop
  endfacet
  facet normal 0 0 1
    outer loop
      vertex 92.9 70.4 1.6
      vertex 95.3786 68.2263 1.6
      vertex 95.3148 68.547 1.6
    endloop
  endfacet
  facet normal 0 0 1
    outer loop
      vertex 89 21.5885 1.6
      vertex 95.4 23.2524 1.6
      vertex 89 34.2902 1.6
    endloop
  endfacet
  facet normal 0 0 1
    outer loop
      vertex 92.9 70.4 1.6
      vertex 95.3148 68.547 1.6
      vertex 95.2097 68.8567 1.6
    endloop
  endfacet
  facet normal 0 0 1
    outer loop
      vertex 89 16.9697 1.6
      vertex 95.4 23.2524 1.6
      vertex 89 21.5885 1.6
    endloop
  endfacet
  facet normal 0 0 1
    outer loop
      vertex 92.9 70.4 1.6
      vertex 95.2097 68.8567 1.6
      vertex 95.0651 69.15 1.6
    endloop
  endfacet
  facet normal 0 0 1
    outer loop
      vertex 95.4 23.2524 1.6
      vertex 89 16.9697 1.6
      vertex 95.4 4.1 1.6
    endloop
  endfacet
  facet normal 0 0 1
    outer loop
      vertex 92.9 70.4 1.6
      vertex 95.0651 69.15 1.6
      vertex 94.8834 69.4219 1.6
    endloop
  endfacet
  facet normal -0 0 1
    outer loop
      vertex 84 8.3094 1.6
      vertex 95.4 4.1 1.6
      vertex 89 16.9697 1.6
    endloop
  endfacet
  facet normal 0 0 1
    outer loop
      vertex 92.9 70.4 1.6
      vertex 94.8834 69.4219 1.6
      vertex 94.6677 69.6677 1.6
    endloop
  endfacet
  facet normal 0 -0 1
    outer loop
      vertex 92.9 1.6 1.6
      vertex 95.4 4.1 1.6
      vertex 84 8.3094 1.6
    endloop
  endfacet
  facet normal 0 0 1
    outer loop
      vertex 92.9 70.4 1.6
      vertex 94.6677 69.6677 1.6
      vertex 94.4219 69.8834 1.6
    endloop
  endfacet
  facet normal 0 0 1
    outer loop
      vertex 95.4 4.1 1.6
      vertex 92.9 1.6 1.6
      vertex 95.3786 3.77369 1.6
    endloop
  endfacet
  facet normal 0 0 1
    outer loop
      vertex 92.9 70.4 1.6
      vertex 94.4219 69.8834 1.6
      vertex 94.15 70.0651 1.6
    endloop
  endfacet
  facet normal 0 0 1
    outer loop
      vertex 95.3786 3.77369 1.6
      vertex 92.9 1.6 1.6
      vertex 95.3148 3.45295 1.6
    endloop
  endfacet
  facet normal 0 0 1
    outer loop
      vertex 92.9 70.4 1.6
      vertex 94.15 70.0651 1.6
      vertex 93.8567 70.2097 1.6
    endloop
  endfacet
  facet normal 0 0 1
    outer loop
      vertex 95.3148 3.45295 1.6
      vertex 92.9 1.6 1.6
      vertex 95.2097 3.14329 1.6
    endloop
  endfacet
  facet normal 0 0 1
    outer loop
      vertex 92.9 70.4 1.6
      vertex 93.8567 70.2097 1.6
      vertex 93.547 70.3148 1.6
    endloop
  endfacet
  facet normal 0 0 1
    outer loop
      vertex 95.2097 3.14329 1.6
      vertex 92.9 1.6 1.6
      vertex 95.0651 2.85 1.6
    endloop
  endfacet
  facet normal 0 0 1
    outer loop
      vertex 92.9 70.4 1.6
      vertex 93.547 70.3148 1.6
      vertex 93.2263 70.3786 1.6
    endloop
  endfacet
  facet normal 0 0 1
    outer loop
      vertex 95.0651 2.85 1.6
      vertex 92.9 1.6 1.6
      vertex 94.8834 2.5781 1.6
    endloop
  endfacet
  facet normal 0 0 1
    outer loop
      vertex 95.4 67.9 1.6
      vertex 92.9 70.4 1.6
      vertex 85 58.5389 1.6
    endloop
  endfacet
  facet normal 0 0 1
    outer loop
      vertex 94.8834 2.5781 1.6
      vertex 92.9 1.6 1.6
      vertex 94.6677 2.33224 1.6
    endloop
  endfacet
  facet normal 0 0 1
    outer loop
      vertex 95.4 48.7475 1.6
      vertex 89 56.2295 1.6
      vertex 89 51.6107 1.6
    endloop
  endfacet
  facet normal 0 0 1
    outer loop
      vertex 95.4 67.9 1.6
      vertex 85 58.5389 1.6
      vertex 89 56.2295 1.6
    endloop
  endfacet
  facet normal -0 0 1
    outer loop
      vertex 73.7475 70.4 1.6
      vertex 85 58.5389 1.6
      vertex 92.9 70.4 1.6
    endloop
  endfacet
  facet normal -0 0 1
    outer loop
      vertex 79 56.2295 1.6
      vertex 81 51.6107 1.6
      vertex 81 56.2295 1.6
    endloop
  endfacet
  facet normal 0 0 1
    outer loop
      vertex 79 51.6107 1.6
      vertex 81 51.6107 1.6
      vertex 79 56.2295 1.6
    endloop
  endfacet
  facet normal 0 -0 1
    outer loop
      vertex 75 58.5389 1.6
      vertex 85 58.5389 1.6
      vertex 73.7475 70.4 1.6
    endloop
  endfacet
  facet normal 0 0 1
    outer loop
      vertex 85 58.5389 1.6
      vertex 75 58.5389 1.6
      vertex 81 56.2295 1.6
    endloop
  endfacet
  facet normal 0 0 1
    outer loop
      vertex 81 56.2295 1.6
      vertex 75 58.5389 1.6
      vertex 79 56.2295 1.6
    endloop
  endfacet
  facet normal 0 0 1
    outer loop
      vertex 65 58.5389 1.6
      vertex 75 58.5389 1.6
      vertex 73.7475 70.4 1.6
    endloop
  endfacet
  facet normal -0 0 1
    outer loop
      vertex 69 56.2295 1.6
      vertex 71 51.6107 1.6
      vertex 71 56.2295 1.6
    endloop
  endfacet
  facet normal 0 0 1
    outer loop
      vertex 69 51.6107 1.6
      vertex 71 51.6107 1.6
      vertex 69 56.2295 1.6
    endloop
  endfacet
  facet normal 0 0 1
    outer loop
      vertex 75 58.5389 1.6
      vertex 65 58.5389 1.6
      vertex 71 56.2295 1.6
    endloop
  endfacet
  facet normal 0 0 1
    outer loop
      vertex 71 56.2295 1.6
      vertex 65 58.5389 1.6
      vertex 69 56.2295 1.6
    endloop
  endfacet
  facet normal 0 0 1
    outer loop
      vertex 55 58.5389 1.6
      vertex 65 58.5389 1.6
      vertex 73.7475 70.4 1.6
    endloop
  endfacet
  facet normal -0 0 1
    outer loop
      vertex 59 56.2295 1.6
      vertex 61 51.6107 1.6
      vertex 61 56.2295 1.6
    endloop
  endfacet
  facet normal 0 0 1
    outer loop
      vertex 59 51.6107 1.6
      vertex 61 51.6107 1.6
      vertex 59 56.2295 1.6
    endloop
  endfacet
  facet normal 0 0 1
    outer loop
      vertex 65 58.5389 1.6
      vertex 55 58.5389 1.6
      vertex 61 56.2295 1.6
    endloop
  endfacet
  facet normal 0 0 1
    outer loop
      vertex 61 56.2295 1.6
      vertex 55 58.5389 1.6
      vertex 59 56.2295 1.6
    endloop
  endfacet
  facet normal 0 0 1
    outer loop
      vertex 45 58.5389 1.6
      vertex 55 58.5389 1.6
      vertex 73.7475 70.4 1.6
    endloop
  endfacet
  facet normal -0 0 1
    outer loop
      vertex 49 56.2295 1.6
      vertex 51 51.6107 1.6
      vertex 51 56.2295 1.6
    endloop
  endfacet
  facet normal 0 0 1
    outer loop
      vertex 49 51.6107 1.6
      vertex 51 51.6107 1.6
      vertex 49 56.2295 1.6
    endloop
  endfacet
  facet normal 0 0 1
    outer loop
      vertex 55 58.5389 1.6
      vertex 45 58.5389 1.6
      vertex 51 56.2295 1.6
    endloop
  endfacet
  facet normal 0 0 1
    outer loop
      vertex 51 56.2295 1.6
      vertex 45 58.5389 1.6
      vertex 49 56.2295 1.6
    endloop
  endfacet
  facet normal -0 0 1
    outer loop
      vertex 39 56.2295 1.6
      vertex 41 51.6107 1.6
      vertex 41 56.2295 1.6
    endloop
  endfacet
  facet normal 0 0 1
    outer loop
      vertex 39 51.6107 1.6
      vertex 41 51.6107 1.6
      vertex 39 56.2295 1.6
    endloop
  endfacet
  facet normal 0 0 1
    outer loop
      vertex 45 58.5389 1.6
      vertex 39 56.2295 1.6
      vertex 41 56.2295 1.6
    endloop
  endfacet
  facet normal -0 0 1
    outer loop
      vertex 23.2524 70.4 1.6
      vertex 45 58.5389 1.6
      vertex 73.7475 70.4 1.6
    endloop
  endfacet
  facet normal 0 0 1
    outer loop
      vertex 45 58.5389 1.6
      vertex 35 58.5389 1.6
      vertex 39 56.2295 1.6
    endloop
  endfacet
  facet normal -0 0 1
    outer loop
      vertex 29 56.2295 1.6
      vertex 31 51.6107 1.6
      vertex 31 56.2295 1.6
    endloop
  endfacet
  facet normal 0 0 1
    outer loop
      vertex 29 51.6107 1.6
      vertex 31 51.6107 1.6
      vertex 29 56.2295 1.6
    endloop
  endfacet
  facet normal 0 0 1
    outer loop
      vertex 35 58.5389 1.6
      vertex 29 56.2295 1.6
      vertex 31 56.2295 1.6
    endloop
  endfacet
  facet normal 0 0 1
    outer loop
      vertex 35 58.5389 1.6
      vertex 25 58.5389 1.6
      vertex 29 56.2295 1.6
    endloop
  endfacet
  facet normal 0 0 1
    outer loop
      vertex 45 58.5389 1.6
      vertex 23.2524 70.4 1.6
      vertex 35 58.5389 1.6
    endloop
  endfacet
  facet normal 0 0 1
    outer loop
      vertex 35 58.5389 1.6
      vertex 23.2524 70.4 1.6
      vertex 25 58.5389 1.6
    endloop
  endfacet
  facet normal 0 0 1
    outer loop
      vertex 15 58.5389 1.6
      vertex 25 58.5389 1.6
      vertex 23.2524 70.4 1.6
    endloop
  endfacet
  facet normal -0 0 1
    outer loop
      vertex 19 56.2295 1.6
      vertex 21 51.6107 1.6
      vertex 21 56.2295 1.6
    endloop
  endfacet
  facet normal 0 0 1
    outer loop
      vertex 19 51.6107 1.6
      vertex 21 51.6107 1.6
      vertex 19 56.2295 1.6
    endloop
  endfacet
  facet normal 0 0 1
    outer loop
      vertex 25 58.5389 1.6
      vertex 15 58.5389 1.6
      vertex 21 56.2295 1.6
    endloop
  endfacet
  facet normal 0 0 1
    outer loop
      vertex 21 56.2295 1.6
      vertex 15 58.5389 1.6
      vertex 19 56.2295 1.6
    endloop
  endfacet
  facet normal -0 0 1
    outer loop
      vertex 4.1 70.4 1.6
      vertex 15 58.5389 1.6
      vertex 23.2524 70.4 1.6
    endloop
  endfacet
  facet normal 0 0 1
    outer loop
      vertex 1.6 48.7475 1.6
      vertex 11 51.6107 1.6
      vertex 11 56.2295 1.6
    endloop
  endfacet
  facet normal 0 0 1
    outer loop
      vertex 11 51.6107 1.6
      vertex 1.6 48.7475 1.6
      vertex 10 49.8786 1.6
    endloop
  endfacet
  facet normal 0 0 1
    outer loop
      vertex 1.6 48.7475 1.6
      vertex 6 42.9504 1.6
      vertex 6 47.5692 1.6
    endloop
  endfacet
  facet normal 0 0 1
    outer loop
      vertex 6 42.9504 1.6
      vertex 1.6 48.7475 1.6
      vertex 6 30.2487 1.6
    endloop
  endfacet
  facet normal 0 0 1
    outer loop
      vertex 1.6 23.2524 1.6
      vertex 6 30.2487 1.6
      vertex 1.6 48.7475 1.6
    endloop
  endfacet
  facet normal 0 0 1
    outer loop
      vertex 10 15.2376 1.6
      vertex 1.6 23.2524 1.6
      vertex 6 12.9282 1.6
    endloop
  endfacet
  facet normal 0 0 1
    outer loop
      vertex 1.6 48.7475 1.6
      vertex 11 56.2295 1.6
      vertex 1.6 67.9 1.6
    endloop
  endfacet
  facet normal -0 0 1
    outer loop
      vertex 1.6 67.9 1.6
      vertex 11 56.2295 1.6
      vertex 4.1 70.4 1.6
    endloop
  endfacet
  facet normal 0 0 1
    outer loop
      vertex 15 58.5389 1.6
      vertex 4.1 70.4 1.6
      vertex 11 56.2295 1.6
    endloop
  endfacet
  facet normal 0 0 1
    outer loop
      vertex 89 34.2902 1.6
      vertex 95.4 48.7475 1.6
      vertex 89 38.909 1.6
    endloop
  endfacet
  facet normal 0 0 1
    outer loop
      vertex 94.6677 2.33224 1.6
      vertex 92.9 1.6 1.6
      vertex 94.4219 2.11662 1.6
    endloop
  endfacet
  facet normal 0 0 1
    outer loop
      vertex 94.15 1.93493 1.6
      vertex 92.9 1.6 1.6
      vertex 93.8567 1.79031 1.6
    endloop
  endfacet
  facet normal 0 0 1
    outer loop
      vertex 93.8567 1.79031 1.6
      vertex 92.9 1.6 1.6
      vertex 93.547 1.68519 1.6
    endloop
  endfacet
  facet normal 0 0 1
    outer loop
      vertex 93.547 1.68519 1.6
      vertex 92.9 1.6 1.6
      vertex 93.2263 1.62139 1.6
    endloop
  endfacet
  facet normal 0 0 1
    outer loop
      vertex 84 8.3094 1.6
      vertex 89 16.9697 1.6
      vertex 85 14.6603 1.6
    endloop
  endfacet
  facet normal 0 0 1
    outer loop
      vertex 84 8.3094 1.6
      vertex 85 14.6603 1.6
      vertex 84 12.9282 1.6
    endloop
  endfacet
  facet normal 0 0 1
    outer loop
      vertex 94.4219 2.11662 1.6
      vertex 92.9 1.6 1.6
      vertex 94.15 1.93493 1.6
    endloop
  endfacet
  facet normal -0 0 1
    outer loop
      vertex 80 6 1.6
      vertex 92.9 1.6 1.6
      vertex 84 8.3094 1.6
    endloop
  endfacet
  facet normal 0 0 1
    outer loop
      vertex 76 12.9282 1.6
      vertex 74 12.9282 1.6
      vertex 76 8.3094 1.6
    endloop
  endfacet
  facet normal 0 0 1
    outer loop
      vertex 74 8.3094 1.6
      vertex 76 8.3094 1.6
      vertex 74 12.9282 1.6
    endloop
  endfacet
  facet normal 0 0 1
    outer loop
      vertex 73.7475 1.6 1.6
      vertex 76 8.3094 1.6
      vertex 74 8.3094 1.6
    endloop
  endfacet
  facet normal 0 0 1
    outer loop
      vertex 80 6 1.6
      vertex 73.7475 1.6 1.6
      vertex 92.9 1.6 1.6
    endloop
  endfacet
  facet normal 0 0 1
    outer loop
      vertex 76 8.3094 1.6
      vertex 73.7475 1.6 1.6
      vertex 80 6 1.6
    endloop
  endfacet
  facet normal -0 0 1
    outer loop
      vertex 70 6 1.6
      vertex 73.7475 1.6 1.6
      vertex 74 8.3094 1.6
    endloop
  endfacet
  facet normal 0 0 1
    outer loop
      vertex 60 6 1.6
      vertex 70 6 1.6
      vertex 66 8.3094 1.6
    endloop
  endfacet
  facet normal 0 0 1
    outer loop
      vertex 66 12.9282 1.6
      vertex 64 12.9282 1.6
      vertex 66 8.3094 1.6
    endloop
  endfacet
  facet normal 0 0 1
    outer loop
      vertex 64 8.3094 1.6
      vertex 66 8.3094 1.6
      vertex 64 12.9282 1.6
    endloop
  endfacet
  facet normal 0 0 1
    outer loop
      vertex 60 6 1.6
      vertex 66 8.3094 1.6
      vertex 64 8.3094 1.6
    endloop
  endfacet
  facet normal 0 0 1
    outer loop
      vertex 70 6 1.6
      vertex 60 6 1.6
      vertex 73.7475 1.6 1.6
    endloop
  endfacet
  facet normal 0 0 1
    outer loop
      vertex 56 12.9282 1.6
      vertex 54 12.9282 1.6
      vertex 56 8.3094 1.6
    endloop
  endfacet
  facet normal 0 0 1
    outer loop
      vertex 54 8.3094 1.6
      vertex 56 8.3094 1.6
      vertex 54 12.9282 1.6
    endloop
  endfacet
  facet normal -0 0 1
    outer loop
      vertex 54 8.3094 1.6
      vertex 60 6 1.6
      vertex 56 8.3094 1.6
    endloop
  endfacet
  facet normal 0 0 1
    outer loop
      vertex 50 6 1.6
      vertex 60 6 1.6
      vertex 54 8.3094 1.6
    endloop
  endfacet
  facet normal -0 0 1
    outer loop
      vertex 50 6 1.6
      vertex 73.7475 1.6 1.6
      vertex 60 6 1.6
    endloop
  endfacet
  facet normal 0 0 1
    outer loop
      vertex 46 12.9282 1.6
      vertex 44 12.9282 1.6
      vertex 46 8.3094 1.6
    endloop
  endfacet
  facet normal 0 0 1
    outer loop
      vertex 44 8.3094 1.6
      vertex 46 8.3094 1.6
      vertex 44 12.9282 1.6
    endloop
  endfacet
  facet normal -0 0 1
    outer loop
      vertex 44 8.3094 1.6
      vertex 50 6 1.6
      vertex 46 8.3094 1.6
    endloop
  endfacet
  facet normal 0 0 1
    outer loop
      vertex 40 6 1.6
      vertex 50 6 1.6
      vertex 44 8.3094 1.6
    endloop
  endfacet
  facet normal 0 0 1
    outer loop
      vertex 23.2524 1.6 1.6
      vertex 50 6 1.6
      vertex 40 6 1.6
    endloop
  endfacet
  facet normal 0 0 1
    outer loop
      vertex 36 12.9282 1.6
      vertex 34 12.9282 1.6
      vertex 36 8.3094 1.6
    endloop
  endfacet
  facet normal 0 0 1
    outer loop
      vertex 34 8.3094 1.6
      vertex 36 8.3094 1.6
      vertex 34 12.9282 1.6
    endloop
  endfacet
  facet normal -0 0 1
    outer loop
      vertex 34 8.3094 1.6
      vertex 40 6 1.6
      vertex 36 8.3094 1.6
    endloop
  endfacet
  facet normal 0 0 1
    outer loop
      vertex 30 6 1.6
      vertex 40 6 1.6
      vertex 34 8.3094 1.6
    endloop
  endfacet
  facet normal 0 0 1
    outer loop
      vertex 23.2524 1.6 1.6
      vertex 40 6 1.6
      vertex 30 6 1.6
    endloop
  endfacet
  facet normal 0 0 1
    outer loop
      vertex 26 12.9282 1.6
      vertex 24 12.9282 1.6
      vertex 26 8.3094 1.6
    endloop
  endfacet
  facet normal 0 0 1
    outer loop
      vertex 24 8.3094 1.6
      vertex 26 8.3094 1.6
      vertex 24 12.9282 1.6
    endloop
  endfacet
  facet normal 0 0 1
    outer loop
      vertex 23.2524 1.6 1.6
      vertex 26 8.3094 1.6
      vertex 24 8.3094 1.6
    endloop
  endfacet
  facet normal 0 0 1
    outer loop
      vertex 50 6 1.6
      vertex 23.2524 1.6 1.6
      vertex 73.7475 1.6 1.6
    endloop
  endfacet
  facet normal 0 0 1
    outer loop
      vertex 26 8.3094 1.6
      vertex 23.2524 1.6 1.6
      vertex 30 6 1.6
    endloop
  endfacet
  facet normal -0 0 1
    outer loop
      vertex 20 6 1.6
      vertex 23.2524 1.6 1.6
      vertex 24 8.3094 1.6
    endloop
  endfacet
  facet normal 0 0 1
    outer loop
      vertex 10 6 1.6
      vertex 20 6 1.6
      vertex 16 8.3094 1.6
    endloop
  endfacet
  facet normal 0 0 1
    outer loop
      vertex 16 12.9282 1.6
      vertex 14 12.9282 1.6
      vertex 16 8.3094 1.6
    endloop
  endfacet
  facet normal 0 0 1
    outer loop
      vertex 14 8.3094 1.6
      vertex 16 8.3094 1.6
      vertex 14 12.9282 1.6
    endloop
  endfacet
  facet normal 0 0 1
    outer loop
      vertex 10 6 1.6
      vertex 16 8.3094 1.6
      vertex 14 8.3094 1.6
    endloop
  endfacet
  facet normal 0 0 1
    outer loop
      vertex 20 6 1.6
      vertex 10 6 1.6
      vertex 23.2524 1.6 1.6
    endloop
  endfacet
  facet normal 0 0 1
    outer loop
      vertex 10 6 1.6
      vertex 4.1 1.6 1.6
      vertex 23.2524 1.6 1.6
    endloop
  endfacet
  facet normal 0 0 1
    outer loop
      vertex 6 8.3094 1.6
      vertex 4.1 1.6 1.6
      vertex 10 6 1.6
    endloop
  endfacet
  facet normal 0 0 1
    outer loop
      vertex 6 30.2487 1.6
      vertex 1.6 23.2524 1.6
      vertex 6 25.6299 1.6
    endloop
  endfacet
  facet normal 0 0 1
    outer loop
      vertex 1.6 67.9 1.6
      vertex 4.1 70.4 1.6
      vertex 3.77369 70.3786 1.6
    endloop
  endfacet
  facet normal 0 0 1
    outer loop
      vertex 1.6 4.1 1.6
      vertex 6 12.9282 1.6
      vertex 1.6 23.2524 1.6
    endloop
  endfacet
  facet normal 0 0 1
    outer loop
      vertex 1.6 67.9 1.6
      vertex 3.77369 70.3786 1.6
      vertex 3.45295 70.3148 1.6
    endloop
  endfacet
  facet normal 0 0 1
    outer loop
      vertex 6 12.9282 1.6
      vertex 1.6 4.1 1.6
      vertex 6 8.3094 1.6
    endloop
  endfacet
  facet normal 0 0 1
    outer loop
      vertex 1.6 67.9 1.6
      vertex 3.45295 70.3148 1.6
      vertex 3.14329 70.2097 1.6
    endloop
  endfacet
  facet normal 0 0 1
    outer loop
      vertex 6 8.3094 1.6
      vertex 1.6 4.1 1.6
      vertex 4.1 1.6 1.6
    endloop
  endfacet
  facet normal 0 0 1
    outer loop
      vertex 1.6 67.9 1.6
      vertex 3.14329 70.2097 1.6
      vertex 2.85 70.0651 1.6
    endloop
  endfacet
  facet normal 0 0 1
    outer loop
      vertex 4.1 1.6 1.6
      vertex 1.6 4.1 1.6
      vertex 3.77369 1.62139 1.6
    endloop
  endfacet
  facet normal 0 0 1
    outer loop
      vertex 1.6 67.9 1.6
      vertex 2.85 70.0651 1.6
      vertex 2.5781 69.8834 1.6
    endloop
  endfacet
  facet normal 0 0 1
    outer loop
      vertex 3.77369 1.62139 1.6
      vertex 1.6 4.1 1.6
      vertex 3.45295 1.68519 1.6
    endloop
  endfacet
  facet normal 0 0 1
    outer loop
      vertex 1.6 67.9 1.6
      vertex 2.5781 69.8834 1.6
      vertex 2.33224 69.6677 1.6
    endloop
  endfacet
  facet normal 0 0 1
    outer loop
      vertex 3.45295 1.68519 1.6
      vertex 1.6 4.1 1.6
      vertex 3.14329 1.79031 1.6
    endloop
  endfacet
  facet normal 0 0 1
    outer loop
      vertex 1.6 67.9 1.6
      vertex 2.33224 69.6677 1.6
      vertex 2.11662 69.4219 1.6
    endloop
  endfacet
  facet normal 0 0 1
    outer loop
      vertex 3.14329 1.79031 1.6
      vertex 1.6 4.1 1.6
      vertex 2.85 1.93493 1.6
    endloop
  endfacet
  facet normal 0 0 1
    outer loop
      vertex 1.6 67.9 1.6
      vertex 2.11662 69.4219 1.6
      vertex 1.93493 69.15 1.6
    endloop
  endfacet
  facet normal 0 0 1
    outer loop
      vertex 2.85 1.93493 1.6
      vertex 1.6 4.1 1.6
      vertex 2.5781 2.11662 1.6
    endloop
  endfacet
  facet normal 0 0 1
    outer loop
      vertex 1.6 67.9 1.6
      vertex 1.93493 69.15 1.6
      vertex 1.79031 68.8567 1.6
    endloop
  endfacet
  facet normal 0 0 1
    outer loop
      vertex 2.5781 2.11662 1.6
      vertex 1.6 4.1 1.6
      vertex 2.33224 2.33224 1.6
    endloop
  endfacet
  facet normal 0 0 1
    outer loop
      vertex 1.6 67.9 1.6
      vertex 1.79031 68.8567 1.6
      vertex 1.68519 68.547 1.6
    endloop
  endfacet
  facet normal 0 0 1
    outer loop
      vertex 2.33224 2.33224 1.6
      vertex 1.6 4.1 1.6
      vertex 2.11662 2.5781 1.6
    endloop
  endfacet
  facet normal 0 0 1
    outer loop
      vertex 1.6 67.9 1.6
      vertex 1.68519 68.547 1.6
      vertex 1.62139 68.2263 1.6
    endloop
  endfacet
  facet normal 0 0 1
    outer loop
      vertex 2.11662 2.5781 1.6
      vertex 1.6 4.1 1.6
      vertex 1.93493 2.85 1.6
    endloop
  endfacet
  facet normal 0 0 1
    outer loop
      vertex 10 49.8786 1.6
      vertex 1.6 48.7475 1.6
      vertex 6 47.5692 1.6
    endloop
  endfacet
  facet normal 0 0 1
    outer loop
      vertex 1.93493 2.85 1.6
      vertex 1.6 4.1 1.6
      vertex 1.79031 3.14329 1.6
    endloop
  endfacet
  facet normal 0 0 1
    outer loop
      vertex 1.79031 3.14329 1.6
      vertex 1.6 4.1 1.6
      vertex 1.68519 3.45295 1.6
    endloop
  endfacet
  facet normal 0 0 1
    outer loop
      vertex 1.68519 3.45295 1.6
      vertex 1.6 4.1 1.6
      vertex 1.62139 3.77369 1.6
    endloop
  endfacet
  facet normal -0 0 1
    outer loop
      vertex 84 42.9504 1.6
      vertex 85 41.2184 1.6
      vertex 84 47.5692 1.6
    endloop
  endfacet
  facet normal 0 0 1
    outer loop
      vertex 84 42.9504 1.6
      vertex 81 38.909 1.6
      vertex 85 41.2184 1.6
    endloop
  endfacet
  facet normal 0 0 1
    outer loop
      vertex 79 38.909 1.6
      vertex 81 38.909 1.6
      vertex 80 40.641 1.6
    endloop
  endfacet
  facet normal -0 0 1
    outer loop
      vertex 80 40.641 1.6
      vertex 81 38.909 1.6
      vertex 84 42.9504 1.6
    endloop
  endfacet
  facet normal -0 0 1
    outer loop
      vertex 84 25.6299 1.6
      vertex 85 23.8979 1.6
      vertex 84 30.2487 1.6
    endloop
  endfacet
  facet normal 0 0 1
    outer loop
      vertex 84 25.6299 1.6
      vertex 81 21.5885 1.6
      vertex 85 23.8979 1.6
    endloop
  endfacet
  facet normal 0 0 1
    outer loop
      vertex 79 21.5885 1.6
      vertex 81 21.5885 1.6
      vertex 80 23.3205 1.6
    endloop
  endfacet
  facet normal -0 0 1
    outer loop
      vertex 80 23.3205 1.6
      vertex 81 21.5885 1.6
      vertex 84 25.6299 1.6
    endloop
  endfacet
  facet normal -0.751847 -0.659337 0
    outer loop
      vertex 0.585785 0.585785 1
      vertex 0.4133 0.782471 49.6
      vertex 0.4133 0.782471 1
    endloop
  endfacet
  facet normal -0.751847 -0.659337 0
    outer loop
      vertex 0.4133 0.782471 49.6
      vertex 0.585785 0.585785 1
      vertex 0.585785 0.585785 49.6
    endloop
  endfacet
  facet normal 0 0.707107 -0.707107
    outer loop
      vertex 95 71 0
      vertex 2 72 1
      vertex 95 72 1
    endloop
  endfacet
  facet normal 0 0.707107 -0.707107
    outer loop
      vertex 2 72 1
      vertex 95 71 0
      vertex 2 71 0
    endloop
  endfacet
  facet normal 0.706349 0.0462781 -0.706349
    outer loop
      vertex 97 70 1
      vertex 96 70 0
      vertex 96.9829 70.261 1
    endloop
  endfacet
  facet normal -0.659337 -0.751847 0
    outer loop
      vertex 0.585785 0.585785 1
      vertex 0.782471 0.4133 49.6
      vertex 0.585785 0.585785 49.6
    endloop
  endfacet
  facet normal -0.659337 -0.751847 -0
    outer loop
      vertex 0.782471 0.4133 49.6
      vertex 0.585785 0.585785 1
      vertex 0.782471 0.4133 1
    endloop
  endfacet
  facet normal -0.137992 0.694261 -0.706371
    outer loop
      vertex 1.74118 70.9659 0
      vertex 1.48236 71.9319 1
      vertex 1.73895 71.9829 1
    endloop
  endfacet
  facet normal 0.706349 -0.0462692 -0.706349
    outer loop
      vertex 96.9829 1.73895 1
      vertex 96 2 0
      vertex 97 2 1
    endloop
  endfacet
  facet normal -1 0 0
    outer loop
      vertex 0 61.9159 49.1964
      vertex 0 70 49.6
      vertex 0 70 1
    endloop
  endfacet
  facet normal -1 -0 0
    outer loop
      vertex 0 70 49.6
      vertex 0 61.9658 49.4901
      vertex 0 61.973 49.6
    endloop
  endfacet
  facet normal -1 0 0
    outer loop
      vertex 0 70 49.6
      vertex 0 61.9159 49.1964
      vertex 0 61.9658 49.4901
    endloop
  endfacet
  facet normal -1 0 0
    outer loop
      vertex 0 70 1
      vertex 0 52.6634 4.78418
      vertex 0 61.9159 49.1964
    endloop
  endfacet
  facet normal -1 0 0
    outer loop
      vertex 0 70 1
      vertex 0 52.5234 4.28003
      vertex 0 52.6634 4.78418
    endloop
  endfacet
  facet normal -1 0 0
    outer loop
      vertex 0 70 1
      vertex 0 52.3188 3.79846
      vertex 0 52.5234 4.28003
    endloop
  endfacet
  facet normal -1 0 0
    outer loop
      vertex 0 70 1
      vertex 0 52.0531 3.34772
      vertex 0 52.3188 3.79846
    endloop
  endfacet
  facet normal -1 0 0
    outer loop
      vertex 0 70 1
      vertex 0 51.7308 2.93552
      vertex 0 52.0531 3.34772
    endloop
  endfacet
  facet normal -1 0 0
    outer loop
      vertex 0 70 1
      vertex 0 51.3575 2.56889
      vertex 0 51.7308 2.93552
    endloop
  endfacet
  facet normal -1 0 0
    outer loop
      vertex 0 70 1
      vertex 0 50.9396 2.25415
      vertex 0 51.3575 2.56889
    endloop
  endfacet
  facet normal -1 0 0
    outer loop
      vertex 0 70 1
      vertex 0 50.4841 1.99664
      vertex 0 50.9396 2.25415
    endloop
  endfacet
  facet normal -1 0 0
    outer loop
      vertex 0 70 1
      vertex 0 49.9989 1.8008
      vertex 0 50.4841 1.99664
    endloop
  endfacet
  facet normal -1 0 0
    outer loop
      vertex 0 70 1
      vertex 0 49.4923 1.66995
      vertex 0 49.9989 1.8008
    endloop
  endfacet
  facet normal -1 0 0
    outer loop
      vertex 0 70 1
      vertex 0 48.7475 1.6
      vertex 0 49.4923 1.66995
    endloop
  endfacet
  facet normal -1 0 0
    outer loop
      vertex 0 70 1
      vertex 0 23.2524 1.6
      vertex 0 48.7475 1.6
    endloop
  endfacet
  facet normal -1 0 0
    outer loop
      vertex 0 2 1
      vertex 0 23.2524 1.6
      vertex 0 70 1
    endloop
  endfacet
  facet normal -1 0 0
    outer loop
      vertex 0 2 1
      vertex 0 22.7304 1.63422
      vertex 0 23.2524 1.6
    endloop
  endfacet
  facet normal -1 0 0
    outer loop
      vertex 0 2 1
      vertex 0 22.2173 1.73628
      vertex 0 22.7304 1.63422
    endloop
  endfacet
  facet normal -1 0 0
    outer loop
      vertex 0 2 1
      vertex 0 21.7218 1.90448
      vertex 0 22.2173 1.73628
    endloop
  endfacet
  facet normal -1 0 0
    outer loop
      vertex 0 2 1
      vertex 0 21.2525 2.13589
      vertex 0 21.7218 1.90448
    endloop
  endfacet
  facet normal -1 0 0
    outer loop
      vertex 0 2 1
      vertex 0 20.8175 2.42657
      vertex 0 21.2525 2.13589
    endloop
  endfacet
  facet normal -1 0 0
    outer loop
      vertex 0 2 1
      vertex 0 20.4241 2.77156
      vertex 0 20.8175 2.42657
    endloop
  endfacet
  facet normal -1 0 0
    outer loop
      vertex 0 2 1
      vertex 0 20.0791 3.16495
      vertex 0 20.4241 2.77156
    endloop
  endfacet
  facet normal -1 0 0
    outer loop
      vertex 0 2 1
      vertex 0 19.7885 3.59999
      vertex 0 20.0791 3.16495
    endloop
  endfacet
  facet normal -1 0 0
    outer loop
      vertex 0 2 1
      vertex 0 19.557 4.06926
      vertex 0 19.7885 3.59999
    endloop
  endfacet
  facet normal -1 0 0
    outer loop
      vertex 0 2 1
      vertex 0 19.3366 4.78418
      vertex 0 19.557 4.06926
    endloop
  endfacet
  facet normal -1 0 0
    outer loop
      vertex 0 2 1
      vertex 0 10.0841 49.1964
      vertex 0 19.3366 4.78418
    endloop
  endfacet
  facet normal -1 0 0
    outer loop
      vertex 0 2 49.6
      vertex 0 10.0841 49.1964
      vertex 0 2 1
    endloop
  endfacet
  facet normal -1 0 0
    outer loop
      vertex 0 10.0841 49.1964
      vertex 0 2 49.6
      vertex 0 10.0272 49.6
    endloop
  endfacet
  facet normal -0.0465386 0.706305 -0.706376
    outer loop
      vertex 1.86948 70.9914 0
      vertex 1.73895 71.9829 1
      vertex 2 71 0
    endloop
  endfacet
  facet normal -0.588544 -0.393301 -0.70635
    outer loop
      vertex 0.4133 0.782471 1
      vertex 1.13397 1.5 0
      vertex 1.20665 1.39124 0
    endloop
  endfacet
  facet normal -0.588558 -0.393283 -0.706348
    outer loop
      vertex 1.13397 1.5 0
      vertex 0.4133 0.782471 1
      vertex 0.267944 1 1
    endloop
  endfacet
  facet normal 0 1 0
    outer loop
      vertex 95 72 49.6
      vertex 86.9658 72 49.4901
      vertex 86.973 72 49.6
    endloop
  endfacet
  facet normal 0 1 0
    outer loop
      vertex 95 72 49.6
      vertex 86.9159 72 49.1964
      vertex 86.9658 72 49.4901
    endloop
  endfacet
  facet normal 0 1 -0
    outer loop
      vertex 95 72 1
      vertex 86.9159 72 49.1964
      vertex 95 72 49.6
    endloop
  endfacet
  facet normal 0 1 0
    outer loop
      vertex 86.9159 72 49.1964
      vertex 95 72 1
      vertex 77.6634 72 4.78418
    endloop
  endfacet
  facet normal 0 1 0
    outer loop
      vertex 73.7475 72 1.6
      vertex 95 72 1
      vertex 23.2524 72 1.6
    endloop
  endfacet
  facet normal 0 1 0
    outer loop
      vertex 74.4923 72 1.66995
      vertex 95 72 1
      vertex 73.7475 72 1.6
    endloop
  endfacet
  facet normal 0 1 0
    outer loop
      vertex 74.9989 72 1.8008
      vertex 95 72 1
      vertex 74.4923 72 1.66995
    endloop
  endfacet
  facet normal 0 1 0
    outer loop
      vertex 75.4841 72 1.99664
      vertex 95 72 1
      vertex 74.9989 72 1.8008
    endloop
  endfacet
  facet normal 0 1 0
    outer loop
      vertex 75.9396 72 2.25415
      vertex 95 72 1
      vertex 75.4841 72 1.99664
    endloop
  endfacet
  facet normal 0 1 0
    outer loop
      vertex 76.3575 72 2.56889
      vertex 95 72 1
      vertex 75.9396 72 2.25415
    endloop
  endfacet
  facet normal 0 1 0
    outer loop
      vertex 76.7308 72 2.93552
      vertex 95 72 1
      vertex 76.3575 72 2.56889
    endloop
  endfacet
  facet normal 0 1 0
    outer loop
      vertex 77.0531 72 3.34772
      vertex 95 72 1
      vertex 76.7308 72 2.93552
    endloop
  endfacet
  facet normal 0 1 0
    outer loop
      vertex 77.3188 72 3.79846
      vertex 95 72 1
      vertex 77.0531 72 3.34772
    endloop
  endfacet
  facet normal 0 1 0
    outer loop
      vertex 77.5234 72 4.28003
      vertex 95 72 1
      vertex 77.3188 72 3.79846
    endloop
  endfacet
  facet normal 0 1 0
    outer loop
      vertex 77.6634 72 4.78418
      vertex 95 72 1
      vertex 77.5234 72 4.28003
    endloop
  endfacet
  facet normal 0 1 0
    outer loop
      vertex 10.0841 72 49.1964
      vertex 2 72 49.6
      vertex 10.0272 72 49.6
    endloop
  endfacet
  facet normal 0 1 0
    outer loop
      vertex 2 72 1
      vertex 10.0841 72 49.1964
      vertex 19.3366 72 4.78418
    endloop
  endfacet
  facet normal 0 1 0
    outer loop
      vertex 2 72 1
      vertex 19.3366 72 4.78418
      vertex 19.557 72 4.06926
    endloop
  endfacet
  facet normal 0 1 0
    outer loop
      vertex 10.0841 72 49.1964
      vertex 2 72 1
      vertex 2 72 49.6
    endloop
  endfacet
  facet normal 0 1 0
    outer loop
      vertex 19.7885 72 3.59999
      vertex 2 72 1
      vertex 19.557 72 4.06926
    endloop
  endfacet
  facet normal 0 1 0
    outer loop
      vertex 20.0791 72 3.16495
      vertex 2 72 1
      vertex 19.7885 72 3.59999
    endloop
  endfacet
  facet normal 0 1 0
    outer loop
      vertex 20.4241 72 2.77156
      vertex 2 72 1
      vertex 20.0791 72 3.16495
    endloop
  endfacet
  facet normal 0 1 0
    outer loop
      vertex 20.8175 72 2.42657
      vertex 2 72 1
      vertex 20.4241 72 2.77156
    endloop
  endfacet
  facet normal 0 1 0
    outer loop
      vertex 21.2525 72 2.13589
      vertex 2 72 1
      vertex 20.8175 72 2.42657
    endloop
  endfacet
  facet normal 0 1 0
    outer loop
      vertex 21.7218 72 1.90448
      vertex 2 72 1
      vertex 21.2525 72 2.13589
    endloop
  endfacet
  facet normal 0 1 0
    outer loop
      vertex 22.2173 72 1.73628
      vertex 2 72 1
      vertex 21.7218 72 1.90448
    endloop
  endfacet
  facet normal 0 1 0
    outer loop
      vertex 22.7304 72 1.63422
      vertex 2 72 1
      vertex 22.2173 72 1.73628
    endloop
  endfacet
  facet normal 0 1 0
    outer loop
      vertex 23.2524 72 1.6
      vertex 2 72 1
      vertex 22.7304 72 1.63422
    endloop
  endfacet
  facet normal 0 1 0
    outer loop
      vertex 2 72 1
      vertex 23.2524 72 1.6
      vertex 95 72 1
    endloop
  endfacet
  facet normal 0.313087 0.634834 -0.706373
    outer loop
      vertex 96 71.7321 1
      vertex 95.5 70.866 0
      vertex 95.7654 71.8478 1
    endloop
  endfacet
  facet normal -0.707107 0 -0.707107
    outer loop
      vertex 1 2 0
      vertex 0 70 1
      vertex 1 70 0
    endloop
  endfacet
  facet normal -0.707107 -0 -0.707107
    outer loop
      vertex 0 70 1
      vertex 1 2 0
      vertex 0 2 1
    endloop
  endfacet
  facet normal -0.0462692 0.706349 -0.706349
    outer loop
      vertex 2 71 0
      vertex 1.73895 71.9829 1
      vertex 2 72 1
    endloop
  endfacet
  facet normal 1 0 0
    outer loop
      vertex 97 61.9658 49.4901
      vertex 97 70 49.6
      vertex 97 61.973 49.6
    endloop
  endfacet
  facet normal 1 0 0
    outer loop
      vertex 97 61.9159 49.1964
      vertex 97 70 49.6
      vertex 97 61.9658 49.4901
    endloop
  endfacet
  facet normal 1 0 0
    outer loop
      vertex 97 70 49.6
      vertex 97 61.9159 49.1964
      vertex 97 70 1
    endloop
  endfacet
  facet normal 1 -0 0
    outer loop
      vertex 97 52.6634 4.78418
      vertex 97 70 1
      vertex 97 61.9159 49.1964
    endloop
  endfacet
  facet normal 1 -0 0
    outer loop
      vertex 97 52.5234 4.28003
      vertex 97 70 1
      vertex 97 52.6634 4.78418
    endloop
  endfacet
  facet normal 1 -0 0
    outer loop
      vertex 97 52.3188 3.79846
      vertex 97 70 1
      vertex 97 52.5234 4.28003
    endloop
  endfacet
  facet normal 1 -0 0
    outer loop
      vertex 97 52.0531 3.34772
      vertex 97 70 1
      vertex 97 52.3188 3.79846
    endloop
  endfacet
  facet normal 1 -0 0
    outer loop
      vertex 97 51.7308 2.93552
      vertex 97 70 1
      vertex 97 52.0531 3.34772
    endloop
  endfacet
  facet normal 1 -0 0
    outer loop
      vertex 97 51.3575 2.56889
      vertex 97 70 1
      vertex 97 51.7308 2.93552
    endloop
  endfacet
  facet normal 1 -0 0
    outer loop
      vertex 97 50.9396 2.25415
      vertex 97 70 1
      vertex 97 51.3575 2.56889
    endloop
  endfacet
  facet normal 1 -0 0
    outer loop
      vertex 97 50.4841 1.99664
      vertex 97 70 1
      vertex 97 50.9396 2.25415
    endloop
  endfacet
  facet normal 1 -0 0
    outer loop
      vertex 97 49.9989 1.8008
      vertex 97 70 1
      vertex 97 50.4841 1.99664
    endloop
  endfacet
  facet normal 1 -0 0
    outer loop
      vertex 97 49.4923 1.66995
      vertex 97 70 1
      vertex 97 49.9989 1.8008
    endloop
  endfacet
  facet normal 1 -0 0
    outer loop
      vertex 97 48.7475 1.6
      vertex 97 70 1
      vertex 97 49.4923 1.66995
    endloop
  endfacet
  facet normal 1 -0 0
    outer loop
      vertex 97 23.2524 1.6
      vertex 97 70 1
      vertex 97 48.7475 1.6
    endloop
  endfacet
  facet normal 1 -0 0
    outer loop
      vertex 97 2 49.6
      vertex 97 10.0841 49.1964
      vertex 97 10.0272 49.6
    endloop
  endfacet
  facet normal 1 0 0
    outer loop
      vertex 97 2 1
      vertex 97 10.0841 49.1964
      vertex 97 2 49.6
    endloop
  endfacet
  facet normal 1 0 0
    outer loop
      vertex 97 10.0841 49.1964
      vertex 97 2 1
      vertex 97 19.3366 4.78418
    endloop
  endfacet
  facet normal 1 0 0
    outer loop
      vertex 97 23.2524 1.6
      vertex 97 2 1
      vertex 97 70 1
    endloop
  endfacet
  facet normal 1 0 0
    outer loop
      vertex 97 22.7304 1.63422
      vertex 97 2 1
      vertex 97 23.2524 1.6
    endloop
  endfacet
  facet normal 1 0 0
    outer loop
      vertex 97 22.2173 1.73628
      vertex 97 2 1
      vertex 97 22.7304 1.63422
    endloop
  endfacet
  facet normal 1 0 0
    outer loop
      vertex 97 21.7218 1.90448
      vertex 97 2 1
      vertex 97 22.2173 1.73628
    endloop
  endfacet
  facet normal 1 0 0
    outer loop
      vertex 97 21.2525 2.13589
      vertex 97 2 1
      vertex 97 21.7218 1.90448
    endloop
  endfacet
  facet normal 1 0 0
    outer loop
      vertex 97 20.8175 2.42657
      vertex 97 2 1
      vertex 97 21.2525 2.13589
    endloop
  endfacet
  facet normal 1 0 0
    outer loop
      vertex 97 20.4241 2.77156
      vertex 97 2 1
      vertex 97 20.8175 2.42657
    endloop
  endfacet
  facet normal 1 0 0
    outer loop
      vertex 97 20.0791 3.16495
      vertex 97 2 1
      vertex 97 20.4241 2.77156
    endloop
  endfacet
  facet normal 1 0 0
    outer loop
      vertex 97 19.7885 3.59999
      vertex 97 2 1
      vertex 97 20.0791 3.16495
    endloop
  endfacet
  facet normal 1 0 0
    outer loop
      vertex 97 19.557 4.06926
      vertex 97 2 1
      vertex 97 19.7885 3.59999
    endloop
  endfacet
  facet normal 1 0 0
    outer loop
      vertex 97 19.3366 4.78418
      vertex 97 2 1
      vertex 97 19.557 4.06926
    endloop
  endfacet
  facet normal 0 -0.707107 -0.707107
    outer loop
      vertex 2 1 0
      vertex 95 0 1
      vertex 2 0 1
    endloop
  endfacet
  facet normal 0 -0.707107 -0.707107
    outer loop
      vertex 95 0 1
      vertex 2 1 0
      vertex 95 1 0
    endloop
  endfacet
  facet normal 0.694263 0.137987 -0.70637
    outer loop
      vertex 96.9829 70.261 1
      vertex 95.9659 70.2588 0
      vertex 96.9319 70.5176 1
    endloop
  endfacet
  facet normal -0.227302 0.670379 -0.706347
    outer loop
      vertex 1.61731 70.9239 0
      vertex 1.23463 71.8478 1
      vertex 1.74118 70.9659 0
    endloop
  endfacet
  facet normal 0 -1 0
    outer loop
      vertex 2 0 49.6
      vertex 10.0841 0 49.1964
      vertex 10.0272 0 49.6
    endloop
  endfacet
  facet normal 0 -1 0
    outer loop
      vertex 2 0 1
      vertex 10.0841 0 49.1964
      vertex 2 0 49.6
    endloop
  endfacet
  facet normal 0 -1 -0
    outer loop
      vertex 10.0841 0 49.1964
      vertex 2 0 1
      vertex 19.3366 0 4.78418
    endloop
  endfacet
  facet normal 0 -1 -0
    outer loop
      vertex 23.2524 0 1.6
      vertex 2 0 1
      vertex 73.7475 0 1.6
    endloop
  endfacet
  facet normal 0 -1 -0
    outer loop
      vertex 22.7304 0 1.63422
      vertex 2 0 1
      vertex 23.2524 0 1.6
    endloop
  endfacet
  facet normal 0 -1 -0
    outer loop
      vertex 22.2173 0 1.73628
      vertex 2 0 1
      vertex 22.7304 0 1.63422
    endloop
  endfacet
  facet normal 0 -1 -0
    outer loop
      vertex 21.7218 0 1.90448
      vertex 2 0 1
      vertex 22.2173 0 1.73628
    endloop
  endfacet
  facet normal 0 -1 -0
    outer loop
      vertex 21.2525 0 2.13589
      vertex 2 0 1
      vertex 21.7218 0 1.90448
    endloop
  endfacet
  facet normal 0 -1 -0
    outer loop
      vertex 20.8175 0 2.42657
      vertex 2 0 1
      vertex 21.2525 0 2.13589
    endloop
  endfacet
  facet normal 0 -1 -0
    outer loop
      vertex 20.4241 0 2.77156
      vertex 2 0 1
      vertex 20.8175 0 2.42657
    endloop
  endfacet
  facet normal 0 -1 -0
    outer loop
      vertex 20.0791 0 3.16495
      vertex 2 0 1
      vertex 20.4241 0 2.77156
    endloop
  endfacet
  facet normal 0 -1 -0
    outer loop
      vertex 19.7885 0 3.59999
      vertex 2 0 1
      vertex 20.0791 0 3.16495
    endloop
  endfacet
  facet normal 0 -1 -0
    outer loop
      vertex 19.557 0 4.06926
      vertex 2 0 1
      vertex 19.7885 0 3.59999
    endloop
  endfacet
  facet normal 0 -1 -0
    outer loop
      vertex 19.3366 0 4.78418
      vertex 2 0 1
      vertex 19.557 0 4.06926
    endloop
  endfacet
  facet normal 0 -1 0
    outer loop
      vertex 86.9658 0 49.4901
      vertex 95 0 49.6
      vertex 86.973 0 49.6
    endloop
  endfacet
  facet normal 0 -1 0
    outer loop
      vertex 86.9159 0 49.1964
      vertex 95 0 49.6
      vertex 86.9658 0 49.4901
    endloop
  endfacet
  facet normal 0 -1 0
    outer loop
      vertex 95 0 1
      vertex 86.9159 0 49.1964
      vertex 77.6634 0 4.78418
    endloop
  endfacet
  facet normal 0 -1 0
    outer loop
      vertex 95 0 1
      vertex 77.6634 0 4.78418
      vertex 77.5234 0 4.28003
    endloop
  endfacet
  facet normal 0 -1 0
    outer loop
      vertex 86.9159 0 49.1964
      vertex 95 0 1
      vertex 95 0 49.6
    endloop
  endfacet
  facet normal 0 -1 0
    outer loop
      vertex 77.3188 0 3.79846
      vertex 95 0 1
      vertex 77.5234 0 4.28003
    endloop
  endfacet
  facet normal 0 -1 0
    outer loop
      vertex 77.0531 0 3.34772
      vertex 95 0 1
      vertex 77.3188 0 3.79846
    endloop
  endfacet
  facet normal 0 -1 0
    outer loop
      vertex 76.7308 0 2.93552
      vertex 95 0 1
      vertex 77.0531 0 3.34772
    endloop
  endfacet
  facet normal 0 -1 0
    outer loop
      vertex 76.3575 0 2.56889
      vertex 95 0 1
      vertex 76.7308 0 2.93552
    endloop
  endfacet
  facet normal 0 -1 0
    outer loop
      vertex 75.9396 0 2.25415
      vertex 95 0 1
      vertex 76.3575 0 2.56889
    endloop
  endfacet
  facet normal 0 -1 0
    outer loop
      vertex 75.4841 0 1.99664
      vertex 95 0 1
      vertex 75.9396 0 2.25415
    endloop
  endfacet
  facet normal 0 -1 0
    outer loop
      vertex 74.9989 0 1.8008
      vertex 95 0 1
      vertex 75.4841 0 1.99664
    endloop
  endfacet
  facet normal 0 -1 0
    outer loop
      vertex 74.4923 0 1.66995
      vertex 95 0 1
      vertex 74.9989 0 1.8008
    endloop
  endfacet
  facet normal 0 -1 0
    outer loop
      vertex 73.7475 0 1.6
      vertex 95 0 1
      vertex 74.4923 0 1.66995
    endloop
  endfacet
  facet normal 0 -1 0
    outer loop
      vertex 95 0 1
      vertex 73.7475 0 1.6
      vertex 2 0 1
    endloop
  endfacet
  facet normal 0.0465458 0.706305 -0.706376
    outer loop
      vertex 95.1305 70.9914 0
      vertex 95 71 0
      vertex 95.261 71.9829 1
    endloop
  endfacet
  facet normal 0.946922 -0.321463 0
    outer loop
      vertex 96.8478 1.23463 49.6
      vertex 96.9319 1.48236 1
      vertex 96.9319 1.48236 49.6
    endloop
  endfacet
  facet normal 0.946922 -0.321463 0
    outer loop
      vertex 96.9319 1.48236 1
      vertex 96.8478 1.23463 49.6
      vertex 96.8478 1.23463 1
    endloop
  endfacet
  facet normal 0.227253 0.670395 -0.706348
    outer loop
      vertex 95.3827 70.9239 0
      vertex 95.2588 70.9659 0
      vertex 95.7654 71.8478 1
    endloop
  endfacet
  facet normal 0.466704 -0.532225 -0.706345
    outer loop
      vertex 96.2175 0.4133 1
      vertex 95.7071 1.29289 0
      vertex 96.4142 0.585785 1
    endloop
  endfacet
  facet normal 0.466842 -0.532126 -0.706329
    outer loop
      vertex 95.7071 1.29289 0
      vertex 96.2175 0.4133 1
      vertex 95.6088 1.20665 0
    endloop
  endfacet
  facet normal 0.0462918 -0.706349 -0.706349
    outer loop
      vertex 95.261 0.0171051 1
      vertex 95 0 1
      vertex 95 1 0
    endloop
  endfacet
  facet normal 0.670395 0.227253 -0.706348
    outer loop
      vertex 95.9659 70.2588 0
      vertex 95.9239 70.3827 0
      vertex 96.8478 70.7654 1
    endloop
  endfacet
  facet normal 0.0462781 0.706349 -0.706349
    outer loop
      vertex 95.261 71.9829 1
      vertex 95 71 0
      vertex 95 72 1
    endloop
  endfacet
  facet normal 0.659343 0.751842 -0
    outer loop
      vertex 96.4142 71.4142 1
      vertex 96.2175 71.5867 49.6
      vertex 96.4142 71.4142 49.6
    endloop
  endfacet
  facet normal 0.659343 0.751842 0
    outer loop
      vertex 96.2175 71.5867 49.6
      vertex 96.4142 71.4142 1
      vertex 96.2175 71.5867 1
    endloop
  endfacet
  facet normal 0.393414 0.588497 -0.706326
    outer loop
      vertex 95.6088 70.7934 0
      vertex 96 71.7321 1
      vertex 96.2175 71.5867 1
    endloop
  endfacet
  facet normal 0.392882 0.588782 -0.706385
    outer loop
      vertex 96 71.7321 1
      vertex 95.6088 70.7934 0
      vertex 95.5 70.866 0
    endloop
  endfacet
  facet normal -0.0653646 0.997861 0
    outer loop
      vertex 2 72 1
      vertex 1.73895 71.9829 49.6
      vertex 2 72 49.6
    endloop
  endfacet
  facet normal -0.0653646 0.997861 0
    outer loop
      vertex 1.73895 71.9829 49.6
      vertex 2 72 1
      vertex 1.73895 71.9829 1
    endloop
  endfacet
  facet normal 0.321382 0.94695 -0
    outer loop
      vertex 95.7654 71.8478 1
      vertex 95.5176 71.9319 49.6
      vertex 95.7654 71.8478 49.6
    endloop
  endfacet
  facet normal 0.321382 0.94695 0
    outer loop
      vertex 95.5176 71.9319 49.6
      vertex 95.7654 71.8478 1
      vertex 95.5176 71.9319 1
    endloop
  endfacet
  facet normal -0.313295 0.63476 -0.706347
    outer loop
      vertex 1.5 70.866 0
      vertex 1.23463 71.8478 1
      vertex 1.61731 70.9239 0
    endloop
  endfacet
  facet normal -0.227545 0.670269 -0.706373
    outer loop
      vertex 1.74118 70.9659 0
      vertex 1.23463 71.8478 1
      vertex 1.48236 71.9319 1
    endloop
  endfacet
  facet normal 0.321352 -0.94696 0
    outer loop
      vertex 95.5176 0.0681458 1
      vertex 95.7654 0.152237 49.6
      vertex 95.5176 0.0681458 49.6
    endloop
  endfacet
  facet normal 0.321352 -0.94696 0
    outer loop
      vertex 95.7654 0.152237 49.6
      vertex 95.5176 0.0681458 1
      vertex 95.7654 0.152237 1
    endloop
  endfacet
  facet normal -0.694262 -0.138102 -0.706348
    outer loop
      vertex 0.0681458 1.48236 1
      vertex 0.0171051 1.73895 1
      vertex 1.03407 1.74118 0
    endloop
  endfacet
  facet normal 0.313315 0.634748 -0.706349
    outer loop
      vertex 95.5 70.866 0
      vertex 95.3827 70.9239 0
      vertex 95.7654 71.8478 1
    endloop
  endfacet
  facet normal 0 0 -1
    outer loop
      vertex 16 12.9282 0
      vertex 14 12.9282 0
      vertex 15 14.6603 0
    endloop
  endfacet
  facet normal 0 0 -1
    outer loop
      vertex 14 12.9282 0
      vertex 11 16.9697 0
      vertex 15 14.6603 0
    endloop
  endfacet
  facet normal -0 0 -1
    outer loop
      vertex 11 16.9697 0
      vertex 10 15.2376 0
      vertex 11 21.5885 0
    endloop
  endfacet
  facet normal 0 0 -1
    outer loop
      vertex 10 15.2376 0
      vertex 11 16.9697 0
      vertex 14 12.9282 0
    endloop
  endfacet
  facet normal 0 0 -1
    outer loop
      vertex 16 30.2487 0
      vertex 14 30.2487 0
      vertex 15 31.9808 0
    endloop
  endfacet
  facet normal 0 0 -1
    outer loop
      vertex 14 30.2487 0
      vertex 11 34.2902 0
      vertex 15 31.9808 0
    endloop
  endfacet
  facet normal -0 0 -1
    outer loop
      vertex 11 34.2902 0
      vertex 10 32.5581 0
      vertex 11 38.909 0
    endloop
  endfacet
  facet normal 0 0 -1
    outer loop
      vertex 10 32.5581 0
      vertex 11 34.2902 0
      vertex 14 30.2487 0
    endloop
  endfacet
  facet normal 0 0 -1
    outer loop
      vertex 16 47.5692 0
      vertex 14 47.5692 0
      vertex 15 49.3013 0
    endloop
  endfacet
  facet normal 0 0 -1
    outer loop
      vertex 14 47.5692 0
      vertex 11 51.6107 0
      vertex 15 49.3013 0
    endloop
  endfacet
  facet normal -0 0 -1
    outer loop
      vertex 11 51.6107 0
      vertex 10 49.8786 0
      vertex 11 56.2295 0
    endloop
  endfacet
  facet normal 0 0 -1
    outer loop
      vertex 10 49.8786 0
      vertex 11 51.6107 0
      vertex 14 47.5692 0
    endloop
  endfacet
  facet normal 0 0 -1
    outer loop
      vertex 16 47.5692 0
      vertex 19 51.6107 0
      vertex 20 49.8786 0
    endloop
  endfacet
  facet normal 0 0 -1
    outer loop
      vertex 16 47.5692 0
      vertex 15 49.3013 0
      vertex 19 51.6107 0
    endloop
  endfacet
  facet normal 0 0 -1
    outer loop
      vertex 16 42.9504 0
      vertex 14 42.9504 0
      vertex 16 47.5692 0
    endloop
  endfacet
  facet normal 0 0 -1
    outer loop
      vertex 14 47.5692 0
      vertex 16 47.5692 0
      vertex 14 42.9504 0
    endloop
  endfacet
  facet normal 0 0 -1
    outer loop
      vertex 11 38.909 0
      vertex 14 42.9504 0
      vertex 15 41.2184 0
    endloop
  endfacet
  facet normal 0 0 -1
    outer loop
      vertex 11 38.909 0
      vertex 10 40.641 0
      vertex 14 42.9504 0
    endloop
  endfacet
  facet normal 0 0 -1
    outer loop
      vertex 10 32.5581 0
      vertex 10 40.641 0
      vertex 11 38.909 0
    endloop
  endfacet
  facet normal 0 0 -1
    outer loop
      vertex 6 30.2487 0
      vertex 10 40.641 0
      vertex 10 32.5581 0
    endloop
  endfacet
  facet normal -0 0 -1
    outer loop
      vertex 10 40.641 0
      vertex 6 30.2487 0
      vertex 6 42.9504 0
    endloop
  endfacet
  facet normal 0 0 -1
    outer loop
      vertex 21 21.5885 0
      vertex 19 21.5885 0
      vertex 20 23.3205 0
    endloop
  endfacet
  facet normal 0 0 -1
    outer loop
      vertex 19 21.5885 0
      vertex 16 25.6299 0
      vertex 20 23.3205 0
    endloop
  endfacet
  facet normal 0 0 -1
    outer loop
      vertex 14 25.6299 0
      vertex 16 25.6299 0
      vertex 15 23.8979 0
    endloop
  endfacet
  facet normal 0 0 -1
    outer loop
      vertex 15 23.8979 0
      vertex 16 25.6299 0
      vertex 19 21.5885 0
    endloop
  endfacet
  facet normal 0 0 -1
    outer loop
      vertex 21 38.909 0
      vertex 19 38.909 0
      vertex 20 40.641 0
    endloop
  endfacet
  facet normal 0 0 -1
    outer loop
      vertex 19 38.909 0
      vertex 16 42.9504 0
      vertex 20 40.641 0
    endloop
  endfacet
  facet normal 0 0 -1
    outer loop
      vertex 14 42.9504 0
      vertex 16 42.9504 0
      vertex 15 41.2184 0
    endloop
  endfacet
  facet normal 0 0 -1
    outer loop
      vertex 15 41.2184 0
      vertex 16 42.9504 0
      vertex 19 38.909 0
    endloop
  endfacet
  facet normal 0 0 -1
    outer loop
      vertex 26 12.9282 0
      vertex 24 12.9282 0
      vertex 25 14.6603 0
    endloop
  endfacet
  facet normal 0 0 -1
    outer loop
      vertex 24 12.9282 0
      vertex 21 16.9697 0
      vertex 25 14.6603 0
    endloop
  endfacet
  facet normal 0 0 -1
    outer loop
      vertex 19 16.9697 0
      vertex 21 16.9697 0
      vertex 20 15.2376 0
    endloop
  endfacet
  facet normal 0 0 -1
    outer loop
      vertex 20 15.2376 0
      vertex 21 16.9697 0
      vertex 24 12.9282 0
    endloop
  endfacet
  facet normal 0 0 -1
    outer loop
      vertex 26 30.2487 0
      vertex 24 30.2487 0
      vertex 25 31.9808 0
    endloop
  endfacet
  facet normal 0 0 -1
    outer loop
      vertex 24 30.2487 0
      vertex 21 34.2902 0
      vertex 25 31.9808 0
    endloop
  endfacet
  facet normal 0 0 -1
    outer loop
      vertex 19 34.2902 0
      vertex 21 34.2902 0
      vertex 20 32.5581 0
    endloop
  endfacet
  facet normal 0 0 -1
    outer loop
      vertex 20 32.5581 0
      vertex 21 34.2902 0
      vertex 24 30.2487 0
    endloop
  endfacet
  facet normal 0 0 -1
    outer loop
      vertex 26 47.5692 0
      vertex 24 47.5692 0
      vertex 25 49.3013 0
    endloop
  endfacet
  facet normal 0 0 -1
    outer loop
      vertex 24 47.5692 0
      vertex 21 51.6107 0
      vertex 25 49.3013 0
    endloop
  endfacet
  facet normal 0 0 -1
    outer loop
      vertex 19 51.6107 0
      vertex 21 51.6107 0
      vertex 20 49.8786 0
    endloop
  endfacet
  facet normal 0 0 -1
    outer loop
      vertex 20 49.8786 0
      vertex 21 51.6107 0
      vertex 24 47.5692 0
    endloop
  endfacet
  facet normal 0 0 -1
    outer loop
      vertex 26 47.5692 0
      vertex 29 51.6107 0
      vertex 30 49.8786 0
    endloop
  endfacet
  facet normal 0 0 -1
    outer loop
      vertex 26 47.5692 0
      vertex 25 49.3013 0
      vertex 29 51.6107 0
    endloop
  endfacet
  facet normal 0 0 -1
    outer loop
      vertex 26 42.9504 0
      vertex 24 42.9504 0
      vertex 26 47.5692 0
    endloop
  endfacet
  facet normal 0 0 -1
    outer loop
      vertex 24 47.5692 0
      vertex 26 47.5692 0
      vertex 24 42.9504 0
    endloop
  endfacet
  facet normal 0 0 -1
    outer loop
      vertex 21 38.909 0
      vertex 24 42.9504 0
      vertex 25 41.2184 0
    endloop
  endfacet
  facet normal 0 0 -1
    outer loop
      vertex 21 38.909 0
      vertex 20 40.641 0
      vertex 24 42.9504 0
    endloop
  endfacet
  facet normal 0 0 -1
    outer loop
      vertex 21 34.2902 0
      vertex 19 34.2902 0
      vertex 21 38.909 0
    endloop
  endfacet
  facet normal 0 0 -1
    outer loop
      vertex 19 38.909 0
      vertex 21 38.909 0
      vertex 19 34.2902 0
    endloop
  endfacet
  facet normal 0 0 -1
    outer loop
      vertex 16 30.2487 0
      vertex 19 34.2902 0
      vertex 20 32.5581 0
    endloop
  endfacet
  facet normal 0 0 -1
    outer loop
      vertex 16 30.2487 0
      vertex 15 31.9808 0
      vertex 19 34.2902 0
    endloop
  endfacet
  facet normal 0 0 -1
    outer loop
      vertex 16 25.6299 0
      vertex 14 25.6299 0
      vertex 16 30.2487 0
    endloop
  endfacet
  facet normal 0 0 -1
    outer loop
      vertex 14 30.2487 0
      vertex 16 30.2487 0
      vertex 14 25.6299 0
    endloop
  endfacet
  facet normal 0 0 -1
    outer loop
      vertex 11 21.5885 0
      vertex 14 25.6299 0
      vertex 15 23.8979 0
    endloop
  endfacet
  facet normal 0 0 -1
    outer loop
      vertex 11 21.5885 0
      vertex 10 23.3205 0
      vertex 14 25.6299 0
    endloop
  endfacet
  facet normal 0 0 -1
    outer loop
      vertex 10 15.2376 0
      vertex 10 23.3205 0
      vertex 11 21.5885 0
    endloop
  endfacet
  facet normal 0 0 -1
    outer loop
      vertex 6 12.9282 0
      vertex 10 23.3205 0
      vertex 10 15.2376 0
    endloop
  endfacet
  facet normal -0 0 -1
    outer loop
      vertex 10 23.3205 0
      vertex 6 12.9282 0
      vertex 6 25.6299 0
    endloop
  endfacet
  facet normal 0 0 -1
    outer loop
      vertex 31 21.5885 0
      vertex 29 21.5885 0
      vertex 30 23.3205 0
    endloop
  endfacet
  facet normal 0 0 -1
    outer loop
      vertex 29 21.5885 0
      vertex 26 25.6299 0
      vertex 30 23.3205 0
    endloop
  endfacet
  facet normal 0 0 -1
    outer loop
      vertex 24 25.6299 0
      vertex 26 25.6299 0
      vertex 25 23.8979 0
    endloop
  endfacet
  facet normal 0 0 -1
    outer loop
      vertex 25 23.8979 0
      vertex 26 25.6299 0
      vertex 29 21.5885 0
    endloop
  endfacet
  facet normal 0 0 -1
    outer loop
      vertex 31 38.909 0
      vertex 29 38.909 0
      vertex 30 40.641 0
    endloop
  endfacet
  facet normal 0 0 -1
    outer loop
      vertex 29 38.909 0
      vertex 26 42.9504 0
      vertex 30 40.641 0
    endloop
  endfacet
  facet normal 0 0 -1
    outer loop
      vertex 24 42.9504 0
      vertex 26 42.9504 0
      vertex 25 41.2184 0
    endloop
  endfacet
  facet normal 0 0 -1
    outer loop
      vertex 25 41.2184 0
      vertex 26 42.9504 0
      vertex 29 38.909 0
    endloop
  endfacet
  facet normal 0 0 -1
    outer loop
      vertex 36 12.9282 0
      vertex 34 12.9282 0
      vertex 35 14.6603 0
    endloop
  endfacet
  facet normal 0 0 -1
    outer loop
      vertex 34 12.9282 0
      vertex 31 16.9697 0
      vertex 35 14.6603 0
    endloop
  endfacet
  facet normal 0 0 -1
    outer loop
      vertex 29 16.9697 0
      vertex 31 16.9697 0
      vertex 30 15.2376 0
    endloop
  endfacet
  facet normal 0 0 -1
    outer loop
      vertex 30 15.2376 0
      vertex 31 16.9697 0
      vertex 34 12.9282 0
    endloop
  endfacet
  facet normal 0 0 -1
    outer loop
      vertex 36 30.2487 0
      vertex 34 30.2487 0
      vertex 35 31.9808 0
    endloop
  endfacet
  facet normal 0 0 -1
    outer loop
      vertex 34 30.2487 0
      vertex 31 34.2902 0
      vertex 35 31.9808 0
    endloop
  endfacet
  facet normal 0 0 -1
    outer loop
      vertex 29 34.2902 0
      vertex 31 34.2902 0
      vertex 30 32.5581 0
    endloop
  endfacet
  facet normal 0 0 -1
    outer loop
      vertex 30 32.5581 0
      vertex 31 34.2902 0
      vertex 34 30.2487 0
    endloop
  endfacet
  facet normal 0 0 -1
    outer loop
      vertex 36 47.5692 0
      vertex 34 47.5692 0
      vertex 35 49.3013 0
    endloop
  endfacet
  facet normal 0 0 -1
    outer loop
      vertex 34 47.5692 0
      vertex 31 51.6107 0
      vertex 35 49.3013 0
    endloop
  endfacet
  facet normal 0 0 -1
    outer loop
      vertex 29 51.6107 0
      vertex 31 51.6107 0
      vertex 30 49.8786 0
    endloop
  endfacet
  facet normal 0 0 -1
    outer loop
      vertex 30 49.8786 0
      vertex 31 51.6107 0
      vertex 34 47.5692 0
    endloop
  endfacet
  facet normal 0 0 -1
    outer loop
      vertex 36 47.5692 0
      vertex 39 51.6107 0
      vertex 40 49.8786 0
    endloop
  endfacet
  facet normal 0 0 -1
    outer loop
      vertex 36 47.5692 0
      vertex 35 49.3013 0
      vertex 39 51.6107 0
    endloop
  endfacet
  facet normal 0 0 -1
    outer loop
      vertex 36 42.9504 0
      vertex 34 42.9504 0
      vertex 36 47.5692 0
    endloop
  endfacet
  facet normal 0 0 -1
    outer loop
      vertex 34 47.5692 0
      vertex 36 47.5692 0
      vertex 34 42.9504 0
    endloop
  endfacet
  facet normal 0 0 -1
    outer loop
      vertex 31 38.909 0
      vertex 34 42.9504 0
      vertex 35 41.2184 0
    endloop
  endfacet
  facet normal 0 0 -1
    outer loop
      vertex 31 38.909 0
      vertex 30 40.641 0
      vertex 34 42.9504 0
    endloop
  endfacet
  facet normal 0 0 -1
    outer loop
      vertex 31 34.2902 0
      vertex 29 34.2902 0
      vertex 31 38.909 0
    endloop
  endfacet
  facet normal 0 0 -1
    outer loop
      vertex 29 38.909 0
      vertex 31 38.909 0
      vertex 29 34.2902 0
    endloop
  endfacet
  facet normal 0 0 -1
    outer loop
      vertex 26 30.2487 0
      vertex 29 34.2902 0
      vertex 30 32.5581 0
    endloop
  endfacet
  facet normal 0 0 -1
    outer loop
      vertex 26 30.2487 0
      vertex 25 31.9808 0
      vertex 29 34.2902 0
    endloop
  endfacet
  facet normal 0 0 -1
    outer loop
      vertex 26 25.6299 0
      vertex 24 25.6299 0
      vertex 26 30.2487 0
    endloop
  endfacet
  facet normal 0 0 -1
    outer loop
      vertex 24 30.2487 0
      vertex 26 30.2487 0
      vertex 24 25.6299 0
    endloop
  endfacet
  facet normal 0 0 -1
    outer loop
      vertex 21 21.5885 0
      vertex 24 25.6299 0
      vertex 25 23.8979 0
    endloop
  endfacet
  facet normal 0 0 -1
    outer loop
      vertex 21 21.5885 0
      vertex 20 23.3205 0
      vertex 24 25.6299 0
    endloop
  endfacet
  facet normal 0 0 -1
    outer loop
      vertex 21 16.9697 0
      vertex 19 16.9697 0
      vertex 21 21.5885 0
    endloop
  endfacet
  facet normal 0 0 -1
    outer loop
      vertex 19 21.5885 0
      vertex 21 21.5885 0
      vertex 19 16.9697 0
    endloop
  endfacet
  facet normal 0 0 -1
    outer loop
      vertex 16 12.9282 0
      vertex 19 16.9697 0
      vertex 20 15.2376 0
    endloop
  endfacet
  facet normal 0 0 -1
    outer loop
      vertex 19 16.9697 0
      vertex 16 12.9282 0
      vertex 15 14.6603 0
    endloop
  endfacet
  facet normal 0 0 -1
    outer loop
      vertex 41 21.5885 0
      vertex 39 21.5885 0
      vertex 40 23.3205 0
    endloop
  endfacet
  facet normal 0 0 -1
    outer loop
      vertex 39 21.5885 0
      vertex 36 25.6299 0
      vertex 40 23.3205 0
    endloop
  endfacet
  facet normal 0 0 -1
    outer loop
      vertex 34 25.6299 0
      vertex 36 25.6299 0
      vertex 35 23.8979 0
    endloop
  endfacet
  facet normal 0 0 -1
    outer loop
      vertex 35 23.8979 0
      vertex 36 25.6299 0
      vertex 39 21.5885 0
    endloop
  endfacet
  facet normal 0 0 -1
    outer loop
      vertex 41 38.909 0
      vertex 39 38.909 0
      vertex 40 40.641 0
    endloop
  endfacet
  facet normal 0 0 -1
    outer loop
      vertex 39 38.909 0
      vertex 36 42.9504 0
      vertex 40 40.641 0
    endloop
  endfacet
  facet normal 0 0 -1
    outer loop
      vertex 34 42.9504 0
      vertex 36 42.9504 0
      vertex 35 41.2184 0
    endloop
  endfacet
  facet normal 0 0 -1
    outer loop
      vertex 35 41.2184 0
      vertex 36 42.9504 0
      vertex 39 38.909 0
    endloop
  endfacet
  facet normal 0 0 -1
    outer loop
      vertex 46 12.9282 0
      vertex 44 12.9282 0
      vertex 45 14.6603 0
    endloop
  endfacet
  facet normal 0 0 -1
    outer loop
      vertex 44 12.9282 0
      vertex 41 16.9697 0
      vertex 45 14.6603 0
    endloop
  endfacet
  facet normal 0 0 -1
    outer loop
      vertex 39 16.9697 0
      vertex 41 16.9697 0
      vertex 40 15.2376 0
    endloop
  endfacet
  facet normal 0 0 -1
    outer loop
      vertex 40 15.2376 0
      vertex 41 16.9697 0
      vertex 44 12.9282 0
    endloop
  endfacet
  facet normal 0 0 -1
    outer loop
      vertex 46 30.2487 0
      vertex 44 30.2487 0
      vertex 45 31.9808 0
    endloop
  endfacet
  facet normal 0 0 -1
    outer loop
      vertex 44 30.2487 0
      vertex 41 34.2902 0
      vertex 45 31.9808 0
    endloop
  endfacet
  facet normal 0 0 -1
    outer loop
      vertex 39 34.2902 0
      vertex 41 34.2902 0
      vertex 40 32.5581 0
    endloop
  endfacet
  facet normal 0 0 -1
    outer loop
      vertex 40 32.5581 0
      vertex 41 34.2902 0
      vertex 44 30.2487 0
    endloop
  endfacet
  facet normal 0 0 -1
    outer loop
      vertex 46 47.5692 0
      vertex 44 47.5692 0
      vertex 45 49.3013 0
    endloop
  endfacet
  facet normal 0 0 -1
    outer loop
      vertex 44 47.5692 0
      vertex 41 51.6107 0
      vertex 45 49.3013 0
    endloop
  endfacet
  facet normal 0 0 -1
    outer loop
      vertex 39 51.6107 0
      vertex 41 51.6107 0
      vertex 40 49.8786 0
    endloop
  endfacet
  facet normal 0 0 -1
    outer loop
      vertex 40 49.8786 0
      vertex 41 51.6107 0
      vertex 44 47.5692 0
    endloop
  endfacet
  facet normal 0 0 -1
    outer loop
      vertex 46 47.5692 0
      vertex 49 51.6107 0
      vertex 50 49.8786 0
    endloop
  endfacet
  facet normal 0 0 -1
    outer loop
      vertex 46 47.5692 0
      vertex 45 49.3013 0
      vertex 49 51.6107 0
    endloop
  endfacet
  facet normal 0 0 -1
    outer loop
      vertex 46 42.9504 0
      vertex 44 42.9504 0
      vertex 46 47.5692 0
    endloop
  endfacet
  facet normal 0 0 -1
    outer loop
      vertex 44 47.5692 0
      vertex 46 47.5692 0
      vertex 44 42.9504 0
    endloop
  endfacet
  facet normal 0 0 -1
    outer loop
      vertex 41 38.909 0
      vertex 44 42.9504 0
      vertex 45 41.2184 0
    endloop
  endfacet
  facet normal 0 0 -1
    outer loop
      vertex 41 38.909 0
      vertex 40 40.641 0
      vertex 44 42.9504 0
    endloop
  endfacet
  facet normal 0 0 -1
    outer loop
      vertex 41 34.2902 0
      vertex 39 34.2902 0
      vertex 41 38.909 0
    endloop
  endfacet
  facet normal 0 0 -1
    outer loop
      vertex 39 38.909 0
      vertex 41 38.909 0
      vertex 39 34.2902 0
    endloop
  endfacet
  facet normal 0 0 -1
    outer loop
      vertex 36 30.2487 0
      vertex 39 34.2902 0
      vertex 40 32.5581 0
    endloop
  endfacet
  facet normal 0 0 -1
    outer loop
      vertex 36 30.2487 0
      vertex 35 31.9808 0
      vertex 39 34.2902 0
    endloop
  endfacet
  facet normal 0 0 -1
    outer loop
      vertex 36 25.6299 0
      vertex 34 25.6299 0
      vertex 36 30.2487 0
    endloop
  endfacet
  facet normal 0 0 -1
    outer loop
      vertex 34 30.2487 0
      vertex 36 30.2487 0
      vertex 34 25.6299 0
    endloop
  endfacet
  facet normal 0 0 -1
    outer loop
      vertex 31 21.5885 0
      vertex 34 25.6299 0
      vertex 35 23.8979 0
    endloop
  endfacet
  facet normal 0 0 -1
    outer loop
      vertex 31 21.5885 0
      vertex 30 23.3205 0
      vertex 34 25.6299 0
    endloop
  endfacet
  facet normal 0 0 -1
    outer loop
      vertex 31 16.9697 0
      vertex 29 16.9697 0
      vertex 31 21.5885 0
    endloop
  endfacet
  facet normal 0 0 -1
    outer loop
      vertex 29 21.5885 0
      vertex 31 21.5885 0
      vertex 29 16.9697 0
    endloop
  endfacet
  facet normal 0 0 -1
    outer loop
      vertex 26 12.9282 0
      vertex 29 16.9697 0
      vertex 30 15.2376 0
    endloop
  endfacet
  facet normal 0 0 -1
    outer loop
      vertex 29 16.9697 0
      vertex 26 12.9282 0
      vertex 25 14.6603 0
    endloop
  endfacet
  facet normal 0 0 -1
    outer loop
      vertex 51 21.5885 0
      vertex 49 21.5885 0
      vertex 50 23.3205 0
    endloop
  endfacet
  facet normal 0 0 -1
    outer loop
      vertex 49 21.5885 0
      vertex 46 25.6299 0
      vertex 50 23.3205 0
    endloop
  endfacet
  facet normal 0 0 -1
    outer loop
      vertex 44 25.6299 0
      vertex 46 25.6299 0
      vertex 45 23.8979 0
    endloop
  endfacet
  facet normal 0 0 -1
    outer loop
      vertex 45 23.8979 0
      vertex 46 25.6299 0
      vertex 49 21.5885 0
    endloop
  endfacet
  facet normal 0 0 -1
    outer loop
      vertex 51 38.909 0
      vertex 49 38.909 0
      vertex 50 40.641 0
    endloop
  endfacet
  facet normal 0 0 -1
    outer loop
      vertex 49 38.909 0
      vertex 46 42.9504 0
      vertex 50 40.641 0
    endloop
  endfacet
  facet normal 0 0 -1
    outer loop
      vertex 44 42.9504 0
      vertex 46 42.9504 0
      vertex 45 41.2184 0
    endloop
  endfacet
  facet normal 0 0 -1
    outer loop
      vertex 45 41.2184 0
      vertex 46 42.9504 0
      vertex 49 38.909 0
    endloop
  endfacet
  facet normal 0 0 -1
    outer loop
      vertex 56 12.9282 0
      vertex 54 12.9282 0
      vertex 55 14.6603 0
    endloop
  endfacet
  facet normal 0 0 -1
    outer loop
      vertex 54 12.9282 0
      vertex 51 16.9697 0
      vertex 55 14.6603 0
    endloop
  endfacet
  facet normal 0 0 -1
    outer loop
      vertex 49 16.9697 0
      vertex 51 16.9697 0
      vertex 50 15.2376 0
    endloop
  endfacet
  facet normal 0 0 -1
    outer loop
      vertex 50 15.2376 0
      vertex 51 16.9697 0
      vertex 54 12.9282 0
    endloop
  endfacet
  facet normal 0 0 -1
    outer loop
      vertex 56 30.2487 0
      vertex 54 30.2487 0
      vertex 55 31.9808 0
    endloop
  endfacet
  facet normal 0 0 -1
    outer loop
      vertex 54 30.2487 0
      vertex 51 34.2902 0
      vertex 55 31.9808 0
    endloop
  endfacet
  facet normal 0 0 -1
    outer loop
      vertex 49 34.2902 0
      vertex 51 34.2902 0
      vertex 50 32.5581 0
    endloop
  endfacet
  facet normal 0 0 -1
    outer loop
      vertex 50 32.5581 0
      vertex 51 34.2902 0
      vertex 54 30.2487 0
    endloop
  endfacet
  facet normal 0 0 -1
    outer loop
      vertex 56 47.5692 0
      vertex 54 47.5692 0
      vertex 55 49.3013 0
    endloop
  endfacet
  facet normal 0 0 -1
    outer loop
      vertex 54 47.5692 0
      vertex 51 51.6107 0
      vertex 55 49.3013 0
    endloop
  endfacet
  facet normal 0 0 -1
    outer loop
      vertex 49 51.6107 0
      vertex 51 51.6107 0
      vertex 50 49.8786 0
    endloop
  endfacet
  facet normal 0 0 -1
    outer loop
      vertex 50 49.8786 0
      vertex 51 51.6107 0
      vertex 54 47.5692 0
    endloop
  endfacet
  facet normal 0 0 -1
    outer loop
      vertex 56 47.5692 0
      vertex 59 51.6107 0
      vertex 60 49.8786 0
    endloop
  endfacet
  facet normal 0 0 -1
    outer loop
      vertex 56 47.5692 0
      vertex 55 49.3013 0
      vertex 59 51.6107 0
    endloop
  endfacet
  facet normal 0 0 -1
    outer loop
      vertex 56 42.9504 0
      vertex 54 42.9504 0
      vertex 56 47.5692 0
    endloop
  endfacet
  facet normal 0 0 -1
    outer loop
      vertex 54 47.5692 0
      vertex 56 47.5692 0
      vertex 54 42.9504 0
    endloop
  endfacet
  facet normal 0 0 -1
    outer loop
      vertex 51 38.909 0
      vertex 54 42.9504 0
      vertex 55 41.2184 0
    endloop
  endfacet
  facet normal 0 0 -1
    outer loop
      vertex 51 38.909 0
      vertex 50 40.641 0
      vertex 54 42.9504 0
    endloop
  endfacet
  facet normal 0 0 -1
    outer loop
      vertex 51 34.2902 0
      vertex 49 34.2902 0
      vertex 51 38.909 0
    endloop
  endfacet
  facet normal 0 0 -1
    outer loop
      vertex 49 38.909 0
      vertex 51 38.909 0
      vertex 49 34.2902 0
    endloop
  endfacet
  facet normal 0 0 -1
    outer loop
      vertex 46 30.2487 0
      vertex 49 34.2902 0
      vertex 50 32.5581 0
    endloop
  endfacet
  facet normal 0 0 -1
    outer loop
      vertex 46 30.2487 0
      vertex 45 31.9808 0
      vertex 49 34.2902 0
    endloop
  endfacet
  facet normal 0 0 -1
    outer loop
      vertex 46 25.6299 0
      vertex 44 25.6299 0
      vertex 46 30.2487 0
    endloop
  endfacet
  facet normal 0 0 -1
    outer loop
      vertex 44 30.2487 0
      vertex 46 30.2487 0
      vertex 44 25.6299 0
    endloop
  endfacet
  facet normal 0 0 -1
    outer loop
      vertex 41 21.5885 0
      vertex 44 25.6299 0
      vertex 45 23.8979 0
    endloop
  endfacet
  facet normal 0 0 -1
    outer loop
      vertex 41 21.5885 0
      vertex 40 23.3205 0
      vertex 44 25.6299 0
    endloop
  endfacet
  facet normal 0 0 -1
    outer loop
      vertex 41 16.9697 0
      vertex 39 16.9697 0
      vertex 41 21.5885 0
    endloop
  endfacet
  facet normal 0 0 -1
    outer loop
      vertex 39 21.5885 0
      vertex 41 21.5885 0
      vertex 39 16.9697 0
    endloop
  endfacet
  facet normal 0 0 -1
    outer loop
      vertex 36 12.9282 0
      vertex 39 16.9697 0
      vertex 40 15.2376 0
    endloop
  endfacet
  facet normal 0 0 -1
    outer loop
      vertex 39 16.9697 0
      vertex 36 12.9282 0
      vertex 35 14.6603 0
    endloop
  endfacet
  facet normal 0 0 -1
    outer loop
      vertex 61 21.5885 0
      vertex 59 21.5885 0
      vertex 60 23.3205 0
    endloop
  endfacet
  facet normal 0 0 -1
    outer loop
      vertex 59 21.5885 0
      vertex 56 25.6299 0
      vertex 60 23.3205 0
    endloop
  endfacet
  facet normal 0 0 -1
    outer loop
      vertex 54 25.6299 0
      vertex 56 25.6299 0
      vertex 55 23.8979 0
    endloop
  endfacet
  facet normal 0 0 -1
    outer loop
      vertex 55 23.8979 0
      vertex 56 25.6299 0
      vertex 59 21.5885 0
    endloop
  endfacet
  facet normal 0 0 -1
    outer loop
      vertex 61 38.909 0
      vertex 59 38.909 0
      vertex 60 40.641 0
    endloop
  endfacet
  facet normal 0 0 -1
    outer loop
      vertex 59 38.909 0
      vertex 56 42.9504 0
      vertex 60 40.641 0
    endloop
  endfacet
  facet normal 0 0 -1
    outer loop
      vertex 54 42.9504 0
      vertex 56 42.9504 0
      vertex 55 41.2184 0
    endloop
  endfacet
  facet normal 0 0 -1
    outer loop
      vertex 55 41.2184 0
      vertex 56 42.9504 0
      vertex 59 38.909 0
    endloop
  endfacet
  facet normal 0 0 -1
    outer loop
      vertex 66 12.9282 0
      vertex 64 12.9282 0
      vertex 65 14.6603 0
    endloop
  endfacet
  facet normal 0 0 -1
    outer loop
      vertex 64 12.9282 0
      vertex 61 16.9697 0
      vertex 65 14.6603 0
    endloop
  endfacet
  facet normal 0 0 -1
    outer loop
      vertex 59 16.9697 0
      vertex 61 16.9697 0
      vertex 60 15.2376 0
    endloop
  endfacet
  facet normal 0 0 -1
    outer loop
      vertex 60 15.2376 0
      vertex 61 16.9697 0
      vertex 64 12.9282 0
    endloop
  endfacet
  facet normal 0 0 -1
    outer loop
      vertex 66 30.2487 0
      vertex 64 30.2487 0
      vertex 65 31.9808 0
    endloop
  endfacet
  facet normal 0 0 -1
    outer loop
      vertex 64 30.2487 0
      vertex 61 34.2902 0
      vertex 65 31.9808 0
    endloop
  endfacet
  facet normal 0 0 -1
    outer loop
      vertex 59 34.2902 0
      vertex 61 34.2902 0
      vertex 60 32.5581 0
    endloop
  endfacet
  facet normal 0 0 -1
    outer loop
      vertex 60 32.5581 0
      vertex 61 34.2902 0
      vertex 64 30.2487 0
    endloop
  endfacet
  facet normal 0 0 -1
    outer loop
      vertex 66 47.5692 0
      vertex 64 47.5692 0
      vertex 65 49.3013 0
    endloop
  endfacet
  facet normal 0 0 -1
    outer loop
      vertex 64 47.5692 0
      vertex 61 51.6107 0
      vertex 65 49.3013 0
    endloop
  endfacet
  facet normal 0 0 -1
    outer loop
      vertex 59 51.6107 0
      vertex 61 51.6107 0
      vertex 60 49.8786 0
    endloop
  endfacet
  facet normal 0 0 -1
    outer loop
      vertex 60 49.8786 0
      vertex 61 51.6107 0
      vertex 64 47.5692 0
    endloop
  endfacet
  facet normal 0 0 -1
    outer loop
      vertex 66 47.5692 0
      vertex 69 51.6107 0
      vertex 70 49.8786 0
    endloop
  endfacet
  facet normal 0 0 -1
    outer loop
      vertex 66 47.5692 0
      vertex 65 49.3013 0
      vertex 69 51.6107 0
    endloop
  endfacet
  facet normal 0 0 -1
    outer loop
      vertex 66 42.9504 0
      vertex 64 42.9504 0
      vertex 66 47.5692 0
    endloop
  endfacet
  facet normal 0 0 -1
    outer loop
      vertex 64 47.5692 0
      vertex 66 47.5692 0
      vertex 64 42.9504 0
    endloop
  endfacet
  facet normal 0 0 -1
    outer loop
      vertex 61 38.909 0
      vertex 64 42.9504 0
      vertex 65 41.2184 0
    endloop
  endfacet
  facet normal 0 0 -1
    outer loop
      vertex 61 38.909 0
      vertex 60 40.641 0
      vertex 64 42.9504 0
    endloop
  endfacet
  facet normal 0 0 -1
    outer loop
      vertex 61 34.2902 0
      vertex 59 34.2902 0
      vertex 61 38.909 0
    endloop
  endfacet
  facet normal 0 0 -1
    outer loop
      vertex 59 38.909 0
      vertex 61 38.909 0
      vertex 59 34.2902 0
    endloop
  endfacet
  facet normal 0 0 -1
    outer loop
      vertex 56 30.2487 0
      vertex 59 34.2902 0
      vertex 60 32.5581 0
    endloop
  endfacet
  facet normal 0 0 -1
    outer loop
      vertex 56 30.2487 0
      vertex 55 31.9808 0
      vertex 59 34.2902 0
    endloop
  endfacet
  facet normal 0 0 -1
    outer loop
      vertex 56 25.6299 0
      vertex 54 25.6299 0
      vertex 56 30.2487 0
    endloop
  endfacet
  facet normal 0 0 -1
    outer loop
      vertex 54 30.2487 0
      vertex 56 30.2487 0
      vertex 54 25.6299 0
    endloop
  endfacet
  facet normal 0 0 -1
    outer loop
      vertex 51 21.5885 0
      vertex 54 25.6299 0
      vertex 55 23.8979 0
    endloop
  endfacet
  facet normal 0 0 -1
    outer loop
      vertex 51 21.5885 0
      vertex 50 23.3205 0
      vertex 54 25.6299 0
    endloop
  endfacet
  facet normal 0 0 -1
    outer loop
      vertex 51 16.9697 0
      vertex 49 16.9697 0
      vertex 51 21.5885 0
    endloop
  endfacet
  facet normal 0 0 -1
    outer loop
      vertex 49 21.5885 0
      vertex 51 21.5885 0
      vertex 49 16.9697 0
    endloop
  endfacet
  facet normal 0 0 -1
    outer loop
      vertex 46 12.9282 0
      vertex 49 16.9697 0
      vertex 50 15.2376 0
    endloop
  endfacet
  facet normal 0 0 -1
    outer loop
      vertex 49 16.9697 0
      vertex 46 12.9282 0
      vertex 45 14.6603 0
    endloop
  endfacet
  facet normal 0 0 -1
    outer loop
      vertex 71 21.5885 0
      vertex 69 21.5885 0
      vertex 70 23.3205 0
    endloop
  endfacet
  facet normal 0 0 -1
    outer loop
      vertex 69 21.5885 0
      vertex 66 25.6299 0
      vertex 70 23.3205 0
    endloop
  endfacet
  facet normal 0 0 -1
    outer loop
      vertex 64 25.6299 0
      vertex 66 25.6299 0
      vertex 65 23.8979 0
    endloop
  endfacet
  facet normal 0 0 -1
    outer loop
      vertex 65 23.8979 0
      vertex 66 25.6299 0
      vertex 69 21.5885 0
    endloop
  endfacet
  facet normal 0 0 -1
    outer loop
      vertex 71 38.909 0
      vertex 69 38.909 0
      vertex 70 40.641 0
    endloop
  endfacet
  facet normal 0 0 -1
    outer loop
      vertex 69 38.909 0
      vertex 66 42.9504 0
      vertex 70 40.641 0
    endloop
  endfacet
  facet normal 0 0 -1
    outer loop
      vertex 64 42.9504 0
      vertex 66 42.9504 0
      vertex 65 41.2184 0
    endloop
  endfacet
  facet normal 0 0 -1
    outer loop
      vertex 65 41.2184 0
      vertex 66 42.9504 0
      vertex 69 38.909 0
    endloop
  endfacet
  facet normal 0 0 -1
    outer loop
      vertex 76 12.9282 0
      vertex 74 12.9282 0
      vertex 75 14.6603 0
    endloop
  endfacet
  facet normal 0 0 -1
    outer loop
      vertex 74 12.9282 0
      vertex 71 16.9697 0
      vertex 75 14.6603 0
    endloop
  endfacet
  facet normal 0 0 -1
    outer loop
      vertex 69 16.9697 0
      vertex 71 16.9697 0
      vertex 70 15.2376 0
    endloop
  endfacet
  facet normal 0 0 -1
    outer loop
      vertex 70 15.2376 0
      vertex 71 16.9697 0
      vertex 74 12.9282 0
    endloop
  endfacet
  facet normal 0 0 -1
    outer loop
      vertex 76 30.2487 0
      vertex 74 30.2487 0
      vertex 75 31.9808 0
    endloop
  endfacet
  facet normal 0 0 -1
    outer loop
      vertex 74 30.2487 0
      vertex 71 34.2902 0
      vertex 75 31.9808 0
    endloop
  endfacet
  facet normal 0 0 -1
    outer loop
      vertex 69 34.2902 0
      vertex 71 34.2902 0
      vertex 70 32.5581 0
    endloop
  endfacet
  facet normal 0 0 -1
    outer loop
      vertex 70 32.5581 0
      vertex 71 34.2902 0
      vertex 74 30.2487 0
    endloop
  endfacet
  facet normal 0 0 -1
    outer loop
      vertex 76 47.5692 0
      vertex 74 47.5692 0
      vertex 75 49.3013 0
    endloop
  endfacet
  facet normal 0 0 -1
    outer loop
      vertex 74 47.5692 0
      vertex 71 51.6107 0
      vertex 75 49.3013 0
    endloop
  endfacet
  facet normal 0 0 -1
    outer loop
      vertex 69 51.6107 0
      vertex 71 51.6107 0
      vertex 70 49.8786 0
    endloop
  endfacet
  facet normal 0 0 -1
    outer loop
      vertex 70 49.8786 0
      vertex 71 51.6107 0
      vertex 74 47.5692 0
    endloop
  endfacet
  facet normal 0 0 -1
    outer loop
      vertex 76 47.5692 0
      vertex 79 51.6107 0
      vertex 80 49.8786 0
    endloop
  endfacet
  facet normal 0 0 -1
    outer loop
      vertex 76 47.5692 0
      vertex 75 49.3013 0
      vertex 79 51.6107 0
    endloop
  endfacet
  facet normal 0 0 -1
    outer loop
      vertex 76 42.9504 0
      vertex 74 42.9504 0
      vertex 76 47.5692 0
    endloop
  endfacet
  facet normal 0 0 -1
    outer loop
      vertex 74 47.5692 0
      vertex 76 47.5692 0
      vertex 74 42.9504 0
    endloop
  endfacet
  facet normal 0 0 -1
    outer loop
      vertex 71 38.909 0
      vertex 74 42.9504 0
      vertex 75 41.2184 0
    endloop
  endfacet
  facet normal 0 0 -1
    outer loop
      vertex 71 38.909 0
      vertex 70 40.641 0
      vertex 74 42.9504 0
    endloop
  endfacet
  facet normal 0 0 -1
    outer loop
      vertex 71 34.2902 0
      vertex 69 34.2902 0
      vertex 71 38.909 0
    endloop
  endfacet
  facet normal 0 0 -1
    outer loop
      vertex 69 38.909 0
      vertex 71 38.909 0
      vertex 69 34.2902 0
    endloop
  endfacet
  facet normal 0 0 -1
    outer loop
      vertex 66 30.2487 0
      vertex 69 34.2902 0
      vertex 70 32.5581 0
    endloop
  endfacet
  facet normal 0 0 -1
    outer loop
      vertex 66 30.2487 0
      vertex 65 31.9808 0
      vertex 69 34.2902 0
    endloop
  endfacet
  facet normal 0 0 -1
    outer loop
      vertex 66 25.6299 0
      vertex 64 25.6299 0
      vertex 66 30.2487 0
    endloop
  endfacet
  facet normal 0 0 -1
    outer loop
      vertex 64 30.2487 0
      vertex 66 30.2487 0
      vertex 64 25.6299 0
    endloop
  endfacet
  facet normal 0 0 -1
    outer loop
      vertex 61 21.5885 0
      vertex 64 25.6299 0
      vertex 65 23.8979 0
    endloop
  endfacet
  facet normal 0 0 -1
    outer loop
      vertex 61 21.5885 0
      vertex 60 23.3205 0
      vertex 64 25.6299 0
    endloop
  endfacet
  facet normal 0 0 -1
    outer loop
      vertex 61 16.9697 0
      vertex 59 16.9697 0
      vertex 61 21.5885 0
    endloop
  endfacet
  facet normal 0 0 -1
    outer loop
      vertex 59 21.5885 0
      vertex 61 21.5885 0
      vertex 59 16.9697 0
    endloop
  endfacet
  facet normal 0 0 -1
    outer loop
      vertex 56 12.9282 0
      vertex 59 16.9697 0
      vertex 60 15.2376 0
    endloop
  endfacet
  facet normal 0 0 -1
    outer loop
      vertex 59 16.9697 0
      vertex 56 12.9282 0
      vertex 55 14.6603 0
    endloop
  endfacet
  facet normal 0 0 -1
    outer loop
      vertex 81 21.5885 0
      vertex 79 21.5885 0
      vertex 80 23.3205 0
    endloop
  endfacet
  facet normal 0 0 -1
    outer loop
      vertex 79 21.5885 0
      vertex 76 25.6299 0
      vertex 80 23.3205 0
    endloop
  endfacet
  facet normal 0 0 -1
    outer loop
      vertex 74 25.6299 0
      vertex 76 25.6299 0
      vertex 75 23.8979 0
    endloop
  endfacet
  facet normal 0 0 -1
    outer loop
      vertex 75 23.8979 0
      vertex 76 25.6299 0
      vertex 79 21.5885 0
    endloop
  endfacet
  facet normal 0 0 -1
    outer loop
      vertex 81 38.909 0
      vertex 79 38.909 0
      vertex 80 40.641 0
    endloop
  endfacet
  facet normal 0 0 -1
    outer loop
      vertex 79 38.909 0
      vertex 76 42.9504 0
      vertex 80 40.641 0
    endloop
  endfacet
  facet normal 0 0 -1
    outer loop
      vertex 74 42.9504 0
      vertex 76 42.9504 0
      vertex 75 41.2184 0
    endloop
  endfacet
  facet normal 0 0 -1
    outer loop
      vertex 75 41.2184 0
      vertex 76 42.9504 0
      vertex 79 38.909 0
    endloop
  endfacet
  facet normal 0 0 -1
    outer loop
      vertex 85 41.2184 0
      vertex 89 51.6107 0
      vertex 89 38.909 0
    endloop
  endfacet
  facet normal 0 0 -1
    outer loop
      vertex 85 41.2184 0
      vertex 85 49.3013 0
      vertex 89 51.6107 0
    endloop
  endfacet
  facet normal 0 0 -1
    outer loop
      vertex 85 41.2184 0
      vertex 84 42.9504 0
      vertex 85 49.3013 0
    endloop
  endfacet
  facet normal 0 0 -1
    outer loop
      vertex 81 38.909 0
      vertex 84 42.9504 0
      vertex 85 41.2184 0
    endloop
  endfacet
  facet normal 0 0 -1
    outer loop
      vertex 81 38.909 0
      vertex 80 40.641 0
      vertex 84 42.9504 0
    endloop
  endfacet
  facet normal 0 0 -1
    outer loop
      vertex 81 34.2902 0
      vertex 79 34.2902 0
      vertex 81 38.909 0
    endloop
  endfacet
  facet normal 0 0 -1
    outer loop
      vertex 79 38.909 0
      vertex 81 38.909 0
      vertex 79 34.2902 0
    endloop
  endfacet
  facet normal 0 0 -1
    outer loop
      vertex 76 30.2487 0
      vertex 79 34.2902 0
      vertex 80 32.5581 0
    endloop
  endfacet
  facet normal 0 0 -1
    outer loop
      vertex 76 30.2487 0
      vertex 75 31.9808 0
      vertex 79 34.2902 0
    endloop
  endfacet
  facet normal 0 0 -1
    outer loop
      vertex 76 25.6299 0
      vertex 74 25.6299 0
      vertex 76 30.2487 0
    endloop
  endfacet
  facet normal 0 0 -1
    outer loop
      vertex 74 30.2487 0
      vertex 76 30.2487 0
      vertex 74 25.6299 0
    endloop
  endfacet
  facet normal 0 0 -1
    outer loop
      vertex 71 21.5885 0
      vertex 74 25.6299 0
      vertex 75 23.8979 0
    endloop
  endfacet
  facet normal 0 0 -1
    outer loop
      vertex 71 21.5885 0
      vertex 70 23.3205 0
      vertex 74 25.6299 0
    endloop
  endfacet
  facet normal 0 0 -1
    outer loop
      vertex 71 16.9697 0
      vertex 69 16.9697 0
      vertex 71 21.5885 0
    endloop
  endfacet
  facet normal 0 0 -1
    outer loop
      vertex 69 21.5885 0
      vertex 71 21.5885 0
      vertex 69 16.9697 0
    endloop
  endfacet
  facet normal 0 0 -1
    outer loop
      vertex 66 12.9282 0
      vertex 69 16.9697 0
      vertex 70 15.2376 0
    endloop
  endfacet
  facet normal 0 0 -1
    outer loop
      vertex 69 16.9697 0
      vertex 66 12.9282 0
      vertex 65 14.6603 0
    endloop
  endfacet
  facet normal 0 0 -1
    outer loop
      vertex 85 23.8979 0
      vertex 89 34.2902 0
      vertex 89 21.5885 0
    endloop
  endfacet
  facet normal 0 0 -1
    outer loop
      vertex 85 23.8979 0
      vertex 85 31.9808 0
      vertex 89 34.2902 0
    endloop
  endfacet
  facet normal 0 0 -1
    outer loop
      vertex 85 23.8979 0
      vertex 84 25.6299 0
      vertex 85 31.9808 0
    endloop
  endfacet
  facet normal 0 0 -1
    outer loop
      vertex 81 21.5885 0
      vertex 84 25.6299 0
      vertex 85 23.8979 0
    endloop
  endfacet
  facet normal 0 0 -1
    outer loop
      vertex 81 21.5885 0
      vertex 80 23.3205 0
      vertex 84 25.6299 0
    endloop
  endfacet
  facet normal 0 0 -1
    outer loop
      vertex 81 16.9697 0
      vertex 79 16.9697 0
      vertex 81 21.5885 0
    endloop
  endfacet
  facet normal 0 0 -1
    outer loop
      vertex 79 21.5885 0
      vertex 81 21.5885 0
      vertex 79 16.9697 0
    endloop
  endfacet
  facet normal 0 0 -1
    outer loop
      vertex 76 12.9282 0
      vertex 79 16.9697 0
      vertex 80 15.2376 0
    endloop
  endfacet
  facet normal 0 0 -1
    outer loop
      vertex 79 16.9697 0
      vertex 76 12.9282 0
      vertex 75 14.6603 0
    endloop
  endfacet
  facet normal 0 0 -1
    outer loop
      vertex 95 1 0
      vertex 96 2 0
      vertex 95.9914 1.86948 0
    endloop
  endfacet
  facet normal 0 0 -1
    outer loop
      vertex 96 2 0
      vertex 89 34.2902 0
      vertex 96 70 0
    endloop
  endfacet
  facet normal 0 0 -1
    outer loop
      vertex 95 1 0
      vertex 95.9914 1.86948 0
      vertex 95.9659 1.74118 0
    endloop
  endfacet
  facet normal 0 0 -1
    outer loop
      vertex 89 38.909 0
      vertex 96 70 0
      vertex 89 34.2902 0
    endloop
  endfacet
  facet normal 0 0 -1
    outer loop
      vertex 95 1 0
      vertex 95.9659 1.74118 0
      vertex 95.9239 1.61731 0
    endloop
  endfacet
  facet normal 0 0 -1
    outer loop
      vertex 89 51.6107 0
      vertex 96 70 0
      vertex 89 38.909 0
    endloop
  endfacet
  facet normal 0 0 -1
    outer loop
      vertex 95 1 0
      vertex 95.9239 1.61731 0
      vertex 95.866 1.5 0
    endloop
  endfacet
  facet normal 0 0 -1
    outer loop
      vertex 89 56.2295 0
      vertex 96 70 0
      vertex 89 51.6107 0
    endloop
  endfacet
  facet normal 0 0 -1
    outer loop
      vertex 95 1 0
      vertex 95.866 1.5 0
      vertex 95.7934 1.39124 0
    endloop
  endfacet
  facet normal 0 0 -1
    outer loop
      vertex 85 58.5389 0
      vertex 96 70 0
      vertex 89 56.2295 0
    endloop
  endfacet
  facet normal 0 0 -1
    outer loop
      vertex 95 1 0
      vertex 95.7934 1.39124 0
      vertex 95.7071 1.29289 0
    endloop
  endfacet
  facet normal 0 -0 -1
    outer loop
      vertex 95 71 0
      vertex 96 70 0
      vertex 85 58.5389 0
    endloop
  endfacet
  facet normal 0 0 -1
    outer loop
      vertex 95 1 0
      vertex 95.7071 1.29289 0
      vertex 95.6088 1.20665 0
    endloop
  endfacet
  facet normal 0 0 -1
    outer loop
      vertex 96 70 0
      vertex 95 71 0
      vertex 95.9914 70.1305 0
    endloop
  endfacet
  facet normal 0 0 -1
    outer loop
      vertex 95 1 0
      vertex 95.6088 1.20665 0
      vertex 95.5 1.13397 0
    endloop
  endfacet
  facet normal 0 0 -1
    outer loop
      vertex 95.9659 70.2588 0
      vertex 95 71 0
      vertex 95.9239 70.3827 0
    endloop
  endfacet
  facet normal 0 0 -1
    outer loop
      vertex 95 1 0
      vertex 95.5 1.13397 0
      vertex 95.3827 1.07613 0
    endloop
  endfacet
  facet normal 0 0 -1
    outer loop
      vertex 95.9239 70.3827 0
      vertex 95 71 0
      vertex 95.866 70.5 0
    endloop
  endfacet
  facet normal 0 0 -1
    outer loop
      vertex 95 1 0
      vertex 95.3827 1.07613 0
      vertex 95.2588 1.03407 0
    endloop
  endfacet
  facet normal 0 0 -1
    outer loop
      vertex 95.866 70.5 0
      vertex 95 71 0
      vertex 95.7934 70.6088 0
    endloop
  endfacet
  facet normal 0 0 -1
    outer loop
      vertex 95 1 0
      vertex 95.2588 1.03407 0
      vertex 95.1305 1.00856 0
    endloop
  endfacet
  facet normal 0 0 -1
    outer loop
      vertex 95.7934 70.6088 0
      vertex 95 71 0
      vertex 95.7071 70.7071 0
    endloop
  endfacet
  facet normal -0 0 -1
    outer loop
      vertex 96 2 0
      vertex 95 1 0
      vertex 84 8.3094 0
    endloop
  endfacet
  facet normal 0 0 -1
    outer loop
      vertex 95.7071 70.7071 0
      vertex 95 71 0
      vertex 95.6088 70.7934 0
    endloop
  endfacet
  facet normal 0 0 -1
    outer loop
      vertex 96 2 0
      vertex 89 16.9697 0
      vertex 89 21.5885 0
    endloop
  endfacet
  facet normal 0 0 -1
    outer loop
      vertex 96 2 0
      vertex 84 8.3094 0
      vertex 89 16.9697 0
    endloop
  endfacet
  facet normal 0 0 -1
    outer loop
      vertex 89 16.9697 0
      vertex 84 8.3094 0
      vertex 85 14.6603 0
    endloop
  endfacet
  facet normal 0 0 -1
    outer loop
      vertex 95 1 0
      vertex 80 6 0
      vertex 84 8.3094 0
    endloop
  endfacet
  facet normal 0 0 -1
    outer loop
      vertex 74 8.3094 0
      vertex 76 12.9282 0
      vertex 76 8.3094 0
    endloop
  endfacet
  facet normal 0 0 -1
    outer loop
      vertex 74 12.9282 0
      vertex 76 12.9282 0
      vertex 74 8.3094 0
    endloop
  endfacet
  facet normal 0 0 -1
    outer loop
      vertex 80 6 0
      vertex 74 8.3094 0
      vertex 76 8.3094 0
    endloop
  endfacet
  facet normal 0 0 -1
    outer loop
      vertex 80 6 0
      vertex 70 6 0
      vertex 74 8.3094 0
    endloop
  endfacet
  facet normal 0 0 -1
    outer loop
      vertex 95 1 0
      vertex 70 6 0
      vertex 80 6 0
    endloop
  endfacet
  facet normal 0 0 -1
    outer loop
      vertex 64 8.3094 0
      vertex 66 12.9282 0
      vertex 66 8.3094 0
    endloop
  endfacet
  facet normal 0 0 -1
    outer loop
      vertex 64 12.9282 0
      vertex 66 12.9282 0
      vertex 64 8.3094 0
    endloop
  endfacet
  facet normal 0 0 -1
    outer loop
      vertex 70 6 0
      vertex 64 8.3094 0
      vertex 66 8.3094 0
    endloop
  endfacet
  facet normal 0 0 -1
    outer loop
      vertex 70 6 0
      vertex 60 6 0
      vertex 64 8.3094 0
    endloop
  endfacet
  facet normal 0 0 -1
    outer loop
      vertex 95 1 0
      vertex 60 6 0
      vertex 70 6 0
    endloop
  endfacet
  facet normal 0 0 -1
    outer loop
      vertex 54 8.3094 0
      vertex 56 12.9282 0
      vertex 56 8.3094 0
    endloop
  endfacet
  facet normal 0 0 -1
    outer loop
      vertex 54 12.9282 0
      vertex 56 12.9282 0
      vertex 54 8.3094 0
    endloop
  endfacet
  facet normal 0 0 -1
    outer loop
      vertex 60 6 0
      vertex 54 8.3094 0
      vertex 56 8.3094 0
    endloop
  endfacet
  facet normal 0 0 -1
    outer loop
      vertex 60 6 0
      vertex 50 6 0
      vertex 54 8.3094 0
    endloop
  endfacet
  facet normal 0 0 -1
    outer loop
      vertex 95 1 0
      vertex 50 6 0
      vertex 60 6 0
    endloop
  endfacet
  facet normal 0 0 -1
    outer loop
      vertex 44 8.3094 0
      vertex 46 12.9282 0
      vertex 46 8.3094 0
    endloop
  endfacet
  facet normal 0 0 -1
    outer loop
      vertex 44 12.9282 0
      vertex 46 12.9282 0
      vertex 44 8.3094 0
    endloop
  endfacet
  facet normal 0 0 -1
    outer loop
      vertex 50 6 0
      vertex 44 8.3094 0
      vertex 46 8.3094 0
    endloop
  endfacet
  facet normal 0 0 -1
    outer loop
      vertex 50 6 0
      vertex 40 6 0
      vertex 44 8.3094 0
    endloop
  endfacet
  facet normal 0 0 -1
    outer loop
      vertex 2 1 0
      vertex 50 6 0
      vertex 95 1 0
    endloop
  endfacet
  facet normal 0 0 -1
    outer loop
      vertex 34 8.3094 0
      vertex 36 12.9282 0
      vertex 36 8.3094 0
    endloop
  endfacet
  facet normal 0 0 -1
    outer loop
      vertex 34 12.9282 0
      vertex 36 12.9282 0
      vertex 34 8.3094 0
    endloop
  endfacet
  facet normal 0 0 -1
    outer loop
      vertex 40 6 0
      vertex 34 8.3094 0
      vertex 36 8.3094 0
    endloop
  endfacet
  facet normal 0 0 -1
    outer loop
      vertex 40 6 0
      vertex 30 6 0
      vertex 34 8.3094 0
    endloop
  endfacet
  facet normal -0 0 -1
    outer loop
      vertex 50 6 0
      vertex 2 1 0
      vertex 40 6 0
    endloop
  endfacet
  facet normal 0 0 -1
    outer loop
      vertex 24 8.3094 0
      vertex 26 12.9282 0
      vertex 26 8.3094 0
    endloop
  endfacet
  facet normal 0 0 -1
    outer loop
      vertex 24 12.9282 0
      vertex 26 12.9282 0
      vertex 24 8.3094 0
    endloop
  endfacet
  facet normal 0 0 -1
    outer loop
      vertex 30 6 0
      vertex 24 8.3094 0
      vertex 26 8.3094 0
    endloop
  endfacet
  facet normal 0 0 -1
    outer loop
      vertex 30 6 0
      vertex 20 6 0
      vertex 24 8.3094 0
    endloop
  endfacet
  facet normal -0 0 -1
    outer loop
      vertex 40 6 0
      vertex 2 1 0
      vertex 30 6 0
    endloop
  endfacet
  facet normal 0 0 -1
    outer loop
      vertex 14 8.3094 0
      vertex 16 12.9282 0
      vertex 16 8.3094 0
    endloop
  endfacet
  facet normal 0 0 -1
    outer loop
      vertex 14 12.9282 0
      vertex 16 12.9282 0
      vertex 14 8.3094 0
    endloop
  endfacet
  facet normal 0 0 -1
    outer loop
      vertex 20 6 0
      vertex 14 8.3094 0
      vertex 16 8.3094 0
    endloop
  endfacet
  facet normal 0 0 -1
    outer loop
      vertex 20 6 0
      vertex 10 6 0
      vertex 14 8.3094 0
    endloop
  endfacet
  facet normal -0 0 -1
    outer loop
      vertex 30 6 0
      vertex 2 1 0
      vertex 20 6 0
    endloop
  endfacet
  facet normal 0 0 -1
    outer loop
      vertex 1 2 0
      vertex 6 12.9282 0
      vertex 6 8.3094 0
    endloop
  endfacet
  facet normal -0 0 -1
    outer loop
      vertex 6 12.9282 0
      vertex 1 2 0
      vertex 6 25.6299 0
    endloop
  endfacet
  facet normal -0 0 -1
    outer loop
      vertex 6 25.6299 0
      vertex 1 2 0
      vertex 6 30.2487 0
    endloop
  endfacet
  facet normal -0 0 -1
    outer loop
      vertex 6 30.2487 0
      vertex 1 2 0
      vertex 6 42.9504 0
    endloop
  endfacet
  facet normal 0 0 -1
    outer loop
      vertex 1 2 0
      vertex 6 8.3094 0
      vertex 2 1 0
    endloop
  endfacet
  facet normal -0 0 -1
    outer loop
      vertex 10 6 0
      vertex 2 1 0
      vertex 6 8.3094 0
    endloop
  endfacet
  facet normal -0 0 -1
    outer loop
      vertex 20 6 0
      vertex 2 1 0
      vertex 10 6 0
    endloop
  endfacet
  facet normal 0 0 -1
    outer loop
      vertex 96 2 0
      vertex 89 21.5885 0
      vertex 89 34.2902 0
    endloop
  endfacet
  facet normal 0 0 -1
    outer loop
      vertex 95.6088 70.7934 0
      vertex 95 71 0
      vertex 95.5 70.866 0
    endloop
  endfacet
  facet normal 0 0 -1
    outer loop
      vertex 95.5 70.866 0
      vertex 95 71 0
      vertex 95.3827 70.9239 0
    endloop
  endfacet
  facet normal 0 0 -1
    outer loop
      vertex 95.3827 70.9239 0
      vertex 95 71 0
      vertex 95.2588 70.9659 0
    endloop
  endfacet
  facet normal 0 0 -1
    outer loop
      vertex 95.2588 70.9659 0
      vertex 95 71 0
      vertex 95.1305 70.9914 0
    endloop
  endfacet
  facet normal 0 0 -1
    outer loop
      vertex 95.9914 70.1305 0
      vertex 95 71 0
      vertex 95.9659 70.2588 0
    endloop
  endfacet
  facet normal 0 0 -1
    outer loop
      vertex 75 58.5389 0
      vertex 85 58.5389 0
      vertex 81 56.2295 0
    endloop
  endfacet
  facet normal 0 0 -1
    outer loop
      vertex 81 51.6107 0
      vertex 79 51.6107 0
      vertex 81 56.2295 0
    endloop
  endfacet
  facet normal 0 0 -1
    outer loop
      vertex 79 56.2295 0
      vertex 81 56.2295 0
      vertex 79 51.6107 0
    endloop
  endfacet
  facet normal 0 0 -1
    outer loop
      vertex 75 58.5389 0
      vertex 81 56.2295 0
      vertex 79 56.2295 0
    endloop
  endfacet
  facet normal 0 0 -1
    outer loop
      vertex 85 58.5389 0
      vertex 75 58.5389 0
      vertex 95 71 0
    endloop
  endfacet
  facet normal 0 0 -1
    outer loop
      vertex 65 58.5389 0
      vertex 75 58.5389 0
      vertex 71 56.2295 0
    endloop
  endfacet
  facet normal 0 0 -1
    outer loop
      vertex 71 51.6107 0
      vertex 69 51.6107 0
      vertex 71 56.2295 0
    endloop
  endfacet
  facet normal 0 0 -1
    outer loop
      vertex 69 56.2295 0
      vertex 71 56.2295 0
      vertex 69 51.6107 0
    endloop
  endfacet
  facet normal 0 0 -1
    outer loop
      vertex 65 58.5389 0
      vertex 71 56.2295 0
      vertex 69 56.2295 0
    endloop
  endfacet
  facet normal 0 0 -1
    outer loop
      vertex 75 58.5389 0
      vertex 65 58.5389 0
      vertex 95 71 0
    endloop
  endfacet
  facet normal 0 0 -1
    outer loop
      vertex 61 51.6107 0
      vertex 59 51.6107 0
      vertex 61 56.2295 0
    endloop
  endfacet
  facet normal 0 0 -1
    outer loop
      vertex 59 56.2295 0
      vertex 61 56.2295 0
      vertex 59 51.6107 0
    endloop
  endfacet
  facet normal 0 0 -1
    outer loop
      vertex 59 56.2295 0
      vertex 65 58.5389 0
      vertex 61 56.2295 0
    endloop
  endfacet
  facet normal 0 0 -1
    outer loop
      vertex 55 58.5389 0
      vertex 65 58.5389 0
      vertex 59 56.2295 0
    endloop
  endfacet
  facet normal 0 0 -1
    outer loop
      vertex 65 58.5389 0
      vertex 55 58.5389 0
      vertex 95 71 0
    endloop
  endfacet
  facet normal 0 0 -1
    outer loop
      vertex 51 51.6107 0
      vertex 49 51.6107 0
      vertex 51 56.2295 0
    endloop
  endfacet
  facet normal 0 0 -1
    outer loop
      vertex 49 56.2295 0
      vertex 51 56.2295 0
      vertex 49 51.6107 0
    endloop
  endfacet
  facet normal 0 0 -1
    outer loop
      vertex 49 56.2295 0
      vertex 55 58.5389 0
      vertex 51 56.2295 0
    endloop
  endfacet
  facet normal 0 0 -1
    outer loop
      vertex 45 58.5389 0
      vertex 55 58.5389 0
      vertex 49 56.2295 0
    endloop
  endfacet
  facet normal 0 0 -1
    outer loop
      vertex 45 58.5389 0
      vertex 95 71 0
      vertex 55 58.5389 0
    endloop
  endfacet
  facet normal 0 0 -1
    outer loop
      vertex 41 51.6107 0
      vertex 39 51.6107 0
      vertex 41 56.2295 0
    endloop
  endfacet
  facet normal 0 0 -1
    outer loop
      vertex 39 56.2295 0
      vertex 41 56.2295 0
      vertex 39 51.6107 0
    endloop
  endfacet
  facet normal 0 0 -1
    outer loop
      vertex 39 56.2295 0
      vertex 45 58.5389 0
      vertex 41 56.2295 0
    endloop
  endfacet
  facet normal 0 0 -1
    outer loop
      vertex 35 58.5389 0
      vertex 45 58.5389 0
      vertex 39 56.2295 0
    endloop
  endfacet
  facet normal 0 0 -1
    outer loop
      vertex 2 71 0
      vertex 45 58.5389 0
      vertex 35 58.5389 0
    endloop
  endfacet
  facet normal 0 0 -1
    outer loop
      vertex 31 51.6107 0
      vertex 29 51.6107 0
      vertex 31 56.2295 0
    endloop
  endfacet
  facet normal 0 0 -1
    outer loop
      vertex 29 56.2295 0
      vertex 31 56.2295 0
      vertex 29 51.6107 0
    endloop
  endfacet
  facet normal 0 0 -1
    outer loop
      vertex 29 56.2295 0
      vertex 35 58.5389 0
      vertex 31 56.2295 0
    endloop
  endfacet
  facet normal 0 0 -1
    outer loop
      vertex 25 58.5389 0
      vertex 35 58.5389 0
      vertex 29 56.2295 0
    endloop
  endfacet
  facet normal 0 0 -1
    outer loop
      vertex 2 71 0
      vertex 35 58.5389 0
      vertex 25 58.5389 0
    endloop
  endfacet
  facet normal 0 0 -1
    outer loop
      vertex 21 51.6107 0
      vertex 19 51.6107 0
      vertex 21 56.2295 0
    endloop
  endfacet
  facet normal 0 0 -1
    outer loop
      vertex 19 56.2295 0
      vertex 21 56.2295 0
      vertex 19 51.6107 0
    endloop
  endfacet
  facet normal 0 0 -1
    outer loop
      vertex 19 56.2295 0
      vertex 25 58.5389 0
      vertex 21 56.2295 0
    endloop
  endfacet
  facet normal 0 0 -1
    outer loop
      vertex 15 58.5389 0
      vertex 25 58.5389 0
      vertex 19 56.2295 0
    endloop
  endfacet
  facet normal 0 0 -1
    outer loop
      vertex 2 71 0
      vertex 25 58.5389 0
      vertex 15 58.5389 0
    endloop
  endfacet
  facet normal 0 0 -1
    outer loop
      vertex 6 47.5692 0
      vertex 11 56.2295 0
      vertex 10 49.8786 0
    endloop
  endfacet
  facet normal 0 0 -1
    outer loop
      vertex 45 58.5389 0
      vertex 2 71 0
      vertex 95 71 0
    endloop
  endfacet
  facet normal 0 0 -1
    outer loop
      vertex 11 56.2295 0
      vertex 2 71 0
      vertex 15 58.5389 0
    endloop
  endfacet
  facet normal 0 0 -1
    outer loop
      vertex 1 70 0
      vertex 11 56.2295 0
      vertex 6 47.5692 0
    endloop
  endfacet
  facet normal 0 0 -1
    outer loop
      vertex 1 70 0
      vertex 6 42.9504 0
      vertex 1 2 0
    endloop
  endfacet
  facet normal 0 0 -1
    outer loop
      vertex 1 2 0
      vertex 2 1 0
      vertex 1.86948 1.00856 0
    endloop
  endfacet
  facet normal 0 0 -1
    outer loop
      vertex 6 42.9504 0
      vertex 1 70 0
      vertex 6 47.5692 0
    endloop
  endfacet
  facet normal 0 0 -1
    outer loop
      vertex 1 2 0
      vertex 1.86948 1.00856 0
      vertex 1.74118 1.03407 0
    endloop
  endfacet
  facet normal 0 0 -1
    outer loop
      vertex 11 56.2295 0
      vertex 1 70 0
      vertex 2 71 0
    endloop
  endfacet
  facet normal 0 0 -1
    outer loop
      vertex 1 2 0
      vertex 1.74118 1.03407 0
      vertex 1.61731 1.07613 0
    endloop
  endfacet
  facet normal 0 0 -1
    outer loop
      vertex 2 71 0
      vertex 1 70 0
      vertex 1.86948 70.9914 0
    endloop
  endfacet
  facet normal 0 0 -1
    outer loop
      vertex 1 2 0
      vertex 1.61731 1.07613 0
      vertex 1.5 1.13397 0
    endloop
  endfacet
  facet normal 0 0 -1
    outer loop
      vertex 1.86948 70.9914 0
      vertex 1 70 0
      vertex 1.74118 70.9659 0
    endloop
  endfacet
  facet normal 0 0 -1
    outer loop
      vertex 1 2 0
      vertex 1.5 1.13397 0
      vertex 1.39124 1.20665 0
    endloop
  endfacet
  facet normal 0 0 -1
    outer loop
      vertex 1.74118 70.9659 0
      vertex 1 70 0
      vertex 1.61731 70.9239 0
    endloop
  endfacet
  facet normal 0 0 -1
    outer loop
      vertex 1 2 0
      vertex 1.39124 1.20665 0
      vertex 1.29289 1.29289 0
    endloop
  endfacet
  facet normal 0 0 -1
    outer loop
      vertex 1.61731 70.9239 0
      vertex 1 70 0
      vertex 1.5 70.866 0
    endloop
  endfacet
  facet normal 0 0 -1
    outer loop
      vertex 1 2 0
      vertex 1.29289 1.29289 0
      vertex 1.20665 1.39124 0
    endloop
  endfacet
  facet normal 0 0 -1
    outer loop
      vertex 1.5 70.866 0
      vertex 1 70 0
      vertex 1.39124 70.7934 0
    endloop
  endfacet
  facet normal 0 0 -1
    outer loop
      vertex 1 2 0
      vertex 1.20665 1.39124 0
      vertex 1.13397 1.5 0
    endloop
  endfacet
  facet normal 0 0 -1
    outer loop
      vertex 1.39124 70.7934 0
      vertex 1 70 0
      vertex 1.29289 70.7071 0
    endloop
  endfacet
  facet normal 0 0 -1
    outer loop
      vertex 1 2 0
      vertex 1.13397 1.5 0
      vertex 1.07613 1.61731 0
    endloop
  endfacet
  facet normal 0 0 -1
    outer loop
      vertex 1.29289 70.7071 0
      vertex 1 70 0
      vertex 1.20665 70.6088 0
    endloop
  endfacet
  facet normal 0 0 -1
    outer loop
      vertex 1 2 0
      vertex 1.07613 1.61731 0
      vertex 1.03407 1.74118 0
    endloop
  endfacet
  facet normal 0 0 -1
    outer loop
      vertex 1.20665 70.6088 0
      vertex 1 70 0
      vertex 1.13397 70.5 0
    endloop
  endfacet
  facet normal 0 0 -1
    outer loop
      vertex 1 2 0
      vertex 1.03407 1.74118 0
      vertex 1.00856 1.86948 0
    endloop
  endfacet
  facet normal 0 0 -1
    outer loop
      vertex 1.13397 70.5 0
      vertex 1 70 0
      vertex 1.07613 70.3827 0
    endloop
  endfacet
  facet normal 0 0 -1
    outer loop
      vertex 1.07613 70.3827 0
      vertex 1 70 0
      vertex 1.03407 70.2588 0
    endloop
  endfacet
  facet normal 0 0 -1
    outer loop
      vertex 1.03407 70.2588 0
      vertex 1 70 0
      vertex 1.00856 70.1305 0
    endloop
  endfacet
  facet normal 0 0 -1
    outer loop
      vertex 84 12.9282 0
      vertex 85 14.6603 0
      vertex 84 8.3094 0
    endloop
  endfacet
  facet normal 0 0 -1
    outer loop
      vertex 84 12.9282 0
      vertex 81 16.9697 0
      vertex 85 14.6603 0
    endloop
  endfacet
  facet normal 0 0 -1
    outer loop
      vertex 79 16.9697 0
      vertex 81 16.9697 0
      vertex 80 15.2376 0
    endloop
  endfacet
  facet normal 0 0 -1
    outer loop
      vertex 80 15.2376 0
      vertex 81 16.9697 0
      vertex 84 12.9282 0
    endloop
  endfacet
  facet normal 0 0 -1
    outer loop
      vertex 84 30.2487 0
      vertex 85 31.9808 0
      vertex 84 25.6299 0
    endloop
  endfacet
  facet normal 0 0 -1
    outer loop
      vertex 84 30.2487 0
      vertex 81 34.2902 0
      vertex 85 31.9808 0
    endloop
  endfacet
  facet normal 0 0 -1
    outer loop
      vertex 79 34.2902 0
      vertex 81 34.2902 0
      vertex 80 32.5581 0
    endloop
  endfacet
  facet normal 0 0 -1
    outer loop
      vertex 80 32.5581 0
      vertex 81 34.2902 0
      vertex 84 30.2487 0
    endloop
  endfacet
  facet normal 0 0 -1
    outer loop
      vertex 84 47.5692 0
      vertex 85 49.3013 0
      vertex 84 42.9504 0
    endloop
  endfacet
  facet normal 0 0 -1
    outer loop
      vertex 84 47.5692 0
      vertex 81 51.6107 0
      vertex 85 49.3013 0
    endloop
  endfacet
  facet normal 0 0 -1
    outer loop
      vertex 79 51.6107 0
      vertex 81 51.6107 0
      vertex 80 49.8786 0
    endloop
  endfacet
  facet normal 0 0 -1
    outer loop
      vertex 80 49.8786 0
      vertex 81 51.6107 0
      vertex 84 47.5692 0
    endloop
  endfacet
  facet normal -0.89685 0.442335 0
    outer loop
      vertex 0.152237 70.7654 1
      vertex 0.267944 71 49.6
      vertex 0.267944 71 1
    endloop
  endfacet
  facet normal -0.89685 0.442335 0
    outer loop
      vertex 0.267944 71 49.6
      vertex 0.152237 70.7654 1
      vertex 0.152237 70.7654 49.6
    endloop
  endfacet
  facet normal 0.0653771 0.997861 -0
    outer loop
      vertex 95.261 71.9829 1
      vertex 95 72 49.6
      vertex 95.261 71.9829 49.6
    endloop
  endfacet
  facet normal 0.0653771 0.997861 0
    outer loop
      vertex 95 72 49.6
      vertex 95.261 71.9829 1
      vertex 95 72 1
    endloop
  endfacet
  facet normal 0.706305 0.0465458 -0.706376
    outer loop
      vertex 96 70 0
      vertex 95.9914 70.1305 0
      vertex 96.9829 70.261 1
    endloop
  endfacet
  facet normal 0.532224 0.466744 -0.70632
    outer loop
      vertex 95.7934 70.6088 0
      vertex 96.4142 71.4142 1
      vertex 96.5867 71.2175 1
    endloop
  endfacet
  facet normal 0.531944 0.467006 -0.706358
    outer loop
      vertex 96.4142 71.4142 1
      vertex 95.7934 70.6088 0
      vertex 95.7071 70.7071 0
    endloop
  endfacet
  facet normal 0.442314 0.89686 -0
    outer loop
      vertex 96 71.7321 1
      vertex 95.7654 71.8478 49.6
      vertex 96 71.7321 49.6
    endloop
  endfacet
  facet normal 0.442314 0.89686 0
    outer loop
      vertex 95.7654 71.8478 49.6
      vertex 96 71.7321 1
      vertex 95.7654 71.8478 1
    endloop
  endfacet
  facet normal -0.138042 -0.694268 -0.706354
    outer loop
      vertex 1.86948 1.00856 0
      vertex 1.73895 0.0171051 1
      vertex 1.74118 1.03407 0
    endloop
  endfacet
  facet normal 0.670289 0.227487 -0.706373
    outer loop
      vertex 96.9319 70.5176 1
      vertex 95.9659 70.2588 0
      vertex 96.8478 70.7654 1
    endloop
  endfacet
  facet normal 0.89686 0.442314 0
    outer loop
      vertex 96.8478 70.7654 49.6
      vertex 96.7321 71 1
      vertex 96.7321 71 49.6
    endloop
  endfacet
  facet normal 0.89686 0.442314 0
    outer loop
      vertex 96.7321 71 1
      vertex 96.8478 70.7654 49.6
      vertex 96.8478 70.7654 1
    endloop
  endfacet
  facet normal -0.831456 -0.555591 0
    outer loop
      vertex 0.4133 0.782471 1
      vertex 0.267944 1 49.6
      vertex 0.267944 1 1
    endloop
  endfacet
  facet normal -0.831456 -0.555591 0
    outer loop
      vertex 0.267944 1 49.6
      vertex 0.4133 0.782471 1
      vertex 0.4133 0.782471 49.6
    endloop
  endfacet
  facet normal -0.588625 0.39321 -0.706333
    outer loop
      vertex 1.13397 70.5 0
      vertex 0.4133 71.2175 1
      vertex 1.20665 70.6088 0
    endloop
  endfacet
  facet normal -0.588535 0.39332 -0.706347
    outer loop
      vertex 0.4133 71.2175 1
      vertex 1.13397 70.5 0
      vertex 0.267944 71 1
    endloop
  endfacet
  facet normal 0.555642 -0.831422 0
    outer loop
      vertex 96 0.267944 1
      vertex 96.2175 0.4133 49.6
      vertex 96 0.267944 49.6
    endloop
  endfacet
  facet normal 0.555642 -0.831422 0
    outer loop
      vertex 96.2175 0.4133 49.6
      vertex 96 0.267944 1
      vertex 96.2175 0.4133 1
    endloop
  endfacet
  facet normal 0.138042 -0.69427 -0.706352
    outer loop
      vertex 95.261 0.0171051 1
      vertex 95.1305 1.00856 0
      vertex 95.2588 1.03407 0
    endloop
  endfacet
  facet normal 0.0463317 -0.706342 -0.706353
    outer loop
      vertex 95.261 0.0171051 1
      vertex 95 1 0
      vertex 95.1305 1.00856 0
    endloop
  endfacet
  facet normal -0.046283 -0.706349 -0.706349
    outer loop
      vertex 2 0 1
      vertex 1.73895 0.0171051 1
      vertex 2 1 0
    endloop
  endfacet
  facet normal -0.321463 0.946922 0
    outer loop
      vertex 1.48236 71.9319 1
      vertex 1.23463 71.8478 49.6
      vertex 1.48236 71.9319 49.6
    endloop
  endfacet
  facet normal -0.321463 0.946922 0
    outer loop
      vertex 1.23463 71.8478 49.6
      vertex 1.48236 71.9319 1
      vertex 1.23463 71.8478 1
    endloop
  endfacet
  facet normal -0.980784 -0.195097 0
    outer loop
      vertex 0.0681458 1.48236 1
      vertex 0.0171051 1.73895 49.6
      vertex 0.0171051 1.73895 1
    endloop
  endfacet
  facet normal -0.980784 -0.195097 0
    outer loop
      vertex 0.0171051 1.73895 49.6
      vertex 0.0681458 1.48236 1
      vertex 0.0681458 1.48236 49.6
    endloop
  endfacet
  facet normal -0.137986 0.694261 -0.706372
    outer loop
      vertex 1.74118 70.9659 0
      vertex 1.73895 71.9829 1
      vertex 1.86948 70.9914 0
    endloop
  endfacet
  facet normal 0.227487 0.670289 -0.706373
    outer loop
      vertex 95.7654 71.8478 1
      vertex 95.2588 70.9659 0
      vertex 95.5176 71.9319 1
    endloop
  endfacet
  facet normal 0.19494 0.980815 -0
    outer loop
      vertex 95.5176 71.9319 1
      vertex 95.261 71.9829 49.6
      vertex 95.5176 71.9319 49.6
    endloop
  endfacet
  facet normal 0.19494 0.980815 0
    outer loop
      vertex 95.261 71.9829 49.6
      vertex 95.5176 71.9319 1
      vertex 95.261 71.9829 1
    endloop
  endfacet
  facet normal 0.751842 0.659343 0
    outer loop
      vertex 96.5867 71.2175 49.6
      vertex 96.4142 71.4142 1
      vertex 96.4142 71.4142 49.6
    endloop
  endfacet
  facet normal 0.751842 0.659343 0
    outer loop
      vertex 96.4142 71.4142 1
      vertex 96.5867 71.2175 49.6
      vertex 96.5867 71.2175 1
    endloop
  endfacet
  facet normal -0.706349 -0.046283 -0.706349
    outer loop
      vertex 0.0171051 1.73895 1
      vertex 0 2 1
      vertex 1 2 0
    endloop
  endfacet
  facet normal -0.751871 0.659311 0
    outer loop
      vertex 0.4133 71.2175 1
      vertex 0.585785 71.4142 49.6
      vertex 0.585785 71.4142 1
    endloop
  endfacet
  facet normal -0.751871 0.659311 0
    outer loop
      vertex 0.585785 71.4142 49.6
      vertex 0.4133 71.2175 1
      vertex 0.4133 71.2175 49.6
    endloop
  endfacet
  facet normal 0.555758 0.831344 -0
    outer loop
      vertex 96.2175 71.5867 1
      vertex 96 71.7321 49.6
      vertex 96.2175 71.5867 49.6
    endloop
  endfacet
  facet normal 0.555758 0.831344 0
    outer loop
      vertex 96 71.7321 49.6
      vertex 96.2175 71.5867 1
      vertex 96 71.7321 1
    endloop
  endfacet
  facet normal 0.94695 0.321382 0
    outer loop
      vertex 96.9319 70.5176 49.6
      vertex 96.8478 70.7654 1
      vertex 96.8478 70.7654 49.6
    endloop
  endfacet
  facet normal 0.94695 0.321382 0
    outer loop
      vertex 96.8478 70.7654 1
      vertex 96.9319 70.5176 49.6
      vertex 96.9319 70.5176 1
    endloop
  endfacet
  facet normal 0.466728 0.532205 -0.706345
    outer loop
      vertex 95.7071 70.7071 0
      vertex 96.2175 71.5867 1
      vertex 96.4142 71.4142 1
    endloop
  endfacet
  facet normal 0.467039 0.531981 -0.706308
    outer loop
      vertex 96.2175 71.5867 1
      vertex 95.7071 70.7071 0
      vertex 95.6088 70.7934 0
    endloop
  endfacet
  facet normal 0.137987 0.694263 -0.70637
    outer loop
      vertex 95.5176 71.9319 1
      vertex 95.2588 70.9659 0
      vertex 95.261 71.9829 1
    endloop
  endfacet
  facet normal -0.555591 -0.831456 0
    outer loop
      vertex 0.782471 0.4133 1
      vertex 1 0.267944 49.6
      vertex 0.782471 0.4133 49.6
    endloop
  endfacet
  facet normal -0.555591 -0.831456 -0
    outer loop
      vertex 1 0.267944 49.6
      vertex 0.782471 0.4133 1
      vertex 1 0.267944 1
    endloop
  endfacet
  facet normal -0.670273 -0.227591 -0.706355
    outer loop
      vertex 1.07613 1.61731 0
      vertex 0.152237 1.23463 1
      vertex 1.03407 1.74118 0
    endloop
  endfacet
  facet normal 0.634834 0.313087 -0.706373
    outer loop
      vertex 96.8478 70.7654 1
      vertex 95.866 70.5 0
      vertex 96.7321 71 1
    endloop
  endfacet
  facet normal -0.393302 -0.588546 -0.706347
    outer loop
      vertex 1 0.267944 1
      vertex 1.39124 1.20665 0
      vertex 1.5 1.13397 0
    endloop
  endfacet
  facet normal -0.393282 -0.588557 -0.70635
    outer loop
      vertex 1.39124 1.20665 0
      vertex 1 0.267944 1
      vertex 0.782471 0.4133 1
    endloop
  endfacet
  facet normal -0.194947 0.980814 0
    outer loop
      vertex 1.73895 71.9829 1
      vertex 1.48236 71.9319 49.6
      vertex 1.73895 71.9829 49.6
    endloop
  endfacet
  facet normal -0.194947 0.980814 0
    outer loop
      vertex 1.48236 71.9319 49.6
      vertex 1.73895 71.9829 1
      vertex 1.48236 71.9319 1
    endloop
  endfacet
  facet normal 0.707107 0 -0.707107
    outer loop
      vertex 97 2 1
      vertex 96 70 0
      vertex 97 70 1
    endloop
  endfacet
  facet normal 0.707107 0 -0.707107
    outer loop
      vertex 96 70 0
      vertex 97 2 1
      vertex 96 2 0
    endloop
  endfacet
  facet normal -0.466891 0.532082 -0.70633
    outer loop
      vertex 1.29289 70.7071 0
      vertex 0.782471 71.5867 1
      vertex 1.39124 70.7934 0
    endloop
  endfacet
  facet normal -0.466745 0.532187 -0.706347
    outer loop
      vertex 0.782471 71.5867 1
      vertex 1.29289 70.7071 0
      vertex 0.585785 71.4142 1
    endloop
  endfacet
  facet normal -0.0463246 -0.706342 -0.706353
    outer loop
      vertex 2 1 0
      vertex 1.73895 0.0171051 1
      vertex 1.86948 1.00856 0
    endloop
  endfacet
  facet normal 0.694261 -0.137986 -0.706372
    outer loop
      vertex 96.9829 1.73895 1
      vertex 95.9659 1.74118 0
      vertex 95.9914 1.86948 0
    endloop
  endfacet
  facet normal 0.694263 0.137987 -0.70637
    outer loop
      vertex 95.9914 70.1305 0
      vertex 95.9659 70.2588 0
      vertex 96.9829 70.261 1
    endloop
  endfacet
  facet normal 0.0653965 -0.997859 0
    outer loop
      vertex 95 0 1
      vertex 95.261 0.0171051 49.6
      vertex 95 0 49.6
    endloop
  endfacet
  facet normal 0.0653965 -0.997859 0
    outer loop
      vertex 95.261 0.0171051 49.6
      vertex 95 0 1
      vertex 95.261 0.0171051 1
    endloop
  endfacet
  facet normal 0.831344 0.555758 0
    outer loop
      vertex 96.7321 71 49.6
      vertex 96.5867 71.2175 1
      vertex 96.5867 71.2175 49.6
    endloop
  endfacet
  facet normal 0.831344 0.555758 0
    outer loop
      vertex 96.5867 71.2175 1
      vertex 96.7321 71 49.6
      vertex 96.7321 71 1
    endloop
  endfacet
  facet normal 0.634748 0.313315 -0.706349
    outer loop
      vertex 95.9239 70.3827 0
      vertex 95.866 70.5 0
      vertex 96.8478 70.7654 1
    endloop
  endfacet
  facet normal -0.980785 0.19509 0
    outer loop
      vertex 0.0171051 70.261 1
      vertex 0.0681458 70.5176 49.6
      vertex 0.0681458 70.5176 1
    endloop
  endfacet
  facet normal -0.980785 0.19509 0
    outer loop
      vertex 0.0681458 70.5176 49.6
      vertex 0.0171051 70.261 1
      vertex 0.0171051 70.261 49.6
    endloop
  endfacet
  facet normal -0.313055 0.634851 -0.706372
    outer loop
      vertex 1.5 70.866 0
      vertex 1 71.7321 1
      vertex 1.23463 71.8478 1
    endloop
  endfacet
  facet normal -0.442268 0.896883 0
    outer loop
      vertex 1.23463 71.8478 1
      vertex 1 71.7321 49.6
      vertex 1.23463 71.8478 49.6
    endloop
  endfacet
  facet normal -0.442268 0.896883 0
    outer loop
      vertex 1 71.7321 49.6
      vertex 1.23463 71.8478 1
      vertex 1 71.7321 1
    endloop
  endfacet
  facet normal 0.896883 -0.442268 0
    outer loop
      vertex 96.7321 1 49.6
      vertex 96.8478 1.23463 1
      vertex 96.8478 1.23463 49.6
    endloop
  endfacet
  facet normal 0.896883 -0.442268 0
    outer loop
      vertex 96.8478 1.23463 1
      vertex 96.7321 1 49.6
      vertex 96.7321 1 1
    endloop
  endfacet
  facet normal 0.138097 -0.694265 -0.706347
    outer loop
      vertex 95.261 0.0171051 1
      vertex 95.2588 1.03407 0
      vertex 95.5176 0.0681458 1
    endloop
  endfacet
  facet normal -0.227591 -0.670273 -0.706355
    outer loop
      vertex 1.74118 1.03407 0
      vertex 1.23463 0.152237 1
      vertex 1.61731 1.07613 0
    endloop
  endfacet
  facet normal -0.313081 -0.634864 -0.706349
    outer loop
      vertex 1.23463 0.152237 1
      vertex 1 0.267944 1
      vertex 1.5 1.13397 0
    endloop
  endfacet
  facet normal -0.138102 -0.694262 -0.706348
    outer loop
      vertex 1.73895 0.0171051 1
      vertex 1.48236 0.0681458 1
      vertex 1.74118 1.03407 0
    endloop
  endfacet
  facet normal 0.588465 0.393392 -0.706365
    outer loop
      vertex 95.866 70.5 0
      vertex 96.5867 71.2175 1
      vertex 96.7321 71 1
    endloop
  endfacet
  facet normal 0.588847 0.392926 -0.706306
    outer loop
      vertex 96.5867 71.2175 1
      vertex 95.866 70.5 0
      vertex 95.7934 70.6088 0
    endloop
  endfacet
  facet normal 0.137987 0.694263 -0.70637
    outer loop
      vertex 95.2588 70.9659 0
      vertex 95.1305 70.9914 0
      vertex 95.261 71.9829 1
    endloop
  endfacet
  facet normal 0.670379 -0.227302 -0.706347
    outer loop
      vertex 96.8478 1.23463 1
      vertex 95.9239 1.61731 0
      vertex 95.9659 1.74118 0
    endloop
  endfacet
  facet normal 0.588488 -0.393355 -0.706367
    outer loop
      vertex 96.5867 0.782471 1
      vertex 95.866 1.5 0
      vertex 96.7321 1 1
    endloop
  endfacet
  facet normal 0.588766 -0.393016 -0.706324
    outer loop
      vertex 95.866 1.5 0
      vertex 96.5867 0.782471 1
      vertex 95.7934 1.39124 0
    endloop
  endfacet
  facet normal -0.706342 0.0463317 -0.706353
    outer loop
      vertex 1 70 0
      vertex 0.0171051 70.261 1
      vertex 1.00856 70.1305 0
    endloop
  endfacet
  facet normal 0.997861 -0.0653646 0
    outer loop
      vertex 96.9829 1.73895 49.6
      vertex 97 2 1
      vertex 97 2 49.6
    endloop
  endfacet
  facet normal 0.997861 -0.0653646 0
    outer loop
      vertex 97 2 1
      vertex 96.9829 1.73895 49.6
      vertex 96.9829 1.73895 1
    endloop
  endfacet
  facet normal 0.442335 -0.89685 0
    outer loop
      vertex 95.7654 0.152237 1
      vertex 96 0.267944 49.6
      vertex 95.7654 0.152237 49.6
    endloop
  endfacet
  facet normal 0.442335 -0.89685 0
    outer loop
      vertex 96 0.267944 49.6
      vertex 95.7654 0.152237 1
      vertex 96 0.267944 1
    endloop
  endfacet
  facet normal -0.466693 -0.532227 -0.706351
    outer loop
      vertex 0.782471 0.4133 1
      vertex 1.29289 1.29289 0
      vertex 1.39124 1.20665 0
    endloop
  endfacet
  facet normal -0.466722 -0.532207 -0.706347
    outer loop
      vertex 1.29289 1.29289 0
      vertex 0.782471 0.4133 1
      vertex 0.585785 0.585785 1
    endloop
  endfacet
  facet normal 0.634851 -0.313055 -0.706372
    outer loop
      vertex 96.7321 1 1
      vertex 95.866 1.5 0
      vertex 96.8478 1.23463 1
    endloop
  endfacet
  facet normal 0.831378 -0.555707 0
    outer loop
      vertex 96.5867 0.782471 49.6
      vertex 96.7321 1 1
      vertex 96.7321 1 49.6
    endloop
  endfacet
  facet normal 0.831378 -0.555707 0
    outer loop
      vertex 96.7321 1 1
      vertex 96.5867 0.782471 49.6
      vertex 96.5867 0.782471 1
    endloop
  endfacet
  facet normal 0.63476 -0.313295 -0.706347
    outer loop
      vertex 96.8478 1.23463 1
      vertex 95.866 1.5 0
      vertex 95.9239 1.61731 0
    endloop
  endfacet
  facet normal -0.831422 0.555642 0
    outer loop
      vertex 0.267944 71 1
      vertex 0.4133 71.2175 49.6
      vertex 0.4133 71.2175 1
    endloop
  endfacet
  facet normal -0.831422 0.555642 0
    outer loop
      vertex 0.4133 71.2175 49.6
      vertex 0.267944 71 1
      vertex 0.267944 71 49.6
    endloop
  endfacet
  facet normal -0.670319 0.227474 -0.706348
    outer loop
      vertex 1.03407 70.2588 0
      vertex 0.0681458 70.5176 1
      vertex 0.152237 70.7654 1
    endloop
  endfacet
  facet normal -0.94696 0.321352 0
    outer loop
      vertex 0.0681458 70.5176 1
      vertex 0.152237 70.7654 49.6
      vertex 0.152237 70.7654 1
    endloop
  endfacet
  facet normal -0.94696 0.321352 0
    outer loop
      vertex 0.152237 70.7654 49.6
      vertex 0.0681458 70.5176 1
      vertex 0.0681458 70.5176 49.6
    endloop
  endfacet
  facet normal -0.555707 0.831378 0
    outer loop
      vertex 1 71.7321 1
      vertex 0.782471 71.5867 49.6
      vertex 1 71.7321 49.6
    endloop
  endfacet
  facet normal -0.555707 0.831378 0
    outer loop
      vertex 0.782471 71.5867 49.6
      vertex 1 71.7321 1
      vertex 0.782471 71.5867 1
    endloop
  endfacet
  facet normal 0.751819 -0.65937 0
    outer loop
      vertex 96.4142 0.585785 49.6
      vertex 96.5867 0.782471 1
      vertex 96.5867 0.782471 49.6
    endloop
  endfacet
  facet normal 0.751819 -0.65937 0
    outer loop
      vertex 96.5867 0.782471 1
      vertex 96.4142 0.585785 49.6
      vertex 96.4142 0.585785 1
    endloop
  endfacet
  facet normal -0.706342 -0.0463246 -0.706353
    outer loop
      vertex 1.00856 1.86948 0
      vertex 0.0171051 1.73895 1
      vertex 1 2 0
    endloop
  endfacet
  facet normal -0.195097 -0.980784 0
    outer loop
      vertex 1.48236 0.0681458 1
      vertex 1.73895 0.0171051 49.6
      vertex 1.48236 0.0681458 49.6
    endloop
  endfacet
  facet normal -0.195097 -0.980784 -0
    outer loop
      vertex 1.73895 0.0171051 49.6
      vertex 1.48236 0.0681458 1
      vertex 1.73895 0.0171051 1
    endloop
  endfacet
  facet normal 0.227474 -0.670319 -0.706348
    outer loop
      vertex 95.5176 0.0681458 1
      vertex 95.2588 1.03407 0
      vertex 95.7654 0.152237 1
    endloop
  endfacet
  facet normal 0.227541 -0.670289 -0.706355
    outer loop
      vertex 95.7654 0.152237 1
      vertex 95.2588 1.03407 0
      vertex 95.3827 1.07613 0
    endloop
  endfacet
  facet normal -0.63487 0.313051 -0.706356
    outer loop
      vertex 1.07613 70.3827 0
      vertex 0.152237 70.7654 1
      vertex 1.13397 70.5 0
    endloop
  endfacet
  facet normal -0.6703 -0.227531 -0.706348
    outer loop
      vertex 0.152237 1.23463 1
      vertex 0.0681458 1.48236 1
      vertex 1.03407 1.74118 0
    endloop
  endfacet
  facet normal 0.997861 0.0653771 0
    outer loop
      vertex 97 70 49.6
      vertex 96.9829 70.261 1
      vertex 96.9829 70.261 49.6
    endloop
  endfacet
  facet normal 0.997861 0.0653771 0
    outer loop
      vertex 96.9829 70.261 1
      vertex 97 70 49.6
      vertex 97 70 1
    endloop
  endfacet
  facet normal 0.980815 0.19494 0
    outer loop
      vertex 96.9829 70.261 49.6
      vertex 96.9319 70.5176 1
      vertex 96.9319 70.5176 49.6
    endloop
  endfacet
  facet normal 0.980815 0.19494 0
    outer loop
      vertex 96.9319 70.5176 1
      vertex 96.9829 70.261 49.6
      vertex 96.9829 70.261 1
    endloop
  endfacet
  facet normal -0.321433 -0.946932 0
    outer loop
      vertex 1.23463 0.152237 1
      vertex 1.48236 0.0681458 49.6
      vertex 1.23463 0.152237 49.6
    endloop
  endfacet
  facet normal -0.321433 -0.946932 -0
    outer loop
      vertex 1.48236 0.0681458 49.6
      vertex 1.23463 0.152237 1
      vertex 1.48236 0.0681458 1
    endloop
  endfacet
  facet normal 0.706305 -0.0465386 -0.706376
    outer loop
      vertex 96.9829 1.73895 1
      vertex 95.9914 1.86948 0
      vertex 96 2 0
    endloop
  endfacet
  facet normal -0.694265 0.138097 -0.706347
    outer loop
      vertex 1.03407 70.2588 0
      vertex 0.0171051 70.261 1
      vertex 0.0681458 70.5176 1
    endloop
  endfacet
  facet normal -0.392984 0.588718 -0.706381
    outer loop
      vertex 1.39124 70.7934 0
      vertex 1 71.7321 1
      vertex 1.5 70.866 0
    endloop
  endfacet
  facet normal -0.393371 0.588511 -0.706338
    outer loop
      vertex 1 71.7321 1
      vertex 1.39124 70.7934 0
      vertex 0.782471 71.5867 1
    endloop
  endfacet
  facet normal -0.694268 -0.138042 -0.706354
    outer loop
      vertex 1.03407 1.74118 0
      vertex 0.0171051 1.73895 1
      vertex 1.00856 1.86948 0
    endloop
  endfacet
  facet normal -0.31303 -0.634883 -0.706354
    outer loop
      vertex 1.61731 1.07613 0
      vertex 1.23463 0.152237 1
      vertex 1.5 1.13397 0
    endloop
  endfacet
  facet normal 0.980814 -0.194947 0
    outer loop
      vertex 96.9319 1.48236 49.6
      vertex 96.9829 1.73895 1
      vertex 96.9829 1.73895 49.6
    endloop
  endfacet
  facet normal 0.980814 -0.194947 0
    outer loop
      vertex 96.9829 1.73895 1
      vertex 96.9319 1.48236 49.6
      vertex 96.9319 1.48236 1
    endloop
  endfacet
  facet normal 0.659311 -0.751871 0
    outer loop
      vertex 96.2175 0.4133 1
      vertex 96.4142 0.585785 49.6
      vertex 96.2175 0.4133 49.6
    endloop
  endfacet
  facet normal 0.659311 -0.751871 0
    outer loop
      vertex 96.4142 0.585785 49.6
      vertex 96.2175 0.4133 1
      vertex 96.4142 0.585785 1
    endloop
  endfacet
  facet normal 0.313113 -0.634847 -0.70635
    outer loop
      vertex 95.7654 0.152237 1
      vertex 95.5 1.13397 0
      vertex 96 0.267944 1
    endloop
  endfacet
  facet normal 0.313051 -0.63487 -0.706356
    outer loop
      vertex 95.7654 0.152237 1
      vertex 95.3827 1.07613 0
      vertex 95.5 1.13397 0
    endloop
  endfacet
  facet normal -0.706349 0.0462918 -0.706349
    outer loop
      vertex 1 70 0
      vertex 0 70 1
      vertex 0.0171051 70.261 1
    endloop
  endfacet
  facet normal -0.532231 -0.466696 -0.706346
    outer loop
      vertex 0.585785 0.585785 1
      vertex 1.20665 1.39124 0
      vertex 1.29289 1.29289 0
    endloop
  endfacet
  facet normal -0.532205 -0.46672 -0.70635
    outer loop
      vertex 1.20665 1.39124 0
      vertex 0.585785 0.585785 1
      vertex 0.4133 0.782471 1
    endloop
  endfacet
  facet normal -0.69427 0.138042 -0.706352
    outer loop
      vertex 1.00856 70.1305 0
      vertex 0.0171051 70.261 1
      vertex 1.03407 70.2588 0
    endloop
  endfacet
  facet normal -0.53211 0.466827 -0.706351
    outer loop
      vertex 1.20665 70.6088 0
      vertex 0.585785 71.4142 1
      vertex 1.29289 70.7071 0
    endloop
  endfacet
  facet normal -0.532233 0.466712 -0.706334
    outer loop
      vertex 0.585785 71.4142 1
      vertex 1.20665 70.6088 0
      vertex 0.4133 71.2175 1
    endloop
  endfacet
  facet normal 0.19509 -0.980785 0
    outer loop
      vertex 95.261 0.0171051 1
      vertex 95.5176 0.0681458 49.6
      vertex 95.261 0.0171051 49.6
    endloop
  endfacet
  facet normal 0.19509 -0.980785 0
    outer loop
      vertex 95.5176 0.0681458 49.6
      vertex 95.261 0.0171051 1
      vertex 95.5176 0.0681458 1
    endloop
  endfacet
  facet normal 0.532196 -0.466753 -0.706335
    outer loop
      vertex 96.4142 0.585785 1
      vertex 95.7934 1.39124 0
      vertex 96.5867 0.782471 1
    endloop
  endfacet
  facet normal 0.532065 -0.466875 -0.706353
    outer loop
      vertex 95.7934 1.39124 0
      vertex 96.4142 0.585785 1
      vertex 95.7071 1.29289 0
    endloop
  endfacet
  facet normal -0.997859 0.0653965 0
    outer loop
      vertex 0 70 1
      vertex 0.0171051 70.261 49.6
      vertex 0.0171051 70.261 1
    endloop
  endfacet
  facet normal -0.997859 0.0653965 0
    outer loop
      vertex 0.0171051 70.261 49.6
      vertex 0 70 1
      vertex 0 70 49.6
    endloop
  endfacet
  facet normal -0.227531 -0.6703 -0.706348
    outer loop
      vertex 1.48236 0.0681458 1
      vertex 1.23463 0.152237 1
      vertex 1.74118 1.03407 0
    endloop
  endfacet
  facet normal 0.670269 -0.227545 -0.706373
    outer loop
      vertex 96.8478 1.23463 1
      vertex 95.9659 1.74118 0
      vertex 96.9319 1.48236 1
    endloop
  endfacet
  facet normal 0.694261 -0.137992 -0.706371
    outer loop
      vertex 96.9319 1.48236 1
      vertex 95.9659 1.74118 0
      vertex 96.9829 1.73895 1
    endloop
  endfacet
  facet normal -0.896872 -0.44229 0
    outer loop
      vertex 0.267944 1 1
      vertex 0.152237 1.23463 49.6
      vertex 0.152237 1.23463 1
    endloop
  endfacet
  facet normal -0.896872 -0.44229 0
    outer loop
      vertex 0.152237 1.23463 49.6
      vertex 0.267944 1 1
      vertex 0.267944 1 49.6
    endloop
  endfacet
  facet normal -0.634883 -0.31303 -0.706354
    outer loop
      vertex 1.13397 1.5 0
      vertex 0.152237 1.23463 1
      vertex 1.07613 1.61731 0
    endloop
  endfacet
  facet normal 0.393325 -0.588543 -0.706337
    outer loop
      vertex 96 0.267944 1
      vertex 95.6088 1.20665 0
      vertex 96.2175 0.4133 1
    endloop
  endfacet
  facet normal 0.3932 -0.58861 -0.706351
    outer loop
      vertex 95.6088 1.20665 0
      vertex 96 0.267944 1
      vertex 95.5 1.13397 0
    endloop
  endfacet
  facet normal -0.670289 0.227541 -0.706355
    outer loop
      vertex 1.03407 70.2588 0
      vertex 0.152237 70.7654 1
      vertex 1.07613 70.3827 0
    endloop
  endfacet
  facet normal -0.634847 0.313113 -0.70635
    outer loop
      vertex 1.13397 70.5 0
      vertex 0.152237 70.7654 1
      vertex 0.267944 71 1
    endloop
  endfacet
  facet normal -0.65937 0.751819 0
    outer loop
      vertex 0.782471 71.5867 1
      vertex 0.585785 71.4142 49.6
      vertex 0.782471 71.5867 49.6
    endloop
  endfacet
  facet normal -0.65937 0.751819 0
    outer loop
      vertex 0.585785 71.4142 49.6
      vertex 0.782471 71.5867 1
      vertex 0.585785 71.4142 1
    endloop
  endfacet
  facet normal -0.634864 -0.313081 -0.706349
    outer loop
      vertex 0.267944 1 1
      vertex 0.152237 1.23463 1
      vertex 1.13397 1.5 0
    endloop
  endfacet
  facet normal -0.99786 -0.065384 0
    outer loop
      vertex 0.0171051 1.73895 1
      vertex 0 2 49.6
      vertex 0 2 1
    endloop
  endfacet
  facet normal -0.99786 -0.065384 0
    outer loop
      vertex 0 2 49.6
      vertex 0.0171051 1.73895 1
      vertex 0.0171051 1.73895 49.6
    endloop
  endfacet
  facet normal -0.946932 -0.321433 0
    outer loop
      vertex 0.152237 1.23463 1
      vertex 0.0681458 1.48236 49.6
      vertex 0.0681458 1.48236 1
    endloop
  endfacet
  facet normal -0.946932 -0.321433 0
    outer loop
      vertex 0.0681458 1.48236 49.6
      vertex 0.152237 1.23463 1
      vertex 0.152237 1.23463 49.6
    endloop
  endfacet
  facet normal -0.065384 -0.99786 0
    outer loop
      vertex 1.73895 0.0171051 1
      vertex 2 0 49.6
      vertex 1.73895 0.0171051 49.6
    endloop
  endfacet
  facet normal -0.065384 -0.99786 -0
    outer loop
      vertex 2 0 49.6
      vertex 1.73895 0.0171051 1
      vertex 2 0 1
    endloop
  endfacet
  facet normal -0.44229 -0.896872 0
    outer loop
      vertex 1 0.267944 1
      vertex 1.23463 0.152237 49.6
      vertex 1 0.267944 49.6
    endloop
  endfacet
  facet normal -0.44229 -0.896872 -0
    outer loop
      vertex 1.23463 0.152237 49.6
      vertex 1 0.267944 1
      vertex 1.23463 0.152237 1
    endloop
  endfacet
  facet normal 0.5 -0.866026 0
    outer loop
      vertex 6 12.9282 0
      vertex 10 15.2376 1.6
      vertex 6 12.9282 1.6
    endloop
  endfacet
  facet normal 0.5 -0.866026 0
    outer loop
      vertex 10 15.2376 1.6
      vertex 6 12.9282 0
      vertex 10 15.2376 0
    endloop
  endfacet
  facet normal -0.5 -0.866026 0
    outer loop
      vertex 10 15.2376 0
      vertex 14 12.9282 1.6
      vertex 10 15.2376 1.6
    endloop
  endfacet
  facet normal -0.5 -0.866026 -0
    outer loop
      vertex 14 12.9282 1.6
      vertex 10 15.2376 0
      vertex 14 12.9282 0
    endloop
  endfacet
  facet normal 1 -0 0
    outer loop
      vertex 6 8.3094 1.6
      vertex 6 12.9282 0
      vertex 6 12.9282 1.6
    endloop
  endfacet
  facet normal 1 0 0
    outer loop
      vertex 6 12.9282 0
      vertex 6 8.3094 1.6
      vertex 6 8.3094 0
    endloop
  endfacet
  facet normal -0.5 0.866026 0
    outer loop
      vertex 14 8.3094 0
      vertex 10 6 1.6
      vertex 14 8.3094 1.6
    endloop
  endfacet
  facet normal -0.5 0.866026 0
    outer loop
      vertex 10 6 1.6
      vertex 14 8.3094 0
      vertex 10 6 0
    endloop
  endfacet
  facet normal -1 0 0
    outer loop
      vertex 14 8.3094 0
      vertex 14 12.9282 1.6
      vertex 14 12.9282 0
    endloop
  endfacet
  facet normal -1 -0 0
    outer loop
      vertex 14 12.9282 1.6
      vertex 14 8.3094 0
      vertex 14 8.3094 1.6
    endloop
  endfacet
  facet normal 0.5 0.866026 -0
    outer loop
      vertex 10 6 0
      vertex 6 8.3094 1.6
      vertex 10 6 1.6
    endloop
  endfacet
  facet normal 0.5 0.866026 0
    outer loop
      vertex 6 8.3094 1.6
      vertex 10 6 0
      vertex 6 8.3094 0
    endloop
  endfacet
  facet normal 0.5 -0.866026 0
    outer loop
      vertex 16 12.9282 0
      vertex 20 15.2376 1.6
      vertex 16 12.9282 1.6
    endloop
  endfacet
  facet normal 0.5 -0.866026 0
    outer loop
      vertex 20 15.2376 1.6
      vertex 16 12.9282 0
      vertex 20 15.2376 0
    endloop
  endfacet
  facet normal -0.5 -0.866026 0
    outer loop
      vertex 20 15.2376 0
      vertex 24 12.9282 1.6
      vertex 20 15.2376 1.6
    endloop
  endfacet
  facet normal -0.5 -0.866026 -0
    outer loop
      vertex 24 12.9282 1.6
      vertex 20 15.2376 0
      vertex 24 12.9282 0
    endloop
  endfacet
  facet normal 1 -0 0
    outer loop
      vertex 16 8.3094 1.6
      vertex 16 12.9282 0
      vertex 16 12.9282 1.6
    endloop
  endfacet
  facet normal 1 0 0
    outer loop
      vertex 16 12.9282 0
      vertex 16 8.3094 1.6
      vertex 16 8.3094 0
    endloop
  endfacet
  facet normal -0.5 0.866026 0
    outer loop
      vertex 24 8.3094 0
      vertex 20 6 1.6
      vertex 24 8.3094 1.6
    endloop
  endfacet
  facet normal -0.5 0.866026 0
    outer loop
      vertex 20 6 1.6
      vertex 24 8.3094 0
      vertex 20 6 0
    endloop
  endfacet
  facet normal -1 0 0
    outer loop
      vertex 24 8.3094 0
      vertex 24 12.9282 1.6
      vertex 24 12.9282 0
    endloop
  endfacet
  facet normal -1 -0 0
    outer loop
      vertex 24 12.9282 1.6
      vertex 24 8.3094 0
      vertex 24 8.3094 1.6
    endloop
  endfacet
  facet normal 0.5 0.866026 -0
    outer loop
      vertex 20 6 0
      vertex 16 8.3094 1.6
      vertex 20 6 1.6
    endloop
  endfacet
  facet normal 0.5 0.866026 0
    outer loop
      vertex 16 8.3094 1.6
      vertex 20 6 0
      vertex 16 8.3094 0
    endloop
  endfacet
  facet normal 0.5 -0.866026 0
    outer loop
      vertex 26 12.9282 0
      vertex 30 15.2376 1.6
      vertex 26 12.9282 1.6
    endloop
  endfacet
  facet normal 0.5 -0.866026 0
    outer loop
      vertex 30 15.2376 1.6
      vertex 26 12.9282 0
      vertex 30 15.2376 0
    endloop
  endfacet
  facet normal -0.5 -0.866026 0
    outer loop
      vertex 30 15.2376 0
      vertex 34 12.9282 1.6
      vertex 30 15.2376 1.6
    endloop
  endfacet
  facet normal -0.5 -0.866026 -0
    outer loop
      vertex 34 12.9282 1.6
      vertex 30 15.2376 0
      vertex 34 12.9282 0
    endloop
  endfacet
  facet normal 1 -0 0
    outer loop
      vertex 26 8.3094 1.6
      vertex 26 12.9282 0
      vertex 26 12.9282 1.6
    endloop
  endfacet
  facet normal 1 0 0
    outer loop
      vertex 26 12.9282 0
      vertex 26 8.3094 1.6
      vertex 26 8.3094 0
    endloop
  endfacet
  facet normal -0.5 0.866026 0
    outer loop
      vertex 34 8.3094 0
      vertex 30 6 1.6
      vertex 34 8.3094 1.6
    endloop
  endfacet
  facet normal -0.5 0.866026 0
    outer loop
      vertex 30 6 1.6
      vertex 34 8.3094 0
      vertex 30 6 0
    endloop
  endfacet
  facet normal -1 0 0
    outer loop
      vertex 34 8.3094 0
      vertex 34 12.9282 1.6
      vertex 34 12.9282 0
    endloop
  endfacet
  facet normal -1 -0 0
    outer loop
      vertex 34 12.9282 1.6
      vertex 34 8.3094 0
      vertex 34 8.3094 1.6
    endloop
  endfacet
  facet normal 0.5 0.866026 -0
    outer loop
      vertex 30 6 0
      vertex 26 8.3094 1.6
      vertex 30 6 1.6
    endloop
  endfacet
  facet normal 0.5 0.866026 0
    outer loop
      vertex 26 8.3094 1.6
      vertex 30 6 0
      vertex 26 8.3094 0
    endloop
  endfacet
  facet normal 0.5 -0.866026 0
    outer loop
      vertex 36 12.9282 0
      vertex 40 15.2376 1.6
      vertex 36 12.9282 1.6
    endloop
  endfacet
  facet normal 0.5 -0.866026 0
    outer loop
      vertex 40 15.2376 1.6
      vertex 36 12.9282 0
      vertex 40 15.2376 0
    endloop
  endfacet
  facet normal -0.5 -0.866026 0
    outer loop
      vertex 40 15.2376 0
      vertex 44 12.9282 1.6
      vertex 40 15.2376 1.6
    endloop
  endfacet
  facet normal -0.5 -0.866026 -0
    outer loop
      vertex 44 12.9282 1.6
      vertex 40 15.2376 0
      vertex 44 12.9282 0
    endloop
  endfacet
  facet normal 1 -0 0
    outer loop
      vertex 36 8.3094 1.6
      vertex 36 12.9282 0
      vertex 36 12.9282 1.6
    endloop
  endfacet
  facet normal 1 0 0
    outer loop
      vertex 36 12.9282 0
      vertex 36 8.3094 1.6
      vertex 36 8.3094 0
    endloop
  endfacet
  facet normal -0.5 0.866026 0
    outer loop
      vertex 44 8.3094 0
      vertex 40 6 1.6
      vertex 44 8.3094 1.6
    endloop
  endfacet
  facet normal -0.5 0.866026 0
    outer loop
      vertex 40 6 1.6
      vertex 44 8.3094 0
      vertex 40 6 0
    endloop
  endfacet
  facet normal -1 0 0
    outer loop
      vertex 44 8.3094 0
      vertex 44 12.9282 1.6
      vertex 44 12.9282 0
    endloop
  endfacet
  facet normal -1 -0 0
    outer loop
      vertex 44 12.9282 1.6
      vertex 44 8.3094 0
      vertex 44 8.3094 1.6
    endloop
  endfacet
  facet normal 0.5 0.866026 -0
    outer loop
      vertex 40 6 0
      vertex 36 8.3094 1.6
      vertex 40 6 1.6
    endloop
  endfacet
  facet normal 0.5 0.866026 0
    outer loop
      vertex 36 8.3094 1.6
      vertex 40 6 0
      vertex 36 8.3094 0
    endloop
  endfacet
  facet normal 0.5 -0.866026 0
    outer loop
      vertex 46 12.9282 0
      vertex 50 15.2376 1.6
      vertex 46 12.9282 1.6
    endloop
  endfacet
  facet normal 0.5 -0.866026 0
    outer loop
      vertex 50 15.2376 1.6
      vertex 46 12.9282 0
      vertex 50 15.2376 0
    endloop
  endfacet
  facet normal -0.5 -0.866026 0
    outer loop
      vertex 50 15.2376 0
      vertex 54 12.9282 1.6
      vertex 50 15.2376 1.6
    endloop
  endfacet
  facet normal -0.5 -0.866026 -0
    outer loop
      vertex 54 12.9282 1.6
      vertex 50 15.2376 0
      vertex 54 12.9282 0
    endloop
  endfacet
  facet normal 1 -0 0
    outer loop
      vertex 46 8.3094 1.6
      vertex 46 12.9282 0
      vertex 46 12.9282 1.6
    endloop
  endfacet
  facet normal 1 0 0
    outer loop
      vertex 46 12.9282 0
      vertex 46 8.3094 1.6
      vertex 46 8.3094 0
    endloop
  endfacet
  facet normal -0.5 0.866026 0
    outer loop
      vertex 54 8.3094 0
      vertex 50 6 1.6
      vertex 54 8.3094 1.6
    endloop
  endfacet
  facet normal -0.5 0.866026 0
    outer loop
      vertex 50 6 1.6
      vertex 54 8.3094 0
      vertex 50 6 0
    endloop
  endfacet
  facet normal -1 0 0
    outer loop
      vertex 54 8.3094 0
      vertex 54 12.9282 1.6
      vertex 54 12.9282 0
    endloop
  endfacet
  facet normal -1 -0 0
    outer loop
      vertex 54 12.9282 1.6
      vertex 54 8.3094 0
      vertex 54 8.3094 1.6
    endloop
  endfacet
  facet normal 0.5 0.866026 -0
    outer loop
      vertex 50 6 0
      vertex 46 8.3094 1.6
      vertex 50 6 1.6
    endloop
  endfacet
  facet normal 0.5 0.866026 0
    outer loop
      vertex 46 8.3094 1.6
      vertex 50 6 0
      vertex 46 8.3094 0
    endloop
  endfacet
  facet normal 0.5 -0.866026 0
    outer loop
      vertex 56 12.9282 0
      vertex 60 15.2376 1.6
      vertex 56 12.9282 1.6
    endloop
  endfacet
  facet normal 0.5 -0.866026 0
    outer loop
      vertex 60 15.2376 1.6
      vertex 56 12.9282 0
      vertex 60 15.2376 0
    endloop
  endfacet
  facet normal -0.5 -0.866026 0
    outer loop
      vertex 60 15.2376 0
      vertex 64 12.9282 1.6
      vertex 60 15.2376 1.6
    endloop
  endfacet
  facet normal -0.5 -0.866026 -0
    outer loop
      vertex 64 12.9282 1.6
      vertex 60 15.2376 0
      vertex 64 12.9282 0
    endloop
  endfacet
  facet normal 1 -0 0
    outer loop
      vertex 56 8.3094 1.6
      vertex 56 12.9282 0
      vertex 56 12.9282 1.6
    endloop
  endfacet
  facet normal 1 0 0
    outer loop
      vertex 56 12.9282 0
      vertex 56 8.3094 1.6
      vertex 56 8.3094 0
    endloop
  endfacet
  facet normal -0.5 0.866026 0
    outer loop
      vertex 64 8.3094 0
      vertex 60 6 1.6
      vertex 64 8.3094 1.6
    endloop
  endfacet
  facet normal -0.5 0.866026 0
    outer loop
      vertex 60 6 1.6
      vertex 64 8.3094 0
      vertex 60 6 0
    endloop
  endfacet
  facet normal -1 0 0
    outer loop
      vertex 64 8.3094 0
      vertex 64 12.9282 1.6
      vertex 64 12.9282 0
    endloop
  endfacet
  facet normal -1 -0 0
    outer loop
      vertex 64 12.9282 1.6
      vertex 64 8.3094 0
      vertex 64 8.3094 1.6
    endloop
  endfacet
  facet normal 0.5 0.866026 -0
    outer loop
      vertex 60 6 0
      vertex 56 8.3094 1.6
      vertex 60 6 1.6
    endloop
  endfacet
  facet normal 0.5 0.866026 0
    outer loop
      vertex 56 8.3094 1.6
      vertex 60 6 0
      vertex 56 8.3094 0
    endloop
  endfacet
  facet normal 0.5 -0.866026 0
    outer loop
      vertex 66 12.9282 0
      vertex 70 15.2376 1.6
      vertex 66 12.9282 1.6
    endloop
  endfacet
  facet normal 0.5 -0.866026 0
    outer loop
      vertex 70 15.2376 1.6
      vertex 66 12.9282 0
      vertex 70 15.2376 0
    endloop
  endfacet
  facet normal -0.5 -0.866026 0
    outer loop
      vertex 70 15.2376 0
      vertex 74 12.9282 1.6
      vertex 70 15.2376 1.6
    endloop
  endfacet
  facet normal -0.5 -0.866026 -0
    outer loop
      vertex 74 12.9282 1.6
      vertex 70 15.2376 0
      vertex 74 12.9282 0
    endloop
  endfacet
  facet normal 1 -0 0
    outer loop
      vertex 66 8.3094 1.6
      vertex 66 12.9282 0
      vertex 66 12.9282 1.6
    endloop
  endfacet
  facet normal 1 0 0
    outer loop
      vertex 66 12.9282 0
      vertex 66 8.3094 1.6
      vertex 66 8.3094 0
    endloop
  endfacet
  facet normal -0.5 0.866026 0
    outer loop
      vertex 74 8.3094 0
      vertex 70 6 1.6
      vertex 74 8.3094 1.6
    endloop
  endfacet
  facet normal -0.5 0.866026 0
    outer loop
      vertex 70 6 1.6
      vertex 74 8.3094 0
      vertex 70 6 0
    endloop
  endfacet
  facet normal -1 0 0
    outer loop
      vertex 74 8.3094 0
      vertex 74 12.9282 1.6
      vertex 74 12.9282 0
    endloop
  endfacet
  facet normal -1 -0 0
    outer loop
      vertex 74 12.9282 1.6
      vertex 74 8.3094 0
      vertex 74 8.3094 1.6
    endloop
  endfacet
  facet normal 0.5 0.866026 -0
    outer loop
      vertex 70 6 0
      vertex 66 8.3094 1.6
      vertex 70 6 1.6
    endloop
  endfacet
  facet normal 0.5 0.866026 0
    outer loop
      vertex 66 8.3094 1.6
      vertex 70 6 0
      vertex 66 8.3094 0
    endloop
  endfacet
  facet normal 0.5 -0.866026 0
    outer loop
      vertex 76 12.9282 0
      vertex 80 15.2376 1.6
      vertex 76 12.9282 1.6
    endloop
  endfacet
  facet normal 0.5 -0.866026 0
    outer loop
      vertex 80 15.2376 1.6
      vertex 76 12.9282 0
      vertex 80 15.2376 0
    endloop
  endfacet
  facet normal -0.5 -0.866026 0
    outer loop
      vertex 80 15.2376 0
      vertex 84 12.9282 1.6
      vertex 80 15.2376 1.6
    endloop
  endfacet
  facet normal -0.5 -0.866026 -0
    outer loop
      vertex 84 12.9282 1.6
      vertex 80 15.2376 0
      vertex 84 12.9282 0
    endloop
  endfacet
  facet normal 1 -0 0
    outer loop
      vertex 76 8.3094 1.6
      vertex 76 12.9282 0
      vertex 76 12.9282 1.6
    endloop
  endfacet
  facet normal 1 0 0
    outer loop
      vertex 76 12.9282 0
      vertex 76 8.3094 1.6
      vertex 76 8.3094 0
    endloop
  endfacet
  facet normal -0.5 0.866026 0
    outer loop
      vertex 84 8.3094 0
      vertex 80 6 1.6
      vertex 84 8.3094 1.6
    endloop
  endfacet
  facet normal -0.5 0.866026 0
    outer loop
      vertex 80 6 1.6
      vertex 84 8.3094 0
      vertex 80 6 0
    endloop
  endfacet
  facet normal -1 0 0
    outer loop
      vertex 84 8.3094 0
      vertex 84 12.9282 1.6
      vertex 84 12.9282 0
    endloop
  endfacet
  facet normal -1 -0 0
    outer loop
      vertex 84 12.9282 1.6
      vertex 84 8.3094 0
      vertex 84 8.3094 1.6
    endloop
  endfacet
  facet normal 0.5 0.866026 -0
    outer loop
      vertex 80 6 0
      vertex 76 8.3094 1.6
      vertex 80 6 1.6
    endloop
  endfacet
  facet normal 0.5 0.866026 0
    outer loop
      vertex 76 8.3094 1.6
      vertex 80 6 0
      vertex 76 8.3094 0
    endloop
  endfacet
  facet normal 0.5 -0.866026 0
    outer loop
      vertex 11 21.5885 0
      vertex 15 23.8979 1.6
      vertex 11 21.5885 1.6
    endloop
  endfacet
  facet normal 0.5 -0.866026 0
    outer loop
      vertex 15 23.8979 1.6
      vertex 11 21.5885 0
      vertex 15 23.8979 0
    endloop
  endfacet
  facet normal -0.5 -0.866026 0
    outer loop
      vertex 15 23.8979 0
      vertex 19 21.5885 1.6
      vertex 15 23.8979 1.6
    endloop
  endfacet
  facet normal -0.5 -0.866026 -0
    outer loop
      vertex 19 21.5885 1.6
      vertex 15 23.8979 0
      vertex 19 21.5885 0
    endloop
  endfacet
  facet normal -1 0 0
    outer loop
      vertex 19 16.9697 0
      vertex 19 21.5885 1.6
      vertex 19 21.5885 0
    endloop
  endfacet
  facet normal -1 -0 0
    outer loop
      vertex 19 21.5885 1.6
      vertex 19 16.9697 0
      vertex 19 16.9697 1.6
    endloop
  endfacet
  facet normal 1 -0 0
    outer loop
      vertex 11 16.9697 1.6
      vertex 11 21.5885 0
      vertex 11 21.5885 1.6
    endloop
  endfacet
  facet normal 1 0 0
    outer loop
      vertex 11 21.5885 0
      vertex 11 16.9697 1.6
      vertex 11 16.9697 0
    endloop
  endfacet
  facet normal 0.5 0.866026 -0
    outer loop
      vertex 15 14.6603 0
      vertex 11 16.9697 1.6
      vertex 15 14.6603 1.6
    endloop
  endfacet
  facet normal 0.5 0.866026 0
    outer loop
      vertex 11 16.9697 1.6
      vertex 15 14.6603 0
      vertex 11 16.9697 0
    endloop
  endfacet
  facet normal -0.5 0.866026 0
    outer loop
      vertex 19 16.9697 0
      vertex 15 14.6603 1.6
      vertex 19 16.9697 1.6
    endloop
  endfacet
  facet normal -0.5 0.866026 0
    outer loop
      vertex 15 14.6603 1.6
      vertex 19 16.9697 0
      vertex 15 14.6603 0
    endloop
  endfacet
  facet normal 0.5 -0.866026 0
    outer loop
      vertex 21 21.5885 0
      vertex 25 23.8979 1.6
      vertex 21 21.5885 1.6
    endloop
  endfacet
  facet normal 0.5 -0.866026 0
    outer loop
      vertex 25 23.8979 1.6
      vertex 21 21.5885 0
      vertex 25 23.8979 0
    endloop
  endfacet
  facet normal -0.5 -0.866026 0
    outer loop
      vertex 25 23.8979 0
      vertex 29 21.5885 1.6
      vertex 25 23.8979 1.6
    endloop
  endfacet
  facet normal -0.5 -0.866026 -0
    outer loop
      vertex 29 21.5885 1.6
      vertex 25 23.8979 0
      vertex 29 21.5885 0
    endloop
  endfacet
  facet normal -1 0 0
    outer loop
      vertex 29 16.9697 0
      vertex 29 21.5885 1.6
      vertex 29 21.5885 0
    endloop
  endfacet
  facet normal -1 -0 0
    outer loop
      vertex 29 21.5885 1.6
      vertex 29 16.9697 0
      vertex 29 16.9697 1.6
    endloop
  endfacet
  facet normal 0.5 0.866026 -0
    outer loop
      vertex 25 14.6603 0
      vertex 21 16.9697 1.6
      vertex 25 14.6603 1.6
    endloop
  endfacet
  facet normal 0.5 0.866026 0
    outer loop
      vertex 21 16.9697 1.6
      vertex 25 14.6603 0
      vertex 21 16.9697 0
    endloop
  endfacet
  facet normal -0.5 0.866026 0
    outer loop
      vertex 29 16.9697 0
      vertex 25 14.6603 1.6
      vertex 29 16.9697 1.6
    endloop
  endfacet
  facet normal -0.5 0.866026 0
    outer loop
      vertex 25 14.6603 1.6
      vertex 29 16.9697 0
      vertex 25 14.6603 0
    endloop
  endfacet
  facet normal 1 -0 0
    outer loop
      vertex 21 16.9697 1.6
      vertex 21 21.5885 0
      vertex 21 21.5885 1.6
    endloop
  endfacet
  facet normal 1 0 0
    outer loop
      vertex 21 21.5885 0
      vertex 21 16.9697 1.6
      vertex 21 16.9697 0
    endloop
  endfacet
  facet normal 0.5 -0.866026 0
    outer loop
      vertex 31 21.5885 0
      vertex 35 23.8979 1.6
      vertex 31 21.5885 1.6
    endloop
  endfacet
  facet normal 0.5 -0.866026 0
    outer loop
      vertex 35 23.8979 1.6
      vertex 31 21.5885 0
      vertex 35 23.8979 0
    endloop
  endfacet
  facet normal -0.5 -0.866026 0
    outer loop
      vertex 35 23.8979 0
      vertex 39 21.5885 1.6
      vertex 35 23.8979 1.6
    endloop
  endfacet
  facet normal -0.5 -0.866026 -0
    outer loop
      vertex 39 21.5885 1.6
      vertex 35 23.8979 0
      vertex 39 21.5885 0
    endloop
  endfacet
  facet normal -1 0 0
    outer loop
      vertex 39 16.9697 0
      vertex 39 21.5885 1.6
      vertex 39 21.5885 0
    endloop
  endfacet
  facet normal -1 -0 0
    outer loop
      vertex 39 21.5885 1.6
      vertex 39 16.9697 0
      vertex 39 16.9697 1.6
    endloop
  endfacet
  facet normal 0.5 0.866026 -0
    outer loop
      vertex 35 14.6603 0
      vertex 31 16.9697 1.6
      vertex 35 14.6603 1.6
    endloop
  endfacet
  facet normal 0.5 0.866026 0
    outer loop
      vertex 31 16.9697 1.6
      vertex 35 14.6603 0
      vertex 31 16.9697 0
    endloop
  endfacet
  facet normal -0.5 0.866026 0
    outer loop
      vertex 39 16.9697 0
      vertex 35 14.6603 1.6
      vertex 39 16.9697 1.6
    endloop
  endfacet
  facet normal -0.5 0.866026 0
    outer loop
      vertex 35 14.6603 1.6
      vertex 39 16.9697 0
      vertex 35 14.6603 0
    endloop
  endfacet
  facet normal 1 -0 0
    outer loop
      vertex 31 16.9697 1.6
      vertex 31 21.5885 0
      vertex 31 21.5885 1.6
    endloop
  endfacet
  facet normal 1 0 0
    outer loop
      vertex 31 21.5885 0
      vertex 31 16.9697 1.6
      vertex 31 16.9697 0
    endloop
  endfacet
  facet normal 0.5 -0.866026 0
    outer loop
      vertex 41 21.5885 0
      vertex 45 23.8979 1.6
      vertex 41 21.5885 1.6
    endloop
  endfacet
  facet normal 0.5 -0.866026 0
    outer loop
      vertex 45 23.8979 1.6
      vertex 41 21.5885 0
      vertex 45 23.8979 0
    endloop
  endfacet
  facet normal -0.5 -0.866026 0
    outer loop
      vertex 45 23.8979 0
      vertex 49 21.5885 1.6
      vertex 45 23.8979 1.6
    endloop
  endfacet
  facet normal -0.5 -0.866026 -0
    outer loop
      vertex 49 21.5885 1.6
      vertex 45 23.8979 0
      vertex 49 21.5885 0
    endloop
  endfacet
  facet normal -1 0 0
    outer loop
      vertex 49 16.9697 0
      vertex 49 21.5885 1.6
      vertex 49 21.5885 0
    endloop
  endfacet
  facet normal -1 -0 0
    outer loop
      vertex 49 21.5885 1.6
      vertex 49 16.9697 0
      vertex 49 16.9697 1.6
    endloop
  endfacet
  facet normal 0.5 0.866026 -0
    outer loop
      vertex 45 14.6603 0
      vertex 41 16.9697 1.6
      vertex 45 14.6603 1.6
    endloop
  endfacet
  facet normal 0.5 0.866026 0
    outer loop
      vertex 41 16.9697 1.6
      vertex 45 14.6603 0
      vertex 41 16.9697 0
    endloop
  endfacet
  facet normal -0.5 0.866026 0
    outer loop
      vertex 49 16.9697 0
      vertex 45 14.6603 1.6
      vertex 49 16.9697 1.6
    endloop
  endfacet
  facet normal -0.5 0.866026 0
    outer loop
      vertex 45 14.6603 1.6
      vertex 49 16.9697 0
      vertex 45 14.6603 0
    endloop
  endfacet
  facet normal 1 -0 0
    outer loop
      vertex 41 16.9697 1.6
      vertex 41 21.5885 0
      vertex 41 21.5885 1.6
    endloop
  endfacet
  facet normal 1 0 0
    outer loop
      vertex 41 21.5885 0
      vertex 41 16.9697 1.6
      vertex 41 16.9697 0
    endloop
  endfacet
  facet normal 0.5 -0.866026 0
    outer loop
      vertex 51 21.5885 0
      vertex 55 23.8979 1.6
      vertex 51 21.5885 1.6
    endloop
  endfacet
  facet normal 0.5 -0.866026 0
    outer loop
      vertex 55 23.8979 1.6
      vertex 51 21.5885 0
      vertex 55 23.8979 0
    endloop
  endfacet
  facet normal -0.5 -0.866026 0
    outer loop
      vertex 55 23.8979 0
      vertex 59 21.5885 1.6
      vertex 55 23.8979 1.6
    endloop
  endfacet
  facet normal -0.5 -0.866026 -0
    outer loop
      vertex 59 21.5885 1.6
      vertex 55 23.8979 0
      vertex 59 21.5885 0
    endloop
  endfacet
  facet normal -1 0 0
    outer loop
      vertex 59 16.9697 0
      vertex 59 21.5885 1.6
      vertex 59 21.5885 0
    endloop
  endfacet
  facet normal -1 -0 0
    outer loop
      vertex 59 21.5885 1.6
      vertex 59 16.9697 0
      vertex 59 16.9697 1.6
    endloop
  endfacet
  facet normal 1 -0 0
    outer loop
      vertex 51 16.9697 1.6
      vertex 51 21.5885 0
      vertex 51 21.5885 1.6
    endloop
  endfacet
  facet normal 1 0 0
    outer loop
      vertex 51 21.5885 0
      vertex 51 16.9697 1.6
      vertex 51 16.9697 0
    endloop
  endfacet
  facet normal 0.5 0.866026 -0
    outer loop
      vertex 55 14.6603 0
      vertex 51 16.9697 1.6
      vertex 55 14.6603 1.6
    endloop
  endfacet
  facet normal 0.5 0.866026 0
    outer loop
      vertex 51 16.9697 1.6
      vertex 55 14.6603 0
      vertex 51 16.9697 0
    endloop
  endfacet
  facet normal -0.5 0.866026 0
    outer loop
      vertex 59 16.9697 0
      vertex 55 14.6603 1.6
      vertex 59 16.9697 1.6
    endloop
  endfacet
  facet normal -0.5 0.866026 0
    outer loop
      vertex 55 14.6603 1.6
      vertex 59 16.9697 0
      vertex 55 14.6603 0
    endloop
  endfacet
  facet normal 0.5 -0.866026 0
    outer loop
      vertex 61 21.5885 0
      vertex 65 23.8979 1.6
      vertex 61 21.5885 1.6
    endloop
  endfacet
  facet normal 0.5 -0.866026 0
    outer loop
      vertex 65 23.8979 1.6
      vertex 61 21.5885 0
      vertex 65 23.8979 0
    endloop
  endfacet
  facet normal -0.5 -0.866026 0
    outer loop
      vertex 65 23.8979 0
      vertex 69 21.5885 1.6
      vertex 65 23.8979 1.6
    endloop
  endfacet
  facet normal -0.5 -0.866026 -0
    outer loop
      vertex 69 21.5885 1.6
      vertex 65 23.8979 0
      vertex 69 21.5885 0
    endloop
  endfacet
  facet normal -1 0 0
    outer loop
      vertex 69 16.9697 0
      vertex 69 21.5885 1.6
      vertex 69 21.5885 0
    endloop
  endfacet
  facet normal -1 -0 0
    outer loop
      vertex 69 21.5885 1.6
      vertex 69 16.9697 0
      vertex 69 16.9697 1.6
    endloop
  endfacet
  facet normal 0.5 0.866026 -0
    outer loop
      vertex 65 14.6603 0
      vertex 61 16.9697 1.6
      vertex 65 14.6603 1.6
    endloop
  endfacet
  facet normal 0.5 0.866026 0
    outer loop
      vertex 61 16.9697 1.6
      vertex 65 14.6603 0
      vertex 61 16.9697 0
    endloop
  endfacet
  facet normal -0.5 0.866026 0
    outer loop
      vertex 69 16.9697 0
      vertex 65 14.6603 1.6
      vertex 69 16.9697 1.6
    endloop
  endfacet
  facet normal -0.5 0.866026 0
    outer loop
      vertex 65 14.6603 1.6
      vertex 69 16.9697 0
      vertex 65 14.6603 0
    endloop
  endfacet
  facet normal 1 -0 0
    outer loop
      vertex 61 16.9697 1.6
      vertex 61 21.5885 0
      vertex 61 21.5885 1.6
    endloop
  endfacet
  facet normal 1 0 0
    outer loop
      vertex 61 21.5885 0
      vertex 61 16.9697 1.6
      vertex 61 16.9697 0
    endloop
  endfacet
  facet normal 0.5 -0.866026 0
    outer loop
      vertex 71 21.5885 0
      vertex 75 23.8979 1.6
      vertex 71 21.5885 1.6
    endloop
  endfacet
  facet normal 0.5 -0.866026 0
    outer loop
      vertex 75 23.8979 1.6
      vertex 71 21.5885 0
      vertex 75 23.8979 0
    endloop
  endfacet
  facet normal -0.5 -0.866026 0
    outer loop
      vertex 75 23.8979 0
      vertex 79 21.5885 1.6
      vertex 75 23.8979 1.6
    endloop
  endfacet
  facet normal -0.5 -0.866026 -0
    outer loop
      vertex 79 21.5885 1.6
      vertex 75 23.8979 0
      vertex 79 21.5885 0
    endloop
  endfacet
  facet normal -1 0 0
    outer loop
      vertex 79 16.9697 0
      vertex 79 21.5885 1.6
      vertex 79 21.5885 0
    endloop
  endfacet
  facet normal -1 -0 0
    outer loop
      vertex 79 21.5885 1.6
      vertex 79 16.9697 0
      vertex 79 16.9697 1.6
    endloop
  endfacet
  facet normal 0.5 0.866026 -0
    outer loop
      vertex 75 14.6603 0
      vertex 71 16.9697 1.6
      vertex 75 14.6603 1.6
    endloop
  endfacet
  facet normal 0.5 0.866026 0
    outer loop
      vertex 71 16.9697 1.6
      vertex 75 14.6603 0
      vertex 71 16.9697 0
    endloop
  endfacet
  facet normal -0.5 0.866026 0
    outer loop
      vertex 79 16.9697 0
      vertex 75 14.6603 1.6
      vertex 79 16.9697 1.6
    endloop
  endfacet
  facet normal -0.5 0.866026 0
    outer loop
      vertex 75 14.6603 1.6
      vertex 79 16.9697 0
      vertex 75 14.6603 0
    endloop
  endfacet
  facet normal 1 -0 0
    outer loop
      vertex 71 16.9697 1.6
      vertex 71 21.5885 0
      vertex 71 21.5885 1.6
    endloop
  endfacet
  facet normal 1 0 0
    outer loop
      vertex 71 21.5885 0
      vertex 71 16.9697 1.6
      vertex 71 16.9697 0
    endloop
  endfacet
  facet normal 0.5 -0.866026 0
    outer loop
      vertex 81 21.5885 0
      vertex 85 23.8979 1.6
      vertex 81 21.5885 1.6
    endloop
  endfacet
  facet normal 0.5 -0.866026 0
    outer loop
      vertex 85 23.8979 1.6
      vertex 81 21.5885 0
      vertex 85 23.8979 0
    endloop
  endfacet
  facet normal -0.5 -0.866026 0
    outer loop
      vertex 85 23.8979 0
      vertex 89 21.5885 1.6
      vertex 85 23.8979 1.6
    endloop
  endfacet
  facet normal -0.5 -0.866026 -0
    outer loop
      vertex 89 21.5885 1.6
      vertex 85 23.8979 0
      vertex 89 21.5885 0
    endloop
  endfacet
  facet normal -1 0 0
    outer loop
      vertex 89 16.9697 0
      vertex 89 21.5885 1.6
      vertex 89 21.5885 0
    endloop
  endfacet
  facet normal -1 -0 0
    outer loop
      vertex 89 21.5885 1.6
      vertex 89 16.9697 0
      vertex 89 16.9697 1.6
    endloop
  endfacet
  facet normal 0.5 0.866026 -0
    outer loop
      vertex 85 14.6603 0
      vertex 81 16.9697 1.6
      vertex 85 14.6603 1.6
    endloop
  endfacet
  facet normal 0.5 0.866026 0
    outer loop
      vertex 81 16.9697 1.6
      vertex 85 14.6603 0
      vertex 81 16.9697 0
    endloop
  endfacet
  facet normal -0.5 0.866026 0
    outer loop
      vertex 89 16.9697 0
      vertex 85 14.6603 1.6
      vertex 89 16.9697 1.6
    endloop
  endfacet
  facet normal -0.5 0.866026 0
    outer loop
      vertex 85 14.6603 1.6
      vertex 89 16.9697 0
      vertex 85 14.6603 0
    endloop
  endfacet
  facet normal 1 -0 0
    outer loop
      vertex 81 16.9697 1.6
      vertex 81 21.5885 0
      vertex 81 21.5885 1.6
    endloop
  endfacet
  facet normal 1 0 0
    outer loop
      vertex 81 21.5885 0
      vertex 81 16.9697 1.6
      vertex 81 16.9697 0
    endloop
  endfacet
  facet normal 0.5 -0.866026 0
    outer loop
      vertex 6 30.2487 0
      vertex 10 32.5581 1.6
      vertex 6 30.2487 1.6
    endloop
  endfacet
  facet normal 0.5 -0.866026 0
    outer loop
      vertex 10 32.5581 1.6
      vertex 6 30.2487 0
      vertex 10 32.5581 0
    endloop
  endfacet
  facet normal -0.5 -0.866026 0
    outer loop
      vertex 10 32.5581 0
      vertex 14 30.2487 1.6
      vertex 10 32.5581 1.6
    endloop
  endfacet
  facet normal -0.5 -0.866026 -0
    outer loop
      vertex 14 30.2487 1.6
      vertex 10 32.5581 0
      vertex 14 30.2487 0
    endloop
  endfacet
  facet normal 1 -0 0
    outer loop
      vertex 6 25.6299 1.6
      vertex 6 30.2487 0
      vertex 6 30.2487 1.6
    endloop
  endfacet
  facet normal 1 0 0
    outer loop
      vertex 6 30.2487 0
      vertex 6 25.6299 1.6
      vertex 6 25.6299 0
    endloop
  endfacet
  facet normal -0.5 0.866026 0
    outer loop
      vertex 14 25.6299 0
      vertex 10 23.3205 1.6
      vertex 14 25.6299 1.6
    endloop
  endfacet
  facet normal -0.5 0.866026 0
    outer loop
      vertex 10 23.3205 1.6
      vertex 14 25.6299 0
      vertex 10 23.3205 0
    endloop
  endfacet
  facet normal -1 0 0
    outer loop
      vertex 14 25.6299 0
      vertex 14 30.2487 1.6
      vertex 14 30.2487 0
    endloop
  endfacet
  facet normal -1 -0 0
    outer loop
      vertex 14 30.2487 1.6
      vertex 14 25.6299 0
      vertex 14 25.6299 1.6
    endloop
  endfacet
  facet normal 0.5 0.866026 -0
    outer loop
      vertex 10 23.3205 0
      vertex 6 25.6299 1.6
      vertex 10 23.3205 1.6
    endloop
  endfacet
  facet normal 0.5 0.866026 0
    outer loop
      vertex 6 25.6299 1.6
      vertex 10 23.3205 0
      vertex 6 25.6299 0
    endloop
  endfacet
  facet normal 0.5 -0.866026 0
    outer loop
      vertex 16 30.2487 0
      vertex 20 32.5581 1.6
      vertex 16 30.2487 1.6
    endloop
  endfacet
  facet normal 0.5 -0.866026 0
    outer loop
      vertex 20 32.5581 1.6
      vertex 16 30.2487 0
      vertex 20 32.5581 0
    endloop
  endfacet
  facet normal -0.5 -0.866026 0
    outer loop
      vertex 20 32.5581 0
      vertex 24 30.2487 1.6
      vertex 20 32.5581 1.6
    endloop
  endfacet
  facet normal -0.5 -0.866026 -0
    outer loop
      vertex 24 30.2487 1.6
      vertex 20 32.5581 0
      vertex 24 30.2487 0
    endloop
  endfacet
  facet normal 1 -0 0
    outer loop
      vertex 16 25.6299 1.6
      vertex 16 30.2487 0
      vertex 16 30.2487 1.6
    endloop
  endfacet
  facet normal 1 0 0
    outer loop
      vertex 16 30.2487 0
      vertex 16 25.6299 1.6
      vertex 16 25.6299 0
    endloop
  endfacet
  facet normal -0.5 0.866026 0
    outer loop
      vertex 24 25.6299 0
      vertex 20 23.3205 1.6
      vertex 24 25.6299 1.6
    endloop
  endfacet
  facet normal -0.5 0.866026 0
    outer loop
      vertex 20 23.3205 1.6
      vertex 24 25.6299 0
      vertex 20 23.3205 0
    endloop
  endfacet
  facet normal -1 0 0
    outer loop
      vertex 24 25.6299 0
      vertex 24 30.2487 1.6
      vertex 24 30.2487 0
    endloop
  endfacet
  facet normal -1 -0 0
    outer loop
      vertex 24 30.2487 1.6
      vertex 24 25.6299 0
      vertex 24 25.6299 1.6
    endloop
  endfacet
  facet normal 0.5 0.866026 -0
    outer loop
      vertex 20 23.3205 0
      vertex 16 25.6299 1.6
      vertex 20 23.3205 1.6
    endloop
  endfacet
  facet normal 0.5 0.866026 0
    outer loop
      vertex 16 25.6299 1.6
      vertex 20 23.3205 0
      vertex 16 25.6299 0
    endloop
  endfacet
  facet normal 0.5 -0.866026 0
    outer loop
      vertex 26 30.2487 0
      vertex 30 32.5581 1.6
      vertex 26 30.2487 1.6
    endloop
  endfacet
  facet normal 0.5 -0.866026 0
    outer loop
      vertex 30 32.5581 1.6
      vertex 26 30.2487 0
      vertex 30 32.5581 0
    endloop
  endfacet
  facet normal -0.5 -0.866026 0
    outer loop
      vertex 30 32.5581 0
      vertex 34 30.2487 1.6
      vertex 30 32.5581 1.6
    endloop
  endfacet
  facet normal -0.5 -0.866026 -0
    outer loop
      vertex 34 30.2487 1.6
      vertex 30 32.5581 0
      vertex 34 30.2487 0
    endloop
  endfacet
  facet normal 1 -0 0
    outer loop
      vertex 26 25.6299 1.6
      vertex 26 30.2487 0
      vertex 26 30.2487 1.6
    endloop
  endfacet
  facet normal 1 0 0
    outer loop
      vertex 26 30.2487 0
      vertex 26 25.6299 1.6
      vertex 26 25.6299 0
    endloop
  endfacet
  facet normal -0.5 0.866026 0
    outer loop
      vertex 34 25.6299 0
      vertex 30 23.3205 1.6
      vertex 34 25.6299 1.6
    endloop
  endfacet
  facet normal -0.5 0.866026 0
    outer loop
      vertex 30 23.3205 1.6
      vertex 34 25.6299 0
      vertex 30 23.3205 0
    endloop
  endfacet
  facet normal -1 0 0
    outer loop
      vertex 34 25.6299 0
      vertex 34 30.2487 1.6
      vertex 34 30.2487 0
    endloop
  endfacet
  facet normal -1 -0 0
    outer loop
      vertex 34 30.2487 1.6
      vertex 34 25.6299 0
      vertex 34 25.6299 1.6
    endloop
  endfacet
  facet normal 0.5 0.866026 -0
    outer loop
      vertex 30 23.3205 0
      vertex 26 25.6299 1.6
      vertex 30 23.3205 1.6
    endloop
  endfacet
  facet normal 0.5 0.866026 0
    outer loop
      vertex 26 25.6299 1.6
      vertex 30 23.3205 0
      vertex 26 25.6299 0
    endloop
  endfacet
  facet normal 0.5 -0.866026 0
    outer loop
      vertex 36 30.2487 0
      vertex 40 32.5581 1.6
      vertex 36 30.2487 1.6
    endloop
  endfacet
  facet normal 0.5 -0.866026 0
    outer loop
      vertex 40 32.5581 1.6
      vertex 36 30.2487 0
      vertex 40 32.5581 0
    endloop
  endfacet
  facet normal -0.5 -0.866026 0
    outer loop
      vertex 40 32.5581 0
      vertex 44 30.2487 1.6
      vertex 40 32.5581 1.6
    endloop
  endfacet
  facet normal -0.5 -0.866026 -0
    outer loop
      vertex 44 30.2487 1.6
      vertex 40 32.5581 0
      vertex 44 30.2487 0
    endloop
  endfacet
  facet normal 1 -0 0
    outer loop
      vertex 36 25.6299 1.6
      vertex 36 30.2487 0
      vertex 36 30.2487 1.6
    endloop
  endfacet
  facet normal 1 0 0
    outer loop
      vertex 36 30.2487 0
      vertex 36 25.6299 1.6
      vertex 36 25.6299 0
    endloop
  endfacet
  facet normal -0.5 0.866026 0
    outer loop
      vertex 44 25.6299 0
      vertex 40 23.3205 1.6
      vertex 44 25.6299 1.6
    endloop
  endfacet
  facet normal -0.5 0.866026 0
    outer loop
      vertex 40 23.3205 1.6
      vertex 44 25.6299 0
      vertex 40 23.3205 0
    endloop
  endfacet
  facet normal -1 0 0
    outer loop
      vertex 44 25.6299 0
      vertex 44 30.2487 1.6
      vertex 44 30.2487 0
    endloop
  endfacet
  facet normal -1 -0 0
    outer loop
      vertex 44 30.2487 1.6
      vertex 44 25.6299 0
      vertex 44 25.6299 1.6
    endloop
  endfacet
  facet normal 0.5 0.866026 -0
    outer loop
      vertex 40 23.3205 0
      vertex 36 25.6299 1.6
      vertex 40 23.3205 1.6
    endloop
  endfacet
  facet normal 0.5 0.866026 0
    outer loop
      vertex 36 25.6299 1.6
      vertex 40 23.3205 0
      vertex 36 25.6299 0
    endloop
  endfacet
  facet normal 0.5 -0.866026 0
    outer loop
      vertex 46 30.2487 0
      vertex 50 32.5581 1.6
      vertex 46 30.2487 1.6
    endloop
  endfacet
  facet normal 0.5 -0.866026 0
    outer loop
      vertex 50 32.5581 1.6
      vertex 46 30.2487 0
      vertex 50 32.5581 0
    endloop
  endfacet
  facet normal -0.5 -0.866026 0
    outer loop
      vertex 50 32.5581 0
      vertex 54 30.2487 1.6
      vertex 50 32.5581 1.6
    endloop
  endfacet
  facet normal -0.5 -0.866026 -0
    outer loop
      vertex 54 30.2487 1.6
      vertex 50 32.5581 0
      vertex 54 30.2487 0
    endloop
  endfacet
  facet normal 1 -0 0
    outer loop
      vertex 46 25.6299 1.6
      vertex 46 30.2487 0
      vertex 46 30.2487 1.6
    endloop
  endfacet
  facet normal 1 0 0
    outer loop
      vertex 46 30.2487 0
      vertex 46 25.6299 1.6
      vertex 46 25.6299 0
    endloop
  endfacet
  facet normal -0.5 0.866026 0
    outer loop
      vertex 54 25.6299 0
      vertex 50 23.3205 1.6
      vertex 54 25.6299 1.6
    endloop
  endfacet
  facet normal -0.5 0.866026 0
    outer loop
      vertex 50 23.3205 1.6
      vertex 54 25.6299 0
      vertex 50 23.3205 0
    endloop
  endfacet
  facet normal -1 0 0
    outer loop
      vertex 54 25.6299 0
      vertex 54 30.2487 1.6
      vertex 54 30.2487 0
    endloop
  endfacet
  facet normal -1 -0 0
    outer loop
      vertex 54 30.2487 1.6
      vertex 54 25.6299 0
      vertex 54 25.6299 1.6
    endloop
  endfacet
  facet normal 0.5 0.866026 -0
    outer loop
      vertex 50 23.3205 0
      vertex 46 25.6299 1.6
      vertex 50 23.3205 1.6
    endloop
  endfacet
  facet normal 0.5 0.866026 0
    outer loop
      vertex 46 25.6299 1.6
      vertex 50 23.3205 0
      vertex 46 25.6299 0
    endloop
  endfacet
  facet normal 0.5 -0.866026 0
    outer loop
      vertex 56 30.2487 0
      vertex 60 32.5581 1.6
      vertex 56 30.2487 1.6
    endloop
  endfacet
  facet normal 0.5 -0.866026 0
    outer loop
      vertex 60 32.5581 1.6
      vertex 56 30.2487 0
      vertex 60 32.5581 0
    endloop
  endfacet
  facet normal -0.5 -0.866026 0
    outer loop
      vertex 60 32.5581 0
      vertex 64 30.2487 1.6
      vertex 60 32.5581 1.6
    endloop
  endfacet
  facet normal -0.5 -0.866026 -0
    outer loop
      vertex 64 30.2487 1.6
      vertex 60 32.5581 0
      vertex 64 30.2487 0
    endloop
  endfacet
  facet normal 1 -0 0
    outer loop
      vertex 56 25.6299 1.6
      vertex 56 30.2487 0
      vertex 56 30.2487 1.6
    endloop
  endfacet
  facet normal 1 0 0
    outer loop
      vertex 56 30.2487 0
      vertex 56 25.6299 1.6
      vertex 56 25.6299 0
    endloop
  endfacet
  facet normal -0.5 0.866026 0
    outer loop
      vertex 64 25.6299 0
      vertex 60 23.3205 1.6
      vertex 64 25.6299 1.6
    endloop
  endfacet
  facet normal -0.5 0.866026 0
    outer loop
      vertex 60 23.3205 1.6
      vertex 64 25.6299 0
      vertex 60 23.3205 0
    endloop
  endfacet
  facet normal -1 0 0
    outer loop
      vertex 64 25.6299 0
      vertex 64 30.2487 1.6
      vertex 64 30.2487 0
    endloop
  endfacet
  facet normal -1 -0 0
    outer loop
      vertex 64 30.2487 1.6
      vertex 64 25.6299 0
      vertex 64 25.6299 1.6
    endloop
  endfacet
  facet normal 0.5 0.866026 -0
    outer loop
      vertex 60 23.3205 0
      vertex 56 25.6299 1.6
      vertex 60 23.3205 1.6
    endloop
  endfacet
  facet normal 0.5 0.866026 0
    outer loop
      vertex 56 25.6299 1.6
      vertex 60 23.3205 0
      vertex 56 25.6299 0
    endloop
  endfacet
  facet normal 0.5 -0.866026 0
    outer loop
      vertex 66 30.2487 0
      vertex 70 32.5581 1.6
      vertex 66 30.2487 1.6
    endloop
  endfacet
  facet normal 0.5 -0.866026 0
    outer loop
      vertex 70 32.5581 1.6
      vertex 66 30.2487 0
      vertex 70 32.5581 0
    endloop
  endfacet
  facet normal -0.5 -0.866026 0
    outer loop
      vertex 70 32.5581 0
      vertex 74 30.2487 1.6
      vertex 70 32.5581 1.6
    endloop
  endfacet
  facet normal -0.5 -0.866026 -0
    outer loop
      vertex 74 30.2487 1.6
      vertex 70 32.5581 0
      vertex 74 30.2487 0
    endloop
  endfacet
  facet normal 1 -0 0
    outer loop
      vertex 66 25.6299 1.6
      vertex 66 30.2487 0
      vertex 66 30.2487 1.6
    endloop
  endfacet
  facet normal 1 0 0
    outer loop
      vertex 66 30.2487 0
      vertex 66 25.6299 1.6
      vertex 66 25.6299 0
    endloop
  endfacet
  facet normal -0.5 0.866026 0
    outer loop
      vertex 74 25.6299 0
      vertex 70 23.3205 1.6
      vertex 74 25.6299 1.6
    endloop
  endfacet
  facet normal -0.5 0.866026 0
    outer loop
      vertex 70 23.3205 1.6
      vertex 74 25.6299 0
      vertex 70 23.3205 0
    endloop
  endfacet
  facet normal -1 0 0
    outer loop
      vertex 74 25.6299 0
      vertex 74 30.2487 1.6
      vertex 74 30.2487 0
    endloop
  endfacet
  facet normal -1 -0 0
    outer loop
      vertex 74 30.2487 1.6
      vertex 74 25.6299 0
      vertex 74 25.6299 1.6
    endloop
  endfacet
  facet normal 0.5 0.866026 -0
    outer loop
      vertex 70 23.3205 0
      vertex 66 25.6299 1.6
      vertex 70 23.3205 1.6
    endloop
  endfacet
  facet normal 0.5 0.866026 0
    outer loop
      vertex 66 25.6299 1.6
      vertex 70 23.3205 0
      vertex 66 25.6299 0
    endloop
  endfacet
  facet normal 0.5 -0.866026 0
    outer loop
      vertex 76 30.2487 0
      vertex 80 32.5581 1.6
      vertex 76 30.2487 1.6
    endloop
  endfacet
  facet normal 0.5 -0.866026 0
    outer loop
      vertex 80 32.5581 1.6
      vertex 76 30.2487 0
      vertex 80 32.5581 0
    endloop
  endfacet
  facet normal -0.5 -0.866026 0
    outer loop
      vertex 80 32.5581 0
      vertex 84 30.2487 1.6
      vertex 80 32.5581 1.6
    endloop
  endfacet
  facet normal -0.5 -0.866026 -0
    outer loop
      vertex 84 30.2487 1.6
      vertex 80 32.5581 0
      vertex 84 30.2487 0
    endloop
  endfacet
  facet normal 1 -0 0
    outer loop
      vertex 76 25.6299 1.6
      vertex 76 30.2487 0
      vertex 76 30.2487 1.6
    endloop
  endfacet
  facet normal 1 0 0
    outer loop
      vertex 76 30.2487 0
      vertex 76 25.6299 1.6
      vertex 76 25.6299 0
    endloop
  endfacet
  facet normal -0.5 0.866026 0
    outer loop
      vertex 84 25.6299 0
      vertex 80 23.3205 1.6
      vertex 84 25.6299 1.6
    endloop
  endfacet
  facet normal -0.5 0.866026 0
    outer loop
      vertex 80 23.3205 1.6
      vertex 84 25.6299 0
      vertex 80 23.3205 0
    endloop
  endfacet
  facet normal -1 0 0
    outer loop
      vertex 84 25.6299 0
      vertex 84 30.2487 1.6
      vertex 84 30.2487 0
    endloop
  endfacet
  facet normal -1 -0 0
    outer loop
      vertex 84 30.2487 1.6
      vertex 84 25.6299 0
      vertex 84 25.6299 1.6
    endloop
  endfacet
  facet normal 0.5 0.866026 -0
    outer loop
      vertex 80 23.3205 0
      vertex 76 25.6299 1.6
      vertex 80 23.3205 1.6
    endloop
  endfacet
  facet normal 0.5 0.866026 0
    outer loop
      vertex 76 25.6299 1.6
      vertex 80 23.3205 0
      vertex 76 25.6299 0
    endloop
  endfacet
  facet normal 0.5 -0.866026 0
    outer loop
      vertex 11 38.909 0
      vertex 15 41.2184 1.6
      vertex 11 38.909 1.6
    endloop
  endfacet
  facet normal 0.5 -0.866026 0
    outer loop
      vertex 15 41.2184 1.6
      vertex 11 38.909 0
      vertex 15 41.2184 0
    endloop
  endfacet
  facet normal -0.5 -0.866026 0
    outer loop
      vertex 15 41.2184 0
      vertex 19 38.909 1.6
      vertex 15 41.2184 1.6
    endloop
  endfacet
  facet normal -0.5 -0.866026 -0
    outer loop
      vertex 19 38.909 1.6
      vertex 15 41.2184 0
      vertex 19 38.909 0
    endloop
  endfacet
  facet normal -1 0 0
    outer loop
      vertex 19 34.2902 0
      vertex 19 38.909 1.6
      vertex 19 38.909 0
    endloop
  endfacet
  facet normal -1 -0 0
    outer loop
      vertex 19 38.909 1.6
      vertex 19 34.2902 0
      vertex 19 34.2902 1.6
    endloop
  endfacet
  facet normal 0.5 0.866026 -0
    outer loop
      vertex 15 31.9808 0
      vertex 11 34.2902 1.6
      vertex 15 31.9808 1.6
    endloop
  endfacet
  facet normal 0.5 0.866026 0
    outer loop
      vertex 11 34.2902 1.6
      vertex 15 31.9808 0
      vertex 11 34.2902 0
    endloop
  endfacet
  facet normal -0.5 0.866026 0
    outer loop
      vertex 19 34.2902 0
      vertex 15 31.9808 1.6
      vertex 19 34.2902 1.6
    endloop
  endfacet
  facet normal -0.5 0.866026 0
    outer loop
      vertex 15 31.9808 1.6
      vertex 19 34.2902 0
      vertex 15 31.9808 0
    endloop
  endfacet
  facet normal 1 -0 0
    outer loop
      vertex 11 34.2902 1.6
      vertex 11 38.909 0
      vertex 11 38.909 1.6
    endloop
  endfacet
  facet normal 1 0 0
    outer loop
      vertex 11 38.909 0
      vertex 11 34.2902 1.6
      vertex 11 34.2902 0
    endloop
  endfacet
  facet normal 0.5 -0.866026 0
    outer loop
      vertex 21 38.909 0
      vertex 25 41.2184 1.6
      vertex 21 38.909 1.6
    endloop
  endfacet
  facet normal 0.5 -0.866026 0
    outer loop
      vertex 25 41.2184 1.6
      vertex 21 38.909 0
      vertex 25 41.2184 0
    endloop
  endfacet
  facet normal -0.5 -0.866026 0
    outer loop
      vertex 25 41.2184 0
      vertex 29 38.909 1.6
      vertex 25 41.2184 1.6
    endloop
  endfacet
  facet normal -0.5 -0.866026 -0
    outer loop
      vertex 29 38.909 1.6
      vertex 25 41.2184 0
      vertex 29 38.909 0
    endloop
  endfacet
  facet normal -1 0 0
    outer loop
      vertex 29 34.2902 0
      vertex 29 38.909 1.6
      vertex 29 38.909 0
    endloop
  endfacet
  facet normal -1 -0 0
    outer loop
      vertex 29 38.909 1.6
      vertex 29 34.2902 0
      vertex 29 34.2902 1.6
    endloop
  endfacet
  facet normal 0.5 0.866026 -0
    outer loop
      vertex 25 31.9808 0
      vertex 21 34.2902 1.6
      vertex 25 31.9808 1.6
    endloop
  endfacet
  facet normal 0.5 0.866026 0
    outer loop
      vertex 21 34.2902 1.6
      vertex 25 31.9808 0
      vertex 21 34.2902 0
    endloop
  endfacet
  facet normal -0.5 0.866026 0
    outer loop
      vertex 29 34.2902 0
      vertex 25 31.9808 1.6
      vertex 29 34.2902 1.6
    endloop
  endfacet
  facet normal -0.5 0.866026 0
    outer loop
      vertex 25 31.9808 1.6
      vertex 29 34.2902 0
      vertex 25 31.9808 0
    endloop
  endfacet
  facet normal 1 -0 0
    outer loop
      vertex 21 34.2902 1.6
      vertex 21 38.909 0
      vertex 21 38.909 1.6
    endloop
  endfacet
  facet normal 1 0 0
    outer loop
      vertex 21 38.909 0
      vertex 21 34.2902 1.6
      vertex 21 34.2902 0
    endloop
  endfacet
  facet normal 0.5 -0.866026 0
    outer loop
      vertex 31 38.909 0
      vertex 35 41.2184 1.6
      vertex 31 38.909 1.6
    endloop
  endfacet
  facet normal 0.5 -0.866026 0
    outer loop
      vertex 35 41.2184 1.6
      vertex 31 38.909 0
      vertex 35 41.2184 0
    endloop
  endfacet
  facet normal -0.5 -0.866026 0
    outer loop
      vertex 35 41.2184 0
      vertex 39 38.909 1.6
      vertex 35 41.2184 1.6
    endloop
  endfacet
  facet normal -0.5 -0.866026 -0
    outer loop
      vertex 39 38.909 1.6
      vertex 35 41.2184 0
      vertex 39 38.909 0
    endloop
  endfacet
  facet normal -1 0 0
    outer loop
      vertex 39 34.2902 0
      vertex 39 38.909 1.6
      vertex 39 38.909 0
    endloop
  endfacet
  facet normal -1 -0 0
    outer loop
      vertex 39 38.909 1.6
      vertex 39 34.2902 0
      vertex 39 34.2902 1.6
    endloop
  endfacet
  facet normal 0.5 0.866026 -0
    outer loop
      vertex 35 31.9808 0
      vertex 31 34.2902 1.6
      vertex 35 31.9808 1.6
    endloop
  endfacet
  facet normal 0.5 0.866026 0
    outer loop
      vertex 31 34.2902 1.6
      vertex 35 31.9808 0
      vertex 31 34.2902 0
    endloop
  endfacet
  facet normal -0.5 0.866026 0
    outer loop
      vertex 39 34.2902 0
      vertex 35 31.9808 1.6
      vertex 39 34.2902 1.6
    endloop
  endfacet
  facet normal -0.5 0.866026 0
    outer loop
      vertex 35 31.9808 1.6
      vertex 39 34.2902 0
      vertex 35 31.9808 0
    endloop
  endfacet
  facet normal 1 -0 0
    outer loop
      vertex 31 34.2902 1.6
      vertex 31 38.909 0
      vertex 31 38.909 1.6
    endloop
  endfacet
  facet normal 1 0 0
    outer loop
      vertex 31 38.909 0
      vertex 31 34.2902 1.6
      vertex 31 34.2902 0
    endloop
  endfacet
  facet normal 0.5 -0.866026 0
    outer loop
      vertex 41 38.909 0
      vertex 45 41.2184 1.6
      vertex 41 38.909 1.6
    endloop
  endfacet
  facet normal 0.5 -0.866026 0
    outer loop
      vertex 45 41.2184 1.6
      vertex 41 38.909 0
      vertex 45 41.2184 0
    endloop
  endfacet
  facet normal -0.5 -0.866026 0
    outer loop
      vertex 45 41.2184 0
      vertex 49 38.909 1.6
      vertex 45 41.2184 1.6
    endloop
  endfacet
  facet normal -0.5 -0.866026 -0
    outer loop
      vertex 49 38.909 1.6
      vertex 45 41.2184 0
      vertex 49 38.909 0
    endloop
  endfacet
  facet normal -1 0 0
    outer loop
      vertex 49 34.2902 0
      vertex 49 38.909 1.6
      vertex 49 38.909 0
    endloop
  endfacet
  facet normal -1 -0 0
    outer loop
      vertex 49 38.909 1.6
      vertex 49 34.2902 0
      vertex 49 34.2902 1.6
    endloop
  endfacet
  facet normal 0.5 0.866026 -0
    outer loop
      vertex 45 31.9808 0
      vertex 41 34.2902 1.6
      vertex 45 31.9808 1.6
    endloop
  endfacet
  facet normal 0.5 0.866026 0
    outer loop
      vertex 41 34.2902 1.6
      vertex 45 31.9808 0
      vertex 41 34.2902 0
    endloop
  endfacet
  facet normal -0.5 0.866026 0
    outer loop
      vertex 49 34.2902 0
      vertex 45 31.9808 1.6
      vertex 49 34.2902 1.6
    endloop
  endfacet
  facet normal -0.5 0.866026 0
    outer loop
      vertex 45 31.9808 1.6
      vertex 49 34.2902 0
      vertex 45 31.9808 0
    endloop
  endfacet
  facet normal 1 -0 0
    outer loop
      vertex 41 34.2902 1.6
      vertex 41 38.909 0
      vertex 41 38.909 1.6
    endloop
  endfacet
  facet normal 1 0 0
    outer loop
      vertex 41 38.909 0
      vertex 41 34.2902 1.6
      vertex 41 34.2902 0
    endloop
  endfacet
  facet normal 0.5 -0.866026 0
    outer loop
      vertex 51 38.909 0
      vertex 55 41.2184 1.6
      vertex 51 38.909 1.6
    endloop
  endfacet
  facet normal 0.5 -0.866026 0
    outer loop
      vertex 55 41.2184 1.6
      vertex 51 38.909 0
      vertex 55 41.2184 0
    endloop
  endfacet
  facet normal -0.5 -0.866026 0
    outer loop
      vertex 55 41.2184 0
      vertex 59 38.909 1.6
      vertex 55 41.2184 1.6
    endloop
  endfacet
  facet normal -0.5 -0.866026 -0
    outer loop
      vertex 59 38.909 1.6
      vertex 55 41.2184 0
      vertex 59 38.909 0
    endloop
  endfacet
  facet normal -1 0 0
    outer loop
      vertex 59 34.2902 0
      vertex 59 38.909 1.6
      vertex 59 38.909 0
    endloop
  endfacet
  facet normal -1 -0 0
    outer loop
      vertex 59 38.909 1.6
      vertex 59 34.2902 0
      vertex 59 34.2902 1.6
    endloop
  endfacet
  facet normal 0.5 0.866026 -0
    outer loop
      vertex 55 31.9808 0
      vertex 51 34.2902 1.6
      vertex 55 31.9808 1.6
    endloop
  endfacet
  facet normal 0.5 0.866026 0
    outer loop
      vertex 51 34.2902 1.6
      vertex 55 31.9808 0
      vertex 51 34.2902 0
    endloop
  endfacet
  facet normal -0.5 0.866026 0
    outer loop
      vertex 59 34.2902 0
      vertex 55 31.9808 1.6
      vertex 59 34.2902 1.6
    endloop
  endfacet
  facet normal -0.5 0.866026 0
    outer loop
      vertex 55 31.9808 1.6
      vertex 59 34.2902 0
      vertex 55 31.9808 0
    endloop
  endfacet
  facet normal 1 -0 0
    outer loop
      vertex 51 34.2902 1.6
      vertex 51 38.909 0
      vertex 51 38.909 1.6
    endloop
  endfacet
  facet normal 1 0 0
    outer loop
      vertex 51 38.909 0
      vertex 51 34.2902 1.6
      vertex 51 34.2902 0
    endloop
  endfacet
  facet normal 0.5 -0.866026 0
    outer loop
      vertex 61 38.909 0
      vertex 65 41.2184 1.6
      vertex 61 38.909 1.6
    endloop
  endfacet
  facet normal 0.5 -0.866026 0
    outer loop
      vertex 65 41.2184 1.6
      vertex 61 38.909 0
      vertex 65 41.2184 0
    endloop
  endfacet
  facet normal -0.5 -0.866026 0
    outer loop
      vertex 65 41.2184 0
      vertex 69 38.909 1.6
      vertex 65 41.2184 1.6
    endloop
  endfacet
  facet normal -0.5 -0.866026 -0
    outer loop
      vertex 69 38.909 1.6
      vertex 65 41.2184 0
      vertex 69 38.909 0
    endloop
  endfacet
  facet normal -1 0 0
    outer loop
      vertex 69 34.2902 0
      vertex 69 38.909 1.6
      vertex 69 38.909 0
    endloop
  endfacet
  facet normal -1 -0 0
    outer loop
      vertex 69 38.909 1.6
      vertex 69 34.2902 0
      vertex 69 34.2902 1.6
    endloop
  endfacet
  facet normal 0.5 0.866026 -0
    outer loop
      vertex 65 31.9808 0
      vertex 61 34.2902 1.6
      vertex 65 31.9808 1.6
    endloop
  endfacet
  facet normal 0.5 0.866026 0
    outer loop
      vertex 61 34.2902 1.6
      vertex 65 31.9808 0
      vertex 61 34.2902 0
    endloop
  endfacet
  facet normal -0.5 0.866026 0
    outer loop
      vertex 69 34.2902 0
      vertex 65 31.9808 1.6
      vertex 69 34.2902 1.6
    endloop
  endfacet
  facet normal -0.5 0.866026 0
    outer loop
      vertex 65 31.9808 1.6
      vertex 69 34.2902 0
      vertex 65 31.9808 0
    endloop
  endfacet
  facet normal 1 -0 0
    outer loop
      vertex 61 34.2902 1.6
      vertex 61 38.909 0
      vertex 61 38.909 1.6
    endloop
  endfacet
  facet normal 1 0 0
    outer loop
      vertex 61 38.909 0
      vertex 61 34.2902 1.6
      vertex 61 34.2902 0
    endloop
  endfacet
  facet normal 0.5 -0.866026 0
    outer loop
      vertex 71 38.909 0
      vertex 75 41.2184 1.6
      vertex 71 38.909 1.6
    endloop
  endfacet
  facet normal 0.5 -0.866026 0
    outer loop
      vertex 75 41.2184 1.6
      vertex 71 38.909 0
      vertex 75 41.2184 0
    endloop
  endfacet
  facet normal -0.5 -0.866026 0
    outer loop
      vertex 75 41.2184 0
      vertex 79 38.909 1.6
      vertex 75 41.2184 1.6
    endloop
  endfacet
  facet normal -0.5 -0.866026 -0
    outer loop
      vertex 79 38.909 1.6
      vertex 75 41.2184 0
      vertex 79 38.909 0
    endloop
  endfacet
  facet normal -1 0 0
    outer loop
      vertex 79 34.2902 0
      vertex 79 38.909 1.6
      vertex 79 38.909 0
    endloop
  endfacet
  facet normal -1 -0 0
    outer loop
      vertex 79 38.909 1.6
      vertex 79 34.2902 0
      vertex 79 34.2902 1.6
    endloop
  endfacet
  facet normal 0.5 0.866026 -0
    outer loop
      vertex 75 31.9808 0
      vertex 71 34.2902 1.6
      vertex 75 31.9808 1.6
    endloop
  endfacet
  facet normal 0.5 0.866026 0
    outer loop
      vertex 71 34.2902 1.6
      vertex 75 31.9808 0
      vertex 71 34.2902 0
    endloop
  endfacet
  facet normal -0.5 0.866026 0
    outer loop
      vertex 79 34.2902 0
      vertex 75 31.9808 1.6
      vertex 79 34.2902 1.6
    endloop
  endfacet
  facet normal -0.5 0.866026 0
    outer loop
      vertex 75 31.9808 1.6
      vertex 79 34.2902 0
      vertex 75 31.9808 0
    endloop
  endfacet
  facet normal 1 -0 0
    outer loop
      vertex 71 34.2902 1.6
      vertex 71 38.909 0
      vertex 71 38.909 1.6
    endloop
  endfacet
  facet normal 1 0 0
    outer loop
      vertex 71 38.909 0
      vertex 71 34.2902 1.6
      vertex 71 34.2902 0
    endloop
  endfacet
  facet normal 0.5 -0.866026 0
    outer loop
      vertex 81 38.909 0
      vertex 85 41.2184 1.6
      vertex 81 38.909 1.6
    endloop
  endfacet
  facet normal 0.5 -0.866026 0
    outer loop
      vertex 85 41.2184 1.6
      vertex 81 38.909 0
      vertex 85 41.2184 0
    endloop
  endfacet
  facet normal -0.5 -0.866026 0
    outer loop
      vertex 85 41.2184 0
      vertex 89 38.909 1.6
      vertex 85 41.2184 1.6
    endloop
  endfacet
  facet normal -0.5 -0.866026 -0
    outer loop
      vertex 89 38.909 1.6
      vertex 85 41.2184 0
      vertex 89 38.909 0
    endloop
  endfacet
  facet normal -1 0 0
    outer loop
      vertex 89 34.2902 0
      vertex 89 38.909 1.6
      vertex 89 38.909 0
    endloop
  endfacet
  facet normal -1 -0 0
    outer loop
      vertex 89 38.909 1.6
      vertex 89 34.2902 0
      vertex 89 34.2902 1.6
    endloop
  endfacet
  facet normal 0.5 0.866026 -0
    outer loop
      vertex 85 31.9808 0
      vertex 81 34.2902 1.6
      vertex 85 31.9808 1.6
    endloop
  endfacet
  facet normal 0.5 0.866026 0
    outer loop
      vertex 81 34.2902 1.6
      vertex 85 31.9808 0
      vertex 81 34.2902 0
    endloop
  endfacet
  facet normal -0.5 0.866026 0
    outer loop
      vertex 89 34.2902 0
      vertex 85 31.9808 1.6
      vertex 89 34.2902 1.6
    endloop
  endfacet
  facet normal -0.5 0.866026 0
    outer loop
      vertex 85 31.9808 1.6
      vertex 89 34.2902 0
      vertex 85 31.9808 0
    endloop
  endfacet
  facet normal 1 -0 0
    outer loop
      vertex 81 34.2902 1.6
      vertex 81 38.909 0
      vertex 81 38.909 1.6
    endloop
  endfacet
  facet normal 1 0 0
    outer loop
      vertex 81 38.909 0
      vertex 81 34.2902 1.6
      vertex 81 34.2902 0
    endloop
  endfacet
  facet normal 0.5 -0.866026 0
    outer loop
      vertex 6 47.5692 0
      vertex 10 49.8786 1.6
      vertex 6 47.5692 1.6
    endloop
  endfacet
  facet normal 0.5 -0.866026 0
    outer loop
      vertex 10 49.8786 1.6
      vertex 6 47.5692 0
      vertex 10 49.8786 0
    endloop
  endfacet
  facet normal -0.5 -0.866026 0
    outer loop
      vertex 10 49.8786 0
      vertex 14 47.5692 1.6
      vertex 10 49.8786 1.6
    endloop
  endfacet
  facet normal -0.5 -0.866026 -0
    outer loop
      vertex 14 47.5692 1.6
      vertex 10 49.8786 0
      vertex 14 47.5692 0
    endloop
  endfacet
  facet normal 1 -0 0
    outer loop
      vertex 6 42.9504 1.6
      vertex 6 47.5692 0
      vertex 6 47.5692 1.6
    endloop
  endfacet
  facet normal 1 0 0
    outer loop
      vertex 6 47.5692 0
      vertex 6 42.9504 1.6
      vertex 6 42.9504 0
    endloop
  endfacet
  facet normal -0.5 0.866026 0
    outer loop
      vertex 14 42.9504 0
      vertex 10 40.641 1.6
      vertex 14 42.9504 1.6
    endloop
  endfacet
  facet normal -0.5 0.866026 0
    outer loop
      vertex 10 40.641 1.6
      vertex 14 42.9504 0
      vertex 10 40.641 0
    endloop
  endfacet
  facet normal -1 0 0
    outer loop
      vertex 14 42.9504 0
      vertex 14 47.5692 1.6
      vertex 14 47.5692 0
    endloop
  endfacet
  facet normal -1 -0 0
    outer loop
      vertex 14 47.5692 1.6
      vertex 14 42.9504 0
      vertex 14 42.9504 1.6
    endloop
  endfacet
  facet normal 0.5 0.866026 -0
    outer loop
      vertex 10 40.641 0
      vertex 6 42.9504 1.6
      vertex 10 40.641 1.6
    endloop
  endfacet
  facet normal 0.5 0.866026 0
    outer loop
      vertex 6 42.9504 1.6
      vertex 10 40.641 0
      vertex 6 42.9504 0
    endloop
  endfacet
  facet normal 0.5 -0.866026 0
    outer loop
      vertex 16 47.5692 0
      vertex 20 49.8786 1.6
      vertex 16 47.5692 1.6
    endloop
  endfacet
  facet normal 0.5 -0.866026 0
    outer loop
      vertex 20 49.8786 1.6
      vertex 16 47.5692 0
      vertex 20 49.8786 0
    endloop
  endfacet
  facet normal -0.5 -0.866026 0
    outer loop
      vertex 20 49.8786 0
      vertex 24 47.5692 1.6
      vertex 20 49.8786 1.6
    endloop
  endfacet
  facet normal -0.5 -0.866026 -0
    outer loop
      vertex 24 47.5692 1.6
      vertex 20 49.8786 0
      vertex 24 47.5692 0
    endloop
  endfacet
  facet normal 1 -0 0
    outer loop
      vertex 16 42.9504 1.6
      vertex 16 47.5692 0
      vertex 16 47.5692 1.6
    endloop
  endfacet
  facet normal 1 0 0
    outer loop
      vertex 16 47.5692 0
      vertex 16 42.9504 1.6
      vertex 16 42.9504 0
    endloop
  endfacet
  facet normal -0.5 0.866026 0
    outer loop
      vertex 24 42.9504 0
      vertex 20 40.641 1.6
      vertex 24 42.9504 1.6
    endloop
  endfacet
  facet normal -0.5 0.866026 0
    outer loop
      vertex 20 40.641 1.6
      vertex 24 42.9504 0
      vertex 20 40.641 0
    endloop
  endfacet
  facet normal -1 0 0
    outer loop
      vertex 24 42.9504 0
      vertex 24 47.5692 1.6
      vertex 24 47.5692 0
    endloop
  endfacet
  facet normal -1 -0 0
    outer loop
      vertex 24 47.5692 1.6
      vertex 24 42.9504 0
      vertex 24 42.9504 1.6
    endloop
  endfacet
  facet normal 0.5 0.866026 -0
    outer loop
      vertex 20 40.641 0
      vertex 16 42.9504 1.6
      vertex 20 40.641 1.6
    endloop
  endfacet
  facet normal 0.5 0.866026 0
    outer loop
      vertex 16 42.9504 1.6
      vertex 20 40.641 0
      vertex 16 42.9504 0
    endloop
  endfacet
  facet normal 0.5 -0.866026 0
    outer loop
      vertex 26 47.5692 0
      vertex 30 49.8786 1.6
      vertex 26 47.5692 1.6
    endloop
  endfacet
  facet normal 0.5 -0.866026 0
    outer loop
      vertex 30 49.8786 1.6
      vertex 26 47.5692 0
      vertex 30 49.8786 0
    endloop
  endfacet
  facet normal -0.5 -0.866026 0
    outer loop
      vertex 30 49.8786 0
      vertex 34 47.5692 1.6
      vertex 30 49.8786 1.6
    endloop
  endfacet
  facet normal -0.5 -0.866026 -0
    outer loop
      vertex 34 47.5692 1.6
      vertex 30 49.8786 0
      vertex 34 47.5692 0
    endloop
  endfacet
  facet normal 1 -0 0
    outer loop
      vertex 26 42.9504 1.6
      vertex 26 47.5692 0
      vertex 26 47.5692 1.6
    endloop
  endfacet
  facet normal 1 0 0
    outer loop
      vertex 26 47.5692 0
      vertex 26 42.9504 1.6
      vertex 26 42.9504 0
    endloop
  endfacet
  facet normal -0.5 0.866026 0
    outer loop
      vertex 34 42.9504 0
      vertex 30 40.641 1.6
      vertex 34 42.9504 1.6
    endloop
  endfacet
  facet normal -0.5 0.866026 0
    outer loop
      vertex 30 40.641 1.6
      vertex 34 42.9504 0
      vertex 30 40.641 0
    endloop
  endfacet
  facet normal -1 0 0
    outer loop
      vertex 34 42.9504 0
      vertex 34 47.5692 1.6
      vertex 34 47.5692 0
    endloop
  endfacet
  facet normal -1 -0 0
    outer loop
      vertex 34 47.5692 1.6
      vertex 34 42.9504 0
      vertex 34 42.9504 1.6
    endloop
  endfacet
  facet normal 0.5 0.866026 -0
    outer loop
      vertex 30 40.641 0
      vertex 26 42.9504 1.6
      vertex 30 40.641 1.6
    endloop
  endfacet
  facet normal 0.5 0.866026 0
    outer loop
      vertex 26 42.9504 1.6
      vertex 30 40.641 0
      vertex 26 42.9504 0
    endloop
  endfacet
  facet normal 0.5 -0.866026 0
    outer loop
      vertex 36 47.5692 0
      vertex 40 49.8786 1.6
      vertex 36 47.5692 1.6
    endloop
  endfacet
  facet normal 0.5 -0.866026 0
    outer loop
      vertex 40 49.8786 1.6
      vertex 36 47.5692 0
      vertex 40 49.8786 0
    endloop
  endfacet
  facet normal -0.5 -0.866026 0
    outer loop
      vertex 40 49.8786 0
      vertex 44 47.5692 1.6
      vertex 40 49.8786 1.6
    endloop
  endfacet
  facet normal -0.5 -0.866026 -0
    outer loop
      vertex 44 47.5692 1.6
      vertex 40 49.8786 0
      vertex 44 47.5692 0
    endloop
  endfacet
  facet normal 1 -0 0
    outer loop
      vertex 36 42.9504 1.6
      vertex 36 47.5692 0
      vertex 36 47.5692 1.6
    endloop
  endfacet
  facet normal 1 0 0
    outer loop
      vertex 36 47.5692 0
      vertex 36 42.9504 1.6
      vertex 36 42.9504 0
    endloop
  endfacet
  facet normal -0.5 0.866026 0
    outer loop
      vertex 44 42.9504 0
      vertex 40 40.641 1.6
      vertex 44 42.9504 1.6
    endloop
  endfacet
  facet normal -0.5 0.866026 0
    outer loop
      vertex 40 40.641 1.6
      vertex 44 42.9504 0
      vertex 40 40.641 0
    endloop
  endfacet
  facet normal -1 0 0
    outer loop
      vertex 44 42.9504 0
      vertex 44 47.5692 1.6
      vertex 44 47.5692 0
    endloop
  endfacet
  facet normal -1 -0 0
    outer loop
      vertex 44 47.5692 1.6
      vertex 44 42.9504 0
      vertex 44 42.9504 1.6
    endloop
  endfacet
  facet normal 0.5 0.866026 -0
    outer loop
      vertex 40 40.641 0
      vertex 36 42.9504 1.6
      vertex 40 40.641 1.6
    endloop
  endfacet
  facet normal 0.5 0.866026 0
    outer loop
      vertex 36 42.9504 1.6
      vertex 40 40.641 0
      vertex 36 42.9504 0
    endloop
  endfacet
  facet normal 0.5 -0.866026 0
    outer loop
      vertex 46 47.5692 0
      vertex 50 49.8786 1.6
      vertex 46 47.5692 1.6
    endloop
  endfacet
  facet normal 0.5 -0.866026 0
    outer loop
      vertex 50 49.8786 1.6
      vertex 46 47.5692 0
      vertex 50 49.8786 0
    endloop
  endfacet
  facet normal -0.5 -0.866026 0
    outer loop
      vertex 50 49.8786 0
      vertex 54 47.5692 1.6
      vertex 50 49.8786 1.6
    endloop
  endfacet
  facet normal -0.5 -0.866026 -0
    outer loop
      vertex 54 47.5692 1.6
      vertex 50 49.8786 0
      vertex 54 47.5692 0
    endloop
  endfacet
  facet normal 1 -0 0
    outer loop
      vertex 46 42.9504 1.6
      vertex 46 47.5692 0
      vertex 46 47.5692 1.6
    endloop
  endfacet
  facet normal 1 0 0
    outer loop
      vertex 46 47.5692 0
      vertex 46 42.9504 1.6
      vertex 46 42.9504 0
    endloop
  endfacet
  facet normal -0.5 0.866026 0
    outer loop
      vertex 54 42.9504 0
      vertex 50 40.641 1.6
      vertex 54 42.9504 1.6
    endloop
  endfacet
  facet normal -0.5 0.866026 0
    outer loop
      vertex 50 40.641 1.6
      vertex 54 42.9504 0
      vertex 50 40.641 0
    endloop
  endfacet
  facet normal -1 0 0
    outer loop
      vertex 54 42.9504 0
      vertex 54 47.5692 1.6
      vertex 54 47.5692 0
    endloop
  endfacet
  facet normal -1 -0 0
    outer loop
      vertex 54 47.5692 1.6
      vertex 54 42.9504 0
      vertex 54 42.9504 1.6
    endloop
  endfacet
  facet normal 0.5 0.866026 -0
    outer loop
      vertex 50 40.641 0
      vertex 46 42.9504 1.6
      vertex 50 40.641 1.6
    endloop
  endfacet
  facet normal 0.5 0.866026 0
    outer loop
      vertex 46 42.9504 1.6
      vertex 50 40.641 0
      vertex 46 42.9504 0
    endloop
  endfacet
  facet normal 0.5 -0.866026 0
    outer loop
      vertex 56 47.5692 0
      vertex 60 49.8786 1.6
      vertex 56 47.5692 1.6
    endloop
  endfacet
  facet normal 0.5 -0.866026 0
    outer loop
      vertex 60 49.8786 1.6
      vertex 56 47.5692 0
      vertex 60 49.8786 0
    endloop
  endfacet
  facet normal -0.5 -0.866026 0
    outer loop
      vertex 60 49.8786 0
      vertex 64 47.5692 1.6
      vertex 60 49.8786 1.6
    endloop
  endfacet
  facet normal -0.5 -0.866026 -0
    outer loop
      vertex 64 47.5692 1.6
      vertex 60 49.8786 0
      vertex 64 47.5692 0
    endloop
  endfacet
  facet normal 1 -0 0
    outer loop
      vertex 56 42.9504 1.6
      vertex 56 47.5692 0
      vertex 56 47.5692 1.6
    endloop
  endfacet
  facet normal 1 0 0
    outer loop
      vertex 56 47.5692 0
      vertex 56 42.9504 1.6
      vertex 56 42.9504 0
    endloop
  endfacet
  facet normal -0.5 0.866026 0
    outer loop
      vertex 64 42.9504 0
      vertex 60 40.641 1.6
      vertex 64 42.9504 1.6
    endloop
  endfacet
  facet normal -0.5 0.866026 0
    outer loop
      vertex 60 40.641 1.6
      vertex 64 42.9504 0
      vertex 60 40.641 0
    endloop
  endfacet
  facet normal -1 0 0
    outer loop
      vertex 64 42.9504 0
      vertex 64 47.5692 1.6
      vertex 64 47.5692 0
    endloop
  endfacet
  facet normal -1 -0 0
    outer loop
      vertex 64 47.5692 1.6
      vertex 64 42.9504 0
      vertex 64 42.9504 1.6
    endloop
  endfacet
  facet normal 0.5 0.866026 -0
    outer loop
      vertex 60 40.641 0
      vertex 56 42.9504 1.6
      vertex 60 40.641 1.6
    endloop
  endfacet
  facet normal 0.5 0.866026 0
    outer loop
      vertex 56 42.9504 1.6
      vertex 60 40.641 0
      vertex 56 42.9504 0
    endloop
  endfacet
  facet normal 0.5 -0.866026 0
    outer loop
      vertex 66 47.5692 0
      vertex 70 49.8786 1.6
      vertex 66 47.5692 1.6
    endloop
  endfacet
  facet normal 0.5 -0.866026 0
    outer loop
      vertex 70 49.8786 1.6
      vertex 66 47.5692 0
      vertex 70 49.8786 0
    endloop
  endfacet
  facet normal -0.5 -0.866026 0
    outer loop
      vertex 70 49.8786 0
      vertex 74 47.5692 1.6
      vertex 70 49.8786 1.6
    endloop
  endfacet
  facet normal -0.5 -0.866026 -0
    outer loop
      vertex 74 47.5692 1.6
      vertex 70 49.8786 0
      vertex 74 47.5692 0
    endloop
  endfacet
  facet normal 1 -0 0
    outer loop
      vertex 66 42.9504 1.6
      vertex 66 47.5692 0
      vertex 66 47.5692 1.6
    endloop
  endfacet
  facet normal 1 0 0
    outer loop
      vertex 66 47.5692 0
      vertex 66 42.9504 1.6
      vertex 66 42.9504 0
    endloop
  endfacet
  facet normal -0.5 0.866026 0
    outer loop
      vertex 74 42.9504 0
      vertex 70 40.641 1.6
      vertex 74 42.9504 1.6
    endloop
  endfacet
  facet normal -0.5 0.866026 0
    outer loop
      vertex 70 40.641 1.6
      vertex 74 42.9504 0
      vertex 70 40.641 0
    endloop
  endfacet
  facet normal -1 0 0
    outer loop
      vertex 74 42.9504 0
      vertex 74 47.5692 1.6
      vertex 74 47.5692 0
    endloop
  endfacet
  facet normal -1 -0 0
    outer loop
      vertex 74 47.5692 1.6
      vertex 74 42.9504 0
      vertex 74 42.9504 1.6
    endloop
  endfacet
  facet normal 0.5 0.866026 -0
    outer loop
      vertex 70 40.641 0
      vertex 66 42.9504 1.6
      vertex 70 40.641 1.6
    endloop
  endfacet
  facet normal 0.5 0.866026 0
    outer loop
      vertex 66 42.9504 1.6
      vertex 70 40.641 0
      vertex 66 42.9504 0
    endloop
  endfacet
  facet normal 0.5 -0.866026 0
    outer loop
      vertex 76 47.5692 0
      vertex 80 49.8786 1.6
      vertex 76 47.5692 1.6
    endloop
  endfacet
  facet normal 0.5 -0.866026 0
    outer loop
      vertex 80 49.8786 1.6
      vertex 76 47.5692 0
      vertex 80 49.8786 0
    endloop
  endfacet
  facet normal -0.5 -0.866026 0
    outer loop
      vertex 80 49.8786 0
      vertex 84 47.5692 1.6
      vertex 80 49.8786 1.6
    endloop
  endfacet
  facet normal -0.5 -0.866026 -0
    outer loop
      vertex 84 47.5692 1.6
      vertex 80 49.8786 0
      vertex 84 47.5692 0
    endloop
  endfacet
  facet normal 1 -0 0
    outer loop
      vertex 76 42.9504 1.6
      vertex 76 47.5692 0
      vertex 76 47.5692 1.6
    endloop
  endfacet
  facet normal 1 0 0
    outer loop
      vertex 76 47.5692 0
      vertex 76 42.9504 1.6
      vertex 76 42.9504 0
    endloop
  endfacet
  facet normal -0.5 0.866026 0
    outer loop
      vertex 84 42.9504 0
      vertex 80 40.641 1.6
      vertex 84 42.9504 1.6
    endloop
  endfacet
  facet normal -0.5 0.866026 0
    outer loop
      vertex 80 40.641 1.6
      vertex 84 42.9504 0
      vertex 80 40.641 0
    endloop
  endfacet
  facet normal -1 0 0
    outer loop
      vertex 84 42.9504 0
      vertex 84 47.5692 1.6
      vertex 84 47.5692 0
    endloop
  endfacet
  facet normal -1 -0 0
    outer loop
      vertex 84 47.5692 1.6
      vertex 84 42.9504 0
      vertex 84 42.9504 1.6
    endloop
  endfacet
  facet normal 0.5 0.866026 -0
    outer loop
      vertex 80 40.641 0
      vertex 76 42.9504 1.6
      vertex 80 40.641 1.6
    endloop
  endfacet
  facet normal 0.5 0.866026 0
    outer loop
      vertex 76 42.9504 1.6
      vertex 80 40.641 0
      vertex 76 42.9504 0
    endloop
  endfacet
  facet normal 0.5 -0.866026 0
    outer loop
      vertex 11 56.2295 0
      vertex 15 58.5389 1.6
      vertex 11 56.2295 1.6
    endloop
  endfacet
  facet normal 0.5 -0.866026 0
    outer loop
      vertex 15 58.5389 1.6
      vertex 11 56.2295 0
      vertex 15 58.5389 0
    endloop
  endfacet
  facet normal -0.5 -0.866026 0
    outer loop
      vertex 15 58.5389 0
      vertex 19 56.2295 1.6
      vertex 15 58.5389 1.6
    endloop
  endfacet
  facet normal -0.5 -0.866026 -0
    outer loop
      vertex 19 56.2295 1.6
      vertex 15 58.5389 0
      vertex 19 56.2295 0
    endloop
  endfacet
  facet normal -1 0 0
    outer loop
      vertex 19 51.6107 0
      vertex 19 56.2295 1.6
      vertex 19 56.2295 0
    endloop
  endfacet
  facet normal -1 -0 0
    outer loop
      vertex 19 56.2295 1.6
      vertex 19 51.6107 0
      vertex 19 51.6107 1.6
    endloop
  endfacet
  facet normal 1 -0 0
    outer loop
      vertex 11 51.6107 1.6
      vertex 11 56.2295 0
      vertex 11 56.2295 1.6
    endloop
  endfacet
  facet normal 1 0 0
    outer loop
      vertex 11 56.2295 0
      vertex 11 51.6107 1.6
      vertex 11 51.6107 0
    endloop
  endfacet
  facet normal 0.5 0.866026 -0
    outer loop
      vertex 15 49.3013 0
      vertex 11 51.6107 1.6
      vertex 15 49.3013 1.6
    endloop
  endfacet
  facet normal 0.5 0.866026 0
    outer loop
      vertex 11 51.6107 1.6
      vertex 15 49.3013 0
      vertex 11 51.6107 0
    endloop
  endfacet
  facet normal -0.5 0.866026 0
    outer loop
      vertex 19 51.6107 0
      vertex 15 49.3013 1.6
      vertex 19 51.6107 1.6
    endloop
  endfacet
  facet normal -0.5 0.866026 0
    outer loop
      vertex 15 49.3013 1.6
      vertex 19 51.6107 0
      vertex 15 49.3013 0
    endloop
  endfacet
  facet normal 0.5 -0.866026 0
    outer loop
      vertex 21 56.2295 0
      vertex 25 58.5389 1.6
      vertex 21 56.2295 1.6
    endloop
  endfacet
  facet normal 0.5 -0.866026 0
    outer loop
      vertex 25 58.5389 1.6
      vertex 21 56.2295 0
      vertex 25 58.5389 0
    endloop
  endfacet
  facet normal -0.5 -0.866026 0
    outer loop
      vertex 25 58.5389 0
      vertex 29 56.2295 1.6
      vertex 25 58.5389 1.6
    endloop
  endfacet
  facet normal -0.5 -0.866026 -0
    outer loop
      vertex 29 56.2295 1.6
      vertex 25 58.5389 0
      vertex 29 56.2295 0
    endloop
  endfacet
  facet normal -1 0 0
    outer loop
      vertex 29 51.6107 0
      vertex 29 56.2295 1.6
      vertex 29 56.2295 0
    endloop
  endfacet
  facet normal -1 -0 0
    outer loop
      vertex 29 56.2295 1.6
      vertex 29 51.6107 0
      vertex 29 51.6107 1.6
    endloop
  endfacet
  facet normal 1 -0 0
    outer loop
      vertex 21 51.6107 1.6
      vertex 21 56.2295 0
      vertex 21 56.2295 1.6
    endloop
  endfacet
  facet normal 1 0 0
    outer loop
      vertex 21 56.2295 0
      vertex 21 51.6107 1.6
      vertex 21 51.6107 0
    endloop
  endfacet
  facet normal 0.5 0.866026 -0
    outer loop
      vertex 25 49.3013 0
      vertex 21 51.6107 1.6
      vertex 25 49.3013 1.6
    endloop
  endfacet
  facet normal 0.5 0.866026 0
    outer loop
      vertex 21 51.6107 1.6
      vertex 25 49.3013 0
      vertex 21 51.6107 0
    endloop
  endfacet
  facet normal -0.5 0.866026 0
    outer loop
      vertex 29 51.6107 0
      vertex 25 49.3013 1.6
      vertex 29 51.6107 1.6
    endloop
  endfacet
  facet normal -0.5 0.866026 0
    outer loop
      vertex 25 49.3013 1.6
      vertex 29 51.6107 0
      vertex 25 49.3013 0
    endloop
  endfacet
  facet normal 0.5 -0.866026 0
    outer loop
      vertex 31 56.2295 0
      vertex 35 58.5389 1.6
      vertex 31 56.2295 1.6
    endloop
  endfacet
  facet normal 0.5 -0.866026 0
    outer loop
      vertex 35 58.5389 1.6
      vertex 31 56.2295 0
      vertex 35 58.5389 0
    endloop
  endfacet
  facet normal -0.5 -0.866026 0
    outer loop
      vertex 35 58.5389 0
      vertex 39 56.2295 1.6
      vertex 35 58.5389 1.6
    endloop
  endfacet
  facet normal -0.5 -0.866026 -0
    outer loop
      vertex 39 56.2295 1.6
      vertex 35 58.5389 0
      vertex 39 56.2295 0
    endloop
  endfacet
  facet normal -1 0 0
    outer loop
      vertex 39 51.6107 0
      vertex 39 56.2295 1.6
      vertex 39 56.2295 0
    endloop
  endfacet
  facet normal -1 -0 0
    outer loop
      vertex 39 56.2295 1.6
      vertex 39 51.6107 0
      vertex 39 51.6107 1.6
    endloop
  endfacet
  facet normal 0.5 0.866026 -0
    outer loop
      vertex 35 49.3013 0
      vertex 31 51.6107 1.6
      vertex 35 49.3013 1.6
    endloop
  endfacet
  facet normal 0.5 0.866026 0
    outer loop
      vertex 31 51.6107 1.6
      vertex 35 49.3013 0
      vertex 31 51.6107 0
    endloop
  endfacet
  facet normal -0.5 0.866026 0
    outer loop
      vertex 39 51.6107 0
      vertex 35 49.3013 1.6
      vertex 39 51.6107 1.6
    endloop
  endfacet
  facet normal -0.5 0.866026 0
    outer loop
      vertex 35 49.3013 1.6
      vertex 39 51.6107 0
      vertex 35 49.3013 0
    endloop
  endfacet
  facet normal 1 -0 0
    outer loop
      vertex 31 51.6107 1.6
      vertex 31 56.2295 0
      vertex 31 56.2295 1.6
    endloop
  endfacet
  facet normal 1 0 0
    outer loop
      vertex 31 56.2295 0
      vertex 31 51.6107 1.6
      vertex 31 51.6107 0
    endloop
  endfacet
  facet normal 0.5 -0.866026 0
    outer loop
      vertex 41 56.2295 0
      vertex 45 58.5389 1.6
      vertex 41 56.2295 1.6
    endloop
  endfacet
  facet normal 0.5 -0.866026 0
    outer loop
      vertex 45 58.5389 1.6
      vertex 41 56.2295 0
      vertex 45 58.5389 0
    endloop
  endfacet
  facet normal -0.5 -0.866026 0
    outer loop
      vertex 45 58.5389 0
      vertex 49 56.2295 1.6
      vertex 45 58.5389 1.6
    endloop
  endfacet
  facet normal -0.5 -0.866026 -0
    outer loop
      vertex 49 56.2295 1.6
      vertex 45 58.5389 0
      vertex 49 56.2295 0
    endloop
  endfacet
  facet normal -1 0 0
    outer loop
      vertex 49 51.6107 0
      vertex 49 56.2295 1.6
      vertex 49 56.2295 0
    endloop
  endfacet
  facet normal -1 -0 0
    outer loop
      vertex 49 56.2295 1.6
      vertex 49 51.6107 0
      vertex 49 51.6107 1.6
    endloop
  endfacet
  facet normal 0.5 0.866026 -0
    outer loop
      vertex 45 49.3013 0
      vertex 41 51.6107 1.6
      vertex 45 49.3013 1.6
    endloop
  endfacet
  facet normal 0.5 0.866026 0
    outer loop
      vertex 41 51.6107 1.6
      vertex 45 49.3013 0
      vertex 41 51.6107 0
    endloop
  endfacet
  facet normal -0.5 0.866026 0
    outer loop
      vertex 49 51.6107 0
      vertex 45 49.3013 1.6
      vertex 49 51.6107 1.6
    endloop
  endfacet
  facet normal -0.5 0.866026 0
    outer loop
      vertex 45 49.3013 1.6
      vertex 49 51.6107 0
      vertex 45 49.3013 0
    endloop
  endfacet
  facet normal 1 -0 0
    outer loop
      vertex 41 51.6107 1.6
      vertex 41 56.2295 0
      vertex 41 56.2295 1.6
    endloop
  endfacet
  facet normal 1 0 0
    outer loop
      vertex 41 56.2295 0
      vertex 41 51.6107 1.6
      vertex 41 51.6107 0
    endloop
  endfacet
  facet normal 0.5 -0.866026 0
    outer loop
      vertex 51 56.2295 0
      vertex 55 58.5389 1.6
      vertex 51 56.2295 1.6
    endloop
  endfacet
  facet normal 0.5 -0.866026 0
    outer loop
      vertex 55 58.5389 1.6
      vertex 51 56.2295 0
      vertex 55 58.5389 0
    endloop
  endfacet
  facet normal -0.5 -0.866026 0
    outer loop
      vertex 55 58.5389 0
      vertex 59 56.2295 1.6
      vertex 55 58.5389 1.6
    endloop
  endfacet
  facet normal -0.5 -0.866026 -0
    outer loop
      vertex 59 56.2295 1.6
      vertex 55 58.5389 0
      vertex 59 56.2295 0
    endloop
  endfacet
  facet normal -1 0 0
    outer loop
      vertex 59 51.6107 0
      vertex 59 56.2295 1.6
      vertex 59 56.2295 0
    endloop
  endfacet
  facet normal -1 -0 0
    outer loop
      vertex 59 56.2295 1.6
      vertex 59 51.6107 0
      vertex 59 51.6107 1.6
    endloop
  endfacet
  facet normal 0.5 0.866026 -0
    outer loop
      vertex 55 49.3013 0
      vertex 51 51.6107 1.6
      vertex 55 49.3013 1.6
    endloop
  endfacet
  facet normal 0.5 0.866026 0
    outer loop
      vertex 51 51.6107 1.6
      vertex 55 49.3013 0
      vertex 51 51.6107 0
    endloop
  endfacet
  facet normal -0.5 0.866026 0
    outer loop
      vertex 59 51.6107 0
      vertex 55 49.3013 1.6
      vertex 59 51.6107 1.6
    endloop
  endfacet
  facet normal -0.5 0.866026 0
    outer loop
      vertex 55 49.3013 1.6
      vertex 59 51.6107 0
      vertex 55 49.3013 0
    endloop
  endfacet
  facet normal 1 -0 0
    outer loop
      vertex 51 51.6107 1.6
      vertex 51 56.2295 0
      vertex 51 56.2295 1.6
    endloop
  endfacet
  facet normal 1 0 0
    outer loop
      vertex 51 56.2295 0
      vertex 51 51.6107 1.6
      vertex 51 51.6107 0
    endloop
  endfacet
  facet normal 0.5 -0.866026 0
    outer loop
      vertex 61 56.2295 0
      vertex 65 58.5389 1.6
      vertex 61 56.2295 1.6
    endloop
  endfacet
  facet normal 0.5 -0.866026 0
    outer loop
      vertex 65 58.5389 1.6
      vertex 61 56.2295 0
      vertex 65 58.5389 0
    endloop
  endfacet
  facet normal -0.5 -0.866026 0
    outer loop
      vertex 65 58.5389 0
      vertex 69 56.2295 1.6
      vertex 65 58.5389 1.6
    endloop
  endfacet
  facet normal -0.5 -0.866026 -0
    outer loop
      vertex 69 56.2295 1.6
      vertex 65 58.5389 0
      vertex 69 56.2295 0
    endloop
  endfacet
  facet normal -1 0 0
    outer loop
      vertex 69 51.6107 0
      vertex 69 56.2295 1.6
      vertex 69 56.2295 0
    endloop
  endfacet
  facet normal -1 -0 0
    outer loop
      vertex 69 56.2295 1.6
      vertex 69 51.6107 0
      vertex 69 51.6107 1.6
    endloop
  endfacet
  facet normal 0.5 0.866026 -0
    outer loop
      vertex 65 49.3013 0
      vertex 61 51.6107 1.6
      vertex 65 49.3013 1.6
    endloop
  endfacet
  facet normal 0.5 0.866026 0
    outer loop
      vertex 61 51.6107 1.6
      vertex 65 49.3013 0
      vertex 61 51.6107 0
    endloop
  endfacet
  facet normal -0.5 0.866026 0
    outer loop
      vertex 69 51.6107 0
      vertex 65 49.3013 1.6
      vertex 69 51.6107 1.6
    endloop
  endfacet
  facet normal -0.5 0.866026 0
    outer loop
      vertex 65 49.3013 1.6
      vertex 69 51.6107 0
      vertex 65 49.3013 0
    endloop
  endfacet
  facet normal 1 -0 0
    outer loop
      vertex 61 51.6107 1.6
      vertex 61 56.2295 0
      vertex 61 56.2295 1.6
    endloop
  endfacet
  facet normal 1 0 0
    outer loop
      vertex 61 56.2295 0
      vertex 61 51.6107 1.6
      vertex 61 51.6107 0
    endloop
  endfacet
  facet normal 0.5 -0.866026 0
    outer loop
      vertex 71 56.2295 0
      vertex 75 58.5389 1.6
      vertex 71 56.2295 1.6
    endloop
  endfacet
  facet normal 0.5 -0.866026 0
    outer loop
      vertex 75 58.5389 1.6
      vertex 71 56.2295 0
      vertex 75 58.5389 0
    endloop
  endfacet
  facet normal -0.5 -0.866026 0
    outer loop
      vertex 75 58.5389 0
      vertex 79 56.2295 1.6
      vertex 75 58.5389 1.6
    endloop
  endfacet
  facet normal -0.5 -0.866026 -0
    outer loop
      vertex 79 56.2295 1.6
      vertex 75 58.5389 0
      vertex 79 56.2295 0
    endloop
  endfacet
  facet normal -1 0 0
    outer loop
      vertex 79 51.6107 0
      vertex 79 56.2295 1.6
      vertex 79 56.2295 0
    endloop
  endfacet
  facet normal -1 -0 0
    outer loop
      vertex 79 56.2295 1.6
      vertex 79 51.6107 0
      vertex 79 51.6107 1.6
    endloop
  endfacet
  facet normal 0.5 0.866026 -0
    outer loop
      vertex 75 49.3013 0
      vertex 71 51.6107 1.6
      vertex 75 49.3013 1.6
    endloop
  endfacet
  facet normal 0.5 0.866026 0
    outer loop
      vertex 71 51.6107 1.6
      vertex 75 49.3013 0
      vertex 71 51.6107 0
    endloop
  endfacet
  facet normal -0.5 0.866026 0
    outer loop
      vertex 79 51.6107 0
      vertex 75 49.3013 1.6
      vertex 79 51.6107 1.6
    endloop
  endfacet
  facet normal -0.5 0.866026 0
    outer loop
      vertex 75 49.3013 1.6
      vertex 79 51.6107 0
      vertex 75 49.3013 0
    endloop
  endfacet
  facet normal 1 -0 0
    outer loop
      vertex 71 51.6107 1.6
      vertex 71 56.2295 0
      vertex 71 56.2295 1.6
    endloop
  endfacet
  facet normal 1 0 0
    outer loop
      vertex 71 56.2295 0
      vertex 71 51.6107 1.6
      vertex 71 51.6107 0
    endloop
  endfacet
  facet normal 0.5 -0.866026 0
    outer loop
      vertex 81 56.2295 0
      vertex 85 58.5389 1.6
      vertex 81 56.2295 1.6
    endloop
  endfacet
  facet normal 0.5 -0.866026 0
    outer loop
      vertex 85 58.5389 1.6
      vertex 81 56.2295 0
      vertex 85 58.5389 0
    endloop
  endfacet
  facet normal -0.5 -0.866026 0
    outer loop
      vertex 85 58.5389 0
      vertex 89 56.2295 1.6
      vertex 85 58.5389 1.6
    endloop
  endfacet
  facet normal -0.5 -0.866026 -0
    outer loop
      vertex 89 56.2295 1.6
      vertex 85 58.5389 0
      vertex 89 56.2295 0
    endloop
  endfacet
  facet normal -1 0 0
    outer loop
      vertex 89 51.6107 0
      vertex 89 56.2295 1.6
      vertex 89 56.2295 0
    endloop
  endfacet
  facet normal -1 -0 0
    outer loop
      vertex 89 56.2295 1.6
      vertex 89 51.6107 0
      vertex 89 51.6107 1.6
    endloop
  endfacet
  facet normal 0.5 0.866026 -0
    outer loop
      vertex 85 49.3013 0
      vertex 81 51.6107 1.6
      vertex 85 49.3013 1.6
    endloop
  endfacet
  facet normal 0.5 0.866026 0
    outer loop
      vertex 81 51.6107 1.6
      vertex 85 49.3013 0
      vertex 81 51.6107 0
    endloop
  endfacet
  facet normal -0.5 0.866026 0
    outer loop
      vertex 89 51.6107 0
      vertex 85 49.3013 1.6
      vertex 89 51.6107 1.6
    endloop
  endfacet
  facet normal -0.5 0.866026 0
    outer loop
      vertex 85 49.3013 1.6
      vertex 89 51.6107 0
      vertex 85 49.3013 0
    endloop
  endfacet
  facet normal 1 -0 0
    outer loop
      vertex 81 51.6107 1.6
      vertex 81 56.2295 0
      vertex 81 56.2295 1.6
    endloop
  endfacet
  facet normal 1 0 0
    outer loop
      vertex 81 56.2295 0
      vertex 81 51.6107 1.6
      vertex 81 51.6107 0
    endloop
  endfacet
  facet normal -0.321415 0.946938 0
    outer loop
      vertex 93.8567 1.79031 1.6
      vertex 93.547 1.68519 47.1
      vertex 93.8567 1.79031 47.1
    endloop
  endfacet
  facet normal -0.321415 0.946938 0
    outer loop
      vertex 93.547 1.68519 47.1
      vertex 93.8567 1.79031 1.6
      vertex 93.547 1.68519 1.6
    endloop
  endfacet
  facet normal 0 1 0
    outer loop
      vertex 92.9 1.6 47.1
      vertex 77.6634 1.6 4.78418
      vertex 86.4792 1.6 47.1
    endloop
  endfacet
  facet normal 0 1 -0
    outer loop
      vertex 92.9 1.6 1.6
      vertex 77.6634 1.6 4.78418
      vertex 92.9 1.6 47.1
    endloop
  endfacet
  facet normal 0 1 0
    outer loop
      vertex 77.6634 1.6 4.78418
      vertex 92.9 1.6 1.6
      vertex 77.5234 1.6 4.28003
    endloop
  endfacet
  facet normal 0 1 0
    outer loop
      vertex 92.9 1.6 1.6
      vertex 77.3188 1.6 3.79846
      vertex 77.5234 1.6 4.28003
    endloop
  endfacet
  facet normal 0 1 0
    outer loop
      vertex 92.9 1.6 1.6
      vertex 77.0531 1.6 3.34772
      vertex 77.3188 1.6 3.79846
    endloop
  endfacet
  facet normal 0 1 0
    outer loop
      vertex 92.9 1.6 1.6
      vertex 76.7308 1.6 2.93552
      vertex 77.0531 1.6 3.34772
    endloop
  endfacet
  facet normal 0 1 0
    outer loop
      vertex 92.9 1.6 1.6
      vertex 76.3575 1.6 2.56889
      vertex 76.7308 1.6 2.93552
    endloop
  endfacet
  facet normal 0 1 0
    outer loop
      vertex 92.9 1.6 1.6
      vertex 75.9396 1.6 2.25415
      vertex 76.3575 1.6 2.56889
    endloop
  endfacet
  facet normal 0 1 0
    outer loop
      vertex 92.9 1.6 1.6
      vertex 75.4841 1.6 1.99664
      vertex 75.9396 1.6 2.25415
    endloop
  endfacet
  facet normal 0 1 0
    outer loop
      vertex 92.9 1.6 1.6
      vertex 74.9989 1.6 1.8008
      vertex 75.4841 1.6 1.99664
    endloop
  endfacet
  facet normal 0 1 0
    outer loop
      vertex 92.9 1.6 1.6
      vertex 74.4923 1.6 1.66995
      vertex 74.9989 1.6 1.8008
    endloop
  endfacet
  facet normal 0 1 0
    outer loop
      vertex 74.4923 1.6 1.66995
      vertex 92.9 1.6 1.6
      vertex 73.7475 1.6 1.6
    endloop
  endfacet
  facet normal 0 1 0
    outer loop
      vertex 19.3366 1.6 4.78418
      vertex 4.1 1.6 47.1
      vertex 10.5208 1.6 47.1
    endloop
  endfacet
  facet normal 0 1 0
    outer loop
      vertex 4.1 1.6 1.6
      vertex 19.3366 1.6 4.78418
      vertex 19.557 1.6 4.06926
    endloop
  endfacet
  facet normal 0 1 0
    outer loop
      vertex 19.3366 1.6 4.78418
      vertex 4.1 1.6 1.6
      vertex 4.1 1.6 47.1
    endloop
  endfacet
  facet normal 0 1 0
    outer loop
      vertex 19.7885 1.6 3.59999
      vertex 4.1 1.6 1.6
      vertex 19.557 1.6 4.06926
    endloop
  endfacet
  facet normal 0 1 0
    outer loop
      vertex 20.0791 1.6 3.16495
      vertex 4.1 1.6 1.6
      vertex 19.7885 1.6 3.59999
    endloop
  endfacet
  facet normal 0 1 0
    outer loop
      vertex 20.4241 1.6 2.77156
      vertex 4.1 1.6 1.6
      vertex 20.0791 1.6 3.16495
    endloop
  endfacet
  facet normal 0 1 0
    outer loop
      vertex 20.8175 1.6 2.42657
      vertex 4.1 1.6 1.6
      vertex 20.4241 1.6 2.77156
    endloop
  endfacet
  facet normal 0 1 0
    outer loop
      vertex 21.2525 1.6 2.13589
      vertex 4.1 1.6 1.6
      vertex 20.8175 1.6 2.42657
    endloop
  endfacet
  facet normal 0 1 0
    outer loop
      vertex 21.7218 1.6 1.90448
      vertex 4.1 1.6 1.6
      vertex 21.2525 1.6 2.13589
    endloop
  endfacet
  facet normal 0 1 0
    outer loop
      vertex 22.2173 1.6 1.73628
      vertex 4.1 1.6 1.6
      vertex 21.7218 1.6 1.90448
    endloop
  endfacet
  facet normal 0 1 0
    outer loop
      vertex 22.7304 1.6 1.63422
      vertex 4.1 1.6 1.6
      vertex 22.2173 1.6 1.73628
    endloop
  endfacet
  facet normal 0 1 0
    outer loop
      vertex 4.1 1.6 1.6
      vertex 22.7304 1.6 1.63422
      vertex 23.2524 1.6 1.6
    endloop
  endfacet
  facet normal -0.195116 0.98078 0
    outer loop
      vertex 93.547 1.68519 1.6
      vertex 93.2263 1.62139 47.1
      vertex 93.547 1.68519 47.1
    endloop
  endfacet
  facet normal -0.195116 0.98078 0
    outer loop
      vertex 93.2263 1.62139 47.1
      vertex 93.547 1.68519 1.6
      vertex 93.2263 1.62139 1.6
    endloop
  endfacet
  facet normal -0.0654128 0.997858 0
    outer loop
      vertex 93.2263 1.62139 1.6
      vertex 92.9 1.6 47.1
      vertex 93.2263 1.62139 47.1
    endloop
  endfacet
  facet normal -0.0654128 0.997858 0
    outer loop
      vertex 92.9 1.6 47.1
      vertex 93.2263 1.62139 1.6
      vertex 92.9 1.6 1.6
    endloop
  endfacet
  facet normal -0.195116 -0.98078 0
    outer loop
      vertex 93.2263 70.3786 1.6
      vertex 93.547 70.3148 47.1
      vertex 93.2263 70.3786 47.1
    endloop
  endfacet
  facet normal -0.195116 -0.98078 -0
    outer loop
      vertex 93.547 70.3148 47.1
      vertex 93.2263 70.3786 1.6
      vertex 93.547 70.3148 1.6
    endloop
  endfacet
  facet normal 0.0654108 0.997858 -0
    outer loop
      vertex 4.1 1.6 1.6
      vertex 3.77369 1.62139 47.1
      vertex 4.1 1.6 47.1
    endloop
  endfacet
  facet normal 0.0654108 0.997858 0
    outer loop
      vertex 3.77369 1.62139 47.1
      vertex 4.1 1.6 1.6
      vertex 3.77369 1.62139 1.6
    endloop
  endfacet
  facet normal 0.555617 -0.831438 0
    outer loop
      vertex 2.5781 69.8834 1.6
      vertex 2.85 70.0651 47.1
      vertex 2.5781 69.8834 47.1
    endloop
  endfacet
  facet normal 0.555617 -0.831438 0
    outer loop
      vertex 2.85 70.0651 47.1
      vertex 2.5781 69.8834 1.6
      vertex 2.85 70.0651 1.6
    endloop
  endfacet
  facet normal 0.321452 0.946926 -0
    outer loop
      vertex 3.45295 1.68519 1.6
      vertex 3.14329 1.79031 47.1
      vertex 3.45295 1.68519 47.1
    endloop
  endfacet
  facet normal 0.321452 0.946926 0
    outer loop
      vertex 3.14329 1.79031 47.1
      vertex 3.45295 1.68519 1.6
      vertex 3.14329 1.79031 1.6
    endloop
  endfacet
  facet normal 0.896896 -0.442241 0
    outer loop
      vertex 1.79031 68.8567 47.1
      vertex 1.93493 69.15 1.6
      vertex 1.93493 69.15 47.1
    endloop
  endfacet
  facet normal 0.896896 -0.442241 0
    outer loop
      vertex 1.93493 69.15 1.6
      vertex 1.79031 68.8567 47.1
      vertex 1.79031 68.8567 1.6
    endloop
  endfacet
  facet normal 0.659495 -0.751709 0
    outer loop
      vertex 2.33224 69.6677 1.6
      vertex 2.5781 69.8834 47.1
      vertex 2.33224 69.6677 47.1
    endloop
  endfacet
  facet normal 0.659495 -0.751709 0
    outer loop
      vertex 2.5781 69.8834 47.1
      vertex 2.33224 69.6677 1.6
      vertex 2.5781 69.8834 1.6
    endloop
  endfacet
  facet normal 0.442204 -0.896915 0
    outer loop
      vertex 2.85 70.0651 1.6
      vertex 3.14329 70.2097 47.1
      vertex 2.85 70.0651 47.1
    endloop
  endfacet
  facet normal 0.442204 -0.896915 0
    outer loop
      vertex 3.14329 70.2097 47.1
      vertex 2.85 70.0651 1.6
      vertex 3.14329 70.2097 1.6
    endloop
  endfacet
  facet normal 0.0654412 -0.997856 0
    outer loop
      vertex 3.77369 70.3786 1.6
      vertex 4.1 70.4 47.1
      vertex 3.77369 70.3786 47.1
    endloop
  endfacet
  facet normal 0.0654412 -0.997856 0
    outer loop
      vertex 4.1 70.4 47.1
      vertex 3.77369 70.3786 1.6
      vertex 4.1 70.4 1.6
    endloop
  endfacet
  facet normal -0.555617 -0.831438 0
    outer loop
      vertex 94.15 70.0651 1.6
      vertex 94.4219 69.8834 47.1
      vertex 94.15 70.0651 47.1
    endloop
  endfacet
  facet normal -0.555617 -0.831438 -0
    outer loop
      vertex 94.4219 69.8834 47.1
      vertex 94.15 70.0651 1.6
      vertex 94.4219 69.8834 1.6
    endloop
  endfacet
  facet normal -0.980785 0.195093 0
    outer loop
      vertex 95.3148 3.45295 1.6
      vertex 95.3786 3.77369 47.1
      vertex 95.3786 3.77369 1.6
    endloop
  endfacet
  facet normal -0.980785 0.195093 0
    outer loop
      vertex 95.3786 3.77369 47.1
      vertex 95.3148 3.45295 1.6
      vertex 95.3148 3.45295 47.1
    endloop
  endfacet
  facet normal -1 0 0
    outer loop
      vertex 95.4 67.9 1.6
      vertex 95.4 61.4792 47.1
      vertex 95.4 67.9 47.1
    endloop
  endfacet
  facet normal -1 0 0
    outer loop
      vertex 95.4 67.9 1.6
      vertex 95.4 52.6634 4.78418
      vertex 95.4 61.4792 47.1
    endloop
  endfacet
  facet normal -1 0 0
    outer loop
      vertex 95.4 67.9 1.6
      vertex 95.4 52.5234 4.28003
      vertex 95.4 52.6634 4.78418
    endloop
  endfacet
  facet normal -1 0 0
    outer loop
      vertex 95.4 67.9 1.6
      vertex 95.4 52.3188 3.79846
      vertex 95.4 52.5234 4.28003
    endloop
  endfacet
  facet normal -1 0 0
    outer loop
      vertex 95.4 67.9 1.6
      vertex 95.4 52.0531 3.34772
      vertex 95.4 52.3188 3.79846
    endloop
  endfacet
  facet normal -1 0 0
    outer loop
      vertex 95.4 67.9 1.6
      vertex 95.4 51.7308 2.93552
      vertex 95.4 52.0531 3.34772
    endloop
  endfacet
  facet normal -1 0 0
    outer loop
      vertex 95.4 67.9 1.6
      vertex 95.4 51.3575 2.56889
      vertex 95.4 51.7308 2.93552
    endloop
  endfacet
  facet normal -1 0 0
    outer loop
      vertex 95.4 67.9 1.6
      vertex 95.4 50.9396 2.25415
      vertex 95.4 51.3575 2.56889
    endloop
  endfacet
  facet normal -1 0 0
    outer loop
      vertex 95.4 67.9 1.6
      vertex 95.4 50.4841 1.99664
      vertex 95.4 50.9396 2.25415
    endloop
  endfacet
  facet normal -1 0 0
    outer loop
      vertex 95.4 67.9 1.6
      vertex 95.4 49.9989 1.8008
      vertex 95.4 50.4841 1.99664
    endloop
  endfacet
  facet normal -1 0 0
    outer loop
      vertex 95.4 67.9 1.6
      vertex 95.4 49.4923 1.66995
      vertex 95.4 49.9989 1.8008
    endloop
  endfacet
  facet normal -1 0 -0
    outer loop
      vertex 95.4 49.4923 1.66995
      vertex 95.4 67.9 1.6
      vertex 95.4 48.7475 1.6
    endloop
  endfacet
  facet normal -1 0 0
    outer loop
      vertex 95.4 4.1 1.6
      vertex 95.4 22.7304 1.63422
      vertex 95.4 23.2524 1.6
    endloop
  endfacet
  facet normal -1 0 0
    outer loop
      vertex 95.4 4.1 1.6
      vertex 95.4 22.2173 1.73628
      vertex 95.4 22.7304 1.63422
    endloop
  endfacet
  facet normal -1 0 0
    outer loop
      vertex 95.4 4.1 1.6
      vertex 95.4 21.7218 1.90448
      vertex 95.4 22.2173 1.73628
    endloop
  endfacet
  facet normal -1 0 0
    outer loop
      vertex 95.4 4.1 1.6
      vertex 95.4 21.2525 2.13589
      vertex 95.4 21.7218 1.90448
    endloop
  endfacet
  facet normal -1 0 0
    outer loop
      vertex 95.4 4.1 1.6
      vertex 95.4 20.8175 2.42657
      vertex 95.4 21.2525 2.13589
    endloop
  endfacet
  facet normal -1 0 0
    outer loop
      vertex 95.4 4.1 1.6
      vertex 95.4 20.4241 2.77156
      vertex 95.4 20.8175 2.42657
    endloop
  endfacet
  facet normal -1 0 0
    outer loop
      vertex 95.4 4.1 1.6
      vertex 95.4 20.0791 3.16495
      vertex 95.4 20.4241 2.77156
    endloop
  endfacet
  facet normal -1 0 0
    outer loop
      vertex 95.4 4.1 1.6
      vertex 95.4 19.7885 3.59999
      vertex 95.4 20.0791 3.16495
    endloop
  endfacet
  facet normal -1 0 0
    outer loop
      vertex 95.4 4.1 1.6
      vertex 95.4 19.557 4.06926
      vertex 95.4 19.7885 3.59999
    endloop
  endfacet
  facet normal -1 0 0
    outer loop
      vertex 95.4 4.1 1.6
      vertex 95.4 19.3366 4.78418
      vertex 95.4 19.557 4.06926
    endloop
  endfacet
  facet normal -1 0 0
    outer loop
      vertex 95.4 4.1 1.6
      vertex 95.4 10.5208 47.1
      vertex 95.4 19.3366 4.78418
    endloop
  endfacet
  facet normal -1 -0 0
    outer loop
      vertex 95.4 10.5208 47.1
      vertex 95.4 4.1 1.6
      vertex 95.4 4.1 47.1
    endloop
  endfacet
  facet normal 1 -0 0
    outer loop
      vertex 1.6 4.1 47.1
      vertex 1.6 19.3366 4.78418
      vertex 1.6 10.5208 47.1
    endloop
  endfacet
  facet normal 1 0 0
    outer loop
      vertex 1.6 4.1 1.6
      vertex 1.6 19.3366 4.78418
      vertex 1.6 4.1 47.1
    endloop
  endfacet
  facet normal 1 0 0
    outer loop
      vertex 1.6 22.7304 1.63422
      vertex 1.6 4.1 1.6
      vertex 1.6 23.2524 1.6
    endloop
  endfacet
  facet normal 1 0 0
    outer loop
      vertex 1.6 22.2173 1.73628
      vertex 1.6 4.1 1.6
      vertex 1.6 22.7304 1.63422
    endloop
  endfacet
  facet normal 1 0 0
    outer loop
      vertex 1.6 21.7218 1.90448
      vertex 1.6 4.1 1.6
      vertex 1.6 22.2173 1.73628
    endloop
  endfacet
  facet normal 1 0 0
    outer loop
      vertex 1.6 21.2525 2.13589
      vertex 1.6 4.1 1.6
      vertex 1.6 21.7218 1.90448
    endloop
  endfacet
  facet normal 1 0 0
    outer loop
      vertex 1.6 20.8175 2.42657
      vertex 1.6 4.1 1.6
      vertex 1.6 21.2525 2.13589
    endloop
  endfacet
  facet normal 1 0 0
    outer loop
      vertex 1.6 20.4241 2.77156
      vertex 1.6 4.1 1.6
      vertex 1.6 20.8175 2.42657
    endloop
  endfacet
  facet normal 1 0 0
    outer loop
      vertex 1.6 20.0791 3.16495
      vertex 1.6 4.1 1.6
      vertex 1.6 20.4241 2.77156
    endloop
  endfacet
  facet normal 1 0 0
    outer loop
      vertex 1.6 19.7885 3.59999
      vertex 1.6 4.1 1.6
      vertex 1.6 20.0791 3.16495
    endloop
  endfacet
  facet normal 1 0 0
    outer loop
      vertex 1.6 19.557 4.06926
      vertex 1.6 4.1 1.6
      vertex 1.6 19.7885 3.59999
    endloop
  endfacet
  facet normal 1 0 0
    outer loop
      vertex 1.6 19.3366 4.78418
      vertex 1.6 4.1 1.6
      vertex 1.6 19.557 4.06926
    endloop
  endfacet
  facet normal 1 -0 0
    outer loop
      vertex 1.6 61.4792 47.1
      vertex 1.6 67.9 1.6
      vertex 1.6 67.9 47.1
    endloop
  endfacet
  facet normal 1 -0 0
    outer loop
      vertex 1.6 52.6634 4.78418
      vertex 1.6 67.9 1.6
      vertex 1.6 61.4792 47.1
    endloop
  endfacet
  facet normal 1 -0 0
    outer loop
      vertex 1.6 52.5234 4.28003
      vertex 1.6 67.9 1.6
      vertex 1.6 52.6634 4.78418
    endloop
  endfacet
  facet normal 1 -0 0
    outer loop
      vertex 1.6 52.3188 3.79846
      vertex 1.6 67.9 1.6
      vertex 1.6 52.5234 4.28003
    endloop
  endfacet
  facet normal 1 -0 0
    outer loop
      vertex 1.6 52.0531 3.34772
      vertex 1.6 67.9 1.6
      vertex 1.6 52.3188 3.79846
    endloop
  endfacet
  facet normal 1 -0 0
    outer loop
      vertex 1.6 51.7308 2.93552
      vertex 1.6 67.9 1.6
      vertex 1.6 52.0531 3.34772
    endloop
  endfacet
  facet normal 1 -0 0
    outer loop
      vertex 1.6 51.3575 2.56889
      vertex 1.6 67.9 1.6
      vertex 1.6 51.7308 2.93552
    endloop
  endfacet
  facet normal 1 -0 0
    outer loop
      vertex 1.6 50.9396 2.25415
      vertex 1.6 67.9 1.6
      vertex 1.6 51.3575 2.56889
    endloop
  endfacet
  facet normal 1 -0 0
    outer loop
      vertex 1.6 50.4841 1.99664
      vertex 1.6 67.9 1.6
      vertex 1.6 50.9396 2.25415
    endloop
  endfacet
  facet normal 1 -0 0
    outer loop
      vertex 1.6 49.9989 1.8008
      vertex 1.6 67.9 1.6
      vertex 1.6 50.4841 1.99664
    endloop
  endfacet
  facet normal 1 -0 0
    outer loop
      vertex 1.6 49.4923 1.66995
      vertex 1.6 67.9 1.6
      vertex 1.6 49.9989 1.8008
    endloop
  endfacet
  facet normal 1 0 0
    outer loop
      vertex 1.6 67.9 1.6
      vertex 1.6 49.4923 1.66995
      vertex 1.6 48.7475 1.6
    endloop
  endfacet
  facet normal 0.946938 -0.321415 0
    outer loop
      vertex 1.68519 68.547 47.1
      vertex 1.79031 68.8567 1.6
      vertex 1.79031 68.8567 47.1
    endloop
  endfacet
  facet normal 0.946938 -0.321415 0
    outer loop
      vertex 1.79031 68.8567 1.6
      vertex 1.68519 68.547 47.1
      vertex 1.68519 68.547 1.6
    endloop
  endfacet
  facet normal 0.195093 0.980785 -0
    outer loop
      vertex 3.77369 1.62139 1.6
      vertex 3.45295 1.68519 47.1
      vertex 3.77369 1.62139 47.1
    endloop
  endfacet
  facet normal 0.195093 0.980785 0
    outer loop
      vertex 3.45295 1.68519 47.1
      vertex 3.77369 1.62139 1.6
      vertex 3.45295 1.68519 1.6
    endloop
  endfacet
  facet normal -0.896921 -0.442191 0
    outer loop
      vertex 95.2097 68.8567 1.6
      vertex 95.0651 69.15 47.1
      vertex 95.0651 69.15 1.6
    endloop
  endfacet
  facet normal -0.896921 -0.442191 0
    outer loop
      vertex 95.0651 69.15 47.1
      vertex 95.2097 68.8567 1.6
      vertex 95.2097 68.8567 47.1
    endloop
  endfacet
  facet normal 0.75175 -0.659448 0
    outer loop
      vertex 2.11662 69.4219 47.1
      vertex 2.33224 69.6677 1.6
      vertex 2.33224 69.6677 47.1
    endloop
  endfacet
  facet normal 0.75175 -0.659448 0
    outer loop
      vertex 2.33224 69.6677 1.6
      vertex 2.11662 69.4219 47.1
      vertex 2.11662 69.4219 1.6
    endloop
  endfacet
  facet normal 0.555596 0.831452 -0
    outer loop
      vertex 2.85 1.93493 1.6
      vertex 2.5781 2.11662 47.1
      vertex 2.85 1.93493 47.1
    endloop
  endfacet
  facet normal 0.555596 0.831452 0
    outer loop
      vertex 2.5781 2.11662 47.1
      vertex 2.85 1.93493 1.6
      vertex 2.5781 2.11662 1.6
    endloop
  endfacet
  facet normal 0 -1 0
    outer loop
      vertex 4.1 70.4 47.1
      vertex 19.3366 70.4 4.78418
      vertex 10.5208 70.4 47.1
    endloop
  endfacet
  facet normal 0 -1 0
    outer loop
      vertex 4.1 70.4 1.6
      vertex 19.3366 70.4 4.78418
      vertex 4.1 70.4 47.1
    endloop
  endfacet
  facet normal 0 -1 -0
    outer loop
      vertex 19.3366 70.4 4.78418
      vertex 4.1 70.4 1.6
      vertex 19.557 70.4 4.06926
    endloop
  endfacet
  facet normal 0 -1 0
    outer loop
      vertex 4.1 70.4 1.6
      vertex 19.7885 70.4 3.59999
      vertex 19.557 70.4 4.06926
    endloop
  endfacet
  facet normal 0 -1 0
    outer loop
      vertex 4.1 70.4 1.6
      vertex 20.0791 70.4 3.16495
      vertex 19.7885 70.4 3.59999
    endloop
  endfacet
  facet normal 0 -1 0
    outer loop
      vertex 4.1 70.4 1.6
      vertex 20.4241 70.4 2.77156
      vertex 20.0791 70.4 3.16495
    endloop
  endfacet
  facet normal 0 -1 0
    outer loop
      vertex 4.1 70.4 1.6
      vertex 20.8175 70.4 2.42657
      vertex 20.4241 70.4 2.77156
    endloop
  endfacet
  facet normal 0 -1 0
    outer loop
      vertex 4.1 70.4 1.6
      vertex 21.2525 70.4 2.13589
      vertex 20.8175 70.4 2.42657
    endloop
  endfacet
  facet normal 0 -1 0
    outer loop
      vertex 4.1 70.4 1.6
      vertex 21.7218 70.4 1.90448
      vertex 21.2525 70.4 2.13589
    endloop
  endfacet
  facet normal 0 -1 0
    outer loop
      vertex 4.1 70.4 1.6
      vertex 22.2173 70.4 1.73628
      vertex 21.7218 70.4 1.90448
    endloop
  endfacet
  facet normal 0 -1 0
    outer loop
      vertex 4.1 70.4 1.6
      vertex 22.7304 70.4 1.63422
      vertex 22.2173 70.4 1.73628
    endloop
  endfacet
  facet normal 0 -1 -0
    outer loop
      vertex 22.7304 70.4 1.63422
      vertex 4.1 70.4 1.6
      vertex 23.2524 70.4 1.6
    endloop
  endfacet
  facet normal 0 -1 0
    outer loop
      vertex 77.6634 70.4 4.78418
      vertex 92.9 70.4 47.1
      vertex 86.4792 70.4 47.1
    endloop
  endfacet
  facet normal 0 -1 0
    outer loop
      vertex 92.9 70.4 1.6
      vertex 77.6634 70.4 4.78418
      vertex 77.5234 70.4 4.28003
    endloop
  endfacet
  facet normal 0 -1 0
    outer loop
      vertex 77.6634 70.4 4.78418
      vertex 92.9 70.4 1.6
      vertex 92.9 70.4 47.1
    endloop
  endfacet
  facet normal 0 -1 0
    outer loop
      vertex 77.3188 70.4 3.79846
      vertex 92.9 70.4 1.6
      vertex 77.5234 70.4 4.28003
    endloop
  endfacet
  facet normal 0 -1 0
    outer loop
      vertex 77.0531 70.4 3.34772
      vertex 92.9 70.4 1.6
      vertex 77.3188 70.4 3.79846
    endloop
  endfacet
  facet normal 0 -1 0
    outer loop
      vertex 76.7308 70.4 2.93552
      vertex 92.9 70.4 1.6
      vertex 77.0531 70.4 3.34772
    endloop
  endfacet
  facet normal 0 -1 0
    outer loop
      vertex 76.3575 70.4 2.56889
      vertex 92.9 70.4 1.6
      vertex 76.7308 70.4 2.93552
    endloop
  endfacet
  facet normal 0 -1 0
    outer loop
      vertex 75.9396 70.4 2.25415
      vertex 92.9 70.4 1.6
      vertex 76.3575 70.4 2.56889
    endloop
  endfacet
  facet normal 0 -1 0
    outer loop
      vertex 75.4841 70.4 1.99664
      vertex 92.9 70.4 1.6
      vertex 75.9396 70.4 2.25415
    endloop
  endfacet
  facet normal 0 -1 0
    outer loop
      vertex 74.9989 70.4 1.8008
      vertex 92.9 70.4 1.6
      vertex 75.4841 70.4 1.99664
    endloop
  endfacet
  facet normal 0 -1 0
    outer loop
      vertex 74.4923 70.4 1.66995
      vertex 92.9 70.4 1.6
      vertex 74.9989 70.4 1.8008
    endloop
  endfacet
  facet normal 0 -1 0
    outer loop
      vertex 92.9 70.4 1.6
      vertex 74.4923 70.4 1.66995
      vertex 73.7475 70.4 1.6
    endloop
  endfacet
  facet normal 0.946926 0.321452 0
    outer loop
      vertex 1.79031 3.14329 47.1
      vertex 1.68519 3.45295 1.6
      vertex 1.68519 3.45295 47.1
    endloop
  endfacet
  facet normal 0.946926 0.321452 0
    outer loop
      vertex 1.68519 3.45295 1.6
      vertex 1.79031 3.14329 47.1
      vertex 1.79031 3.14329 1.6
    endloop
  endfacet
  facet normal 0.321397 -0.946944 0
    outer loop
      vertex 3.14329 70.2097 1.6
      vertex 3.45295 70.3148 47.1
      vertex 3.14329 70.2097 47.1
    endloop
  endfacet
  facet normal 0.321397 -0.946944 0
    outer loop
      vertex 3.45295 70.3148 47.1
      vertex 3.14329 70.2097 1.6
      vertex 3.45295 70.3148 1.6
    endloop
  endfacet
  facet normal -0.555596 0.831452 0
    outer loop
      vertex 94.4219 2.11662 1.6
      vertex 94.15 1.93493 47.1
      vertex 94.4219 2.11662 47.1
    endloop
  endfacet
  facet normal -0.555596 0.831452 0
    outer loop
      vertex 94.15 1.93493 47.1
      vertex 94.4219 2.11662 1.6
      vertex 94.15 1.93493 1.6
    endloop
  endfacet
  facet normal 0.831452 -0.555596 0
    outer loop
      vertex 1.93493 69.15 47.1
      vertex 2.11662 69.4219 1.6
      vertex 2.11662 69.4219 47.1
    endloop
  endfacet
  facet normal 0.831452 -0.555596 0
    outer loop
      vertex 2.11662 69.4219 1.6
      vertex 1.93493 69.15 47.1
      vertex 1.93493 69.15 1.6
    endloop
  endfacet
  facet normal -0.751629 -0.659586 0
    outer loop
      vertex 94.8834 69.4219 1.6
      vertex 94.6677 69.6677 47.1
      vertex 94.6677 69.6677 1.6
    endloop
  endfacet
  facet normal -0.751629 -0.659586 0
    outer loop
      vertex 94.6677 69.6677 47.1
      vertex 94.8834 69.4219 1.6
      vertex 94.8834 69.4219 47.1
    endloop
  endfacet
  facet normal -0.0654432 -0.997856 0
    outer loop
      vertex 92.9 70.4 1.6
      vertex 93.2263 70.3786 47.1
      vertex 92.9 70.4 47.1
    endloop
  endfacet
  facet normal -0.0654432 -0.997856 -0
    outer loop
      vertex 93.2263 70.3786 47.1
      vertex 92.9 70.4 1.6
      vertex 93.2263 70.3786 1.6
    endloop
  endfacet
  facet normal 0.195093 -0.980785 0
    outer loop
      vertex 3.45295 70.3148 1.6
      vertex 3.77369 70.3786 47.1
      vertex 3.45295 70.3148 47.1
    endloop
  endfacet
  facet normal 0.195093 -0.980785 0
    outer loop
      vertex 3.77369 70.3786 47.1
      vertex 3.45295 70.3148 1.6
      vertex 3.77369 70.3786 1.6
    endloop
  endfacet
  facet normal -0.442191 -0.896921 0
    outer loop
      vertex 93.8567 70.2097 1.6
      vertex 94.15 70.0651 47.1
      vertex 93.8567 70.2097 47.1
    endloop
  endfacet
  facet normal -0.442191 -0.896921 -0
    outer loop
      vertex 94.15 70.0651 47.1
      vertex 93.8567 70.2097 1.6
      vertex 94.15 70.0651 1.6
    endloop
  endfacet
  facet normal 0.89689 0.442253 0
    outer loop
      vertex 1.93493 2.85 47.1
      vertex 1.79031 3.14329 1.6
      vertex 1.79031 3.14329 47.1
    endloop
  endfacet
  facet normal 0.89689 0.442253 0
    outer loop
      vertex 1.79031 3.14329 1.6
      vertex 1.93493 2.85 47.1
      vertex 1.93493 2.85 1.6
    endloop
  endfacet
  facet normal 0.659357 0.75183 -0
    outer loop
      vertex 2.5781 2.11662 1.6
      vertex 2.33224 2.33224 47.1
      vertex 2.5781 2.11662 47.1
    endloop
  endfacet
  facet normal 0.659357 0.75183 0
    outer loop
      vertex 2.33224 2.33224 47.1
      vertex 2.5781 2.11662 1.6
      vertex 2.33224 2.33224 1.6
    endloop
  endfacet
  facet normal 0.442253 0.89689 -0
    outer loop
      vertex 3.14329 1.79031 1.6
      vertex 2.85 1.93493 47.1
      vertex 3.14329 1.79031 47.1
    endloop
  endfacet
  facet normal 0.442253 0.89689 0
    outer loop
      vertex 2.85 1.93493 47.1
      vertex 3.14329 1.79031 1.6
      vertex 2.85 1.93493 1.6
    endloop
  endfacet
  facet normal 0.980785 0.195093 0
    outer loop
      vertex 1.68519 3.45295 47.1
      vertex 1.62139 3.77369 1.6
      vertex 1.62139 3.77369 47.1
    endloop
  endfacet
  facet normal 0.980785 0.195093 0
    outer loop
      vertex 1.62139 3.77369 1.6
      vertex 1.68519 3.45295 47.1
      vertex 1.68519 3.45295 1.6
    endloop
  endfacet
  facet normal -0.659586 -0.751629 0
    outer loop
      vertex 94.4219 69.8834 1.6
      vertex 94.6677 69.6677 47.1
      vertex 94.4219 69.8834 47.1
    endloop
  endfacet
  facet normal -0.659586 -0.751629 -0
    outer loop
      vertex 94.6677 69.6677 47.1
      vertex 94.4219 69.8834 1.6
      vertex 94.6677 69.6677 1.6
    endloop
  endfacet
  facet normal 0.98078 -0.195116 0
    outer loop
      vertex 1.62139 68.2263 47.1
      vertex 1.68519 68.547 1.6
      vertex 1.68519 68.547 47.1
    endloop
  endfacet
  facet normal 0.98078 -0.195116 0
    outer loop
      vertex 1.68519 68.547 1.6
      vertex 1.62139 68.2263 47.1
      vertex 1.62139 68.2263 1.6
    endloop
  endfacet
  facet normal -0.98078 -0.195116 0
    outer loop
      vertex 95.3786 68.2263 1.6
      vertex 95.3148 68.547 47.1
      vertex 95.3148 68.547 1.6
    endloop
  endfacet
  facet normal -0.98078 -0.195116 0
    outer loop
      vertex 95.3148 68.547 47.1
      vertex 95.3786 68.2263 1.6
      vertex 95.3786 68.2263 47.1
    endloop
  endfacet
  facet normal -0.831438 0.555617 0
    outer loop
      vertex 94.8834 2.5781 1.6
      vertex 95.0651 2.85 47.1
      vertex 95.0651 2.85 1.6
    endloop
  endfacet
  facet normal -0.831438 0.555617 0
    outer loop
      vertex 95.0651 2.85 47.1
      vertex 94.8834 2.5781 1.6
      vertex 94.8834 2.5781 47.1
    endloop
  endfacet
  facet normal -0.896915 0.442204 0
    outer loop
      vertex 95.0651 2.85 1.6
      vertex 95.2097 3.14329 47.1
      vertex 95.2097 3.14329 1.6
    endloop
  endfacet
  facet normal -0.896915 0.442204 0
    outer loop
      vertex 95.2097 3.14329 47.1
      vertex 95.0651 2.85 1.6
      vertex 95.0651 2.85 47.1
    endloop
  endfacet
  facet normal -0.659448 0.75175 0
    outer loop
      vertex 94.6677 2.33224 1.6
      vertex 94.4219 2.11662 47.1
      vertex 94.6677 2.33224 47.1
    endloop
  endfacet
  facet normal -0.659448 0.75175 0
    outer loop
      vertex 94.4219 2.11662 47.1
      vertex 94.6677 2.33224 1.6
      vertex 94.4219 2.11662 1.6
    endloop
  endfacet
  facet normal -0.946944 0.321397 0
    outer loop
      vertex 95.2097 3.14329 1.6
      vertex 95.3148 3.45295 47.1
      vertex 95.3148 3.45295 1.6
    endloop
  endfacet
  facet normal -0.946944 0.321397 0
    outer loop
      vertex 95.3148 3.45295 47.1
      vertex 95.2097 3.14329 1.6
      vertex 95.2097 3.14329 47.1
    endloop
  endfacet
  facet normal 0.997858 -0.0654128 0
    outer loop
      vertex 1.6 67.9 47.1
      vertex 1.62139 68.2263 1.6
      vertex 1.62139 68.2263 47.1
    endloop
  endfacet
  facet normal 0.997858 -0.0654128 0
    outer loop
      vertex 1.62139 68.2263 1.6
      vertex 1.6 67.9 47.1
      vertex 1.6 67.9 1.6
    endloop
  endfacet
  facet normal -0.997856 -0.0654432 0
    outer loop
      vertex 95.4 67.9 1.6
      vertex 95.3786 68.2263 47.1
      vertex 95.3786 68.2263 1.6
    endloop
  endfacet
  facet normal -0.997856 -0.0654432 0
    outer loop
      vertex 95.3786 68.2263 47.1
      vertex 95.4 67.9 1.6
      vertex 95.4 67.9 47.1
    endloop
  endfacet
  facet normal -0.831438 -0.555617 0
    outer loop
      vertex 95.0651 69.15 1.6
      vertex 94.8834 69.4219 47.1
      vertex 94.8834 69.4219 1.6
    endloop
  endfacet
  facet normal -0.831438 -0.555617 0
    outer loop
      vertex 94.8834 69.4219 47.1
      vertex 95.0651 69.15 1.6
      vertex 95.0651 69.15 47.1
    endloop
  endfacet
  facet normal 0.75183 0.659357 0
    outer loop
      vertex 2.33224 2.33224 47.1
      vertex 2.11662 2.5781 1.6
      vertex 2.11662 2.5781 47.1
    endloop
  endfacet
  facet normal 0.75183 0.659357 0
    outer loop
      vertex 2.11662 2.5781 1.6
      vertex 2.33224 2.33224 47.1
      vertex 2.33224 2.33224 1.6
    endloop
  endfacet
  facet normal -0.32136 -0.946957 0
    outer loop
      vertex 93.547 70.3148 1.6
      vertex 93.8567 70.2097 47.1
      vertex 93.547 70.3148 47.1
    endloop
  endfacet
  facet normal -0.32136 -0.946957 -0
    outer loop
      vertex 93.8567 70.2097 47.1
      vertex 93.547 70.3148 1.6
      vertex 93.8567 70.2097 1.6
    endloop
  endfacet
  facet normal 0.831452 0.555596 0
    outer loop
      vertex 2.11662 2.5781 47.1
      vertex 1.93493 2.85 1.6
      vertex 1.93493 2.85 47.1
    endloop
  endfacet
  facet normal 0.831452 0.555596 0
    outer loop
      vertex 1.93493 2.85 1.6
      vertex 2.11662 2.5781 47.1
      vertex 2.11662 2.5781 1.6
    endloop
  endfacet
  facet normal 0.997858 0.0654108 0
    outer loop
      vertex 1.62139 3.77369 47.1
      vertex 1.6 4.1 1.6
      vertex 1.6 4.1 47.1
    endloop
  endfacet
  facet normal 0.997858 0.0654108 0
    outer loop
      vertex 1.6 4.1 1.6
      vertex 1.62139 3.77369 47.1
      vertex 1.62139 3.77369 1.6
    endloop
  endfacet
  facet normal -0.751709 0.659495 0
    outer loop
      vertex 94.6677 2.33224 1.6
      vertex 94.8834 2.5781 47.1
      vertex 94.8834 2.5781 1.6
    endloop
  endfacet
  facet normal -0.751709 0.659495 0
    outer loop
      vertex 94.8834 2.5781 47.1
      vertex 94.6677 2.33224 1.6
      vertex 94.6677 2.33224 47.1
    endloop
  endfacet
  facet normal -0.946957 -0.32136 0
    outer loop
      vertex 95.3148 68.547 1.6
      vertex 95.2097 68.8567 47.1
      vertex 95.2097 68.8567 1.6
    endloop
  endfacet
  facet normal -0.946957 -0.32136 0
    outer loop
      vertex 95.2097 68.8567 47.1
      vertex 95.3148 68.547 1.6
      vertex 95.3148 68.547 47.1
    endloop
  endfacet
  facet normal -0.997856 0.0654412 0
    outer loop
      vertex 95.3786 3.77369 1.6
      vertex 95.4 4.1 47.1
      vertex 95.4 4.1 1.6
    endloop
  endfacet
  facet normal -0.997856 0.0654412 0
    outer loop
      vertex 95.4 4.1 47.1
      vertex 95.3786 3.77369 1.6
      vertex 95.3786 3.77369 47.1
    endloop
  endfacet
  facet normal -0.442241 0.896896 0
    outer loop
      vertex 94.15 1.93493 1.6
      vertex 93.8567 1.79031 47.1
      vertex 94.15 1.93493 47.1
    endloop
  endfacet
  facet normal -0.442241 0.896896 0
    outer loop
      vertex 93.8567 1.79031 47.1
      vertex 94.15 1.93493 1.6
      vertex 93.8567 1.79031 1.6
    endloop
  endfacet
  facet normal 0.421337 0.854371 0.304179
    outer loop
      vertex 2.83715 1.0512 49.6
      vertex 2.85 1.93493 47.1
      vertex 2.45001 1.24212 49.6
    endloop
  endfacet
  facet normal -0.716117 0.628207 0.304191
    outer loop
      vertex 95.2334 1.76655 49.6
      vertex 95.5181 2.09109 49.6
      vertex 94.6677 2.33224 47.1
    endloop
  endfacet
  facet normal 0.950573 0.0623111 0.304186
    outer loop
      vertex 0.828228 3.66926 49.6
      vertex 1.62139 3.77369 47.1
      vertex 1.6 4.1 47.1
    endloop
  endfacet
  facet normal -0.950578 0.0622331 0.304185
    outer loop
      vertex 96.1718 3.66926 49.6
      vertex 96.2 4.1 49.6
      vertex 95.4 4.1 47.1
    endloop
  endfacet
  facet normal -0.306255 0.902043 0.304181
    outer loop
      vertex 94.1628 1.0512 49.6
      vertex 93.8567 1.79031 47.1
      vertex 93.7541 0.912441 49.6
    endloop
  endfacet
  facet normal 0.950574 0.0622969 0.304184
    outer loop
      vertex 0.828228 3.66926 49.6
      vertex 1.6 4.1 47.1
      vertex 0.799999 4.1 49.6
    endloop
  endfacet
  facet normal 0.421249 -0.854413 0.304183
    outer loop
      vertex 2.83715 70.9488 49.6
      vertex 2.85 70.0651 47.1
      vertex 3.14329 70.2097 47.1
    endloop
  endfacet
  facet normal 0.854389 0.421296 0.304185
    outer loop
      vertex 1.0512 2.83715 49.6
      vertex 1.93493 2.85 47.1
      vertex 1.79031 3.14329 47.1
    endloop
  endfacet
  facet normal 0.0623399 -0.950566 0.3042
    outer loop
      vertex 3.66926 71.1718 49.6
      vertex 3.77369 70.3786 47.1
      vertex 4.1 70.4 47.1
    endloop
  endfacet
  facet normal 0.185848 0.934308 0.304186
    outer loop
      vertex 3.66926 0.828228 49.6
      vertex 3.77369 1.62139 47.1
      vertex 3.45295 1.68519 47.1
    endloop
  endfacet
  facet normal -0.716087 0.628244 0.304185
    outer loop
      vertex 94.6677 2.33224 47.1
      vertex 95.5181 2.09109 49.6
      vertex 94.8834 2.5781 47.1
    endloop
  endfacet
  facet normal -0.902086 -0.306133 0.304177
    outer loop
      vertex 95.3148 68.547 47.1
      vertex 96.0875 68.7541 49.6
      vertex 95.2097 68.8567 47.1
    endloop
  endfacet
  facet normal 0.902054 0.306219 0.304186
    outer loop
      vertex 0.912441 3.2459 49.6
      vertex 1.79031 3.14329 47.1
      vertex 1.68519 3.45295 47.1
    endloop
  endfacet
  facet normal -0.18587 -0.9343 0.304197
    outer loop
      vertex 93.547 70.3148 47.1
      vertex 93.3307 71.1718 49.6
      vertex 93.2263 70.3786 47.1
    endloop
  endfacet
  facet normal 0.792052 -0.529268 0.304185
    outer loop
      vertex 1.48193 69.9089 49.6
      vertex 1.93493 69.15 47.1
      vertex 2.11662 69.4219 47.1
    endloop
  endfacet
  facet normal 0.952454 0 0.304681
    outer loop
      vertex 0.835155 61.9658 49.4901
      vertex 0.799999 67.9 49.6
      vertex 0.799999 61.973 49.6
    endloop
  endfacet
  facet normal 0.952423 -1.99229e-06 0.304779
    outer loop
      vertex 0.92914 61.9159 49.1964
      vertex 0.799999 67.9 49.6
      vertex 0.835155 61.9658 49.4901
    endloop
  endfacet
  facet normal 0.952424 -1.77644e-06 0.304776
    outer loop
      vertex 0.799999 67.9 49.6
      vertex 0.92914 61.9159 49.1964
      vertex 1.6 67.9 47.1
    endloop
  endfacet
  facet normal 0.952423 0 0.304781
    outer loop
      vertex 1.6 67.9 47.1
      vertex 0.92914 61.9159 49.1964
      vertex 1.6 61.4792 47.1
    endloop
  endfacet
  facet normal 0.952432 -0 0.304752
    outer loop
      vertex 0.799999 4.1 49.6
      vertex 0.92914 10.0841 49.1964
      vertex 0.799999 10.0272 49.6
    endloop
  endfacet
  facet normal 0.952424 1.77644e-06 0.304776
    outer loop
      vertex 1.6 4.1 47.1
      vertex 0.92914 10.0841 49.1964
      vertex 0.799999 4.1 49.6
    endloop
  endfacet
  facet normal 0.952423 0 0.304781
    outer loop
      vertex 0.92914 10.0841 49.1964
      vertex 1.6 4.1 47.1
      vertex 1.6 10.5208 47.1
    endloop
  endfacet
  facet normal 0.792052 0.529268 0.304186
    outer loop
      vertex 1.48193 2.09109 49.6
      vertex 2.11662 2.5781 47.1
      vertex 1.93493 2.85 47.1
    endloop
  endfacet
  facet normal 0.950574 -0.0623026 0.304184
    outer loop
      vertex 1.6 67.9 47.1
      vertex 0.828228 68.3307 49.6
      vertex 0.799999 67.9 49.6
    endloop
  endfacet
  facet normal 0.421302 -0.85439 0.304175
    outer loop
      vertex 2.85 70.0651 47.1
      vertex 2.83715 70.9488 49.6
      vertex 2.45001 70.7579 49.6
    endloop
  endfacet
  facet normal 0.93431 -0.185832 0.304189
    outer loop
      vertex 1.68519 68.547 47.1
      vertex 0.912441 68.7541 49.6
      vertex 0.828228 68.3307 49.6
    endloop
  endfacet
  facet normal -0.792094 0.52921 0.304177
    outer loop
      vertex 95.5181 2.09109 49.6
      vertex 95.7579 2.45001 49.6
      vertex 95.0651 2.85 47.1
    endloop
  endfacet
  facet normal -0.950566 0.0623399 0.3042
    outer loop
      vertex 95.3786 3.77369 47.1
      vertex 96.1718 3.66926 49.6
      vertex 95.4 4.1 47.1
    endloop
  endfacet
  facet normal -0.42125 -0.854415 0.304176
    outer loop
      vertex 94.55 70.7579 49.6
      vertex 94.1628 70.9488 49.6
      vertex 94.15 70.0651 47.1
    endloop
  endfacet
  facet normal 0.716166 -0.628152 0.304189
    outer loop
      vertex 2.33224 69.6677 47.1
      vertex 1.76655 70.2334 49.6
      vertex 1.48193 69.9089 49.6
    endloop
  endfacet
  facet normal -0.902076 0.306169 0.304171
    outer loop
      vertex 95.2097 3.14329 47.1
      vertex 96.0875 3.2459 49.6
      vertex 95.3148 3.45295 47.1
    endloop
  endfacet
  facet normal -0.952424 7.63964e-06 0.304776
    outer loop
      vertex 96.0708 61.9159 49.1964
      vertex 96.2 67.9 49.6
      vertex 95.4 67.9 47.1
    endloop
  endfacet
  facet normal -0.952344 0 0.305027
    outer loop
      vertex 96.2 67.9 49.6
      vertex 96.1648 61.9658 49.4901
      vertex 96.2 61.973 49.6
    endloop
  endfacet
  facet normal -0.952409 4.18812e-06 0.304822
    outer loop
      vertex 96.2 67.9 49.6
      vertex 96.0708 61.9159 49.1964
      vertex 96.1648 61.9658 49.4901
    endloop
  endfacet
  facet normal -0.95243 0 0.304756
    outer loop
      vertex 96.0708 61.9159 49.1964
      vertex 95.4 67.9 47.1
      vertex 95.4 61.4792 47.1
    endloop
  endfacet
  facet normal -0.95243 0 0.304756
    outer loop
      vertex 95.4 4.1 47.1
      vertex 96.0708 10.0841 49.1964
      vertex 95.4 10.5208 47.1
    endloop
  endfacet
  facet normal -0.952424 -7.63964e-06 0.304776
    outer loop
      vertex 96.2 4.1 49.6
      vertex 96.0708 10.0841 49.1964
      vertex 95.4 4.1 47.1
    endloop
  endfacet
  facet normal -0.952391 0 0.304878
    outer loop
      vertex 96.0708 10.0841 49.1964
      vertex 96.2 4.1 49.6
      vertex 96.2 10.0272 49.6
    endloop
  endfacet
  facet normal 0.950573 -0.0623131 0.304185
    outer loop
      vertex 0.828228 68.3307 49.6
      vertex 1.6 67.9 47.1
      vertex 1.62139 68.2263 47.1
    endloop
  endfacet
  facet normal -0.934275 0.186034 0.304173
    outer loop
      vertex 96.0875 3.2459 49.6
      vertex 96.1718 3.66926 49.6
      vertex 95.3148 3.45295 47.1
    endloop
  endfacet
  facet normal 0.628112 0.716203 0.304185
    outer loop
      vertex 2.33224 2.33224 47.1
      vertex 2.09109 1.48193 49.6
      vertex 2.5781 2.11662 47.1
    endloop
  endfacet
  facet normal -0.0622389 -0.950578 0.304185
    outer loop
      vertex 93.3307 71.1718 49.6
      vertex 92.9 71.2 49.6
      vertex 92.9 70.4 47.1
    endloop
  endfacet
  facet normal 0.306221 0.902053 0.304185
    outer loop
      vertex 3.2459 0.912441 49.6
      vertex 3.14329 1.79031 47.1
      vertex 2.83715 1.0512 49.6
    endloop
  endfacet
  facet normal 0.934308 0.185849 0.304186
    outer loop
      vertex 0.912441 3.2459 49.6
      vertex 1.68519 3.45295 47.1
      vertex 0.828228 3.66926 49.6
    endloop
  endfacet
  facet normal -0.421238 -0.854421 0.304177
    outer loop
      vertex 94.15 70.0651 47.1
      vertex 94.1628 70.9488 49.6
      vertex 93.8567 70.2097 47.1
    endloop
  endfacet
  facet normal -0.950578 -0.0622389 0.304185
    outer loop
      vertex 96.2 67.9 49.6
      vertex 96.1718 68.3307 49.6
      vertex 95.4 67.9 47.1
    endloop
  endfacet
  facet normal 0.52921 -0.792094 0.304177
    outer loop
      vertex 2.85 70.0651 47.1
      vertex 2.45001 70.7579 49.6
      vertex 2.09109 70.5181 49.6
    endloop
  endfacet
  facet normal -0.854413 0.421249 0.304183
    outer loop
      vertex 95.0651 2.85 47.1
      vertex 95.9488 2.83715 49.6
      vertex 95.2097 3.14329 47.1
    endloop
  endfacet
  facet normal -0.0623131 0.950573 0.304185
    outer loop
      vertex 93.3307 0.828228 49.6
      vertex 93.2263 1.62139 47.1
      vertex 92.9 1.6 47.1
    endloop
  endfacet
  facet normal 0.306219 0.902054 0.304186
    outer loop
      vertex 3.14329 1.79031 47.1
      vertex 3.2459 0.912441 49.6
      vertex 3.45295 1.68519 47.1
    endloop
  endfacet
  facet normal -0.62825 -0.716078 0.304195
    outer loop
      vertex 95.2334 70.2334 49.6
      vertex 94.9089 70.5181 49.6
      vertex 94.6677 69.6677 47.1
    endloop
  endfacet
  facet normal 0.902064 -0.306183 0.304192
    outer loop
      vertex 1.79031 68.8567 47.1
      vertex 0.912441 68.7541 49.6
      vertex 1.68519 68.547 47.1
    endloop
  endfacet
  facet normal 0.934304 -0.18587 0.304184
    outer loop
      vertex 1.68519 68.547 47.1
      vertex 0.828228 68.3307 49.6
      vertex 1.62139 68.2263 47.1
    endloop
  endfacet
  facet normal 0.0622331 -0.950578 0.304185
    outer loop
      vertex 4.1 70.4 47.1
      vertex 4.1 71.2 49.6
      vertex 3.66926 71.1718 49.6
    endloop
  endfacet
  facet normal 0.185849 0.934308 0.304186
    outer loop
      vertex 3.66926 0.828228 49.6
      vertex 3.45295 1.68519 47.1
      vertex 3.2459 0.912441 49.6
    endloop
  endfacet
  facet normal 0.716205 0.628109 0.304186
    outer loop
      vertex 1.76655 1.76655 49.6
      vertex 2.33224 2.33224 47.1
      vertex 1.48193 2.09109 49.6
    endloop
  endfacet
  facet normal 0.716203 0.628112 0.304185
    outer loop
      vertex 1.48193 2.09109 49.6
      vertex 2.33224 2.33224 47.1
      vertex 2.11662 2.5781 47.1
    endloop
  endfacet
  facet normal 0.628244 -0.716087 0.304185
    outer loop
      vertex 2.09109 70.5181 49.6
      vertex 2.33224 69.6677 47.1
      vertex 2.5781 69.8834 47.1
    endloop
  endfacet
  facet normal -0.628332 -0.716012 0.30418
    outer loop
      vertex 94.6677 69.6677 47.1
      vertex 94.9089 70.5181 49.6
      vertex 94.4219 69.8834 47.1
    endloop
  endfacet
  facet normal 0.792083 0.529225 0.304179
    outer loop
      vertex 1.48193 2.09109 49.6
      vertex 1.93493 2.85 47.1
      vertex 1.24212 2.45001 49.6
    endloop
  endfacet
  facet normal 0.628109 0.716205 0.304186
    outer loop
      vertex 2.09109 1.48193 49.6
      vertex 2.33224 2.33224 47.1
      vertex 1.76655 1.76655 49.6
    endloop
  endfacet
  facet normal -0.902084 -0.306139 0.304176
    outer loop
      vertex 96.0875 68.7541 49.6
      vertex 95.9488 69.1628 49.6
      vertex 95.2097 68.8567 47.1
    endloop
  endfacet
  facet normal 0.0623111 0.950573 0.304186
    outer loop
      vertex 3.77369 1.62139 47.1
      vertex 3.66926 0.828228 49.6
      vertex 4.1 1.6 47.1
    endloop
  endfacet
  facet normal -0.529288 -0.792038 0.304188
    outer loop
      vertex 94.4219 69.8834 47.1
      vertex 94.9089 70.5181 49.6
      vertex 94.15 70.0651 47.1
    endloop
  endfacet
  facet normal 0.0622969 0.950574 0.304184
    outer loop
      vertex 4.1 0.799999 49.6
      vertex 4.1 1.6 47.1
      vertex 3.66926 0.828228 49.6
    endloop
  endfacet
  facet normal 0.934308 0.185848 0.304186
    outer loop
      vertex 1.62139 3.77369 47.1
      vertex 0.828228 3.66926 49.6
      vertex 1.68519 3.45295 47.1
    endloop
  endfacet
  facet normal -0.792038 0.529287 0.30419
    outer loop
      vertex 94.8834 2.5781 47.1
      vertex 95.5181 2.09109 49.6
      vertex 95.0651 2.85 47.1
    endloop
  endfacet
  facet normal -0.85439 0.421302 0.304175
    outer loop
      vertex 95.7579 2.45001 49.6
      vertex 95.9488 2.83715 49.6
      vertex 95.0651 2.85 47.1
    endloop
  endfacet
  facet normal 0.306169 -0.902076 0.304171
    outer loop
      vertex 3.2459 71.0875 49.6
      vertex 3.14329 70.2097 47.1
      vertex 3.45295 70.3148 47.1
    endloop
  endfacet
  facet normal 0.529287 -0.792038 0.30419
    outer loop
      vertex 2.09109 70.5181 49.6
      vertex 2.5781 69.8834 47.1
      vertex 2.85 70.0651 47.1
    endloop
  endfacet
  facet normal -0.854415 -0.42125 0.304176
    outer loop
      vertex 95.9488 69.1628 49.6
      vertex 95.7579 69.55 49.6
      vertex 95.0651 69.15 47.1
    endloop
  endfacet
  facet normal -0.306183 0.902064 0.304192
    outer loop
      vertex 93.7541 0.912441 49.6
      vertex 93.8567 1.79031 47.1
      vertex 93.547 1.68519 47.1
    endloop
  endfacet
  facet normal 0.306105 -0.902094 0.30418
    outer loop
      vertex 3.14329 70.2097 47.1
      vertex 3.2459 71.0875 49.6
      vertex 2.83715 70.9488 49.6
    endloop
  endfacet
  facet normal -0.79208 -0.52923 0.304178
    outer loop
      vertex 95.7579 69.55 49.6
      vertex 95.5181 69.9089 49.6
      vertex 95.0651 69.15 47.1
    endloop
  endfacet
  facet normal -0.716078 -0.62825 0.304195
    outer loop
      vertex 95.5181 69.9089 49.6
      vertex 95.2334 70.2334 49.6
      vertex 94.6677 69.6677 47.1
    endloop
  endfacet
  facet normal 0 -0.952391 0.304878
    outer loop
      vertex 4.1 71.2 49.6
      vertex 10.0841 71.0708 49.1964
      vertex 10.0272 71.2 49.6
    endloop
  endfacet
  facet normal -7.63964e-06 -0.952424 0.304776
    outer loop
      vertex 4.1 70.4 47.1
      vertex 10.0841 71.0708 49.1964
      vertex 4.1 71.2 49.6
    endloop
  endfacet
  facet normal 0 -0.95243 0.304756
    outer loop
      vertex 10.0841 71.0708 49.1964
      vertex 4.1 70.4 47.1
      vertex 10.5208 70.4 47.1
    endloop
  endfacet
  facet normal 0 -0.952344 0.305027
    outer loop
      vertex 86.9658 71.1648 49.4901
      vertex 92.9 71.2 49.6
      vertex 86.973 71.2 49.6
    endloop
  endfacet
  facet normal 4.18812e-06 -0.952409 0.304822
    outer loop
      vertex 86.9159 71.0708 49.1964
      vertex 92.9 71.2 49.6
      vertex 86.9658 71.1648 49.4901
    endloop
  endfacet
  facet normal 0 -0.95243 0.304756
    outer loop
      vertex 92.9 70.4 47.1
      vertex 86.9159 71.0708 49.1964
      vertex 86.4792 70.4 47.1
    endloop
  endfacet
  facet normal 7.63964e-06 -0.952424 0.304776
    outer loop
      vertex 86.9159 71.0708 49.1964
      vertex 92.9 70.4 47.1
      vertex 92.9 71.2 49.6
    endloop
  endfacet
  facet normal 0.186034 -0.934275 0.304173
    outer loop
      vertex 3.45295 70.3148 47.1
      vertex 3.66926 71.1718 49.6
      vertex 3.2459 71.0875 49.6
    endloop
  endfacet
  facet normal -0.934304 0.185847 0.304199
    outer loop
      vertex 96.1718 3.66926 49.6
      vertex 95.3786 3.77369 47.1
      vertex 95.3148 3.45295 47.1
    endloop
  endfacet
  facet normal 0.792069 -0.529245 0.304181
    outer loop
      vertex 1.93493 69.15 47.1
      vertex 1.48193 69.9089 49.6
      vertex 1.24212 69.55 49.6
    endloop
  endfacet
  facet normal -0.854421 -0.421238 0.304177
    outer loop
      vertex 95.2097 68.8567 47.1
      vertex 95.9488 69.1628 49.6
      vertex 95.0651 69.15 47.1
    endloop
  endfacet
  facet normal -0.950566 -0.0623418 0.304199
    outer loop
      vertex 95.4 67.9 47.1
      vertex 96.1718 68.3307 49.6
      vertex 95.3786 68.2263 47.1
    endloop
  endfacet
  facet normal 0.854371 0.421337 0.304179
    outer loop
      vertex 1.24212 2.45001 49.6
      vertex 1.93493 2.85 47.1
      vertex 1.0512 2.83715 49.6
    endloop
  endfacet
  facet normal 0 0.952432 0.304752
    outer loop
      vertex 10.0841 0.92914 49.1964
      vertex 4.1 0.799999 49.6
      vertex 10.0272 0.799999 49.6
    endloop
  endfacet
  facet normal -0 0.952423 0.304781
    outer loop
      vertex 4.1 1.6 47.1
      vertex 10.0841 0.92914 49.1964
      vertex 10.5208 1.6 47.1
    endloop
  endfacet
  facet normal 1.77644e-06 0.952424 0.304776
    outer loop
      vertex 10.0841 0.92914 49.1964
      vertex 4.1 1.6 47.1
      vertex 4.1 0.799999 49.6
    endloop
  endfacet
  facet normal 0 0.952454 0.304681
    outer loop
      vertex 92.9 0.799999 49.6
      vertex 86.9658 0.835155 49.4901
      vertex 86.973 0.799999 49.6
    endloop
  endfacet
  facet normal -1.99229e-06 0.952423 0.304779
    outer loop
      vertex 92.9 0.799999 49.6
      vertex 86.9159 0.92914 49.1964
      vertex 86.9658 0.835155 49.4901
    endloop
  endfacet
  facet normal -1.77644e-06 0.952424 0.304776
    outer loop
      vertex 92.9 1.6 47.1
      vertex 86.9159 0.92914 49.1964
      vertex 92.9 0.799999 49.6
    endloop
  endfacet
  facet normal 0 0.952423 0.304781
    outer loop
      vertex 86.9159 0.92914 49.1964
      vertex 92.9 1.6 47.1
      vertex 86.4792 1.6 47.1
    endloop
  endfacet
  facet normal -0.529245 0.792069 0.304181
    outer loop
      vertex 94.55 1.24212 49.6
      vertex 94.9089 1.48193 49.6
      vertex 94.15 1.93493 47.1
    endloop
  endfacet
  facet normal 0.628207 -0.716117 0.304191
    outer loop
      vertex 2.33224 69.6677 47.1
      vertex 2.09109 70.5181 49.6
      vertex 1.76655 70.2334 49.6
    endloop
  endfacet
  facet normal -0.186017 -0.934278 0.304176
    outer loop
      vertex 93.547 70.3148 47.1
      vertex 93.7541 71.0875 49.6
      vertex 93.3307 71.1718 49.6
    endloop
  endfacet
  facet normal 0.421296 0.854389 0.304185
    outer loop
      vertex 2.85 1.93493 47.1
      vertex 2.83715 1.0512 49.6
      vertex 3.14329 1.79031 47.1
    endloop
  endfacet
  facet normal -0.628152 0.716166 0.304189
    outer loop
      vertex 94.9089 1.48193 49.6
      vertex 95.2334 1.76655 49.6
      vertex 94.6677 2.33224 47.1
    endloop
  endfacet
  facet normal -0.6282 0.716128 0.304181
    outer loop
      vertex 94.9089 1.48193 49.6
      vertex 94.6677 2.33224 47.1
      vertex 94.4219 2.11662 47.1
    endloop
  endfacet
  facet normal -0.52923 -0.79208 0.304178
    outer loop
      vertex 94.9089 70.5181 49.6
      vertex 94.55 70.7579 49.6
      vertex 94.15 70.0651 47.1
    endloop
  endfacet
  facet normal -0.421285 0.854397 0.304179
    outer loop
      vertex 94.1628 1.0512 49.6
      vertex 94.15 1.93493 47.1
      vertex 93.8567 1.79031 47.1
    endloop
  endfacet
  facet normal -0.902094 0.306105 0.30418
    outer loop
      vertex 95.9488 2.83715 49.6
      vertex 96.0875 3.2459 49.6
      vertex 95.2097 3.14329 47.1
    endloop
  endfacet
  facet normal -0.0623026 0.950574 0.304184
    outer loop
      vertex 93.3307 0.828228 49.6
      vertex 92.9 1.6 47.1
      vertex 92.9 0.799999 49.6
    endloop
  endfacet
  facet normal -0.716012 -0.628332 0.30418
    outer loop
      vertex 94.8834 69.4219 47.1
      vertex 95.5181 69.9089 49.6
      vertex 94.6677 69.6677 47.1
    endloop
  endfacet
  facet normal 0.716128 -0.6282 0.304181
    outer loop
      vertex 1.48193 69.9089 49.6
      vertex 2.11662 69.4219 47.1
      vertex 2.33224 69.6677 47.1
    endloop
  endfacet
  facet normal 0.902053 0.306221 0.304185
    outer loop
      vertex 1.0512 2.83715 49.6
      vertex 1.79031 3.14329 47.1
      vertex 0.912441 3.2459 49.6
    endloop
  endfacet
  facet normal -0.0623418 -0.950566 0.304199
    outer loop
      vertex 93.2263 70.3786 47.1
      vertex 93.3307 71.1718 49.6
      vertex 92.9 70.4 47.1
    endloop
  endfacet
  facet normal -0.421285 0.854397 0.304179
    outer loop
      vertex 94.1628 1.0512 49.6
      vertex 94.55 1.24212 49.6
      vertex 94.15 1.93493 47.1
    endloop
  endfacet
  facet normal -0.185832 0.93431 0.304189
    outer loop
      vertex 93.7541 0.912441 49.6
      vertex 93.547 1.68519 47.1
      vertex 93.3307 0.828228 49.6
    endloop
  endfacet
  facet normal -0.18587 0.934304 0.304184
    outer loop
      vertex 93.3307 0.828228 49.6
      vertex 93.547 1.68519 47.1
      vertex 93.2263 1.62139 47.1
    endloop
  endfacet
  facet normal -0.9343 -0.18587 0.304197
    outer loop
      vertex 95.3786 68.2263 47.1
      vertex 96.1718 68.3307 49.6
      vertex 95.3148 68.547 47.1
    endloop
  endfacet
  facet normal 0.185847 -0.934304 0.304199
    outer loop
      vertex 3.77369 70.3786 47.1
      vertex 3.66926 71.1718 49.6
      vertex 3.45295 70.3148 47.1
    endloop
  endfacet
  facet normal -0.529268 0.792052 0.304185
    outer loop
      vertex 94.9089 1.48193 49.6
      vertex 94.4219 2.11662 47.1
      vertex 94.15 1.93493 47.1
    endloop
  endfacet
  facet normal 0.529225 0.792083 0.304179
    outer loop
      vertex 2.45001 1.24212 49.6
      vertex 2.85 1.93493 47.1
      vertex 2.09109 1.48193 49.6
    endloop
  endfacet
  facet normal 0.529268 0.792052 0.304186
    outer loop
      vertex 2.5781 2.11662 47.1
      vertex 2.09109 1.48193 49.6
      vertex 2.85 1.93493 47.1
    endloop
  endfacet
  facet normal 0.902043 -0.306255 0.304181
    outer loop
      vertex 1.79031 68.8567 47.1
      vertex 1.0512 69.1628 49.6
      vertex 0.912441 68.7541 49.6
    endloop
  endfacet
  facet normal -0.934278 -0.186017 0.304176
    outer loop
      vertex 96.1718 68.3307 49.6
      vertex 96.0875 68.7541 49.6
      vertex 95.3148 68.547 47.1
    endloop
  endfacet
  facet normal -0.792038 -0.529288 0.304188
    outer loop
      vertex 95.0651 69.15 47.1
      vertex 95.5181 69.9089 49.6
      vertex 94.8834 69.4219 47.1
    endloop
  endfacet
  facet normal 0.854397 -0.421285 0.304179
    outer loop
      vertex 1.93493 69.15 47.1
      vertex 1.24212 69.55 49.6
      vertex 1.0512 69.1628 49.6
    endloop
  endfacet
  facet normal 0.854397 -0.421285 0.304179
    outer loop
      vertex 1.0512 69.1628 49.6
      vertex 1.79031 68.8567 47.1
      vertex 1.93493 69.15 47.1
    endloop
  endfacet
  facet normal -0.306139 -0.902084 0.304176
    outer loop
      vertex 93.8567 70.2097 47.1
      vertex 94.1628 70.9488 49.6
      vertex 93.7541 71.0875 49.6
    endloop
  endfacet
  facet normal -0.306133 -0.902086 0.304177
    outer loop
      vertex 93.8567 70.2097 47.1
      vertex 93.7541 71.0875 49.6
      vertex 93.547 70.3148 47.1
    endloop
  endfacet
endsolid OpenSCAD_Model
