solid OpenSCAD_Model
  facet normal -0.297072 0.243645 0.923247
    outer loop
      vertex 50.4333 -51.3333 7.46384
      vertex 50.3161 -51.4762 7.46384
      vertex 50.6173 -51.6775 7.61388
    endloop
  endfacet
  facet normal 0.865038 -0.46256 -0.194287
    outer loop
      vertex 52.9389 -52.7617 5.50397
      vertex 52.7549 -53.1058 5.50397
      vertex 52.8682 -52.7324 5.11943
    endloop
  endfacet
  facet normal 0.172782 -0.0925066 0.980606
    outer loop
      vertex 51.6364 -52.2222 7.61388
      vertex 51.2811 -52.075 7.69037
      vertex 51.5827 -52.3225 7.61388
    endloop
  endfacet
  facet normal -0.53341 -0.161816 0.830234
    outer loop
      vertex 50.229 -52.3608 7.46384
      vertex 49.8556 -52.2475 7.24602
      vertex 49.9278 -52.4855 7.24602
    endloop
  endfacet
  facet normal 0.75838 -0.622211 -0.194198
    outer loop
      vertex 52.65 -53.1919 5.37018
      vertex 52.6913 -53.0633 5.11943
      vertex 52.7549 -53.1058 5.50397
    endloop
  endfacet
  facet normal 0.758797 -0.621792 -0.193915
    outer loop
      vertex 52.6913 -53.0633 5.11943
      vertex 52.65 -53.1919 5.37018
      vertex 52.65 -53.1137 5.11943
    endloop
  endfacet
  facet normal 0.533426 -0.161927 0.830203
    outer loop
      vertex 52.0247 -52.1839 7.46384
      vertex 51.971 -52.3608 7.46384
      vertex 52.3444 -52.2475 7.24602
    endloop
  endfacet
  facet normal -0.096211 0.976228 0.194224
    outer loop
      vertex 50.8167 -50.0582 6
      vertex 50.7266 -50.1229 6.28057
      vertex 51.1 -50.0861 6.28057
    endloop
  endfacet
  facet normal -0.0966547 0.976213 0.194078
    outer loop
      vertex 50.7266 -50.1229 6.28057
      vertex 50.8167 -50.0582 6
      vertex 50.7157 -50.0682 6
    endloop
  endfacet
  facet normal 0.53341 0.161816 0.830234
    outer loop
      vertex 52.2722 -51.5145 7.24602
      vertex 51.971 -51.6392 7.46384
      vertex 52.3444 -51.7525 7.24602
    endloop
  endfacet
  facet normal 0.815385 -0.435784 -0.381104
    outer loop
      vertex 52.8682 -52.7324 5.11943
      vertex 52.65 -53.0357 4.9994
      vertex 52.65 -52.9115 4.85738
    endloop
  endfacet
  facet normal 0.815438 -0.435935 -0.380817
    outer loop
      vertex 52.65 -53.0357 4.9994
      vertex 52.8682 -52.7324 5.11943
      vertex 52.6913 -53.0633 5.11943
    endloop
  endfacet
  facet normal -0.205828 0.678297 0.705371
    outer loop
      vertex 50.7984 -50.4837 6.96879
      vertex 50.5084 -50.5717 6.96879
      vertex 50.6145 -50.8278 7.24602
    endloop
  endfacet
  facet normal 0.81535 0.435887 0.38106
    outer loop
      vertex 52.8682 -51.2676 6.28057
      vertex 52.5666 -51.0201 6.64279
      vertex 52.7296 -51.325 6.64279
    endloop
  endfacet
  facet normal 0.0546918 -0.554763 0.830209
    outer loop
      vertex 51.2839 -52.9247 7.46384
      vertex 51.1 -53.2688 7.24602
      vertex 51.3475 -53.2444 7.24602
    endloop
  endfacet
  facet normal 0.938755 0.284593 -0.19428
    outer loop
      vertex 53.0521 -51.6117 5.50397
      vertex 52.8682 -51.2676 5.11943
      vertex 52.9389 -51.2383 5.50397
    endloop
  endfacet
  facet normal 0.463271 -0.864643 0.194353
    outer loop
      vertex 51.9432 -53.7719 6
      vertex 51.8324 -53.7682 6.28057
      vertex 51.8538 -53.8198 6
    endloop
  endfacet
  facet normal 0.462497 -0.865124 0.194054
    outer loop
      vertex 51.8324 -53.7682 6.28057
      vertex 51.9432 -53.7719 6
      vertex 52.1633 -53.5913 6.28057
    endloop
  endfacet
  facet normal 0.938738 -0.284759 -0.194123
    outer loop
      vertex 53.0521 -52.3883 5.50397
      vertex 52.8682 -52.7324 5.11943
      vertex 52.9771 -52.3734 5.11943
    endloop
  endfacet
  facet normal -0.195025 -0.0192788 0.980609
    outer loop
      vertex 50.904 -52 7.69037
      vertex 50.5194 -52 7.61388
      vertex 50.5306 -52.1133 7.61388
    endloop
  endfacet
  facet normal -0.367808 -0.111457 0.923198
    outer loop
      vertex 50.5306 -52.1133 7.61388
      vertex 50.229 -52.3608 7.46384
      vertex 50.5636 -52.2222 7.61388
    endloop
  endfacet
  facet normal -0.268379 -0.884738 0.381066
    outer loop
      vertex 50.425 -53.6296 6.64279
      vertex 50.3676 -53.7682 6.28057
      vertex 50.7266 -53.8771 6.28057
    endloop
  endfacet
  facet normal -0.528305 -0.643692 0.553673
    outer loop
      vertex 50.2411 -53.2855 6.96879
      vertex 50.0068 -53.0932 6.96879
      vertex 50.1201 -53.4666 6.64279
    endloop
  endfacet
  facet normal -0.71466 0.586514 0.381134
    outer loop
      vertex 49.7467 -50.6467 6.28057
      vertex 49.5087 -50.9367 6.28057
      vertex 49.8528 -50.7528 6.64279
    endloop
  endfacet
  facet normal 0.828744 0.0816104 0.553645
    outer loop
      vertex 52.8299 -51.6559 6.64279
      vertex 52.6163 -51.6984 6.96879
      vertex 52.646 -52 6.96879
    endloop
  endfacet
  facet normal 0.865038 0.46256 -0.194287
    outer loop
      vertex 52.8682 -51.2676 5.11943
      vertex 52.7549 -50.8942 5.50397
      vertex 52.9389 -51.2383 5.50397
    endloop
  endfacet
  facet normal 0.367808 0.111457 0.923198
    outer loop
      vertex 51.971 -51.6392 7.46384
      vertex 51.6364 -51.7778 7.61388
      vertex 51.6694 -51.8867 7.61388
    endloop
  endfacet
  facet normal 0.884676 0.26836 -0.381225
    outer loop
      vertex 52.9771 -51.6266 5.11943
      vertex 52.8299 -51.6559 4.75721
      vertex 52.8682 -51.2676 5.11943
    endloop
  endfacet
  facet normal -0.938727 -0.284756 0.194179
    outer loop
      vertex 49.2508 -52.6567 6
      vertex 49.3318 -52.7324 6.28057
      vertex 49.2229 -52.3734 6.28057
    endloop
  endfacet
  facet normal -0.938842 -0.284263 0.194345
    outer loop
      vertex 49.3318 -52.7324 6.28057
      vertex 49.2508 -52.6567 6
      vertex 49.2802 -52.7538 6
    endloop
  endfacet
  facet normal 0.796964 -0.241726 -0.553549
    outer loop
      vertex 52.8299 -52.3441 4.75721
      vertex 52.65 -52.642 4.62829
      vertex 52.65 -52.4918 4.5627
    endloop
  endfacet
  facet normal 0.796835 -0.241531 -0.553821
    outer loop
      vertex 52.65 -52.642 4.62829
      vertex 52.8299 -52.3441 4.75721
      vertex 52.7296 -52.675 4.75721
    endloop
  endfacet
  facet normal -0.625228 -0.333987 0.705367
    outer loop
      vertex 49.9278 -52.4855 7.24602
      vertex 49.8145 -52.8589 6.96879
      vertex 50.045 -52.7049 7.24602
    endloop
  endfacet
  facet normal 0.33888 -0.181083 0.923238
    outer loop
      vertex 51.971 -52.3608 7.46384
      vertex 51.5827 -52.3225 7.61388
      vertex 51.8839 -52.5238 7.46384
    endloop
  endfacet
  facet normal -0.382394 0.0376364 0.923232
    outer loop
      vertex 50.1753 -51.8161 7.46384
      vertex 50.1572 -52 7.46384
      vertex 50.5306 -51.8867 7.61388
    endloop
  endfacet
  facet normal -0.0376407 0.382438 0.923214
    outer loop
      vertex 51.1 -51.0572 7.46384
      vertex 50.9161 -51.0753 7.46384
      vertex 51.1 -51.4194 7.61388
    endloop
  endfacet
  facet normal 0.625204 -0.334004 0.70538
    outer loop
      vertex 52.5283 -52.5916 6.96879
      vertex 52.2722 -52.4855 7.24602
      vertex 52.3855 -52.8589 6.96879
    endloop
  endfacet
  facet normal 0.392334 -0.734391 0.553845
    outer loop
      vertex 51.9589 -53.2855 6.96879
      vertex 51.6916 -53.4283 6.96879
      vertex 51.775 -53.6296 6.64279
    endloop
  endfacet
  facet normal 0.111631 -0.367739 0.923204
    outer loop
      vertex 51.3222 -52.5364 7.61388
      vertex 51.2839 -52.9247 7.46384
      vertex 51.4608 -52.871 7.46384
    endloop
  endfacet
  facet normal -0.187535 0.057076 0.980598
    outer loop
      vertex 50.9189 -51.925 7.69037
      vertex 50.5306 -51.8867 7.61388
      vertex 50.9077 -51.9618 7.69037
    endloop
  endfacet
  facet normal -0.187561 -0.0568366 0.980607
    outer loop
      vertex 50.9189 -52.075 7.69037
      vertex 50.5306 -52.1133 7.61388
      vertex 50.5636 -52.2222 7.61388
    endloop
  endfacet
  facet normal 0.865099 0.462484 -0.194195
    outer loop
      vertex 52.8682 -51.2676 5.11943
      vertex 52.6913 -50.9367 5.11943
      vertex 52.7549 -50.8942 5.50397
    endloop
  endfacet
  facet normal 0.643703 0.528314 0.553652
    outer loop
      vertex 52.3472 -50.7528 6.64279
      vertex 52.1932 -50.9068 6.96879
      vertex 52.3855 -51.1411 6.96879
    endloop
  endfacet
  facet normal 0.865099 0.462484 0.194195
    outer loop
      vertex 52.7549 -50.8942 5.89603
      vertex 52.6913 -50.9367 6.28057
      vertex 52.8682 -51.2676 6.28057
    endloop
  endfacet
  facet normal -0.528305 0.643692 0.553673
    outer loop
      vertex 50.1201 -50.5334 6.64279
      vertex 50.0068 -50.9068 6.96879
      vertex 50.2411 -50.7145 6.96879
    endloop
  endfacet
  facet normal 0.796833 0.24153 0.553823
    outer loop
      vertex 52.7296 -51.325 6.64279
      vertex 52.5283 -51.4084 6.96879
      vertex 52.8299 -51.6559 6.64279
    endloop
  endfacet
  facet normal 0.796951 -0.241628 -0.553611
    outer loop
      vertex 52.8299 -52.3441 4.75721
      vertex 52.65 -52.4918 4.5627
      vertex 52.65 -52.3083 4.48261
    endloop
  endfacet
  facet normal -0.976269 0.0961111 0.194067
    outer loop
      vertex 49.1682 -51.6157 6
      vertex 49.1403 -51.8991 6
      vertex 49.2229 -51.6266 6.28057
    endloop
  endfacet
  facet normal -0.392334 0.734391 0.553845
    outer loop
      vertex 50.425 -50.3704 6.64279
      vertex 50.2411 -50.7145 6.96879
      vertex 50.5084 -50.5717 6.96879
    endloop
  endfacet
  facet normal 0.241562 0.796938 0.553658
    outer loop
      vertex 51.4441 -50.2701 6.64279
      vertex 51.4016 -50.4837 6.96879
      vertex 51.775 -50.3704 6.64279
    endloop
  endfacet
  facet normal -0.586514 0.71466 0.381134
    outer loop
      vertex 50.0367 -50.4087 6.28057
      vertex 49.7467 -50.6467 6.28057
      vertex 49.8528 -50.7528 6.64279
    endloop
  endfacet
  facet normal 0.815438 0.435935 -0.380817
    outer loop
      vertex 52.8682 -51.2676 5.11943
      vertex 52.65 -50.9643 4.9994
      vertex 52.6913 -50.9367 5.11943
    endloop
  endfacet
  facet normal 0.815385 0.435784 -0.381104
    outer loop
      vertex 52.65 -50.9643 4.9994
      vertex 52.8682 -51.2676 5.11943
      vertex 52.65 -51.0885 4.85738
    endloop
  endfacet
  facet normal 0.976246 0.0962127 0.194133
    outer loop
      vertex 53.0521 -51.6117 5.89603
      vertex 52.9771 -51.6266 6.28057
      vertex 53.0139 -52 6.28057
    endloop
  endfacet
  facet normal 0.643674 0.528328 0.553672
    outer loop
      vertex 52.5666 -51.0201 6.64279
      vertex 52.3472 -50.7528 6.64279
      vertex 52.3855 -51.1411 6.96879
    endloop
  endfacet
  facet normal 0.0906723 -0.920028 0.381218
    outer loop
      vertex 51.4441 -53.7299 6.64279
      vertex 51.1 -53.9139 6.28057
      vertex 51.4734 -53.8771 6.28057
    endloop
  endfacet
  facet normal 0.865099 -0.462484 0.194195
    outer loop
      vertex 52.8682 -52.7324 6.28057
      vertex 52.6913 -53.0633 6.28057
      vertex 52.7549 -53.1058 5.89603
    endloop
  endfacet
  facet normal 0.195025 -0.0192788 0.980609
    outer loop
      vertex 51.6806 -52 7.61388
      vertex 51.296 -52 7.69037
      vertex 51.6694 -52.1133 7.61388
    endloop
  endfacet
  facet normal 0.0192824 0.195063 0.980601
    outer loop
      vertex 51.2133 -51.4306 7.61388
      vertex 51.1 -51.4194 7.61388
      vertex 51.1382 -51.8077 7.69037
    endloop
  endfacet
  facet normal 0.462497 0.865124 0.194054
    outer loop
      vertex 51.9432 -50.2281 6
      vertex 51.8324 -50.2318 6.28057
      vertex 52.1633 -50.4087 6.28057
    endloop
  endfacet
  facet normal 0.463271 0.864643 0.194353
    outer loop
      vertex 51.8324 -50.2318 6.28057
      vertex 51.9432 -50.2281 6
      vertex 51.8538 -50.1802 6
    endloop
  endfacet
  facet normal 0.625204 0.334004 0.70538
    outer loop
      vertex 52.3855 -51.1411 6.96879
      vertex 52.2722 -51.5145 7.24602
      vertex 52.5283 -51.4084 6.96879
    endloop
  endfacet
  facet normal 0.262626 -0.49164 0.830251
    outer loop
      vertex 51.6238 -52.7839 7.46384
      vertex 51.5855 -53.1722 7.24602
      vertex 51.8049 -53.055 7.24602
    endloop
  endfacet
  facet normal -0.01889 0.195027 0.980616
    outer loop
      vertex 51.1 -51.4194 7.61388
      vertex 51.0618 -51.8077 7.69037
      vertex 51.1 -51.804 7.69037
    endloop
  endfacet
  facet normal -0.0925169 0.172802 0.980602
    outer loop
      vertex 50.8778 -51.4636 7.61388
      vertex 50.7775 -51.5173 7.61388
      vertex 50.9911 -51.837 7.69037
    endloop
  endfacet
  facet normal 0.643703 -0.528314 0.553652
    outer loop
      vertex 52.3855 -52.8589 6.96879
      vertex 52.1932 -53.0932 6.96879
      vertex 52.3472 -53.2472 6.64279
    endloop
  endfacet
  facet normal 0.554778 0.0546029 0.830205
    outer loop
      vertex 52.3444 -51.7525 7.24602
      vertex 52.0247 -51.8161 7.46384
      vertex 52.0428 -52 7.46384
    endloop
  endfacet
  facet normal -0.865048 -0.462508 0.194369
    outer loop
      vertex 49.3318 -52.7324 6.28057
      vertex 49.2802 -52.7538 6
      vertex 49.4144 -53.0048 6
    endloop
  endfacet
  facet normal -0.678286 -0.205766 0.7054
    outer loop
      vertex 49.8556 -52.2475 7.24602
      vertex 49.5837 -52.3016 6.96879
      vertex 49.9278 -52.4855 7.24602
    endloop
  endfacet
  facet normal 0.92002 0.0906384 -0.381246
    outer loop
      vertex 52.8638 -52 4.75721
      vertex 52.8299 -51.6559 4.75721
      vertex 53.0139 -52 5.11943
    endloop
  endfacet
  facet normal 0.938755 -0.284593 -0.19428
    outer loop
      vertex 52.9389 -52.7617 5.50397
      vertex 52.8682 -52.7324 5.11943
      vertex 53.0521 -52.3883 5.50397
    endloop
  endfacet
  facet normal 0.435888 -0.81535 0.381059
    outer loop
      vertex 52.0799 -53.4666 6.64279
      vertex 51.8324 -53.7682 6.28057
      vertex 52.1633 -53.5913 6.28057
    endloop
  endfacet
  facet normal -0.622255 -0.758352 0.194167
    outer loop
      vertex 50.0367 -53.5913 6.28057
      vertex 49.7856 -53.4571 6
      vertex 50.0057 -53.6377 6
    endloop
  endfacet
  facet normal -0.096143 -0.976248 0.194157
    outer loop
      vertex 51.1 -53.9139 6.28057
      vertex 50.8167 -53.9418 6
      vertex 51.1 -53.9697 6
    endloop
  endfacet
  facet normal 0.773203 0.634159 0
    outer loop
      vertex 52.7549 -50.8942 5.89603
      vertex 52.65 -50.7663 5.50397
      vertex 52.65 -50.7663 5.89603
    endloop
  endfacet
  facet normal 0.773203 0.634159 0
    outer loop
      vertex 52.65 -50.7663 5.50397
      vertex 52.7549 -50.8942 5.89603
      vertex 52.7549 -50.8942 5.50397
    endloop
  endfacet
  facet normal 0.714964 0.58634 -0.38083
    outer loop
      vertex 52.6913 -50.9367 5.11943
      vertex 52.65 -50.9643 4.9994
      vertex 52.65 -50.9146 5.07592
    endloop
  endfacet
  facet normal 0.622058 0.758465 0.194357
    outer loop
      vertex 52.4144 -50.5429 6
      vertex 52.4533 -50.6467 6.28057
      vertex 52.4928 -50.6072 6
    endloop
  endfacet
  facet normal 0.622314 0.758282 0.194253
    outer loop
      vertex 52.4533 -50.6467 6.28057
      vertex 52.4144 -50.5429 6
      vertex 52.1633 -50.4087 6.28057
    endloop
  endfacet
  facet normal -0.435887 0.81535 0.38106
    outer loop
      vertex 50.3676 -50.2318 6.28057
      vertex 50.1201 -50.5334 6.64279
      vertex 50.425 -50.3704 6.64279
    endloop
  endfacet
  facet normal 0.81535 0.435888 0.381059
    outer loop
      vertex 52.6913 -50.9367 6.28057
      vertex 52.5666 -51.0201 6.64279
      vertex 52.8682 -51.2676 6.28057
    endloop
  endfacet
  facet normal 0.796872 -0.241809 0.553646
    outer loop
      vertex 52.6163 -52.3016 6.96879
      vertex 52.5283 -52.5916 6.96879
      vertex 52.8299 -52.3441 6.64279
    endloop
  endfacet
  facet normal 0.938738 0.284759 -0.194123
    outer loop
      vertex 52.9771 -51.6266 5.11943
      vertex 52.8682 -51.2676 5.11943
      vertex 53.0521 -51.6117 5.50397
    endloop
  endfacet
  facet normal -0.828654 0.0813964 0.553812
    outer loop
      vertex 49.37 -51.6559 6.64279
      vertex 49.3362 -52 6.64279
      vertex 49.5837 -51.6984 6.96879
    endloop
  endfacet
  facet normal -0.643674 0.528328 0.553672
    outer loop
      vertex 49.8528 -50.7528 6.64279
      vertex 49.6334 -51.0201 6.64279
      vertex 49.8145 -51.1411 6.96879
    endloop
  endfacet
  facet normal -0.462383 0.86516 0.194166
    outer loop
      vertex 50.2568 -50.2281 6
      vertex 50.0057 -50.3623 6
      vertex 50.0367 -50.4087 6.28057
    endloop
  endfacet
  facet normal 0.884676 -0.26836 0.381225
    outer loop
      vertex 52.9771 -52.3734 6.28057
      vertex 52.8299 -52.3441 6.64279
      vertex 52.8682 -52.7324 6.28057
    endloop
  endfacet
  facet normal 0.938738 -0.284759 0.194123
    outer loop
      vertex 52.9771 -52.3734 6.28057
      vertex 52.8682 -52.7324 6.28057
      vertex 53.0521 -52.3883 5.89603
    endloop
  endfacet
  facet normal 0.828725 -0.0816442 0.553669
    outer loop
      vertex 52.8638 -52 6.64279
      vertex 52.646 -52 6.96879
      vertex 52.8299 -52.3441 6.64279
    endloop
  endfacet
  facet normal 0.828725 0.0816442 0.553669
    outer loop
      vertex 52.8299 -51.6559 6.64279
      vertex 52.646 -52 6.96879
      vertex 52.8638 -52 6.64279
    endloop
  endfacet
  facet normal 0.758459 -0.622067 -0.194352
    outer loop
      vertex 52.7549 -53.1058 5.50397
      vertex 52.65 -53.2337 5.50397
      vertex 52.65 -53.1919 5.37018
    endloop
  endfacet
  facet normal 0.678272 -0.205821 0.705397
    outer loop
      vertex 52.6163 -52.3016 6.96879
      vertex 52.3444 -52.2475 7.24602
      vertex 52.5283 -52.5916 6.96879
    endloop
  endfacet
  facet normal 0.995171 -0.0981587 0
    outer loop
      vertex 53.0521 -52.3883 5.89603
      vertex 53.0904 -52 5.50397
      vertex 53.0904 -52 5.89603
    endloop
  endfacet
  facet normal 0.995171 -0.0981587 0
    outer loop
      vertex 53.0904 -52 5.50397
      vertex 53.0521 -52.3883 5.89603
      vertex 53.0521 -52.3883 5.50397
    endloop
  endfacet
  facet normal 0.92002 0.0906384 0.381246
    outer loop
      vertex 53.0139 -52 6.28057
      vertex 52.8299 -51.6559 6.64279
      vertex 52.8638 -52 6.64279
    endloop
  endfacet
  facet normal -0.0192824 -0.195063 0.980601
    outer loop
      vertex 51.0618 -52.1923 7.69037
      vertex 50.9867 -52.5694 7.61388
      vertex 51.1 -52.5806 7.61388
    endloop
  endfacet
  facet normal 0.268173 -0.884729 0.381231
    outer loop
      vertex 51.775 -53.6296 6.64279
      vertex 51.4441 -53.7299 6.64279
      vertex 51.4734 -53.8771 6.28057
    endloop
  endfacet
  facet normal 0.382436 -0.0378048 0.923208
    outer loop
      vertex 51.6806 -52 7.61388
      vertex 51.6694 -52.1133 7.61388
      vertex 52.0428 -52 7.46384
    endloop
  endfacet
  facet normal 0.187561 0.0568366 0.980607
    outer loop
      vertex 51.6364 -51.7778 7.61388
      vertex 51.2811 -51.925 7.69037
      vertex 51.6694 -51.8867 7.61388
    endloop
  endfacet
  facet normal -0.262626 -0.49164 0.830251
    outer loop
      vertex 50.5762 -52.7839 7.46384
      vertex 50.3951 -53.055 7.24602
      vertex 50.6145 -53.1722 7.24602
    endloop
  endfacet
  facet normal -0.353616 0.430928 0.830215
    outer loop
      vertex 50.3951 -50.945 7.24602
      vertex 50.2028 -51.1028 7.24602
      vertex 50.4333 -51.3333 7.46384
    endloop
  endfacet
  facet normal 0.714637 0.586575 0.381082
    outer loop
      vertex 52.6913 -50.9367 6.28057
      vertex 52.3472 -50.7528 6.64279
      vertex 52.5666 -51.0201 6.64279
    endloop
  endfacet
  facet normal 0.678316 0.205775 0.705369
    outer loop
      vertex 52.5283 -51.4084 6.96879
      vertex 52.2722 -51.5145 7.24602
      vertex 52.3444 -51.7525 7.24602
    endloop
  endfacet
  facet normal 0.284263 0.938842 0.194345
    outer loop
      vertex 51.7567 -50.1508 6
      vertex 51.8324 -50.2318 6.28057
      vertex 51.8538 -50.1802 6
    endloop
  endfacet
  facet normal 0.284756 0.938727 0.194179
    outer loop
      vertex 51.8324 -50.2318 6.28057
      vertex 51.7567 -50.1508 6
      vertex 51.4734 -50.1229 6.28057
    endloop
  endfacet
  facet normal -0.262626 0.49164 0.830251
    outer loop
      vertex 50.6145 -50.8278 7.24602
      vertex 50.3951 -50.945 7.24602
      vertex 50.5762 -51.2161 7.46384
    endloop
  endfacet
  facet normal -0.554728 -0.0546883 0.830233
    outer loop
      vertex 50.1572 -52 7.46384
      vertex 49.8312 -52 7.24602
      vertex 49.8556 -52.2475 7.24602
    endloop
  endfacet
  facet normal -0.367691 0.111617 0.923225
    outer loop
      vertex 50.229 -51.6392 7.46384
      vertex 50.1753 -51.8161 7.46384
      vertex 50.5306 -51.8867 7.61388
    endloop
  endfacet
  facet normal 0.111631 0.367739 0.923204
    outer loop
      vertex 51.4608 -51.129 7.46384
      vertex 51.2839 -51.0753 7.46384
      vertex 51.3222 -51.4636 7.61388
    endloop
  endfacet
  facet normal 0.243702 -0.297033 0.923245
    outer loop
      vertex 51.5105 -52.4105 7.61388
      vertex 51.4225 -52.4827 7.61388
      vertex 51.6238 -52.7839 7.46384
    endloop
  endfacet
  facet normal 0.449674 -0.547986 0.70534
    outer loop
      vertex 51.9972 -52.8972 7.24602
      vertex 51.8049 -53.055 7.24602
      vertex 52.1932 -53.0932 6.96879
    endloop
  endfacet
  facet normal 0.0925169 0.172802 0.980602
    outer loop
      vertex 51.3222 -51.4636 7.61388
      vertex 51.2089 -51.837 7.69037
      vertex 51.4225 -51.5173 7.61388
    endloop
  endfacet
  facet normal -0.678297 -0.205828 0.705371
    outer loop
      vertex 49.9278 -52.4855 7.24602
      vertex 49.5837 -52.3016 6.96879
      vertex 49.6717 -52.5916 6.96879
    endloop
  endfacet
  facet normal -0.268173 -0.884729 0.381231
    outer loop
      vertex 50.7559 -53.7299 6.64279
      vertex 50.425 -53.6296 6.64279
      vertex 50.7266 -53.8771 6.28057
    endloop
  endfacet
  facet normal -0.241773 -0.796752 0.553834
    outer loop
      vertex 50.5084 -53.4283 6.96879
      vertex 50.425 -53.6296 6.64279
      vertex 50.7984 -53.5163 6.96879
    endloop
  endfacet
  facet normal -0.0816457 -0.82874 0.553646
    outer loop
      vertex 50.7984 -53.5163 6.96879
      vertex 50.7559 -53.7299 6.64279
      vertex 51.1 -53.7638 6.64279
    endloop
  endfacet
  facet normal -0.462497 -0.865124 0.194054
    outer loop
      vertex 50.2568 -53.7719 6
      vertex 50.3676 -53.7682 6.28057
      vertex 50.0367 -53.5913 6.28057
    endloop
  endfacet
  facet normal -0.463271 -0.864643 0.194353
    outer loop
      vertex 50.3676 -53.7682 6.28057
      vertex 50.2568 -53.7719 6
      vertex 50.3462 -53.8198 6
    endloop
  endfacet
  facet normal -0.29701 0.243683 0.923257
    outer loop
      vertex 50.6895 -51.5895 7.61388
      vertex 50.4333 -51.3333 7.46384
      vertex 50.6173 -51.6775 7.61388
    endloop
  endfacet
  facet normal -0.79676 -0.241749 0.553833
    outer loop
      vertex 49.6717 -52.5916 6.96879
      vertex 49.37 -52.3441 6.64279
      vertex 49.4704 -52.675 6.64279
    endloop
  endfacet
  facet normal 0.81535 -0.435888 0.381059
    outer loop
      vertex 52.8682 -52.7324 6.28057
      vertex 52.5666 -52.9799 6.64279
      vertex 52.6913 -53.0633 6.28057
    endloop
  endfacet
  facet normal 0.773203 -0.634159 0
    outer loop
      vertex 52.65 -53.2337 5.89603
      vertex 52.7549 -53.1058 5.50397
      vertex 52.7549 -53.1058 5.89603
    endloop
  endfacet
  facet normal 0.773203 -0.634159 0
    outer loop
      vertex 52.7549 -53.1058 5.50397
      vertex 52.65 -53.2337 5.89603
      vertex 52.65 -53.2337 5.50397
    endloop
  endfacet
  facet normal 0.435887 -0.81535 0.38106
    outer loop
      vertex 52.0799 -53.4666 6.64279
      vertex 51.775 -53.6296 6.64279
      vertex 51.8324 -53.7682 6.28057
    endloop
  endfacet
  facet normal 0.096211 -0.976228 0.194224
    outer loop
      vertex 51.3833 -53.9418 6
      vertex 51.4734 -53.8771 6.28057
      vertex 51.1 -53.9139 6.28057
    endloop
  endfacet
  facet normal 0.0966547 -0.976213 0.194078
    outer loop
      vertex 51.4734 -53.8771 6.28057
      vertex 51.3833 -53.9418 6
      vertex 51.4843 -53.9318 6
    endloop
  endfacet
  facet normal 0.284665 -0.938775 0.194083
    outer loop
      vertex 51.7567 -53.8492 6
      vertex 51.4734 -53.8771 6.28057
      vertex 51.4843 -53.9318 6
    endloop
  endfacet
  facet normal -0.0966547 -0.976213 0.194078
    outer loop
      vertex 50.8167 -53.9418 6
      vertex 50.7266 -53.8771 6.28057
      vertex 50.7157 -53.9318 6
    endloop
  endfacet
  facet normal -0.096211 -0.976228 0.194224
    outer loop
      vertex 50.7266 -53.8771 6.28057
      vertex 50.8167 -53.9418 6
      vertex 51.1 -53.9139 6.28057
    endloop
  endfacet
  facet normal 0.95699 0.290121 0
    outer loop
      vertex 53.0521 -51.6117 5.89603
      vertex 52.9389 -51.2383 5.50397
      vertex 52.9389 -51.2383 5.89603
    endloop
  endfacet
  facet normal 0.95699 0.290121 0
    outer loop
      vertex 52.9389 -51.2383 5.50397
      vertex 53.0521 -51.6117 5.89603
      vertex 53.0521 -51.6117 5.50397
    endloop
  endfacet
  facet normal 0.976223 -0.0962898 -0.194209
    outer loop
      vertex 53.0521 -52.3883 5.50397
      vertex 53.0139 -52 5.11943
      vertex 53.0904 -52 5.50397
    endloop
  endfacet
  facet normal -0.435888 0.81535 0.381059
    outer loop
      vertex 50.3676 -50.2318 6.28057
      vertex 50.0367 -50.4087 6.28057
      vertex 50.1201 -50.5334 6.64279
    endloop
  endfacet
  facet normal -0.758494 0.622081 0.194171
    outer loop
      vertex 49.5087 -50.9367 6.28057
      vertex 49.5266 -50.8273 6
      vertex 49.4623 -50.9057 6
    endloop
  endfacet
  facet normal -0.758278 0.622311 0.194275
    outer loop
      vertex 49.5266 -50.8273 6
      vertex 49.5087 -50.9367 6.28057
      vertex 49.7467 -50.6467 6.28057
    endloop
  endfacet
  facet normal 0.392334 0.734391 0.553845
    outer loop
      vertex 51.775 -50.3704 6.64279
      vertex 51.6916 -50.5717 6.96879
      vertex 51.9589 -50.7145 6.96879
    endloop
  endfacet
  facet normal 0.096143 0.976248 0.194157
    outer loop
      vertex 51.1 -50.0303 6
      vertex 51.1 -50.0861 6.28057
      vertex 51.3833 -50.0582 6
    endloop
  endfacet
  facet normal -0.096143 0.976248 0.194157
    outer loop
      vertex 51.1 -50.0303 6
      vertex 50.8167 -50.0582 6
      vertex 51.1 -50.0861 6.28057
    endloop
  endfacet
  facet normal 0.938755 0.284593 0.19428
    outer loop
      vertex 52.9389 -51.2383 5.89603
      vertex 52.8682 -51.2676 6.28057
      vertex 53.0521 -51.6117 5.89603
    endloop
  endfacet
  facet normal 0.865038 0.46256 0.194287
    outer loop
      vertex 52.9389 -51.2383 5.89603
      vertex 52.7549 -50.8942 5.89603
      vertex 52.8682 -51.2676 6.28057
    endloop
  endfacet
  facet normal 0.758291 0.622321 0.194195
    outer loop
      vertex 52.7549 -50.8942 5.89603
      vertex 52.4533 -50.6467 6.28057
      vertex 52.6913 -50.9367 6.28057
    endloop
  endfacet
  facet normal 0.758459 0.622067 -0.194352
    outer loop
      vertex 52.7549 -50.8942 5.50397
      vertex 52.65 -50.8081 5.37018
      vertex 52.65 -50.7663 5.50397
    endloop
  endfacet
  facet normal 0.734279 -0.392536 -0.55385
    outer loop
      vertex 52.7296 -52.675 4.75721
      vertex 52.65 -52.8239 4.75721
      vertex 52.65 -52.642 4.62829
    endloop
  endfacet
  facet normal 0.884676 -0.26836 -0.381225
    outer loop
      vertex 52.8682 -52.7324 5.11943
      vertex 52.8299 -52.3441 4.75721
      vertex 52.9771 -52.3734 5.11943
    endloop
  endfacet
  facet normal 0.92002 -0.0906384 -0.381246
    outer loop
      vertex 53.0139 -52 5.11943
      vertex 52.8299 -52.3441 4.75721
      vertex 52.8638 -52 4.75721
    endloop
  endfacet
  facet normal -0.938775 -0.284665 0.194083
    outer loop
      vertex 49.2229 -52.3734 6.28057
      vertex 49.1682 -52.3843 6
      vertex 49.2508 -52.6567 6
    endloop
  endfacet
  facet normal -0.796764 -0.241777 0.553816
    outer loop
      vertex 49.5837 -52.3016 6.96879
      vertex 49.37 -52.3441 6.64279
      vertex 49.6717 -52.5916 6.96879
    endloop
  endfacet
  facet normal -0.625228 0.333987 0.705367
    outer loop
      vertex 50.045 -51.2951 7.24602
      vertex 49.8145 -51.1411 6.96879
      vertex 49.9278 -51.5145 7.24602
    endloop
  endfacet
  facet normal -0.586575 0.714637 0.381082
    outer loop
      vertex 50.0367 -50.4087 6.28057
      vertex 49.8528 -50.7528 6.64279
      vertex 50.1201 -50.5334 6.64279
    endloop
  endfacet
  facet normal -0.938775 0.284665 0.194083
    outer loop
      vertex 49.2508 -51.3433 6
      vertex 49.1682 -51.6157 6
      vertex 49.2229 -51.6266 6.28057
    endloop
  endfacet
  facet normal -0.268379 0.884738 0.381066
    outer loop
      vertex 50.7266 -50.1229 6.28057
      vertex 50.3676 -50.2318 6.28057
      vertex 50.425 -50.3704 6.64279
    endloop
  endfacet
  facet normal -0.284665 0.938775 0.194083
    outer loop
      vertex 50.7157 -50.0682 6
      vertex 50.4433 -50.1508 6
      vertex 50.7266 -50.1229 6.28057
    endloop
  endfacet
  facet normal -0.734284 0.392549 0.553834
    outer loop
      vertex 49.6334 -51.0201 6.64279
      vertex 49.4704 -51.325 6.64279
      vertex 49.6717 -51.4084 6.96879
    endloop
  endfacet
  facet normal -0.920042 0.0903732 0.381255
    outer loop
      vertex 49.37 -51.6559 6.64279
      vertex 49.1861 -52 6.28057
      vertex 49.3362 -52 6.64279
    endloop
  endfacet
  facet normal 0.828744 -0.0816104 0.553645
    outer loop
      vertex 52.646 -52 6.96879
      vertex 52.6163 -52.3016 6.96879
      vertex 52.8299 -52.3441 6.64279
    endloop
  endfacet
  facet normal 0.554728 -0.0546883 0.830233
    outer loop
      vertex 52.3688 -52 7.24602
      vertex 52.0428 -52 7.46384
      vertex 52.3444 -52.2475 7.24602
    endloop
  endfacet
  facet normal 0.920028 0.0906723 0.381218
    outer loop
      vertex 52.9771 -51.6266 6.28057
      vertex 52.8299 -51.6559 6.64279
      vertex 53.0139 -52 6.28057
    endloop
  endfacet
  facet normal 0.705402 0.0694643 0.705396
    outer loop
      vertex 52.6163 -51.6984 6.96879
      vertex 52.3444 -51.7525 7.24602
      vertex 52.646 -52 6.96879
    endloop
  endfacet
  facet normal 0.714637 -0.586575 0.381082
    outer loop
      vertex 52.5666 -52.9799 6.64279
      vertex 52.3472 -53.2472 6.64279
      vertex 52.6913 -53.0633 6.28057
    endloop
  endfacet
  facet normal 0.547922 -0.449703 0.705372
    outer loop
      vertex 52.3855 -52.8589 6.96879
      vertex 52.155 -52.7049 7.24602
      vertex 52.1932 -53.0932 6.96879
    endloop
  endfacet
  facet normal 0.678316 -0.205775 0.705369
    outer loop
      vertex 52.3444 -52.2475 7.24602
      vertex 52.2722 -52.4855 7.24602
      vertex 52.5283 -52.5916 6.96879
    endloop
  endfacet
  facet normal 0.586514 -0.71466 0.381134
    outer loop
      vertex 52.3472 -53.2472 6.64279
      vertex 52.1633 -53.5913 6.28057
      vertex 52.4533 -53.3533 6.28057
    endloop
  endfacet
  facet normal 0.554778 -0.0546029 0.830205
    outer loop
      vertex 52.0428 -52 7.46384
      vertex 52.0247 -52.1839 7.46384
      vertex 52.3444 -52.2475 7.24602
    endloop
  endfacet
  facet normal 0.554728 0.0546883 0.830233
    outer loop
      vertex 52.3444 -51.7525 7.24602
      vertex 52.0428 -52 7.46384
      vertex 52.3688 -52 7.24602
    endloop
  endfacet
  facet normal -0.092299 0.172869 0.980611
    outer loop
      vertex 51.025 -51.8189 7.69037
      vertex 50.8778 -51.4636 7.61388
      vertex 50.9911 -51.837 7.69037
    endloop
  endfacet
  facet normal 0.382394 0.0376364 0.923232
    outer loop
      vertex 52.0247 -51.8161 7.46384
      vertex 51.6694 -51.8867 7.61388
      vertex 52.0428 -52 7.46384
    endloop
  endfacet
  facet normal -0.161912 0.533374 0.830239
    outer loop
      vertex 50.9161 -51.0753 7.46384
      vertex 50.6145 -50.8278 7.24602
      vertex 50.7392 -51.129 7.46384
    endloop
  endfacet
  facet normal -0.181122 -0.338954 0.923204
    outer loop
      vertex 50.8778 -52.5364 7.61388
      vertex 50.5762 -52.7839 7.46384
      vertex 50.7392 -52.871 7.46384
    endloop
  endfacet
  facet normal 0.181344 0.338711 0.923249
    outer loop
      vertex 51.6238 -51.2161 7.46384
      vertex 51.3222 -51.4636 7.61388
      vertex 51.4225 -51.5173 7.61388
    endloop
  endfacet
  facet normal 0.449674 0.547986 0.70534
    outer loop
      vertex 52.1932 -50.9068 6.96879
      vertex 51.8049 -50.945 7.24602
      vertex 51.9972 -51.1028 7.24602
    endloop
  endfacet
  facet normal 0.161912 0.533374 0.830239
    outer loop
      vertex 51.5855 -50.8278 7.24602
      vertex 51.2839 -51.0753 7.46384
      vertex 51.4608 -51.129 7.46384
    endloop
  endfacet
  facet normal 0.435888 0.81535 0.381059
    outer loop
      vertex 52.1633 -50.4087 6.28057
      vertex 51.8324 -50.2318 6.28057
      vertex 52.0799 -50.5334 6.64279
    endloop
  endfacet
  facet normal 0.334004 0.625204 0.70538
    outer loop
      vertex 51.6916 -50.5717 6.96879
      vertex 51.5855 -50.8278 7.24602
      vertex 51.9589 -50.7145 6.96879
    endloop
  endfacet
  facet normal 0.0376407 0.382438 0.923214
    outer loop
      vertex 51.1 -51.0572 7.46384
      vertex 51.1 -51.4194 7.61388
      vertex 51.2839 -51.0753 7.46384
    endloop
  endfacet
  facet normal 0.241773 0.796752 0.553834
    outer loop
      vertex 51.775 -50.3704 6.64279
      vertex 51.4016 -50.4837 6.96879
      vertex 51.6916 -50.5717 6.96879
    endloop
  endfacet
  facet normal 0.528305 0.643692 0.553673
    outer loop
      vertex 52.0799 -50.5334 6.64279
      vertex 51.9589 -50.7145 6.96879
      vertex 52.1932 -50.9068 6.96879
    endloop
  endfacet
  facet normal -0.382394 -0.0376364 0.923232
    outer loop
      vertex 50.5306 -52.1133 7.61388
      vertex 50.1572 -52 7.46384
      vertex 50.1753 -52.1839 7.46384
    endloop
  endfacet
  facet normal -0.554778 -0.0546029 0.830205
    outer loop
      vertex 50.1572 -52 7.46384
      vertex 49.8556 -52.2475 7.24602
      vertex 50.1753 -52.1839 7.46384
    endloop
  endfacet
  facet normal -0.491601 0.26269 0.830255
    outer loop
      vertex 50.3161 -51.4762 7.46384
      vertex 50.045 -51.2951 7.24602
      vertex 50.229 -51.6392 7.46384
    endloop
  endfacet
  facet normal -0.0570563 0.187471 0.980612
    outer loop
      vertex 51.0618 -51.8077 7.69037
      vertex 50.8778 -51.4636 7.61388
      vertex 51.025 -51.8189 7.69037
    endloop
  endfacet
  facet normal -0.705437 0.0694677 0.70536
    outer loop
      vertex 49.5837 -51.6984 6.96879
      vertex 49.554 -52 6.96879
      vertex 49.8312 -52 7.24602
    endloop
  endfacet
  facet normal -0.554728 0.0546883 0.830233
    outer loop
      vertex 49.8556 -51.7525 7.24602
      vertex 49.8312 -52 7.24602
      vertex 50.1572 -52 7.46384
    endloop
  endfacet
  facet normal 0.181122 -0.338954 0.923204
    outer loop
      vertex 51.6238 -52.7839 7.46384
      vertex 51.3222 -52.5364 7.61388
      vertex 51.4608 -52.871 7.46384
    endloop
  endfacet
  facet normal 0.151533 -0.124326 0.980602
    outer loop
      vertex 51.5827 -52.3225 7.61388
      vertex 51.2386 -52.1386 7.69037
      vertex 51.5105 -52.4105 7.61388
    endloop
  endfacet
  facet normal 0.430928 0.353616 0.830215
    outer loop
      vertex 51.9972 -51.1028 7.24602
      vertex 51.7667 -51.3333 7.46384
      vertex 52.155 -51.2951 7.24602
    endloop
  endfacet
  facet normal -0.243633 -0.297058 0.923255
    outer loop
      vertex 50.6895 -52.4105 7.61388
      vertex 50.4333 -52.6667 7.46384
      vertex 50.5762 -52.7839 7.46384
    endloop
  endfacet
  facet normal 0.0376407 -0.382438 0.923214
    outer loop
      vertex 51.1 -52.5806 7.61388
      vertex 51.1 -52.9428 7.46384
      vertex 51.2839 -52.9247 7.46384
    endloop
  endfacet
  facet normal -0.205828 -0.678297 0.705371
    outer loop
      vertex 50.6145 -53.1722 7.24602
      vertex 50.5084 -53.4283 6.96879
      vertex 50.7984 -53.5163 6.96879
    endloop
  endfacet
  facet normal -0.0694677 -0.705437 0.70536
    outer loop
      vertex 51.1 -53.2688 7.24602
      vertex 50.7984 -53.5163 6.96879
      vertex 51.1 -53.546 6.96879
    endloop
  endfacet
  facet normal 0.262708 -0.491635 0.830228
    outer loop
      vertex 51.6238 -52.7839 7.46384
      vertex 51.4608 -52.871 7.46384
      vertex 51.5855 -53.1722 7.24602
    endloop
  endfacet
  facet normal -0.714637 -0.586575 0.381082
    outer loop
      vertex 49.6334 -52.9799 6.64279
      vertex 49.5087 -53.0633 6.28057
      vertex 49.8528 -53.2472 6.64279
    endloop
  endfacet
  facet normal -0.643703 -0.528314 0.553652
    outer loop
      vertex 50.0068 -53.0932 6.96879
      vertex 49.8145 -52.8589 6.96879
      vertex 49.8528 -53.2472 6.64279
    endloop
  endfacet
  facet normal 0.161912 -0.533374 0.830239
    outer loop
      vertex 51.4608 -52.871 7.46384
      vertex 51.2839 -52.9247 7.46384
      vertex 51.5855 -53.1722 7.24602
    endloop
  endfacet
  facet normal 0.241562 -0.796938 0.553658
    outer loop
      vertex 51.775 -53.6296 6.64279
      vertex 51.4016 -53.5163 6.96879
      vertex 51.4441 -53.7299 6.64279
    endloop
  endfacet
  facet normal -0.151471 0.124441 0.980597
    outer loop
      vertex 50.9614 -51.8614 7.69037
      vertex 50.6173 -51.6775 7.61388
      vertex 50.937 -51.8911 7.69037
    endloop
  endfacet
  facet normal 0.151471 0.124441 0.980597
    outer loop
      vertex 51.5827 -51.6775 7.61388
      vertex 51.2386 -51.8614 7.69037
      vertex 51.263 -51.8911 7.69037
    endloop
  endfacet
  facet normal 0.29701 -0.243683 0.923257
    outer loop
      vertex 51.5827 -52.3225 7.61388
      vertex 51.5105 -52.4105 7.61388
      vertex 51.7667 -52.6667 7.46384
    endloop
  endfacet
  facet normal 0.01889 -0.195027 0.980616
    outer loop
      vertex 51.1 -52.196 7.69037
      vertex 51.1 -52.5806 7.61388
      vertex 51.1382 -52.1923 7.69037
    endloop
  endfacet
  facet normal -0.865076 -0.462472 0.194326
    outer loop
      vertex 49.4144 -53.0048 6
      vertex 49.5087 -53.0633 6.28057
      vertex 49.3318 -52.7324 6.28057
    endloop
  endfacet
  facet normal -0.864889 -0.462885 0.194177
    outer loop
      vertex 49.5087 -53.0633 6.28057
      vertex 49.4144 -53.0048 6
      vertex 49.4623 -53.0943 6
    endloop
  endfacet
  facet normal -0.435888 -0.81535 0.381059
    outer loop
      vertex 50.1201 -53.4666 6.64279
      vertex 50.0367 -53.5913 6.28057
      vertex 50.3676 -53.7682 6.28057
    endloop
  endfacet
  facet normal -0.462383 -0.86516 0.194166
    outer loop
      vertex 50.0367 -53.5913 6.28057
      vertex 50.0057 -53.6377 6
      vertex 50.2568 -53.7719 6
    endloop
  endfacet
  facet normal -0.884758 -0.268385 0.381016
    outer loop
      vertex 49.37 -52.3441 6.64279
      vertex 49.2229 -52.3734 6.28057
      vertex 49.3318 -52.7324 6.28057
    endloop
  endfacet
  facet normal -0.828654 -0.0813964 0.553812
    outer loop
      vertex 49.5837 -52.3016 6.96879
      vertex 49.3362 -52 6.64279
      vertex 49.37 -52.3441 6.64279
    endloop
  endfacet
  facet normal 0.714964 -0.58634 -0.38083
    outer loop
      vertex 52.6913 -53.0633 5.11943
      vertex 52.65 -53.0854 5.07592
      vertex 52.65 -53.0357 4.9994
    endloop
  endfacet
  facet normal 0.95699 -0.290121 0
    outer loop
      vertex 52.9389 -52.7617 5.89603
      vertex 53.0521 -52.3883 5.50397
      vertex 53.0521 -52.3883 5.89603
    endloop
  endfacet
  facet normal 0.95699 -0.290121 0
    outer loop
      vertex 53.0521 -52.3883 5.50397
      vertex 52.9389 -52.7617 5.89603
      vertex 52.9389 -52.7617 5.50397
    endloop
  endfacet
  facet normal 0.622255 -0.758352 0.194167
    outer loop
      vertex 52.4144 -53.4571 6
      vertex 52.1633 -53.5913 6.28057
      vertex 52.1943 -53.6377 6
    endloop
  endfacet
  facet normal 0.462383 -0.86516 0.194166
    outer loop
      vertex 52.1633 -53.5913 6.28057
      vertex 51.9432 -53.7719 6
      vertex 52.1943 -53.6377 6
    endloop
  endfacet
  facet normal 0.268379 -0.884738 0.381066
    outer loop
      vertex 51.775 -53.6296 6.64279
      vertex 51.4734 -53.8771 6.28057
      vertex 51.8324 -53.7682 6.28057
    endloop
  endfacet
  facet normal 0.284756 -0.938727 0.194179
    outer loop
      vertex 51.7567 -53.8492 6
      vertex 51.8324 -53.7682 6.28057
      vertex 51.4734 -53.8771 6.28057
    endloop
  endfacet
  facet normal 0.284263 -0.938842 0.194345
    outer loop
      vertex 51.8324 -53.7682 6.28057
      vertex 51.7567 -53.8492 6
      vertex 51.8538 -53.8198 6
    endloop
  endfacet
  facet normal 0.096143 -0.976248 0.194157
    outer loop
      vertex 51.1 -53.9139 6.28057
      vertex 51.1 -53.9697 6
      vertex 51.3833 -53.9418 6
    endloop
  endfacet
  facet normal 0.758351 0.622196 0.19436
    outer loop
      vertex 52.4533 -50.6467 6.28057
      vertex 52.65 -50.7988 6
      vertex 52.4928 -50.6072 6
    endloop
  endfacet
  facet normal 0.758493 0.621951 0.194592
    outer loop
      vertex 52.65 -50.7988 6
      vertex 52.4533 -50.6467 6.28057
      vertex 52.7549 -50.8942 5.89603
    endloop
  endfacet
  facet normal 0.758444 0.622055 0.194448
    outer loop
      vertex 52.65 -50.7663 5.89603
      vertex 52.65 -50.7988 6
      vertex 52.7549 -50.8942 5.89603
    endloop
  endfacet
  facet normal -0.284756 0.938727 0.194179
    outer loop
      vertex 50.4433 -50.1508 6
      vertex 50.3676 -50.2318 6.28057
      vertex 50.7266 -50.1229 6.28057
    endloop
  endfacet
  facet normal -0.284263 0.938842 0.194345
    outer loop
      vertex 50.3676 -50.2318 6.28057
      vertex 50.4433 -50.1508 6
      vertex 50.3462 -50.1802 6
    endloop
  endfacet
  facet normal -0.0695415 0.70539 0.705399
    outer loop
      vertex 51.1 -50.7312 7.24602
      vertex 50.7984 -50.4837 6.96879
      vertex 50.8525 -50.7556 7.24602
    endloop
  endfacet
  facet normal 0.622255 0.758352 0.194167
    outer loop
      vertex 52.1943 -50.3623 6
      vertex 52.1633 -50.4087 6.28057
      vertex 52.4144 -50.5429 6
    endloop
  endfacet
  facet normal 0.0816457 0.82874 0.553646
    outer loop
      vertex 51.4441 -50.2701 6.64279
      vertex 51.1 -50.2362 6.64279
      vertex 51.4016 -50.4837 6.96879
    endloop
  endfacet
  facet normal 0.881842 0.471546 0
    outer loop
      vertex 52.9389 -51.2383 5.89603
      vertex 52.7549 -50.8942 5.50397
      vertex 52.7549 -50.8942 5.89603
    endloop
  endfacet
  facet normal 0.881842 0.471546 0
    outer loop
      vertex 52.7549 -50.8942 5.50397
      vertex 52.9389 -51.2383 5.89603
      vertex 52.9389 -51.2383 5.50397
    endloop
  endfacet
  facet normal 0.92002 -0.0906384 0.381246
    outer loop
      vertex 52.8638 -52 6.64279
      vertex 52.8299 -52.3441 6.64279
      vertex 53.0139 -52 6.28057
    endloop
  endfacet
  facet normal 0.938738 0.284759 0.194123
    outer loop
      vertex 53.0521 -51.6117 5.89603
      vertex 52.8682 -51.2676 6.28057
      vertex 52.9771 -51.6266 6.28057
    endloop
  endfacet
  facet normal 0.884797 -0.268193 -0.381059
    outer loop
      vertex 52.8682 -52.7324 5.11943
      vertex 52.7296 -52.675 4.75721
      vertex 52.8299 -52.3441 4.75721
    endloop
  endfacet
  facet normal 0.815377 -0.435835 -0.381062
    outer loop
      vertex 52.65 -52.9115 4.85738
      vertex 52.7296 -52.675 4.75721
      vertex 52.8682 -52.7324 5.11943
    endloop
  endfacet
  facet normal 0.815317 -0.435858 -0.381164
    outer loop
      vertex 52.7296 -52.675 4.75721
      vertex 52.65 -52.9115 4.85738
      vertex 52.65 -52.8239 4.75721
    endloop
  endfacet
  facet normal 0.976246 0.0962127 -0.194133
    outer loop
      vertex 53.0139 -52 5.11943
      vertex 52.9771 -51.6266 5.11943
      vertex 53.0521 -51.6117 5.50397
    endloop
  endfacet
  facet normal 0.920028 0.0906723 -0.381218
    outer loop
      vertex 53.0139 -52 5.11943
      vertex 52.8299 -51.6559 4.75721
      vertex 52.9771 -51.6266 5.11943
    endloop
  endfacet
  facet normal 0.920028 -0.0906723 -0.381218
    outer loop
      vertex 52.9771 -52.3734 5.11943
      vertex 52.8299 -52.3441 4.75721
      vertex 53.0139 -52 5.11943
    endloop
  endfacet
  facet normal 0.976246 -0.0962127 -0.194133
    outer loop
      vertex 53.0521 -52.3883 5.50397
      vertex 52.9771 -52.3734 5.11943
      vertex 53.0139 -52 5.11943
    endloop
  endfacet
  facet normal -0.586514 -0.71466 0.381134
    outer loop
      vertex 49.8528 -53.2472 6.64279
      vertex 49.7467 -53.3533 6.28057
      vertex 50.0367 -53.5913 6.28057
    endloop
  endfacet
  facet normal -0.81535 -0.435888 0.381059
    outer loop
      vertex 49.6334 -52.9799 6.64279
      vertex 49.3318 -52.7324 6.28057
      vertex 49.5087 -53.0633 6.28057
    endloop
  endfacet
  facet normal -0.586575 -0.714637 0.381082
    outer loop
      vertex 50.1201 -53.4666 6.64279
      vertex 49.8528 -53.2472 6.64279
      vertex 50.0367 -53.5913 6.28057
    endloop
  endfacet
  facet normal -0.758494 -0.622081 0.194171
    outer loop
      vertex 49.5266 -53.1727 6
      vertex 49.5087 -53.0633 6.28057
      vertex 49.4623 -53.0943 6
    endloop
  endfacet
  facet normal -0.758278 -0.622311 0.194275
    outer loop
      vertex 49.5087 -53.0633 6.28057
      vertex 49.5266 -53.1727 6
      vertex 49.7467 -53.3533 6.28057
    endloop
  endfacet
  facet normal -0.449703 0.547922 0.705372
    outer loop
      vertex 50.2411 -50.7145 6.96879
      vertex 50.0068 -50.9068 6.96879
      vertex 50.3951 -50.945 7.24602
    endloop
  endfacet
  facet normal -0.392598 0.734375 0.55368
    outer loop
      vertex 50.425 -50.3704 6.64279
      vertex 50.1201 -50.5334 6.64279
      vertex 50.2411 -50.7145 6.96879
    endloop
  endfacet
  facet normal -0.622314 0.758282 0.194253
    outer loop
      vertex 49.7856 -50.5429 6
      vertex 49.7467 -50.6467 6.28057
      vertex 50.0367 -50.4087 6.28057
    endloop
  endfacet
  facet normal -0.622058 0.758465 0.194357
    outer loop
      vertex 49.7467 -50.6467 6.28057
      vertex 49.7856 -50.5429 6
      vertex 49.7072 -50.6072 6
    endloop
  endfacet
  facet normal -0.758322 0.622231 0.194361
    outer loop
      vertex 49.7072 -50.6072 6
      vertex 49.5266 -50.8273 6
      vertex 49.7467 -50.6467 6.28057
    endloop
  endfacet
  facet normal -0.714637 0.586575 0.381082
    outer loop
      vertex 49.8528 -50.7528 6.64279
      vertex 49.5087 -50.9367 6.28057
      vertex 49.6334 -51.0201 6.64279
    endloop
  endfacet
  facet normal -0.884758 0.268385 0.381016
    outer loop
      vertex 49.3318 -51.2676 6.28057
      vertex 49.2229 -51.6266 6.28057
      vertex 49.37 -51.6559 6.64279
    endloop
  endfacet
  facet normal -0.622255 0.758352 0.194167
    outer loop
      vertex 50.0057 -50.3623 6
      vertex 49.7856 -50.5429 6
      vertex 50.0367 -50.4087 6.28057
    endloop
  endfacet
  facet normal -0.463271 0.864643 0.194353
    outer loop
      vertex 50.2568 -50.2281 6
      vertex 50.3676 -50.2318 6.28057
      vertex 50.3462 -50.1802 6
    endloop
  endfacet
  facet normal -0.462497 0.865124 0.194054
    outer loop
      vertex 50.3676 -50.2318 6.28057
      vertex 50.2568 -50.2281 6
      vertex 50.0367 -50.4087 6.28057
    endloop
  endfacet
  facet normal -0.81535 0.435888 0.381059
    outer loop
      vertex 49.5087 -50.9367 6.28057
      vertex 49.3318 -51.2676 6.28057
      vertex 49.6334 -51.0201 6.64279
    endloop
  endfacet
  facet normal -0.864889 0.462885 0.194177
    outer loop
      vertex 49.4144 -50.9952 6
      vertex 49.5087 -50.9367 6.28057
      vertex 49.4623 -50.9057 6
    endloop
  endfacet
  facet normal -0.865076 0.462472 0.194326
    outer loop
      vertex 49.5087 -50.9367 6.28057
      vertex 49.4144 -50.9952 6
      vertex 49.3318 -51.2676 6.28057
    endloop
  endfacet
  facet normal 0.705402 -0.0694643 0.705396
    outer loop
      vertex 52.646 -52 6.96879
      vertex 52.3444 -52.2475 7.24602
      vertex 52.6163 -52.3016 6.96879
    endloop
  endfacet
  facet normal 0.643674 -0.528328 0.553672
    outer loop
      vertex 52.3855 -52.8589 6.96879
      vertex 52.3472 -53.2472 6.64279
      vertex 52.5666 -52.9799 6.64279
    endloop
  endfacet
  facet normal 0.884676 0.26836 0.381225
    outer loop
      vertex 52.8682 -51.2676 6.28057
      vertex 52.8299 -51.6559 6.64279
      vertex 52.9771 -51.6266 6.28057
    endloop
  endfacet
  facet normal 0.884797 0.268193 0.381059
    outer loop
      vertex 52.8682 -51.2676 6.28057
      vertex 52.7296 -51.325 6.64279
      vertex 52.8299 -51.6559 6.64279
    endloop
  endfacet
  facet normal 0.586575 -0.714637 0.381082
    outer loop
      vertex 52.3472 -53.2472 6.64279
      vertex 52.0799 -53.4666 6.64279
      vertex 52.1633 -53.5913 6.28057
    endloop
  endfacet
  facet normal 0.528336 -0.643684 0.553654
    outer loop
      vertex 52.1932 -53.0932 6.96879
      vertex 52.0799 -53.4666 6.64279
      vertex 52.3472 -53.2472 6.64279
    endloop
  endfacet
  facet normal 0.622314 -0.758282 0.194253
    outer loop
      vertex 52.4144 -53.4571 6
      vertex 52.4533 -53.3533 6.28057
      vertex 52.1633 -53.5913 6.28057
    endloop
  endfacet
  facet normal 0.622058 -0.758465 0.194357
    outer loop
      vertex 52.4533 -53.3533 6.28057
      vertex 52.4144 -53.4571 6
      vertex 52.4928 -53.3928 6
    endloop
  endfacet
  facet normal 0.758493 -0.621951 0.194592
    outer loop
      vertex 52.4533 -53.3533 6.28057
      vertex 52.65 -53.2012 6
      vertex 52.7549 -53.1058 5.89603
    endloop
  endfacet
  facet normal 0.758351 -0.622196 0.19436
    outer loop
      vertex 52.65 -53.2012 6
      vertex 52.4533 -53.3533 6.28057
      vertex 52.4928 -53.3928 6
    endloop
  endfacet
  facet normal 0.758444 -0.622055 0.194448
    outer loop
      vertex 52.7549 -53.1058 5.89603
      vertex 52.65 -53.2012 6
      vertex 52.65 -53.2337 5.89603
    endloop
  endfacet
  facet normal 0.938755 -0.284593 0.19428
    outer loop
      vertex 53.0521 -52.3883 5.89603
      vertex 52.8682 -52.7324 6.28057
      vertex 52.9389 -52.7617 5.89603
    endloop
  endfacet
  facet normal 0.865038 -0.46256 0.194287
    outer loop
      vertex 52.8682 -52.7324 6.28057
      vertex 52.7549 -53.1058 5.89603
      vertex 52.9389 -52.7617 5.89603
    endloop
  endfacet
  facet normal 0.976223 -0.0962898 0.194209
    outer loop
      vertex 53.0904 -52 5.89603
      vertex 53.0139 -52 6.28057
      vertex 53.0521 -52.3883 5.89603
    endloop
  endfacet
  facet normal 0.976223 0.0962898 0.194209
    outer loop
      vertex 53.0521 -51.6117 5.89603
      vertex 53.0139 -52 6.28057
      vertex 53.0904 -52 5.89603
    endloop
  endfacet
  facet normal 0.976223 0.0962898 -0.194209
    outer loop
      vertex 53.0904 -52 5.50397
      vertex 53.0139 -52 5.11943
      vertex 53.0521 -51.6117 5.50397
    endloop
  endfacet
  facet normal 0.995171 0.0981587 0
    outer loop
      vertex 53.0904 -52 5.89603
      vertex 53.0521 -51.6117 5.50397
      vertex 53.0521 -51.6117 5.89603
    endloop
  endfacet
  facet normal 0.995171 0.0981587 0
    outer loop
      vertex 53.0521 -51.6117 5.50397
      vertex 53.0904 -52 5.89603
      vertex 53.0904 -52 5.50397
    endloop
  endfacet
  facet normal 0.382394 -0.0376364 0.923232
    outer loop
      vertex 52.0428 -52 7.46384
      vertex 51.6694 -52.1133 7.61388
      vertex 52.0247 -52.1839 7.46384
    endloop
  endfacet
  facet normal 0.367691 -0.111617 0.923225
    outer loop
      vertex 52.0247 -52.1839 7.46384
      vertex 51.6694 -52.1133 7.61388
      vertex 51.971 -52.3608 7.46384
    endloop
  endfacet
  facet normal 0.705433 -0.0695457 0.705357
    outer loop
      vertex 52.3688 -52 7.24602
      vertex 52.3444 -52.2475 7.24602
      vertex 52.646 -52 6.96879
    endloop
  endfacet
  facet normal 0.705433 0.0695457 0.705357
    outer loop
      vertex 52.646 -52 6.96879
      vertex 52.3444 -51.7525 7.24602
      vertex 52.3688 -52 7.24602
    endloop
  endfacet
  facet normal 0.187535 0.057076 0.980598
    outer loop
      vertex 51.6694 -51.8867 7.61388
      vertex 51.2811 -51.925 7.69037
      vertex 51.2923 -51.9618 7.69037
    endloop
  endfacet
  facet normal 0.195137 0.0189007 0.980594
    outer loop
      vertex 51.6694 -51.8867 7.61388
      vertex 51.2923 -51.9618 7.69037
      vertex 51.296 -52 7.69037
    endloop
  endfacet
  facet normal -0.172782 0.0925066 0.980606
    outer loop
      vertex 50.6173 -51.6775 7.61388
      vertex 50.5636 -51.7778 7.61388
      vertex 50.9189 -51.925 7.69037
    endloop
  endfacet
  facet normal -0.111433 0.36773 0.923232
    outer loop
      vertex 50.9161 -51.0753 7.46384
      vertex 50.8778 -51.4636 7.61388
      vertex 50.9867 -51.4306 7.61388
    endloop
  endfacet
  facet normal -0.0568432 0.187583 0.980603
    outer loop
      vertex 50.9867 -51.4306 7.61388
      vertex 50.8778 -51.4636 7.61388
      vertex 51.0618 -51.8077 7.69037
    endloop
  endfacet
  facet normal -0.181344 0.338711 0.923249
    outer loop
      vertex 50.8778 -51.4636 7.61388
      vertex 50.5762 -51.2161 7.46384
      vertex 50.7775 -51.5173 7.61388
    endloop
  endfacet
  facet normal -0.262708 0.491635 0.830228
    outer loop
      vertex 50.6145 -50.8278 7.24602
      vertex 50.5762 -51.2161 7.46384
      vertex 50.7392 -51.129 7.46384
    endloop
  endfacet
  facet normal 0.367691 0.111617 0.923225
    outer loop
      vertex 51.971 -51.6392 7.46384
      vertex 51.6694 -51.8867 7.61388
      vertex 52.0247 -51.8161 7.46384
    endloop
  endfacet
  facet normal 0.533426 0.161927 0.830203
    outer loop
      vertex 52.3444 -51.7525 7.24602
      vertex 51.971 -51.6392 7.46384
      vertex 52.0247 -51.8161 7.46384
    endloop
  endfacet
  facet normal -0.0546918 0.554763 0.830209
    outer loop
      vertex 51.1 -50.7312 7.24602
      vertex 50.8525 -50.7556 7.24602
      vertex 50.9161 -51.0753 7.46384
    endloop
  endfacet
  facet normal 0.0816087 0.828727 0.553671
    outer loop
      vertex 51.1 -50.2362 6.64279
      vertex 51.1 -50.454 6.96879
      vertex 51.4016 -50.4837 6.96879
    endloop
  endfacet
  facet normal 0.0545983 0.554731 0.830237
    outer loop
      vertex 51.1 -50.7312 7.24602
      vertex 51.1 -51.0572 7.46384
      vertex 51.2839 -51.0753 7.46384
    endloop
  endfacet
  facet normal -0.0545983 0.554731 0.830237
    outer loop
      vertex 51.1 -50.7312 7.24602
      vertex 50.9161 -51.0753 7.46384
      vertex 51.1 -51.0572 7.46384
    endloop
  endfacet
  facet normal 0.0568432 0.187583 0.980603
    outer loop
      vertex 51.2133 -51.4306 7.61388
      vertex 51.1382 -51.8077 7.69037
      vertex 51.3222 -51.4636 7.61388
    endloop
  endfacet
  facet normal -0.195137 -0.0189007 0.980594
    outer loop
      vertex 50.904 -52 7.69037
      vertex 50.5306 -52.1133 7.61388
      vertex 50.9077 -52.0382 7.69037
    endloop
  endfacet
  facet normal 0.0546918 0.554763 0.830209
    outer loop
      vertex 51.3475 -50.7556 7.24602
      vertex 51.1 -50.7312 7.24602
      vertex 51.2839 -51.0753 7.46384
    endloop
  endfacet
  facet normal 0.161828 0.533449 0.830207
    outer loop
      vertex 51.3475 -50.7556 7.24602
      vertex 51.2839 -51.0753 7.46384
      vertex 51.5855 -50.8278 7.24602
    endloop
  endfacet
  facet normal 0.547922 0.449703 0.705372
    outer loop
      vertex 52.1932 -50.9068 6.96879
      vertex 52.155 -51.2951 7.24602
      vertex 52.3855 -51.1411 6.96879
    endloop
  endfacet
  facet normal 0.547986 0.449674 0.70534
    outer loop
      vertex 52.1932 -50.9068 6.96879
      vertex 51.9972 -51.1028 7.24602
      vertex 52.155 -51.2951 7.24602
    endloop
  endfacet
  facet normal 0.71466 0.586514 0.381134
    outer loop
      vertex 52.4533 -50.6467 6.28057
      vertex 52.3472 -50.7528 6.64279
      vertex 52.6913 -50.9367 6.28057
    endloop
  endfacet
  facet normal 0.586514 0.71466 0.381134
    outer loop
      vertex 52.4533 -50.6467 6.28057
      vertex 52.1633 -50.4087 6.28057
      vertex 52.3472 -50.7528 6.64279
    endloop
  endfacet
  facet normal -0.367691 -0.111617 0.923225
    outer loop
      vertex 50.5306 -52.1133 7.61388
      vertex 50.1753 -52.1839 7.46384
      vertex 50.229 -52.3608 7.46384
    endloop
  endfacet
  facet normal -0.533426 -0.161927 0.830203
    outer loop
      vertex 50.1753 -52.1839 7.46384
      vertex 49.8556 -52.2475 7.24602
      vertex 50.229 -52.3608 7.46384
    endloop
  endfacet
  facet normal -0.382436 0.0378048 0.923208
    outer loop
      vertex 50.5306 -51.8867 7.61388
      vertex 50.1572 -52 7.46384
      vertex 50.5194 -52 7.61388
    endloop
  endfacet
  facet normal -0.382436 -0.0378048 0.923208
    outer loop
      vertex 50.5194 -52 7.61388
      vertex 50.1572 -52 7.46384
      vertex 50.5306 -52.1133 7.61388
    endloop
  endfacet
  facet normal -0.151471 -0.124441 0.980597
    outer loop
      vertex 50.937 -52.1089 7.69037
      vertex 50.6173 -52.3225 7.61388
      vertex 50.9614 -52.1386 7.69037
    endloop
  endfacet
  facet normal -0.124334 0.151543 0.9806
    outer loop
      vertex 50.7775 -51.5173 7.61388
      vertex 50.6895 -51.5895 7.61388
      vertex 50.9911 -51.837 7.69037
    endloop
  endfacet
  facet normal -0.187561 0.0568366 0.980607
    outer loop
      vertex 50.5636 -51.7778 7.61388
      vertex 50.5306 -51.8867 7.61388
      vertex 50.9189 -51.925 7.69037
    endloop
  endfacet
  facet normal -0.33888 0.181083 0.923238
    outer loop
      vertex 50.3161 -51.4762 7.46384
      vertex 50.229 -51.6392 7.46384
      vertex 50.6173 -51.6775 7.61388
    endloop
  endfacet
  facet normal -0.920042 -0.0903732 0.381255
    outer loop
      vertex 49.3362 -52 6.64279
      vertex 49.1861 -52 6.28057
      vertex 49.37 -52.3441 6.64279
    endloop
  endfacet
  facet normal -0.70539 -0.0695415 0.705399
    outer loop
      vertex 49.8312 -52 7.24602
      vertex 49.5837 -52.3016 6.96879
      vertex 49.8556 -52.2475 7.24602
    endloop
  endfacet
  facet normal -0.734494 0.39239 0.553669
    outer loop
      vertex 49.8145 -51.1411 6.96879
      vertex 49.6334 -51.0201 6.64279
      vertex 49.6717 -51.4084 6.96879
    endloop
  endfacet
  facet normal -0.828727 0.0816087 0.553671
    outer loop
      vertex 49.5837 -51.6984 6.96879
      vertex 49.3362 -52 6.64279
      vertex 49.554 -52 6.96879
    endloop
  endfacet
  facet normal 0.0570563 0.187471 0.980612
    outer loop
      vertex 51.3222 -51.4636 7.61388
      vertex 51.1382 -51.8077 7.69037
      vertex 51.175 -51.8189 7.69037
    endloop
  endfacet
  facet normal 0.491601 0.26269 0.830255
    outer loop
      vertex 52.155 -51.2951 7.24602
      vertex 51.8839 -51.4762 7.46384
      vertex 51.971 -51.6392 7.46384
    endloop
  endfacet
  facet normal -0.0906723 -0.920028 0.381218
    outer loop
      vertex 50.7559 -53.7299 6.64279
      vertex 50.7266 -53.8771 6.28057
      vertex 51.1 -53.9139 6.28057
    endloop
  endfacet
  facet normal -0.241562 -0.796938 0.553658
    outer loop
      vertex 50.7984 -53.5163 6.96879
      vertex 50.425 -53.6296 6.64279
      vertex 50.7559 -53.7299 6.64279
    endloop
  endfacet
  facet normal -0.0906384 -0.92002 0.381246
    outer loop
      vertex 51.1 -53.7638 6.64279
      vertex 50.7559 -53.7299 6.64279
      vertex 51.1 -53.9139 6.28057
    endloop
  endfacet
  facet normal 0.0906384 -0.92002 0.381246
    outer loop
      vertex 51.1 -53.7638 6.64279
      vertex 51.1 -53.9139 6.28057
      vertex 51.4441 -53.7299 6.64279
    endloop
  endfacet
  facet normal -0.0377977 -0.382365 0.923238
    outer loop
      vertex 50.9867 -52.5694 7.61388
      vertex 50.9161 -52.9247 7.46384
      vertex 51.1 -52.5806 7.61388
    endloop
  endfacet
  facet normal 0.0545983 -0.554731 0.830237
    outer loop
      vertex 51.1 -52.9428 7.46384
      vertex 51.1 -53.2688 7.24602
      vertex 51.2839 -52.9247 7.46384
    endloop
  endfacet
  facet normal 0.161828 -0.533449 0.830207
    outer loop
      vertex 51.5855 -53.1722 7.24602
      vertex 51.2839 -52.9247 7.46384
      vertex 51.3475 -53.2444 7.24602
    endloop
  endfacet
  facet normal -0.0570563 -0.187471 0.980612
    outer loop
      vertex 51.025 -52.1811 7.69037
      vertex 50.8778 -52.5364 7.61388
      vertex 51.0618 -52.1923 7.69037
    endloop
  endfacet
  facet normal -0.734494 -0.39239 0.553669
    outer loop
      vertex 49.6717 -52.5916 6.96879
      vertex 49.6334 -52.9799 6.64279
      vertex 49.8145 -52.8589 6.96879
    endloop
  endfacet
  facet normal -0.625204 -0.334004 0.70538
    outer loop
      vertex 49.9278 -52.4855 7.24602
      vertex 49.6717 -52.5916 6.96879
      vertex 49.8145 -52.8589 6.96879
    endloop
  endfacet
  facet normal 0.491601 -0.26269 0.830255
    outer loop
      vertex 51.971 -52.3608 7.46384
      vertex 51.8839 -52.5238 7.46384
      vertex 52.155 -52.7049 7.24602
    endloop
  endfacet
  facet normal 0.430968 -0.353461 0.83026
    outer loop
      vertex 51.8839 -52.5238 7.46384
      vertex 51.7667 -52.6667 7.46384
      vertex 52.155 -52.7049 7.24602
    endloop
  endfacet
  facet normal 0.35351 -0.431028 0.830208
    outer loop
      vertex 51.7667 -52.6667 7.46384
      vertex 51.6238 -52.7839 7.46384
      vertex 51.9972 -52.8972 7.24602
    endloop
  endfacet
  facet normal 0.297072 -0.243645 0.923247
    outer loop
      vertex 51.8839 -52.5238 7.46384
      vertex 51.5827 -52.3225 7.61388
      vertex 51.7667 -52.6667 7.46384
    endloop
  endfacet
  facet normal 0.243633 -0.297058 0.923255
    outer loop
      vertex 51.7667 -52.6667 7.46384
      vertex 51.5105 -52.4105 7.61388
      vertex 51.6238 -52.7839 7.46384
    endloop
  endfacet
  facet normal 0.338831 -0.181408 0.923193
    outer loop
      vertex 51.6364 -52.2222 7.61388
      vertex 51.5827 -52.3225 7.61388
      vertex 51.971 -52.3608 7.46384
    endloop
  endfacet
  facet normal 0.111433 -0.36773 0.923232
    outer loop
      vertex 51.3222 -52.5364 7.61388
      vertex 51.2133 -52.5694 7.61388
      vertex 51.2839 -52.9247 7.46384
    endloop
  endfacet
  facet normal 0.0568432 -0.187583 0.980603
    outer loop
      vertex 51.3222 -52.5364 7.61388
      vertex 51.1382 -52.1923 7.69037
      vertex 51.2133 -52.5694 7.61388
    endloop
  endfacet
  facet normal 0.367808 -0.111457 0.923198
    outer loop
      vertex 51.6694 -52.1133 7.61388
      vertex 51.6364 -52.2222 7.61388
      vertex 51.971 -52.3608 7.46384
    endloop
  endfacet
  facet normal 0.205766 -0.678286 0.7054
    outer loop
      vertex 51.5855 -53.1722 7.24602
      vertex 51.3475 -53.2444 7.24602
      vertex 51.4016 -53.5163 6.96879
    endloop
  endfacet
  facet normal 0.35358 -0.430883 0.830253
    outer loop
      vertex 51.9972 -52.8972 7.24602
      vertex 51.6238 -52.7839 7.46384
      vertex 51.8049 -53.055 7.24602
    endloop
  endfacet
  facet normal -0.449703 -0.547922 0.705372
    outer loop
      vertex 50.3951 -53.055 7.24602
      vertex 50.0068 -53.0932 6.96879
      vertex 50.2411 -53.2855 6.96879
    endloop
  endfacet
  facet normal -0.435887 -0.81535 0.38106
    outer loop
      vertex 50.425 -53.6296 6.64279
      vertex 50.1201 -53.4666 6.64279
      vertex 50.3676 -53.7682 6.28057
    endloop
  endfacet
  facet normal -0.297072 -0.243645 0.923247
    outer loop
      vertex 50.6173 -52.3225 7.61388
      vertex 50.3161 -52.5238 7.46384
      vertex 50.4333 -52.6667 7.46384
    endloop
  endfacet
  facet normal -0.643674 -0.528328 0.553672
    outer loop
      vertex 49.8145 -52.8589 6.96879
      vertex 49.6334 -52.9799 6.64279
      vertex 49.8528 -53.2472 6.64279
    endloop
  endfacet
  facet normal -0.284665 -0.938775 0.194083
    outer loop
      vertex 50.7266 -53.8771 6.28057
      vertex 50.4433 -53.8492 6
      vertex 50.7157 -53.9318 6
    endloop
  endfacet
  facet normal -0.284263 -0.938842 0.194345
    outer loop
      vertex 50.4433 -53.8492 6
      vertex 50.3676 -53.7682 6.28057
      vertex 50.3462 -53.8198 6
    endloop
  endfacet
  facet normal -0.284756 -0.938727 0.194179
    outer loop
      vertex 50.3676 -53.7682 6.28057
      vertex 50.4433 -53.8492 6
      vertex 50.7266 -53.8771 6.28057
    endloop
  endfacet
  facet normal -0.71466 -0.586514 0.381134
    outer loop
      vertex 49.8528 -53.2472 6.64279
      vertex 49.5087 -53.0633 6.28057
      vertex 49.7467 -53.3533 6.28057
    endloop
  endfacet
  facet normal -0.705437 -0.0694677 0.70536
    outer loop
      vertex 49.8312 -52 7.24602
      vertex 49.554 -52 6.96879
      vertex 49.5837 -52.3016 6.96879
    endloop
  endfacet
  facet normal -0.828727 -0.0816087 0.553671
    outer loop
      vertex 49.554 -52 6.96879
      vertex 49.3362 -52 6.64279
      vertex 49.5837 -52.3016 6.96879
    endloop
  endfacet
  facet normal 0.865099 -0.462484 -0.194195
    outer loop
      vertex 52.7549 -53.1058 5.50397
      vertex 52.6913 -53.0633 5.11943
      vertex 52.8682 -52.7324 5.11943
    endloop
  endfacet
  facet normal 0.715095 -0.585981 -0.381137
    outer loop
      vertex 52.6913 -53.0633 5.11943
      vertex 52.65 -53.1137 5.11943
      vertex 52.65 -53.0854 5.07592
    endloop
  endfacet
  facet normal 0.881842 -0.471546 0
    outer loop
      vertex 52.7549 -53.1058 5.89603
      vertex 52.9389 -52.7617 5.50397
      vertex 52.9389 -52.7617 5.89603
    endloop
  endfacet
  facet normal 0.881842 -0.471546 0
    outer loop
      vertex 52.9389 -52.7617 5.50397
      vertex 52.7549 -53.1058 5.89603
      vertex 52.7549 -53.1058 5.50397
    endloop
  endfacet
  facet normal 0.715095 0.585981 -0.381137
    outer loop
      vertex 52.6913 -50.9367 5.11943
      vertex 52.65 -50.9146 5.07592
      vertex 52.65 -50.8863 5.11943
    endloop
  endfacet
  facet normal 0.75838 0.622211 -0.194198
    outer loop
      vertex 52.6913 -50.9367 5.11943
      vertex 52.65 -50.8081 5.37018
      vertex 52.7549 -50.8942 5.50397
    endloop
  endfacet
  facet normal 0.758797 0.621792 -0.193915
    outer loop
      vertex 52.65 -50.8081 5.37018
      vertex 52.6913 -50.9367 5.11943
      vertex 52.65 -50.8863 5.11943
    endloop
  endfacet
  facet normal 0.815377 0.435835 -0.381062
    outer loop
      vertex 52.7296 -51.325 4.75721
      vertex 52.65 -51.0885 4.85738
      vertex 52.8682 -51.2676 5.11943
    endloop
  endfacet
  facet normal 0.815317 0.435858 -0.381164
    outer loop
      vertex 52.65 -51.0885 4.85738
      vertex 52.7296 -51.325 4.75721
      vertex 52.65 -51.1761 4.75721
    endloop
  endfacet
  facet normal 0.884797 0.268193 -0.381059
    outer loop
      vertex 52.8299 -51.6559 4.75721
      vertex 52.7296 -51.325 4.75721
      vertex 52.8682 -51.2676 5.11943
    endloop
  endfacet
  facet normal -0.0906723 0.920028 0.381218
    outer loop
      vertex 51.1 -50.0861 6.28057
      vertex 50.7266 -50.1229 6.28057
      vertex 50.7559 -50.2701 6.64279
    endloop
  endfacet
  facet normal -0.241773 0.796752 0.553834
    outer loop
      vertex 50.7984 -50.4837 6.96879
      vertex 50.425 -50.3704 6.64279
      vertex 50.5084 -50.5717 6.96879
    endloop
  endfacet
  facet normal 0.0694677 0.705437 0.70536
    outer loop
      vertex 51.1 -50.454 6.96879
      vertex 51.1 -50.7312 7.24602
      vertex 51.4016 -50.4837 6.96879
    endloop
  endfacet
  facet normal 0.0906384 0.92002 0.381246
    outer loop
      vertex 51.1 -50.0861 6.28057
      vertex 51.1 -50.2362 6.64279
      vertex 51.4441 -50.2701 6.64279
    endloop
  endfacet
  facet normal 0.828775 0.081614 -0.553599
    outer loop
      vertex 52.8299 -51.6559 4.75721
      vertex 52.65 -51.9926 4.43825
      vertex 52.65 -51.6917 4.48261
    endloop
  endfacet
  facet normal 0.796951 0.241628 -0.553611
    outer loop
      vertex 52.8299 -51.6559 4.75721
      vertex 52.65 -51.6917 4.48261
      vertex 52.65 -51.5082 4.5627
    endloop
  endfacet
  facet normal -0.734284 -0.392549 0.553834
    outer loop
      vertex 49.6717 -52.5916 6.96879
      vertex 49.4704 -52.675 6.64279
      vertex 49.6334 -52.9799 6.64279
    endloop
  endfacet
  facet normal -0.920117 0.0906811 0.381001
    outer loop
      vertex 49.2229 -51.6266 6.28057
      vertex 49.1861 -52 6.28057
      vertex 49.37 -51.6559 6.64279
    endloop
  endfacet
  facet normal -0.333987 0.625228 0.705367
    outer loop
      vertex 50.6145 -50.8278 7.24602
      vertex 50.2411 -50.7145 6.96879
      vertex 50.3951 -50.945 7.24602
    endloop
  endfacet
  facet normal -0.334004 0.625204 0.70538
    outer loop
      vertex 50.5084 -50.5717 6.96879
      vertex 50.2411 -50.7145 6.96879
      vertex 50.6145 -50.8278 7.24602
    endloop
  endfacet
  facet normal -0.268173 0.884729 0.381231
    outer loop
      vertex 50.7266 -50.1229 6.28057
      vertex 50.425 -50.3704 6.64279
      vertex 50.7559 -50.2701 6.64279
    endloop
  endfacet
  facet normal -0.241562 0.796938 0.553658
    outer loop
      vertex 50.7559 -50.2701 6.64279
      vertex 50.425 -50.3704 6.64279
      vertex 50.7984 -50.4837 6.96879
    endloop
  endfacet
  facet normal -0.938842 0.284263 0.194345
    outer loop
      vertex 49.2508 -51.3433 6
      vertex 49.3318 -51.2676 6.28057
      vertex 49.2802 -51.2462 6
    endloop
  endfacet
  facet normal -0.938727 0.284756 0.194179
    outer loop
      vertex 49.3318 -51.2676 6.28057
      vertex 49.2508 -51.3433 6
      vertex 49.2229 -51.6266 6.28057
    endloop
  endfacet
  facet normal -0.865048 0.462508 0.194369
    outer loop
      vertex 49.4144 -50.9952 6
      vertex 49.2802 -51.2462 6
      vertex 49.3318 -51.2676 6.28057
    endloop
  endfacet
  facet normal 0.796872 0.241809 0.553646
    outer loop
      vertex 52.8299 -51.6559 6.64279
      vertex 52.5283 -51.4084 6.96879
      vertex 52.6163 -51.6984 6.96879
    endloop
  endfacet
  facet normal 0.678272 0.205821 0.705397
    outer loop
      vertex 52.5283 -51.4084 6.96879
      vertex 52.3444 -51.7525 7.24602
      vertex 52.6163 -51.6984 6.96879
    endloop
  endfacet
  facet normal 0.71466 -0.586514 0.381134
    outer loop
      vertex 52.6913 -53.0633 6.28057
      vertex 52.3472 -53.2472 6.64279
      vertex 52.4533 -53.3533 6.28057
    endloop
  endfacet
  facet normal 0.758291 -0.622321 0.194195
    outer loop
      vertex 52.6913 -53.0633 6.28057
      vertex 52.4533 -53.3533 6.28057
      vertex 52.7549 -53.1058 5.89603
    endloop
  endfacet
  facet normal 0.976246 -0.0962127 0.194133
    outer loop
      vertex 53.0139 -52 6.28057
      vertex 52.9771 -52.3734 6.28057
      vertex 53.0521 -52.3883 5.89603
    endloop
  endfacet
  facet normal 0.920028 -0.0906723 0.381218
    outer loop
      vertex 53.0139 -52 6.28057
      vertex 52.8299 -52.3441 6.64279
      vertex 52.9771 -52.3734 6.28057
    endloop
  endfacet
  facet normal 0.382436 0.0378048 0.923208
    outer loop
      vertex 52.0428 -52 7.46384
      vertex 51.6694 -51.8867 7.61388
      vertex 51.6806 -52 7.61388
    endloop
  endfacet
  facet normal 0.195025 0.0192788 0.980609
    outer loop
      vertex 51.6694 -51.8867 7.61388
      vertex 51.296 -52 7.69037
      vertex 51.6806 -52 7.61388
    endloop
  endfacet
  facet normal -0.491601 -0.26269 0.830255
    outer loop
      vertex 50.229 -52.3608 7.46384
      vertex 50.045 -52.7049 7.24602
      vertex 50.3161 -52.5238 7.46384
    endloop
  endfacet
  facet normal -0.172926 0.0923292 0.980598
    outer loop
      vertex 50.937 -51.8911 7.69037
      vertex 50.6173 -51.6775 7.61388
      vertex 50.9189 -51.925 7.69037
    endloop
  endfacet
  facet normal -0.151533 -0.124326 0.980602
    outer loop
      vertex 50.9614 -52.1386 7.69037
      vertex 50.6173 -52.3225 7.61388
      vertex 50.6895 -52.4105 7.61388
    endloop
  endfacet
  facet normal -0.195025 0.0192788 0.980609
    outer loop
      vertex 50.5306 -51.8867 7.61388
      vertex 50.5194 -52 7.61388
      vertex 50.904 -52 7.69037
    endloop
  endfacet
  facet normal -0.0192824 0.195063 0.980601
    outer loop
      vertex 51.1 -51.4194 7.61388
      vertex 50.9867 -51.4306 7.61388
      vertex 51.0618 -51.8077 7.69037
    endloop
  endfacet
  facet normal -0.0377977 0.382365 0.923238
    outer loop
      vertex 51.1 -51.4194 7.61388
      vertex 50.9161 -51.0753 7.46384
      vertex 50.9867 -51.4306 7.61388
    endloop
  endfacet
  facet normal 0.338831 0.181408 0.923193
    outer loop
      vertex 51.971 -51.6392 7.46384
      vertex 51.5827 -51.6775 7.61388
      vertex 51.6364 -51.7778 7.61388
    endloop
  endfacet
  facet normal 0.172782 0.0925066 0.980606
    outer loop
      vertex 51.5827 -51.6775 7.61388
      vertex 51.2811 -51.925 7.69037
      vertex 51.6364 -51.7778 7.61388
    endloop
  endfacet
  facet normal -0.181122 0.338954 0.923204
    outer loop
      vertex 50.7392 -51.129 7.46384
      vertex 50.5762 -51.2161 7.46384
      vertex 50.8778 -51.4636 7.61388
    endloop
  endfacet
  facet normal -0.111631 0.367739 0.923204
    outer loop
      vertex 50.9161 -51.0753 7.46384
      vertex 50.7392 -51.129 7.46384
      vertex 50.8778 -51.4636 7.61388
    endloop
  endfacet
  facet normal -0.205766 0.678286 0.7054
    outer loop
      vertex 50.7984 -50.4837 6.96879
      vertex 50.6145 -50.8278 7.24602
      vertex 50.8525 -50.7556 7.24602
    endloop
  endfacet
  facet normal -0.161828 0.533449 0.830207
    outer loop
      vertex 50.8525 -50.7556 7.24602
      vertex 50.6145 -50.8278 7.24602
      vertex 50.9161 -51.0753 7.46384
    endloop
  endfacet
  facet normal -0.124334 -0.151543 0.9806
    outer loop
      vertex 50.9911 -52.163 7.69037
      vertex 50.6895 -52.4105 7.61388
      vertex 50.7775 -52.4827 7.61388
    endloop
  endfacet
  facet normal -0.195137 0.0189007 0.980594
    outer loop
      vertex 50.9077 -51.9618 7.69037
      vertex 50.5306 -51.8867 7.61388
      vertex 50.904 -52 7.69037
    endloop
  endfacet
  facet normal 0.0695415 0.70539 0.705399
    outer loop
      vertex 51.4016 -50.4837 6.96879
      vertex 51.1 -50.7312 7.24602
      vertex 51.3475 -50.7556 7.24602
    endloop
  endfacet
  facet normal 0.205766 0.678286 0.7054
    outer loop
      vertex 51.4016 -50.4837 6.96879
      vertex 51.3475 -50.7556 7.24602
      vertex 51.5855 -50.8278 7.24602
    endloop
  endfacet
  facet normal 0.33888 0.181083 0.923238
    outer loop
      vertex 51.8839 -51.4762 7.46384
      vertex 51.5827 -51.6775 7.61388
      vertex 51.971 -51.6392 7.46384
    endloop
  endfacet
  facet normal 0.35351 0.431028 0.830208
    outer loop
      vertex 51.9972 -51.1028 7.24602
      vertex 51.6238 -51.2161 7.46384
      vertex 51.7667 -51.3333 7.46384
    endloop
  endfacet
  facet normal 0.449703 0.547922 0.705372
    outer loop
      vertex 51.9589 -50.7145 6.96879
      vertex 51.8049 -50.945 7.24602
      vertex 52.1932 -50.9068 6.96879
    endloop
  endfacet
  facet normal 0.333987 0.625228 0.705367
    outer loop
      vertex 51.9589 -50.7145 6.96879
      vertex 51.5855 -50.8278 7.24602
      vertex 51.8049 -50.945 7.24602
    endloop
  endfacet
  facet normal 0.491666 0.26264 0.830232
    outer loop
      vertex 52.155 -51.2951 7.24602
      vertex 51.971 -51.6392 7.46384
      vertex 52.2722 -51.5145 7.24602
    endloop
  endfacet
  facet normal 0.625228 0.333987 0.705367
    outer loop
      vertex 52.3855 -51.1411 6.96879
      vertex 52.155 -51.2951 7.24602
      vertex 52.2722 -51.5145 7.24602
    endloop
  endfacet
  facet normal 0.734494 0.39239 0.553669
    outer loop
      vertex 52.5666 -51.0201 6.64279
      vertex 52.3855 -51.1411 6.96879
      vertex 52.5283 -51.4084 6.96879
    endloop
  endfacet
  facet normal 0.734284 0.392549 0.553834
    outer loop
      vertex 52.5666 -51.0201 6.64279
      vertex 52.5283 -51.4084 6.96879
      vertex 52.7296 -51.325 6.64279
    endloop
  endfacet
  facet normal -0.29701 -0.243683 0.923257
    outer loop
      vertex 50.6173 -52.3225 7.61388
      vertex 50.4333 -52.6667 7.46384
      vertex 50.6895 -52.4105 7.61388
    endloop
  endfacet
  facet normal -0.528336 -0.643684 0.553654
    outer loop
      vertex 50.0068 -53.0932 6.96879
      vertex 49.8528 -53.2472 6.64279
      vertex 50.1201 -53.4666 6.64279
    endloop
  endfacet
  facet normal -0.338831 -0.181408 0.923193
    outer loop
      vertex 50.5636 -52.2222 7.61388
      vertex 50.229 -52.3608 7.46384
      vertex 50.6173 -52.3225 7.61388
    endloop
  endfacet
  facet normal 0.01889 0.195027 0.980616
    outer loop
      vertex 51.1 -51.4194 7.61388
      vertex 51.1 -51.804 7.69037
      vertex 51.1382 -51.8077 7.69037
    endloop
  endfacet
  facet normal -0.353461 -0.430968 0.83026
    outer loop
      vertex 50.4333 -52.6667 7.46384
      vertex 50.3951 -53.055 7.24602
      vertex 50.5762 -52.7839 7.46384
    endloop
  endfacet
  facet normal -0.243702 0.297033 0.923245
    outer loop
      vertex 50.7775 -51.5173 7.61388
      vertex 50.5762 -51.2161 7.46384
      vertex 50.6895 -51.5895 7.61388
    endloop
  endfacet
  facet normal -0.353461 0.430968 0.83026
    outer loop
      vertex 50.5762 -51.2161 7.46384
      vertex 50.3951 -50.945 7.24602
      vertex 50.4333 -51.3333 7.46384
    endloop
  endfacet
  facet normal -0.533426 0.161927 0.830203
    outer loop
      vertex 50.229 -51.6392 7.46384
      vertex 49.8556 -51.7525 7.24602
      vertex 50.1753 -51.8161 7.46384
    endloop
  endfacet
  facet normal -0.554778 0.0546029 0.830205
    outer loop
      vertex 50.1753 -51.8161 7.46384
      vertex 49.8556 -51.7525 7.24602
      vertex 50.1572 -52 7.46384
    endloop
  endfacet
  facet normal -0.338831 0.181408 0.923193
    outer loop
      vertex 50.6173 -51.6775 7.61388
      vertex 50.229 -51.6392 7.46384
      vertex 50.5636 -51.7778 7.61388
    endloop
  endfacet
  facet normal -0.367808 0.111457 0.923198
    outer loop
      vertex 50.5636 -51.7778 7.61388
      vertex 50.229 -51.6392 7.46384
      vertex 50.5306 -51.8867 7.61388
    endloop
  endfacet
  facet normal -0.70539 0.0695415 0.705399
    outer loop
      vertex 49.8556 -51.7525 7.24602
      vertex 49.5837 -51.6984 6.96879
      vertex 49.8312 -52 7.24602
    endloop
  endfacet
  facet normal -0.53341 0.161816 0.830234
    outer loop
      vertex 49.9278 -51.5145 7.24602
      vertex 49.8556 -51.7525 7.24602
      vertex 50.229 -51.6392 7.46384
    endloop
  endfacet
  facet normal -0.625204 0.334004 0.70538
    outer loop
      vertex 49.8145 -51.1411 6.96879
      vertex 49.6717 -51.4084 6.96879
      vertex 49.9278 -51.5145 7.24602
    endloop
  endfacet
  facet normal -0.79676 0.241749 0.553833
    outer loop
      vertex 49.4704 -51.325 6.64279
      vertex 49.37 -51.6559 6.64279
      vertex 49.6717 -51.4084 6.96879
    endloop
  endfacet
  facet normal -0.528336 0.643684 0.553654
    outer loop
      vertex 50.1201 -50.5334 6.64279
      vertex 49.8528 -50.7528 6.64279
      vertex 50.0068 -50.9068 6.96879
    endloop
  endfacet
  facet normal -0.243633 0.297058 0.923255
    outer loop
      vertex 50.5762 -51.2161 7.46384
      vertex 50.4333 -51.3333 7.46384
      vertex 50.6895 -51.5895 7.61388
    endloop
  endfacet
  facet normal 0.0570563 -0.187471 0.980612
    outer loop
      vertex 51.175 -52.1811 7.69037
      vertex 51.1382 -52.1923 7.69037
      vertex 51.3222 -52.5364 7.61388
    endloop
  endfacet
  facet normal 0.092299 0.172869 0.980611
    outer loop
      vertex 51.3222 -51.4636 7.61388
      vertex 51.175 -51.8189 7.69037
      vertex 51.2089 -51.837 7.69037
    endloop
  endfacet
  facet normal -0.430968 -0.353461 0.83026
    outer loop
      vertex 50.3161 -52.5238 7.46384
      vertex 50.045 -52.7049 7.24602
      vertex 50.4333 -52.6667 7.46384
    endloop
  endfacet
  facet normal -0.0568432 -0.187583 0.980603
    outer loop
      vertex 51.0618 -52.1923 7.69037
      vertex 50.8778 -52.5364 7.61388
      vertex 50.9867 -52.5694 7.61388
    endloop
  endfacet
  facet normal -0.0816087 -0.828727 0.553671
    outer loop
      vertex 51.1 -53.546 6.96879
      vertex 50.7984 -53.5163 6.96879
      vertex 51.1 -53.7638 6.64279
    endloop
  endfacet
  facet normal 0.0694677 -0.705437 0.70536
    outer loop
      vertex 51.1 -53.2688 7.24602
      vertex 51.1 -53.546 6.96879
      vertex 51.4016 -53.5163 6.96879
    endloop
  endfacet
  facet normal 0.81535 -0.435887 0.38106
    outer loop
      vertex 52.7296 -52.675 6.64279
      vertex 52.5666 -52.9799 6.64279
      vertex 52.8682 -52.7324 6.28057
    endloop
  endfacet
  facet normal 0.884797 -0.268193 0.381059
    outer loop
      vertex 52.8299 -52.3441 6.64279
      vertex 52.7296 -52.675 6.64279
      vertex 52.8682 -52.7324 6.28057
    endloop
  endfacet
  facet normal 0.734494 -0.39239 0.553669
    outer loop
      vertex 52.5283 -52.5916 6.96879
      vertex 52.3855 -52.8589 6.96879
      vertex 52.5666 -52.9799 6.64279
    endloop
  endfacet
  facet normal 0.53341 -0.161816 0.830234
    outer loop
      vertex 52.3444 -52.2475 7.24602
      vertex 51.971 -52.3608 7.46384
      vertex 52.2722 -52.4855 7.24602
    endloop
  endfacet
  facet normal 0.625228 -0.333987 0.705367
    outer loop
      vertex 52.2722 -52.4855 7.24602
      vertex 52.155 -52.7049 7.24602
      vertex 52.3855 -52.8589 6.96879
    endloop
  endfacet
  facet normal 0.491666 -0.26264 0.830232
    outer loop
      vertex 52.2722 -52.4855 7.24602
      vertex 51.971 -52.3608 7.46384
      vertex 52.155 -52.7049 7.24602
    endloop
  endfacet
  facet normal -0.124418 0.151443 0.980605
    outer loop
      vertex 50.9911 -51.837 7.69037
      vertex 50.6895 -51.5895 7.61388
      vertex 50.9614 -51.8614 7.69037
    endloop
  endfacet
  facet normal 0.124334 -0.151543 0.9806
    outer loop
      vertex 51.5105 -52.4105 7.61388
      vertex 51.2089 -52.163 7.69037
      vertex 51.4225 -52.4827 7.61388
    endloop
  endfacet
  facet normal 0.124418 -0.151443 0.980605
    outer loop
      vertex 51.2386 -52.1386 7.69037
      vertex 51.2089 -52.163 7.69037
      vertex 51.5105 -52.4105 7.61388
    endloop
  endfacet
  facet normal 0.172926 0.0923292 0.980598
    outer loop
      vertex 51.5827 -51.6775 7.61388
      vertex 51.263 -51.8911 7.69037
      vertex 51.2811 -51.925 7.69037
    endloop
  endfacet
  facet normal 0.0192824 -0.195063 0.980601
    outer loop
      vertex 51.1382 -52.1923 7.69037
      vertex 51.1 -52.5806 7.61388
      vertex 51.2133 -52.5694 7.61388
    endloop
  endfacet
  facet normal 0.0377977 -0.382365 0.923238
    outer loop
      vertex 51.2133 -52.5694 7.61388
      vertex 51.1 -52.5806 7.61388
      vertex 51.2839 -52.9247 7.46384
    endloop
  endfacet
  facet normal 0.187561 -0.0568366 0.980607
    outer loop
      vertex 51.6694 -52.1133 7.61388
      vertex 51.2811 -52.075 7.69037
      vertex 51.6364 -52.2222 7.61388
    endloop
  endfacet
  facet normal -0.092299 -0.172869 0.980611
    outer loop
      vertex 50.9911 -52.163 7.69037
      vertex 50.8778 -52.5364 7.61388
      vertex 51.025 -52.1811 7.69037
    endloop
  endfacet
  facet normal 0.392598 -0.734375 0.55368
    outer loop
      vertex 51.9589 -53.2855 6.96879
      vertex 51.775 -53.6296 6.64279
      vertex 52.0799 -53.4666 6.64279
    endloop
  endfacet
  facet normal 0.528305 -0.643692 0.553673
    outer loop
      vertex 52.1932 -53.0932 6.96879
      vertex 51.9589 -53.2855 6.96879
      vertex 52.0799 -53.4666 6.64279
    endloop
  endfacet
  facet normal 0.0695415 -0.70539 0.705399
    outer loop
      vertex 51.3475 -53.2444 7.24602
      vertex 51.1 -53.2688 7.24602
      vertex 51.4016 -53.5163 6.96879
    endloop
  endfacet
  facet normal 0.334004 -0.625204 0.70538
    outer loop
      vertex 51.9589 -53.2855 6.96879
      vertex 51.5855 -53.1722 7.24602
      vertex 51.6916 -53.4283 6.96879
    endloop
  endfacet
  facet normal -0.758322 -0.622231 0.194361
    outer loop
      vertex 49.7467 -53.3533 6.28057
      vertex 49.5266 -53.1727 6
      vertex 49.7072 -53.3928 6
    endloop
  endfacet
  facet normal -0.622058 -0.758465 0.194357
    outer loop
      vertex 49.7856 -53.4571 6
      vertex 49.7467 -53.3533 6.28057
      vertex 49.7072 -53.3928 6
    endloop
  endfacet
  facet normal -0.622314 -0.758282 0.194253
    outer loop
      vertex 49.7467 -53.3533 6.28057
      vertex 49.7856 -53.4571 6
      vertex 50.0367 -53.5913 6.28057
    endloop
  endfacet
  facet normal -0.97619 0.0967483 0.194146
    outer loop
      vertex 49.1861 -52 6.28057
      vertex 49.1403 -51.8991 6
      vertex 49.1303 -52 6
    endloop
  endfacet
  facet normal -0.976278 0.0962159 0.193968
    outer loop
      vertex 49.1403 -51.8991 6
      vertex 49.1861 -52 6.28057
      vertex 49.2229 -51.6266 6.28057
    endloop
  endfacet
  facet normal -0.920117 -0.0906811 0.381001
    outer loop
      vertex 49.37 -52.3441 6.64279
      vertex 49.1861 -52 6.28057
      vertex 49.2229 -52.3734 6.28057
    endloop
  endfacet
  facet normal -0.0816457 0.82874 0.553646
    outer loop
      vertex 51.1 -50.2362 6.64279
      vertex 50.7559 -50.2701 6.64279
      vertex 50.7984 -50.4837 6.96879
    endloop
  endfacet
  facet normal -0.0906384 0.92002 0.381246
    outer loop
      vertex 51.1 -50.0861 6.28057
      vertex 50.7559 -50.2701 6.64279
      vertex 51.1 -50.2362 6.64279
    endloop
  endfacet
  facet normal 0.284665 0.938775 0.194083
    outer loop
      vertex 51.4843 -50.0682 6
      vertex 51.4734 -50.1229 6.28057
      vertex 51.7567 -50.1508 6
    endloop
  endfacet
  facet normal 0.0966547 0.976213 0.194078
    outer loop
      vertex 51.3833 -50.0582 6
      vertex 51.4734 -50.1229 6.28057
      vertex 51.4843 -50.0682 6
    endloop
  endfacet
  facet normal 0.096211 0.976228 0.194224
    outer loop
      vertex 51.4734 -50.1229 6.28057
      vertex 51.3833 -50.0582 6
      vertex 51.1 -50.0861 6.28057
    endloop
  endfacet
  facet normal 0.462383 0.86516 0.194166
    outer loop
      vertex 52.1943 -50.3623 6
      vertex 51.9432 -50.2281 6
      vertex 52.1633 -50.4087 6.28057
    endloop
  endfacet
  facet normal 0.828761 -0.0815481 -0.553629
    outer loop
      vertex 52.8638 -52 4.75721
      vertex 52.65 -52.0074 4.43825
      vertex 52.65 -52 4.43716
    endloop
  endfacet
  facet normal 0.828755 -0.0816472 -0.553623
    outer loop
      vertex 52.65 -52.0074 4.43825
      vertex 52.8638 -52 4.75721
      vertex 52.8299 -52.3441 4.75721
    endloop
  endfacet
  facet normal 0.828755 0.0816472 -0.553623
    outer loop
      vertex 52.8638 -52 4.75721
      vertex 52.65 -51.9926 4.43825
      vertex 52.8299 -51.6559 4.75721
    endloop
  endfacet
  facet normal 0.828761 0.0815481 -0.553629
    outer loop
      vertex 52.65 -51.9926 4.43825
      vertex 52.8638 -52 4.75721
      vertex 52.65 -52 4.43716
    endloop
  endfacet
  facet normal 0.828775 -0.081614 -0.553599
    outer loop
      vertex 52.8299 -52.3441 4.75721
      vertex 52.65 -52.3083 4.48261
      vertex 52.65 -52.0074 4.43825
    endloop
  endfacet
  facet normal -0.97619 -0.0967483 0.194146
    outer loop
      vertex 49.1403 -52.1009 6
      vertex 49.1861 -52 6.28057
      vertex 49.1303 -52 6
    endloop
  endfacet
  facet normal -0.976278 -0.0962159 0.193968
    outer loop
      vertex 49.1861 -52 6.28057
      vertex 49.1403 -52.1009 6
      vertex 49.2229 -52.3734 6.28057
    endloop
  endfacet
  facet normal -0.976269 -0.0961111 0.194067
    outer loop
      vertex 49.2229 -52.3734 6.28057
      vertex 49.1403 -52.1009 6
      vertex 49.1682 -52.3843 6
    endloop
  endfacet
  facet normal -0.88472 -0.268437 0.381068
    outer loop
      vertex 49.37 -52.3441 6.64279
      vertex 49.3318 -52.7324 6.28057
      vertex 49.4704 -52.675 6.64279
    endloop
  endfacet
  facet normal -0.81535 -0.435887 0.38106
    outer loop
      vertex 49.4704 -52.675 6.64279
      vertex 49.3318 -52.7324 6.28057
      vertex 49.6334 -52.9799 6.64279
    endloop
  endfacet
  facet normal -0.547986 0.449674 0.70534
    outer loop
      vertex 50.2028 -51.1028 7.24602
      vertex 50.0068 -50.9068 6.96879
      vertex 50.045 -51.2951 7.24602
    endloop
  endfacet
  facet normal -0.449674 0.547986 0.70534
    outer loop
      vertex 50.3951 -50.945 7.24602
      vertex 50.0068 -50.9068 6.96879
      vertex 50.2028 -51.1028 7.24602
    endloop
  endfacet
  facet normal 0.092299 -0.172869 0.980611
    outer loop
      vertex 51.2089 -52.163 7.69037
      vertex 51.175 -52.1811 7.69037
      vertex 51.3222 -52.5364 7.61388
    endloop
  endfacet
  facet normal 0.124334 0.151543 0.9806
    outer loop
      vertex 51.4225 -51.5173 7.61388
      vertex 51.2089 -51.837 7.69037
      vertex 51.5105 -51.5895 7.61388
    endloop
  endfacet
  facet normal 0.243702 0.297033 0.923245
    outer loop
      vertex 51.6238 -51.2161 7.46384
      vertex 51.4225 -51.5173 7.61388
      vertex 51.5105 -51.5895 7.61388
    endloop
  endfacet
  facet normal 0 0 1
    outer loop
      vertex 51.2923 -51.9618 7.69037
      vertex 51.2923 -52.0382 7.69037
      vertex 51.296 -52 7.69037
    endloop
  endfacet
  facet normal 0 0 1
    outer loop
      vertex 51.2811 -51.925 7.69037
      vertex 51.2923 -52.0382 7.69037
      vertex 51.2923 -51.9618 7.69037
    endloop
  endfacet
  facet normal 0 0 1
    outer loop
      vertex 51.2811 -51.925 7.69037
      vertex 51.2811 -52.075 7.69037
      vertex 51.2923 -52.0382 7.69037
    endloop
  endfacet
  facet normal 0 0 1
    outer loop
      vertex 51.263 -51.8911 7.69037
      vertex 51.2811 -52.075 7.69037
      vertex 51.2811 -51.925 7.69037
    endloop
  endfacet
  facet normal 0 0 1
    outer loop
      vertex 51.263 -51.8911 7.69037
      vertex 51.263 -52.1089 7.69037
      vertex 51.2811 -52.075 7.69037
    endloop
  endfacet
  facet normal 0 0 1
    outer loop
      vertex 51.2386 -51.8614 7.69037
      vertex 51.263 -52.1089 7.69037
      vertex 51.263 -51.8911 7.69037
    endloop
  endfacet
  facet normal 0 0 1
    outer loop
      vertex 51.2386 -51.8614 7.69037
      vertex 51.2386 -52.1386 7.69037
      vertex 51.263 -52.1089 7.69037
    endloop
  endfacet
  facet normal 0 0 1
    outer loop
      vertex 51.2089 -51.837 7.69037
      vertex 51.2386 -52.1386 7.69037
      vertex 51.2386 -51.8614 7.69037
    endloop
  endfacet
  facet normal 0 0 1
    outer loop
      vertex 51.2089 -51.837 7.69037
      vertex 51.2089 -52.163 7.69037
      vertex 51.2386 -52.1386 7.69037
    endloop
  endfacet
  facet normal 0 0 1
    outer loop
      vertex 51.175 -51.8189 7.69037
      vertex 51.2089 -52.163 7.69037
      vertex 51.2089 -51.837 7.69037
    endloop
  endfacet
  facet normal 0 0 1
    outer loop
      vertex 51.175 -51.8189 7.69037
      vertex 51.175 -52.1811 7.69037
      vertex 51.2089 -52.163 7.69037
    endloop
  endfacet
  facet normal 0 0 1
    outer loop
      vertex 51.1382 -51.8077 7.69037
      vertex 51.175 -52.1811 7.69037
      vertex 51.175 -51.8189 7.69037
    endloop
  endfacet
  facet normal 0 0 1
    outer loop
      vertex 51.1382 -51.8077 7.69037
      vertex 51.1382 -52.1923 7.69037
      vertex 51.175 -52.1811 7.69037
    endloop
  endfacet
  facet normal 0 0 1
    outer loop
      vertex 51.1 -51.804 7.69037
      vertex 51.1382 -52.1923 7.69037
      vertex 51.1382 -51.8077 7.69037
    endloop
  endfacet
  facet normal 0 0 1
    outer loop
      vertex 51.1 -51.804 7.69037
      vertex 51.1 -52.196 7.69037
      vertex 51.1382 -52.1923 7.69037
    endloop
  endfacet
  facet normal -0 0 1
    outer loop
      vertex 51.0618 -51.8077 7.69037
      vertex 51.1 -52.196 7.69037
      vertex 51.1 -51.804 7.69037
    endloop
  endfacet
  facet normal 0 0 1
    outer loop
      vertex 51.0618 -51.8077 7.69037
      vertex 51.0618 -52.1923 7.69037
      vertex 51.1 -52.196 7.69037
    endloop
  endfacet
  facet normal -0 0 1
    outer loop
      vertex 51.025 -51.8189 7.69037
      vertex 51.0618 -52.1923 7.69037
      vertex 51.0618 -51.8077 7.69037
    endloop
  endfacet
  facet normal 0 0 1
    outer loop
      vertex 51.025 -51.8189 7.69037
      vertex 51.025 -52.1811 7.69037
      vertex 51.0618 -52.1923 7.69037
    endloop
  endfacet
  facet normal -0 0 1
    outer loop
      vertex 50.9911 -51.837 7.69037
      vertex 51.025 -52.1811 7.69037
      vertex 51.025 -51.8189 7.69037
    endloop
  endfacet
  facet normal 0 0 1
    outer loop
      vertex 50.9911 -51.837 7.69037
      vertex 50.9911 -52.163 7.69037
      vertex 51.025 -52.1811 7.69037
    endloop
  endfacet
  facet normal -0 0 1
    outer loop
      vertex 50.9614 -51.8614 7.69037
      vertex 50.9911 -52.163 7.69037
      vertex 50.9911 -51.837 7.69037
    endloop
  endfacet
  facet normal 0 0 1
    outer loop
      vertex 50.9614 -51.8614 7.69037
      vertex 50.9614 -52.1386 7.69037
      vertex 50.9911 -52.163 7.69037
    endloop
  endfacet
  facet normal -0 0 1
    outer loop
      vertex 50.937 -51.8911 7.69037
      vertex 50.9614 -52.1386 7.69037
      vertex 50.9614 -51.8614 7.69037
    endloop
  endfacet
  facet normal 0 0 1
    outer loop
      vertex 50.937 -51.8911 7.69037
      vertex 50.937 -52.1089 7.69037
      vertex 50.9614 -52.1386 7.69037
    endloop
  endfacet
  facet normal -0 0 1
    outer loop
      vertex 50.9189 -51.925 7.69037
      vertex 50.937 -52.1089 7.69037
      vertex 50.937 -51.8911 7.69037
    endloop
  endfacet
  facet normal 0 0 1
    outer loop
      vertex 50.9189 -51.925 7.69037
      vertex 50.9189 -52.075 7.69037
      vertex 50.937 -52.1089 7.69037
    endloop
  endfacet
  facet normal -0 0 1
    outer loop
      vertex 50.9077 -51.9618 7.69037
      vertex 50.9189 -52.075 7.69037
      vertex 50.9189 -51.925 7.69037
    endloop
  endfacet
  facet normal 0 0 1
    outer loop
      vertex 50.9077 -51.9618 7.69037
      vertex 50.9077 -52.0382 7.69037
      vertex 50.9189 -52.075 7.69037
    endloop
  endfacet
  facet normal 0 -0 1
    outer loop
      vertex 50.9077 -52.0382 7.69037
      vertex 50.9077 -51.9618 7.69037
      vertex 50.904 -52 7.69037
    endloop
  endfacet
  facet normal -0.151533 0.124326 0.980602
    outer loop
      vertex 50.6895 -51.5895 7.61388
      vertex 50.6173 -51.6775 7.61388
      vertex 50.9614 -51.8614 7.69037
    endloop
  endfacet
  facet normal 0.111433 0.36773 0.923232
    outer loop
      vertex 51.2839 -51.0753 7.46384
      vertex 51.2133 -51.4306 7.61388
      vertex 51.3222 -51.4636 7.61388
    endloop
  endfacet
  facet normal 0.0377977 0.382365 0.923238
    outer loop
      vertex 51.2839 -51.0753 7.46384
      vertex 51.1 -51.4194 7.61388
      vertex 51.2133 -51.4306 7.61388
    endloop
  endfacet
  facet normal 0.151471 -0.124441 0.980597
    outer loop
      vertex 51.263 -52.1089 7.69037
      vertex 51.2386 -52.1386 7.69037
      vertex 51.5827 -52.3225 7.61388
    endloop
  endfacet
  facet normal -0.01889 -0.195027 0.980616
    outer loop
      vertex 51.1 -52.196 7.69037
      vertex 51.0618 -52.1923 7.69037
      vertex 51.1 -52.5806 7.61388
    endloop
  endfacet
  facet normal 0.268379 0.884738 0.381066
    outer loop
      vertex 51.8324 -50.2318 6.28057
      vertex 51.4734 -50.1229 6.28057
      vertex 51.775 -50.3704 6.64279
    endloop
  endfacet
  facet normal 0.205828 0.678297 0.705371
    outer loop
      vertex 51.6916 -50.5717 6.96879
      vertex 51.4016 -50.4837 6.96879
      vertex 51.5855 -50.8278 7.24602
    endloop
  endfacet
  facet normal -0.0816087 0.828727 0.553671
    outer loop
      vertex 51.1 -50.2362 6.64279
      vertex 50.7984 -50.4837 6.96879
      vertex 51.1 -50.454 6.96879
    endloop
  endfacet
  facet normal -0.0694677 0.705437 0.70536
    outer loop
      vertex 51.1 -50.454 6.96879
      vertex 50.7984 -50.4837 6.96879
      vertex 51.1 -50.7312 7.24602
    endloop
  endfacet
  facet normal 0.35358 0.430883 0.830253
    outer loop
      vertex 51.8049 -50.945 7.24602
      vertex 51.6238 -51.2161 7.46384
      vertex 51.9972 -51.1028 7.24602
    endloop
  endfacet
  facet normal 0.262626 0.49164 0.830251
    outer loop
      vertex 51.8049 -50.945 7.24602
      vertex 51.5855 -50.8278 7.24602
      vertex 51.6238 -51.2161 7.46384
    endloop
  endfacet
  facet normal -0.33888 -0.181083 0.923238
    outer loop
      vertex 50.6173 -52.3225 7.61388
      vertex 50.229 -52.3608 7.46384
      vertex 50.3161 -52.5238 7.46384
    endloop
  endfacet
  facet normal -0.491666 -0.26264 0.830232
    outer loop
      vertex 50.229 -52.3608 7.46384
      vertex 49.9278 -52.4855 7.24602
      vertex 50.045 -52.7049 7.24602
    endloop
  endfacet
  facet normal -0.392598 -0.734375 0.55368
    outer loop
      vertex 50.2411 -53.2855 6.96879
      vertex 50.1201 -53.4666 6.64279
      vertex 50.425 -53.6296 6.64279
    endloop
  endfacet
  facet normal -0.392334 -0.734391 0.553845
    outer loop
      vertex 50.5084 -53.4283 6.96879
      vertex 50.2411 -53.2855 6.96879
      vertex 50.425 -53.6296 6.64279
    endloop
  endfacet
  facet normal -0.333987 -0.625228 0.705367
    outer loop
      vertex 50.3951 -53.055 7.24602
      vertex 50.2411 -53.2855 6.96879
      vertex 50.6145 -53.1722 7.24602
    endloop
  endfacet
  facet normal -0.334004 -0.625204 0.70538
    outer loop
      vertex 50.6145 -53.1722 7.24602
      vertex 50.2411 -53.2855 6.96879
      vertex 50.5084 -53.4283 6.96879
    endloop
  endfacet
  facet normal -0.111433 -0.36773 0.923232
    outer loop
      vertex 50.9867 -52.5694 7.61388
      vertex 50.8778 -52.5364 7.61388
      vertex 50.9161 -52.9247 7.46384
    endloop
  endfacet
  facet normal -0.111631 -0.367739 0.923204
    outer loop
      vertex 50.8778 -52.5364 7.61388
      vertex 50.7392 -52.871 7.46384
      vertex 50.9161 -52.9247 7.46384
    endloop
  endfacet
  facet normal -0.172926 -0.0923292 0.980598
    outer loop
      vertex 50.9189 -52.075 7.69037
      vertex 50.6173 -52.3225 7.61388
      vertex 50.937 -52.1089 7.69037
    endloop
  endfacet
  facet normal -0.491666 0.26264 0.830232
    outer loop
      vertex 50.045 -51.2951 7.24602
      vertex 49.9278 -51.5145 7.24602
      vertex 50.229 -51.6392 7.46384
    endloop
  endfacet
  facet normal -0.796764 0.241777 0.553816
    outer loop
      vertex 49.6717 -51.4084 6.96879
      vertex 49.37 -51.6559 6.64279
      vertex 49.5837 -51.6984 6.96879
    endloop
  endfacet
  facet normal -0.678297 0.205828 0.705371
    outer loop
      vertex 49.6717 -51.4084 6.96879
      vertex 49.5837 -51.6984 6.96879
      vertex 49.9278 -51.5145 7.24602
    endloop
  endfacet
  facet normal -0.678286 0.205766 0.7054
    outer loop
      vertex 49.9278 -51.5145 7.24602
      vertex 49.5837 -51.6984 6.96879
      vertex 49.8556 -51.7525 7.24602
    endloop
  endfacet
  facet normal -0.81535 0.435887 0.38106
    outer loop
      vertex 49.6334 -51.0201 6.64279
      vertex 49.3318 -51.2676 6.28057
      vertex 49.4704 -51.325 6.64279
    endloop
  endfacet
  facet normal -0.88472 0.268437 0.381068
    outer loop
      vertex 49.4704 -51.325 6.64279
      vertex 49.3318 -51.2676 6.28057
      vertex 49.37 -51.6559 6.64279
    endloop
  endfacet
  facet normal -0.430928 0.353616 0.830215
    outer loop
      vertex 50.2028 -51.1028 7.24602
      vertex 50.045 -51.2951 7.24602
      vertex 50.4333 -51.3333 7.46384
    endloop
  endfacet
  facet normal -0.430968 0.353461 0.83026
    outer loop
      vertex 50.4333 -51.3333 7.46384
      vertex 50.045 -51.2951 7.24602
      vertex 50.3161 -51.4762 7.46384
    endloop
  endfacet
  facet normal -0.172782 -0.0925066 0.980606
    outer loop
      vertex 50.9189 -52.075 7.69037
      vertex 50.5636 -52.2222 7.61388
      vertex 50.6173 -52.3225 7.61388
    endloop
  endfacet
  facet normal -0.187535 -0.057076 0.980598
    outer loop
      vertex 50.9077 -52.0382 7.69037
      vertex 50.5306 -52.1133 7.61388
      vertex 50.9189 -52.075 7.69037
    endloop
  endfacet
  facet normal -0.161912 -0.533374 0.830239
    outer loop
      vertex 50.7392 -52.871 7.46384
      vertex 50.6145 -53.1722 7.24602
      vertex 50.9161 -52.9247 7.46384
    endloop
  endfacet
  facet normal -0.0546918 -0.554763 0.830209
    outer loop
      vertex 50.9161 -52.9247 7.46384
      vertex 50.8525 -53.2444 7.24602
      vertex 51.1 -53.2688 7.24602
    endloop
  endfacet
  facet normal 0.734284 -0.392549 0.553834
    outer loop
      vertex 52.7296 -52.675 6.64279
      vertex 52.5283 -52.5916 6.96879
      vertex 52.5666 -52.9799 6.64279
    endloop
  endfacet
  facet normal 0.796833 -0.24153 0.553823
    outer loop
      vertex 52.8299 -52.3441 6.64279
      vertex 52.5283 -52.5916 6.96879
      vertex 52.7296 -52.675 6.64279
    endloop
  endfacet
  facet normal 0.430928 -0.353616 0.830215
    outer loop
      vertex 52.155 -52.7049 7.24602
      vertex 51.7667 -52.6667 7.46384
      vertex 51.9972 -52.8972 7.24602
    endloop
  endfacet
  facet normal 0.547986 -0.449674 0.70534
    outer loop
      vertex 52.155 -52.7049 7.24602
      vertex 51.9972 -52.8972 7.24602
      vertex 52.1932 -53.0932 6.96879
    endloop
  endfacet
  facet normal -0.124418 -0.151443 0.980605
    outer loop
      vertex 50.9614 -52.1386 7.69037
      vertex 50.6895 -52.4105 7.61388
      vertex 50.9911 -52.163 7.69037
    endloop
  endfacet
  facet normal 0.0925169 -0.172802 0.980602
    outer loop
      vertex 51.4225 -52.4827 7.61388
      vertex 51.2089 -52.163 7.69037
      vertex 51.3222 -52.5364 7.61388
    endloop
  endfacet
  facet normal 0.181344 -0.338711 0.923249
    outer loop
      vertex 51.4225 -52.4827 7.61388
      vertex 51.3222 -52.5364 7.61388
      vertex 51.6238 -52.7839 7.46384
    endloop
  endfacet
  facet normal 0.172926 -0.0923292 0.980598
    outer loop
      vertex 51.2811 -52.075 7.69037
      vertex 51.263 -52.1089 7.69037
      vertex 51.5827 -52.3225 7.61388
    endloop
  endfacet
  facet normal -0.0925169 -0.172802 0.980602
    outer loop
      vertex 50.9911 -52.163 7.69037
      vertex 50.7775 -52.4827 7.61388
      vertex 50.8778 -52.5364 7.61388
    endloop
  endfacet
  facet normal 0.187535 -0.057076 0.980598
    outer loop
      vertex 51.2923 -52.0382 7.69037
      vertex 51.2811 -52.075 7.69037
      vertex 51.6694 -52.1133 7.61388
    endloop
  endfacet
  facet normal 0.195137 -0.0189007 0.980594
    outer loop
      vertex 51.296 -52 7.69037
      vertex 51.2923 -52.0382 7.69037
      vertex 51.6694 -52.1133 7.61388
    endloop
  endfacet
  facet normal 0.333987 -0.625228 0.705367
    outer loop
      vertex 51.8049 -53.055 7.24602
      vertex 51.5855 -53.1722 7.24602
      vertex 51.9589 -53.2855 6.96879
    endloop
  endfacet
  facet normal 0.449703 -0.547922 0.705372
    outer loop
      vertex 52.1932 -53.0932 6.96879
      vertex 51.8049 -53.055 7.24602
      vertex 51.9589 -53.2855 6.96879
    endloop
  endfacet
  facet normal 0.0816087 -0.828727 0.553671
    outer loop
      vertex 51.1 -53.546 6.96879
      vertex 51.1 -53.7638 6.64279
      vertex 51.4016 -53.5163 6.96879
    endloop
  endfacet
  facet normal 0.0816457 -0.82874 0.553646
    outer loop
      vertex 51.4016 -53.5163 6.96879
      vertex 51.1 -53.7638 6.64279
      vertex 51.4441 -53.7299 6.64279
    endloop
  endfacet
  facet normal 0.734279 0.392536 -0.55385
    outer loop
      vertex 52.7296 -51.325 4.75721
      vertex 52.65 -51.358 4.62829
      vertex 52.65 -51.1761 4.75721
    endloop
  endfacet
  facet normal 0.796835 0.241531 -0.553821
    outer loop
      vertex 52.8299 -51.6559 4.75721
      vertex 52.65 -51.358 4.62829
      vertex 52.7296 -51.325 4.75721
    endloop
  endfacet
  facet normal 0.796964 0.241726 -0.553549
    outer loop
      vertex 52.65 -51.358 4.62829
      vertex 52.8299 -51.6559 4.75721
      vertex 52.65 -51.5082 4.5627
    endloop
  endfacet
  facet normal -0.547922 0.449703 0.705372
    outer loop
      vertex 50.0068 -50.9068 6.96879
      vertex 49.8145 -51.1411 6.96879
      vertex 50.045 -51.2951 7.24602
    endloop
  endfacet
  facet normal -0.643703 0.528314 0.553652
    outer loop
      vertex 49.8528 -50.7528 6.64279
      vertex 49.8145 -51.1411 6.96879
      vertex 50.0068 -50.9068 6.96879
    endloop
  endfacet
  facet normal 0.392598 0.734375 0.55368
    outer loop
      vertex 52.0799 -50.5334 6.64279
      vertex 51.775 -50.3704 6.64279
      vertex 51.9589 -50.7145 6.96879
    endloop
  endfacet
  facet normal 0.435887 0.81535 0.38106
    outer loop
      vertex 51.8324 -50.2318 6.28057
      vertex 51.775 -50.3704 6.64279
      vertex 52.0799 -50.5334 6.64279
    endloop
  endfacet
  facet normal 0.181122 0.338954 0.923204
    outer loop
      vertex 51.4608 -51.129 7.46384
      vertex 51.3222 -51.4636 7.61388
      vertex 51.6238 -51.2161 7.46384
    endloop
  endfacet
  facet normal 0.262708 0.491635 0.830228
    outer loop
      vertex 51.5855 -50.8278 7.24602
      vertex 51.4608 -51.129 7.46384
      vertex 51.6238 -51.2161 7.46384
    endloop
  endfacet
  facet normal 0.29701 0.243683 0.923257
    outer loop
      vertex 51.7667 -51.3333 7.46384
      vertex 51.5105 -51.5895 7.61388
      vertex 51.5827 -51.6775 7.61388
    endloop
  endfacet
  facet normal 0.243633 0.297058 0.923255
    outer loop
      vertex 51.6238 -51.2161 7.46384
      vertex 51.5105 -51.5895 7.61388
      vertex 51.7667 -51.3333 7.46384
    endloop
  endfacet
  facet normal -0.353616 -0.430928 0.830215
    outer loop
      vertex 50.4333 -52.6667 7.46384
      vertex 50.2028 -52.8972 7.24602
      vertex 50.3951 -53.055 7.24602
    endloop
  endfacet
  facet normal -0.547922 -0.449703 0.705372
    outer loop
      vertex 50.045 -52.7049 7.24602
      vertex 49.8145 -52.8589 6.96879
      vertex 50.0068 -53.0932 6.96879
    endloop
  endfacet
  facet normal -0.205766 -0.678286 0.7054
    outer loop
      vertex 50.8525 -53.2444 7.24602
      vertex 50.6145 -53.1722 7.24602
      vertex 50.7984 -53.5163 6.96879
    endloop
  endfacet
  facet normal -0.0695415 -0.70539 0.705399
    outer loop
      vertex 50.8525 -53.2444 7.24602
      vertex 50.7984 -53.5163 6.96879
      vertex 51.1 -53.2688 7.24602
    endloop
  endfacet
  facet normal -0.161828 -0.533449 0.830207
    outer loop
      vertex 50.9161 -52.9247 7.46384
      vertex 50.6145 -53.1722 7.24602
      vertex 50.8525 -53.2444 7.24602
    endloop
  endfacet
  facet normal -0.430928 -0.353616 0.830215
    outer loop
      vertex 50.4333 -52.6667 7.46384
      vertex 50.045 -52.7049 7.24602
      vertex 50.2028 -52.8972 7.24602
    endloop
  endfacet
  facet normal -0.262708 -0.491635 0.830228
    outer loop
      vertex 50.7392 -52.871 7.46384
      vertex 50.5762 -52.7839 7.46384
      vertex 50.6145 -53.1722 7.24602
    endloop
  endfacet
  facet normal 0.205828 -0.678297 0.705371
    outer loop
      vertex 51.5855 -53.1722 7.24602
      vertex 51.4016 -53.5163 6.96879
      vertex 51.6916 -53.4283 6.96879
    endloop
  endfacet
  facet normal 0.241773 -0.796752 0.553834
    outer loop
      vertex 51.6916 -53.4283 6.96879
      vertex 51.4016 -53.5163 6.96879
      vertex 51.775 -53.6296 6.64279
    endloop
  endfacet
  facet normal 0.528336 0.643684 0.553654
    outer loop
      vertex 52.3472 -50.7528 6.64279
      vertex 52.0799 -50.5334 6.64279
      vertex 52.1932 -50.9068 6.96879
    endloop
  endfacet
  facet normal 0.586575 0.714637 0.381082
    outer loop
      vertex 52.1633 -50.4087 6.28057
      vertex 52.0799 -50.5334 6.64279
      vertex 52.3472 -50.7528 6.64279
    endloop
  endfacet
  facet normal 0.268173 0.884729 0.381231
    outer loop
      vertex 51.4734 -50.1229 6.28057
      vertex 51.4441 -50.2701 6.64279
      vertex 51.775 -50.3704 6.64279
    endloop
  endfacet
  facet normal 0.0906723 0.920028 0.381218
    outer loop
      vertex 51.4734 -50.1229 6.28057
      vertex 51.1 -50.0861 6.28057
      vertex 51.4441 -50.2701 6.64279
    endloop
  endfacet
  facet normal 0.430968 0.353461 0.83026
    outer loop
      vertex 52.155 -51.2951 7.24602
      vertex 51.7667 -51.3333 7.46384
      vertex 51.8839 -51.4762 7.46384
    endloop
  endfacet
  facet normal 0.297072 0.243645 0.923247
    outer loop
      vertex 51.7667 -51.3333 7.46384
      vertex 51.5827 -51.6775 7.61388
      vertex 51.8839 -51.4762 7.46384
    endloop
  endfacet
  facet normal 0.124418 0.151443 0.980605
    outer loop
      vertex 51.5105 -51.5895 7.61388
      vertex 51.2089 -51.837 7.69037
      vertex 51.2386 -51.8614 7.69037
    endloop
  endfacet
  facet normal 0.151533 0.124326 0.980602
    outer loop
      vertex 51.5105 -51.5895 7.61388
      vertex 51.2386 -51.8614 7.69037
      vertex 51.5827 -51.6775 7.61388
    endloop
  endfacet
  facet normal -0.547986 -0.449674 0.70534
    outer loop
      vertex 50.045 -52.7049 7.24602
      vertex 50.0068 -53.0932 6.96879
      vertex 50.2028 -52.8972 7.24602
    endloop
  endfacet
  facet normal -0.449674 -0.547986 0.70534
    outer loop
      vertex 50.2028 -52.8972 7.24602
      vertex 50.0068 -53.0932 6.96879
      vertex 50.3951 -53.055 7.24602
    endloop
  endfacet
  facet normal -0.0545983 -0.554731 0.830237
    outer loop
      vertex 51.1 -52.9428 7.46384
      vertex 50.9161 -52.9247 7.46384
      vertex 51.1 -53.2688 7.24602
    endloop
  endfacet
  facet normal -0.0376407 -0.382438 0.923214
    outer loop
      vertex 51.1 -52.5806 7.61388
      vertex 50.9161 -52.9247 7.46384
      vertex 51.1 -52.9428 7.46384
    endloop
  endfacet
  facet normal -0.181344 -0.338711 0.923249
    outer loop
      vertex 50.7775 -52.4827 7.61388
      vertex 50.5762 -52.7839 7.46384
      vertex 50.8778 -52.5364 7.61388
    endloop
  endfacet
  facet normal -0.243702 -0.297033 0.923245
    outer loop
      vertex 50.6895 -52.4105 7.61388
      vertex 50.5762 -52.7839 7.46384
      vertex 50.7775 -52.4827 7.61388
    endloop
  endfacet
  facet normal -0.554728 -0.0546883 0.830233
    outer loop
      vertex -52.0428 52 7.46384
      vertex -52.3688 52 7.24602
      vertex -52.3444 51.7525 7.24602
    endloop
  endfacet
  facet normal -0.187535 0.057076 0.980598
    outer loop
      vertex -51.2811 52.075 7.69037
      vertex -51.6694 52.1133 7.61388
      vertex -51.2923 52.0382 7.69037
    endloop
  endfacet
  facet normal 0.97619 -0.0967483 0.194146
    outer loop
      vertex -49.1861 52 6.28057
      vertex -49.1403 51.8991 6
      vertex -49.1303 52 6
    endloop
  endfacet
  facet normal 0.976278 -0.0962159 0.193968
    outer loop
      vertex -49.1403 51.8991 6
      vertex -49.1861 52 6.28057
      vertex -49.2229 51.6266 6.28057
    endloop
  endfacet
  facet normal -0.195025 0.0192788 0.980609
    outer loop
      vertex -51.6694 52.1133 7.61388
      vertex -51.6806 52 7.61388
      vertex -51.296 52 7.69037
    endloop
  endfacet
  facet normal 0.0546918 -0.554763 0.830209
    outer loop
      vertex -50.9161 51.0753 7.46384
      vertex -51.1 50.7312 7.24602
      vertex -50.8525 50.7556 7.24602
    endloop
  endfacet
  facet normal 0.865048 -0.462508 0.194369
    outer loop
      vertex -49.3318 51.2676 6.28057
      vertex -49.4144 50.9952 6
      vertex -49.2802 51.2462 6
    endloop
  endfacet
  facet normal -0.0816087 0.828727 0.553671
    outer loop
      vertex -51.1 53.7638 6.64279
      vertex -51.4016 53.5163 6.96879
      vertex -51.1 53.546 6.96879
    endloop
  endfacet
  facet normal 0.643703 -0.528314 0.553652
    outer loop
      vertex -49.8145 51.1411 6.96879
      vertex -50.0068 50.9068 6.96879
      vertex -49.8528 50.7528 6.64279
    endloop
  endfacet
  facet normal -0.195025 -0.0192788 0.980609
    outer loop
      vertex -51.296 52 7.69037
      vertex -51.6806 52 7.61388
      vertex -51.6694 51.8867 7.61388
    endloop
  endfacet
  facet normal 0.976269 -0.0961111 0.194067
    outer loop
      vertex -49.1403 51.8991 6
      vertex -49.2229 51.6266 6.28057
      vertex -49.1682 51.6157 6
    endloop
  endfacet
  facet normal 0.463271 -0.864643 0.194353
    outer loop
      vertex -50.2568 50.2281 6
      vertex -50.3676 50.2318 6.28057
      vertex -50.3462 50.1802 6
    endloop
  endfacet
  facet normal 0.462497 -0.865124 0.194054
    outer loop
      vertex -50.3676 50.2318 6.28057
      vertex -50.2568 50.2281 6
      vertex -50.0367 50.4087 6.28057
    endloop
  endfacet
  facet normal 0.81535 0.435888 0.381059
    outer loop
      vertex -49.5087 53.0633 6.28057
      vertex -49.6334 52.9799 6.64279
      vertex -49.3318 52.7324 6.28057
    endloop
  endfacet
  facet normal -0.243633 0.297058 0.923255
    outer loop
      vertex -51.6238 52.7839 7.46384
      vertex -51.7667 52.6667 7.46384
      vertex -51.5105 52.4105 7.61388
    endloop
  endfacet
  facet normal -0.172926 -0.0923292 0.980598
    outer loop
      vertex -51.2811 51.925 7.69037
      vertex -51.5827 51.6775 7.61388
      vertex -51.263 51.8911 7.69037
    endloop
  endfacet
  facet normal -0.195137 -0.0189007 0.980594
    outer loop
      vertex -51.296 52 7.69037
      vertex -51.6694 51.8867 7.61388
      vertex -51.2923 51.9618 7.69037
    endloop
  endfacet
  facet normal -0.53341 -0.161816 0.830234
    outer loop
      vertex -51.971 51.6392 7.46384
      vertex -52.3444 51.7525 7.24602
      vertex -52.2722 51.5145 7.24602
    endloop
  endfacet
  facet normal -0.714964 -0.58634 -0.38083
    outer loop
      vertex -52.65 50.9146 5.07592
      vertex -52.6913 50.9367 5.11943
      vertex -52.65 50.9643 4.9994
    endloop
  endfacet
  facet normal -0.268379 -0.884738 0.381066
    outer loop
      vertex -51.775 50.3704 6.64279
      vertex -51.8324 50.2318 6.28057
      vertex -51.4734 50.1229 6.28057
    endloop
  endfacet
  facet normal -0.392598 -0.734375 0.55368
    outer loop
      vertex -51.9589 50.7145 6.96879
      vertex -52.0799 50.5334 6.64279
      vertex -51.775 50.3704 6.64279
    endloop
  endfacet
  facet normal -0.758444 0.622055 0.194448
    outer loop
      vertex -52.65 53.2337 5.89603
      vertex -52.7549 53.1058 5.89603
      vertex -52.65 53.2012 6
    endloop
  endfacet
  facet normal -0.758351 0.622196 0.19436
    outer loop
      vertex -52.65 53.2012 6
      vertex -52.4533 53.3533 6.28057
      vertex -52.4928 53.3928 6
    endloop
  endfacet
  facet normal -0.758493 0.621951 0.194592
    outer loop
      vertex -52.4533 53.3533 6.28057
      vertex -52.65 53.2012 6
      vertex -52.7549 53.1058 5.89603
    endloop
  endfacet
  facet normal -0.920028 -0.0906723 -0.381218
    outer loop
      vertex -52.9771 51.6266 5.11943
      vertex -53.0139 52 5.11943
      vertex -52.8299 51.6559 4.75721
    endloop
  endfacet
  facet normal -0.705433 0.0695457 0.705357
    outer loop
      vertex -52.3444 52.2475 7.24602
      vertex -52.646 52 6.96879
      vertex -52.3688 52 7.24602
    endloop
  endfacet
  facet normal -0.463271 0.864643 0.194353
    outer loop
      vertex -51.9432 53.7719 6
      vertex -51.8324 53.7682 6.28057
      vertex -51.8538 53.8198 6
    endloop
  endfacet
  facet normal -0.462497 0.865124 0.194054
    outer loop
      vertex -51.8324 53.7682 6.28057
      vertex -51.9432 53.7719 6
      vertex -52.1633 53.5913 6.28057
    endloop
  endfacet
  facet normal 0.0816457 0.82874 0.553646
    outer loop
      vertex -50.7559 53.7299 6.64279
      vertex -51.1 53.7638 6.64279
      vertex -50.7984 53.5163 6.96879
    endloop
  endfacet
  facet normal 0.53341 -0.161816 0.830234
    outer loop
      vertex -49.8556 51.7525 7.24602
      vertex -50.229 51.6392 7.46384
      vertex -49.9278 51.5145 7.24602
    endloop
  endfacet
  facet normal 0.205828 -0.678297 0.705371
    outer loop
      vertex -50.6145 50.8278 7.24602
      vertex -50.7984 50.4837 6.96879
      vertex -50.5084 50.5717 6.96879
    endloop
  endfacet
  facet normal 0.734494 0.39239 0.553669
    outer loop
      vertex -49.6334 52.9799 6.64279
      vertex -49.8145 52.8589 6.96879
      vertex -49.6717 52.5916 6.96879
    endloop
  endfacet
  facet normal 0.367808 0.111457 0.923198
    outer loop
      vertex -50.229 52.3608 7.46384
      vertex -50.5636 52.2222 7.61388
      vertex -50.5306 52.1133 7.61388
    endloop
  endfacet
  facet normal -0.758291 0.622321 0.194195
    outer loop
      vertex -52.4533 53.3533 6.28057
      vertex -52.7549 53.1058 5.89603
      vertex -52.6913 53.0633 6.28057
    endloop
  endfacet
  facet normal 0.195025 0.0192788 0.980609
    outer loop
      vertex -50.5306 52.1133 7.61388
      vertex -50.904 52 7.69037
      vertex -50.5194 52 7.61388
    endloop
  endfacet
  facet normal 0.0376407 -0.382438 0.923214
    outer loop
      vertex -51.1 51.4194 7.61388
      vertex -51.1 51.0572 7.46384
      vertex -50.9161 51.0753 7.46384
    endloop
  endfacet
  facet normal -0.643674 0.528328 0.553672
    outer loop
      vertex -52.3472 53.2472 6.64279
      vertex -52.5666 52.9799 6.64279
      vertex -52.3855 52.8589 6.96879
    endloop
  endfacet
  facet normal -0.0695415 0.70539 0.705399
    outer loop
      vertex -51.1 53.2688 7.24602
      vertex -51.4016 53.5163 6.96879
      vertex -51.3475 53.2444 7.24602
    endloop
  endfacet
  facet normal -0.367808 -0.111457 0.923198
    outer loop
      vertex -51.6694 51.8867 7.61388
      vertex -51.971 51.6392 7.46384
      vertex -51.6364 51.7778 7.61388
    endloop
  endfacet
  facet normal 0.29701 -0.243683 0.923257
    outer loop
      vertex -50.6173 51.6775 7.61388
      vertex -50.6895 51.5895 7.61388
      vertex -50.4333 51.3333 7.46384
    endloop
  endfacet
  facet normal -0.0546918 -0.554763 0.830209
    outer loop
      vertex -51.2839 51.0753 7.46384
      vertex -51.3475 50.7556 7.24602
      vertex -51.1 50.7312 7.24602
    endloop
  endfacet
  facet normal 0.243702 -0.297033 0.923245
    outer loop
      vertex -50.6895 51.5895 7.61388
      vertex -50.7775 51.5173 7.61388
      vertex -50.5762 51.2161 7.46384
    endloop
  endfacet
  facet normal 0.161828 0.533449 0.830207
    outer loop
      vertex -50.8525 53.2444 7.24602
      vertex -50.9161 52.9247 7.46384
      vertex -50.6145 53.1722 7.24602
    endloop
  endfacet
  facet normal -0.920028 0.0906723 0.381218
    outer loop
      vertex -52.9771 52.3734 6.28057
      vertex -53.0139 52 6.28057
      vertex -52.8299 52.3441 6.64279
    endloop
  endfacet
  facet normal -0.367808 0.111457 0.923198
    outer loop
      vertex -51.6364 52.2222 7.61388
      vertex -51.971 52.3608 7.46384
      vertex -51.6694 52.1133 7.61388
    endloop
  endfacet
  facet normal -0.678272 0.205821 0.705397
    outer loop
      vertex -52.5283 52.5916 6.96879
      vertex -52.6163 52.3016 6.96879
      vertex -52.3444 52.2475 7.24602
    endloop
  endfacet
  facet normal -0.622314 0.758282 0.194253
    outer loop
      vertex -52.4144 53.4571 6
      vertex -52.4533 53.3533 6.28057
      vertex -52.1633 53.5913 6.28057
    endloop
  endfacet
  facet normal -0.622058 0.758465 0.194357
    outer loop
      vertex -52.4533 53.3533 6.28057
      vertex -52.4144 53.4571 6
      vertex -52.4928 53.3928 6
    endloop
  endfacet
  facet normal -0.435887 0.81535 0.38106
    outer loop
      vertex -51.8324 53.7682 6.28057
      vertex -52.0799 53.4666 6.64279
      vertex -51.775 53.6296 6.64279
    endloop
  endfacet
  facet normal -0.815317 -0.435858 -0.381164
    outer loop
      vertex -52.65 51.0885 4.85738
      vertex -52.7296 51.325 4.75721
      vertex -52.65 51.1761 4.75721
    endloop
  endfacet
  facet normal -0.815377 -0.435835 -0.381062
    outer loop
      vertex -52.7296 51.325 4.75721
      vertex -52.65 51.0885 4.85738
      vertex -52.8682 51.2676 5.11943
    endloop
  endfacet
  facet normal 0.81535 -0.435887 0.38106
    outer loop
      vertex -49.4704 51.325 6.64279
      vertex -49.6334 51.0201 6.64279
      vertex -49.3318 51.2676 6.28057
    endloop
  endfacet
  facet normal 0.938775 -0.284665 0.194083
    outer loop
      vertex -49.2229 51.6266 6.28057
      vertex -49.2508 51.3433 6
      vertex -49.1682 51.6157 6
    endloop
  endfacet
  facet normal 0.0906723 -0.920028 0.381218
    outer loop
      vertex -50.7559 50.2701 6.64279
      vertex -51.1 50.0861 6.28057
      vertex -50.7266 50.1229 6.28057
    endloop
  endfacet
  facet normal 0.758494 -0.622081 0.194171
    outer loop
      vertex -49.5087 50.9367 6.28057
      vertex -49.5266 50.8273 6
      vertex -49.4623 50.9057 6
    endloop
  endfacet
  facet normal 0.758278 -0.622311 0.194275
    outer loop
      vertex -49.5266 50.8273 6
      vertex -49.5087 50.9367 6.28057
      vertex -49.7467 50.6467 6.28057
    endloop
  endfacet
  facet normal 0.528305 0.643692 0.553673
    outer loop
      vertex -50.1201 53.4666 6.64279
      vertex -50.2411 53.2855 6.96879
      vertex -50.0068 53.0932 6.96879
    endloop
  endfacet
  facet normal 0.678286 -0.205766 0.7054
    outer loop
      vertex -49.8556 51.7525 7.24602
      vertex -49.9278 51.5145 7.24602
      vertex -49.5837 51.6984 6.96879
    endloop
  endfacet
  facet normal 0.796764 0.241777 0.553816
    outer loop
      vertex -49.37 52.3441 6.64279
      vertex -49.6717 52.5916 6.96879
      vertex -49.5837 52.3016 6.96879
    endloop
  endfacet
  facet normal 0.938842 0.284263 0.194345
    outer loop
      vertex -49.3318 52.7324 6.28057
      vertex -49.2508 52.6567 6
      vertex -49.2802 52.7538 6
    endloop
  endfacet
  facet normal 0.938727 0.284756 0.194179
    outer loop
      vertex -49.2508 52.6567 6
      vertex -49.3318 52.7324 6.28057
      vertex -49.2229 52.3734 6.28057
    endloop
  endfacet
  facet normal -0.333987 0.625228 0.705367
    outer loop
      vertex -51.5855 53.1722 7.24602
      vertex -51.9589 53.2855 6.96879
      vertex -51.8049 53.055 7.24602
    endloop
  endfacet
  facet normal -0.382394 0.0376364 0.923232
    outer loop
      vertex -52.0247 52.1839 7.46384
      vertex -52.0428 52 7.46384
      vertex -51.6694 52.1133 7.61388
    endloop
  endfacet
  facet normal 0.491666 0.26264 0.830232
    outer loop
      vertex -50.045 52.7049 7.24602
      vertex -50.229 52.3608 7.46384
      vertex -49.9278 52.4855 7.24602
    endloop
  endfacet
  facet normal -0.625228 -0.333987 0.705367
    outer loop
      vertex -52.2722 51.5145 7.24602
      vertex -52.3855 51.1411 6.96879
      vertex -52.155 51.2951 7.24602
    endloop
  endfacet
  facet normal -0.734494 -0.39239 0.553669
    outer loop
      vertex -52.5283 51.4084 6.96879
      vertex -52.5666 51.0201 6.64279
      vertex -52.3855 51.1411 6.96879
    endloop
  endfacet
  facet normal -0.678316 -0.205775 0.705369
    outer loop
      vertex -52.3444 51.7525 7.24602
      vertex -52.5283 51.4084 6.96879
      vertex -52.2722 51.5145 7.24602
    endloop
  endfacet
  facet normal -0.382394 -0.0376364 0.923232
    outer loop
      vertex -51.6694 51.8867 7.61388
      vertex -52.0428 52 7.46384
      vertex -52.0247 51.8161 7.46384
    endloop
  endfacet
  facet normal -0.554778 -0.0546029 0.830205
    outer loop
      vertex -52.0428 52 7.46384
      vertex -52.3444 51.7525 7.24602
      vertex -52.0247 51.8161 7.46384
    endloop
  endfacet
  facet normal -0.734279 -0.392536 -0.55385
    outer loop
      vertex -52.65 51.1761 4.75721
      vertex -52.7296 51.325 4.75721
      vertex -52.65 51.358 4.62829
    endloop
  endfacet
  facet normal 0.435888 -0.81535 0.381059
    outer loop
      vertex -50.1201 50.5334 6.64279
      vertex -50.3676 50.2318 6.28057
      vertex -50.0367 50.4087 6.28057
    endloop
  endfacet
  facet normal -0.622255 -0.758352 0.194167
    outer loop
      vertex -52.1633 50.4087 6.28057
      vertex -52.4144 50.5429 6
      vertex -52.1943 50.3623 6
    endloop
  endfacet
  facet normal -0.773203 -0.634159 0
    outer loop
      vertex -52.65 50.7663 5.50397
      vertex -52.7549 50.8942 5.89603
      vertex -52.7549 50.8942 5.50397
    endloop
  endfacet
  facet normal -0.773203 -0.634159 0
    outer loop
      vertex -52.7549 50.8942 5.89603
      vertex -52.65 50.7663 5.50397
      vertex -52.65 50.7663 5.89603
    endloop
  endfacet
  facet normal -0.096143 -0.976248 0.194157
    outer loop
      vertex -51.1 50.0861 6.28057
      vertex -51.3833 50.0582 6
      vertex -51.1 50.0303 6
    endloop
  endfacet
  facet normal -0.828761 -0.0815481 -0.553629
    outer loop
      vertex -52.65 51.9926 4.43825
      vertex -52.8638 52 4.75721
      vertex -52.65 52 4.43716
    endloop
  endfacet
  facet normal -0.828755 -0.0816472 -0.553623
    outer loop
      vertex -52.8638 52 4.75721
      vertex -52.65 51.9926 4.43825
      vertex -52.8299 51.6559 4.75721
    endloop
  endfacet
  facet normal -0.95699 -0.290121 0
    outer loop
      vertex -52.9389 51.2383 5.50397
      vertex -53.0521 51.6117 5.89603
      vertex -53.0521 51.6117 5.50397
    endloop
  endfacet
  facet normal -0.95699 -0.290121 0
    outer loop
      vertex -53.0521 51.6117 5.89603
      vertex -52.9389 51.2383 5.50397
      vertex -52.9389 51.2383 5.89603
    endloop
  endfacet
  facet normal -0.881842 -0.471546 0
    outer loop
      vertex -52.7549 50.8942 5.50397
      vertex -52.9389 51.2383 5.89603
      vertex -52.9389 51.2383 5.50397
    endloop
  endfacet
  facet normal -0.881842 -0.471546 0
    outer loop
      vertex -52.9389 51.2383 5.89603
      vertex -52.7549 50.8942 5.50397
      vertex -52.7549 50.8942 5.89603
    endloop
  endfacet
  facet normal 0.0545983 0.554731 0.830237
    outer loop
      vertex -51.1 53.2688 7.24602
      vertex -51.1 52.9428 7.46384
      vertex -50.9161 52.9247 7.46384
    endloop
  endfacet
  facet normal 0.0694677 0.705437 0.70536
    outer loop
      vertex -51.1 53.546 6.96879
      vertex -51.1 53.2688 7.24602
      vertex -50.7984 53.5163 6.96879
    endloop
  endfacet
  facet normal 0.262626 0.49164 0.830251
    outer loop
      vertex -50.3951 53.055 7.24602
      vertex -50.6145 53.1722 7.24602
      vertex -50.5762 52.7839 7.46384
    endloop
  endfacet
  facet normal -0.796964 0.241726 -0.553549
    outer loop
      vertex -52.8299 52.3441 4.75721
      vertex -52.65 52.642 4.62829
      vertex -52.65 52.4918 4.5627
    endloop
  endfacet
  facet normal -0.796835 0.241531 -0.553821
    outer loop
      vertex -52.65 52.642 4.62829
      vertex -52.8299 52.3441 4.75721
      vertex -52.7296 52.675 4.75721
    endloop
  endfacet
  facet normal -0.715095 0.585981 -0.381137
    outer loop
      vertex -52.65 53.0854 5.07592
      vertex -52.6913 53.0633 5.11943
      vertex -52.65 53.1137 5.11943
    endloop
  endfacet
  facet normal -0.796872 0.241809 0.553646
    outer loop
      vertex -52.5283 52.5916 6.96879
      vertex -52.8299 52.3441 6.64279
      vertex -52.6163 52.3016 6.96879
    endloop
  endfacet
  facet normal -0.828761 0.0815481 -0.553629
    outer loop
      vertex -52.8638 52 4.75721
      vertex -52.65 52.0074 4.43825
      vertex -52.65 52 4.43716
    endloop
  endfacet
  facet normal -0.828755 0.0816472 -0.553623
    outer loop
      vertex -52.65 52.0074 4.43825
      vertex -52.8638 52 4.75721
      vertex -52.8299 52.3441 4.75721
    endloop
  endfacet
  facet normal -0.884676 0.26836 -0.381225
    outer loop
      vertex -52.8299 52.3441 4.75721
      vertex -52.9771 52.3734 5.11943
      vertex -52.8682 52.7324 5.11943
    endloop
  endfacet
  facet normal -0.796951 0.241628 -0.553611
    outer loop
      vertex -52.65 52.3083 4.48261
      vertex -52.8299 52.3441 4.75721
      vertex -52.65 52.4918 4.5627
    endloop
  endfacet
  facet normal -0.828775 0.081614 -0.553599
    outer loop
      vertex -52.65 52.0074 4.43825
      vertex -52.8299 52.3441 4.75721
      vertex -52.65 52.3083 4.48261
    endloop
  endfacet
  facet normal 0.547986 0.449674 0.70534
    outer loop
      vertex -50.0068 53.0932 6.96879
      vertex -50.2028 52.8972 7.24602
      vertex -50.045 52.7049 7.24602
    endloop
  endfacet
  facet normal 0.705437 0.0694677 0.70536
    outer loop
      vertex -49.5837 52.3016 6.96879
      vertex -49.8312 52 7.24602
      vertex -49.554 52 6.96879
    endloop
  endfacet
  facet normal 0.884758 -0.268385 0.381016
    outer loop
      vertex -49.2229 51.6266 6.28057
      vertex -49.37 51.6559 6.64279
      vertex -49.3318 51.2676 6.28057
    endloop
  endfacet
  facet normal 0.241562 -0.796938 0.553658
    outer loop
      vertex -50.425 50.3704 6.64279
      vertex -50.7984 50.4837 6.96879
      vertex -50.7559 50.2701 6.64279
    endloop
  endfacet
  facet normal 0.353461 -0.430968 0.83026
    outer loop
      vertex -50.4333 51.3333 7.46384
      vertex -50.5762 51.2161 7.46384
      vertex -50.3951 50.945 7.24602
    endloop
  endfacet
  facet normal 0.268173 -0.884729 0.381231
    outer loop
      vertex -50.425 50.3704 6.64279
      vertex -50.7559 50.2701 6.64279
      vertex -50.7266 50.1229 6.28057
    endloop
  endfacet
  facet normal 0.554728 -0.0546883 0.830233
    outer loop
      vertex -49.8312 52 7.24602
      vertex -50.1572 52 7.46384
      vertex -49.8556 51.7525 7.24602
    endloop
  endfacet
  facet normal -0.547922 -0.449703 0.705372
    outer loop
      vertex -52.155 51.2951 7.24602
      vertex -52.3855 51.1411 6.96879
      vertex -52.1932 50.9068 6.96879
    endloop
  endfacet
  facet normal 0.53341 0.161816 0.830234
    outer loop
      vertex -49.9278 52.4855 7.24602
      vertex -50.229 52.3608 7.46384
      vertex -49.8556 52.2475 7.24602
    endloop
  endfacet
  facet normal 0.241773 -0.796752 0.553834
    outer loop
      vertex -50.5084 50.5717 6.96879
      vertex -50.7984 50.4837 6.96879
      vertex -50.425 50.3704 6.64279
    endloop
  endfacet
  facet normal 0.758322 0.622231 0.194361
    outer loop
      vertex -49.7072 53.3928 6
      vertex -49.7467 53.3533 6.28057
      vertex -49.5266 53.1727 6
    endloop
  endfacet
  facet normal 0.88472 0.268437 0.381068
    outer loop
      vertex -49.3318 52.7324 6.28057
      vertex -49.4704 52.675 6.64279
      vertex -49.37 52.3441 6.64279
    endloop
  endfacet
  facet normal 0.172782 0.0925066 0.980606
    outer loop
      vertex -50.6173 52.3225 7.61388
      vertex -50.9189 52.075 7.69037
      vertex -50.5636 52.2222 7.61388
    endloop
  endfacet
  facet normal 0.430928 0.353616 0.830215
    outer loop
      vertex -50.2028 52.8972 7.24602
      vertex -50.4333 52.6667 7.46384
      vertex -50.045 52.7049 7.24602
    endloop
  endfacet
  facet normal -0.92002 0.0906384 0.381246
    outer loop
      vertex -52.8299 52.3441 6.64279
      vertex -53.0139 52 6.28057
      vertex -52.8638 52 6.64279
    endloop
  endfacet
  facet normal -0.554728 0.0546883 0.830233
    outer loop
      vertex -52.3444 52.2475 7.24602
      vertex -52.3688 52 7.24602
      vertex -52.0428 52 7.46384
    endloop
  endfacet
  facet normal -0.367691 0.111617 0.923225
    outer loop
      vertex -51.971 52.3608 7.46384
      vertex -52.0247 52.1839 7.46384
      vertex -51.6694 52.1133 7.61388
    endloop
  endfacet
  facet normal -0.151533 0.124326 0.980602
    outer loop
      vertex -51.5105 52.4105 7.61388
      vertex -51.5827 52.3225 7.61388
      vertex -51.2386 52.1386 7.69037
    endloop
  endfacet
  facet normal -0.334004 0.625204 0.70538
    outer loop
      vertex -51.6916 53.4283 6.96879
      vertex -51.9589 53.2855 6.96879
      vertex -51.5855 53.1722 7.24602
    endloop
  endfacet
  facet normal 0.151471 -0.124441 0.980597
    outer loop
      vertex -50.937 51.8911 7.69037
      vertex -50.9614 51.8614 7.69037
      vertex -50.6173 51.6775 7.61388
    endloop
  endfacet
  facet normal 0.161912 -0.533374 0.830239
    outer loop
      vertex -50.7392 51.129 7.46384
      vertex -50.9161 51.0753 7.46384
      vertex -50.6145 50.8278 7.24602
    endloop
  endfacet
  facet normal 0.938727 -0.284756 0.194179
    outer loop
      vertex -49.3318 51.2676 6.28057
      vertex -49.2508 51.3433 6
      vertex -49.2229 51.6266 6.28057
    endloop
  endfacet
  facet normal 0.938842 -0.284263 0.194345
    outer loop
      vertex -49.2508 51.3433 6
      vertex -49.3318 51.2676 6.28057
      vertex -49.2802 51.2462 6
    endloop
  endfacet
  facet normal -0.625204 -0.334004 0.70538
    outer loop
      vertex -52.2722 51.5145 7.24602
      vertex -52.5283 51.4084 6.96879
      vertex -52.3855 51.1411 6.96879
    endloop
  endfacet
  facet normal -0.268173 -0.884729 0.381231
    outer loop
      vertex -51.4441 50.2701 6.64279
      vertex -51.775 50.3704 6.64279
      vertex -51.4734 50.1229 6.28057
    endloop
  endfacet
  facet normal 0.491666 -0.26264 0.830232
    outer loop
      vertex -49.9278 51.5145 7.24602
      vertex -50.229 51.6392 7.46384
      vertex -50.045 51.2951 7.24602
    endloop
  endfacet
  facet normal 0.33888 -0.181083 0.923238
    outer loop
      vertex -50.229 51.6392 7.46384
      vertex -50.6173 51.6775 7.61388
      vertex -50.3161 51.4762 7.46384
    endloop
  endfacet
  facet normal -0.462497 -0.865124 0.194054
    outer loop
      vertex -51.9432 50.2281 6
      vertex -51.8324 50.2318 6.28057
      vertex -52.1633 50.4087 6.28057
    endloop
  endfacet
  facet normal -0.463271 -0.864643 0.194353
    outer loop
      vertex -51.8324 50.2318 6.28057
      vertex -51.9432 50.2281 6
      vertex -51.8538 50.1802 6
    endloop
  endfacet
  facet normal -0.828744 0.0816104 0.553645
    outer loop
      vertex -52.6163 52.3016 6.96879
      vertex -52.8299 52.3441 6.64279
      vertex -52.646 52 6.96879
    endloop
  endfacet
  facet normal -0.865038 -0.46256 0.194287
    outer loop
      vertex -52.8682 51.2676 6.28057
      vertex -52.9389 51.2383 5.89603
      vertex -52.7549 50.8942 5.89603
    endloop
  endfacet
  facet normal 0.586514 -0.71466 0.381134
    outer loop
      vertex -49.8528 50.7528 6.64279
      vertex -50.0367 50.4087 6.28057
      vertex -49.7467 50.6467 6.28057
    endloop
  endfacet
  facet normal 0.71466 -0.586514 0.381134
    outer loop
      vertex -49.5087 50.9367 6.28057
      vertex -49.8528 50.7528 6.64279
      vertex -49.7467 50.6467 6.28057
    endloop
  endfacet
  facet normal 0.096211 -0.976228 0.194224
    outer loop
      vertex -50.8167 50.0582 6
      vertex -50.7266 50.1229 6.28057
      vertex -51.1 50.0861 6.28057
    endloop
  endfacet
  facet normal 0.0966547 -0.976213 0.194078
    outer loop
      vertex -50.7266 50.1229 6.28057
      vertex -50.8167 50.0582 6
      vertex -50.7157 50.0682 6
    endloop
  endfacet
  facet normal 0.284665 -0.938775 0.194083
    outer loop
      vertex -50.4433 50.1508 6
      vertex -50.7266 50.1229 6.28057
      vertex -50.7157 50.0682 6
    endloop
  endfacet
  facet normal -0.0966547 -0.976213 0.194078
    outer loop
      vertex -51.3833 50.0582 6
      vertex -51.4734 50.1229 6.28057
      vertex -51.4843 50.0682 6
    endloop
  endfacet
  facet normal -0.096211 -0.976228 0.194224
    outer loop
      vertex -51.4734 50.1229 6.28057
      vertex -51.3833 50.0582 6
      vertex -51.1 50.0861 6.28057
    endloop
  endfacet
  facet normal -0.815385 -0.435784 -0.381104
    outer loop
      vertex -52.65 50.9643 4.9994
      vertex -52.8682 51.2676 5.11943
      vertex -52.65 51.0885 4.85738
    endloop
  endfacet
  facet normal -0.815438 -0.435935 -0.380817
    outer loop
      vertex -52.8682 51.2676 5.11943
      vertex -52.65 50.9643 4.9994
      vertex -52.6913 50.9367 5.11943
    endloop
  endfacet
  facet normal -0.938755 -0.284593 -0.19428
    outer loop
      vertex -52.9389 51.2383 5.50397
      vertex -53.0521 51.6117 5.50397
      vertex -52.8682 51.2676 5.11943
    endloop
  endfacet
  facet normal -0.865099 -0.462484 -0.194195
    outer loop
      vertex -52.7549 50.8942 5.50397
      vertex -52.8682 51.2676 5.11943
      vertex -52.6913 50.9367 5.11943
    endloop
  endfacet
  facet normal -0.938755 -0.284593 0.19428
    outer loop
      vertex -52.8682 51.2676 6.28057
      vertex -53.0521 51.6117 5.89603
      vertex -52.9389 51.2383 5.89603
    endloop
  endfacet
  facet normal -0.796833 -0.24153 0.553823
    outer loop
      vertex -52.5283 51.4084 6.96879
      vertex -52.8299 51.6559 6.64279
      vertex -52.7296 51.325 6.64279
    endloop
  endfacet
  facet normal -0.268173 0.884729 0.381231
    outer loop
      vertex -51.4734 53.8771 6.28057
      vertex -51.775 53.6296 6.64279
      vertex -51.4441 53.7299 6.64279
    endloop
  endfacet
  facet normal -0.881842 0.471546 0
    outer loop
      vertex -52.9389 52.7617 5.50397
      vertex -52.7549 53.1058 5.89603
      vertex -52.7549 53.1058 5.50397
    endloop
  endfacet
  facet normal -0.881842 0.471546 0
    outer loop
      vertex -52.7549 53.1058 5.89603
      vertex -52.9389 52.7617 5.50397
      vertex -52.9389 52.7617 5.89603
    endloop
  endfacet
  facet normal -0.773203 0.634159 0
    outer loop
      vertex -52.7549 53.1058 5.50397
      vertex -52.65 53.2337 5.89603
      vertex -52.65 53.2337 5.50397
    endloop
  endfacet
  facet normal -0.773203 0.634159 0
    outer loop
      vertex -52.65 53.2337 5.89603
      vertex -52.7549 53.1058 5.50397
      vertex -52.7549 53.1058 5.89603
    endloop
  endfacet
  facet normal -0.884797 0.268193 -0.381059
    outer loop
      vertex -52.8299 52.3441 4.75721
      vertex -52.8682 52.7324 5.11943
      vertex -52.7296 52.675 4.75721
    endloop
  endfacet
  facet normal -0.268379 0.884738 0.381066
    outer loop
      vertex -51.4734 53.8771 6.28057
      vertex -51.8324 53.7682 6.28057
      vertex -51.775 53.6296 6.64279
    endloop
  endfacet
  facet normal -0.462383 0.86516 0.194166
    outer loop
      vertex -51.9432 53.7719 6
      vertex -52.1943 53.6377 6
      vertex -52.1633 53.5913 6.28057
    endloop
  endfacet
  facet normal -0.622255 0.758352 0.194167
    outer loop
      vertex -52.1943 53.6377 6
      vertex -52.4144 53.4571 6
      vertex -52.1633 53.5913 6.28057
    endloop
  endfacet
  facet normal -0.938738 0.284759 0.194123
    outer loop
      vertex -52.8682 52.7324 6.28057
      vertex -53.0521 52.3883 5.89603
      vertex -52.9771 52.3734 6.28057
    endloop
  endfacet
  facet normal -0.976246 0.0962127 0.194133
    outer loop
      vertex -52.9771 52.3734 6.28057
      vertex -53.0521 52.3883 5.89603
      vertex -53.0139 52 6.28057
    endloop
  endfacet
  facet normal -0.938755 0.284593 -0.19428
    outer loop
      vertex -52.8682 52.7324 5.11943
      vertex -53.0521 52.3883 5.50397
      vertex -52.9389 52.7617 5.50397
    endloop
  endfacet
  facet normal -0.758797 0.621792 -0.193915
    outer loop
      vertex -52.6913 53.0633 5.11943
      vertex -52.65 53.1919 5.37018
      vertex -52.65 53.1137 5.11943
    endloop
  endfacet
  facet normal -0.75838 0.622211 -0.194198
    outer loop
      vertex -52.65 53.1919 5.37018
      vertex -52.6913 53.0633 5.11943
      vertex -52.7549 53.1058 5.50397
    endloop
  endfacet
  facet normal -0.714964 0.58634 -0.38083
    outer loop
      vertex -52.65 53.0357 4.9994
      vertex -52.6913 53.0633 5.11943
      vertex -52.65 53.0854 5.07592
    endloop
  endfacet
  facet normal 0.920117 0.0906811 0.381001
    outer loop
      vertex -49.2229 52.3734 6.28057
      vertex -49.37 52.3441 6.64279
      vertex -49.1861 52 6.28057
    endloop
  endfacet
  facet normal 0.976269 0.0961111 0.194067
    outer loop
      vertex -49.1682 52.3843 6
      vertex -49.2229 52.3734 6.28057
      vertex -49.1403 52.1009 6
    endloop
  endfacet
  facet normal 0.976278 0.0962159 0.193968
    outer loop
      vertex -49.1861 52 6.28057
      vertex -49.1403 52.1009 6
      vertex -49.2229 52.3734 6.28057
    endloop
  endfacet
  facet normal 0.97619 0.0967483 0.194146
    outer loop
      vertex -49.1403 52.1009 6
      vertex -49.1861 52 6.28057
      vertex -49.1303 52 6
    endloop
  endfacet
  facet normal 0.625204 -0.334004 0.70538
    outer loop
      vertex -49.6717 51.4084 6.96879
      vertex -49.9278 51.5145 7.24602
      vertex -49.8145 51.1411 6.96879
    endloop
  endfacet
  facet normal 0.734494 -0.39239 0.553669
    outer loop
      vertex -49.6717 51.4084 6.96879
      vertex -49.8145 51.1411 6.96879
      vertex -49.6334 51.0201 6.64279
    endloop
  endfacet
  facet normal 0.81535 -0.435888 0.381059
    outer loop
      vertex -49.3318 51.2676 6.28057
      vertex -49.6334 51.0201 6.64279
      vertex -49.5087 50.9367 6.28057
    endloop
  endfacet
  facet normal 0.262626 -0.49164 0.830251
    outer loop
      vertex -50.5762 51.2161 7.46384
      vertex -50.6145 50.8278 7.24602
      vertex -50.3951 50.945 7.24602
    endloop
  endfacet
  facet normal 0.435887 -0.81535 0.38106
    outer loop
      vertex -50.1201 50.5334 6.64279
      vertex -50.425 50.3704 6.64279
      vertex -50.3676 50.2318 6.28057
    endloop
  endfacet
  facet normal 0.430968 0.353461 0.83026
    outer loop
      vertex -50.045 52.7049 7.24602
      vertex -50.4333 52.6667 7.46384
      vertex -50.3161 52.5238 7.46384
    endloop
  endfacet
  facet normal 0.367691 0.111617 0.923225
    outer loop
      vertex -50.229 52.3608 7.46384
      vertex -50.5306 52.1133 7.61388
      vertex -50.1753 52.1839 7.46384
    endloop
  endfacet
  facet normal 0.678286 0.205766 0.7054
    outer loop
      vertex -49.5837 52.3016 6.96879
      vertex -49.9278 52.4855 7.24602
      vertex -49.8556 52.2475 7.24602
    endloop
  endfacet
  facet normal 0.187561 0.0568366 0.980607
    outer loop
      vertex -50.5636 52.2222 7.61388
      vertex -50.9189 52.075 7.69037
      vertex -50.5306 52.1133 7.61388
    endloop
  endfacet
  facet normal 0.205766 0.678286 0.7054
    outer loop
      vertex -50.7984 53.5163 6.96879
      vertex -50.8525 53.2444 7.24602
      vertex -50.6145 53.1722 7.24602
    endloop
  endfacet
  facet normal 0.491601 0.26269 0.830255
    outer loop
      vertex -50.045 52.7049 7.24602
      vertex -50.3161 52.5238 7.46384
      vertex -50.229 52.3608 7.46384
    endloop
  endfacet
  facet normal 0.81535 0.435887 0.38106
    outer loop
      vertex -49.3318 52.7324 6.28057
      vertex -49.6334 52.9799 6.64279
      vertex -49.4704 52.675 6.64279
    endloop
  endfacet
  facet normal 0.938775 0.284665 0.194083
    outer loop
      vertex -49.1682 52.3843 6
      vertex -49.2508 52.6567 6
      vertex -49.2229 52.3734 6.28057
    endloop
  endfacet
  facet normal 0.714637 0.586575 0.381082
    outer loop
      vertex -49.5087 53.0633 6.28057
      vertex -49.8528 53.2472 6.64279
      vertex -49.6334 52.9799 6.64279
    endloop
  endfacet
  facet normal 0.79676 0.241749 0.553833
    outer loop
      vertex -49.4704 52.675 6.64279
      vertex -49.6717 52.5916 6.96879
      vertex -49.37 52.3441 6.64279
    endloop
  endfacet
  facet normal -0.430968 0.353461 0.83026
    outer loop
      vertex -51.7667 52.6667 7.46384
      vertex -52.155 52.7049 7.24602
      vertex -51.8839 52.5238 7.46384
    endloop
  endfacet
  facet normal -0.297072 0.243645 0.923247
    outer loop
      vertex -51.7667 52.6667 7.46384
      vertex -51.8839 52.5238 7.46384
      vertex -51.5827 52.3225 7.61388
    endloop
  endfacet
  facet normal -0.533426 0.161927 0.830203
    outer loop
      vertex -51.971 52.3608 7.46384
      vertex -52.3444 52.2475 7.24602
      vertex -52.0247 52.1839 7.46384
    endloop
  endfacet
  facet normal -0.554778 0.0546029 0.830205
    outer loop
      vertex -52.0247 52.1839 7.46384
      vertex -52.3444 52.2475 7.24602
      vertex -52.0428 52 7.46384
    endloop
  endfacet
  facet normal -0.705433 -0.0695457 0.705357
    outer loop
      vertex -52.3688 52 7.24602
      vertex -52.646 52 6.96879
      vertex -52.3444 51.7525 7.24602
    endloop
  endfacet
  facet normal -0.705402 0.0694643 0.705396
    outer loop
      vertex -52.6163 52.3016 6.96879
      vertex -52.646 52 6.96879
      vertex -52.3444 52.2475 7.24602
    endloop
  endfacet
  facet normal -0.382436 0.0378048 0.923208
    outer loop
      vertex -51.6694 52.1133 7.61388
      vertex -52.0428 52 7.46384
      vertex -51.6806 52 7.61388
    endloop
  endfacet
  facet normal -0.382436 -0.0378048 0.923208
    outer loop
      vertex -51.6806 52 7.61388
      vertex -52.0428 52 7.46384
      vertex -51.6694 51.8867 7.61388
    endloop
  endfacet
  facet normal -0.491601 0.26269 0.830255
    outer loop
      vertex -51.8839 52.5238 7.46384
      vertex -52.155 52.7049 7.24602
      vertex -51.971 52.3608 7.46384
    endloop
  endfacet
  facet normal -0.205766 0.678286 0.7054
    outer loop
      vertex -51.4016 53.5163 6.96879
      vertex -51.5855 53.1722 7.24602
      vertex -51.3475 53.2444 7.24602
    endloop
  endfacet
  facet normal -0.734494 0.39239 0.553669
    outer loop
      vertex -52.3855 52.8589 6.96879
      vertex -52.5666 52.9799 6.64279
      vertex -52.5283 52.5916 6.96879
    endloop
  endfacet
  facet normal -0.678316 0.205775 0.705369
    outer loop
      vertex -52.2722 52.4855 7.24602
      vertex -52.5283 52.5916 6.96879
      vertex -52.3444 52.2475 7.24602
    endloop
  endfacet
  facet normal 0.111631 -0.367739 0.923204
    outer loop
      vertex -50.8778 51.4636 7.61388
      vertex -50.9161 51.0753 7.46384
      vertex -50.7392 51.129 7.46384
    endloop
  endfacet
  facet normal 0.243633 -0.297058 0.923255
    outer loop
      vertex -50.4333 51.3333 7.46384
      vertex -50.6895 51.5895 7.61388
      vertex -50.5762 51.2161 7.46384
    endloop
  endfacet
  facet normal 0.01889 0.195027 0.980616
    outer loop
      vertex -51.1 52.5806 7.61388
      vertex -51.1 52.196 7.69037
      vertex -51.0618 52.1923 7.69037
    endloop
  endfacet
  facet normal -0.491601 -0.26269 0.830255
    outer loop
      vertex -51.971 51.6392 7.46384
      vertex -52.155 51.2951 7.24602
      vertex -51.8839 51.4762 7.46384
    endloop
  endfacet
  facet normal 0.0695415 -0.70539 0.705399
    outer loop
      vertex -50.8525 50.7556 7.24602
      vertex -51.1 50.7312 7.24602
      vertex -50.7984 50.4837 6.96879
    endloop
  endfacet
  facet normal -0.714637 -0.586575 0.381082
    outer loop
      vertex -52.5666 51.0201 6.64279
      vertex -52.6913 50.9367 6.28057
      vertex -52.3472 50.7528 6.64279
    endloop
  endfacet
  facet normal -0.643703 -0.528314 0.553652
    outer loop
      vertex -52.1932 50.9068 6.96879
      vertex -52.3855 51.1411 6.96879
      vertex -52.3472 50.7528 6.64279
    endloop
  endfacet
  facet normal 0 0 1
    outer loop
      vertex -50.9077 52.0382 7.69037
      vertex -50.9077 51.9618 7.69037
      vertex -50.904 52 7.69037
    endloop
  endfacet
  facet normal 0 0 1
    outer loop
      vertex -50.9189 52.075 7.69037
      vertex -50.9077 51.9618 7.69037
      vertex -50.9077 52.0382 7.69037
    endloop
  endfacet
  facet normal 0 0 1
    outer loop
      vertex -50.9189 52.075 7.69037
      vertex -50.9189 51.925 7.69037
      vertex -50.9077 51.9618 7.69037
    endloop
  endfacet
  facet normal 0 0 1
    outer loop
      vertex -50.937 52.1089 7.69037
      vertex -50.9189 51.925 7.69037
      vertex -50.9189 52.075 7.69037
    endloop
  endfacet
  facet normal 0 0 1
    outer loop
      vertex -50.937 52.1089 7.69037
      vertex -50.937 51.8911 7.69037
      vertex -50.9189 51.925 7.69037
    endloop
  endfacet
  facet normal 0 0 1
    outer loop
      vertex -50.9614 52.1386 7.69037
      vertex -50.937 51.8911 7.69037
      vertex -50.937 52.1089 7.69037
    endloop
  endfacet
  facet normal 0 0 1
    outer loop
      vertex -50.9614 52.1386 7.69037
      vertex -50.9614 51.8614 7.69037
      vertex -50.937 51.8911 7.69037
    endloop
  endfacet
  facet normal 0 0 1
    outer loop
      vertex -50.9911 52.163 7.69037
      vertex -50.9614 51.8614 7.69037
      vertex -50.9614 52.1386 7.69037
    endloop
  endfacet
  facet normal 0 0 1
    outer loop
      vertex -50.9911 52.163 7.69037
      vertex -50.9911 51.837 7.69037
      vertex -50.9614 51.8614 7.69037
    endloop
  endfacet
  facet normal 0 0 1
    outer loop
      vertex -51.025 52.1811 7.69037
      vertex -50.9911 51.837 7.69037
      vertex -50.9911 52.163 7.69037
    endloop
  endfacet
  facet normal 0 0 1
    outer loop
      vertex -51.025 52.1811 7.69037
      vertex -51.025 51.8189 7.69037
      vertex -50.9911 51.837 7.69037
    endloop
  endfacet
  facet normal 0 0 1
    outer loop
      vertex -51.0618 52.1923 7.69037
      vertex -51.025 51.8189 7.69037
      vertex -51.025 52.1811 7.69037
    endloop
  endfacet
  facet normal 0 0 1
    outer loop
      vertex -51.0618 52.1923 7.69037
      vertex -51.0618 51.8077 7.69037
      vertex -51.025 51.8189 7.69037
    endloop
  endfacet
  facet normal 0 0 1
    outer loop
      vertex -51.1 52.196 7.69037
      vertex -51.0618 51.8077 7.69037
      vertex -51.0618 52.1923 7.69037
    endloop
  endfacet
  facet normal 0 0 1
    outer loop
      vertex -51.1 52.196 7.69037
      vertex -51.1 51.804 7.69037
      vertex -51.0618 51.8077 7.69037
    endloop
  endfacet
  facet normal -0 0 1
    outer loop
      vertex -51.1382 52.1923 7.69037
      vertex -51.1 51.804 7.69037
      vertex -51.1 52.196 7.69037
    endloop
  endfacet
  facet normal 0 0 1
    outer loop
      vertex -51.1382 52.1923 7.69037
      vertex -51.1382 51.8077 7.69037
      vertex -51.1 51.804 7.69037
    endloop
  endfacet
  facet normal -0 0 1
    outer loop
      vertex -51.175 52.1811 7.69037
      vertex -51.1382 51.8077 7.69037
      vertex -51.1382 52.1923 7.69037
    endloop
  endfacet
  facet normal 0 0 1
    outer loop
      vertex -51.175 52.1811 7.69037
      vertex -51.175 51.8189 7.69037
      vertex -51.1382 51.8077 7.69037
    endloop
  endfacet
  facet normal -0 0 1
    outer loop
      vertex -51.2089 52.163 7.69037
      vertex -51.175 51.8189 7.69037
      vertex -51.175 52.1811 7.69037
    endloop
  endfacet
  facet normal 0 0 1
    outer loop
      vertex -51.2089 52.163 7.69037
      vertex -51.2089 51.837 7.69037
      vertex -51.175 51.8189 7.69037
    endloop
  endfacet
  facet normal -0 0 1
    outer loop
      vertex -51.2386 52.1386 7.69037
      vertex -51.2089 51.837 7.69037
      vertex -51.2089 52.163 7.69037
    endloop
  endfacet
  facet normal 0 0 1
    outer loop
      vertex -51.2386 52.1386 7.69037
      vertex -51.2386 51.8614 7.69037
      vertex -51.2089 51.837 7.69037
    endloop
  endfacet
  facet normal -0 0 1
    outer loop
      vertex -51.263 52.1089 7.69037
      vertex -51.2386 51.8614 7.69037
      vertex -51.2386 52.1386 7.69037
    endloop
  endfacet
  facet normal 0 0 1
    outer loop
      vertex -51.263 52.1089 7.69037
      vertex -51.263 51.8911 7.69037
      vertex -51.2386 51.8614 7.69037
    endloop
  endfacet
  facet normal -0 0 1
    outer loop
      vertex -51.2811 52.075 7.69037
      vertex -51.263 51.8911 7.69037
      vertex -51.263 52.1089 7.69037
    endloop
  endfacet
  facet normal 0 0 1
    outer loop
      vertex -51.2811 52.075 7.69037
      vertex -51.2811 51.925 7.69037
      vertex -51.263 51.8911 7.69037
    endloop
  endfacet
  facet normal -0 0 1
    outer loop
      vertex -51.2923 52.0382 7.69037
      vertex -51.2811 51.925 7.69037
      vertex -51.2811 52.075 7.69037
    endloop
  endfacet
  facet normal 0 0 1
    outer loop
      vertex -51.2923 52.0382 7.69037
      vertex -51.2923 51.9618 7.69037
      vertex -51.2811 51.925 7.69037
    endloop
  endfacet
  facet normal 0 -0 1
    outer loop
      vertex -51.2923 51.9618 7.69037
      vertex -51.2923 52.0382 7.69037
      vertex -51.296 52 7.69037
    endloop
  endfacet
  facet normal 0.262708 -0.491635 0.830228
    outer loop
      vertex -50.5762 51.2161 7.46384
      vertex -50.7392 51.129 7.46384
      vertex -50.6145 50.8278 7.24602
    endloop
  endfacet
  facet normal 0.547986 -0.449674 0.70534
    outer loop
      vertex -50.045 51.2951 7.24602
      vertex -50.2028 51.1028 7.24602
      vertex -50.0068 50.9068 6.96879
    endloop
  endfacet
  facet normal 0.430928 -0.353616 0.830215
    outer loop
      vertex -50.045 51.2951 7.24602
      vertex -50.4333 51.3333 7.46384
      vertex -50.2028 51.1028 7.24602
    endloop
  endfacet
  facet normal -0.865099 -0.462484 0.194195
    outer loop
      vertex -52.6913 50.9367 6.28057
      vertex -52.8682 51.2676 6.28057
      vertex -52.7549 50.8942 5.89603
    endloop
  endfacet
  facet normal -0.435888 -0.81535 0.381059
    outer loop
      vertex -52.0799 50.5334 6.64279
      vertex -52.1633 50.4087 6.28057
      vertex -51.8324 50.2318 6.28057
    endloop
  endfacet
  facet normal -0.462383 -0.86516 0.194166
    outer loop
      vertex -52.1633 50.4087 6.28057
      vertex -52.1943 50.3623 6
      vertex -51.9432 50.2281 6
    endloop
  endfacet
  facet normal -0.734284 -0.392549 0.553834
    outer loop
      vertex -52.5283 51.4084 6.96879
      vertex -52.7296 51.325 6.64279
      vertex -52.5666 51.0201 6.64279
    endloop
  endfacet
  facet normal -0.92002 -0.0906384 0.381246
    outer loop
      vertex -52.8638 52 6.64279
      vertex -53.0139 52 6.28057
      vertex -52.8299 51.6559 6.64279
    endloop
  endfacet
  facet normal 0.622255 -0.758352 0.194167
    outer loop
      vertex -49.7856 50.5429 6
      vertex -50.0367 50.4087 6.28057
      vertex -50.0057 50.3623 6
    endloop
  endfacet
  facet normal 0.462383 -0.86516 0.194166
    outer loop
      vertex -50.0367 50.4087 6.28057
      vertex -50.2568 50.2281 6
      vertex -50.0057 50.3623 6
    endloop
  endfacet
  facet normal 0.268379 -0.884738 0.381066
    outer loop
      vertex -50.425 50.3704 6.64279
      vertex -50.7266 50.1229 6.28057
      vertex -50.3676 50.2318 6.28057
    endloop
  endfacet
  facet normal 0.284756 -0.938727 0.194179
    outer loop
      vertex -50.4433 50.1508 6
      vertex -50.3676 50.2318 6.28057
      vertex -50.7266 50.1229 6.28057
    endloop
  endfacet
  facet normal 0.284263 -0.938842 0.194345
    outer loop
      vertex -50.3676 50.2318 6.28057
      vertex -50.4433 50.1508 6
      vertex -50.3462 50.1802 6
    endloop
  endfacet
  facet normal 0.096143 -0.976248 0.194157
    outer loop
      vertex -51.1 50.0861 6.28057
      vertex -51.1 50.0303 6
      vertex -50.8167 50.0582 6
    endloop
  endfacet
  facet normal -0.796951 -0.241628 -0.553611
    outer loop
      vertex -52.65 51.5082 4.5627
      vertex -52.8299 51.6559 4.75721
      vertex -52.65 51.6917 4.48261
    endloop
  endfacet
  facet normal -0.796964 -0.241726 -0.553549
    outer loop
      vertex -52.65 51.358 4.62829
      vertex -52.8299 51.6559 4.75721
      vertex -52.65 51.5082 4.5627
    endloop
  endfacet
  facet normal -0.796835 -0.241531 -0.553821
    outer loop
      vertex -52.8299 51.6559 4.75721
      vertex -52.65 51.358 4.62829
      vertex -52.7296 51.325 4.75721
    endloop
  endfacet
  facet normal -0.715095 -0.585981 -0.381137
    outer loop
      vertex -52.65 50.8863 5.11943
      vertex -52.6913 50.9367 5.11943
      vertex -52.65 50.9146 5.07592
    endloop
  endfacet
  facet normal -0.884676 -0.26836 -0.381225
    outer loop
      vertex -52.8682 51.2676 5.11943
      vertex -52.9771 51.6266 5.11943
      vertex -52.8299 51.6559 4.75721
    endloop
  endfacet
  facet normal -0.995171 0.0981587 0
    outer loop
      vertex -53.0904 52 5.50397
      vertex -53.0521 52.3883 5.89603
      vertex -53.0521 52.3883 5.50397
    endloop
  endfacet
  facet normal -0.995171 0.0981587 0
    outer loop
      vertex -53.0521 52.3883 5.89603
      vertex -53.0904 52 5.50397
      vertex -53.0904 52 5.89603
    endloop
  endfacet
  facet normal -0.586514 -0.71466 0.381134
    outer loop
      vertex -52.3472 50.7528 6.64279
      vertex -52.4533 50.6467 6.28057
      vertex -52.1633 50.4087 6.28057
    endloop
  endfacet
  facet normal -0.81535 -0.435888 0.381059
    outer loop
      vertex -52.5666 51.0201 6.64279
      vertex -52.8682 51.2676 6.28057
      vertex -52.6913 50.9367 6.28057
    endloop
  endfacet
  facet normal -0.586575 -0.714637 0.381082
    outer loop
      vertex -52.0799 50.5334 6.64279
      vertex -52.3472 50.7528 6.64279
      vertex -52.1633 50.4087 6.28057
    endloop
  endfacet
  facet normal -0.758291 -0.622321 0.194195
    outer loop
      vertex -52.6913 50.9367 6.28057
      vertex -52.7549 50.8942 5.89603
      vertex -52.4533 50.6467 6.28057
    endloop
  endfacet
  facet normal 0.241562 0.796938 0.553658
    outer loop
      vertex -50.7559 53.7299 6.64279
      vertex -50.7984 53.5163 6.96879
      vertex -50.425 53.6296 6.64279
    endloop
  endfacet
  facet normal 0.622255 0.758352 0.194167
    outer loop
      vertex -50.0057 53.6377 6
      vertex -50.0367 53.5913 6.28057
      vertex -49.7856 53.4571 6
    endloop
  endfacet
  facet normal 0.353461 0.430968 0.83026
    outer loop
      vertex -50.3951 53.055 7.24602
      vertex -50.5762 52.7839 7.46384
      vertex -50.4333 52.6667 7.46384
    endloop
  endfacet
  facet normal 0.124334 0.151543 0.9806
    outer loop
      vertex -50.7775 52.4827 7.61388
      vertex -50.9911 52.163 7.69037
      vertex -50.6895 52.4105 7.61388
    endloop
  endfacet
  facet normal 0.734284 0.392549 0.553834
    outer loop
      vertex -49.6334 52.9799 6.64279
      vertex -49.6717 52.5916 6.96879
      vertex -49.4704 52.675 6.64279
    endloop
  endfacet
  facet normal 0.884758 0.268385 0.381016
    outer loop
      vertex -49.3318 52.7324 6.28057
      vertex -49.37 52.3441 6.64279
      vertex -49.2229 52.3734 6.28057
    endloop
  endfacet
  facet normal -0.865099 0.462484 -0.194195
    outer loop
      vertex -52.6913 53.0633 5.11943
      vertex -52.8682 52.7324 5.11943
      vertex -52.7549 53.1058 5.50397
    endloop
  endfacet
  facet normal -0.758459 0.622067 -0.194352
    outer loop
      vertex -52.65 53.1919 5.37018
      vertex -52.7549 53.1058 5.50397
      vertex -52.65 53.2337 5.50397
    endloop
  endfacet
  facet normal -0.865038 0.46256 -0.194287
    outer loop
      vertex -52.8682 52.7324 5.11943
      vertex -52.9389 52.7617 5.50397
      vertex -52.7549 53.1058 5.50397
    endloop
  endfacet
  facet normal -0.95699 0.290121 0
    outer loop
      vertex -53.0521 52.3883 5.50397
      vertex -52.9389 52.7617 5.89603
      vertex -52.9389 52.7617 5.50397
    endloop
  endfacet
  facet normal -0.95699 0.290121 0
    outer loop
      vertex -52.9389 52.7617 5.89603
      vertex -53.0521 52.3883 5.50397
      vertex -53.0521 52.3883 5.89603
    endloop
  endfacet
  facet normal -0.449703 0.547922 0.705372
    outer loop
      vertex -51.9589 53.2855 6.96879
      vertex -52.1932 53.0932 6.96879
      vertex -51.8049 53.055 7.24602
    endloop
  endfacet
  facet normal -0.884676 0.26836 0.381225
    outer loop
      vertex -52.8682 52.7324 6.28057
      vertex -52.9771 52.3734 6.28057
      vertex -52.8299 52.3441 6.64279
    endloop
  endfacet
  facet normal -0.586575 0.714637 0.381082
    outer loop
      vertex -52.1633 53.5913 6.28057
      vertex -52.3472 53.2472 6.64279
      vertex -52.0799 53.4666 6.64279
    endloop
  endfacet
  facet normal -0.865099 0.462484 0.194195
    outer loop
      vertex -52.7549 53.1058 5.89603
      vertex -52.8682 52.7324 6.28057
      vertex -52.6913 53.0633 6.28057
    endloop
  endfacet
  facet normal -0.995171 -0.0981587 0
    outer loop
      vertex -53.0521 51.6117 5.50397
      vertex -53.0904 52 5.89603
      vertex -53.0904 52 5.50397
    endloop
  endfacet
  facet normal -0.995171 -0.0981587 0
    outer loop
      vertex -53.0904 52 5.89603
      vertex -53.0521 51.6117 5.50397
      vertex -53.0521 51.6117 5.89603
    endloop
  endfacet
  facet normal -0.938738 0.284759 -0.194123
    outer loop
      vertex -52.9771 52.3734 5.11943
      vertex -53.0521 52.3883 5.50397
      vertex -52.8682 52.7324 5.11943
    endloop
  endfacet
  facet normal -0.92002 -0.0906384 -0.381246
    outer loop
      vertex -52.8299 51.6559 4.75721
      vertex -53.0139 52 5.11943
      vertex -52.8638 52 4.75721
    endloop
  endfacet
  facet normal -0.815385 0.435784 -0.381104
    outer loop
      vertex -52.8682 52.7324 5.11943
      vertex -52.65 53.0357 4.9994
      vertex -52.65 52.9115 4.85738
    endloop
  endfacet
  facet normal -0.815438 0.435935 -0.380817
    outer loop
      vertex -52.65 53.0357 4.9994
      vertex -52.8682 52.7324 5.11943
      vertex -52.6913 53.0633 5.11943
    endloop
  endfacet
  facet normal 0.828727 0.0816087 0.553671
    outer loop
      vertex -49.3362 52 6.64279
      vertex -49.5837 52.3016 6.96879
      vertex -49.554 52 6.96879
    endloop
  endfacet
  facet normal 0.828727 -0.0816087 0.553671
    outer loop
      vertex -49.554 52 6.96879
      vertex -49.5837 51.6984 6.96879
      vertex -49.3362 52 6.64279
    endloop
  endfacet
  facet normal 0.625228 -0.333987 0.705367
    outer loop
      vertex -49.9278 51.5145 7.24602
      vertex -50.045 51.2951 7.24602
      vertex -49.8145 51.1411 6.96879
    endloop
  endfacet
  facet normal 0.547922 -0.449703 0.705372
    outer loop
      vertex -49.8145 51.1411 6.96879
      vertex -50.045 51.2951 7.24602
      vertex -50.0068 50.9068 6.96879
    endloop
  endfacet
  facet normal 0.734284 -0.392549 0.553834
    outer loop
      vertex -49.4704 51.325 6.64279
      vertex -49.6717 51.4084 6.96879
      vertex -49.6334 51.0201 6.64279
    endloop
  endfacet
  facet normal 0.865076 -0.462472 0.194326
    outer loop
      vertex -49.5087 50.9367 6.28057
      vertex -49.4144 50.9952 6
      vertex -49.3318 51.2676 6.28057
    endloop
  endfacet
  facet normal 0.864889 -0.462885 0.194177
    outer loop
      vertex -49.4144 50.9952 6
      vertex -49.5087 50.9367 6.28057
      vertex -49.4623 50.9057 6
    endloop
  endfacet
  facet normal 0.920042 -0.0903732 0.381255
    outer loop
      vertex -49.3362 52 6.64279
      vertex -49.37 51.6559 6.64279
      vertex -49.1861 52 6.28057
    endloop
  endfacet
  facet normal 0.920117 -0.0906811 0.381001
    outer loop
      vertex -49.1861 52 6.28057
      vertex -49.37 51.6559 6.64279
      vertex -49.2229 51.6266 6.28057
    endloop
  endfacet
  facet normal 0.586575 -0.714637 0.381082
    outer loop
      vertex -49.8528 50.7528 6.64279
      vertex -50.1201 50.5334 6.64279
      vertex -50.0367 50.4087 6.28057
    endloop
  endfacet
  facet normal 0.528336 -0.643684 0.553654
    outer loop
      vertex -50.0068 50.9068 6.96879
      vertex -50.1201 50.5334 6.64279
      vertex -49.8528 50.7528 6.64279
    endloop
  endfacet
  facet normal 0.622314 -0.758282 0.194253
    outer loop
      vertex -49.7856 50.5429 6
      vertex -49.7467 50.6467 6.28057
      vertex -50.0367 50.4087 6.28057
    endloop
  endfacet
  facet normal 0.622058 -0.758465 0.194357
    outer loop
      vertex -49.7467 50.6467 6.28057
      vertex -49.7856 50.5429 6
      vertex -49.7072 50.6072 6
    endloop
  endfacet
  facet normal 0.758322 -0.622231 0.194361
    outer loop
      vertex -49.5266 50.8273 6
      vertex -49.7467 50.6467 6.28057
      vertex -49.7072 50.6072 6
    endloop
  endfacet
  facet normal -0.241773 -0.796752 0.553834
    outer loop
      vertex -51.6916 50.5717 6.96879
      vertex -51.775 50.3704 6.64279
      vertex -51.4016 50.4837 6.96879
    endloop
  endfacet
  facet normal -0.241562 -0.796938 0.553658
    outer loop
      vertex -51.4016 50.4837 6.96879
      vertex -51.775 50.3704 6.64279
      vertex -51.4441 50.2701 6.64279
    endloop
  endfacet
  facet normal 0.392334 -0.734391 0.553845
    outer loop
      vertex -50.2411 50.7145 6.96879
      vertex -50.5084 50.5717 6.96879
      vertex -50.425 50.3704 6.64279
    endloop
  endfacet
  facet normal 0.334004 -0.625204 0.70538
    outer loop
      vertex -50.2411 50.7145 6.96879
      vertex -50.6145 50.8278 7.24602
      vertex -50.5084 50.5717 6.96879
    endloop
  endfacet
  facet normal 0.382436 0.0378048 0.923208
    outer loop
      vertex -50.1572 52 7.46384
      vertex -50.5306 52.1133 7.61388
      vertex -50.5194 52 7.61388
    endloop
  endfacet
  facet normal 0.70539 -0.0695415 0.705399
    outer loop
      vertex -49.8312 52 7.24602
      vertex -49.8556 51.7525 7.24602
      vertex -49.5837 51.6984 6.96879
    endloop
  endfacet
  facet normal 0.625228 0.333987 0.705367
    outer loop
      vertex -49.8145 52.8589 6.96879
      vertex -50.045 52.7049 7.24602
      vertex -49.9278 52.4855 7.24602
    endloop
  endfacet
  facet normal 0.547922 0.449703 0.705372
    outer loop
      vertex -50.0068 53.0932 6.96879
      vertex -50.045 52.7049 7.24602
      vertex -49.8145 52.8589 6.96879
    endloop
  endfacet
  facet normal -0.151533 -0.124326 0.980602
    outer loop
      vertex -51.2386 51.8614 7.69037
      vertex -51.5827 51.6775 7.61388
      vertex -51.5105 51.5895 7.61388
    endloop
  endfacet
  facet normal 0.111433 0.36773 0.923232
    outer loop
      vertex -50.9161 52.9247 7.46384
      vertex -50.9867 52.5694 7.61388
      vertex -50.8778 52.5364 7.61388
    endloop
  endfacet
  facet normal 0.865048 0.462508 0.194369
    outer loop
      vertex -49.2802 52.7538 6
      vertex -49.4144 53.0048 6
      vertex -49.3318 52.7324 6.28057
    endloop
  endfacet
  facet normal 0.864889 0.462885 0.194177
    outer loop
      vertex -49.5087 53.0633 6.28057
      vertex -49.4144 53.0048 6
      vertex -49.4623 53.0943 6
    endloop
  endfacet
  facet normal 0.865076 0.462472 0.194326
    outer loop
      vertex -49.4144 53.0048 6
      vertex -49.5087 53.0633 6.28057
      vertex -49.3318 52.7324 6.28057
    endloop
  endfacet
  facet normal 0.625204 0.334004 0.70538
    outer loop
      vertex -49.8145 52.8589 6.96879
      vertex -49.9278 52.4855 7.24602
      vertex -49.6717 52.5916 6.96879
    endloop
  endfacet
  facet normal 0.678297 0.205828 0.705371
    outer loop
      vertex -49.6717 52.5916 6.96879
      vertex -49.9278 52.4855 7.24602
      vertex -49.5837 52.3016 6.96879
    endloop
  endfacet
  facet normal 0.01889 -0.195027 0.980616
    outer loop
      vertex -51.1 51.804 7.69037
      vertex -51.1 51.4194 7.61388
      vertex -51.0618 51.8077 7.69037
    endloop
  endfacet
  facet normal -0.0925169 -0.172802 0.980602
    outer loop
      vertex -51.2089 51.837 7.69037
      vertex -51.4225 51.5173 7.61388
      vertex -51.3222 51.4636 7.61388
    endloop
  endfacet
  facet normal -0.0545983 0.554731 0.830237
    outer loop
      vertex -51.1 53.2688 7.24602
      vertex -51.2839 52.9247 7.46384
      vertex -51.1 52.9428 7.46384
    endloop
  endfacet
  facet normal -0.0546918 0.554763 0.830209
    outer loop
      vertex -51.1 53.2688 7.24602
      vertex -51.3475 53.2444 7.24602
      vertex -51.2839 52.9247 7.46384
    endloop
  endfacet
  facet normal -0.392334 0.734391 0.553845
    outer loop
      vertex -51.775 53.6296 6.64279
      vertex -51.9589 53.2855 6.96879
      vertex -51.6916 53.4283 6.96879
    endloop
  endfacet
  facet normal -0.205828 0.678297 0.705371
    outer loop
      vertex -51.4016 53.5163 6.96879
      vertex -51.6916 53.4283 6.96879
      vertex -51.5855 53.1722 7.24602
    endloop
  endfacet
  facet normal -0.528336 0.643684 0.553654
    outer loop
      vertex -52.0799 53.4666 6.64279
      vertex -52.3472 53.2472 6.64279
      vertex -52.1932 53.0932 6.96879
    endloop
  endfacet
  facet normal -0.241773 0.796752 0.553834
    outer loop
      vertex -51.4016 53.5163 6.96879
      vertex -51.775 53.6296 6.64279
      vertex -51.6916 53.4283 6.96879
    endloop
  endfacet
  facet normal -0.29701 0.243683 0.923257
    outer loop
      vertex -51.5105 52.4105 7.61388
      vertex -51.7667 52.6667 7.46384
      vertex -51.5827 52.3225 7.61388
    endloop
  endfacet
  facet normal -0.161828 0.533449 0.830207
    outer loop
      vertex -51.3475 53.2444 7.24602
      vertex -51.5855 53.1722 7.24602
      vertex -51.2839 52.9247 7.46384
    endloop
  endfacet
  facet normal -0.111631 0.367739 0.923204
    outer loop
      vertex -51.2839 52.9247 7.46384
      vertex -51.4608 52.871 7.46384
      vertex -51.3222 52.5364 7.61388
    endloop
  endfacet
  facet normal -0.33888 0.181083 0.923238
    outer loop
      vertex -51.8839 52.5238 7.46384
      vertex -51.971 52.3608 7.46384
      vertex -51.5827 52.3225 7.61388
    endloop
  endfacet
  facet normal 0.124418 -0.151443 0.980605
    outer loop
      vertex -50.9614 51.8614 7.69037
      vertex -50.9911 51.837 7.69037
      vertex -50.6895 51.5895 7.61388
    endloop
  endfacet
  facet normal -0.33888 -0.181083 0.923238
    outer loop
      vertex -51.5827 51.6775 7.61388
      vertex -51.971 51.6392 7.46384
      vertex -51.8839 51.4762 7.46384
    endloop
  endfacet
  facet normal -0.367691 -0.111617 0.923225
    outer loop
      vertex -51.6694 51.8867 7.61388
      vertex -52.0247 51.8161 7.46384
      vertex -51.971 51.6392 7.46384
    endloop
  endfacet
  facet normal -0.533426 -0.161927 0.830203
    outer loop
      vertex -52.0247 51.8161 7.46384
      vertex -52.3444 51.7525 7.24602
      vertex -51.971 51.6392 7.46384
    endloop
  endfacet
  facet normal -0.187561 -0.0568366 0.980607
    outer loop
      vertex -51.2811 51.925 7.69037
      vertex -51.6694 51.8867 7.61388
      vertex -51.6364 51.7778 7.61388
    endloop
  endfacet
  facet normal 0.124334 -0.151543 0.9806
    outer loop
      vertex -50.6895 51.5895 7.61388
      vertex -50.9911 51.837 7.69037
      vertex -50.7775 51.5173 7.61388
    endloop
  endfacet
  facet normal -0.0906723 -0.920028 0.381218
    outer loop
      vertex -51.4441 50.2701 6.64279
      vertex -51.4734 50.1229 6.28057
      vertex -51.1 50.0861 6.28057
    endloop
  endfacet
  facet normal -0.0816457 -0.82874 0.553646
    outer loop
      vertex -51.4016 50.4837 6.96879
      vertex -51.4441 50.2701 6.64279
      vertex -51.1 50.2362 6.64279
    endloop
  endfacet
  facet normal -0.0906384 -0.92002 0.381246
    outer loop
      vertex -51.1 50.2362 6.64279
      vertex -51.4441 50.2701 6.64279
      vertex -51.1 50.0861 6.28057
    endloop
  endfacet
  facet normal 0.0906384 -0.92002 0.381246
    outer loop
      vertex -51.1 50.2362 6.64279
      vertex -51.1 50.0861 6.28057
      vertex -50.7559 50.2701 6.64279
    endloop
  endfacet
  facet normal 0.181122 -0.338954 0.923204
    outer loop
      vertex -50.5762 51.2161 7.46384
      vertex -50.8778 51.4636 7.61388
      vertex -50.7392 51.129 7.46384
    endloop
  endfacet
  facet normal -0.0192824 0.195063 0.980601
    outer loop
      vertex -51.1 52.5806 7.61388
      vertex -51.2133 52.5694 7.61388
      vertex -51.1382 52.1923 7.69037
    endloop
  endfacet
  facet normal 0.430968 -0.353461 0.83026
    outer loop
      vertex -50.3161 51.4762 7.46384
      vertex -50.4333 51.3333 7.46384
      vertex -50.045 51.2951 7.24602
    endloop
  endfacet
  facet normal 0.491601 -0.26269 0.830255
    outer loop
      vertex -50.229 51.6392 7.46384
      vertex -50.3161 51.4762 7.46384
      vertex -50.045 51.2951 7.24602
    endloop
  endfacet
  facet normal 0.449703 -0.547922 0.705372
    outer loop
      vertex -50.0068 50.9068 6.96879
      vertex -50.3951 50.945 7.24602
      vertex -50.2411 50.7145 6.96879
    endloop
  endfacet
  facet normal 0.333987 -0.625228 0.705367
    outer loop
      vertex -50.3951 50.945 7.24602
      vertex -50.6145 50.8278 7.24602
      vertex -50.2411 50.7145 6.96879
    endloop
  endfacet
  facet normal -0.392334 -0.734391 0.553845
    outer loop
      vertex -51.6916 50.5717 6.96879
      vertex -51.9589 50.7145 6.96879
      vertex -51.775 50.3704 6.64279
    endloop
  endfacet
  facet normal -0.435887 -0.81535 0.38106
    outer loop
      vertex -51.775 50.3704 6.64279
      vertex -52.0799 50.5334 6.64279
      vertex -51.8324 50.2318 6.28057
    endloop
  endfacet
  facet normal -0.205828 -0.678297 0.705371
    outer loop
      vertex -51.5855 50.8278 7.24602
      vertex -51.6916 50.5717 6.96879
      vertex -51.4016 50.4837 6.96879
    endloop
  endfacet
  facet normal -0.643674 -0.528328 0.553672
    outer loop
      vertex -52.3855 51.1411 6.96879
      vertex -52.5666 51.0201 6.64279
      vertex -52.3472 50.7528 6.64279
    endloop
  endfacet
  facet normal -0.284665 -0.938775 0.194083
    outer loop
      vertex -51.4734 50.1229 6.28057
      vertex -51.7567 50.1508 6
      vertex -51.4843 50.0682 6
    endloop
  endfacet
  facet normal -0.284263 -0.938842 0.194345
    outer loop
      vertex -51.7567 50.1508 6
      vertex -51.8324 50.2318 6.28057
      vertex -51.8538 50.1802 6
    endloop
  endfacet
  facet normal -0.284756 -0.938727 0.194179
    outer loop
      vertex -51.8324 50.2318 6.28057
      vertex -51.7567 50.1508 6
      vertex -51.4734 50.1229 6.28057
    endloop
  endfacet
  facet normal -0.71466 -0.586514 0.381134
    outer loop
      vertex -52.3472 50.7528 6.64279
      vertex -52.6913 50.9367 6.28057
      vertex -52.4533 50.6467 6.28057
    endloop
  endfacet
  facet normal -0.865038 -0.46256 -0.194287
    outer loop
      vertex -52.7549 50.8942 5.50397
      vertex -52.9389 51.2383 5.50397
      vertex -52.8682 51.2676 5.11943
    endloop
  endfacet
  facet normal -0.796872 -0.241809 0.553646
    outer loop
      vertex -52.6163 51.6984 6.96879
      vertex -52.8299 51.6559 6.64279
      vertex -52.5283 51.4084 6.96879
    endloop
  endfacet
  facet normal -0.678272 -0.205821 0.705397
    outer loop
      vertex -52.3444 51.7525 7.24602
      vertex -52.6163 51.6984 6.96879
      vertex -52.5283 51.4084 6.96879
    endloop
  endfacet
  facet normal -0.976223 0.0962898 0.194209
    outer loop
      vertex -53.0521 52.3883 5.89603
      vertex -53.0904 52 5.89603
      vertex -53.0139 52 6.28057
    endloop
  endfacet
  facet normal -0.976223 -0.0962898 0.194209
    outer loop
      vertex -53.0139 52 6.28057
      vertex -53.0904 52 5.89603
      vertex -53.0521 51.6117 5.89603
    endloop
  endfacet
  facet normal -0.938738 -0.284759 -0.194123
    outer loop
      vertex -52.8682 51.2676 5.11943
      vertex -53.0521 51.6117 5.50397
      vertex -52.9771 51.6266 5.11943
    endloop
  endfacet
  facet normal -0.884797 -0.268193 -0.381059
    outer loop
      vertex -52.7296 51.325 4.75721
      vertex -52.8682 51.2676 5.11943
      vertex -52.8299 51.6559 4.75721
    endloop
  endfacet
  facet normal -0.758797 -0.621792 -0.193915
    outer loop
      vertex -52.65 50.8081 5.37018
      vertex -52.6913 50.9367 5.11943
      vertex -52.65 50.8863 5.11943
    endloop
  endfacet
  facet normal -0.75838 -0.622211 -0.194198
    outer loop
      vertex -52.6913 50.9367 5.11943
      vertex -52.65 50.8081 5.37018
      vertex -52.7549 50.8942 5.50397
    endloop
  endfacet
  facet normal -0.758459 -0.622067 -0.194352
    outer loop
      vertex -52.65 50.7663 5.50397
      vertex -52.7549 50.8942 5.50397
      vertex -52.65 50.8081 5.37018
    endloop
  endfacet
  facet normal -0.976246 -0.0962127 -0.194133
    outer loop
      vertex -52.9771 51.6266 5.11943
      vertex -53.0521 51.6117 5.50397
      vertex -53.0139 52 5.11943
    endloop
  endfacet
  facet normal -0.92002 0.0906384 -0.381246
    outer loop
      vertex -52.8638 52 4.75721
      vertex -53.0139 52 5.11943
      vertex -52.8299 52.3441 4.75721
    endloop
  endfacet
  facet normal -0.938738 -0.284759 0.194123
    outer loop
      vertex -52.9771 51.6266 6.28057
      vertex -53.0521 51.6117 5.89603
      vertex -52.8682 51.2676 6.28057
    endloop
  endfacet
  facet normal -0.884676 -0.26836 0.381225
    outer loop
      vertex -52.8299 51.6559 6.64279
      vertex -52.9771 51.6266 6.28057
      vertex -52.8682 51.2676 6.28057
    endloop
  endfacet
  facet normal 0.586514 0.71466 0.381134
    outer loop
      vertex -49.7467 53.3533 6.28057
      vertex -50.0367 53.5913 6.28057
      vertex -49.8528 53.2472 6.64279
    endloop
  endfacet
  facet normal 0.758278 0.622311 0.194275
    outer loop
      vertex -49.5087 53.0633 6.28057
      vertex -49.5266 53.1727 6
      vertex -49.7467 53.3533 6.28057
    endloop
  endfacet
  facet normal 0.758494 0.622081 0.194171
    outer loop
      vertex -49.5266 53.1727 6
      vertex -49.5087 53.0633 6.28057
      vertex -49.4623 53.0943 6
    endloop
  endfacet
  facet normal 0.0695415 0.70539 0.705399
    outer loop
      vertex -50.7984 53.5163 6.96879
      vertex -51.1 53.2688 7.24602
      vertex -50.8525 53.2444 7.24602
    endloop
  endfacet
  facet normal 0.0546918 0.554763 0.830209
    outer loop
      vertex -50.8525 53.2444 7.24602
      vertex -51.1 53.2688 7.24602
      vertex -50.9161 52.9247 7.46384
    endloop
  endfacet
  facet normal 0.243633 0.297058 0.923255
    outer loop
      vertex -50.5762 52.7839 7.46384
      vertex -50.6895 52.4105 7.61388
      vertex -50.4333 52.6667 7.46384
    endloop
  endfacet
  facet normal 0.353616 0.430928 0.830215
    outer loop
      vertex -50.3951 53.055 7.24602
      vertex -50.4333 52.6667 7.46384
      vertex -50.2028 52.8972 7.24602
    endloop
  endfacet
  facet normal -0.096143 0.976248 0.194157
    outer loop
      vertex -51.1 53.9697 6
      vertex -51.3833 53.9418 6
      vertex -51.1 53.9139 6.28057
    endloop
  endfacet
  facet normal -0.714637 0.586575 0.381082
    outer loop
      vertex -52.3472 53.2472 6.64279
      vertex -52.6913 53.0633 6.28057
      vertex -52.5666 52.9799 6.64279
    endloop
  endfacet
  facet normal -0.884797 0.268193 0.381059
    outer loop
      vertex -52.7296 52.675 6.64279
      vertex -52.8682 52.7324 6.28057
      vertex -52.8299 52.3441 6.64279
    endloop
  endfacet
  facet normal -0.625204 0.334004 0.70538
    outer loop
      vertex -52.3855 52.8589 6.96879
      vertex -52.5283 52.5916 6.96879
      vertex -52.2722 52.4855 7.24602
    endloop
  endfacet
  facet normal -0.53341 0.161816 0.830234
    outer loop
      vertex -52.2722 52.4855 7.24602
      vertex -52.3444 52.2475 7.24602
      vertex -51.971 52.3608 7.46384
    endloop
  endfacet
  facet normal -0.938755 0.284593 0.19428
    outer loop
      vertex -52.9389 52.7617 5.89603
      vertex -53.0521 52.3883 5.89603
      vertex -52.8682 52.7324 6.28057
    endloop
  endfacet
  facet normal -0.865038 0.46256 0.194287
    outer loop
      vertex -52.7549 53.1058 5.89603
      vertex -52.9389 52.7617 5.89603
      vertex -52.8682 52.7324 6.28057
    endloop
  endfacet
  facet normal -0.828775 -0.081614 -0.553599
    outer loop
      vertex -52.65 51.6917 4.48261
      vertex -52.8299 51.6559 4.75721
      vertex -52.65 51.9926 4.43825
    endloop
  endfacet
  facet normal -0.976223 -0.0962898 -0.194209
    outer loop
      vertex -53.0521 51.6117 5.50397
      vertex -53.0904 52 5.50397
      vertex -53.0139 52 5.11943
    endloop
  endfacet
  facet normal -0.976223 0.0962898 -0.194209
    outer loop
      vertex -53.0139 52 5.11943
      vertex -53.0904 52 5.50397
      vertex -53.0521 52.3883 5.50397
    endloop
  endfacet
  facet normal 0.828654 -0.0813964 0.553812
    outer loop
      vertex -49.3362 52 6.64279
      vertex -49.5837 51.6984 6.96879
      vertex -49.37 51.6559 6.64279
    endloop
  endfacet
  facet normal 0.705437 -0.0694677 0.70536
    outer loop
      vertex -49.554 52 6.96879
      vertex -49.8312 52 7.24602
      vertex -49.5837 51.6984 6.96879
    endloop
  endfacet
  facet normal 0.920042 0.0903732 0.381255
    outer loop
      vertex -49.1861 52 6.28057
      vertex -49.37 52.3441 6.64279
      vertex -49.3362 52 6.64279
    endloop
  endfacet
  facet normal 0.828654 0.0813964 0.553812
    outer loop
      vertex -49.37 52.3441 6.64279
      vertex -49.5837 52.3016 6.96879
      vertex -49.3362 52 6.64279
    endloop
  endfacet
  facet normal 0.643674 -0.528328 0.553672
    outer loop
      vertex -49.8145 51.1411 6.96879
      vertex -49.8528 50.7528 6.64279
      vertex -49.6334 51.0201 6.64279
    endloop
  endfacet
  facet normal 0.714637 -0.586575 0.381082
    outer loop
      vertex -49.6334 51.0201 6.64279
      vertex -49.8528 50.7528 6.64279
      vertex -49.5087 50.9367 6.28057
    endloop
  endfacet
  facet normal -0.333987 -0.625228 0.705367
    outer loop
      vertex -51.8049 50.945 7.24602
      vertex -51.9589 50.7145 6.96879
      vertex -51.5855 50.8278 7.24602
    endloop
  endfacet
  facet normal 0.0545983 -0.554731 0.830237
    outer loop
      vertex -51.1 51.0572 7.46384
      vertex -51.1 50.7312 7.24602
      vertex -50.9161 51.0753 7.46384
    endloop
  endfacet
  facet normal -0.0816087 -0.828727 0.553671
    outer loop
      vertex -51.1 50.454 6.96879
      vertex -51.4016 50.4837 6.96879
      vertex -51.1 50.2362 6.64279
    endloop
  endfacet
  facet normal -0.0570563 -0.187471 0.980612
    outer loop
      vertex -51.175 51.8189 7.69037
      vertex -51.3222 51.4636 7.61388
      vertex -51.1382 51.8077 7.69037
    endloop
  endfacet
  facet normal 0.0816087 -0.828727 0.553671
    outer loop
      vertex -51.1 50.454 6.96879
      vertex -51.1 50.2362 6.64279
      vertex -50.7984 50.4837 6.96879
    endloop
  endfacet
  facet normal 0.0816457 -0.82874 0.553646
    outer loop
      vertex -50.7984 50.4837 6.96879
      vertex -51.1 50.2362 6.64279
      vertex -50.7559 50.2701 6.64279
    endloop
  endfacet
  facet normal 0.367691 -0.111617 0.923225
    outer loop
      vertex -50.1753 51.8161 7.46384
      vertex -50.5306 51.8867 7.61388
      vertex -50.229 51.6392 7.46384
    endloop
  endfacet
  facet normal 0.297072 -0.243645 0.923247
    outer loop
      vertex -50.3161 51.4762 7.46384
      vertex -50.6173 51.6775 7.61388
      vertex -50.4333 51.3333 7.46384
    endloop
  endfacet
  facet normal 0.554728 0.0546883 0.830233
    outer loop
      vertex -49.8556 52.2475 7.24602
      vertex -50.1572 52 7.46384
      vertex -49.8312 52 7.24602
    endloop
  endfacet
  facet normal 0.70539 0.0695415 0.705399
    outer loop
      vertex -49.5837 52.3016 6.96879
      vertex -49.8556 52.2475 7.24602
      vertex -49.8312 52 7.24602
    endloop
  endfacet
  facet normal 0.297072 0.243645 0.923247
    outer loop
      vertex -50.4333 52.6667 7.46384
      vertex -50.6173 52.3225 7.61388
      vertex -50.3161 52.5238 7.46384
    endloop
  endfacet
  facet normal 0.382394 0.0376364 0.923232
    outer loop
      vertex -50.1753 52.1839 7.46384
      vertex -50.5306 52.1133 7.61388
      vertex -50.1572 52 7.46384
    endloop
  endfacet
  facet normal 0.338831 0.181408 0.923193
    outer loop
      vertex -50.229 52.3608 7.46384
      vertex -50.6173 52.3225 7.61388
      vertex -50.5636 52.2222 7.61388
    endloop
  endfacet
  facet normal 0.33888 0.181083 0.923238
    outer loop
      vertex -50.3161 52.5238 7.46384
      vertex -50.6173 52.3225 7.61388
      vertex -50.229 52.3608 7.46384
    endloop
  endfacet
  facet normal -0.0376407 0.382438 0.923214
    outer loop
      vertex -51.1 52.9428 7.46384
      vertex -51.2839 52.9247 7.46384
      vertex -51.1 52.5806 7.61388
    endloop
  endfacet
  facet normal -0.111433 0.36773 0.923232
    outer loop
      vertex -51.2839 52.9247 7.46384
      vertex -51.3222 52.5364 7.61388
      vertex -51.2133 52.5694 7.61388
    endloop
  endfacet
  facet normal 0.111631 0.367739 0.923204
    outer loop
      vertex -50.7392 52.871 7.46384
      vertex -50.9161 52.9247 7.46384
      vertex -50.8778 52.5364 7.61388
    endloop
  endfacet
  facet normal -0.172782 0.0925066 0.980606
    outer loop
      vertex -51.5827 52.3225 7.61388
      vertex -51.6364 52.2222 7.61388
      vertex -51.2811 52.075 7.69037
    endloop
  endfacet
  facet normal -0.161912 0.533374 0.830239
    outer loop
      vertex -51.2839 52.9247 7.46384
      vertex -51.5855 53.1722 7.24602
      vertex -51.4608 52.871 7.46384
    endloop
  endfacet
  facet normal -0.262626 0.49164 0.830251
    outer loop
      vertex -51.5855 53.1722 7.24602
      vertex -51.8049 53.055 7.24602
      vertex -51.6238 52.7839 7.46384
    endloop
  endfacet
  facet normal -0.241562 0.796938 0.553658
    outer loop
      vertex -51.4441 53.7299 6.64279
      vertex -51.775 53.6296 6.64279
      vertex -51.4016 53.5163 6.96879
    endloop
  endfacet
  facet normal -0.0694677 0.705437 0.70536
    outer loop
      vertex -51.1 53.546 6.96879
      vertex -51.4016 53.5163 6.96879
      vertex -51.1 53.2688 7.24602
    endloop
  endfacet
  facet normal -0.096211 0.976228 0.194224
    outer loop
      vertex -51.3833 53.9418 6
      vertex -51.4734 53.8771 6.28057
      vertex -51.1 53.9139 6.28057
    endloop
  endfacet
  facet normal -0.0966547 0.976213 0.194078
    outer loop
      vertex -51.4734 53.8771 6.28057
      vertex -51.3833 53.9418 6
      vertex -51.4843 53.9318 6
    endloop
  endfacet
  facet normal 0.0816087 0.828727 0.553671
    outer loop
      vertex -51.1 53.7638 6.64279
      vertex -51.1 53.546 6.96879
      vertex -50.7984 53.5163 6.96879
    endloop
  endfacet
  facet normal -0.35358 0.430883 0.830253
    outer loop
      vertex -51.8049 53.055 7.24602
      vertex -51.9972 52.8972 7.24602
      vertex -51.6238 52.7839 7.46384
    endloop
  endfacet
  facet normal -0.435888 0.81535 0.381059
    outer loop
      vertex -51.8324 53.7682 6.28057
      vertex -52.1633 53.5913 6.28057
      vertex -52.0799 53.4666 6.64279
    endloop
  endfacet
  facet normal -0.586514 0.71466 0.381134
    outer loop
      vertex -52.1633 53.5913 6.28057
      vertex -52.4533 53.3533 6.28057
      vertex -52.3472 53.2472 6.64279
    endloop
  endfacet
  facet normal -0.71466 0.586514 0.381134
    outer loop
      vertex -52.4533 53.3533 6.28057
      vertex -52.6913 53.0633 6.28057
      vertex -52.3472 53.2472 6.64279
    endloop
  endfacet
  facet normal -0.172782 -0.0925066 0.980606
    outer loop
      vertex -51.2811 51.925 7.69037
      vertex -51.6364 51.7778 7.61388
      vertex -51.5827 51.6775 7.61388
    endloop
  endfacet
  facet normal -0.338831 0.181408 0.923193
    outer loop
      vertex -51.5827 52.3225 7.61388
      vertex -51.971 52.3608 7.46384
      vertex -51.6364 52.2222 7.61388
    endloop
  endfacet
  facet normal -0.092299 0.172869 0.980611
    outer loop
      vertex -51.175 52.1811 7.69037
      vertex -51.3222 52.5364 7.61388
      vertex -51.2089 52.163 7.69037
    endloop
  endfacet
  facet normal -0.172926 0.0923292 0.980598
    outer loop
      vertex -51.263 52.1089 7.69037
      vertex -51.5827 52.3225 7.61388
      vertex -51.2811 52.075 7.69037
    endloop
  endfacet
  facet normal 0.111433 -0.36773 0.923232
    outer loop
      vertex -50.8778 51.4636 7.61388
      vertex -50.9867 51.4306 7.61388
      vertex -50.9161 51.0753 7.46384
    endloop
  endfacet
  facet normal 0.0568432 -0.187583 0.980603
    outer loop
      vertex -50.8778 51.4636 7.61388
      vertex -51.0618 51.8077 7.69037
      vertex -50.9867 51.4306 7.61388
    endloop
  endfacet
  facet normal 0.187561 -0.0568366 0.980607
    outer loop
      vertex -50.5306 51.8867 7.61388
      vertex -50.9189 51.925 7.69037
      vertex -50.5636 51.7778 7.61388
    endloop
  endfacet
  facet normal 0.124418 0.151443 0.980605
    outer loop
      vertex -50.6895 52.4105 7.61388
      vertex -50.9911 52.163 7.69037
      vertex -50.9614 52.1386 7.69037
    endloop
  endfacet
  facet normal -0.449674 -0.547986 0.70534
    outer loop
      vertex -51.9972 51.1028 7.24602
      vertex -52.1932 50.9068 6.96879
      vertex -51.8049 50.945 7.24602
    endloop
  endfacet
  facet normal -0.528305 -0.643692 0.553673
    outer loop
      vertex -51.9589 50.7145 6.96879
      vertex -52.1932 50.9068 6.96879
      vertex -52.0799 50.5334 6.64279
    endloop
  endfacet
  facet normal -0.338831 -0.181408 0.923193
    outer loop
      vertex -51.6364 51.7778 7.61388
      vertex -51.971 51.6392 7.46384
      vertex -51.5827 51.6775 7.61388
    endloop
  endfacet
  facet normal 0.151471 0.124441 0.980597
    outer loop
      vertex -50.6173 52.3225 7.61388
      vertex -50.9614 52.1386 7.69037
      vertex -50.937 52.1089 7.69037
    endloop
  endfacet
  facet normal -0.187561 0.0568366 0.980607
    outer loop
      vertex -51.6364 52.2222 7.61388
      vertex -51.6694 52.1133 7.61388
      vertex -51.2811 52.075 7.69037
    endloop
  endfacet
  facet normal 0.353616 -0.430928 0.830215
    outer loop
      vertex -50.2028 51.1028 7.24602
      vertex -50.4333 51.3333 7.46384
      vertex -50.3951 50.945 7.24602
    endloop
  endfacet
  facet normal 0.449674 -0.547986 0.70534
    outer loop
      vertex -50.2028 51.1028 7.24602
      vertex -50.3951 50.945 7.24602
      vertex -50.0068 50.9068 6.96879
    endloop
  endfacet
  facet normal 0.392598 -0.734375 0.55368
    outer loop
      vertex -50.2411 50.7145 6.96879
      vertex -50.425 50.3704 6.64279
      vertex -50.1201 50.5334 6.64279
    endloop
  endfacet
  facet normal 0.528305 -0.643692 0.553673
    outer loop
      vertex -50.0068 50.9068 6.96879
      vertex -50.2411 50.7145 6.96879
      vertex -50.1201 50.5334 6.64279
    endloop
  endfacet
  facet normal -0.758444 -0.622055 0.194448
    outer loop
      vertex -52.7549 50.8942 5.89603
      vertex -52.65 50.7663 5.89603
      vertex -52.65 50.7988 6
    endloop
  endfacet
  facet normal -0.758493 -0.621951 0.194592
    outer loop
      vertex -52.65 50.7988 6
      vertex -52.4533 50.6467 6.28057
      vertex -52.7549 50.8942 5.89603
    endloop
  endfacet
  facet normal -0.758351 -0.622196 0.19436
    outer loop
      vertex -52.4533 50.6467 6.28057
      vertex -52.65 50.7988 6
      vertex -52.4928 50.6072 6
    endloop
  endfacet
  facet normal -0.622058 -0.758465 0.194357
    outer loop
      vertex -52.4144 50.5429 6
      vertex -52.4533 50.6467 6.28057
      vertex -52.4928 50.6072 6
    endloop
  endfacet
  facet normal -0.622314 -0.758282 0.194253
    outer loop
      vertex -52.4533 50.6467 6.28057
      vertex -52.4144 50.5429 6
      vertex -52.1633 50.4087 6.28057
    endloop
  endfacet
  facet normal -0.828744 -0.0816104 0.553645
    outer loop
      vertex -52.646 52 6.96879
      vertex -52.8299 51.6559 6.64279
      vertex -52.6163 51.6984 6.96879
    endloop
  endfacet
  facet normal -0.705402 -0.0694643 0.705396
    outer loop
      vertex -52.3444 51.7525 7.24602
      vertex -52.646 52 6.96879
      vertex -52.6163 51.6984 6.96879
    endloop
  endfacet
  facet normal -0.884797 -0.268193 0.381059
    outer loop
      vertex -52.8299 51.6559 6.64279
      vertex -52.8682 51.2676 6.28057
      vertex -52.7296 51.325 6.64279
    endloop
  endfacet
  facet normal -0.81535 -0.435887 0.38106
    outer loop
      vertex -52.7296 51.325 6.64279
      vertex -52.8682 51.2676 6.28057
      vertex -52.5666 51.0201 6.64279
    endloop
  endfacet
  facet normal -0.920028 -0.0906723 0.381218
    outer loop
      vertex -52.8299 51.6559 6.64279
      vertex -53.0139 52 6.28057
      vertex -52.9771 51.6266 6.28057
    endloop
  endfacet
  facet normal -0.976246 -0.0962127 0.194133
    outer loop
      vertex -53.0139 52 6.28057
      vertex -53.0521 51.6117 5.89603
      vertex -52.9771 51.6266 6.28057
    endloop
  endfacet
  facet normal 0.241773 0.796752 0.553834
    outer loop
      vertex -50.425 53.6296 6.64279
      vertex -50.7984 53.5163 6.96879
      vertex -50.5084 53.4283 6.96879
    endloop
  endfacet
  facet normal 0.333987 0.625228 0.705367
    outer loop
      vertex -50.2411 53.2855 6.96879
      vertex -50.6145 53.1722 7.24602
      vertex -50.3951 53.055 7.24602
    endloop
  endfacet
  facet normal 0.643703 0.528314 0.553652
    outer loop
      vertex -49.8528 53.2472 6.64279
      vertex -50.0068 53.0932 6.96879
      vertex -49.8145 52.8589 6.96879
    endloop
  endfacet
  facet normal 0.462383 0.86516 0.194166
    outer loop
      vertex -50.0057 53.6377 6
      vertex -50.2568 53.7719 6
      vertex -50.0367 53.5913 6.28057
    endloop
  endfacet
  facet normal 0.262708 0.491635 0.830228
    outer loop
      vertex -50.6145 53.1722 7.24602
      vertex -50.7392 52.871 7.46384
      vertex -50.5762 52.7839 7.46384
    endloop
  endfacet
  facet normal 0.161912 0.533374 0.830239
    outer loop
      vertex -50.6145 53.1722 7.24602
      vertex -50.9161 52.9247 7.46384
      vertex -50.7392 52.871 7.46384
    endloop
  endfacet
  facet normal -0.815317 0.435858 -0.381164
    outer loop
      vertex -52.7296 52.675 4.75721
      vertex -52.65 52.9115 4.85738
      vertex -52.65 52.8239 4.75721
    endloop
  endfacet
  facet normal -0.815377 0.435835 -0.381062
    outer loop
      vertex -52.65 52.9115 4.85738
      vertex -52.7296 52.675 4.75721
      vertex -52.8682 52.7324 5.11943
    endloop
  endfacet
  facet normal -0.734279 0.392536 -0.55385
    outer loop
      vertex -52.65 52.642 4.62829
      vertex -52.7296 52.675 4.75721
      vertex -52.65 52.8239 4.75721
    endloop
  endfacet
  facet normal -0.284665 0.938775 0.194083
    outer loop
      vertex -51.4843 53.9318 6
      vertex -51.7567 53.8492 6
      vertex -51.4734 53.8771 6.28057
    endloop
  endfacet
  facet normal -0.284756 0.938727 0.194179
    outer loop
      vertex -51.7567 53.8492 6
      vertex -51.8324 53.7682 6.28057
      vertex -51.4734 53.8771 6.28057
    endloop
  endfacet
  facet normal -0.284263 0.938842 0.194345
    outer loop
      vertex -51.8324 53.7682 6.28057
      vertex -51.7567 53.8492 6
      vertex -51.8538 53.8198 6
    endloop
  endfacet
  facet normal -0.81535 0.435888 0.381059
    outer loop
      vertex -52.6913 53.0633 6.28057
      vertex -52.8682 52.7324 6.28057
      vertex -52.5666 52.9799 6.64279
    endloop
  endfacet
  facet normal -0.796833 0.24153 0.553823
    outer loop
      vertex -52.7296 52.675 6.64279
      vertex -52.8299 52.3441 6.64279
      vertex -52.5283 52.5916 6.96879
    endloop
  endfacet
  facet normal -0.625228 0.333987 0.705367
    outer loop
      vertex -52.155 52.7049 7.24602
      vertex -52.3855 52.8589 6.96879
      vertex -52.2722 52.4855 7.24602
    endloop
  endfacet
  facet normal -0.491666 0.26264 0.830232
    outer loop
      vertex -52.155 52.7049 7.24602
      vertex -52.2722 52.4855 7.24602
      vertex -51.971 52.3608 7.46384
    endloop
  endfacet
  facet normal -0.920028 0.0906723 -0.381218
    outer loop
      vertex -52.8299 52.3441 4.75721
      vertex -53.0139 52 5.11943
      vertex -52.9771 52.3734 5.11943
    endloop
  endfacet
  facet normal -0.976246 0.0962127 -0.194133
    outer loop
      vertex -53.0139 52 5.11943
      vertex -53.0521 52.3883 5.50397
      vertex -52.9771 52.3734 5.11943
    endloop
  endfacet
  facet normal 0.554778 -0.0546029 0.830205
    outer loop
      vertex -50.1572 52 7.46384
      vertex -50.1753 51.8161 7.46384
      vertex -49.8556 51.7525 7.24602
    endloop
  endfacet
  facet normal 0.533426 -0.161927 0.830203
    outer loop
      vertex -50.1753 51.8161 7.46384
      vertex -50.229 51.6392 7.46384
      vertex -49.8556 51.7525 7.24602
    endloop
  endfacet
  facet normal 0.796764 -0.241777 0.553816
    outer loop
      vertex -49.5837 51.6984 6.96879
      vertex -49.6717 51.4084 6.96879
      vertex -49.37 51.6559 6.64279
    endloop
  endfacet
  facet normal 0.678297 -0.205828 0.705371
    outer loop
      vertex -49.5837 51.6984 6.96879
      vertex -49.9278 51.5145 7.24602
      vertex -49.6717 51.4084 6.96879
    endloop
  endfacet
  facet normal 0.88472 -0.268437 0.381068
    outer loop
      vertex -49.37 51.6559 6.64279
      vertex -49.4704 51.325 6.64279
      vertex -49.3318 51.2676 6.28057
    endloop
  endfacet
  facet normal 0.79676 -0.241749 0.553833
    outer loop
      vertex -49.37 51.6559 6.64279
      vertex -49.6717 51.4084 6.96879
      vertex -49.4704 51.325 6.64279
    endloop
  endfacet
  facet normal -0.205766 -0.678286 0.7054
    outer loop
      vertex -51.3475 50.7556 7.24602
      vertex -51.5855 50.8278 7.24602
      vertex -51.4016 50.4837 6.96879
    endloop
  endfacet
  facet normal -0.0376407 -0.382438 0.923214
    outer loop
      vertex -51.1 51.4194 7.61388
      vertex -51.2839 51.0753 7.46384
      vertex -51.1 51.0572 7.46384
    endloop
  endfacet
  facet normal 0.205766 -0.678286 0.7054
    outer loop
      vertex -50.6145 50.8278 7.24602
      vertex -50.8525 50.7556 7.24602
      vertex -50.7984 50.4837 6.96879
    endloop
  endfacet
  facet normal 0.161828 -0.533449 0.830207
    outer loop
      vertex -50.6145 50.8278 7.24602
      vertex -50.9161 51.0753 7.46384
      vertex -50.8525 50.7556 7.24602
    endloop
  endfacet
  facet normal 0.0694677 -0.705437 0.70536
    outer loop
      vertex -51.1 50.7312 7.24602
      vertex -51.1 50.454 6.96879
      vertex -50.7984 50.4837 6.96879
    endloop
  endfacet
  facet normal -0.0694677 -0.705437 0.70536
    outer loop
      vertex -51.1 50.7312 7.24602
      vertex -51.4016 50.4837 6.96879
      vertex -51.1 50.454 6.96879
    endloop
  endfacet
  facet normal 0.554778 0.0546029 0.830205
    outer loop
      vertex -49.8556 52.2475 7.24602
      vertex -50.1753 52.1839 7.46384
      vertex -50.1572 52 7.46384
    endloop
  endfacet
  facet normal 0.533426 0.161927 0.830203
    outer loop
      vertex -49.8556 52.2475 7.24602
      vertex -50.229 52.3608 7.46384
      vertex -50.1753 52.1839 7.46384
    endloop
  endfacet
  facet normal 0.187535 0.057076 0.980598
    outer loop
      vertex -50.5306 52.1133 7.61388
      vertex -50.9189 52.075 7.69037
      vertex -50.9077 52.0382 7.69037
    endloop
  endfacet
  facet normal 0.195137 0.0189007 0.980594
    outer loop
      vertex -50.5306 52.1133 7.61388
      vertex -50.9077 52.0382 7.69037
      vertex -50.904 52 7.69037
    endloop
  endfacet
  facet normal 0.29701 0.243683 0.923257
    outer loop
      vertex -50.4333 52.6667 7.46384
      vertex -50.6895 52.4105 7.61388
      vertex -50.6173 52.3225 7.61388
    endloop
  endfacet
  facet normal -0.0568432 0.187583 0.980603
    outer loop
      vertex -51.2133 52.5694 7.61388
      vertex -51.3222 52.5364 7.61388
      vertex -51.1382 52.1923 7.69037
    endloop
  endfacet
  facet normal 0.0570563 -0.187471 0.980612
    outer loop
      vertex -51.025 51.8189 7.69037
      vertex -51.0618 51.8077 7.69037
      vertex -50.8778 51.4636 7.61388
    endloop
  endfacet
  facet normal 0.172926 -0.0923292 0.980598
    outer loop
      vertex -50.9189 51.925 7.69037
      vertex -50.937 51.8911 7.69037
      vertex -50.6173 51.6775 7.61388
    endloop
  endfacet
  facet normal -0.195137 0.0189007 0.980594
    outer loop
      vertex -51.2923 52.0382 7.69037
      vertex -51.6694 52.1133 7.61388
      vertex -51.296 52 7.69037
    endloop
  endfacet
  facet normal -0.0377977 0.382365 0.923238
    outer loop
      vertex -51.1 52.5806 7.61388
      vertex -51.2839 52.9247 7.46384
      vertex -51.2133 52.5694 7.61388
    endloop
  endfacet
  facet normal 0.151533 -0.124326 0.980602
    outer loop
      vertex -50.6173 51.6775 7.61388
      vertex -50.9614 51.8614 7.69037
      vertex -50.6895 51.5895 7.61388
    endloop
  endfacet
  facet normal -0.124418 -0.151443 0.980605
    outer loop
      vertex -51.2386 51.8614 7.69037
      vertex -51.5105 51.5895 7.61388
      vertex -51.2089 51.837 7.69037
    endloop
  endfacet
  facet normal -0.01889 -0.195027 0.980616
    outer loop
      vertex -51.1 51.804 7.69037
      vertex -51.1382 51.8077 7.69037
      vertex -51.1 51.4194 7.61388
    endloop
  endfacet
  facet normal -0.262708 0.491635 0.830228
    outer loop
      vertex -51.5855 53.1722 7.24602
      vertex -51.6238 52.7839 7.46384
      vertex -51.4608 52.871 7.46384
    endloop
  endfacet
  facet normal -0.181122 0.338954 0.923204
    outer loop
      vertex -51.4608 52.871 7.46384
      vertex -51.6238 52.7839 7.46384
      vertex -51.3222 52.5364 7.61388
    endloop
  endfacet
  facet normal 0.096143 0.976248 0.194157
    outer loop
      vertex -51.1 53.9697 6
      vertex -51.1 53.9139 6.28057
      vertex -50.8167 53.9418 6
    endloop
  endfacet
  facet normal -0.0816457 0.82874 0.553646
    outer loop
      vertex -51.1 53.7638 6.64279
      vertex -51.4441 53.7299 6.64279
      vertex -51.4016 53.5163 6.96879
    endloop
  endfacet
  facet normal -0.81535 0.435887 0.38106
    outer loop
      vertex -52.5666 52.9799 6.64279
      vertex -52.8682 52.7324 6.28057
      vertex -52.7296 52.675 6.64279
    endloop
  endfacet
  facet normal -0.734284 0.392549 0.553834
    outer loop
      vertex -52.5666 52.9799 6.64279
      vertex -52.7296 52.675 6.64279
      vertex -52.5283 52.5916 6.96879
    endloop
  endfacet
  facet normal -0.643703 0.528314 0.553652
    outer loop
      vertex -52.3472 53.2472 6.64279
      vertex -52.3855 52.8589 6.96879
      vertex -52.1932 53.0932 6.96879
    endloop
  endfacet
  facet normal -0.547922 0.449703 0.705372
    outer loop
      vertex -52.1932 53.0932 6.96879
      vertex -52.3855 52.8589 6.96879
      vertex -52.155 52.7049 7.24602
    endloop
  endfacet
  facet normal 0.181344 -0.338711 0.923249
    outer loop
      vertex -50.7775 51.5173 7.61388
      vertex -50.8778 51.4636 7.61388
      vertex -50.5762 51.2161 7.46384
    endloop
  endfacet
  facet normal 0.151533 0.124326 0.980602
    outer loop
      vertex -50.6895 52.4105 7.61388
      vertex -50.9614 52.1386 7.69037
      vertex -50.6173 52.3225 7.61388
    endloop
  endfacet
  facet normal 0.0192824 -0.195063 0.980601
    outer loop
      vertex -51.0618 51.8077 7.69037
      vertex -51.1 51.4194 7.61388
      vertex -50.9867 51.4306 7.61388
    endloop
  endfacet
  facet normal 0.0377977 -0.382365 0.923238
    outer loop
      vertex -50.9867 51.4306 7.61388
      vertex -51.1 51.4194 7.61388
      vertex -50.9161 51.0753 7.46384
    endloop
  endfacet
  facet normal 0.367808 -0.111457 0.923198
    outer loop
      vertex -50.5306 51.8867 7.61388
      vertex -50.5636 51.7778 7.61388
      vertex -50.229 51.6392 7.46384
    endloop
  endfacet
  facet normal 0.382394 -0.0376364 0.923232
    outer loop
      vertex -50.1572 52 7.46384
      vertex -50.5306 51.8867 7.61388
      vertex -50.1753 51.8161 7.46384
    endloop
  endfacet
  facet normal 0.382436 -0.0378048 0.923208
    outer loop
      vertex -50.5194 52 7.61388
      vertex -50.5306 51.8867 7.61388
      vertex -50.1572 52 7.46384
    endloop
  endfacet
  facet normal 0.195025 -0.0192788 0.980609
    outer loop
      vertex -50.5194 52 7.61388
      vertex -50.904 52 7.69037
      vertex -50.5306 51.8867 7.61388
    endloop
  endfacet
  facet normal -0.243633 -0.297058 0.923255
    outer loop
      vertex -51.5105 51.5895 7.61388
      vertex -51.7667 51.3333 7.46384
      vertex -51.6238 51.2161 7.46384
    endloop
  endfacet
  facet normal -0.491666 -0.26264 0.830232
    outer loop
      vertex -51.971 51.6392 7.46384
      vertex -52.2722 51.5145 7.24602
      vertex -52.155 51.2951 7.24602
    endloop
  endfacet
  facet normal -0.334004 -0.625204 0.70538
    outer loop
      vertex -51.5855 50.8278 7.24602
      vertex -51.9589 50.7145 6.96879
      vertex -51.6916 50.5717 6.96879
    endloop
  endfacet
  facet normal -0.528336 -0.643684 0.553654
    outer loop
      vertex -52.1932 50.9068 6.96879
      vertex -52.3472 50.7528 6.64279
      vertex -52.0799 50.5334 6.64279
    endloop
  endfacet
  facet normal -0.0695415 -0.70539 0.705399
    outer loop
      vertex -51.3475 50.7556 7.24602
      vertex -51.4016 50.4837 6.96879
      vertex -51.1 50.7312 7.24602
    endloop
  endfacet
  facet normal -0.430928 -0.353616 0.830215
    outer loop
      vertex -51.7667 51.3333 7.46384
      vertex -52.155 51.2951 7.24602
      vertex -51.9972 51.1028 7.24602
    endloop
  endfacet
  facet normal -0.262626 -0.49164 0.830251
    outer loop
      vertex -51.6238 51.2161 7.46384
      vertex -51.8049 50.945 7.24602
      vertex -51.5855 50.8278 7.24602
    endloop
  endfacet
  facet normal -0.35358 -0.430883 0.830253
    outer loop
      vertex -51.6238 51.2161 7.46384
      vertex -51.9972 51.1028 7.24602
      vertex -51.8049 50.945 7.24602
    endloop
  endfacet
  facet normal -0.0925169 0.172802 0.980602
    outer loop
      vertex -51.3222 52.5364 7.61388
      vertex -51.4225 52.4827 7.61388
      vertex -51.2089 52.163 7.69037
    endloop
  endfacet
  facet normal 0.0568432 0.187583 0.980603
    outer loop
      vertex -50.9867 52.5694 7.61388
      vertex -51.0618 52.1923 7.69037
      vertex -50.8778 52.5364 7.61388
    endloop
  endfacet
  facet normal 0.0192824 0.195063 0.980601
    outer loop
      vertex -50.9867 52.5694 7.61388
      vertex -51.1 52.5806 7.61388
      vertex -51.0618 52.1923 7.69037
    endloop
  endfacet
  facet normal 0.172926 0.0923292 0.980598
    outer loop
      vertex -50.6173 52.3225 7.61388
      vertex -50.937 52.1089 7.69037
      vertex -50.9189 52.075 7.69037
    endloop
  endfacet
  facet normal -0.828725 -0.0816442 0.553669
    outer loop
      vertex -52.646 52 6.96879
      vertex -52.8638 52 6.64279
      vertex -52.8299 51.6559 6.64279
    endloop
  endfacet
  facet normal -0.828725 0.0816442 0.553669
    outer loop
      vertex -52.8299 52.3441 6.64279
      vertex -52.8638 52 6.64279
      vertex -52.646 52 6.96879
    endloop
  endfacet
  facet normal 0.643674 0.528328 0.553672
    outer loop
      vertex -49.6334 52.9799 6.64279
      vertex -49.8528 53.2472 6.64279
      vertex -49.8145 52.8589 6.96879
    endloop
  endfacet
  facet normal 0.71466 0.586514 0.381134
    outer loop
      vertex -49.7467 53.3533 6.28057
      vertex -49.8528 53.2472 6.64279
      vertex -49.5087 53.0633 6.28057
    endloop
  endfacet
  facet normal 0.268173 0.884729 0.381231
    outer loop
      vertex -50.7266 53.8771 6.28057
      vertex -50.7559 53.7299 6.64279
      vertex -50.425 53.6296 6.64279
    endloop
  endfacet
  facet normal 0.392334 0.734391 0.553845
    outer loop
      vertex -50.425 53.6296 6.64279
      vertex -50.5084 53.4283 6.96879
      vertex -50.2411 53.2855 6.96879
    endloop
  endfacet
  facet normal 0.449674 0.547986 0.70534
    outer loop
      vertex -50.0068 53.0932 6.96879
      vertex -50.3951 53.055 7.24602
      vertex -50.2028 52.8972 7.24602
    endloop
  endfacet
  facet normal 0.449703 0.547922 0.705372
    outer loop
      vertex -50.2411 53.2855 6.96879
      vertex -50.3951 53.055 7.24602
      vertex -50.0068 53.0932 6.96879
    endloop
  endfacet
  facet normal 0.622058 0.758465 0.194357
    outer loop
      vertex -49.7856 53.4571 6
      vertex -49.7467 53.3533 6.28057
      vertex -49.7072 53.3928 6
    endloop
  endfacet
  facet normal 0.622314 0.758282 0.194253
    outer loop
      vertex -49.7467 53.3533 6.28057
      vertex -49.7856 53.4571 6
      vertex -50.0367 53.5913 6.28057
    endloop
  endfacet
  facet normal 0.284263 0.938842 0.194345
    outer loop
      vertex -50.4433 53.8492 6
      vertex -50.3676 53.7682 6.28057
      vertex -50.3462 53.8198 6
    endloop
  endfacet
  facet normal 0.284756 0.938727 0.194179
    outer loop
      vertex -50.3676 53.7682 6.28057
      vertex -50.4433 53.8492 6
      vertex -50.7266 53.8771 6.28057
    endloop
  endfacet
  facet normal 0.268379 0.884738 0.381066
    outer loop
      vertex -50.3676 53.7682 6.28057
      vertex -50.7266 53.8771 6.28057
      vertex -50.425 53.6296 6.64279
    endloop
  endfacet
  facet normal -0.449674 0.547986 0.70534
    outer loop
      vertex -51.8049 53.055 7.24602
      vertex -52.1932 53.0932 6.96879
      vertex -51.9972 52.8972 7.24602
    endloop
  endfacet
  facet normal -0.547986 0.449674 0.70534
    outer loop
      vertex -51.9972 52.8972 7.24602
      vertex -52.1932 53.0932 6.96879
      vertex -52.155 52.7049 7.24602
    endloop
  endfacet
  facet normal -0.0192824 -0.195063 0.980601
    outer loop
      vertex -51.1382 51.8077 7.69037
      vertex -51.2133 51.4306 7.61388
      vertex -51.1 51.4194 7.61388
    endloop
  endfacet
  facet normal -0.0568432 -0.187583 0.980603
    outer loop
      vertex -51.1382 51.8077 7.69037
      vertex -51.3222 51.4636 7.61388
      vertex -51.2133 51.4306 7.61388
    endloop
  endfacet
  facet normal 0.092299 0.172869 0.980611
    outer loop
      vertex -50.8778 52.5364 7.61388
      vertex -51.025 52.1811 7.69037
      vertex -50.9911 52.163 7.69037
    endloop
  endfacet
  facet normal 0.243702 0.297033 0.923245
    outer loop
      vertex -50.5762 52.7839 7.46384
      vertex -50.7775 52.4827 7.61388
      vertex -50.6895 52.4105 7.61388
    endloop
  endfacet
  facet normal 0.181122 0.338954 0.923204
    outer loop
      vertex -50.7392 52.871 7.46384
      vertex -50.8778 52.5364 7.61388
      vertex -50.5762 52.7839 7.46384
    endloop
  endfacet
  facet normal 0.0925169 -0.172802 0.980602
    outer loop
      vertex -50.7775 51.5173 7.61388
      vertex -50.9911 51.837 7.69037
      vertex -50.8778 51.4636 7.61388
    endloop
  endfacet
  facet normal 0.0377977 0.382365 0.923238
    outer loop
      vertex -50.9161 52.9247 7.46384
      vertex -51.1 52.5806 7.61388
      vertex -50.9867 52.5694 7.61388
    endloop
  endfacet
  facet normal 0.0376407 0.382438 0.923214
    outer loop
      vertex -51.1 52.9428 7.46384
      vertex -51.1 52.5806 7.61388
      vertex -50.9161 52.9247 7.46384
    endloop
  endfacet
  facet normal -0.181344 0.338711 0.923249
    outer loop
      vertex -51.3222 52.5364 7.61388
      vertex -51.6238 52.7839 7.46384
      vertex -51.4225 52.4827 7.61388
    endloop
  endfacet
  facet normal -0.243702 0.297033 0.923245
    outer loop
      vertex -51.4225 52.4827 7.61388
      vertex -51.6238 52.7839 7.46384
      vertex -51.5105 52.4105 7.61388
    endloop
  endfacet
  facet normal 0.092299 -0.172869 0.980611
    outer loop
      vertex -50.9911 51.837 7.69037
      vertex -51.025 51.8189 7.69037
      vertex -50.8778 51.4636 7.61388
    endloop
  endfacet
  facet normal -0.151471 -0.124441 0.980597
    outer loop
      vertex -51.263 51.8911 7.69037
      vertex -51.5827 51.6775 7.61388
      vertex -51.2386 51.8614 7.69037
    endloop
  endfacet
  facet normal -0.187535 -0.057076 0.980598
    outer loop
      vertex -51.2923 51.9618 7.69037
      vertex -51.6694 51.8867 7.61388
      vertex -51.2811 51.925 7.69037
    endloop
  endfacet
  facet normal -0.151471 0.124441 0.980597
    outer loop
      vertex -51.2386 52.1386 7.69037
      vertex -51.5827 52.3225 7.61388
      vertex -51.263 52.1089 7.69037
    endloop
  endfacet
  facet normal -0.0906384 0.92002 0.381246
    outer loop
      vertex -51.1 53.9139 6.28057
      vertex -51.4441 53.7299 6.64279
      vertex -51.1 53.7638 6.64279
    endloop
  endfacet
  facet normal -0.0906723 0.920028 0.381218
    outer loop
      vertex -51.1 53.9139 6.28057
      vertex -51.4734 53.8771 6.28057
      vertex -51.4441 53.7299 6.64279
    endloop
  endfacet
  facet normal -0.392598 0.734375 0.55368
    outer loop
      vertex -51.775 53.6296 6.64279
      vertex -52.0799 53.4666 6.64279
      vertex -51.9589 53.2855 6.96879
    endloop
  endfacet
  facet normal -0.528305 0.643692 0.553673
    outer loop
      vertex -52.0799 53.4666 6.64279
      vertex -52.1932 53.0932 6.96879
      vertex -51.9589 53.2855 6.96879
    endloop
  endfacet
  facet normal -0.0570563 0.187471 0.980612
    outer loop
      vertex -51.1382 52.1923 7.69037
      vertex -51.3222 52.5364 7.61388
      vertex -51.175 52.1811 7.69037
    endloop
  endfacet
  facet normal 0.338831 -0.181408 0.923193
    outer loop
      vertex -50.5636 51.7778 7.61388
      vertex -50.6173 51.6775 7.61388
      vertex -50.229 51.6392 7.46384
    endloop
  endfacet
  facet normal 0.172782 -0.0925066 0.980606
    outer loop
      vertex -50.5636 51.7778 7.61388
      vertex -50.9189 51.925 7.69037
      vertex -50.6173 51.6775 7.61388
    endloop
  endfacet
  facet normal 0.187535 -0.057076 0.980598
    outer loop
      vertex -50.9077 51.9618 7.69037
      vertex -50.9189 51.925 7.69037
      vertex -50.5306 51.8867 7.61388
    endloop
  endfacet
  facet normal 0.195137 -0.0189007 0.980594
    outer loop
      vertex -50.904 52 7.69037
      vertex -50.9077 51.9618 7.69037
      vertex -50.5306 51.8867 7.61388
    endloop
  endfacet
  facet normal -0.449703 -0.547922 0.705372
    outer loop
      vertex -51.8049 50.945 7.24602
      vertex -52.1932 50.9068 6.96879
      vertex -51.9589 50.7145 6.96879
    endloop
  endfacet
  facet normal -0.547986 -0.449674 0.70534
    outer loop
      vertex -52.155 51.2951 7.24602
      vertex -52.1932 50.9068 6.96879
      vertex -51.9972 51.1028 7.24602
    endloop
  endfacet
  facet normal -0.181122 -0.338954 0.923204
    outer loop
      vertex -51.3222 51.4636 7.61388
      vertex -51.6238 51.2161 7.46384
      vertex -51.4608 51.129 7.46384
    endloop
  endfacet
  facet normal -0.262708 -0.491635 0.830228
    outer loop
      vertex -51.4608 51.129 7.46384
      vertex -51.6238 51.2161 7.46384
      vertex -51.5855 50.8278 7.24602
    endloop
  endfacet
  facet normal -0.0545983 -0.554731 0.830237
    outer loop
      vertex -51.1 51.0572 7.46384
      vertex -51.2839 51.0753 7.46384
      vertex -51.1 50.7312 7.24602
    endloop
  endfacet
  facet normal -0.161828 -0.533449 0.830207
    outer loop
      vertex -51.2839 51.0753 7.46384
      vertex -51.5855 50.8278 7.24602
      vertex -51.3475 50.7556 7.24602
    endloop
  endfacet
  facet normal 0.0570563 0.187471 0.980612
    outer loop
      vertex -50.8778 52.5364 7.61388
      vertex -51.0618 52.1923 7.69037
      vertex -51.025 52.1811 7.69037
    endloop
  endfacet
  facet normal -0.243702 -0.297033 0.923245
    outer loop
      vertex -51.5105 51.5895 7.61388
      vertex -51.6238 51.2161 7.46384
      vertex -51.4225 51.5173 7.61388
    endloop
  endfacet
  facet normal -0.181344 -0.338711 0.923249
    outer loop
      vertex -51.4225 51.5173 7.61388
      vertex -51.6238 51.2161 7.46384
      vertex -51.3222 51.4636 7.61388
    endloop
  endfacet
  facet normal 0.586575 0.714637 0.381082
    outer loop
      vertex -50.0367 53.5913 6.28057
      vertex -50.1201 53.4666 6.64279
      vertex -49.8528 53.2472 6.64279
    endloop
  endfacet
  facet normal 0.528336 0.643684 0.553654
    outer loop
      vertex -49.8528 53.2472 6.64279
      vertex -50.1201 53.4666 6.64279
      vertex -50.0068 53.0932 6.96879
    endloop
  endfacet
  facet normal 0.205828 0.678297 0.705371
    outer loop
      vertex -50.5084 53.4283 6.96879
      vertex -50.7984 53.5163 6.96879
      vertex -50.6145 53.1722 7.24602
    endloop
  endfacet
  facet normal 0.334004 0.625204 0.70538
    outer loop
      vertex -50.5084 53.4283 6.96879
      vertex -50.6145 53.1722 7.24602
      vertex -50.2411 53.2855 6.96879
    endloop
  endfacet
  facet normal 0.0906723 0.920028 0.381218
    outer loop
      vertex -50.7266 53.8771 6.28057
      vertex -51.1 53.9139 6.28057
      vertex -50.7559 53.7299 6.64279
    endloop
  endfacet
  facet normal 0.0906384 0.92002 0.381246
    outer loop
      vertex -51.1 53.9139 6.28057
      vertex -51.1 53.7638 6.64279
      vertex -50.7559 53.7299 6.64279
    endloop
  endfacet
  facet normal 0.435888 0.81535 0.381059
    outer loop
      vertex -50.0367 53.5913 6.28057
      vertex -50.3676 53.7682 6.28057
      vertex -50.1201 53.4666 6.64279
    endloop
  endfacet
  facet normal 0.462497 0.865124 0.194054
    outer loop
      vertex -50.2568 53.7719 6
      vertex -50.3676 53.7682 6.28057
      vertex -50.0367 53.5913 6.28057
    endloop
  endfacet
  facet normal 0.463271 0.864643 0.194353
    outer loop
      vertex -50.3676 53.7682 6.28057
      vertex -50.2568 53.7719 6
      vertex -50.3462 53.8198 6
    endloop
  endfacet
  facet normal -0.35351 0.431028 0.830208
    outer loop
      vertex -51.6238 52.7839 7.46384
      vertex -51.9972 52.8972 7.24602
      vertex -51.7667 52.6667 7.46384
    endloop
  endfacet
  facet normal -0.430928 0.353616 0.830215
    outer loop
      vertex -51.9972 52.8972 7.24602
      vertex -52.155 52.7049 7.24602
      vertex -51.7667 52.6667 7.46384
    endloop
  endfacet
  facet normal 0.181344 0.338711 0.923249
    outer loop
      vertex -50.5762 52.7839 7.46384
      vertex -50.8778 52.5364 7.61388
      vertex -50.7775 52.4827 7.61388
    endloop
  endfacet
  facet normal 0.0925169 0.172802 0.980602
    outer loop
      vertex -50.8778 52.5364 7.61388
      vertex -50.9911 52.163 7.69037
      vertex -50.7775 52.4827 7.61388
    endloop
  endfacet
  facet normal -0.124334 0.151543 0.9806
    outer loop
      vertex -51.4225 52.4827 7.61388
      vertex -51.5105 52.4105 7.61388
      vertex -51.2089 52.163 7.69037
    endloop
  endfacet
  facet normal -0.124418 0.151443 0.980605
    outer loop
      vertex -51.2089 52.163 7.69037
      vertex -51.5105 52.4105 7.61388
      vertex -51.2386 52.1386 7.69037
    endloop
  endfacet
  facet normal -0.124334 -0.151543 0.9806
    outer loop
      vertex -51.2089 51.837 7.69037
      vertex -51.5105 51.5895 7.61388
      vertex -51.4225 51.5173 7.61388
    endloop
  endfacet
  facet normal -0.092299 -0.172869 0.980611
    outer loop
      vertex -51.2089 51.837 7.69037
      vertex -51.3222 51.4636 7.61388
      vertex -51.175 51.8189 7.69037
    endloop
  endfacet
  facet normal -0.01889 0.195027 0.980616
    outer loop
      vertex -51.1 52.5806 7.61388
      vertex -51.1382 52.1923 7.69037
      vertex -51.1 52.196 7.69037
    endloop
  endfacet
  facet normal -0.35351 -0.431028 0.830208
    outer loop
      vertex -51.7667 51.3333 7.46384
      vertex -51.9972 51.1028 7.24602
      vertex -51.6238 51.2161 7.46384
    endloop
  endfacet
  facet normal -0.29701 -0.243683 0.923257
    outer loop
      vertex -51.5827 51.6775 7.61388
      vertex -51.7667 51.3333 7.46384
      vertex -51.5105 51.5895 7.61388
    endloop
  endfacet
  facet normal -0.297072 -0.243645 0.923247
    outer loop
      vertex -51.5827 51.6775 7.61388
      vertex -51.8839 51.4762 7.46384
      vertex -51.7667 51.3333 7.46384
    endloop
  endfacet
  facet normal -0.430968 -0.353461 0.83026
    outer loop
      vertex -51.8839 51.4762 7.46384
      vertex -52.155 51.2951 7.24602
      vertex -51.7667 51.3333 7.46384
    endloop
  endfacet
  facet normal -0.0377977 -0.382365 0.923238
    outer loop
      vertex -51.2133 51.4306 7.61388
      vertex -51.2839 51.0753 7.46384
      vertex -51.1 51.4194 7.61388
    endloop
  endfacet
  facet normal -0.111433 -0.36773 0.923232
    outer loop
      vertex -51.2133 51.4306 7.61388
      vertex -51.3222 51.4636 7.61388
      vertex -51.2839 51.0753 7.46384
    endloop
  endfacet
  facet normal 0.435887 0.81535 0.38106
    outer loop
      vertex -50.3676 53.7682 6.28057
      vertex -50.425 53.6296 6.64279
      vertex -50.1201 53.4666 6.64279
    endloop
  endfacet
  facet normal 0.392598 0.734375 0.55368
    outer loop
      vertex -50.1201 53.4666 6.64279
      vertex -50.425 53.6296 6.64279
      vertex -50.2411 53.2855 6.96879
    endloop
  endfacet
  facet normal 0.0966547 0.976213 0.194078
    outer loop
      vertex -50.8167 53.9418 6
      vertex -50.7266 53.8771 6.28057
      vertex -50.7157 53.9318 6
    endloop
  endfacet
  facet normal 0.096211 0.976228 0.194224
    outer loop
      vertex -50.7266 53.8771 6.28057
      vertex -50.8167 53.9418 6
      vertex -51.1 53.9139 6.28057
    endloop
  endfacet
  facet normal 0.284665 0.938775 0.194083
    outer loop
      vertex -50.7157 53.9318 6
      vertex -50.7266 53.8771 6.28057
      vertex -50.4433 53.8492 6
    endloop
  endfacet
  facet normal -0.161912 -0.533374 0.830239
    outer loop
      vertex -51.4608 51.129 7.46384
      vertex -51.5855 50.8278 7.24602
      vertex -51.2839 51.0753 7.46384
    endloop
  endfacet
  facet normal -0.111631 -0.367739 0.923204
    outer loop
      vertex -51.3222 51.4636 7.61388
      vertex -51.4608 51.129 7.46384
      vertex -51.2839 51.0753 7.46384
    endloop
  endfacet
  facet normal -0.0192788 0.195025 0.980609
    outer loop
      vertex -39 76.1806 7.61388
      vertex -39.1133 76.1694 7.61388
      vertex -39 75.796 7.69037
    endloop
  endfacet
  facet normal -0.124326 0.151533 0.980602
    outer loop
      vertex -39.3225 76.0827 7.61388
      vertex -39.4105 76.0105 7.61388
      vertex -39.1386 75.7386 7.69037
    endloop
  endfacet
  facet normal -0.195063 -0.0192824 0.980601
    outer loop
      vertex -39.1923 75.5618 7.69037
      vertex -39.5806 75.6 7.61388
      vertex -39.5694 75.4867 7.61388
    endloop
  endfacet
  facet normal -0.0695415 -0.70539 0.705399
    outer loop
      vertex -39.2475 74.3556 7.24602
      vertex -39.3016 74.0837 6.96879
      vertex -39 74.3312 7.24602
    endloop
  endfacet
  facet normal 0.884729 0.268173 0.381231
    outer loop
      vertex -37.1229 75.9734 6.28057
      vertex -37.3704 76.275 6.64279
      vertex -37.2701 75.9441 6.64279
    endloop
  endfacet
  facet normal -0.297033 0.243702 0.923245
    outer loop
      vertex -39.4105 76.0105 7.61388
      vertex -39.7839 76.1238 7.46384
      vertex -39.4827 75.9225 7.61388
    endloop
  endfacet
  facet normal -0.195027 -0.01889 0.980616
    outer loop
      vertex -39.196 75.6 7.69037
      vertex -39.5806 75.6 7.61388
      vertex -39.1923 75.5618 7.69037
    endloop
  endfacet
  facet normal 0.449674 0.547986 0.70534
    outer loop
      vertex -37.9068 76.6932 6.96879
      vertex -38.2951 76.655 7.24602
      vertex -38.1028 76.4972 7.24602
    endloop
  endfacet
  facet normal -0.241809 0.796872 0.553646
    outer loop
      vertex -39.3441 77.3299 6.64279
      vertex -39.5916 77.0283 6.96879
      vertex -39.3016 77.1163 6.96879
    endloop
  endfacet
  facet normal -0.430968 -0.353461 0.83026
    outer loop
      vertex -39.7839 75.0762 7.46384
      vertex -40.055 74.8951 7.24602
      vertex -39.6667 74.9333 7.46384
    endloop
  endfacet
  facet normal 0.172802 0.0925169 0.980602
    outer loop
      vertex -38.5173 75.9225 7.61388
      vertex -38.837 75.7089 7.69037
      vertex -38.4636 75.8222 7.61388
    endloop
  endfacet
  facet normal -0.796752 -0.241773 0.553834
    outer loop
      vertex -40.5163 75.2984 6.96879
      vertex -40.6296 74.925 6.64279
      vertex -40.4283 75.0084 6.96879
    endloop
  endfacet
  facet normal 0.705437 0.0694677 0.70536
    outer loop
      vertex -37.4837 75.9016 6.96879
      vertex -37.7312 75.6 7.24602
      vertex -37.454 75.6 6.96879
    endloop
  endfacet
  facet normal -0.0546883 -0.554728 0.830233
    outer loop
      vertex -39 74.6572 7.46384
      vertex -39.2475 74.3556 7.24602
      vertex -39 74.3312 7.24602
    endloop
  endfacet
  facet normal 0.353616 0.430928 0.830215
    outer loop
      vertex -38.2951 76.655 7.24602
      vertex -38.3333 76.2667 7.46384
      vertex -38.1028 76.4972 7.24602
    endloop
  endfacet
  facet normal 0.554731 -0.0545983 0.830237
    outer loop
      vertex -38.0572 75.6 7.46384
      vertex -38.0753 75.4161 7.46384
      vertex -37.7312 75.6 7.24602
    endloop
  endfacet
  facet normal -0.26836 0.884676 0.381225
    outer loop
      vertex -39.3734 77.4771 6.28057
      vertex -39.7324 77.3682 6.28057
      vertex -39.3441 77.3299 6.64279
    endloop
  endfacet
  facet normal -0.828727 -0.0816087 0.553671
    outer loop
      vertex -40.546 75.6 6.96879
      vertex -40.7638 75.6 6.64279
      vertex -40.5163 75.2984 6.96879
    endloop
  endfacet
  facet normal -0.284759 0.938738 -0.194123
    outer loop
      vertex -39.3734 77.4771 5.11943
      vertex -39.7324 77.3682 5.11943
      vertex -39.3883 77.5521 5.50397
    endloop
  endfacet
  facet normal 0.734375 0.392598 0.55368
    outer loop
      vertex -37.5334 76.5799 6.64279
      vertex -37.7145 76.4589 6.96879
      vertex -37.3704 76.275 6.64279
    endloop
  endfacet
  facet normal 0.884729 -0.268173 0.381231
    outer loop
      vertex -37.2701 75.2559 6.64279
      vertex -37.3704 74.925 6.64279
      vertex -37.1229 75.2266 6.28057
    endloop
  endfacet
  facet normal 0.0378048 -0.382436 0.923208
    outer loop
      vertex -39 75.0194 7.61388
      vertex -39 74.6572 7.46384
      vertex -38.8867 75.0306 7.61388
    endloop
  endfacet
  facet normal 0.0695415 -0.70539 0.705399
    outer loop
      vertex -38.7525 74.3556 7.24602
      vertex -39 74.3312 7.24602
      vertex -38.6984 74.0837 6.96879
    endloop
  endfacet
  facet normal 0.0376364 0.382394 0.923232
    outer loop
      vertex -38.8161 76.5247 7.46384
      vertex -39 76.5428 7.46384
      vertex -38.8867 76.1694 7.61388
    endloop
  endfacet
  facet normal -0.431028 0.35351 0.830208
    outer loop
      vertex -39.6667 76.2667 7.46384
      vertex -39.8972 76.4972 7.24602
      vertex -39.7839 76.1238 7.46384
    endloop
  endfacet
  facet normal 0.0546883 -0.554728 0.830233
    outer loop
      vertex -39 74.6572 7.46384
      vertex -39 74.3312 7.24602
      vertex -38.7525 74.3556 7.24602
    endloop
  endfacet
  facet normal -0.678286 -0.205766 0.7054
    outer loop
      vertex -40.2444 75.3525 7.24602
      vertex -40.5163 75.2984 6.96879
      vertex -40.1722 75.1145 7.24602
    endloop
  endfacet
  facet normal -0.554763 -0.0546918 0.830209
    outer loop
      vertex -39.9247 75.4161 7.46384
      vertex -40.2688 75.6 7.24602
      vertex -40.2444 75.3525 7.24602
    endloop
  endfacet
  facet normal 0.70539 0.0695415 0.705399
    outer loop
      vertex -37.4837 75.9016 6.96879
      vertex -37.7556 75.8475 7.24602
      vertex -37.7312 75.6 7.24602
    endloop
  endfacet
  facet normal 0.471546 0.881842 -0
    outer loop
      vertex -37.8942 77.2549 5.50397
      vertex -38.2383 77.4389 5.89603
      vertex -37.8942 77.2549 5.89603
    endloop
  endfacet
  facet normal 0.471546 0.881842 0
    outer loop
      vertex -38.2383 77.4389 5.89603
      vertex -37.8942 77.2549 5.50397
      vertex -38.2383 77.4389 5.50397
    endloop
  endfacet
  facet normal -0.705437 -0.0694677 0.70536
    outer loop
      vertex -40.2688 75.6 7.24602
      vertex -40.546 75.6 6.96879
      vertex -40.5163 75.2984 6.96879
    endloop
  endfacet
  facet normal -0.367739 0.111631 0.923204
    outer loop
      vertex -39.871 75.9608 7.46384
      vertex -39.9247 75.7839 7.46384
      vertex -39.5364 75.8222 7.61388
    endloop
  endfacet
  facet normal 0.268193 0.884797 0.381059
    outer loop
      vertex -38.2676 77.3682 6.28057
      vertex -38.6559 77.3299 6.64279
      vertex -38.325 77.2296 6.64279
    endloop
  endfacet
  facet normal 0.0546883 0.554728 0.830233
    outer loop
      vertex -39 76.8688 7.24602
      vertex -39 76.5428 7.46384
      vertex -38.7525 76.8444 7.24602
    endloop
  endfacet
  facet normal 0.26836 0.884676 -0.381225
    outer loop
      vertex -38.2676 77.3682 5.11943
      vertex -38.6559 77.3299 4.75721
      vertex -38.6266 77.4771 5.11943
    endloop
  endfacet
  facet normal -0.621951 0.758493 0.194592
    outer loop
      vertex -40.1058 77.2549 5.89603
      vertex -40.2012 77.15 6
      vertex -40.3533 76.9533 6.28057
    endloop
  endfacet
  facet normal -0.622055 0.758444 0.194448
    outer loop
      vertex -40.2012 77.15 6
      vertex -40.1058 77.2549 5.89603
      vertex -40.2337 77.15 5.89603
    endloop
  endfacet
  facet normal -0.622196 0.758351 0.19436
    outer loop
      vertex -40.3533 76.9533 6.28057
      vertex -40.2012 77.15 6
      vertex -40.3928 76.9928 6
    endloop
  endfacet
  facet normal -0.758352 -0.622255 0.194167
    outer loop
      vertex -40.5913 74.5367 6.28057
      vertex -40.6377 74.5057 6
      vertex -40.4571 74.2856 6
    endloop
  endfacet
  facet normal -0.0816472 0.828755 -0.553623
    outer loop
      vertex -39 77.3638 4.75721
      vertex -39.0074 77.15 4.43825
      vertex -39.3441 77.3299 4.75721
    endloop
  endfacet
  facet normal -0.0815481 0.828761 -0.553629
    outer loop
      vertex -39.0074 77.15 4.43825
      vertex -39 77.3638 4.75721
      vertex -39 77.15 4.43716
    endloop
  endfacet
  facet normal 0.284593 0.938755 -0.19428
    outer loop
      vertex -38.2676 77.3682 5.11943
      vertex -38.6117 77.5521 5.50397
      vertex -38.2383 77.4389 5.50397
    endloop
  endfacet
  facet normal 0.46256 0.865038 -0.194287
    outer loop
      vertex -37.8942 77.2549 5.50397
      vertex -38.2676 77.3682 5.11943
      vertex -38.2383 77.4389 5.50397
    endloop
  endfacet
  facet normal 0.622321 0.758291 0.194195
    outer loop
      vertex -37.8942 77.2549 5.89603
      vertex -37.9367 77.1913 6.28057
      vertex -37.6467 76.9533 6.28057
    endloop
  endfacet
  facet normal -0.36773 -0.111433 0.923232
    outer loop
      vertex -39.5694 75.4867 7.61388
      vertex -39.9247 75.4161 7.46384
      vertex -39.5364 75.3778 7.61388
    endloop
  endfacet
  facet normal 0.36773 0.111433 0.923232
    outer loop
      vertex -38.0753 75.7839 7.46384
      vertex -38.4636 75.8222 7.61388
      vertex -38.4306 75.7133 7.61388
    endloop
  endfacet
  facet normal -0.36773 0.111433 0.923232
    outer loop
      vertex -39.5364 75.8222 7.61388
      vertex -39.9247 75.7839 7.46384
      vertex -39.5694 75.7133 7.61388
    endloop
  endfacet
  facet normal -0.533374 0.161912 0.830239
    outer loop
      vertex -39.871 75.9608 7.46384
      vertex -40.1722 76.0855 7.24602
      vertex -39.9247 75.7839 7.46384
    endloop
  endfacet
  facet normal -0.382438 0.0376407 0.923214
    outer loop
      vertex -39.9247 75.7839 7.46384
      vertex -39.9428 75.6 7.46384
      vertex -39.5806 75.6 7.61388
    endloop
  endfacet
  facet normal -0.39239 -0.734494 0.553669
    outer loop
      vertex -39.8589 74.3145 6.96879
      vertex -39.9799 74.1334 6.64279
      vertex -39.5916 74.1717 6.96879
    endloop
  endfacet
  facet normal -0.241749 -0.79676 0.553833
    outer loop
      vertex -39.5916 74.1717 6.96879
      vertex -39.675 73.9704 6.64279
      vertex -39.3441 73.87 6.64279
    endloop
  endfacet
  facet normal -0.435887 -0.81535 0.38106
    outer loop
      vertex -39.675 73.9704 6.64279
      vertex -39.9799 74.1334 6.64279
      vertex -39.7324 73.8318 6.28057
    endloop
  endfacet
  facet normal -0.938775 -0.284665 0.194083
    outer loop
      vertex -40.8771 75.2266 6.28057
      vertex -40.9318 75.2157 6
      vertex -40.8492 74.9433 6
    endloop
  endfacet
  facet normal -0.938727 -0.284756 0.194179
    outer loop
      vertex -40.8492 74.9433 6
      vertex -40.7682 74.8676 6.28057
      vertex -40.8771 75.2266 6.28057
    endloop
  endfacet
  facet normal -0.938842 -0.284263 0.194345
    outer loop
      vertex -40.7682 74.8676 6.28057
      vertex -40.8492 74.9433 6
      vertex -40.8198 74.8462 6
    endloop
  endfacet
  facet normal 0.205828 -0.678297 0.705371
    outer loop
      vertex -38.5145 74.4278 7.24602
      vertex -38.6984 74.0837 6.96879
      vertex -38.4084 74.1717 6.96879
    endloop
  endfacet
  facet normal 0.462508 -0.865048 0.194369
    outer loop
      vertex -37.9952 73.9144 6
      vertex -38.2676 73.8318 6.28057
      vertex -38.2462 73.7802 6
    endloop
  endfacet
  facet normal 0.976248 -0.096143 0.194157
    outer loop
      vertex -37.0303 75.6 6
      vertex -37.0861 75.6 6.28057
      vertex -37.0582 75.3167 6
    endloop
  endfacet
  facet normal 0.392549 -0.734284 0.553834
    outer loop
      vertex -38.0201 74.1334 6.64279
      vertex -38.4084 74.1717 6.96879
      vertex -38.325 73.9704 6.64279
    endloop
  endfacet
  facet normal 0.26269 0.491601 0.830255
    outer loop
      vertex -38.2951 76.655 7.24602
      vertex -38.6392 76.471 7.46384
      vertex -38.4762 76.3839 7.46384
    endloop
  endfacet
  facet normal 0.297058 -0.243633 0.923255
    outer loop
      vertex -38.2161 75.0762 7.46384
      vertex -38.5895 75.1895 7.61388
      vertex -38.3333 74.9333 7.46384
    endloop
  endfacet
  facet normal 0.533374 0.161912 0.830239
    outer loop
      vertex -37.8278 76.0855 7.24602
      vertex -38.129 75.9608 7.46384
      vertex -38.0753 75.7839 7.46384
    endloop
  endfacet
  facet normal 0.430883 0.35358 0.830253
    outer loop
      vertex -38.1028 76.4972 7.24602
      vertex -38.2161 76.1238 7.46384
      vertex -37.945 76.3049 7.24602
    endloop
  endfacet
  facet normal 0.26264 0.491666 0.830232
    outer loop
      vertex -38.5145 76.7722 7.24602
      vertex -38.6392 76.471 7.46384
      vertex -38.2951 76.655 7.24602
    endloop
  endfacet
  facet normal -0.796938 -0.241562 0.553658
    outer loop
      vertex -40.5163 75.2984 6.96879
      vertex -40.7299 75.2559 6.64279
      vertex -40.6296 74.925 6.64279
    endloop
  endfacet
  facet normal -0.714637 -0.586575 0.381082
    outer loop
      vertex -40.4666 74.6201 6.64279
      vertex -40.5913 74.5367 6.28057
      vertex -40.2472 74.3528 6.64279
    endloop
  endfacet
  facet normal -0.82874 -0.0816457 0.553646
    outer loop
      vertex -40.5163 75.2984 6.96879
      vertex -40.7638 75.6 6.64279
      vertex -40.7299 75.2559 6.64279
    endloop
  endfacet
  facet normal -0.554731 -0.0545983 0.830237
    outer loop
      vertex -39.9428 75.6 7.46384
      vertex -40.2688 75.6 7.24602
      vertex -39.9247 75.4161 7.46384
    endloop
  endfacet
  facet normal -0.268193 0.884797 0.381059
    outer loop
      vertex -39.3441 77.3299 6.64279
      vertex -39.7324 77.3682 6.28057
      vertex -39.675 77.2296 6.64279
    endloop
  endfacet
  facet normal -0.462484 0.865099 -0.194195
    outer loop
      vertex -40.0633 77.1913 5.11943
      vertex -40.1058 77.2549 5.50397
      vertex -39.7324 77.3682 5.11943
    endloop
  endfacet
  facet normal -0.976248 0.096143 0.194157
    outer loop
      vertex -40.9418 75.8833 6
      vertex -40.9697 75.6 6
      vertex -40.9139 75.6 6.28057
    endloop
  endfacet
  facet normal -0.241531 0.796835 -0.553821
    outer loop
      vertex -39.3441 77.3299 4.75721
      vertex -39.642 77.15 4.62829
      vertex -39.675 77.2296 4.75721
    endloop
  endfacet
  facet normal -0.241726 0.796964 -0.553549
    outer loop
      vertex -39.642 77.15 4.62829
      vertex -39.3441 77.3299 4.75721
      vertex -39.4918 77.15 4.5627
    endloop
  endfacet
  facet normal 0.290121 0.95699 -0
    outer loop
      vertex -38.2383 77.4389 5.50397
      vertex -38.6117 77.5521 5.89603
      vertex -38.2383 77.4389 5.89603
    endloop
  endfacet
  facet normal 0.290121 0.95699 0
    outer loop
      vertex -38.6117 77.5521 5.89603
      vertex -38.2383 77.4389 5.50397
      vertex -38.6117 77.5521 5.50397
    endloop
  endfacet
  facet normal 0.241531 0.796835 -0.553821
    outer loop
      vertex -38.358 77.15 4.62829
      vertex -38.6559 77.3299 4.75721
      vertex -38.325 77.2296 4.75721
    endloop
  endfacet
  facet normal 0.241726 0.796964 -0.553549
    outer loop
      vertex -38.6559 77.3299 4.75721
      vertex -38.358 77.15 4.62829
      vertex -38.5082 77.15 4.5627
    endloop
  endfacet
  facet normal 0.392536 0.734279 -0.55385
    outer loop
      vertex -38.1761 77.15 4.75721
      vertex -38.358 77.15 4.62829
      vertex -38.325 77.2296 4.75721
    endloop
  endfacet
  facet normal -0.634159 0.773203 0
    outer loop
      vertex -40.1058 77.2549 5.50397
      vertex -40.2337 77.15 5.89603
      vertex -40.1058 77.2549 5.89603
    endloop
  endfacet
  facet normal -0.634159 0.773203 0
    outer loop
      vertex -40.2337 77.15 5.89603
      vertex -40.1058 77.2549 5.50397
      vertex -40.2337 77.15 5.50397
    endloop
  endfacet
  facet normal -0.678286 0.205766 0.7054
    outer loop
      vertex -40.1722 76.0855 7.24602
      vertex -40.5163 75.9016 6.96879
      vertex -40.2444 75.8475 7.24602
    endloop
  endfacet
  facet normal -0.0189007 0.195137 0.980594
    outer loop
      vertex -39 75.796 7.69037
      vertex -39.1133 76.1694 7.61388
      vertex -39.0382 75.7923 7.69037
    endloop
  endfacet
  facet normal -0.26269 0.491601 0.830255
    outer loop
      vertex -39.3608 76.471 7.46384
      vertex -39.7049 76.655 7.24602
      vertex -39.5238 76.3839 7.46384
    endloop
  endfacet
  facet normal -0.586514 0.71466 0.381134
    outer loop
      vertex -40.0633 77.1913 6.28057
      vertex -40.3533 76.9533 6.28057
      vertex -40.2472 76.8472 6.64279
    endloop
  endfacet
  facet normal -0.0695457 0.705433 0.705357
    outer loop
      vertex -39 77.146 6.96879
      vertex -39.2475 76.8444 7.24602
      vertex -39 76.8688 7.24602
    endloop
  endfacet
  facet normal -0.334004 0.625204 0.70538
    outer loop
      vertex -39.5916 77.0283 6.96879
      vertex -39.8589 76.8855 6.96879
      vertex -39.4855 76.7722 7.24602
    endloop
  endfacet
  facet normal -0.284759 0.938738 0.194123
    outer loop
      vertex -39.3883 77.5521 5.89603
      vertex -39.7324 77.3682 6.28057
      vertex -39.3734 77.4771 6.28057
    endloop
  endfacet
  facet normal -0.81535 0.435888 0.381059
    outer loop
      vertex -40.5913 76.6633 6.28057
      vertex -40.7682 76.3324 6.28057
      vertex -40.4666 76.5799 6.64279
    endloop
  endfacet
  facet normal -0.491635 0.262708 0.830228
    outer loop
      vertex -39.7839 76.1238 7.46384
      vertex -40.1722 76.0855 7.24602
      vertex -39.871 75.9608 7.46384
    endloop
  endfacet
  facet normal 0.758282 -0.622314 0.194253
    outer loop
      vertex -37.6467 74.2467 6.28057
      vertex -37.5429 74.2856 6
      vertex -37.4087 74.5367 6.28057
    endloop
  endfacet
  facet normal 0.758465 -0.622058 0.194357
    outer loop
      vertex -37.5429 74.2856 6
      vertex -37.6467 74.2467 6.28057
      vertex -37.6072 74.2072 6
    endloop
  endfacet
  facet normal -0.151543 -0.124334 0.9806
    outer loop
      vertex -39.163 75.4911 7.69037
      vertex -39.4827 75.2775 7.61388
      vertex -39.4105 75.1895 7.61388
    endloop
  endfacet
  facet normal -0.547922 -0.449703 0.705372
    outer loop
      vertex -40.055 74.8951 7.24602
      vertex -40.2855 74.7411 6.96879
      vertex -40.0932 74.5068 6.96879
    endloop
  endfacet
  facet normal -0.297033 -0.243702 0.923245
    outer loop
      vertex -39.4827 75.2775 7.61388
      vertex -39.7839 75.0762 7.46384
      vertex -39.4105 75.1895 7.61388
    endloop
  endfacet
  facet normal -0.241777 -0.796764 0.553816
    outer loop
      vertex -39.3016 74.0837 6.96879
      vertex -39.5916 74.1717 6.96879
      vertex -39.3441 73.87 6.64279
    endloop
  endfacet
  facet normal 0.528314 -0.643703 0.553652
    outer loop
      vertex -37.9068 74.5068 6.96879
      vertex -38.1411 74.3145 6.96879
      vertex -37.7528 74.3528 6.64279
    endloop
  endfacet
  facet normal -0.284665 -0.938775 0.194083
    outer loop
      vertex -39.3734 73.7229 6.28057
      vertex -39.6567 73.7508 6
      vertex -39.3843 73.6682 6
    endloop
  endfacet
  facet normal -0.758282 -0.622314 0.194253
    outer loop
      vertex -40.4571 74.2856 6
      vertex -40.3533 74.2467 6.28057
      vertex -40.5913 74.5367 6.28057
    endloop
  endfacet
  facet normal -0.758465 -0.622058 0.194357
    outer loop
      vertex -40.3533 74.2467 6.28057
      vertex -40.4571 74.2856 6
      vertex -40.3928 74.2072 6
    endloop
  endfacet
  facet normal -0.884738 -0.268379 0.381066
    outer loop
      vertex -40.6296 74.925 6.64279
      vertex -40.8771 75.2266 6.28057
      vertex -40.7682 74.8676 6.28057
    endloop
  endfacet
  facet normal -0.734391 0.392334 0.553845
    outer loop
      vertex -40.2855 76.4589 6.96879
      vertex -40.6296 76.275 6.64279
      vertex -40.4283 76.1916 6.96879
    endloop
  endfacet
  facet normal -0.976248 -0.096143 0.194157
    outer loop
      vertex -40.9139 75.6 6.28057
      vertex -40.9697 75.6 6
      vertex -40.9418 75.3167 6
    endloop
  endfacet
  facet normal -0.528314 -0.643703 0.553652
    outer loop
      vertex -40.0932 74.5068 6.96879
      vertex -40.2472 74.3528 6.64279
      vertex -39.8589 74.3145 6.96879
    endloop
  endfacet
  facet normal -0.26264 -0.491666 0.830232
    outer loop
      vertex -39.3608 74.729 7.46384
      vertex -39.7049 74.545 7.24602
      vertex -39.4855 74.4278 7.24602
    endloop
  endfacet
  facet normal -0.71466 -0.586514 0.381134
    outer loop
      vertex -40.2472 74.3528 6.64279
      vertex -40.5913 74.5367 6.28057
      vertex -40.3533 74.2467 6.28057
    endloop
  endfacet
  facet normal 0.284756 -0.938727 0.194179
    outer loop
      vertex -38.3433 73.7508 6
      vertex -38.2676 73.8318 6.28057
      vertex -38.6266 73.7229 6.28057
    endloop
  endfacet
  facet normal 0.284263 -0.938842 0.194345
    outer loop
      vertex -38.2676 73.8318 6.28057
      vertex -38.3433 73.7508 6
      vertex -38.2462 73.7802 6
    endloop
  endfacet
  facet normal 0.36773 -0.111433 0.923232
    outer loop
      vertex -38.4306 75.4867 7.61388
      vertex -38.4636 75.3778 7.61388
      vertex -38.0753 75.4161 7.46384
    endloop
  endfacet
  facet normal 0.938775 -0.284665 0.194083
    outer loop
      vertex -37.1229 75.2266 6.28057
      vertex -37.1508 74.9433 6
      vertex -37.0682 75.2157 6
    endloop
  endfacet
  facet normal 0.758352 -0.622255 0.194167
    outer loop
      vertex -37.4087 74.5367 6.28057
      vertex -37.5429 74.2856 6
      vertex -37.3623 74.5057 6
    endloop
  endfacet
  facet normal 0.938727 -0.284756 0.194179
    outer loop
      vertex -37.2318 74.8676 6.28057
      vertex -37.1508 74.9433 6
      vertex -37.1229 75.2266 6.28057
    endloop
  endfacet
  facet normal 0.938842 -0.284263 0.194345
    outer loop
      vertex -37.1508 74.9433 6
      vertex -37.2318 74.8676 6.28057
      vertex -37.1802 74.8462 6
    endloop
  endfacet
  facet normal 0.86516 -0.462383 0.194166
    outer loop
      vertex -37.2281 74.7568 6
      vertex -37.4087 74.5367 6.28057
      vertex -37.3623 74.5057 6
    endloop
  endfacet
  facet normal 0.976228 -0.096211 0.194224
    outer loop
      vertex -37.1229 75.2266 6.28057
      vertex -37.0582 75.3167 6
      vertex -37.0861 75.6 6.28057
    endloop
  endfacet
  facet normal 0.976213 -0.0966547 0.194078
    outer loop
      vertex -37.0582 75.3167 6
      vertex -37.1229 75.2266 6.28057
      vertex -37.0682 75.2157 6
    endloop
  endfacet
  facet normal 0.367739 0.111631 0.923204
    outer loop
      vertex -38.129 75.9608 7.46384
      vertex -38.4636 75.8222 7.61388
      vertex -38.0753 75.7839 7.46384
    endloop
  endfacet
  facet normal 0.382365 0.0377977 0.923238
    outer loop
      vertex -38.0753 75.7839 7.46384
      vertex -38.4306 75.7133 7.61388
      vertex -38.4194 75.6 7.61388
    endloop
  endfacet
  facet normal 0.338711 0.181344 0.923249
    outer loop
      vertex -38.2161 76.1238 7.46384
      vertex -38.5173 75.9225 7.61388
      vertex -38.4636 75.8222 7.61388
    endloop
  endfacet
  facet normal 0.205766 -0.678286 0.7054
    outer loop
      vertex -38.5145 74.4278 7.24602
      vertex -38.7525 74.3556 7.24602
      vertex -38.6984 74.0837 6.96879
    endloop
  endfacet
  facet normal -0.0694643 0.705402 0.705396
    outer loop
      vertex -39 77.146 6.96879
      vertex -39.3016 77.1163 6.96879
      vertex -39.2475 76.8444 7.24602
    endloop
  endfacet
  facet normal 0.187583 0.0568432 0.980603
    outer loop
      vertex -38.4636 75.8222 7.61388
      vertex -38.8077 75.6382 7.69037
      vertex -38.4306 75.7133 7.61388
    endloop
  endfacet
  facet normal 0.796752 0.241773 0.553834
    outer loop
      vertex -37.3704 76.275 6.64279
      vertex -37.5717 76.1916 6.96879
      vertex -37.4837 75.9016 6.96879
    endloop
  endfacet
  facet normal 0.46256 0.865038 0.194287
    outer loop
      vertex -38.2383 77.4389 5.89603
      vertex -38.2676 77.3682 6.28057
      vertex -37.8942 77.2549 5.89603
    endloop
  endfacet
  facet normal -0.92002 -0.0906384 0.381246
    outer loop
      vertex -40.7638 75.6 6.64279
      vertex -40.9139 75.6 6.28057
      vertex -40.7299 75.2559 6.64279
    endloop
  endfacet
  facet normal -0.70539 -0.0695415 0.705399
    outer loop
      vertex -40.2688 75.6 7.24602
      vertex -40.5163 75.2984 6.96879
      vertex -40.2444 75.3525 7.24602
    endloop
  endfacet
  facet normal -0.284593 0.938755 -0.19428
    outer loop
      vertex -39.7324 77.3682 5.11943
      vertex -39.7617 77.4389 5.50397
      vertex -39.3883 77.5521 5.50397
    endloop
  endfacet
  facet normal -0.0906723 0.920028 0.381218
    outer loop
      vertex -39 77.5139 6.28057
      vertex -39.3734 77.4771 6.28057
      vertex -39.3441 77.3299 6.64279
    endloop
  endfacet
  facet normal -0.758465 0.622058 0.194357
    outer loop
      vertex -40.4571 76.9144 6
      vertex -40.3533 76.9533 6.28057
      vertex -40.3928 76.9928 6
    endloop
  endfacet
  facet normal -0.758282 0.622314 0.194253
    outer loop
      vertex -40.3533 76.9533 6.28057
      vertex -40.4571 76.9144 6
      vertex -40.5913 76.6633 6.28057
    endloop
  endfacet
  facet normal -0.86516 0.462383 0.194166
    outer loop
      vertex -40.6377 76.6943 6
      vertex -40.7719 76.4432 6
      vertex -40.5913 76.6633 6.28057
    endloop
  endfacet
  facet normal -0.585981 0.715095 -0.381137
    outer loop
      vertex -40.0854 77.15 5.07592
      vertex -40.1137 77.15 5.11943
      vertex -40.0633 77.1913 5.11943
    endloop
  endfacet
  facet normal -0.290121 0.95699 0
    outer loop
      vertex -39.3883 77.5521 5.50397
      vertex -39.7617 77.4389 5.89603
      vertex -39.3883 77.5521 5.89603
    endloop
  endfacet
  facet normal -0.290121 0.95699 0
    outer loop
      vertex -39.7617 77.4389 5.89603
      vertex -39.3883 77.5521 5.50397
      vertex -39.7617 77.4389 5.50397
    endloop
  endfacet
  facet normal 0.585981 0.715095 -0.381137
    outer loop
      vertex -37.9146 77.15 5.07592
      vertex -37.9367 77.1913 5.11943
      vertex -37.8863 77.15 5.11943
    endloop
  endfacet
  facet normal 0.435858 0.815317 -0.381164
    outer loop
      vertex -38.325 77.2296 4.75721
      vertex -38.0885 77.15 4.85738
      vertex -38.1761 77.15 4.75721
    endloop
  endfacet
  facet normal 0.435835 0.815377 -0.381062
    outer loop
      vertex -38.0885 77.15 4.85738
      vertex -38.325 77.2296 4.75721
      vertex -38.2676 77.3682 5.11943
    endloop
  endfacet
  facet normal 0.0816472 0.828755 -0.553623
    outer loop
      vertex -38.9926 77.15 4.43825
      vertex -39 77.3638 4.75721
      vertex -38.6559 77.3299 4.75721
    endloop
  endfacet
  facet normal 0.0815481 0.828761 -0.553629
    outer loop
      vertex -39 77.3638 4.75721
      vertex -38.9926 77.15 4.43825
      vertex -39 77.15 4.43716
    endloop
  endfacet
  facet normal -0.0962898 0.976223 -0.194209
    outer loop
      vertex -39 77.5139 5.11943
      vertex -39.3883 77.5521 5.50397
      vertex -39 77.5904 5.50397
    endloop
  endfacet
  facet normal -0.0906723 0.920028 -0.381218
    outer loop
      vertex -39.3441 77.3299 4.75721
      vertex -39.3734 77.4771 5.11943
      vertex -39 77.5139 5.11943
    endloop
  endfacet
  facet normal 0.081614 0.828775 -0.553599
    outer loop
      vertex -38.6917 77.15 4.48261
      vertex -38.9926 77.15 4.43825
      vertex -38.6559 77.3299 4.75721
    endloop
  endfacet
  facet normal -0.382438 -0.0376407 0.923214
    outer loop
      vertex -39.5806 75.6 7.61388
      vertex -39.9428 75.6 7.46384
      vertex -39.9247 75.4161 7.46384
    endloop
  endfacet
  facet normal -0.382365 -0.0377977 0.923238
    outer loop
      vertex -39.5806 75.6 7.61388
      vertex -39.9247 75.4161 7.46384
      vertex -39.5694 75.4867 7.61388
    endloop
  endfacet
  facet normal -0.0546029 0.554778 0.830205
    outer loop
      vertex -39 76.5428 7.46384
      vertex -39.2475 76.8444 7.24602
      vertex -39.1839 76.5247 7.46384
    endloop
  endfacet
  facet normal -0.528314 0.643703 0.553652
    outer loop
      vertex -39.8589 76.8855 6.96879
      vertex -40.2472 76.8472 6.64279
      vertex -40.0932 76.6932 6.96879
    endloop
  endfacet
  facet normal 0.243683 0.29701 0.923257
    outer loop
      vertex -38.3333 76.2667 7.46384
      vertex -38.6775 76.0827 7.61388
      vertex -38.5895 76.0105 7.61388
    endloop
  endfacet
  facet normal -0.338954 0.181122 0.923204
    outer loop
      vertex -39.7839 76.1238 7.46384
      vertex -39.871 75.9608 7.46384
      vertex -39.5364 75.8222 7.61388
    endloop
  endfacet
  facet normal -0.151543 0.124334 0.9806
    outer loop
      vertex -39.4105 76.0105 7.61388
      vertex -39.4827 75.9225 7.61388
      vertex -39.163 75.7089 7.69037
    endloop
  endfacet
  facet normal -0.205821 0.678272 0.705397
    outer loop
      vertex -39.3016 77.1163 6.96879
      vertex -39.5916 77.0283 6.96879
      vertex -39.2475 76.8444 7.24602
    endloop
  endfacet
  facet normal -0.24153 0.796833 0.553823
    outer loop
      vertex -39.3441 77.3299 6.64279
      vertex -39.675 77.2296 6.64279
      vertex -39.5916 77.0283 6.96879
    endloop
  endfacet
  facet normal -0.243683 0.29701 0.923257
    outer loop
      vertex -39.3225 76.0827 7.61388
      vertex -39.6667 76.2667 7.46384
      vertex -39.4105 76.0105 7.61388
    endloop
  endfacet
  facet normal -0.0376364 0.382394 0.923232
    outer loop
      vertex -39 76.5428 7.46384
      vertex -39.1839 76.5247 7.46384
      vertex -39.1133 76.1694 7.61388
    endloop
  endfacet
  facet normal -0.205775 0.678316 0.705369
    outer loop
      vertex -39.2475 76.8444 7.24602
      vertex -39.5916 77.0283 6.96879
      vertex -39.4855 76.7722 7.24602
    endloop
  endfacet
  facet normal -0.0816104 0.828744 0.553645
    outer loop
      vertex -39 77.146 6.96879
      vertex -39.3441 77.3299 6.64279
      vertex -39.3016 77.1163 6.96879
    endloop
  endfacet
  facet normal -0.353616 0.430928 0.830215
    outer loop
      vertex -39.7049 76.655 7.24602
      vertex -39.8972 76.4972 7.24602
      vertex -39.6667 76.2667 7.46384
    endloop
  endfacet
  facet normal -0.864643 0.463271 0.194353
    outer loop
      vertex -40.7682 76.3324 6.28057
      vertex -40.7719 76.4432 6
      vertex -40.8198 76.3538 6
    endloop
  endfacet
  facet normal -0.865124 0.462497 0.194054
    outer loop
      vertex -40.7719 76.4432 6
      vertex -40.7682 76.3324 6.28057
      vertex -40.5913 76.6633 6.28057
    endloop
  endfacet
  facet normal -0.643692 0.528305 0.553673
    outer loop
      vertex -40.0932 76.6932 6.96879
      vertex -40.4666 76.5799 6.64279
      vertex -40.2855 76.4589 6.96879
    endloop
  endfacet
  facet normal -0.81535 0.435887 0.38106
    outer loop
      vertex -40.4666 76.5799 6.64279
      vertex -40.7682 76.3324 6.28057
      vertex -40.6296 76.275 6.64279
    endloop
  endfacet
  facet normal -0.528328 0.643674 0.553672
    outer loop
      vertex -39.9799 77.0666 6.64279
      vertex -40.2472 76.8472 6.64279
      vertex -39.8589 76.8855 6.96879
    endloop
  endfacet
  facet normal -0.435888 0.81535 0.381059
    outer loop
      vertex -39.7324 77.3682 6.28057
      vertex -40.0633 77.1913 6.28057
      vertex -39.9799 77.0666 6.64279
    endloop
  endfacet
  facet normal -0.0925066 -0.172782 0.980606
    outer loop
      vertex -39.075 75.4189 7.69037
      vertex -39.3225 75.1173 7.61388
      vertex -39.2222 75.0636 7.61388
    endloop
  endfacet
  facet normal -0.0925066 0.172782 0.980606
    outer loop
      vertex -39.2222 76.1364 7.61388
      vertex -39.3225 76.0827 7.61388
      vertex -39.075 75.7811 7.69037
    endloop
  endfacet
  facet normal 0.0192788 -0.195025 0.980609
    outer loop
      vertex -39 75.404 7.69037
      vertex -39 75.0194 7.61388
      vertex -38.8867 75.0306 7.61388
    endloop
  endfacet
  facet normal -0.625204 -0.334004 0.70538
    outer loop
      vertex -40.1722 75.1145 7.24602
      vertex -40.4283 75.0084 6.96879
      vertex -40.2855 74.7411 6.96879
    endloop
  endfacet
  facet normal -0.333987 -0.625228 0.705367
    outer loop
      vertex -39.7049 74.545 7.24602
      vertex -39.8589 74.3145 6.96879
      vertex -39.4855 74.4278 7.24602
    endloop
  endfacet
  facet normal -0.81535 -0.435887 0.38106
    outer loop
      vertex -40.6296 74.925 6.64279
      vertex -40.7682 74.8676 6.28057
      vertex -40.4666 74.6201 6.64279
    endloop
  endfacet
  facet normal -0.338711 -0.181344 0.923249
    outer loop
      vertex -39.5364 75.3778 7.61388
      vertex -39.7839 75.0762 7.46384
      vertex -39.4827 75.2775 7.61388
    endloop
  endfacet
  facet normal -0.491635 -0.262708 0.830228
    outer loop
      vertex -39.871 75.2392 7.46384
      vertex -40.1722 75.1145 7.24602
      vertex -39.7839 75.0762 7.46384
    endloop
  endfacet
  facet normal 0.284665 -0.938775 0.194083
    outer loop
      vertex -38.3433 73.7508 6
      vertex -38.6266 73.7229 6.28057
      vertex -38.6157 73.6682 6
    endloop
  endfacet
  facet normal -0.0962159 -0.976278 0.193968
    outer loop
      vertex -39.1009 73.6403 6
      vertex -39 73.6861 6.28057
      vertex -39.3734 73.7229 6.28057
    endloop
  endfacet
  facet normal -0.0967483 -0.97619 0.194146
    outer loop
      vertex -39 73.6861 6.28057
      vertex -39.1009 73.6403 6
      vertex -39 73.6303 6
    endloop
  endfacet
  facet normal -0.0546029 -0.554778 0.830205
    outer loop
      vertex -39.1839 74.6753 7.46384
      vertex -39.2475 74.3556 7.24602
      vertex -39 74.6572 7.46384
    endloop
  endfacet
  facet normal -0.625228 -0.333987 0.705367
    outer loop
      vertex -40.1722 75.1145 7.24602
      vertex -40.2855 74.7411 6.96879
      vertex -40.055 74.8951 7.24602
    endloop
  endfacet
  facet normal -0.268385 -0.884758 0.381016
    outer loop
      vertex -39.3441 73.87 6.64279
      vertex -39.7324 73.8318 6.28057
      vertex -39.3734 73.7229 6.28057
    endloop
  endfacet
  facet normal -0.86516 -0.462383 0.194166
    outer loop
      vertex -40.5913 74.5367 6.28057
      vertex -40.7719 74.7568 6
      vertex -40.6377 74.5057 6
    endloop
  endfacet
  facet normal -0.864643 -0.463271 0.194353
    outer loop
      vertex -40.7719 74.7568 6
      vertex -40.7682 74.8676 6.28057
      vertex -40.8198 74.8462 6
    endloop
  endfacet
  facet normal -0.865124 -0.462497 0.194054
    outer loop
      vertex -40.7682 74.8676 6.28057
      vertex -40.7719 74.7568 6
      vertex -40.5913 74.5367 6.28057
    endloop
  endfacet
  facet normal -0.92002 0.0906384 0.381246
    outer loop
      vertex -40.7299 75.9441 6.64279
      vertex -40.9139 75.6 6.28057
      vertex -40.7638 75.6 6.64279
    endloop
  endfacet
  facet normal -0.976228 -0.096211 0.194224
    outer loop
      vertex -40.9418 75.3167 6
      vertex -40.8771 75.2266 6.28057
      vertex -40.9139 75.6 6.28057
    endloop
  endfacet
  facet normal -0.976213 -0.0966547 0.194078
    outer loop
      vertex -40.8771 75.2266 6.28057
      vertex -40.9418 75.3167 6
      vertex -40.9318 75.2157 6
    endloop
  endfacet
  facet normal -0.622311 -0.758278 0.194275
    outer loop
      vertex -40.1727 74.0266 6
      vertex -40.0633 74.0087 6.28057
      vertex -40.3533 74.2467 6.28057
    endloop
  endfacet
  facet normal -0.622081 -0.758494 0.194171
    outer loop
      vertex -40.0633 74.0087 6.28057
      vertex -40.1727 74.0266 6
      vertex -40.0943 73.9623 6
    endloop
  endfacet
  facet normal -0.622231 -0.758322 0.194361
    outer loop
      vertex -40.3533 74.2467 6.28057
      vertex -40.3928 74.2072 6
      vertex -40.1727 74.0266 6
    endloop
  endfacet
  facet normal -0.392549 -0.734284 0.553834
    outer loop
      vertex -39.5916 74.1717 6.96879
      vertex -39.9799 74.1334 6.64279
      vertex -39.675 73.9704 6.64279
    endloop
  endfacet
  facet normal -0.268437 -0.88472 0.381068
    outer loop
      vertex -39.675 73.9704 6.64279
      vertex -39.7324 73.8318 6.28057
      vertex -39.3441 73.87 6.64279
    endloop
  endfacet
  facet normal 0.81535 0.435887 0.38106
    outer loop
      vertex -37.2318 76.3324 6.28057
      vertex -37.5334 76.5799 6.64279
      vertex -37.3704 76.275 6.64279
    endloop
  endfacet
  facet normal 0.920028 0.0906723 0.381218
    outer loop
      vertex -37.1229 75.9734 6.28057
      vertex -37.2701 75.9441 6.64279
      vertex -37.0861 75.6 6.28057
    endloop
  endfacet
  facet normal 0.976248 0.096143 0.194157
    outer loop
      vertex -37.0582 75.8833 6
      vertex -37.0861 75.6 6.28057
      vertex -37.0303 75.6 6
    endloop
  endfacet
  facet normal 0.92002 0.0906384 0.381246
    outer loop
      vertex -37.0861 75.6 6.28057
      vertex -37.2701 75.9441 6.64279
      vertex -37.2362 75.6 6.64279
    endloop
  endfacet
  facet normal 0.796938 0.241562 0.553658
    outer loop
      vertex -37.3704 76.275 6.64279
      vertex -37.4837 75.9016 6.96879
      vertex -37.2701 75.9441 6.64279
    endloop
  endfacet
  facet normal 0.796938 -0.241562 0.553658
    outer loop
      vertex -37.2701 75.2559 6.64279
      vertex -37.4837 75.2984 6.96879
      vertex -37.3704 74.925 6.64279
    endloop
  endfacet
  facet normal 0.92002 -0.0906384 0.381246
    outer loop
      vertex -37.2362 75.6 6.64279
      vertex -37.2701 75.2559 6.64279
      vertex -37.0861 75.6 6.28057
    endloop
  endfacet
  facet normal 0.533449 -0.161828 0.830207
    outer loop
      vertex -37.7556 75.3525 7.24602
      vertex -38.0753 75.4161 7.46384
      vertex -37.8278 75.1145 7.24602
    endloop
  endfacet
  facet normal 0.625204 -0.334004 0.70538
    outer loop
      vertex -37.5717 75.0084 6.96879
      vertex -37.8278 75.1145 7.24602
      vertex -37.7145 74.7411 6.96879
    endloop
  endfacet
  facet normal 0.435888 -0.81535 0.381059
    outer loop
      vertex -38.0201 74.1334 6.64279
      vertex -38.2676 73.8318 6.28057
      vertex -37.9367 74.0087 6.28057
    endloop
  endfacet
  facet normal 0.734375 -0.392598 0.55368
    outer loop
      vertex -37.3704 74.925 6.64279
      vertex -37.7145 74.7411 6.96879
      vertex -37.5334 74.6201 6.64279
    endloop
  endfacet
  facet normal 0.864643 -0.463271 0.194353
    outer loop
      vertex -37.2318 74.8676 6.28057
      vertex -37.2281 74.7568 6
      vertex -37.1802 74.8462 6
    endloop
  endfacet
  facet normal 0.865124 -0.462497 0.194054
    outer loop
      vertex -37.2281 74.7568 6
      vertex -37.2318 74.8676 6.28057
      vertex -37.4087 74.5367 6.28057
    endloop
  endfacet
  facet normal 0.734391 -0.392334 0.553845
    outer loop
      vertex -37.5717 75.0084 6.96879
      vertex -37.7145 74.7411 6.96879
      vertex -37.3704 74.925 6.64279
    endloop
  endfacet
  facet normal 0.586514 -0.71466 0.381134
    outer loop
      vertex -37.7528 74.3528 6.64279
      vertex -37.9367 74.0087 6.28057
      vertex -37.6467 74.2467 6.28057
    endloop
  endfacet
  facet normal 0.338954 0.181122 0.923204
    outer loop
      vertex -38.2161 76.1238 7.46384
      vertex -38.4636 75.8222 7.61388
      vertex -38.129 75.9608 7.46384
    endloop
  endfacet
  facet normal 0.554731 0.0545983 0.830237
    outer loop
      vertex -37.7312 75.6 7.24602
      vertex -38.0753 75.7839 7.46384
      vertex -38.0572 75.6 7.46384
    endloop
  endfacet
  facet normal 0.124441 -0.151471 0.980597
    outer loop
      vertex -38.8614 75.4614 7.69037
      vertex -38.8911 75.437 7.69037
      vertex -38.6775 75.1173 7.61388
    endloop
  endfacet
  facet normal 0.382365 -0.0377977 0.923238
    outer loop
      vertex -38.4194 75.6 7.61388
      vertex -38.4306 75.4867 7.61388
      vertex -38.0753 75.4161 7.46384
    endloop
  endfacet
  facet normal 0.449703 0.547922 0.705372
    outer loop
      vertex -38.1411 76.8855 6.96879
      vertex -38.2951 76.655 7.24602
      vertex -37.9068 76.6932 6.96879
    endloop
  endfacet
  facet normal 0.26836 0.884676 0.381225
    outer loop
      vertex -38.6266 77.4771 6.28057
      vertex -38.6559 77.3299 6.64279
      vertex -38.2676 77.3682 6.28057
    endloop
  endfacet
  facet normal 0.0189007 0.195137 0.980594
    outer loop
      vertex -38.8867 76.1694 7.61388
      vertex -39 75.796 7.69037
      vertex -38.9618 75.7923 7.69037
    endloop
  endfacet
  facet normal 0.161816 0.53341 0.830234
    outer loop
      vertex -38.5145 76.7722 7.24602
      vertex -38.7525 76.8444 7.24602
      vertex -38.6392 76.471 7.46384
    endloop
  endfacet
  facet normal 0.71466 0.586514 0.381134
    outer loop
      vertex -37.6467 76.9533 6.28057
      vertex -37.7528 76.8472 6.64279
      vertex -37.4087 76.6633 6.28057
    endloop
  endfacet
  facet normal 0.643692 0.528305 0.553673
    outer loop
      vertex -37.5334 76.5799 6.64279
      vertex -37.9068 76.6932 6.96879
      vertex -37.7145 76.4589 6.96879
    endloop
  endfacet
  facet normal 0.643684 0.528336 0.553654
    outer loop
      vertex -37.7528 76.8472 6.64279
      vertex -37.9068 76.6932 6.96879
      vertex -37.5334 76.5799 6.64279
    endloop
  endfacet
  facet normal 0.625204 0.334004 0.70538
    outer loop
      vertex -37.7145 76.4589 6.96879
      vertex -37.8278 76.0855 7.24602
      vertex -37.5717 76.1916 6.96879
    endloop
  endfacet
  facet normal -0.705437 0.0694677 0.70536
    outer loop
      vertex -40.5163 75.9016 6.96879
      vertex -40.546 75.6 6.96879
      vertex -40.2688 75.6 7.24602
    endloop
  endfacet
  facet normal -0.70539 0.0695415 0.705399
    outer loop
      vertex -40.2444 75.8475 7.24602
      vertex -40.5163 75.9016 6.96879
      vertex -40.2688 75.6 7.24602
    endloop
  endfacet
  facet normal -0.435887 0.81535 0.38106
    outer loop
      vertex -39.7324 77.3682 6.28057
      vertex -39.9799 77.0666 6.64279
      vertex -39.675 77.2296 6.64279
    endloop
  endfacet
  facet normal -0.284593 0.938755 0.19428
    outer loop
      vertex -39.3883 77.5521 5.89603
      vertex -39.7617 77.4389 5.89603
      vertex -39.7324 77.3682 6.28057
    endloop
  endfacet
  facet normal -0.938775 0.284665 0.194083
    outer loop
      vertex -40.8492 76.2567 6
      vertex -40.9318 75.9843 6
      vertex -40.8771 75.9734 6.28057
    endloop
  endfacet
  facet normal -0.471546 0.881842 0
    outer loop
      vertex -39.7617 77.4389 5.50397
      vertex -40.1058 77.2549 5.89603
      vertex -39.7617 77.4389 5.89603
    endloop
  endfacet
  facet normal -0.471546 0.881842 0
    outer loop
      vertex -40.1058 77.2549 5.89603
      vertex -39.7617 77.4389 5.50397
      vertex -40.1058 77.2549 5.50397
    endloop
  endfacet
  facet normal -0.26836 0.884676 -0.381225
    outer loop
      vertex -39.3441 77.3299 4.75721
      vertex -39.7324 77.3682 5.11943
      vertex -39.3734 77.4771 5.11943
    endloop
  endfacet
  facet normal 0.0962898 0.976223 0.194209
    outer loop
      vertex -39 77.5904 5.89603
      vertex -39 77.5139 6.28057
      vertex -38.6117 77.5521 5.89603
    endloop
  endfacet
  facet normal 0.0906723 0.920028 0.381218
    outer loop
      vertex -38.6266 77.4771 6.28057
      vertex -39 77.5139 6.28057
      vertex -38.6559 77.3299 6.64279
    endloop
  endfacet
  facet normal 0.284759 0.938738 0.194123
    outer loop
      vertex -38.6117 77.5521 5.89603
      vertex -38.6266 77.4771 6.28057
      vertex -38.2676 77.3682 6.28057
    endloop
  endfacet
  facet normal 0.884738 0.268379 0.381066
    outer loop
      vertex -37.2318 76.3324 6.28057
      vertex -37.3704 76.275 6.64279
      vertex -37.1229 75.9734 6.28057
    endloop
  endfacet
  facet normal 0.0906723 0.920028 -0.381218
    outer loop
      vertex -38.6559 77.3299 4.75721
      vertex -39 77.5139 5.11943
      vertex -38.6266 77.4771 5.11943
    endloop
  endfacet
  facet normal 0.284759 0.938738 -0.194123
    outer loop
      vertex -38.2676 77.3682 5.11943
      vertex -38.6266 77.4771 5.11943
      vertex -38.6117 77.5521 5.50397
    endloop
  endfacet
  facet normal 0.634159 0.773203 -0
    outer loop
      vertex -37.7663 77.15 5.50397
      vertex -37.8942 77.2549 5.89603
      vertex -37.7663 77.15 5.89603
    endloop
  endfacet
  facet normal 0.634159 0.773203 0
    outer loop
      vertex -37.8942 77.2549 5.89603
      vertex -37.7663 77.15 5.50397
      vertex -37.8942 77.2549 5.50397
    endloop
  endfacet
  facet normal 0.268193 0.884797 -0.381059
    outer loop
      vertex -38.325 77.2296 4.75721
      vertex -38.6559 77.3299 4.75721
      vertex -38.2676 77.3682 5.11943
    endloop
  endfacet
  facet normal 0.462484 0.865099 -0.194195
    outer loop
      vertex -37.9367 77.1913 5.11943
      vertex -38.2676 77.3682 5.11943
      vertex -37.8942 77.2549 5.50397
    endloop
  endfacet
  facet normal -0.0906384 0.92002 -0.381246
    outer loop
      vertex -39 77.3638 4.75721
      vertex -39.3441 77.3299 4.75721
      vertex -39 77.5139 5.11943
    endloop
  endfacet
  facet normal 0.0906384 0.92002 -0.381246
    outer loop
      vertex -38.6559 77.3299 4.75721
      vertex -39 77.3638 4.75721
      vertex -39 77.5139 5.11943
    endloop
  endfacet
  facet normal -0.46256 0.865038 -0.194287
    outer loop
      vertex -39.7324 77.3682 5.11943
      vertex -40.1058 77.2549 5.50397
      vertex -39.7617 77.4389 5.50397
    endloop
  endfacet
  facet normal -0.0962127 0.976246 -0.194133
    outer loop
      vertex -39.3734 77.4771 5.11943
      vertex -39.3883 77.5521 5.50397
      vertex -39 77.5139 5.11943
    endloop
  endfacet
  facet normal -0.241628 0.796951 -0.553611
    outer loop
      vertex -39.3083 77.15 4.48261
      vertex -39.4918 77.15 4.5627
      vertex -39.3441 77.3299 4.75721
    endloop
  endfacet
  facet normal -0.58634 0.714964 -0.38083
    outer loop
      vertex -40.0357 77.15 4.9994
      vertex -40.0854 77.15 5.07592
      vertex -40.0633 77.1913 5.11943
    endloop
  endfacet
  facet normal -0.081614 0.828775 -0.553599
    outer loop
      vertex -39.3083 77.15 4.48261
      vertex -39.3441 77.3299 4.75721
      vertex -39.0074 77.15 4.43825
    endloop
  endfacet
  facet normal 0.151543 0.124334 0.9806
    outer loop
      vertex -38.5895 76.0105 7.61388
      vertex -38.837 75.7089 7.69037
      vertex -38.5173 75.9225 7.61388
    endloop
  endfacet
  facet normal 0.151443 -0.124418 0.980605
    outer loop
      vertex -38.837 75.4911 7.69037
      vertex -38.8614 75.4614 7.69037
      vertex -38.5895 75.1895 7.61388
    endloop
  endfacet
  facet normal -0.297058 0.243633 0.923255
    outer loop
      vertex -39.6667 76.2667 7.46384
      vertex -39.7839 76.1238 7.46384
      vertex -39.4105 76.0105 7.61388
    endloop
  endfacet
  facet normal -0.382365 0.0377977 0.923238
    outer loop
      vertex -39.5694 75.7133 7.61388
      vertex -39.9247 75.7839 7.46384
      vertex -39.5806 75.6 7.61388
    endloop
  endfacet
  facet normal 0.0925066 0.172782 0.980606
    outer loop
      vertex -38.7778 76.1364 7.61388
      vertex -38.925 75.7811 7.69037
      vertex -38.6775 76.0827 7.61388
    endloop
  endfacet
  facet normal -0.124441 0.151471 0.980597
    outer loop
      vertex -39.1089 75.763 7.69037
      vertex -39.3225 76.0827 7.61388
      vertex -39.1386 75.7386 7.69037
    endloop
  endfacet
  facet normal 0.297058 0.243633 0.923255
    outer loop
      vertex -38.3333 76.2667 7.46384
      vertex -38.5895 76.0105 7.61388
      vertex -38.2161 76.1238 7.46384
    endloop
  endfacet
  facet normal -0.181408 0.338831 0.923193
    outer loop
      vertex -39.2222 76.1364 7.61388
      vertex -39.3608 76.471 7.46384
      vertex -39.3225 76.0827 7.61388
    endloop
  endfacet
  facet normal -0.0906384 0.92002 0.381246
    outer loop
      vertex -39 77.5139 6.28057
      vertex -39.3441 77.3299 6.64279
      vertex -39 77.3638 6.64279
    endloop
  endfacet
  facet normal 0.205821 0.678272 0.705397
    outer loop
      vertex -38.6984 77.1163 6.96879
      vertex -38.7525 76.8444 7.24602
      vertex -38.4084 77.0283 6.96879
    endloop
  endfacet
  facet normal 0.0962127 0.976246 0.194133
    outer loop
      vertex -38.6117 77.5521 5.89603
      vertex -39 77.5139 6.28057
      vertex -38.6266 77.4771 6.28057
    endloop
  endfacet
  facet normal -0.0816442 0.828725 0.553669
    outer loop
      vertex -39 77.3638 6.64279
      vertex -39.3441 77.3299 6.64279
      vertex -39 77.146 6.96879
    endloop
  endfacet
  facet normal -0.161816 0.53341 0.830234
    outer loop
      vertex -39.2475 76.8444 7.24602
      vertex -39.4855 76.7722 7.24602
      vertex -39.3608 76.471 7.46384
    endloop
  endfacet
  facet normal -0.0546883 0.554728 0.830233
    outer loop
      vertex -39 76.8688 7.24602
      vertex -39.2475 76.8444 7.24602
      vertex -39 76.5428 7.46384
    endloop
  endfacet
  facet normal -0.26264 0.491666 0.830232
    outer loop
      vertex -39.4855 76.7722 7.24602
      vertex -39.7049 76.655 7.24602
      vertex -39.3608 76.471 7.46384
    endloop
  endfacet
  facet normal -0.333987 0.625228 0.705367
    outer loop
      vertex -39.4855 76.7722 7.24602
      vertex -39.8589 76.8855 6.96879
      vertex -39.7049 76.655 7.24602
    endloop
  endfacet
  facet normal -0.392549 0.734284 0.553834
    outer loop
      vertex -39.675 77.2296 6.64279
      vertex -39.9799 77.0666 6.64279
      vertex -39.5916 77.0283 6.96879
    endloop
  endfacet
  facet normal -0.39239 0.734494 0.553669
    outer loop
      vertex -39.5916 77.0283 6.96879
      vertex -39.9799 77.0666 6.64279
      vertex -39.8589 76.8855 6.96879
    endloop
  endfacet
  facet normal -0.976213 0.0966547 0.194078
    outer loop
      vertex -40.9418 75.8833 6
      vertex -40.8771 75.9734 6.28057
      vertex -40.9318 75.9843 6
    endloop
  endfacet
  facet normal -0.976228 0.096211 0.194224
    outer loop
      vertex -40.8771 75.9734 6.28057
      vertex -40.9418 75.8833 6
      vertex -40.9139 75.6 6.28057
    endloop
  endfacet
  facet normal -0.920028 0.0906723 0.381218
    outer loop
      vertex -40.8771 75.9734 6.28057
      vertex -40.9139 75.6 6.28057
      vertex -40.7299 75.9441 6.64279
    endloop
  endfacet
  facet normal -0.884738 0.268379 0.381066
    outer loop
      vertex -40.7682 76.3324 6.28057
      vertex -40.8771 75.9734 6.28057
      vertex -40.6296 76.275 6.64279
    endloop
  endfacet
  facet normal -0.884729 0.268173 0.381231
    outer loop
      vertex -40.6296 76.275 6.64279
      vertex -40.8771 75.9734 6.28057
      vertex -40.7299 75.9441 6.64279
    endloop
  endfacet
  facet normal -0.367739 -0.111631 0.923204
    outer loop
      vertex -39.5364 75.3778 7.61388
      vertex -39.9247 75.4161 7.46384
      vertex -39.871 75.2392 7.46384
    endloop
  endfacet
  facet normal 0.057076 0.187535 0.980598
    outer loop
      vertex -38.8867 76.1694 7.61388
      vertex -38.9618 75.7923 7.69037
      vertex -38.925 75.7811 7.69037
    endloop
  endfacet
  facet normal 0.151543 -0.124334 0.9806
    outer loop
      vertex -38.5173 75.2775 7.61388
      vertex -38.837 75.4911 7.69037
      vertex -38.5895 75.1895 7.61388
    endloop
  endfacet
  facet normal -0.734391 -0.392334 0.553845
    outer loop
      vertex -40.4283 75.0084 6.96879
      vertex -40.6296 74.925 6.64279
      vertex -40.2855 74.7411 6.96879
    endloop
  endfacet
  facet normal -0.678297 -0.205828 0.705371
    outer loop
      vertex -40.1722 75.1145 7.24602
      vertex -40.5163 75.2984 6.96879
      vertex -40.4283 75.0084 6.96879
    endloop
  endfacet
  facet normal -0.81535 -0.435888 0.381059
    outer loop
      vertex -40.4666 74.6201 6.64279
      vertex -40.7682 74.8676 6.28057
      vertex -40.5913 74.5367 6.28057
    endloop
  endfacet
  facet normal -0.643684 -0.528336 0.553654
    outer loop
      vertex -40.0932 74.5068 6.96879
      vertex -40.4666 74.6201 6.64279
      vertex -40.2472 74.3528 6.64279
    endloop
  endfacet
  facet normal -0.0816087 -0.828727 0.553671
    outer loop
      vertex -39 74.054 6.96879
      vertex -39.3016 74.0837 6.96879
      vertex -39 73.8362 6.64279
    endloop
  endfacet
  facet normal 0.268385 -0.884758 0.381016
    outer loop
      vertex -38.2676 73.8318 6.28057
      vertex -38.6559 73.87 6.64279
      vertex -38.6266 73.7229 6.28057
    endloop
  endfacet
  facet normal -0.920028 -0.0906723 0.381218
    outer loop
      vertex -40.7299 75.2559 6.64279
      vertex -40.9139 75.6 6.28057
      vertex -40.8771 75.2266 6.28057
    endloop
  endfacet
  facet normal -0.884729 -0.268173 0.381231
    outer loop
      vertex -40.7299 75.2559 6.64279
      vertex -40.8771 75.2266 6.28057
      vertex -40.6296 74.925 6.64279
    endloop
  endfacet
  facet normal -0.938842 0.284263 0.194345
    outer loop
      vertex -40.8492 76.2567 6
      vertex -40.7682 76.3324 6.28057
      vertex -40.8198 76.3538 6
    endloop
  endfacet
  facet normal -0.938727 0.284756 0.194179
    outer loop
      vertex -40.7682 76.3324 6.28057
      vertex -40.8492 76.2567 6
      vertex -40.8771 75.9734 6.28057
    endloop
  endfacet
  facet normal -0.462508 -0.865048 0.194369
    outer loop
      vertex -39.7324 73.8318 6.28057
      vertex -40.0048 73.9144 6
      vertex -39.7538 73.7802 6
    endloop
  endfacet
  facet normal -0.284263 -0.938842 0.194345
    outer loop
      vertex -39.6567 73.7508 6
      vertex -39.7324 73.8318 6.28057
      vertex -39.7538 73.7802 6
    endloop
  endfacet
  facet normal -0.284756 -0.938727 0.194179
    outer loop
      vertex -39.7324 73.8318 6.28057
      vertex -39.6567 73.7508 6
      vertex -39.3734 73.7229 6.28057
    endloop
  endfacet
  facet normal -0.334004 -0.625204 0.70538
    outer loop
      vertex -39.4855 74.4278 7.24602
      vertex -39.8589 74.3145 6.96879
      vertex -39.5916 74.1717 6.96879
    endloop
  endfacet
  facet normal -0.205828 -0.678297 0.705371
    outer loop
      vertex -39.4855 74.4278 7.24602
      vertex -39.5916 74.1717 6.96879
      vertex -39.3016 74.0837 6.96879
    endloop
  endfacet
  facet normal 0.678297 0.205828 0.705371
    outer loop
      vertex -37.5717 76.1916 6.96879
      vertex -37.8278 76.0855 7.24602
      vertex -37.4837 75.9016 6.96879
    endloop
  endfacet
  facet normal 0.554763 0.0546918 0.830209
    outer loop
      vertex -37.7556 75.8475 7.24602
      vertex -38.0753 75.7839 7.46384
      vertex -37.7312 75.6 7.24602
    endloop
  endfacet
  facet normal 0.920028 -0.0906723 0.381218
    outer loop
      vertex -37.0861 75.6 6.28057
      vertex -37.2701 75.2559 6.64279
      vertex -37.1229 75.2266 6.28057
    endloop
  endfacet
  facet normal 0.81535 -0.435888 0.381059
    outer loop
      vertex -37.2318 74.8676 6.28057
      vertex -37.5334 74.6201 6.64279
      vertex -37.4087 74.5367 6.28057
    endloop
  endfacet
  facet normal 0.82874 0.0816457 0.553646
    outer loop
      vertex -37.2701 75.9441 6.64279
      vertex -37.4837 75.9016 6.96879
      vertex -37.2362 75.6 6.64279
    endloop
  endfacet
  facet normal 0.828727 0.0816087 0.553671
    outer loop
      vertex -37.2362 75.6 6.64279
      vertex -37.4837 75.9016 6.96879
      vertex -37.454 75.6 6.96879
    endloop
  endfacet
  facet normal 0.705437 -0.0694677 0.70536
    outer loop
      vertex -37.454 75.6 6.96879
      vertex -37.7312 75.6 7.24602
      vertex -37.4837 75.2984 6.96879
    endloop
  endfacet
  facet normal 0.554763 -0.0546918 0.830209
    outer loop
      vertex -37.7312 75.6 7.24602
      vertex -38.0753 75.4161 7.46384
      vertex -37.7556 75.3525 7.24602
    endloop
  endfacet
  facet normal 0.26264 -0.491666 0.830232
    outer loop
      vertex -38.2951 74.545 7.24602
      vertex -38.6392 74.729 7.46384
      vertex -38.5145 74.4278 7.24602
    endloop
  endfacet
  facet normal 0.187471 -0.0570563 0.980612
    outer loop
      vertex -38.8077 75.5618 7.69037
      vertex -38.8189 75.525 7.69037
      vertex -38.4636 75.3778 7.61388
    endloop
  endfacet
  facet normal 0.796752 -0.241773 0.553834
    outer loop
      vertex -37.4837 75.2984 6.96879
      vertex -37.5717 75.0084 6.96879
      vertex -37.3704 74.925 6.64279
    endloop
  endfacet
  facet normal 0.678297 -0.205828 0.705371
    outer loop
      vertex -37.4837 75.2984 6.96879
      vertex -37.8278 75.1145 7.24602
      vertex -37.5717 75.0084 6.96879
    endloop
  endfacet
  facet normal 0.81535 -0.435887 0.38106
    outer loop
      vertex -37.3704 74.925 6.64279
      vertex -37.5334 74.6201 6.64279
      vertex -37.2318 74.8676 6.28057
    endloop
  endfacet
  facet normal 0.71466 -0.586514 0.381134
    outer loop
      vertex -37.4087 74.5367 6.28057
      vertex -37.7528 74.3528 6.64279
      vertex -37.6467 74.2467 6.28057
    endloop
  endfacet
  facet normal 0.241749 -0.79676 0.553833
    outer loop
      vertex -38.4084 74.1717 6.96879
      vertex -38.6559 73.87 6.64279
      vertex -38.325 73.9704 6.64279
    endloop
  endfacet
  facet normal 0.586575 -0.714637 0.381082
    outer loop
      vertex -37.7528 74.3528 6.64279
      vertex -38.0201 74.1334 6.64279
      vertex -37.9367 74.0087 6.28057
    endloop
  endfacet
  facet normal 0.49164 0.262626 0.830251
    outer loop
      vertex -37.945 76.3049 7.24602
      vertex -38.2161 76.1238 7.46384
      vertex -37.8278 76.0855 7.24602
    endloop
  endfacet
  facet normal 0.734391 0.392334 0.553845
    outer loop
      vertex -37.3704 76.275 6.64279
      vertex -37.7145 76.4589 6.96879
      vertex -37.5717 76.1916 6.96879
    endloop
  endfacet
  facet normal 0.195063 0.0192824 0.980601
    outer loop
      vertex -38.4306 75.7133 7.61388
      vertex -38.8077 75.6382 7.69037
      vertex -38.4194 75.6 7.61388
    endloop
  endfacet
  facet normal 0.195027 0.01889 0.980616
    outer loop
      vertex -38.4194 75.6 7.61388
      vertex -38.8077 75.6382 7.69037
      vertex -38.804 75.6 7.69037
    endloop
  endfacet
  facet normal 0.0694643 0.705402 0.705396
    outer loop
      vertex -38.6984 77.1163 6.96879
      vertex -39 77.146 6.96879
      vertex -38.7525 76.8444 7.24602
    endloop
  endfacet
  facet normal 0.0695457 0.705433 0.705357
    outer loop
      vertex -39 77.146 6.96879
      vertex -39 76.8688 7.24602
      vertex -38.7525 76.8444 7.24602
    endloop
  endfacet
  facet normal -0.353461 0.430968 0.83026
    outer loop
      vertex -39.5238 76.3839 7.46384
      vertex -39.7049 76.655 7.24602
      vertex -39.6667 76.2667 7.46384
    endloop
  endfacet
  facet normal -0.111457 0.367808 0.923198
    outer loop
      vertex -39.1133 76.1694 7.61388
      vertex -39.3608 76.471 7.46384
      vertex -39.2222 76.1364 7.61388
    endloop
  endfacet
  facet normal 0.333987 0.625228 0.705367
    outer loop
      vertex -38.1411 76.8855 6.96879
      vertex -38.5145 76.7722 7.24602
      vertex -38.2951 76.655 7.24602
    endloop
  endfacet
  facet normal 0.462484 0.865099 0.194195
    outer loop
      vertex -37.8942 77.2549 5.89603
      vertex -38.2676 77.3682 6.28057
      vertex -37.9367 77.1913 6.28057
    endloop
  endfacet
  facet normal 0.528314 0.643703 0.553652
    outer loop
      vertex -37.7528 76.8472 6.64279
      vertex -38.1411 76.8855 6.96879
      vertex -37.9068 76.6932 6.96879
    endloop
  endfacet
  facet normal 0.24153 0.796833 0.553823
    outer loop
      vertex -38.325 77.2296 6.64279
      vertex -38.6559 77.3299 6.64279
      vertex -38.4084 77.0283 6.96879
    endloop
  endfacet
  facet normal 0.547922 0.449703 0.705372
    outer loop
      vertex -37.9068 76.6932 6.96879
      vertex -37.945 76.3049 7.24602
      vertex -37.7145 76.4589 6.96879
    endloop
  endfacet
  facet normal 0.547986 0.449674 0.70534
    outer loop
      vertex -37.9068 76.6932 6.96879
      vertex -38.1028 76.4972 7.24602
      vertex -37.945 76.3049 7.24602
    endloop
  endfacet
  facet normal 0.86516 0.462383 0.194166
    outer loop
      vertex -37.3623 76.6943 6
      vertex -37.4087 76.6633 6.28057
      vertex -37.2281 76.4432 6
    endloop
  endfacet
  facet normal 0.714637 0.586575 0.381082
    outer loop
      vertex -37.4087 76.6633 6.28057
      vertex -37.7528 76.8472 6.64279
      vertex -37.5334 76.5799 6.64279
    endloop
  endfacet
  facet normal -0.796752 0.241773 0.553834
    outer loop
      vertex -40.4283 76.1916 6.96879
      vertex -40.6296 76.275 6.64279
      vertex -40.5163 75.9016 6.96879
    endloop
  endfacet
  facet normal -0.796938 0.241562 0.553658
    outer loop
      vertex -40.6296 76.275 6.64279
      vertex -40.7299 75.9441 6.64279
      vertex -40.5163 75.9016 6.96879
    endloop
  endfacet
  facet normal -0.46256 0.865038 0.194287
    outer loop
      vertex -39.7617 77.4389 5.89603
      vertex -40.1058 77.2549 5.89603
      vertex -39.7324 77.3682 6.28057
    endloop
  endfacet
  facet normal -0.586575 0.714637 0.381082
    outer loop
      vertex -40.0633 77.1913 6.28057
      vertex -40.2472 76.8472 6.64279
      vertex -39.9799 77.0666 6.64279
    endloop
  endfacet
  facet normal -0.758352 0.622255 0.194167
    outer loop
      vertex -40.4571 76.9144 6
      vertex -40.6377 76.6943 6
      vertex -40.5913 76.6633 6.28057
    endloop
  endfacet
  facet normal -0.622067 0.758459 -0.194352
    outer loop
      vertex -40.1919 77.15 5.37018
      vertex -40.2337 77.15 5.50397
      vertex -40.1058 77.2549 5.50397
    endloop
  endfacet
  facet normal -0.622211 0.75838 -0.194198
    outer loop
      vertex -40.0633 77.1913 5.11943
      vertex -40.1919 77.15 5.37018
      vertex -40.1058 77.2549 5.50397
    endloop
  endfacet
  facet normal -0.621792 0.758797 -0.193915
    outer loop
      vertex -40.1919 77.15 5.37018
      vertex -40.0633 77.1913 5.11943
      vertex -40.1137 77.15 5.11943
    endloop
  endfacet
  facet normal 0.0816104 0.828744 0.553645
    outer loop
      vertex -38.6559 77.3299 6.64279
      vertex -39 77.146 6.96879
      vertex -38.6984 77.1163 6.96879
    endloop
  endfacet
  facet normal -0.0962898 0.976223 0.194209
    outer loop
      vertex -39 77.5904 5.89603
      vertex -39.3883 77.5521 5.89603
      vertex -39 77.5139 6.28057
    endloop
  endfacet
  facet normal -0.0962127 0.976246 0.194133
    outer loop
      vertex -39 77.5139 6.28057
      vertex -39.3883 77.5521 5.89603
      vertex -39.3734 77.4771 6.28057
    endloop
  endfacet
  facet normal 0.0981587 0.995171 -0
    outer loop
      vertex -38.6117 77.5521 5.50397
      vertex -39 77.5904 5.89603
      vertex -38.6117 77.5521 5.89603
    endloop
  endfacet
  facet normal 0.0981587 0.995171 0
    outer loop
      vertex -39 77.5904 5.89603
      vertex -38.6117 77.5521 5.50397
      vertex -39 77.5904 5.50397
    endloop
  endfacet
  facet normal 0.938842 0.284263 0.194345
    outer loop
      vertex -37.2318 76.3324 6.28057
      vertex -37.1508 76.2567 6
      vertex -37.1802 76.3538 6
    endloop
  endfacet
  facet normal 0.938727 0.284756 0.194179
    outer loop
      vertex -37.1508 76.2567 6
      vertex -37.2318 76.3324 6.28057
      vertex -37.1229 75.9734 6.28057
    endloop
  endfacet
  facet normal 0.622196 0.758351 0.19436
    outer loop
      vertex -37.7988 77.15 6
      vertex -37.6467 76.9533 6.28057
      vertex -37.6072 76.9928 6
    endloop
  endfacet
  facet normal 0.621951 0.758493 0.194592
    outer loop
      vertex -37.7988 77.15 6
      vertex -37.8942 77.2549 5.89603
      vertex -37.6467 76.9533 6.28057
    endloop
  endfacet
  facet normal 0.622055 0.758444 0.194448
    outer loop
      vertex -37.8942 77.2549 5.89603
      vertex -37.7988 77.15 6
      vertex -37.7663 77.15 5.89603
    endloop
  endfacet
  facet normal 0.621792 0.758797 -0.193915
    outer loop
      vertex -37.9367 77.1913 5.11943
      vertex -37.8081 77.15 5.37018
      vertex -37.8863 77.15 5.11943
    endloop
  endfacet
  facet normal 0.622211 0.75838 -0.194198
    outer loop
      vertex -37.8081 77.15 5.37018
      vertex -37.9367 77.1913 5.11943
      vertex -37.8942 77.2549 5.50397
    endloop
  endfacet
  facet normal 0.622067 0.758459 -0.194352
    outer loop
      vertex -37.8081 77.15 5.37018
      vertex -37.8942 77.2549 5.50397
      vertex -37.7663 77.15 5.50397
    endloop
  endfacet
  facet normal -0.0981587 0.995171 0
    outer loop
      vertex -39 77.5904 5.50397
      vertex -39.3883 77.5521 5.89603
      vertex -39 77.5904 5.89603
    endloop
  endfacet
  facet normal -0.0981587 0.995171 0
    outer loop
      vertex -39.3883 77.5521 5.89603
      vertex -39 77.5904 5.50397
      vertex -39.3883 77.5521 5.50397
    endloop
  endfacet
  facet normal -0.268193 0.884797 -0.381059
    outer loop
      vertex -39.675 77.2296 4.75721
      vertex -39.7324 77.3682 5.11943
      vertex -39.3441 77.3299 4.75721
    endloop
  endfacet
  facet normal -0.435935 0.815438 -0.380817
    outer loop
      vertex -39.7324 77.3682 5.11943
      vertex -40.0357 77.15 4.9994
      vertex -40.0633 77.1913 5.11943
    endloop
  endfacet
  facet normal -0.435784 0.815385 -0.381104
    outer loop
      vertex -40.0357 77.15 4.9994
      vertex -39.7324 77.3682 5.11943
      vertex -39.9115 77.15 4.85738
    endloop
  endfacet
  facet normal 0.241628 0.796951 -0.553611
    outer loop
      vertex -38.5082 77.15 4.5627
      vertex -38.6917 77.15 4.48261
      vertex -38.6559 77.3299 4.75721
    endloop
  endfacet
  facet normal -0.0923292 0.172926 0.980598
    outer loop
      vertex -39.075 75.7811 7.69037
      vertex -39.3225 76.0827 7.61388
      vertex -39.1089 75.763 7.69037
    endloop
  endfacet
  facet normal -0.172802 -0.0925169 0.980602
    outer loop
      vertex -39.163 75.4911 7.69037
      vertex -39.5364 75.3778 7.61388
      vertex -39.4827 75.2775 7.61388
    endloop
  endfacet
  facet normal -0.554763 0.0546918 0.830209
    outer loop
      vertex -40.2444 75.8475 7.24602
      vertex -40.2688 75.6 7.24602
      vertex -39.9247 75.7839 7.46384
    endloop
  endfacet
  facet normal -0.554731 0.0545983 0.830237
    outer loop
      vertex -39.9247 75.7839 7.46384
      vertex -40.2688 75.6 7.24602
      vertex -39.9428 75.6 7.46384
    endloop
  endfacet
  facet normal -0.643684 0.528336 0.553654
    outer loop
      vertex -40.2472 76.8472 6.64279
      vertex -40.4666 76.5799 6.64279
      vertex -40.0932 76.6932 6.96879
    endloop
  endfacet
  facet normal -0.533449 0.161828 0.830207
    outer loop
      vertex -40.1722 76.0855 7.24602
      vertex -40.2444 75.8475 7.24602
      vertex -39.9247 75.7839 7.46384
    endloop
  endfacet
  facet normal 0.353461 0.430968 0.83026
    outer loop
      vertex -38.2951 76.655 7.24602
      vertex -38.4762 76.3839 7.46384
      vertex -38.3333 76.2667 7.46384
    endloop
  endfacet
  facet normal -0.172869 0.092299 0.980611
    outer loop
      vertex -39.163 75.7089 7.69037
      vertex -39.5364 75.8222 7.61388
      vertex -39.1811 75.675 7.69037
    endloop
  endfacet
  facet normal 0.297033 0.243702 0.923245
    outer loop
      vertex -38.2161 76.1238 7.46384
      vertex -38.5895 76.0105 7.61388
      vertex -38.5173 75.9225 7.61388
    endloop
  endfacet
  facet normal 0.431028 0.35351 0.830208
    outer loop
      vertex -38.1028 76.4972 7.24602
      vertex -38.3333 76.2667 7.46384
      vertex -38.2161 76.1238 7.46384
    endloop
  endfacet
  facet normal 0.0546029 0.554778 0.830205
    outer loop
      vertex -38.7525 76.8444 7.24602
      vertex -39 76.5428 7.46384
      vertex -38.8161 76.5247 7.46384
    endloop
  endfacet
  facet normal 0.0192788 0.195025 0.980609
    outer loop
      vertex -39 76.1806 7.61388
      vertex -39 75.796 7.69037
      vertex -38.8867 76.1694 7.61388
    endloop
  endfacet
  facet normal -0.057076 0.187535 0.980598
    outer loop
      vertex -39.0382 75.7923 7.69037
      vertex -39.1133 76.1694 7.61388
      vertex -39.075 75.7811 7.69037
    endloop
  endfacet
  facet normal 0.0189007 -0.195137 0.980594
    outer loop
      vertex -38.9618 75.4077 7.69037
      vertex -39 75.404 7.69037
      vertex -38.8867 75.0306 7.61388
    endloop
  endfacet
  facet normal 0.0906384 0.92002 0.381246
    outer loop
      vertex -39 77.5139 6.28057
      vertex -39 77.3638 6.64279
      vertex -38.6559 77.3299 6.64279
    endloop
  endfacet
  facet normal 0.0816442 0.828725 0.553669
    outer loop
      vertex -39 77.3638 6.64279
      vertex -39 77.146 6.96879
      vertex -38.6559 77.3299 6.64279
    endloop
  endfacet
  facet normal -0.449674 0.547986 0.70534
    outer loop
      vertex -39.7049 76.655 7.24602
      vertex -40.0932 76.6932 6.96879
      vertex -39.8972 76.4972 7.24602
    endloop
  endfacet
  facet normal -0.449703 0.547922 0.705372
    outer loop
      vertex -39.8589 76.8855 6.96879
      vertex -40.0932 76.6932 6.96879
      vertex -39.7049 76.655 7.24602
    endloop
  endfacet
  facet normal 0.124441 0.151471 0.980597
    outer loop
      vertex -38.6775 76.0827 7.61388
      vertex -38.8911 75.763 7.69037
      vertex -38.8614 75.7386 7.69037
    endloop
  endfacet
  facet normal -0.338954 -0.181122 0.923204
    outer loop
      vertex -39.5364 75.3778 7.61388
      vertex -39.871 75.2392 7.46384
      vertex -39.7839 75.0762 7.46384
    endloop
  endfacet
  facet normal -0.161816 -0.53341 0.830234
    outer loop
      vertex -39.3608 74.729 7.46384
      vertex -39.4855 74.4278 7.24602
      vertex -39.2475 74.3556 7.24602
    endloop
  endfacet
  facet normal -0.0376364 -0.382394 0.923232
    outer loop
      vertex -39.1133 75.0306 7.61388
      vertex -39.1839 74.6753 7.46384
      vertex -39 74.6572 7.46384
    endloop
  endfacet
  facet normal -0.0568366 0.187561 0.980607
    outer loop
      vertex -39.1133 76.1694 7.61388
      vertex -39.2222 76.1364 7.61388
      vertex -39.075 75.7811 7.69037
    endloop
  endfacet
  facet normal 0.124326 0.151533 0.980602
    outer loop
      vertex -38.6775 76.0827 7.61388
      vertex -38.8614 75.7386 7.69037
      vertex -38.5895 76.0105 7.61388
    endloop
  endfacet
  facet normal -0.151443 -0.124418 0.980605
    outer loop
      vertex -39.163 75.4911 7.69037
      vertex -39.4105 75.1895 7.61388
      vertex -39.1386 75.4614 7.69037
    endloop
  endfacet
  facet normal 0.0923292 -0.172926 0.980598
    outer loop
      vertex -38.8911 75.437 7.69037
      vertex -38.925 75.4189 7.69037
      vertex -38.6775 75.1173 7.61388
    endloop
  endfacet
  facet normal -0.195027 0.01889 0.980616
    outer loop
      vertex -39.1923 75.6382 7.69037
      vertex -39.5806 75.6 7.61388
      vertex -39.196 75.6 7.69037
    endloop
  endfacet
  facet normal -0.533374 -0.161912 0.830239
    outer loop
      vertex -39.9247 75.4161 7.46384
      vertex -40.1722 75.1145 7.24602
      vertex -39.871 75.2392 7.46384
    endloop
  endfacet
  facet normal -0.533449 -0.161828 0.830207
    outer loop
      vertex -39.9247 75.4161 7.46384
      vertex -40.2444 75.3525 7.24602
      vertex -40.1722 75.1145 7.24602
    endloop
  endfacet
  facet normal -0.26269 -0.491601 0.830255
    outer loop
      vertex -39.5238 74.8161 7.46384
      vertex -39.7049 74.545 7.24602
      vertex -39.3608 74.729 7.46384
    endloop
  endfacet
  facet normal -0.586514 -0.71466 0.381134
    outer loop
      vertex -40.2472 74.3528 6.64279
      vertex -40.3533 74.2467 6.28057
      vertex -40.0633 74.0087 6.28057
    endloop
  endfacet
  facet normal -0.643692 -0.528305 0.553673
    outer loop
      vertex -40.2855 74.7411 6.96879
      vertex -40.4666 74.6201 6.64279
      vertex -40.0932 74.5068 6.96879
    endloop
  endfacet
  facet normal -0.734375 -0.392598 0.55368
    outer loop
      vertex -40.2855 74.7411 6.96879
      vertex -40.6296 74.925 6.64279
      vertex -40.4666 74.6201 6.64279
    endloop
  endfacet
  facet normal 0.622231 -0.758322 0.194361
    outer loop
      vertex -37.6467 74.2467 6.28057
      vertex -37.8273 74.0266 6
      vertex -37.6072 74.2072 6
    endloop
  endfacet
  facet normal -0.0961111 -0.976269 0.194067
    outer loop
      vertex -39.3734 73.7229 6.28057
      vertex -39.3843 73.6682 6
      vertex -39.1009 73.6403 6
    endloop
  endfacet
  facet normal 0.0813964 -0.828654 0.553812
    outer loop
      vertex -38.6984 74.0837 6.96879
      vertex -39 73.8362 6.64279
      vertex -38.6559 73.87 6.64279
    endloop
  endfacet
  facet normal 0.241777 -0.796764 0.553816
    outer loop
      vertex -38.4084 74.1717 6.96879
      vertex -38.6984 74.0837 6.96879
      vertex -38.6559 73.87 6.64279
    endloop
  endfacet
  facet normal 0.353461 -0.430968 0.83026
    outer loop
      vertex -38.3333 74.9333 7.46384
      vertex -38.4762 74.8161 7.46384
      vertex -38.2951 74.545 7.24602
    endloop
  endfacet
  facet normal 0.0816087 -0.828727 0.553671
    outer loop
      vertex -39 74.054 6.96879
      vertex -39 73.8362 6.64279
      vertex -38.6984 74.0837 6.96879
    endloop
  endfacet
  facet normal -0.828727 0.0816087 0.553671
    outer loop
      vertex -40.5163 75.9016 6.96879
      vertex -40.7638 75.6 6.64279
      vertex -40.546 75.6 6.96879
    endloop
  endfacet
  facet normal -0.82874 0.0816457 0.553646
    outer loop
      vertex -40.7299 75.9441 6.64279
      vertex -40.7638 75.6 6.64279
      vertex -40.5163 75.9016 6.96879
    endloop
  endfacet
  facet normal -0.462885 -0.864889 0.194177
    outer loop
      vertex -40.0048 73.9144 6
      vertex -40.0633 74.0087 6.28057
      vertex -40.0943 73.9623 6
    endloop
  endfacet
  facet normal -0.462472 -0.865076 0.194326
    outer loop
      vertex -40.0633 74.0087 6.28057
      vertex -40.0048 73.9144 6
      vertex -39.7324 73.8318 6.28057
    endloop
  endfacet
  facet normal -0.435888 -0.81535 0.381059
    outer loop
      vertex -39.9799 74.1334 6.64279
      vertex -40.0633 74.0087 6.28057
      vertex -39.7324 73.8318 6.28057
    endloop
  endfacet
  facet normal -0.243683 -0.29701 0.923257
    outer loop
      vertex -39.4105 75.1895 7.61388
      vertex -39.6667 74.9333 7.46384
      vertex -39.3225 75.1173 7.61388
    endloop
  endfacet
  facet normal -0.205766 -0.678286 0.7054
    outer loop
      vertex -39.2475 74.3556 7.24602
      vertex -39.4855 74.4278 7.24602
      vertex -39.3016 74.0837 6.96879
    endloop
  endfacet
  facet normal -0.181083 -0.33888 0.923238
    outer loop
      vertex -39.3225 75.1173 7.61388
      vertex -39.5238 74.8161 7.46384
      vertex -39.3608 74.729 7.46384
    endloop
  endfacet
  facet normal -0.430928 -0.353616 0.830215
    outer loop
      vertex -39.6667 74.9333 7.46384
      vertex -40.055 74.8951 7.24602
      vertex -39.8972 74.7028 7.24602
    endloop
  endfacet
  facet normal 0.625228 0.333987 0.705367
    outer loop
      vertex -37.7145 76.4589 6.96879
      vertex -37.945 76.3049 7.24602
      vertex -37.8278 76.0855 7.24602
    endloop
  endfacet
  facet normal 0.491635 0.262708 0.830228
    outer loop
      vertex -37.8278 76.0855 7.24602
      vertex -38.2161 76.1238 7.46384
      vertex -38.129 75.9608 7.46384
    endloop
  endfacet
  facet normal 0.382438 0.0376407 0.923214
    outer loop
      vertex -38.0753 75.7839 7.46384
      vertex -38.4194 75.6 7.61388
      vertex -38.0572 75.6 7.46384
    endloop
  endfacet
  facet normal 0.382438 -0.0376407 0.923214
    outer loop
      vertex -38.0572 75.6 7.46384
      vertex -38.4194 75.6 7.61388
      vertex -38.0753 75.4161 7.46384
    endloop
  endfacet
  facet normal 0.678286 -0.205766 0.7054
    outer loop
      vertex -37.7556 75.3525 7.24602
      vertex -37.8278 75.1145 7.24602
      vertex -37.4837 75.2984 6.96879
    endloop
  endfacet
  facet normal 0.70539 -0.0695415 0.705399
    outer loop
      vertex -37.7312 75.6 7.24602
      vertex -37.7556 75.3525 7.24602
      vertex -37.4837 75.2984 6.96879
    endloop
  endfacet
  facet normal 0.547986 -0.449674 0.70534
    outer loop
      vertex -37.945 74.8951 7.24602
      vertex -38.1028 74.7028 7.24602
      vertex -37.9068 74.5068 6.96879
    endloop
  endfacet
  facet normal 0.187583 -0.0568432 0.980603
    outer loop
      vertex -38.4306 75.4867 7.61388
      vertex -38.8077 75.5618 7.69037
      vertex -38.4636 75.3778 7.61388
    endloop
  endfacet
  facet normal 0.111457 -0.367808 0.923198
    outer loop
      vertex -38.7778 75.0636 7.61388
      vertex -38.8867 75.0306 7.61388
      vertex -38.6392 74.729 7.46384
    endloop
  endfacet
  facet normal 0.243645 -0.297072 0.923247
    outer loop
      vertex -38.3333 74.9333 7.46384
      vertex -38.6775 75.1173 7.61388
      vertex -38.4762 74.8161 7.46384
    endloop
  endfacet
  facet normal 0.528328 -0.643674 0.553672
    outer loop
      vertex -37.7528 74.3528 6.64279
      vertex -38.1411 74.3145 6.96879
      vertex -38.0201 74.1334 6.64279
    endloop
  endfacet
  facet normal 0.181083 -0.33888 0.923238
    outer loop
      vertex -38.4762 74.8161 7.46384
      vertex -38.6775 75.1173 7.61388
      vertex -38.6392 74.729 7.46384
    endloop
  endfacet
  facet normal 0.643692 -0.528305 0.553673
    outer loop
      vertex -37.7145 74.7411 6.96879
      vertex -37.9068 74.5068 6.96879
      vertex -37.5334 74.6201 6.64279
    endloop
  endfacet
  facet normal 0.884738 -0.268379 0.381066
    outer loop
      vertex -37.1229 75.2266 6.28057
      vertex -37.3704 74.925 6.64279
      vertex -37.2318 74.8676 6.28057
    endloop
  endfacet
  facet normal 0.268437 -0.88472 0.381068
    outer loop
      vertex -38.325 73.9704 6.64279
      vertex -38.6559 73.87 6.64279
      vertex -38.2676 73.8318 6.28057
    endloop
  endfacet
  facet normal 0.435887 -0.81535 0.38106
    outer loop
      vertex -38.0201 74.1334 6.64279
      vertex -38.325 73.9704 6.64279
      vertex -38.2676 73.8318 6.28057
    endloop
  endfacet
  facet normal 0.334004 0.625204 0.70538
    outer loop
      vertex -38.4084 77.0283 6.96879
      vertex -38.5145 76.7722 7.24602
      vertex -38.1411 76.8855 6.96879
    endloop
  endfacet
  facet normal 0.205775 0.678316 0.705369
    outer loop
      vertex -38.4084 77.0283 6.96879
      vertex -38.7525 76.8444 7.24602
      vertex -38.5145 76.7722 7.24602
    endloop
  endfacet
  facet normal -0.161927 0.533426 0.830203
    outer loop
      vertex -39.2475 76.8444 7.24602
      vertex -39.3608 76.471 7.46384
      vertex -39.1839 76.5247 7.46384
    endloop
  endfacet
  facet normal -0.111617 0.367691 0.923225
    outer loop
      vertex -39.1839 76.5247 7.46384
      vertex -39.3608 76.471 7.46384
      vertex -39.1133 76.1694 7.61388
    endloop
  endfacet
  facet normal -0.243645 0.297072 0.923247
    outer loop
      vertex -39.5238 76.3839 7.46384
      vertex -39.6667 76.2667 7.46384
      vertex -39.3225 76.0827 7.61388
    endloop
  endfacet
  facet normal -0.181083 0.33888 0.923238
    outer loop
      vertex -39.3608 76.471 7.46384
      vertex -39.5238 76.3839 7.46384
      vertex -39.3225 76.0827 7.61388
    endloop
  endfacet
  facet normal -0.0568366 -0.187561 0.980607
    outer loop
      vertex -39.075 75.4189 7.69037
      vertex -39.2222 75.0636 7.61388
      vertex -39.1133 75.0306 7.61388
    endloop
  endfacet
  facet normal -0.124441 -0.151471 0.980597
    outer loop
      vertex -39.1386 75.4614 7.69037
      vertex -39.3225 75.1173 7.61388
      vertex -39.1089 75.437 7.69037
    endloop
  endfacet
  facet normal 0.528328 0.643674 0.553672
    outer loop
      vertex -38.0201 77.0666 6.64279
      vertex -38.1411 76.8855 6.96879
      vertex -37.7528 76.8472 6.64279
    endloop
  endfacet
  facet normal 0.586514 0.71466 0.381134
    outer loop
      vertex -37.6467 76.9533 6.28057
      vertex -37.9367 77.1913 6.28057
      vertex -37.7528 76.8472 6.64279
    endloop
  endfacet
  facet normal 0.241809 0.796872 0.553646
    outer loop
      vertex -38.6559 77.3299 6.64279
      vertex -38.6984 77.1163 6.96879
      vertex -38.4084 77.0283 6.96879
    endloop
  endfacet
  facet normal 0.39239 0.734494 0.553669
    outer loop
      vertex -38.0201 77.0666 6.64279
      vertex -38.4084 77.0283 6.96879
      vertex -38.1411 76.8855 6.96879
    endloop
  endfacet
  facet normal 0.586575 0.714637 0.381082
    outer loop
      vertex -37.9367 77.1913 6.28057
      vertex -38.0201 77.0666 6.64279
      vertex -37.7528 76.8472 6.64279
    endloop
  endfacet
  facet normal 0.435888 0.81535 0.381059
    outer loop
      vertex -37.9367 77.1913 6.28057
      vertex -38.2676 77.3682 6.28057
      vertex -38.0201 77.0666 6.64279
    endloop
  endfacet
  facet normal 0.533449 0.161828 0.830207
    outer loop
      vertex -37.8278 76.0855 7.24602
      vertex -38.0753 75.7839 7.46384
      vertex -37.7556 75.8475 7.24602
    endloop
  endfacet
  facet normal 0.678286 0.205766 0.7054
    outer loop
      vertex -37.4837 75.9016 6.96879
      vertex -37.8278 76.0855 7.24602
      vertex -37.7556 75.8475 7.24602
    endloop
  endfacet
  facet normal 0.758352 0.622255 0.194167
    outer loop
      vertex -37.3623 76.6943 6
      vertex -37.5429 76.9144 6
      vertex -37.4087 76.6633 6.28057
    endloop
  endfacet
  facet normal 0.758465 0.622058 0.194357
    outer loop
      vertex -37.6467 76.9533 6.28057
      vertex -37.5429 76.9144 6
      vertex -37.6072 76.9928 6
    endloop
  endfacet
  facet normal 0.758282 0.622314 0.194253
    outer loop
      vertex -37.5429 76.9144 6
      vertex -37.6467 76.9533 6.28057
      vertex -37.4087 76.6633 6.28057
    endloop
  endfacet
  facet normal -0.462484 0.865099 0.194195
    outer loop
      vertex -39.7324 77.3682 6.28057
      vertex -40.1058 77.2549 5.89603
      vertex -40.0633 77.1913 6.28057
    endloop
  endfacet
  facet normal -0.622321 0.758291 0.194195
    outer loop
      vertex -40.1058 77.2549 5.89603
      vertex -40.3533 76.9533 6.28057
      vertex -40.0633 77.1913 6.28057
    endloop
  endfacet
  facet normal -0.714637 0.586575 0.381082
    outer loop
      vertex -40.2472 76.8472 6.64279
      vertex -40.5913 76.6633 6.28057
      vertex -40.4666 76.5799 6.64279
    endloop
  endfacet
  facet normal -0.71466 0.586514 0.381134
    outer loop
      vertex -40.3533 76.9533 6.28057
      vertex -40.5913 76.6633 6.28057
      vertex -40.2472 76.8472 6.64279
    endloop
  endfacet
  facet normal 0.284593 0.938755 0.19428
    outer loop
      vertex -38.2383 77.4389 5.89603
      vertex -38.6117 77.5521 5.89603
      vertex -38.2676 77.3682 6.28057
    endloop
  endfacet
  facet normal 0.0962127 0.976246 -0.194133
    outer loop
      vertex -38.6266 77.4771 5.11943
      vertex -39 77.5139 5.11943
      vertex -38.6117 77.5521 5.50397
    endloop
  endfacet
  facet normal 0.0962898 0.976223 -0.194209
    outer loop
      vertex -38.6117 77.5521 5.50397
      vertex -39 77.5139 5.11943
      vertex -39 77.5904 5.50397
    endloop
  endfacet
  facet normal 0.976213 0.0966547 0.194078
    outer loop
      vertex -37.1229 75.9734 6.28057
      vertex -37.0582 75.8833 6
      vertex -37.0682 75.9843 6
    endloop
  endfacet
  facet normal 0.976228 0.096211 0.194224
    outer loop
      vertex -37.0582 75.8833 6
      vertex -37.1229 75.9734 6.28057
      vertex -37.0861 75.6 6.28057
    endloop
  endfacet
  facet normal 0.938775 0.284665 0.194083
    outer loop
      vertex -37.0682 75.9843 6
      vertex -37.1508 76.2567 6
      vertex -37.1229 75.9734 6.28057
    endloop
  endfacet
  facet normal 0.435935 0.815438 -0.380817
    outer loop
      vertex -37.9643 77.15 4.9994
      vertex -38.2676 77.3682 5.11943
      vertex -37.9367 77.1913 5.11943
    endloop
  endfacet
  facet normal 0.435784 0.815385 -0.381104
    outer loop
      vertex -38.2676 77.3682 5.11943
      vertex -37.9643 77.15 4.9994
      vertex -38.0885 77.15 4.85738
    endloop
  endfacet
  facet normal 0.58634 0.714964 -0.38083
    outer loop
      vertex -37.9146 77.15 5.07592
      vertex -37.9643 77.15 4.9994
      vertex -37.9367 77.1913 5.11943
    endloop
  endfacet
  facet normal -0.392536 0.734279 -0.55385
    outer loop
      vertex -39.642 77.15 4.62829
      vertex -39.8239 77.15 4.75721
      vertex -39.675 77.2296 4.75721
    endloop
  endfacet
  facet normal -0.435835 0.815377 -0.381062
    outer loop
      vertex -39.675 77.2296 4.75721
      vertex -39.9115 77.15 4.85738
      vertex -39.7324 77.3682 5.11943
    endloop
  endfacet
  facet normal -0.435858 0.815317 -0.381164
    outer loop
      vertex -39.9115 77.15 4.85738
      vertex -39.675 77.2296 4.75721
      vertex -39.8239 77.15 4.75721
    endloop
  endfacet
  facet normal 0.172869 -0.092299 0.980611
    outer loop
      vertex -38.8189 75.525 7.69037
      vertex -38.837 75.4911 7.69037
      vertex -38.4636 75.3778 7.61388
    endloop
  endfacet
  facet normal 0.057076 -0.187535 0.980598
    outer loop
      vertex -38.925 75.4189 7.69037
      vertex -38.9618 75.4077 7.69037
      vertex -38.8867 75.0306 7.61388
    endloop
  endfacet
  facet normal 0.0923292 0.172926 0.980598
    outer loop
      vertex -38.6775 76.0827 7.61388
      vertex -38.925 75.7811 7.69037
      vertex -38.8911 75.763 7.69037
    endloop
  endfacet
  facet normal -0.734375 0.392598 0.55368
    outer loop
      vertex -40.4666 76.5799 6.64279
      vertex -40.6296 76.275 6.64279
      vertex -40.2855 76.4589 6.96879
    endloop
  endfacet
  facet normal -0.678297 0.205828 0.705371
    outer loop
      vertex -40.4283 76.1916 6.96879
      vertex -40.5163 75.9016 6.96879
      vertex -40.1722 76.0855 7.24602
    endloop
  endfacet
  facet normal -0.625204 0.334004 0.70538
    outer loop
      vertex -40.2855 76.4589 6.96879
      vertex -40.4283 76.1916 6.96879
      vertex -40.1722 76.0855 7.24602
    endloop
  endfacet
  facet normal -0.547922 0.449703 0.705372
    outer loop
      vertex -40.0932 76.6932 6.96879
      vertex -40.2855 76.4589 6.96879
      vertex -40.055 76.3049 7.24602
    endloop
  endfacet
  facet normal 0.172869 0.092299 0.980611
    outer loop
      vertex -38.4636 75.8222 7.61388
      vertex -38.837 75.7089 7.69037
      vertex -38.8189 75.675 7.69037
    endloop
  endfacet
  facet normal 0.187471 0.0570563 0.980612
    outer loop
      vertex -38.4636 75.8222 7.61388
      vertex -38.8189 75.675 7.69037
      vertex -38.8077 75.6382 7.69037
    endloop
  endfacet
  facet normal 0.181083 0.33888 0.923238
    outer loop
      vertex -38.6392 76.471 7.46384
      vertex -38.6775 76.0827 7.61388
      vertex -38.4762 76.3839 7.46384
    endloop
  endfacet
  facet normal 0.243645 0.297072 0.923247
    outer loop
      vertex -38.4762 76.3839 7.46384
      vertex -38.6775 76.0827 7.61388
      vertex -38.3333 76.2667 7.46384
    endloop
  endfacet
  facet normal 0.0378048 0.382436 0.923208
    outer loop
      vertex -39 76.5428 7.46384
      vertex -39 76.1806 7.61388
      vertex -38.8867 76.1694 7.61388
    endloop
  endfacet
  facet normal -0.0378048 0.382436 0.923208
    outer loop
      vertex -39 76.5428 7.46384
      vertex -39.1133 76.1694 7.61388
      vertex -39 76.1806 7.61388
    endloop
  endfacet
  facet normal 0.181408 0.338831 0.923193
    outer loop
      vertex -38.6392 76.471 7.46384
      vertex -38.7778 76.1364 7.61388
      vertex -38.6775 76.0827 7.61388
    endloop
  endfacet
  facet normal 0.111457 0.367808 0.923198
    outer loop
      vertex -38.6392 76.471 7.46384
      vertex -38.8867 76.1694 7.61388
      vertex -38.7778 76.1364 7.61388
    endloop
  endfacet
  facet normal 0.111617 0.367691 0.923225
    outer loop
      vertex -38.8161 76.5247 7.46384
      vertex -38.8867 76.1694 7.61388
      vertex -38.6392 76.471 7.46384
    endloop
  endfacet
  facet normal 0.161927 0.533426 0.830203
    outer loop
      vertex -38.7525 76.8444 7.24602
      vertex -38.8161 76.5247 7.46384
      vertex -38.6392 76.471 7.46384
    endloop
  endfacet
  facet normal -0.430883 0.35358 0.830253
    outer loop
      vertex -39.8972 76.4972 7.24602
      vertex -40.055 76.3049 7.24602
      vertex -39.7839 76.1238 7.46384
    endloop
  endfacet
  facet normal -0.547986 0.449674 0.70534
    outer loop
      vertex -39.8972 76.4972 7.24602
      vertex -40.0932 76.6932 6.96879
      vertex -40.055 76.3049 7.24602
    endloop
  endfacet
  facet normal -0.187583 -0.0568432 0.980603
    outer loop
      vertex -39.1923 75.5618 7.69037
      vertex -39.5694 75.4867 7.61388
      vertex -39.5364 75.3778 7.61388
    endloop
  endfacet
  facet normal -0.124326 -0.151533 0.980602
    outer loop
      vertex -39.1386 75.4614 7.69037
      vertex -39.4105 75.1895 7.61388
      vertex -39.3225 75.1173 7.61388
    endloop
  endfacet
  facet normal -0.187471 0.0570563 0.980612
    outer loop
      vertex -39.1811 75.675 7.69037
      vertex -39.5364 75.8222 7.61388
      vertex -39.1923 75.6382 7.69037
    endloop
  endfacet
  facet normal -0.0192788 -0.195025 0.980609
    outer loop
      vertex -39 75.404 7.69037
      vertex -39.1133 75.0306 7.61388
      vertex -39 75.0194 7.61388
    endloop
  endfacet
  facet normal -0.0378048 -0.382436 0.923208
    outer loop
      vertex -39 75.0194 7.61388
      vertex -39.1133 75.0306 7.61388
      vertex -39 74.6572 7.46384
    endloop
  endfacet
  facet normal -0.151443 0.124418 0.980605
    outer loop
      vertex -39.1386 75.7386 7.69037
      vertex -39.4105 76.0105 7.61388
      vertex -39.163 75.7089 7.69037
    endloop
  endfacet
  facet normal -0.057076 -0.187535 0.980598
    outer loop
      vertex -39.075 75.4189 7.69037
      vertex -39.1133 75.0306 7.61388
      vertex -39.0382 75.4077 7.69037
    endloop
  endfacet
  facet normal 0.172802 -0.0925169 0.980602
    outer loop
      vertex -38.4636 75.3778 7.61388
      vertex -38.837 75.4911 7.69037
      vertex -38.5173 75.2775 7.61388
    endloop
  endfacet
  facet normal 0.195063 -0.0192824 0.980601
    outer loop
      vertex -38.4194 75.6 7.61388
      vertex -38.8077 75.5618 7.69037
      vertex -38.4306 75.4867 7.61388
    endloop
  endfacet
  facet normal 0.195027 -0.01889 0.980616
    outer loop
      vertex -38.804 75.6 7.69037
      vertex -38.8077 75.5618 7.69037
      vertex -38.4194 75.6 7.61388
    endloop
  endfacet
  facet normal -0.243645 -0.297072 0.923247
    outer loop
      vertex -39.3225 75.1173 7.61388
      vertex -39.6667 74.9333 7.46384
      vertex -39.5238 74.8161 7.46384
    endloop
  endfacet
  facet normal -0.49164 -0.262626 0.830251
    outer loop
      vertex -39.7839 75.0762 7.46384
      vertex -40.1722 75.1145 7.24602
      vertex -40.055 74.8951 7.24602
    endloop
  endfacet
  facet normal -0.586575 -0.714637 0.381082
    outer loop
      vertex -39.9799 74.1334 6.64279
      vertex -40.2472 74.3528 6.64279
      vertex -40.0633 74.0087 6.28057
    endloop
  endfacet
  facet normal -0.528328 -0.643674 0.553672
    outer loop
      vertex -39.8589 74.3145 6.96879
      vertex -40.2472 74.3528 6.64279
      vertex -39.9799 74.1334 6.64279
    endloop
  endfacet
  facet normal 0.462472 -0.865076 0.194326
    outer loop
      vertex -37.9952 73.9144 6
      vertex -37.9367 74.0087 6.28057
      vertex -38.2676 73.8318 6.28057
    endloop
  endfacet
  facet normal 0.462885 -0.864889 0.194177
    outer loop
      vertex -37.9367 74.0087 6.28057
      vertex -37.9952 73.9144 6
      vertex -37.9057 73.9623 6
    endloop
  endfacet
  facet normal 0.622081 -0.758494 0.194171
    outer loop
      vertex -37.8273 74.0266 6
      vertex -37.9367 74.0087 6.28057
      vertex -37.9057 73.9623 6
    endloop
  endfacet
  facet normal 0.622311 -0.758278 0.194275
    outer loop
      vertex -37.9367 74.0087 6.28057
      vertex -37.8273 74.0266 6
      vertex -37.6467 74.2467 6.28057
    endloop
  endfacet
  facet normal 0.0906811 -0.920117 0.381001
    outer loop
      vertex -38.6559 73.87 6.64279
      vertex -39 73.6861 6.28057
      vertex -38.6266 73.7229 6.28057
    endloop
  endfacet
  facet normal 0.0967483 -0.97619 0.194146
    outer loop
      vertex -38.8991 73.6403 6
      vertex -39 73.6861 6.28057
      vertex -39 73.6303 6
    endloop
  endfacet
  facet normal 0.0962159 -0.976278 0.193968
    outer loop
      vertex -39 73.6861 6.28057
      vertex -38.8991 73.6403 6
      vertex -38.6266 73.7229 6.28057
    endloop
  endfacet
  facet normal 0.0903732 -0.920042 0.381255
    outer loop
      vertex -39 73.8362 6.64279
      vertex -39 73.6861 6.28057
      vertex -38.6559 73.87 6.64279
    endloop
  endfacet
  facet normal -0.0813964 -0.828654 0.553812
    outer loop
      vertex -39.3016 74.0837 6.96879
      vertex -39.3441 73.87 6.64279
      vertex -39 73.8362 6.64279
    endloop
  endfacet
  facet normal 0.0694677 -0.705437 0.70536
    outer loop
      vertex -39 74.3312 7.24602
      vertex -39 74.054 6.96879
      vertex -38.6984 74.0837 6.96879
    endloop
  endfacet
  facet normal -0.0694677 -0.705437 0.70536
    outer loop
      vertex -39 74.3312 7.24602
      vertex -39.3016 74.0837 6.96879
      vertex -39 74.054 6.96879
    endloop
  endfacet
  facet normal -0.161927 -0.533426 0.830203
    outer loop
      vertex -39.1839 74.6753 7.46384
      vertex -39.3608 74.729 7.46384
      vertex -39.2475 74.3556 7.24602
    endloop
  endfacet
  facet normal -0.111617 -0.367691 0.923225
    outer loop
      vertex -39.1133 75.0306 7.61388
      vertex -39.3608 74.729 7.46384
      vertex -39.1839 74.6753 7.46384
    endloop
  endfacet
  facet normal 0.82874 -0.0816457 0.553646
    outer loop
      vertex -37.2362 75.6 6.64279
      vertex -37.4837 75.2984 6.96879
      vertex -37.2701 75.2559 6.64279
    endloop
  endfacet
  facet normal 0.828727 -0.0816087 0.553671
    outer loop
      vertex -37.454 75.6 6.96879
      vertex -37.4837 75.2984 6.96879
      vertex -37.2362 75.6 6.64279
    endloop
  endfacet
  facet normal 0.491635 -0.262708 0.830228
    outer loop
      vertex -38.129 75.2392 7.46384
      vertex -38.2161 75.0762 7.46384
      vertex -37.8278 75.1145 7.24602
    endloop
  endfacet
  facet normal 0.533374 -0.161912 0.830239
    outer loop
      vertex -38.0753 75.4161 7.46384
      vertex -38.129 75.2392 7.46384
      vertex -37.8278 75.1145 7.24602
    endloop
  endfacet
  facet normal 0.0568366 -0.187561 0.980607
    outer loop
      vertex -38.7778 75.0636 7.61388
      vertex -38.925 75.4189 7.69037
      vertex -38.8867 75.0306 7.61388
    endloop
  endfacet
  facet normal 0.161927 -0.533426 0.830203
    outer loop
      vertex -38.6392 74.729 7.46384
      vertex -38.8161 74.6753 7.46384
      vertex -38.7525 74.3556 7.24602
    endloop
  endfacet
  facet normal 0.124326 -0.151533 0.980602
    outer loop
      vertex -38.5895 75.1895 7.61388
      vertex -38.8614 75.4614 7.69037
      vertex -38.6775 75.1173 7.61388
    endloop
  endfacet
  facet normal 0.243683 -0.29701 0.923257
    outer loop
      vertex -38.5895 75.1895 7.61388
      vertex -38.6775 75.1173 7.61388
      vertex -38.3333 74.9333 7.46384
    endloop
  endfacet
  facet normal -0.195063 0.0192824 0.980601
    outer loop
      vertex -39.5694 75.7133 7.61388
      vertex -39.5806 75.6 7.61388
      vertex -39.1923 75.6382 7.69037
    endloop
  endfacet
  facet normal -0.187583 0.0568432 0.980603
    outer loop
      vertex -39.5364 75.8222 7.61388
      vertex -39.5694 75.7133 7.61388
      vertex -39.1923 75.6382 7.69037
    endloop
  endfacet
  facet normal 0.161816 -0.53341 0.830234
    outer loop
      vertex -38.6392 74.729 7.46384
      vertex -38.7525 74.3556 7.24602
      vertex -38.5145 74.4278 7.24602
    endloop
  endfacet
  facet normal 0.0546029 -0.554778 0.830205
    outer loop
      vertex -38.8161 74.6753 7.46384
      vertex -39 74.6572 7.46384
      vertex -38.7525 74.3556 7.24602
    endloop
  endfacet
  facet normal 0.430928 -0.353616 0.830215
    outer loop
      vertex -37.945 74.8951 7.24602
      vertex -38.3333 74.9333 7.46384
      vertex -38.1028 74.7028 7.24602
    endloop
  endfacet
  facet normal 0.26269 -0.491601 0.830255
    outer loop
      vertex -38.4762 74.8161 7.46384
      vertex -38.6392 74.729 7.46384
      vertex -38.2951 74.545 7.24602
    endloop
  endfacet
  facet normal 0.643684 -0.528336 0.553654
    outer loop
      vertex -37.5334 74.6201 6.64279
      vertex -37.9068 74.5068 6.96879
      vertex -37.7528 74.3528 6.64279
    endloop
  endfacet
  facet normal 0.714637 -0.586575 0.381082
    outer loop
      vertex -37.5334 74.6201 6.64279
      vertex -37.7528 74.3528 6.64279
      vertex -37.4087 74.5367 6.28057
    endloop
  endfacet
  facet normal 0.392549 0.734284 0.553834
    outer loop
      vertex -38.325 77.2296 6.64279
      vertex -38.4084 77.0283 6.96879
      vertex -38.0201 77.0666 6.64279
    endloop
  endfacet
  facet normal 0.435887 0.81535 0.38106
    outer loop
      vertex -38.2676 77.3682 6.28057
      vertex -38.325 77.2296 6.64279
      vertex -38.0201 77.0666 6.64279
    endloop
  endfacet
  facet normal 0.865124 0.462497 0.194054
    outer loop
      vertex -37.2318 76.3324 6.28057
      vertex -37.2281 76.4432 6
      vertex -37.4087 76.6633 6.28057
    endloop
  endfacet
  facet normal 0.864643 0.463271 0.194353
    outer loop
      vertex -37.2281 76.4432 6
      vertex -37.2318 76.3324 6.28057
      vertex -37.1802 76.3538 6
    endloop
  endfacet
  facet normal 0.81535 0.435888 0.381059
    outer loop
      vertex -37.4087 76.6633 6.28057
      vertex -37.5334 76.5799 6.64279
      vertex -37.2318 76.3324 6.28057
    endloop
  endfacet
  facet normal -0.187471 -0.0570563 0.980612
    outer loop
      vertex -39.1923 75.5618 7.69037
      vertex -39.5364 75.3778 7.61388
      vertex -39.1811 75.525 7.69037
    endloop
  endfacet
  facet normal -0.0923292 -0.172926 0.980598
    outer loop
      vertex -39.1089 75.437 7.69037
      vertex -39.3225 75.1173 7.61388
      vertex -39.075 75.4189 7.69037
    endloop
  endfacet
  facet normal -0.338711 0.181344 0.923249
    outer loop
      vertex -39.4827 75.9225 7.61388
      vertex -39.7839 76.1238 7.46384
      vertex -39.5364 75.8222 7.61388
    endloop
  endfacet
  facet normal 0.151443 0.124418 0.980605
    outer loop
      vertex -38.5895 76.0105 7.61388
      vertex -38.8614 75.7386 7.69037
      vertex -38.837 75.7089 7.69037
    endloop
  endfacet
  facet normal 0.0568366 0.187561 0.980607
    outer loop
      vertex -38.8867 76.1694 7.61388
      vertex -38.925 75.7811 7.69037
      vertex -38.7778 76.1364 7.61388
    endloop
  endfacet
  facet normal -0.172802 0.0925169 0.980602
    outer loop
      vertex -39.4827 75.9225 7.61388
      vertex -39.5364 75.8222 7.61388
      vertex -39.163 75.7089 7.69037
    endloop
  endfacet
  facet normal 0 0 1
    outer loop
      vertex -38.8077 75.6382 7.69037
      vertex -38.8077 75.5618 7.69037
      vertex -38.804 75.6 7.69037
    endloop
  endfacet
  facet normal 0 0 1
    outer loop
      vertex -38.8189 75.675 7.69037
      vertex -38.8077 75.5618 7.69037
      vertex -38.8077 75.6382 7.69037
    endloop
  endfacet
  facet normal 0 0 1
    outer loop
      vertex -38.8189 75.675 7.69037
      vertex -38.8189 75.525 7.69037
      vertex -38.8077 75.5618 7.69037
    endloop
  endfacet
  facet normal 0 0 1
    outer loop
      vertex -38.837 75.7089 7.69037
      vertex -38.8189 75.525 7.69037
      vertex -38.8189 75.675 7.69037
    endloop
  endfacet
  facet normal 0 0 1
    outer loop
      vertex -38.837 75.7089 7.69037
      vertex -38.837 75.4911 7.69037
      vertex -38.8189 75.525 7.69037
    endloop
  endfacet
  facet normal 0 0 1
    outer loop
      vertex -38.8614 75.7386 7.69037
      vertex -38.837 75.4911 7.69037
      vertex -38.837 75.7089 7.69037
    endloop
  endfacet
  facet normal 0 0 1
    outer loop
      vertex -38.8614 75.7386 7.69037
      vertex -38.8614 75.4614 7.69037
      vertex -38.837 75.4911 7.69037
    endloop
  endfacet
  facet normal 0 0 1
    outer loop
      vertex -38.8911 75.763 7.69037
      vertex -38.8614 75.4614 7.69037
      vertex -38.8614 75.7386 7.69037
    endloop
  endfacet
  facet normal 0 0 1
    outer loop
      vertex -38.8911 75.763 7.69037
      vertex -38.8911 75.437 7.69037
      vertex -38.8614 75.4614 7.69037
    endloop
  endfacet
  facet normal 0 0 1
    outer loop
      vertex -38.925 75.7811 7.69037
      vertex -38.8911 75.437 7.69037
      vertex -38.8911 75.763 7.69037
    endloop
  endfacet
  facet normal 0 0 1
    outer loop
      vertex -38.925 75.7811 7.69037
      vertex -38.925 75.4189 7.69037
      vertex -38.8911 75.437 7.69037
    endloop
  endfacet
  facet normal 0 0 1
    outer loop
      vertex -38.9618 75.7923 7.69037
      vertex -38.925 75.4189 7.69037
      vertex -38.925 75.7811 7.69037
    endloop
  endfacet
  facet normal 0 0 1
    outer loop
      vertex -38.9618 75.7923 7.69037
      vertex -38.9618 75.4077 7.69037
      vertex -38.925 75.4189 7.69037
    endloop
  endfacet
  facet normal 0 0 1
    outer loop
      vertex -39 75.796 7.69037
      vertex -38.9618 75.4077 7.69037
      vertex -38.9618 75.7923 7.69037
    endloop
  endfacet
  facet normal 0 0 1
    outer loop
      vertex -39 75.796 7.69037
      vertex -39 75.404 7.69037
      vertex -38.9618 75.4077 7.69037
    endloop
  endfacet
  facet normal -0 0 1
    outer loop
      vertex -39.0382 75.7923 7.69037
      vertex -39 75.404 7.69037
      vertex -39 75.796 7.69037
    endloop
  endfacet
  facet normal 0 0 1
    outer loop
      vertex -39.0382 75.7923 7.69037
      vertex -39.0382 75.4077 7.69037
      vertex -39 75.404 7.69037
    endloop
  endfacet
  facet normal -0 0 1
    outer loop
      vertex -39.075 75.7811 7.69037
      vertex -39.0382 75.4077 7.69037
      vertex -39.0382 75.7923 7.69037
    endloop
  endfacet
  facet normal 0 0 1
    outer loop
      vertex -39.075 75.7811 7.69037
      vertex -39.075 75.4189 7.69037
      vertex -39.0382 75.4077 7.69037
    endloop
  endfacet
  facet normal -0 0 1
    outer loop
      vertex -39.1089 75.763 7.69037
      vertex -39.075 75.4189 7.69037
      vertex -39.075 75.7811 7.69037
    endloop
  endfacet
  facet normal 0 0 1
    outer loop
      vertex -39.1089 75.763 7.69037
      vertex -39.1089 75.437 7.69037
      vertex -39.075 75.4189 7.69037
    endloop
  endfacet
  facet normal -0 0 1
    outer loop
      vertex -39.1386 75.7386 7.69037
      vertex -39.1089 75.437 7.69037
      vertex -39.1089 75.763 7.69037
    endloop
  endfacet
  facet normal 0 0 1
    outer loop
      vertex -39.1386 75.7386 7.69037
      vertex -39.1386 75.4614 7.69037
      vertex -39.1089 75.437 7.69037
    endloop
  endfacet
  facet normal -0 0 1
    outer loop
      vertex -39.163 75.7089 7.69037
      vertex -39.1386 75.4614 7.69037
      vertex -39.1386 75.7386 7.69037
    endloop
  endfacet
  facet normal 0 0 1
    outer loop
      vertex -39.163 75.7089 7.69037
      vertex -39.163 75.4911 7.69037
      vertex -39.1386 75.4614 7.69037
    endloop
  endfacet
  facet normal -0 0 1
    outer loop
      vertex -39.1811 75.675 7.69037
      vertex -39.163 75.4911 7.69037
      vertex -39.163 75.7089 7.69037
    endloop
  endfacet
  facet normal 0 0 1
    outer loop
      vertex -39.1811 75.675 7.69037
      vertex -39.1811 75.525 7.69037
      vertex -39.163 75.4911 7.69037
    endloop
  endfacet
  facet normal -0 0 1
    outer loop
      vertex -39.1923 75.6382 7.69037
      vertex -39.1811 75.525 7.69037
      vertex -39.1811 75.675 7.69037
    endloop
  endfacet
  facet normal 0 0 1
    outer loop
      vertex -39.1923 75.6382 7.69037
      vertex -39.1923 75.5618 7.69037
      vertex -39.1811 75.525 7.69037
    endloop
  endfacet
  facet normal 0 -0 1
    outer loop
      vertex -39.1923 75.5618 7.69037
      vertex -39.1923 75.6382 7.69037
      vertex -39.196 75.6 7.69037
    endloop
  endfacet
  facet normal -0.625228 0.333987 0.705367
    outer loop
      vertex -40.055 76.3049 7.24602
      vertex -40.2855 76.4589 6.96879
      vertex -40.1722 76.0855 7.24602
    endloop
  endfacet
  facet normal -0.49164 0.262626 0.830251
    outer loop
      vertex -40.055 76.3049 7.24602
      vertex -40.1722 76.0855 7.24602
      vertex -39.7839 76.1238 7.46384
    endloop
  endfacet
  facet normal -0.0189007 -0.195137 0.980594
    outer loop
      vertex -39.0382 75.4077 7.69037
      vertex -39.1133 75.0306 7.61388
      vertex -39 75.404 7.69037
    endloop
  endfacet
  facet normal -0.172869 -0.092299 0.980611
    outer loop
      vertex -39.1811 75.525 7.69037
      vertex -39.5364 75.3778 7.61388
      vertex -39.163 75.4911 7.69037
    endloop
  endfacet
  facet normal -0.181408 -0.338831 0.923193
    outer loop
      vertex -39.3225 75.1173 7.61388
      vertex -39.3608 74.729 7.46384
      vertex -39.2222 75.0636 7.61388
    endloop
  endfacet
  facet normal -0.111457 -0.367808 0.923198
    outer loop
      vertex -39.2222 75.0636 7.61388
      vertex -39.3608 74.729 7.46384
      vertex -39.1133 75.0306 7.61388
    endloop
  endfacet
  facet normal -0.547986 -0.449674 0.70534
    outer loop
      vertex -40.055 74.8951 7.24602
      vertex -40.0932 74.5068 6.96879
      vertex -39.8972 74.7028 7.24602
    endloop
  endfacet
  facet normal -0.449703 -0.547922 0.705372
    outer loop
      vertex -39.7049 74.545 7.24602
      vertex -40.0932 74.5068 6.96879
      vertex -39.8589 74.3145 6.96879
    endloop
  endfacet
  facet normal -0.0903732 -0.920042 0.381255
    outer loop
      vertex -39 73.8362 6.64279
      vertex -39.3441 73.87 6.64279
      vertex -39 73.6861 6.28057
    endloop
  endfacet
  facet normal -0.0906811 -0.920117 0.381001
    outer loop
      vertex -39.3441 73.87 6.64279
      vertex -39.3734 73.7229 6.28057
      vertex -39 73.6861 6.28057
    endloop
  endfacet
  facet normal 0.338954 -0.181122 0.923204
    outer loop
      vertex -38.129 75.2392 7.46384
      vertex -38.4636 75.3778 7.61388
      vertex -38.2161 75.0762 7.46384
    endloop
  endfacet
  facet normal 0.367739 -0.111631 0.923204
    outer loop
      vertex -38.0753 75.4161 7.46384
      vertex -38.4636 75.3778 7.61388
      vertex -38.129 75.2392 7.46384
    endloop
  endfacet
  facet normal 0.333987 -0.625228 0.705367
    outer loop
      vertex -38.2951 74.545 7.24602
      vertex -38.5145 74.4278 7.24602
      vertex -38.1411 74.3145 6.96879
    endloop
  endfacet
  facet normal 0.449703 -0.547922 0.705372
    outer loop
      vertex -37.9068 74.5068 6.96879
      vertex -38.2951 74.545 7.24602
      vertex -38.1411 74.3145 6.96879
    endloop
  endfacet
  facet normal 0.181408 -0.338831 0.923193
    outer loop
      vertex -38.6775 75.1173 7.61388
      vertex -38.7778 75.0636 7.61388
      vertex -38.6392 74.729 7.46384
    endloop
  endfacet
  facet normal 0.0925066 -0.172782 0.980606
    outer loop
      vertex -38.6775 75.1173 7.61388
      vertex -38.925 75.4189 7.69037
      vertex -38.7778 75.0636 7.61388
    endloop
  endfacet
  facet normal 0.111617 -0.367691 0.923225
    outer loop
      vertex -38.6392 74.729 7.46384
      vertex -38.8867 75.0306 7.61388
      vertex -38.8161 74.6753 7.46384
    endloop
  endfacet
  facet normal 0.0376364 -0.382394 0.923232
    outer loop
      vertex -38.8867 75.0306 7.61388
      vertex -39 74.6572 7.46384
      vertex -38.8161 74.6753 7.46384
    endloop
  endfacet
  facet normal 0.547922 -0.449703 0.705372
    outer loop
      vertex -37.7145 74.7411 6.96879
      vertex -37.945 74.8951 7.24602
      vertex -37.9068 74.5068 6.96879
    endloop
  endfacet
  facet normal 0.625228 -0.333987 0.705367
    outer loop
      vertex -37.8278 75.1145 7.24602
      vertex -37.945 74.8951 7.24602
      vertex -37.7145 74.7411 6.96879
    endloop
  endfacet
  facet normal 0.334004 -0.625204 0.70538
    outer loop
      vertex -38.1411 74.3145 6.96879
      vertex -38.5145 74.4278 7.24602
      vertex -38.4084 74.1717 6.96879
    endloop
  endfacet
  facet normal 0.39239 -0.734494 0.553669
    outer loop
      vertex -38.1411 74.3145 6.96879
      vertex -38.4084 74.1717 6.96879
      vertex -38.0201 74.1334 6.64279
    endloop
  endfacet
  facet normal 0.0961111 -0.976269 0.194067
    outer loop
      vertex -38.6266 73.7229 6.28057
      vertex -38.8991 73.6403 6
      vertex -38.6157 73.6682 6
    endloop
  endfacet
  facet normal -0.449674 -0.547986 0.70534
    outer loop
      vertex -39.8972 74.7028 7.24602
      vertex -40.0932 74.5068 6.96879
      vertex -39.7049 74.545 7.24602
    endloop
  endfacet
  facet normal -0.297058 -0.243633 0.923255
    outer loop
      vertex -39.4105 75.1895 7.61388
      vertex -39.7839 75.0762 7.46384
      vertex -39.6667 74.9333 7.46384
    endloop
  endfacet
  facet normal 0.297033 -0.243702 0.923245
    outer loop
      vertex -38.5173 75.2775 7.61388
      vertex -38.5895 75.1895 7.61388
      vertex -38.2161 75.0762 7.46384
    endloop
  endfacet
  facet normal 0.338711 -0.181344 0.923249
    outer loop
      vertex -38.4636 75.3778 7.61388
      vertex -38.5173 75.2775 7.61388
      vertex -38.2161 75.0762 7.46384
    endloop
  endfacet
  facet normal 0.449674 -0.547986 0.70534
    outer loop
      vertex -38.1028 74.7028 7.24602
      vertex -38.2951 74.545 7.24602
      vertex -37.9068 74.5068 6.96879
    endloop
  endfacet
  facet normal 0.353616 -0.430928 0.830215
    outer loop
      vertex -38.1028 74.7028 7.24602
      vertex -38.3333 74.9333 7.46384
      vertex -38.2951 74.545 7.24602
    endloop
  endfacet
  facet normal 0.49164 -0.262626 0.830251
    outer loop
      vertex -37.8278 75.1145 7.24602
      vertex -38.2161 75.0762 7.46384
      vertex -37.945 74.8951 7.24602
    endloop
  endfacet
  facet normal 0.430968 -0.353461 0.83026
    outer loop
      vertex -38.2161 75.0762 7.46384
      vertex -38.3333 74.9333 7.46384
      vertex -37.945 74.8951 7.24602
    endloop
  endfacet
  facet normal -0.353616 -0.430928 0.830215
    outer loop
      vertex -39.6667 74.9333 7.46384
      vertex -39.8972 74.7028 7.24602
      vertex -39.7049 74.545 7.24602
    endloop
  endfacet
  facet normal -0.353461 -0.430968 0.83026
    outer loop
      vertex -39.6667 74.9333 7.46384
      vertex -39.7049 74.545 7.24602
      vertex -39.5238 74.8161 7.46384
    endloop
  endfacet
  facet normal -0.554763 -0.0546918 0.830209
    outer loop
      vertex 38.0753 -75.7839 7.46384
      vertex 37.7312 -75.6 7.24602
      vertex 37.7556 -75.8475 7.24602
    endloop
  endfacet
  facet normal -0.111617 -0.367691 0.923225
    outer loop
      vertex 38.8867 -76.1694 7.61388
      vertex 38.6392 -76.471 7.46384
      vertex 38.8161 -76.5247 7.46384
    endloop
  endfacet
  facet normal -0.382365 0.0377977 0.923238
    outer loop
      vertex 38.4306 -75.4867 7.61388
      vertex 38.0753 -75.4161 7.46384
      vertex 38.4194 -75.6 7.61388
    endloop
  endfacet
  facet normal 0.297033 -0.243702 0.923245
    outer loop
      vertex 39.4827 -75.9225 7.61388
      vertex 39.4105 -76.0105 7.61388
      vertex 39.7839 -76.1238 7.46384
    endloop
  endfacet
  facet normal -0.284665 0.938775 0.194083
    outer loop
      vertex 38.6157 -73.6682 6
      vertex 38.3433 -73.7508 6
      vertex 38.6266 -73.7229 6.28057
    endloop
  endfacet
  facet normal 0.938842 0.284263 0.194345
    outer loop
      vertex 40.7682 -74.8676 6.28057
      vertex 40.8492 -74.9433 6
      vertex 40.8198 -74.8462 6
    endloop
  endfacet
  facet normal 0.938727 0.284756 0.194179
    outer loop
      vertex 40.8492 -74.9433 6
      vertex 40.7682 -74.8676 6.28057
      vertex 40.8771 -75.2266 6.28057
    endloop
  endfacet
  facet normal -0.195027 -0.01889 0.980616
    outer loop
      vertex 38.804 -75.6 7.69037
      vertex 38.4194 -75.6 7.61388
      vertex 38.8077 -75.6382 7.69037
    endloop
  endfacet
  facet normal 0.678297 0.205828 0.705371
    outer loop
      vertex 40.4283 -75.0084 6.96879
      vertex 40.1722 -75.1145 7.24602
      vertex 40.5163 -75.2984 6.96879
    endloop
  endfacet
  facet normal -0.796752 -0.241773 0.553834
    outer loop
      vertex 37.4837 -75.9016 6.96879
      vertex 37.3704 -76.275 6.64279
      vertex 37.5717 -76.1916 6.96879
    endloop
  endfacet
  facet normal 0.333987 0.625228 0.705367
    outer loop
      vertex 39.8589 -74.3145 6.96879
      vertex 39.4855 -74.4278 7.24602
      vertex 39.7049 -74.545 7.24602
    endloop
  endfacet
  facet normal -0.621792 -0.758797 -0.193915
    outer loop
      vertex 37.9367 -77.1913 5.11943
      vertex 37.8081 -77.15 5.37018
      vertex 37.8863 -77.15 5.11943
    endloop
  endfacet
  facet normal -0.622211 -0.75838 -0.194198
    outer loop
      vertex 37.8081 -77.15 5.37018
      vertex 37.9367 -77.1913 5.11943
      vertex 37.8942 -77.2549 5.50397
    endloop
  endfacet
  facet normal -0.36773 -0.111433 0.923232
    outer loop
      vertex 38.4306 -75.7133 7.61388
      vertex 38.0753 -75.7839 7.46384
      vertex 38.4636 -75.8222 7.61388
    endloop
  endfacet
  facet normal -0.172869 -0.092299 0.980611
    outer loop
      vertex 38.8189 -75.675 7.69037
      vertex 38.4636 -75.8222 7.61388
      vertex 38.837 -75.7089 7.69037
    endloop
  endfacet
  facet normal -0.0906723 -0.920028 -0.381218
    outer loop
      vertex 39 -77.5139 5.11943
      vertex 38.6266 -77.4771 5.11943
      vertex 38.6559 -77.3299 4.75721
    endloop
  endfacet
  facet normal 0.533449 -0.161828 0.830207
    outer loop
      vertex 40.2444 -75.8475 7.24602
      vertex 39.9247 -75.7839 7.46384
      vertex 40.1722 -76.0855 7.24602
    endloop
  endfacet
  facet normal 0.554763 0.0546918 0.830209
    outer loop
      vertex 40.2444 -75.3525 7.24602
      vertex 39.9247 -75.4161 7.46384
      vertex 40.2688 -75.6 7.24602
    endloop
  endfacet
  facet normal -0.678286 -0.205766 0.7054
    outer loop
      vertex 37.7556 -75.8475 7.24602
      vertex 37.4837 -75.9016 6.96879
      vertex 37.8278 -76.0855 7.24602
    endloop
  endfacet
  facet normal 0.734375 0.392598 0.55368
    outer loop
      vertex 40.4666 -74.6201 6.64279
      vertex 40.2855 -74.7411 6.96879
      vertex 40.6296 -74.925 6.64279
    endloop
  endfacet
  facet normal -0.884729 0.268173 0.381231
    outer loop
      vertex 37.3704 -74.925 6.64279
      vertex 37.1229 -75.2266 6.28057
      vertex 37.2701 -75.2559 6.64279
    endloop
  endfacet
  facet normal 0.0903732 0.920042 0.381255
    outer loop
      vertex 39 -73.6861 6.28057
      vertex 39 -73.8362 6.64279
      vertex 39.3441 -73.87 6.64279
    endloop
  endfacet
  facet normal 0.81535 -0.435887 0.38106
    outer loop
      vertex 40.6296 -76.275 6.64279
      vertex 40.4666 -76.5799 6.64279
      vertex 40.7682 -76.3324 6.28057
    endloop
  endfacet
  facet normal 0.622321 -0.758291 0.194195
    outer loop
      vertex 40.3533 -76.9533 6.28057
      vertex 40.0633 -77.1913 6.28057
      vertex 40.1058 -77.2549 5.89603
    endloop
  endfacet
  facet normal 0.0192788 -0.195025 0.980609
    outer loop
      vertex 39 -75.796 7.69037
      vertex 39 -76.1806 7.61388
      vertex 39.1133 -76.1694 7.61388
    endloop
  endfacet
  facet normal -0.758282 -0.622314 0.194253
    outer loop
      vertex 37.5429 -76.9144 6
      vertex 37.6467 -76.9533 6.28057
      vertex 37.4087 -76.6633 6.28057
    endloop
  endfacet
  facet normal -0.758465 -0.622058 0.194357
    outer loop
      vertex 37.6467 -76.9533 6.28057
      vertex 37.5429 -76.9144 6
      vertex 37.6072 -76.9928 6
    endloop
  endfacet
  facet normal -0.195063 -0.0192824 0.980601
    outer loop
      vertex 38.8077 -75.6382 7.69037
      vertex 38.4194 -75.6 7.61388
      vertex 38.4306 -75.7133 7.61388
    endloop
  endfacet
  facet normal -0.491635 0.262708 0.830228
    outer loop
      vertex 38.2161 -75.0762 7.46384
      vertex 37.8278 -75.1145 7.24602
      vertex 38.129 -75.2392 7.46384
    endloop
  endfacet
  facet normal -0.290121 -0.95699 0
    outer loop
      vertex 38.2383 -77.4389 5.50397
      vertex 38.6117 -77.5521 5.89603
      vertex 38.2383 -77.4389 5.89603
    endloop
  endfacet
  facet normal -0.290121 -0.95699 -0
    outer loop
      vertex 38.6117 -77.5521 5.89603
      vertex 38.2383 -77.4389 5.50397
      vertex 38.6117 -77.5521 5.50397
    endloop
  endfacet
  facet normal 0.71466 -0.586514 0.381134
    outer loop
      vertex 40.5913 -76.6633 6.28057
      vertex 40.2472 -76.8472 6.64279
      vertex 40.3533 -76.9533 6.28057
    endloop
  endfacet
  facet normal 0.449703 0.547922 0.705372
    outer loop
      vertex 39.8589 -74.3145 6.96879
      vertex 39.7049 -74.545 7.24602
      vertex 40.0932 -74.5068 6.96879
    endloop
  endfacet
  facet normal 0.634159 -0.773203 0
    outer loop
      vertex 40.1058 -77.2549 5.50397
      vertex 40.2337 -77.15 5.89603
      vertex 40.1058 -77.2549 5.89603
    endloop
  endfacet
  facet normal 0.634159 -0.773203 0
    outer loop
      vertex 40.2337 -77.15 5.89603
      vertex 40.1058 -77.2549 5.50397
      vertex 40.2337 -77.15 5.50397
    endloop
  endfacet
  facet normal -0.0962898 -0.976223 0.194209
    outer loop
      vertex 39 -77.5139 6.28057
      vertex 38.6117 -77.5521 5.89603
      vertex 39 -77.5904 5.89603
    endloop
  endfacet
  facet normal 0.49164 0.262626 0.830251
    outer loop
      vertex 40.055 -74.8951 7.24602
      vertex 39.7839 -75.0762 7.46384
      vertex 40.1722 -75.1145 7.24602
    endloop
  endfacet
  facet normal 0.243683 0.29701 0.923257
    outer loop
      vertex 39.6667 -74.9333 7.46384
      vertex 39.3225 -75.1173 7.61388
      vertex 39.4105 -75.1895 7.61388
    endloop
  endfacet
  facet normal -0.976213 0.0966547 0.194078
    outer loop
      vertex 37.0582 -75.3167 6
      vertex 37.1229 -75.2266 6.28057
      vertex 37.0682 -75.2157 6
    endloop
  endfacet
  facet normal -0.976228 0.096211 0.194224
    outer loop
      vertex 37.1229 -75.2266 6.28057
      vertex 37.0582 -75.3167 6
      vertex 37.0861 -75.6 6.28057
    endloop
  endfacet
  facet normal 0.0694677 0.705437 0.70536
    outer loop
      vertex 39 -74.054 6.96879
      vertex 39 -74.3312 7.24602
      vertex 39.3016 -74.0837 6.96879
    endloop
  endfacet
  facet normal -0.976248 0.096143 0.194157
    outer loop
      vertex 37.0582 -75.3167 6
      vertex 37.0303 -75.6 6
      vertex 37.0861 -75.6 6.28057
    endloop
  endfacet
  facet normal -0.586514 0.71466 0.381134
    outer loop
      vertex 37.9367 -74.0087 6.28057
      vertex 37.6467 -74.2467 6.28057
      vertex 37.7528 -74.3528 6.64279
    endloop
  endfacet
  facet normal 0.353616 -0.430928 0.830215
    outer loop
      vertex 39.8972 -76.4972 7.24602
      vertex 39.6667 -76.2667 7.46384
      vertex 39.7049 -76.655 7.24602
    endloop
  endfacet
  facet normal 0.241749 0.79676 0.553833
    outer loop
      vertex 39.675 -73.9704 6.64279
      vertex 39.3441 -73.87 6.64279
      vertex 39.5916 -74.1717 6.96879
    endloop
  endfacet
  facet normal 0.734391 -0.392334 0.553845
    outer loop
      vertex 40.4283 -76.1916 6.96879
      vertex 40.2855 -76.4589 6.96879
      vertex 40.6296 -76.275 6.64279
    endloop
  endfacet
  facet normal 0.0925066 0.172782 0.980606
    outer loop
      vertex 39.2222 -75.0636 7.61388
      vertex 39.075 -75.4189 7.69037
      vertex 39.3225 -75.1173 7.61388
    endloop
  endfacet
  facet normal -0.528328 0.643674 0.553672
    outer loop
      vertex 38.0201 -74.1334 6.64279
      vertex 37.7528 -74.3528 6.64279
      vertex 38.1411 -74.3145 6.96879
    endloop
  endfacet
  facet normal -0.554763 0.0546918 0.830209
    outer loop
      vertex 37.7556 -75.3525 7.24602
      vertex 37.7312 -75.6 7.24602
      vertex 38.0753 -75.4161 7.46384
    endloop
  endfacet
  facet normal -0.382438 0.0376407 0.923214
    outer loop
      vertex 38.0753 -75.4161 7.46384
      vertex 38.0572 -75.6 7.46384
      vertex 38.4194 -75.6 7.61388
    endloop
  endfacet
  facet normal -0.554731 0.0545983 0.830237
    outer loop
      vertex 38.0753 -75.4161 7.46384
      vertex 37.7312 -75.6 7.24602
      vertex 38.0572 -75.6 7.46384
    endloop
  endfacet
  facet normal -0.462484 -0.865099 -0.194195
    outer loop
      vertex 38.2676 -77.3682 5.11943
      vertex 37.8942 -77.2549 5.50397
      vertex 37.9367 -77.1913 5.11943
    endloop
  endfacet
  facet normal -0.435888 -0.81535 0.381059
    outer loop
      vertex 38.0201 -77.0666 6.64279
      vertex 37.9367 -77.1913 6.28057
      vertex 38.2676 -77.3682 6.28057
    endloop
  endfacet
  facet normal 0.241628 -0.796951 -0.553611
    outer loop
      vertex 39.3441 -77.3299 4.75721
      vertex 39.3083 -77.15 4.48261
      vertex 39.4918 -77.15 4.5627
    endloop
  endfacet
  facet normal 0.0376364 -0.382394 0.923232
    outer loop
      vertex 39.1133 -76.1694 7.61388
      vertex 39 -76.5428 7.46384
      vertex 39.1839 -76.5247 7.46384
    endloop
  endfacet
  facet normal -0.39239 -0.734494 0.553669
    outer loop
      vertex 38.1411 -76.8855 6.96879
      vertex 38.0201 -77.0666 6.64279
      vertex 38.4084 -77.0283 6.96879
    endloop
  endfacet
  facet normal 0.205775 -0.678316 0.705369
    outer loop
      vertex 39.4855 -76.7722 7.24602
      vertex 39.2475 -76.8444 7.24602
      vertex 39.5916 -77.0283 6.96879
    endloop
  endfacet
  facet normal -0.0816104 -0.828744 0.553645
    outer loop
      vertex 38.6984 -77.1163 6.96879
      vertex 38.6559 -77.3299 6.64279
      vertex 39 -77.146 6.96879
    endloop
  endfacet
  facet normal -0.864643 -0.463271 0.194353
    outer loop
      vertex 37.2281 -76.4432 6
      vertex 37.2318 -76.3324 6.28057
      vertex 37.1802 -76.3538 6
    endloop
  endfacet
  facet normal -0.865124 -0.462497 0.194054
    outer loop
      vertex 37.2318 -76.3324 6.28057
      vertex 37.2281 -76.4432 6
      vertex 37.4087 -76.6633 6.28057
    endloop
  endfacet
  facet normal -0.884738 -0.268379 0.381066
    outer loop
      vertex 37.3704 -76.275 6.64279
      vertex 37.1229 -75.9734 6.28057
      vertex 37.2318 -76.3324 6.28057
    endloop
  endfacet
  facet normal -0.111457 0.367808 0.923198
    outer loop
      vertex 38.8867 -75.0306 7.61388
      vertex 38.6392 -74.729 7.46384
      vertex 38.7778 -75.0636 7.61388
    endloop
  endfacet
  facet normal -0.449674 -0.547986 0.70534
    outer loop
      vertex 38.1028 -76.4972 7.24602
      vertex 37.9068 -76.6932 6.96879
      vertex 38.2951 -76.655 7.24602
    endloop
  endfacet
  facet normal 0.0961111 0.976269 0.194067
    outer loop
      vertex 39.3843 -73.6682 6
      vertex 39.1009 -73.6403 6
      vertex 39.3734 -73.7229 6.28057
    endloop
  endfacet
  facet normal 0.884738 -0.268379 0.381066
    outer loop
      vertex 40.8771 -75.9734 6.28057
      vertex 40.6296 -76.275 6.64279
      vertex 40.7682 -76.3324 6.28057
    endloop
  endfacet
  facet normal 0.290121 -0.95699 0
    outer loop
      vertex 39.3883 -77.5521 5.50397
      vertex 39.7617 -77.4389 5.89603
      vertex 39.3883 -77.5521 5.89603
    endloop
  endfacet
  facet normal 0.290121 -0.95699 0
    outer loop
      vertex 39.7617 -77.4389 5.89603
      vertex 39.3883 -77.5521 5.50397
      vertex 39.7617 -77.4389 5.50397
    endloop
  endfacet
  facet normal 0.976248 -0.096143 0.194157
    outer loop
      vertex 40.9697 -75.6 6
      vertex 40.9139 -75.6 6.28057
      vertex 40.9418 -75.8833 6
    endloop
  endfacet
  facet normal 0.884729 -0.268173 0.381231
    outer loop
      vertex 40.7299 -75.9441 6.64279
      vertex 40.6296 -76.275 6.64279
      vertex 40.8771 -75.9734 6.28057
    endloop
  endfacet
  facet normal -0.828727 -0.0816087 0.553671
    outer loop
      vertex 37.454 -75.6 6.96879
      vertex 37.2362 -75.6 6.64279
      vertex 37.4837 -75.9016 6.96879
    endloop
  endfacet
  facet normal -0.81535 -0.435888 0.381059
    outer loop
      vertex 37.5334 -76.5799 6.64279
      vertex 37.2318 -76.3324 6.28057
      vertex 37.4087 -76.6633 6.28057
    endloop
  endfacet
  facet normal -0.268385 0.884758 0.381016
    outer loop
      vertex 38.6266 -73.7229 6.28057
      vertex 38.2676 -73.8318 6.28057
      vertex 38.6559 -73.87 6.64279
    endloop
  endfacet
  facet normal -0.284756 0.938727 0.194179
    outer loop
      vertex 38.3433 -73.7508 6
      vertex 38.2676 -73.8318 6.28057
      vertex 38.6266 -73.7229 6.28057
    endloop
  endfacet
  facet normal -0.284263 0.938842 0.194345
    outer loop
      vertex 38.2676 -73.8318 6.28057
      vertex 38.3433 -73.7508 6
      vertex 38.2462 -73.7802 6
    endloop
  endfacet
  facet normal -0.462508 0.865048 0.194369
    outer loop
      vertex 38.2462 -73.7802 6
      vertex 37.9952 -73.9144 6
      vertex 38.2676 -73.8318 6.28057
    endloop
  endfacet
  facet normal -0.920028 0.0906723 0.381218
    outer loop
      vertex 37.1229 -75.2266 6.28057
      vertex 37.0861 -75.6 6.28057
      vertex 37.2701 -75.2559 6.64279
    endloop
  endfacet
  facet normal 0.284665 0.938775 0.194083
    outer loop
      vertex 39.3843 -73.6682 6
      vertex 39.3734 -73.7229 6.28057
      vertex 39.6567 -73.7508 6
    endloop
  endfacet
  facet normal 0.758465 0.622058 0.194357
    outer loop
      vertex 40.3533 -74.2467 6.28057
      vertex 40.4571 -74.2856 6
      vertex 40.3928 -74.2072 6
    endloop
  endfacet
  facet normal 0.758282 0.622314 0.194253
    outer loop
      vertex 40.4571 -74.2856 6
      vertex 40.3533 -74.2467 6.28057
      vertex 40.5913 -74.5367 6.28057
    endloop
  endfacet
  facet normal 0.81535 0.435887 0.38106
    outer loop
      vertex 40.7682 -74.8676 6.28057
      vertex 40.4666 -74.6201 6.64279
      vertex 40.6296 -74.925 6.64279
    endloop
  endfacet
  facet normal 0.338711 0.181344 0.923249
    outer loop
      vertex 39.7839 -75.0762 7.46384
      vertex 39.4827 -75.2775 7.61388
      vertex 39.5364 -75.3778 7.61388
    endloop
  endfacet
  facet normal 0.0546029 -0.554778 0.830205
    outer loop
      vertex 39.1839 -76.5247 7.46384
      vertex 39 -76.5428 7.46384
      vertex 39.2475 -76.8444 7.24602
    endloop
  endfacet
  facet normal -0.705437 -0.0694677 0.70536
    outer loop
      vertex 37.7312 -75.6 7.24602
      vertex 37.454 -75.6 6.96879
      vertex 37.4837 -75.9016 6.96879
    endloop
  endfacet
  facet normal -0.554731 -0.0545983 0.830237
    outer loop
      vertex 38.0572 -75.6 7.46384
      vertex 37.7312 -75.6 7.24602
      vertex 38.0753 -75.7839 7.46384
    endloop
  endfacet
  facet normal -0.268437 0.88472 0.381068
    outer loop
      vertex 38.6559 -73.87 6.64279
      vertex 38.2676 -73.8318 6.28057
      vertex 38.325 -73.9704 6.64279
    endloop
  endfacet
  facet normal 0.111617 0.367691 0.923225
    outer loop
      vertex 39.1839 -74.6753 7.46384
      vertex 39.1133 -75.0306 7.61388
      vertex 39.3608 -74.729 7.46384
    endloop
  endfacet
  facet normal -0.26836 -0.884676 -0.381225
    outer loop
      vertex 38.6266 -77.4771 5.11943
      vertex 38.2676 -77.3682 5.11943
      vertex 38.6559 -77.3299 4.75721
    endloop
  endfacet
  facet normal -0.284593 -0.938755 -0.19428
    outer loop
      vertex 38.6117 -77.5521 5.50397
      vertex 38.2383 -77.4389 5.50397
      vertex 38.2676 -77.3682 5.11943
    endloop
  endfacet
  facet normal -0.46256 -0.865038 -0.194287
    outer loop
      vertex 38.2383 -77.4389 5.50397
      vertex 37.8942 -77.2549 5.50397
      vertex 38.2676 -77.3682 5.11943
    endloop
  endfacet
  facet normal -0.547922 -0.449703 0.705372
    outer loop
      vertex 37.945 -76.3049 7.24602
      vertex 37.7145 -76.4589 6.96879
      vertex 37.9068 -76.6932 6.96879
    endloop
  endfacet
  facet normal -0.758352 -0.622255 0.194167
    outer loop
      vertex 37.4087 -76.6633 6.28057
      vertex 37.3623 -76.6943 6
      vertex 37.5429 -76.9144 6
    endloop
  endfacet
  facet normal -0.181083 -0.33888 0.923238
    outer loop
      vertex 38.6775 -76.0827 7.61388
      vertex 38.4762 -76.3839 7.46384
      vertex 38.6392 -76.471 7.46384
    endloop
  endfacet
  facet normal 0.172802 0.0925169 0.980602
    outer loop
      vertex 39.4827 -75.2775 7.61388
      vertex 39.163 -75.4911 7.69037
      vertex 39.5364 -75.3778 7.61388
    endloop
  endfacet
  facet normal -0.625228 -0.333987 0.705367
    outer loop
      vertex 37.8278 -76.0855 7.24602
      vertex 37.7145 -76.4589 6.96879
      vertex 37.945 -76.3049 7.24602
    endloop
  endfacet
  facet normal -0.547986 -0.449674 0.70534
    outer loop
      vertex 37.945 -76.3049 7.24602
      vertex 37.9068 -76.6932 6.96879
      vertex 38.1028 -76.4972 7.24602
    endloop
  endfacet
  facet normal 0.586514 -0.71466 0.381134
    outer loop
      vertex 40.2472 -76.8472 6.64279
      vertex 40.0633 -77.1913 6.28057
      vertex 40.3533 -76.9533 6.28057
    endloop
  endfacet
  facet normal 0.36773 0.111433 0.923232
    outer loop
      vertex 39.9247 -75.4161 7.46384
      vertex 39.5364 -75.3778 7.61388
      vertex 39.5694 -75.4867 7.61388
    endloop
  endfacet
  facet normal -0.26836 -0.884676 0.381225
    outer loop
      vertex 38.6559 -77.3299 6.64279
      vertex 38.2676 -77.3682 6.28057
      vertex 38.6266 -77.4771 6.28057
    endloop
  endfacet
  facet normal -0.0546029 -0.554778 0.830205
    outer loop
      vertex 38.8161 -76.5247 7.46384
      vertex 38.7525 -76.8444 7.24602
      vertex 39 -76.5428 7.46384
    endloop
  endfacet
  facet normal -0.462484 -0.865099 0.194195
    outer loop
      vertex 37.9367 -77.1913 6.28057
      vertex 37.8942 -77.2549 5.89603
      vertex 38.2676 -77.3682 6.28057
    endloop
  endfacet
  facet normal -0.0962127 -0.976246 0.194133
    outer loop
      vertex 38.6266 -77.4771 6.28057
      vertex 38.6117 -77.5521 5.89603
      vertex 39 -77.5139 6.28057
    endloop
  endfacet
  facet normal -0.533449 0.161828 0.830207
    outer loop
      vertex 37.8278 -75.1145 7.24602
      vertex 37.7556 -75.3525 7.24602
      vertex 38.0753 -75.4161 7.46384
    endloop
  endfacet
  facet normal -0.976248 -0.096143 0.194157
    outer loop
      vertex 37.0861 -75.6 6.28057
      vertex 37.0303 -75.6 6
      vertex 37.0582 -75.8833 6
    endloop
  endfacet
  facet normal -0.392549 -0.734284 0.553834
    outer loop
      vertex 38.4084 -77.0283 6.96879
      vertex 38.0201 -77.0666 6.64279
      vertex 38.325 -77.2296 6.64279
    endloop
  endfacet
  facet normal -0.334004 -0.625204 0.70538
    outer loop
      vertex 38.5145 -76.7722 7.24602
      vertex 38.1411 -76.8855 6.96879
      vertex 38.4084 -77.0283 6.96879
    endloop
  endfacet
  facet normal 0.828727 0.0816087 0.553671
    outer loop
      vertex 40.7638 -75.6 6.64279
      vertex 40.5163 -75.2984 6.96879
      vertex 40.546 -75.6 6.96879
    endloop
  endfacet
  facet normal 0.976248 0.096143 0.194157
    outer loop
      vertex 40.9418 -75.3167 6
      vertex 40.9139 -75.6 6.28057
      vertex 40.9697 -75.6 6
    endloop
  endfacet
  facet normal 0.46256 -0.865038 0.194287
    outer loop
      vertex 40.1058 -77.2549 5.89603
      vertex 39.7324 -77.3682 6.28057
      vertex 39.7617 -77.4389 5.89603
    endloop
  endfacet
  facet normal 0.241809 -0.796872 0.553646
    outer loop
      vertex 39.5916 -77.0283 6.96879
      vertex 39.3016 -77.1163 6.96879
      vertex 39.3441 -77.3299 6.64279
    endloop
  endfacet
  facet normal 0.585981 -0.715095 -0.381137
    outer loop
      vertex 40.1137 -77.15 5.11943
      vertex 40.0633 -77.1913 5.11943
      vertex 40.0854 -77.15 5.07592
    endloop
  endfacet
  facet normal 0.471546 -0.881842 0
    outer loop
      vertex 39.7617 -77.4389 5.50397
      vertex 40.1058 -77.2549 5.89603
      vertex 39.7617 -77.4389 5.89603
    endloop
  endfacet
  facet normal 0.471546 -0.881842 0
    outer loop
      vertex 40.1058 -77.2549 5.89603
      vertex 39.7617 -77.4389 5.50397
      vertex 40.1058 -77.2549 5.50397
    endloop
  endfacet
  facet normal -0.586575 0.714637 0.381082
    outer loop
      vertex 37.9367 -74.0087 6.28057
      vertex 37.7528 -74.3528 6.64279
      vertex 38.0201 -74.1334 6.64279
    endloop
  endfacet
  facet normal -0.0546029 0.554778 0.830205
    outer loop
      vertex 39 -74.6572 7.46384
      vertex 38.7525 -74.3556 7.24602
      vertex 38.8161 -74.6753 7.46384
    endloop
  endfacet
  facet normal -0.622081 0.758494 0.194171
    outer loop
      vertex 37.8273 -74.0266 6
      vertex 37.9367 -74.0087 6.28057
      vertex 37.9057 -73.9623 6
    endloop
  endfacet
  facet normal -0.622311 0.758278 0.194275
    outer loop
      vertex 37.9367 -74.0087 6.28057
      vertex 37.8273 -74.0266 6
      vertex 37.6467 -74.2467 6.28057
    endloop
  endfacet
  facet normal -0.938775 0.284665 0.194083
    outer loop
      vertex 37.1508 -74.9433 6
      vertex 37.0682 -75.2157 6
      vertex 37.1229 -75.2266 6.28057
    endloop
  endfacet
  facet normal -0.86516 0.462383 0.194166
    outer loop
      vertex 37.3623 -74.5057 6
      vertex 37.2281 -74.7568 6
      vertex 37.4087 -74.5367 6.28057
    endloop
  endfacet
  facet normal -0.938842 0.284263 0.194345
    outer loop
      vertex 37.1508 -74.9433 6
      vertex 37.2318 -74.8676 6.28057
      vertex 37.1802 -74.8462 6
    endloop
  endfacet
  facet normal -0.938727 0.284756 0.194179
    outer loop
      vertex 37.2318 -74.8676 6.28057
      vertex 37.1508 -74.9433 6
      vertex 37.1229 -75.2266 6.28057
    endloop
  endfacet
  facet normal 0.81535 0.435888 0.381059
    outer loop
      vertex 40.5913 -74.5367 6.28057
      vertex 40.4666 -74.6201 6.64279
      vertex 40.7682 -74.8676 6.28057
    endloop
  endfacet
  facet normal 0.92002 0.0906384 0.381246
    outer loop
      vertex 40.9139 -75.6 6.28057
      vertex 40.7299 -75.2559 6.64279
      vertex 40.7638 -75.6 6.64279
    endloop
  endfacet
  facet normal 0.430928 0.353616 0.830215
    outer loop
      vertex 39.8972 -74.7028 7.24602
      vertex 39.6667 -74.9333 7.46384
      vertex 40.055 -74.8951 7.24602
    endloop
  endfacet
  facet normal 0.353616 0.430928 0.830215
    outer loop
      vertex 39.7049 -74.545 7.24602
      vertex 39.6667 -74.9333 7.46384
      vertex 39.8972 -74.7028 7.24602
    endloop
  endfacet
  facet normal 0.533449 0.161828 0.830207
    outer loop
      vertex 40.1722 -75.1145 7.24602
      vertex 39.9247 -75.4161 7.46384
      vertex 40.2444 -75.3525 7.24602
    endloop
  endfacet
  facet normal 0.734375 -0.392598 0.55368
    outer loop
      vertex 40.6296 -76.275 6.64279
      vertex 40.2855 -76.4589 6.96879
      vertex 40.4666 -76.5799 6.64279
    endloop
  endfacet
  facet normal 0.268385 0.884758 0.381016
    outer loop
      vertex 39.3734 -73.7229 6.28057
      vertex 39.3441 -73.87 6.64279
      vertex 39.7324 -73.8318 6.28057
    endloop
  endfacet
  facet normal 0.0816087 0.828727 0.553671
    outer loop
      vertex 39 -73.8362 6.64279
      vertex 39 -74.054 6.96879
      vertex 39.3016 -74.0837 6.96879
    endloop
  endfacet
  facet normal 0.241777 0.796764 0.553816
    outer loop
      vertex 39.3441 -73.87 6.64279
      vertex 39.3016 -74.0837 6.96879
      vertex 39.5916 -74.1717 6.96879
    endloop
  endfacet
  facet normal 0.187471 0.0570563 0.980612
    outer loop
      vertex 39.5364 -75.3778 7.61388
      vertex 39.1811 -75.525 7.69037
      vertex 39.1923 -75.5618 7.69037
    endloop
  endfacet
  facet normal 0.36773 -0.111433 0.923232
    outer loop
      vertex 39.5694 -75.7133 7.61388
      vertex 39.5364 -75.8222 7.61388
      vertex 39.9247 -75.7839 7.46384
    endloop
  endfacet
  facet normal -0.828727 0.0816087 0.553671
    outer loop
      vertex 37.4837 -75.2984 6.96879
      vertex 37.2362 -75.6 6.64279
      vertex 37.454 -75.6 6.96879
    endloop
  endfacet
  facet normal -0.70539 -0.0695415 0.705399
    outer loop
      vertex 37.7312 -75.6 7.24602
      vertex 37.4837 -75.9016 6.96879
      vertex 37.7556 -75.8475 7.24602
    endloop
  endfacet
  facet normal -0.338954 0.181122 0.923204
    outer loop
      vertex 38.2161 -75.0762 7.46384
      vertex 38.129 -75.2392 7.46384
      vertex 38.4636 -75.3778 7.61388
    endloop
  endfacet
  facet normal -0.151543 -0.124334 0.9806
    outer loop
      vertex 38.837 -75.7089 7.69037
      vertex 38.5173 -75.9225 7.61388
      vertex 38.5895 -76.0105 7.61388
    endloop
  endfacet
  facet normal -0.449674 0.547986 0.70534
    outer loop
      vertex 38.2951 -74.545 7.24602
      vertex 37.9068 -74.5068 6.96879
      vertex 38.1028 -74.7028 7.24602
    endloop
  endfacet
  facet normal -0.382438 -0.0376407 0.923214
    outer loop
      vertex 38.4194 -75.6 7.61388
      vertex 38.0572 -75.6 7.46384
      vertex 38.0753 -75.7839 7.46384
    endloop
  endfacet
  facet normal -0.382365 -0.0377977 0.923238
    outer loop
      vertex 38.4194 -75.6 7.61388
      vertex 38.0753 -75.7839 7.46384
      vertex 38.4306 -75.7133 7.61388
    endloop
  endfacet
  facet normal 0.0816472 -0.828755 -0.553623
    outer loop
      vertex 39 -77.3638 4.75721
      vertex 39.0074 -77.15 4.43825
      vertex 39.3441 -77.3299 4.75721
    endloop
  endfacet
  facet normal 0.0815481 -0.828761 -0.553629
    outer loop
      vertex 39.0074 -77.15 4.43825
      vertex 39 -77.3638 4.75721
      vertex 39 -77.15 4.43716
    endloop
  endfacet
  facet normal 0.58634 -0.714964 -0.38083
    outer loop
      vertex 40.0633 -77.1913 5.11943
      vertex 40.0357 -77.15 4.9994
      vertex 40.0854 -77.15 5.07592
    endloop
  endfacet
  facet normal 0.435835 -0.815377 -0.381062
    outer loop
      vertex 39.675 -77.2296 4.75721
      vertex 39.9115 -77.15 4.85738
      vertex 39.7324 -77.3682 5.11943
    endloop
  endfacet
  facet normal 0.435858 -0.815317 -0.381164
    outer loop
      vertex 39.9115 -77.15 4.85738
      vertex 39.675 -77.2296 4.75721
      vertex 39.8239 -77.15 4.75721
    endloop
  endfacet
  facet normal 0.241531 -0.796835 -0.553821
    outer loop
      vertex 39.3441 -77.3299 4.75721
      vertex 39.642 -77.15 4.62829
      vertex 39.675 -77.2296 4.75721
    endloop
  endfacet
  facet normal 0.241726 -0.796964 -0.553549
    outer loop
      vertex 39.642 -77.15 4.62829
      vertex 39.3441 -77.3299 4.75721
      vertex 39.4918 -77.15 4.5627
    endloop
  endfacet
  facet normal -0.634159 -0.773203 0
    outer loop
      vertex 37.7663 -77.15 5.50397
      vertex 37.8942 -77.2549 5.89603
      vertex 37.7663 -77.15 5.89603
    endloop
  endfacet
  facet normal -0.634159 -0.773203 -0
    outer loop
      vertex 37.8942 -77.2549 5.89603
      vertex 37.7663 -77.15 5.50397
      vertex 37.8942 -77.2549 5.50397
    endloop
  endfacet
  facet normal -0.205775 -0.678316 0.705369
    outer loop
      vertex 38.5145 -76.7722 7.24602
      vertex 38.4084 -77.0283 6.96879
      vertex 38.7525 -76.8444 7.24602
    endloop
  endfacet
  facet normal -0.151443 -0.124418 0.980605
    outer loop
      vertex 38.837 -75.7089 7.69037
      vertex 38.5895 -76.0105 7.61388
      vertex 38.8614 -75.7386 7.69037
    endloop
  endfacet
  facet normal -0.24153 -0.796833 0.553823
    outer loop
      vertex 38.4084 -77.0283 6.96879
      vertex 38.325 -77.2296 6.64279
      vertex 38.6559 -77.3299 6.64279
    endloop
  endfacet
  facet normal -0.625204 -0.334004 0.70538
    outer loop
      vertex 37.8278 -76.0855 7.24602
      vertex 37.5717 -76.1916 6.96879
      vertex 37.7145 -76.4589 6.96879
    endloop
  endfacet
  facet normal -0.449703 -0.547922 0.705372
    outer loop
      vertex 38.2951 -76.655 7.24602
      vertex 37.9068 -76.6932 6.96879
      vertex 38.1411 -76.8855 6.96879
    endloop
  endfacet
  facet normal -0.161816 -0.53341 0.830234
    outer loop
      vertex 38.6392 -76.471 7.46384
      vertex 38.5145 -76.7722 7.24602
      vertex 38.7525 -76.8444 7.24602
    endloop
  endfacet
  facet normal -0.338711 -0.181344 0.923249
    outer loop
      vertex 38.4636 -75.8222 7.61388
      vertex 38.2161 -76.1238 7.46384
      vertex 38.5173 -75.9225 7.61388
    endloop
  endfacet
  facet normal -0.491635 -0.262708 0.830228
    outer loop
      vertex 38.129 -75.9608 7.46384
      vertex 37.8278 -76.0855 7.24602
      vertex 38.2161 -76.1238 7.46384
    endloop
  endfacet
  facet normal 0.81535 -0.435888 0.381059
    outer loop
      vertex 40.7682 -76.3324 6.28057
      vertex 40.4666 -76.5799 6.64279
      vertex 40.5913 -76.6633 6.28057
    endloop
  endfacet
  facet normal 0.920028 -0.0906723 0.381218
    outer loop
      vertex 40.9139 -75.6 6.28057
      vertex 40.7299 -75.9441 6.64279
      vertex 40.8771 -75.9734 6.28057
    endloop
  endfacet
  facet normal 0.338954 -0.181122 0.923204
    outer loop
      vertex 39.871 -75.9608 7.46384
      vertex 39.5364 -75.8222 7.61388
      vertex 39.7839 -76.1238 7.46384
    endloop
  endfacet
  facet normal 0.49164 -0.262626 0.830251
    outer loop
      vertex 40.1722 -76.0855 7.24602
      vertex 39.7839 -76.1238 7.46384
      vertex 40.055 -76.3049 7.24602
    endloop
  endfacet
  facet normal 0.643692 -0.528305 0.553673
    outer loop
      vertex 40.2855 -76.4589 6.96879
      vertex 40.0932 -76.6932 6.96879
      vertex 40.4666 -76.5799 6.64279
    endloop
  endfacet
  facet normal 0.796938 -0.241562 0.553658
    outer loop
      vertex 40.7299 -75.9441 6.64279
      vertex 40.5163 -75.9016 6.96879
      vertex 40.6296 -76.275 6.64279
    endloop
  endfacet
  facet normal 0.284759 -0.938738 0.194123
    outer loop
      vertex 39.7324 -77.3682 6.28057
      vertex 39.3734 -77.4771 6.28057
      vertex 39.3883 -77.5521 5.89603
    endloop
  endfacet
  facet normal 0.0816442 -0.828725 0.553669
    outer loop
      vertex 39 -77.146 6.96879
      vertex 39 -77.3638 6.64279
      vertex 39.3441 -77.3299 6.64279
    endloop
  endfacet
  facet normal -0.241809 -0.796872 0.553646
    outer loop
      vertex 38.6984 -77.1163 6.96879
      vertex 38.4084 -77.0283 6.96879
      vertex 38.6559 -77.3299 6.64279
    endloop
  endfacet
  facet normal 0.0695457 -0.705433 0.705357
    outer loop
      vertex 39 -76.8688 7.24602
      vertex 39 -77.146 6.96879
      vertex 39.2475 -76.8444 7.24602
    endloop
  endfacet
  facet normal -0.471546 -0.881842 0
    outer loop
      vertex 37.8942 -77.2549 5.50397
      vertex 38.2383 -77.4389 5.89603
      vertex 37.8942 -77.2549 5.89603
    endloop
  endfacet
  facet normal -0.471546 -0.881842 -0
    outer loop
      vertex 38.2383 -77.4389 5.89603
      vertex 37.8942 -77.2549 5.50397
      vertex 38.2383 -77.4389 5.50397
    endloop
  endfacet
  facet normal -0.622321 -0.758291 0.194195
    outer loop
      vertex 37.9367 -77.1913 6.28057
      vertex 37.6467 -76.9533 6.28057
      vertex 37.8942 -77.2549 5.89603
    endloop
  endfacet
  facet normal -0.0981587 -0.995171 0
    outer loop
      vertex 38.6117 -77.5521 5.50397
      vertex 39 -77.5904 5.89603
      vertex 38.6117 -77.5521 5.89603
    endloop
  endfacet
  facet normal -0.0981587 -0.995171 -0
    outer loop
      vertex 39 -77.5904 5.89603
      vertex 38.6117 -77.5521 5.50397
      vertex 39 -77.5904 5.50397
    endloop
  endfacet
  facet normal -0.0906384 -0.92002 -0.381246
    outer loop
      vertex 39 -77.5139 5.11943
      vertex 38.6559 -77.3299 4.75721
      vertex 39 -77.3638 4.75721
    endloop
  endfacet
  facet normal -0.734375 0.392598 0.55368
    outer loop
      vertex 37.5334 -74.6201 6.64279
      vertex 37.3704 -74.925 6.64279
      vertex 37.7145 -74.7411 6.96879
    endloop
  endfacet
  facet normal -0.976228 -0.096211 0.194224
    outer loop
      vertex 37.0582 -75.8833 6
      vertex 37.1229 -75.9734 6.28057
      vertex 37.0861 -75.6 6.28057
    endloop
  endfacet
  facet normal -0.976213 -0.0966547 0.194078
    outer loop
      vertex 37.1229 -75.9734 6.28057
      vertex 37.0582 -75.8833 6
      vertex 37.0682 -75.9843 6
    endloop
  endfacet
  facet normal -0.938727 -0.284756 0.194179
    outer loop
      vertex 37.1508 -76.2567 6
      vertex 37.2318 -76.3324 6.28057
      vertex 37.1229 -75.9734 6.28057
    endloop
  endfacet
  facet normal -0.938842 -0.284263 0.194345
    outer loop
      vertex 37.2318 -76.3324 6.28057
      vertex 37.1508 -76.2567 6
      vertex 37.1802 -76.3538 6
    endloop
  endfacet
  facet normal -0.938775 -0.284665 0.194083
    outer loop
      vertex 37.1229 -75.9734 6.28057
      vertex 37.0682 -75.9843 6
      vertex 37.1508 -76.2567 6
    endloop
  endfacet
  facet normal -0.622196 -0.758351 0.19436
    outer loop
      vertex 37.7988 -77.15 6
      vertex 37.6467 -76.9533 6.28057
      vertex 37.6072 -76.9928 6
    endloop
  endfacet
  facet normal -0.621951 -0.758493 0.194592
    outer loop
      vertex 37.7988 -77.15 6
      vertex 37.8942 -77.2549 5.89603
      vertex 37.6467 -76.9533 6.28057
    endloop
  endfacet
  facet normal -0.622055 -0.758444 0.194448
    outer loop
      vertex 37.8942 -77.2549 5.89603
      vertex 37.7988 -77.15 6
      vertex 37.7663 -77.15 5.89603
    endloop
  endfacet
  facet normal -0.714637 -0.586575 0.381082
    outer loop
      vertex 37.5334 -76.5799 6.64279
      vertex 37.4087 -76.6633 6.28057
      vertex 37.7528 -76.8472 6.64279
    endloop
  endfacet
  facet normal 0.528328 0.643674 0.553672
    outer loop
      vertex 39.9799 -74.1334 6.64279
      vertex 39.8589 -74.3145 6.96879
      vertex 40.2472 -74.3528 6.64279
    endloop
  endfacet
  facet normal 0.938775 0.284665 0.194083
    outer loop
      vertex 40.9318 -75.2157 6
      vertex 40.8492 -74.9433 6
      vertex 40.8771 -75.2266 6.28057
    endloop
  endfacet
  facet normal 0.938775 -0.284665 0.194083
    outer loop
      vertex 40.8771 -75.9734 6.28057
      vertex 40.8492 -76.2567 6
      vertex 40.9318 -75.9843 6
    endloop
  endfacet
  facet normal 0.622067 -0.758459 -0.194352
    outer loop
      vertex 40.2337 -77.15 5.50397
      vertex 40.1058 -77.2549 5.50397
      vertex 40.1919 -77.15 5.37018
    endloop
  endfacet
  facet normal 0.758352 -0.622255 0.194167
    outer loop
      vertex 40.5913 -76.6633 6.28057
      vertex 40.4571 -76.9144 6
      vertex 40.6377 -76.6943 6
    endloop
  endfacet
  facet normal 0.26836 -0.884676 0.381225
    outer loop
      vertex 39.7324 -77.3682 6.28057
      vertex 39.3441 -77.3299 6.64279
      vertex 39.3734 -77.4771 6.28057
    endloop
  endfacet
  facet normal -0.284759 -0.938738 -0.194123
    outer loop
      vertex 38.6117 -77.5521 5.50397
      vertex 38.2676 -77.3682 5.11943
      vertex 38.6266 -77.4771 5.11943
    endloop
  endfacet
  facet normal 0.392549 -0.734284 0.553834
    outer loop
      vertex 39.9799 -77.0666 6.64279
      vertex 39.5916 -77.0283 6.96879
      vertex 39.675 -77.2296 6.64279
    endloop
  endfacet
  facet normal 0.462484 -0.865099 0.194195
    outer loop
      vertex 40.0633 -77.1913 6.28057
      vertex 39.7324 -77.3682 6.28057
      vertex 40.1058 -77.2549 5.89603
    endloop
  endfacet
  facet normal 0.92002 -0.0906384 0.381246
    outer loop
      vertex 40.7638 -75.6 6.64279
      vertex 40.7299 -75.9441 6.64279
      vertex 40.9139 -75.6 6.28057
    endloop
  endfacet
  facet normal 0.796752 -0.241773 0.553834
    outer loop
      vertex 40.5163 -75.9016 6.96879
      vertex 40.4283 -76.1916 6.96879
      vertex 40.6296 -76.275 6.64279
    endloop
  endfacet
  facet normal -0.449703 0.547922 0.705372
    outer loop
      vertex 38.1411 -74.3145 6.96879
      vertex 37.9068 -74.5068 6.96879
      vertex 38.2951 -74.545 7.24602
    endloop
  endfacet
  facet normal -0.161816 0.53341 0.830234
    outer loop
      vertex 38.7525 -74.3556 7.24602
      vertex 38.5145 -74.4278 7.24602
      vertex 38.6392 -74.729 7.46384
    endloop
  endfacet
  facet normal -0.71466 0.586514 0.381134
    outer loop
      vertex 37.6467 -74.2467 6.28057
      vertex 37.4087 -74.5367 6.28057
      vertex 37.7528 -74.3528 6.64279
    endloop
  endfacet
  facet normal -0.435887 0.81535 0.38106
    outer loop
      vertex 38.2676 -73.8318 6.28057
      vertex 38.0201 -74.1334 6.64279
      vertex 38.325 -73.9704 6.64279
    endloop
  endfacet
  facet normal -0.0903732 0.920042 0.381255
    outer loop
      vertex 39 -73.6861 6.28057
      vertex 38.6559 -73.87 6.64279
      vertex 39 -73.8362 6.64279
    endloop
  endfacet
  facet normal -0.796752 0.241773 0.553834
    outer loop
      vertex 37.5717 -75.0084 6.96879
      vertex 37.3704 -74.925 6.64279
      vertex 37.4837 -75.2984 6.96879
    endloop
  endfacet
  facet normal -0.533374 0.161912 0.830239
    outer loop
      vertex 38.129 -75.2392 7.46384
      vertex 37.8278 -75.1145 7.24602
      vertex 38.0753 -75.4161 7.46384
    endloop
  endfacet
  facet normal -0.625228 0.333987 0.705367
    outer loop
      vertex 37.945 -74.8951 7.24602
      vertex 37.7145 -74.7411 6.96879
      vertex 37.8278 -75.1145 7.24602
    endloop
  endfacet
  facet normal -0.758465 0.622058 0.194357
    outer loop
      vertex 37.5429 -74.2856 6
      vertex 37.6467 -74.2467 6.28057
      vertex 37.6072 -74.2072 6
    endloop
  endfacet
  facet normal -0.758282 0.622314 0.194253
    outer loop
      vertex 37.6467 -74.2467 6.28057
      vertex 37.5429 -74.2856 6
      vertex 37.4087 -74.5367 6.28057
    endloop
  endfacet
  facet normal 0.297058 0.243633 0.923255
    outer loop
      vertex 39.6667 -74.9333 7.46384
      vertex 39.4105 -75.1895 7.61388
      vertex 39.7839 -75.0762 7.46384
    endloop
  endfacet
  facet normal 0.430968 0.353461 0.83026
    outer loop
      vertex 40.055 -74.8951 7.24602
      vertex 39.6667 -74.9333 7.46384
      vertex 39.7839 -75.0762 7.46384
    endloop
  endfacet
  facet normal 0.284263 0.938842 0.194345
    outer loop
      vertex 39.6567 -73.7508 6
      vertex 39.7324 -73.8318 6.28057
      vertex 39.7538 -73.7802 6
    endloop
  endfacet
  facet normal 0.284756 0.938727 0.194179
    outer loop
      vertex 39.7324 -73.8318 6.28057
      vertex 39.6567 -73.7508 6
      vertex 39.3734 -73.7229 6.28057
    endloop
  endfacet
  facet normal 0.26264 0.491666 0.830232
    outer loop
      vertex 39.4855 -74.4278 7.24602
      vertex 39.3608 -74.729 7.46384
      vertex 39.7049 -74.545 7.24602
    endloop
  endfacet
  facet normal 0.0813964 0.828654 0.553812
    outer loop
      vertex 39.3441 -73.87 6.64279
      vertex 39 -73.8362 6.64279
      vertex 39.3016 -74.0837 6.96879
    endloop
  endfacet
  facet normal -0.0813964 0.828654 0.553812
    outer loop
      vertex 39 -73.8362 6.64279
      vertex 38.6559 -73.87 6.64279
      vertex 38.6984 -74.0837 6.96879
    endloop
  endfacet
  facet normal 0.205828 0.678297 0.705371
    outer loop
      vertex 39.5916 -74.1717 6.96879
      vertex 39.3016 -74.0837 6.96879
      vertex 39.4855 -74.4278 7.24602
    endloop
  endfacet
  facet normal 0.161816 0.53341 0.830234
    outer loop
      vertex 39.4855 -74.4278 7.24602
      vertex 39.2475 -74.3556 7.24602
      vertex 39.3608 -74.729 7.46384
    endloop
  endfacet
  facet normal 0.449674 0.547986 0.70534
    outer loop
      vertex 40.0932 -74.5068 6.96879
      vertex 39.7049 -74.545 7.24602
      vertex 39.8972 -74.7028 7.24602
    endloop
  endfacet
  facet normal 0.714637 0.586575 0.381082
    outer loop
      vertex 40.5913 -74.5367 6.28057
      vertex 40.2472 -74.3528 6.64279
      vertex 40.4666 -74.6201 6.64279
    endloop
  endfacet
  facet normal 0.187583 0.0568432 0.980603
    outer loop
      vertex 39.5364 -75.3778 7.61388
      vertex 39.1923 -75.5618 7.69037
      vertex 39.5694 -75.4867 7.61388
    endloop
  endfacet
  facet normal 0.382365 0.0377977 0.923238
    outer loop
      vertex 39.9247 -75.4161 7.46384
      vertex 39.5694 -75.4867 7.61388
      vertex 39.5806 -75.6 7.61388
    endloop
  endfacet
  facet normal -0.920028 -0.0906723 0.381218
    outer loop
      vertex 37.2701 -75.9441 6.64279
      vertex 37.0861 -75.6 6.28057
      vertex 37.1229 -75.9734 6.28057
    endloop
  endfacet
  facet normal -0.92002 0.0906384 0.381246
    outer loop
      vertex 37.2701 -75.2559 6.64279
      vertex 37.0861 -75.6 6.28057
      vertex 37.2362 -75.6 6.64279
    endloop
  endfacet
  facet normal 0.0192788 0.195025 0.980609
    outer loop
      vertex 39 -75.0194 7.61388
      vertex 39 -75.404 7.69037
      vertex 39.1133 -75.0306 7.61388
    endloop
  endfacet
  facet normal -0.0189007 -0.195137 0.980594
    outer loop
      vertex 38.9618 -75.7923 7.69037
      vertex 38.8867 -76.1694 7.61388
      vertex 39 -75.796 7.69037
    endloop
  endfacet
  facet normal -0.181083 0.33888 0.923238
    outer loop
      vertex 38.6392 -74.729 7.46384
      vertex 38.4762 -74.8161 7.46384
      vertex 38.6775 -75.1173 7.61388
    endloop
  endfacet
  facet normal 0.26836 -0.884676 -0.381225
    outer loop
      vertex 39.3734 -77.4771 5.11943
      vertex 39.3441 -77.3299 4.75721
      vertex 39.7324 -77.3682 5.11943
    endloop
  endfacet
  facet normal 0.462484 -0.865099 -0.194195
    outer loop
      vertex 40.1058 -77.2549 5.50397
      vertex 39.7324 -77.3682 5.11943
      vertex 40.0633 -77.1913 5.11943
    endloop
  endfacet
  facet normal -0.435935 -0.815438 -0.380817
    outer loop
      vertex 37.9643 -77.15 4.9994
      vertex 38.2676 -77.3682 5.11943
      vertex 37.9367 -77.1913 5.11943
    endloop
  endfacet
  facet normal -0.435784 -0.815385 -0.381104
    outer loop
      vertex 38.2676 -77.3682 5.11943
      vertex 37.9643 -77.15 4.9994
      vertex 38.0885 -77.15 4.85738
    endloop
  endfacet
  facet normal 0.284759 -0.938738 -0.194123
    outer loop
      vertex 39.3883 -77.5521 5.50397
      vertex 39.3734 -77.4771 5.11943
      vertex 39.7324 -77.3682 5.11943
    endloop
  endfacet
  facet normal 0.0962127 -0.976246 -0.194133
    outer loop
      vertex 39.3883 -77.5521 5.50397
      vertex 39 -77.5139 5.11943
      vertex 39.3734 -77.4771 5.11943
    endloop
  endfacet
  facet normal -0.241531 -0.796835 -0.553821
    outer loop
      vertex 38.358 -77.15 4.62829
      vertex 38.6559 -77.3299 4.75721
      vertex 38.325 -77.2296 4.75721
    endloop
  endfacet
  facet normal -0.241726 -0.796964 -0.553549
    outer loop
      vertex 38.6559 -77.3299 4.75721
      vertex 38.358 -77.15 4.62829
      vertex 38.5082 -77.15 4.5627
    endloop
  endfacet
  facet normal -0.392536 -0.734279 -0.55385
    outer loop
      vertex 38.325 -77.2296 4.75721
      vertex 38.1761 -77.15 4.75721
      vertex 38.358 -77.15 4.62829
    endloop
  endfacet
  facet normal 0.0906723 -0.920028 -0.381218
    outer loop
      vertex 39.3734 -77.4771 5.11943
      vertex 39 -77.5139 5.11943
      vertex 39.3441 -77.3299 4.75721
    endloop
  endfacet
  facet normal -0.622067 -0.758459 -0.194352
    outer loop
      vertex 37.8942 -77.2549 5.50397
      vertex 37.7663 -77.15 5.50397
      vertex 37.8081 -77.15 5.37018
    endloop
  endfacet
  facet normal -0.0923292 -0.172926 0.980598
    outer loop
      vertex 38.8911 -75.763 7.69037
      vertex 38.6775 -76.0827 7.61388
      vertex 38.925 -75.7811 7.69037
    endloop
  endfacet
  facet normal -0.367739 -0.111631 0.923204
    outer loop
      vertex 38.4636 -75.8222 7.61388
      vertex 38.0753 -75.7839 7.46384
      vertex 38.129 -75.9608 7.46384
    endloop
  endfacet
  facet normal 0.111617 -0.367691 0.923225
    outer loop
      vertex 39.3608 -76.471 7.46384
      vertex 39.1133 -76.1694 7.61388
      vertex 39.1839 -76.5247 7.46384
    endloop
  endfacet
  facet normal -0.734391 -0.392334 0.553845
    outer loop
      vertex 37.5717 -76.1916 6.96879
      vertex 37.3704 -76.275 6.64279
      vertex 37.7145 -76.4589 6.96879
    endloop
  endfacet
  facet normal -0.678297 -0.205828 0.705371
    outer loop
      vertex 37.8278 -76.0855 7.24602
      vertex 37.4837 -75.9016 6.96879
      vertex 37.5717 -76.1916 6.96879
    endloop
  endfacet
  facet normal -0.734375 -0.392598 0.55368
    outer loop
      vertex 37.7145 -76.4589 6.96879
      vertex 37.3704 -76.275 6.64279
      vertex 37.5334 -76.5799 6.64279
    endloop
  endfacet
  facet normal -0.81535 -0.435887 0.38106
    outer loop
      vertex 37.3704 -76.275 6.64279
      vertex 37.2318 -76.3324 6.28057
      vertex 37.5334 -76.5799 6.64279
    endloop
  endfacet
  facet normal -0.49164 -0.262626 0.830251
    outer loop
      vertex 38.2161 -76.1238 7.46384
      vertex 37.8278 -76.0855 7.24602
      vertex 37.945 -76.3049 7.24602
    endloop
  endfacet
  facet normal -0.71466 -0.586514 0.381134
    outer loop
      vertex 37.7528 -76.8472 6.64279
      vertex 37.4087 -76.6633 6.28057
      vertex 37.6467 -76.9533 6.28057
    endloop
  endfacet
  facet normal 0.705437 -0.0694677 0.70536
    outer loop
      vertex 40.546 -75.6 6.96879
      vertex 40.2688 -75.6 7.24602
      vertex 40.5163 -75.9016 6.96879
    endloop
  endfacet
  facet normal 0.547986 -0.449674 0.70534
    outer loop
      vertex 40.055 -76.3049 7.24602
      vertex 39.8972 -76.4972 7.24602
      vertex 40.0932 -76.6932 6.96879
    endloop
  endfacet
  facet normal 0.0694643 -0.705402 0.705396
    outer loop
      vertex 39.2475 -76.8444 7.24602
      vertex 39 -77.146 6.96879
      vertex 39.3016 -77.1163 6.96879
    endloop
  endfacet
  facet normal 0.554763 -0.0546918 0.830209
    outer loop
      vertex 40.2688 -75.6 7.24602
      vertex 39.9247 -75.7839 7.46384
      vertex 40.2444 -75.8475 7.24602
    endloop
  endfacet
  facet normal 0.161816 -0.53341 0.830234
    outer loop
      vertex 39.3608 -76.471 7.46384
      vertex 39.2475 -76.8444 7.24602
      vertex 39.4855 -76.7722 7.24602
    endloop
  endfacet
  facet normal 0.938727 -0.284756 0.194179
    outer loop
      vertex 40.7682 -76.3324 6.28057
      vertex 40.8492 -76.2567 6
      vertex 40.8771 -75.9734 6.28057
    endloop
  endfacet
  facet normal 0.938842 -0.284263 0.194345
    outer loop
      vertex 40.8492 -76.2567 6
      vertex 40.7682 -76.3324 6.28057
      vertex 40.8198 -76.3538 6
    endloop
  endfacet
  facet normal 0.625228 -0.333987 0.705367
    outer loop
      vertex 40.1722 -76.0855 7.24602
      vertex 40.055 -76.3049 7.24602
      vertex 40.2855 -76.4589 6.96879
    endloop
  endfacet
  facet normal 0.547922 -0.449703 0.705372
    outer loop
      vertex 40.2855 -76.4589 6.96879
      vertex 40.055 -76.3049 7.24602
      vertex 40.0932 -76.6932 6.96879
    endloop
  endfacet
  facet normal 0.0906384 -0.92002 0.381246
    outer loop
      vertex 39 -77.3638 6.64279
      vertex 39 -77.5139 6.28057
      vertex 39.3441 -77.3299 6.64279
    endloop
  endfacet
  facet normal -0.0816442 -0.828725 0.553669
    outer loop
      vertex 39 -77.146 6.96879
      vertex 38.6559 -77.3299 6.64279
      vertex 39 -77.3638 6.64279
    endloop
  endfacet
  facet normal -0.284593 -0.938755 0.19428
    outer loop
      vertex 38.2676 -77.3682 6.28057
      vertex 38.2383 -77.4389 5.89603
      vertex 38.6117 -77.5521 5.89603
    endloop
  endfacet
  facet normal -0.0962127 -0.976246 -0.194133
    outer loop
      vertex 39 -77.5139 5.11943
      vertex 38.6117 -77.5521 5.50397
      vertex 38.6266 -77.4771 5.11943
    endloop
  endfacet
  facet normal 0.0962898 -0.976223 0.194209
    outer loop
      vertex 39 -77.5139 6.28057
      vertex 39 -77.5904 5.89603
      vertex 39.3883 -77.5521 5.89603
    endloop
  endfacet
  facet normal -0.884729 -0.268173 0.381231
    outer loop
      vertex 37.2701 -75.9441 6.64279
      vertex 37.1229 -75.9734 6.28057
      vertex 37.3704 -76.275 6.64279
    endloop
  endfacet
  facet normal -0.796938 -0.241562 0.553658
    outer loop
      vertex 37.4837 -75.9016 6.96879
      vertex 37.2701 -75.9441 6.64279
      vertex 37.3704 -76.275 6.64279
    endloop
  endfacet
  facet normal -0.46256 -0.865038 0.194287
    outer loop
      vertex 38.2676 -77.3682 6.28057
      vertex 37.8942 -77.2549 5.89603
      vertex 38.2383 -77.4389 5.89603
    endloop
  endfacet
  facet normal -0.284759 -0.938738 0.194123
    outer loop
      vertex 38.6266 -77.4771 6.28057
      vertex 38.2676 -77.3682 6.28057
      vertex 38.6117 -77.5521 5.89603
    endloop
  endfacet
  facet normal 0.678286 0.205766 0.7054
    outer loop
      vertex 40.5163 -75.2984 6.96879
      vertex 40.1722 -75.1145 7.24602
      vertex 40.2444 -75.3525 7.24602
    endloop
  endfacet
  facet normal 0.976213 0.0966547 0.194078
    outer loop
      vertex 40.8771 -75.2266 6.28057
      vertex 40.9418 -75.3167 6
      vertex 40.9318 -75.2157 6
    endloop
  endfacet
  facet normal 0.976228 0.096211 0.194224
    outer loop
      vertex 40.9418 -75.3167 6
      vertex 40.8771 -75.2266 6.28057
      vertex 40.9139 -75.6 6.28057
    endloop
  endfacet
  facet normal 0.865124 0.462497 0.194054
    outer loop
      vertex 40.7682 -74.8676 6.28057
      vertex 40.7719 -74.7568 6
      vertex 40.5913 -74.5367 6.28057
    endloop
  endfacet
  facet normal 0.864643 0.463271 0.194353
    outer loop
      vertex 40.7719 -74.7568 6
      vertex 40.7682 -74.8676 6.28057
      vertex 40.8198 -74.8462 6
    endloop
  endfacet
  facet normal 0.884738 0.268379 0.381066
    outer loop
      vertex 40.7682 -74.8676 6.28057
      vertex 40.6296 -74.925 6.64279
      vertex 40.8771 -75.2266 6.28057
    endloop
  endfacet
  facet normal 0.284593 -0.938755 0.19428
    outer loop
      vertex 39.7324 -77.3682 6.28057
      vertex 39.3883 -77.5521 5.89603
      vertex 39.7617 -77.4389 5.89603
    endloop
  endfacet
  facet normal 0.0906723 -0.920028 0.381218
    outer loop
      vertex 39.3441 -77.3299 6.64279
      vertex 39 -77.5139 6.28057
      vertex 39.3734 -77.4771 6.28057
    endloop
  endfacet
  facet normal 0.0962127 -0.976246 0.194133
    outer loop
      vertex 39.3734 -77.4771 6.28057
      vertex 39 -77.5139 6.28057
      vertex 39.3883 -77.5521 5.89603
    endloop
  endfacet
  facet normal 0.714637 -0.586575 0.381082
    outer loop
      vertex 40.4666 -76.5799 6.64279
      vertex 40.2472 -76.8472 6.64279
      vertex 40.5913 -76.6633 6.28057
    endloop
  endfacet
  facet normal 0.643684 -0.528336 0.553654
    outer loop
      vertex 40.4666 -76.5799 6.64279
      vertex 40.0932 -76.6932 6.96879
      vertex 40.2472 -76.8472 6.64279
    endloop
  endfacet
  facet normal 0.864643 -0.463271 0.194353
    outer loop
      vertex 40.7682 -76.3324 6.28057
      vertex 40.7719 -76.4432 6
      vertex 40.8198 -76.3538 6
    endloop
  endfacet
  facet normal 0.865124 -0.462497 0.194054
    outer loop
      vertex 40.7719 -76.4432 6
      vertex 40.7682 -76.3324 6.28057
      vertex 40.5913 -76.6633 6.28057
    endloop
  endfacet
  facet normal 0.976228 -0.096211 0.194224
    outer loop
      vertex 40.8771 -75.9734 6.28057
      vertex 40.9418 -75.8833 6
      vertex 40.9139 -75.6 6.28057
    endloop
  endfacet
  facet normal 0.976213 -0.0966547 0.194078
    outer loop
      vertex 40.9418 -75.8833 6
      vertex 40.8771 -75.9734 6.28057
      vertex 40.9318 -75.9843 6
    endloop
  endfacet
  facet normal 0.86516 -0.462383 0.194166
    outer loop
      vertex 40.7719 -76.4432 6
      vertex 40.5913 -76.6633 6.28057
      vertex 40.6377 -76.6943 6
    endloop
  endfacet
  facet normal 0.758282 -0.622314 0.194253
    outer loop
      vertex 40.3533 -76.9533 6.28057
      vertex 40.4571 -76.9144 6
      vertex 40.5913 -76.6633 6.28057
    endloop
  endfacet
  facet normal 0.758465 -0.622058 0.194357
    outer loop
      vertex 40.4571 -76.9144 6
      vertex 40.3533 -76.9533 6.28057
      vertex 40.3928 -76.9928 6
    endloop
  endfacet
  facet normal 0.621951 -0.758493 0.194592
    outer loop
      vertex 40.1058 -77.2549 5.89603
      vertex 40.2012 -77.15 6
      vertex 40.3533 -76.9533 6.28057
    endloop
  endfacet
  facet normal 0.622055 -0.758444 0.194448
    outer loop
      vertex 40.2012 -77.15 6
      vertex 40.1058 -77.2549 5.89603
      vertex 40.2337 -77.15 5.89603
    endloop
  endfacet
  facet normal 0.622196 -0.758351 0.19436
    outer loop
      vertex 40.3533 -76.9533 6.28057
      vertex 40.2012 -77.15 6
      vertex 40.3928 -76.9928 6
    endloop
  endfacet
  facet normal -0.241777 0.796764 0.553816
    outer loop
      vertex 38.6559 -73.87 6.64279
      vertex 38.4084 -74.1717 6.96879
      vertex 38.6984 -74.0837 6.96879
    endloop
  endfacet
  facet normal -0.0695415 0.70539 0.705399
    outer loop
      vertex 39 -74.3312 7.24602
      vertex 38.6984 -74.0837 6.96879
      vertex 38.7525 -74.3556 7.24602
    endloop
  endfacet
  facet normal -0.392549 0.734284 0.553834
    outer loop
      vertex 38.325 -73.9704 6.64279
      vertex 38.0201 -74.1334 6.64279
      vertex 38.4084 -74.1717 6.96879
    endloop
  endfacet
  facet normal -0.241749 0.79676 0.553833
    outer loop
      vertex 38.6559 -73.87 6.64279
      vertex 38.325 -73.9704 6.64279
      vertex 38.4084 -74.1717 6.96879
    endloop
  endfacet
  facet normal -0.435888 0.81535 0.381059
    outer loop
      vertex 38.2676 -73.8318 6.28057
      vertex 37.9367 -74.0087 6.28057
      vertex 38.0201 -74.1334 6.64279
    endloop
  endfacet
  facet normal -0.462472 0.865076 0.194326
    outer loop
      vertex 37.9952 -73.9144 6
      vertex 37.9367 -74.0087 6.28057
      vertex 38.2676 -73.8318 6.28057
    endloop
  endfacet
  facet normal -0.462885 0.864889 0.194177
    outer loop
      vertex 37.9367 -74.0087 6.28057
      vertex 37.9952 -73.9144 6
      vertex 37.9057 -73.9623 6
    endloop
  endfacet
  facet normal -0.528314 0.643703 0.553652
    outer loop
      vertex 38.1411 -74.3145 6.96879
      vertex 37.7528 -74.3528 6.64279
      vertex 37.9068 -74.5068 6.96879
    endloop
  endfacet
  facet normal -0.81535 0.435888 0.381059
    outer loop
      vertex 37.4087 -74.5367 6.28057
      vertex 37.2318 -74.8676 6.28057
      vertex 37.5334 -74.6201 6.64279
    endloop
  endfacet
  facet normal -0.243645 0.297072 0.923247
    outer loop
      vertex 38.4762 -74.8161 7.46384
      vertex 38.3333 -74.9333 7.46384
      vertex 38.6775 -75.1173 7.61388
    endloop
  endfacet
  facet normal -0.334004 0.625204 0.70538
    outer loop
      vertex 38.4084 -74.1717 6.96879
      vertex 38.1411 -74.3145 6.96879
      vertex 38.5145 -74.4278 7.24602
    endloop
  endfacet
  facet normal -0.678286 0.205766 0.7054
    outer loop
      vertex 37.8278 -75.1145 7.24602
      vertex 37.4837 -75.2984 6.96879
      vertex 37.7556 -75.3525 7.24602
    endloop
  endfacet
  facet normal -0.678297 0.205828 0.705371
    outer loop
      vertex 37.5717 -75.0084 6.96879
      vertex 37.4837 -75.2984 6.96879
      vertex 37.8278 -75.1145 7.24602
    endloop
  endfacet
  facet normal -0.758352 0.622255 0.194167
    outer loop
      vertex 37.5429 -74.2856 6
      vertex 37.3623 -74.5057 6
      vertex 37.4087 -74.5367 6.28057
    endloop
  endfacet
  facet normal -0.622231 0.758322 0.194361
    outer loop
      vertex 37.8273 -74.0266 6
      vertex 37.6072 -74.2072 6
      vertex 37.6467 -74.2467 6.28057
    endloop
  endfacet
  facet normal 0.491635 0.262708 0.830228
    outer loop
      vertex 40.1722 -75.1145 7.24602
      vertex 39.7839 -75.0762 7.46384
      vertex 39.871 -75.2392 7.46384
    endloop
  endfacet
  facet normal 0.338954 0.181122 0.923204
    outer loop
      vertex 39.7839 -75.0762 7.46384
      vertex 39.5364 -75.3778 7.61388
      vertex 39.871 -75.2392 7.46384
    endloop
  endfacet
  facet normal 0.547986 0.449674 0.70534
    outer loop
      vertex 40.0932 -74.5068 6.96879
      vertex 39.8972 -74.7028 7.24602
      vertex 40.055 -74.8951 7.24602
    endloop
  endfacet
  facet normal 0.181083 0.33888 0.923238
    outer loop
      vertex 39.3608 -74.729 7.46384
      vertex 39.3225 -75.1173 7.61388
      vertex 39.5238 -74.8161 7.46384
    endloop
  endfacet
  facet normal -0.0967483 0.97619 0.194146
    outer loop
      vertex 38.8991 -73.6403 6
      vertex 39 -73.6861 6.28057
      vertex 39 -73.6303 6
    endloop
  endfacet
  facet normal -0.0962159 0.976278 0.193968
    outer loop
      vertex 39 -73.6861 6.28057
      vertex 38.8991 -73.6403 6
      vertex 38.6266 -73.7229 6.28057
    endloop
  endfacet
  facet normal -0.0906811 0.920117 0.381001
    outer loop
      vertex 39 -73.6861 6.28057
      vertex 38.6266 -73.7229 6.28057
      vertex 38.6559 -73.87 6.64279
    endloop
  endfacet
  facet normal 0.586575 0.714637 0.381082
    outer loop
      vertex 40.0633 -74.0087 6.28057
      vertex 39.9799 -74.1334 6.64279
      vertex 40.2472 -74.3528 6.64279
    endloop
  endfacet
  facet normal 0.435888 0.81535 0.381059
    outer loop
      vertex 40.0633 -74.0087 6.28057
      vertex 39.7324 -73.8318 6.28057
      vertex 39.9799 -74.1334 6.64279
    endloop
  endfacet
  facet normal 0.205766 0.678286 0.7054
    outer loop
      vertex 39.3016 -74.0837 6.96879
      vertex 39.2475 -74.3556 7.24602
      vertex 39.4855 -74.4278 7.24602
    endloop
  endfacet
  facet normal 0.0695415 0.70539 0.705399
    outer loop
      vertex 39.3016 -74.0837 6.96879
      vertex 39 -74.3312 7.24602
      vertex 39.2475 -74.3556 7.24602
    endloop
  endfacet
  facet normal 0.71466 0.586514 0.381134
    outer loop
      vertex 40.3533 -74.2467 6.28057
      vertex 40.2472 -74.3528 6.64279
      vertex 40.5913 -74.5367 6.28057
    endloop
  endfacet
  facet normal 0.392549 0.734284 0.553834
    outer loop
      vertex 39.675 -73.9704 6.64279
      vertex 39.5916 -74.1717 6.96879
      vertex 39.9799 -74.1334 6.64279
    endloop
  endfacet
  facet normal 0.151543 0.124334 0.9806
    outer loop
      vertex 39.4105 -75.1895 7.61388
      vertex 39.163 -75.4911 7.69037
      vertex 39.4827 -75.2775 7.61388
    endloop
  endfacet
  facet normal -0.243645 -0.297072 0.923247
    outer loop
      vertex 38.6775 -76.0827 7.61388
      vertex 38.3333 -76.2667 7.46384
      vertex 38.4762 -76.3839 7.46384
    endloop
  endfacet
  facet normal 0.161927 0.533426 0.830203
    outer loop
      vertex 39.2475 -74.3556 7.24602
      vertex 39.1839 -74.6753 7.46384
      vertex 39.3608 -74.729 7.46384
    endloop
  endfacet
  facet normal 0.0546883 0.554728 0.830233
    outer loop
      vertex 39 -74.3312 7.24602
      vertex 39 -74.6572 7.46384
      vertex 39.2475 -74.3556 7.24602
    endloop
  endfacet
  facet normal -0.297058 0.243633 0.923255
    outer loop
      vertex 38.3333 -74.9333 7.46384
      vertex 38.2161 -75.0762 7.46384
      vertex 38.5895 -75.1895 7.61388
    endloop
  endfacet
  facet normal 0.057076 0.187535 0.980598
    outer loop
      vertex 39.1133 -75.0306 7.61388
      vertex 39.0382 -75.4077 7.69037
      vertex 39.075 -75.4189 7.69037
    endloop
  endfacet
  facet normal -0.58634 -0.714964 -0.38083
    outer loop
      vertex 37.9367 -77.1913 5.11943
      vertex 37.9146 -77.15 5.07592
      vertex 37.9643 -77.15 4.9994
    endloop
  endfacet
  facet normal 0.435935 -0.815438 -0.380817
    outer loop
      vertex 39.7324 -77.3682 5.11943
      vertex 40.0357 -77.15 4.9994
      vertex 40.0633 -77.1913 5.11943
    endloop
  endfacet
  facet normal 0.435784 -0.815385 -0.381104
    outer loop
      vertex 40.0357 -77.15 4.9994
      vertex 39.7324 -77.3682 5.11943
      vertex 39.9115 -77.15 4.85738
    endloop
  endfacet
  facet normal 0.392536 -0.734279 -0.55385
    outer loop
      vertex 39.675 -77.2296 4.75721
      vertex 39.642 -77.15 4.62829
      vertex 39.8239 -77.15 4.75721
    endloop
  endfacet
  facet normal -0.0816472 -0.828755 -0.553623
    outer loop
      vertex 38.9926 -77.15 4.43825
      vertex 39 -77.3638 4.75721
      vertex 38.6559 -77.3299 4.75721
    endloop
  endfacet
  facet normal -0.0815481 -0.828761 -0.553629
    outer loop
      vertex 39 -77.3638 4.75721
      vertex 38.9926 -77.15 4.43825
      vertex 39 -77.15 4.43716
    endloop
  endfacet
  facet normal -0.268193 -0.884797 -0.381059
    outer loop
      vertex 38.6559 -77.3299 4.75721
      vertex 38.2676 -77.3682 5.11943
      vertex 38.325 -77.2296 4.75721
    endloop
  endfacet
  facet normal -0.435858 -0.815317 -0.381164
    outer loop
      vertex 38.325 -77.2296 4.75721
      vertex 38.0885 -77.15 4.85738
      vertex 38.1761 -77.15 4.75721
    endloop
  endfacet
  facet normal -0.435835 -0.815377 -0.381062
    outer loop
      vertex 38.0885 -77.15 4.85738
      vertex 38.325 -77.2296 4.75721
      vertex 38.2676 -77.3682 5.11943
    endloop
  endfacet
  facet normal -0.241628 -0.796951 -0.553611
    outer loop
      vertex 38.6559 -77.3299 4.75721
      vertex 38.5082 -77.15 4.5627
      vertex 38.6917 -77.15 4.48261
    endloop
  endfacet
  facet normal -0.081614 -0.828775 -0.553599
    outer loop
      vertex 38.9926 -77.15 4.43825
      vertex 38.6559 -77.3299 4.75721
      vertex 38.6917 -77.15 4.48261
    endloop
  endfacet
  facet normal -0.585981 -0.715095 -0.381137
    outer loop
      vertex 37.9367 -77.1913 5.11943
      vertex 37.8863 -77.15 5.11943
      vertex 37.9146 -77.15 5.07592
    endloop
  endfacet
  facet normal -0.0192788 0.195025 0.980609
    outer loop
      vertex 39 -75.0194 7.61388
      vertex 38.8867 -75.0306 7.61388
      vertex 39 -75.404 7.69037
    endloop
  endfacet
  facet normal -0.338954 -0.181122 0.923204
    outer loop
      vertex 38.4636 -75.8222 7.61388
      vertex 38.129 -75.9608 7.46384
      vertex 38.2161 -76.1238 7.46384
    endloop
  endfacet
  facet normal -0.0376364 -0.382394 0.923232
    outer loop
      vertex 38.8867 -76.1694 7.61388
      vertex 38.8161 -76.5247 7.46384
      vertex 39 -76.5428 7.46384
    endloop
  endfacet
  facet normal -0.0192788 -0.195025 0.980609
    outer loop
      vertex 39 -75.796 7.69037
      vertex 38.8867 -76.1694 7.61388
      vertex 39 -76.1806 7.61388
    endloop
  endfacet
  facet normal -0.124326 0.151533 0.980602
    outer loop
      vertex 38.6775 -75.1173 7.61388
      vertex 38.5895 -75.1895 7.61388
      vertex 38.8614 -75.4614 7.69037
    endloop
  endfacet
  facet normal 0.161927 -0.533426 0.830203
    outer loop
      vertex 39.3608 -76.471 7.46384
      vertex 39.1839 -76.5247 7.46384
      vertex 39.2475 -76.8444 7.24602
    endloop
  endfacet
  facet normal 0.172802 -0.0925169 0.980602
    outer loop
      vertex 39.5364 -75.8222 7.61388
      vertex 39.163 -75.7089 7.69037
      vertex 39.4827 -75.9225 7.61388
    endloop
  endfacet
  facet normal 0.151443 0.124418 0.980605
    outer loop
      vertex 39.4105 -75.1895 7.61388
      vertex 39.1386 -75.4614 7.69037
      vertex 39.163 -75.4911 7.69037
    endloop
  endfacet
  facet normal -0.533374 -0.161912 0.830239
    outer loop
      vertex 38.0753 -75.7839 7.46384
      vertex 37.8278 -76.0855 7.24602
      vertex 38.129 -75.9608 7.46384
    endloop
  endfacet
  facet normal -0.533449 -0.161828 0.830207
    outer loop
      vertex 38.0753 -75.7839 7.46384
      vertex 37.7556 -75.8475 7.24602
      vertex 37.8278 -76.0855 7.24602
    endloop
  endfacet
  facet normal -0.586514 -0.71466 0.381134
    outer loop
      vertex 37.7528 -76.8472 6.64279
      vertex 37.6467 -76.9533 6.28057
      vertex 37.9367 -77.1913 6.28057
    endloop
  endfacet
  facet normal -0.586575 -0.714637 0.381082
    outer loop
      vertex 38.0201 -77.0666 6.64279
      vertex 37.7528 -76.8472 6.64279
      vertex 37.9367 -77.1913 6.28057
    endloop
  endfacet
  facet normal 0.0546883 -0.554728 0.830233
    outer loop
      vertex 39 -76.5428 7.46384
      vertex 39 -76.8688 7.24602
      vertex 39.2475 -76.8444 7.24602
    endloop
  endfacet
  facet normal -0.430883 -0.35358 0.830253
    outer loop
      vertex 38.2161 -76.1238 7.46384
      vertex 37.945 -76.3049 7.24602
      vertex 38.1028 -76.4972 7.24602
    endloop
  endfacet
  facet normal -0.205821 -0.678272 0.705397
    outer loop
      vertex 38.7525 -76.8444 7.24602
      vertex 38.4084 -77.0283 6.96879
      vertex 38.6984 -77.1163 6.96879
    endloop
  endfacet
  facet normal -0.0694643 -0.705402 0.705396
    outer loop
      vertex 38.7525 -76.8444 7.24602
      vertex 38.6984 -77.1163 6.96879
      vertex 39 -77.146 6.96879
    endloop
  endfacet
  facet normal -0.161927 -0.533426 0.830203
    outer loop
      vertex 38.8161 -76.5247 7.46384
      vertex 38.6392 -76.471 7.46384
      vertex 38.7525 -76.8444 7.24602
    endloop
  endfacet
  facet normal -0.124326 -0.151533 0.980602
    outer loop
      vertex 38.8614 -75.7386 7.69037
      vertex 38.5895 -76.0105 7.61388
      vertex 38.6775 -76.0827 7.61388
    endloop
  endfacet
  facet normal 0.554731 0.0545983 0.830237
    outer loop
      vertex 40.2688 -75.6 7.24602
      vertex 39.9247 -75.4161 7.46384
      vertex 39.9428 -75.6 7.46384
    endloop
  endfacet
  facet normal 0.172869 -0.092299 0.980611
    outer loop
      vertex 39.1811 -75.675 7.69037
      vertex 39.163 -75.7089 7.69037
      vertex 39.5364 -75.8222 7.61388
    endloop
  endfacet
  facet normal 0.82874 -0.0816457 0.553646
    outer loop
      vertex 40.7638 -75.6 6.64279
      vertex 40.5163 -75.9016 6.96879
      vertex 40.7299 -75.9441 6.64279
    endloop
  endfacet
  facet normal 0.828727 -0.0816087 0.553671
    outer loop
      vertex 40.546 -75.6 6.96879
      vertex 40.5163 -75.9016 6.96879
      vertex 40.7638 -75.6 6.64279
    endloop
  endfacet
  facet normal 0.0816104 -0.828744 0.553645
    outer loop
      vertex 39.3016 -77.1163 6.96879
      vertex 39 -77.146 6.96879
      vertex 39.3441 -77.3299 6.64279
    endloop
  endfacet
  facet normal 0.205821 -0.678272 0.705397
    outer loop
      vertex 39.5916 -77.0283 6.96879
      vertex 39.2475 -76.8444 7.24602
      vertex 39.3016 -77.1163 6.96879
    endloop
  endfacet
  facet normal 0.26264 -0.491666 0.830232
    outer loop
      vertex 39.7049 -76.655 7.24602
      vertex 39.3608 -76.471 7.46384
      vertex 39.4855 -76.7722 7.24602
    endloop
  endfacet
  facet normal 0.435888 -0.81535 0.381059
    outer loop
      vertex 39.9799 -77.0666 6.64279
      vertex 39.7324 -77.3682 6.28057
      vertex 40.0633 -77.1913 6.28057
    endloop
  endfacet
  facet normal -0.0962898 -0.976223 -0.194209
    outer loop
      vertex 39 -77.5904 5.50397
      vertex 38.6117 -77.5521 5.50397
      vertex 39 -77.5139 5.11943
    endloop
  endfacet
  facet normal 0.0962898 -0.976223 -0.194209
    outer loop
      vertex 39.3883 -77.5521 5.50397
      vertex 39 -77.5904 5.50397
      vertex 39 -77.5139 5.11943
    endloop
  endfacet
  facet normal -0.92002 -0.0906384 0.381246
    outer loop
      vertex 37.2362 -75.6 6.64279
      vertex 37.0861 -75.6 6.28057
      vertex 37.2701 -75.9441 6.64279
    endloop
  endfacet
  facet normal -0.82874 -0.0816457 0.553646
    outer loop
      vertex 37.4837 -75.9016 6.96879
      vertex 37.2362 -75.6 6.64279
      vertex 37.2701 -75.9441 6.64279
    endloop
  endfacet
  facet normal -0.268193 -0.884797 0.381059
    outer loop
      vertex 38.325 -77.2296 6.64279
      vertex 38.2676 -77.3682 6.28057
      vertex 38.6559 -77.3299 6.64279
    endloop
  endfacet
  facet normal -0.435887 -0.81535 0.38106
    outer loop
      vertex 38.325 -77.2296 6.64279
      vertex 38.0201 -77.0666 6.64279
      vertex 38.2676 -77.3682 6.28057
    endloop
  endfacet
  facet normal 0.796938 0.241562 0.553658
    outer loop
      vertex 40.6296 -74.925 6.64279
      vertex 40.5163 -75.2984 6.96879
      vertex 40.7299 -75.2559 6.64279
    endloop
  endfacet
  facet normal 0.82874 0.0816457 0.553646
    outer loop
      vertex 40.7299 -75.2559 6.64279
      vertex 40.5163 -75.2984 6.96879
      vertex 40.7638 -75.6 6.64279
    endloop
  endfacet
  facet normal 0.528314 0.643703 0.553652
    outer loop
      vertex 40.2472 -74.3528 6.64279
      vertex 39.8589 -74.3145 6.96879
      vertex 40.0932 -74.5068 6.96879
    endloop
  endfacet
  facet normal 0.796752 0.241773 0.553834
    outer loop
      vertex 40.6296 -74.925 6.64279
      vertex 40.4283 -75.0084 6.96879
      vertex 40.5163 -75.2984 6.96879
    endloop
  endfacet
  facet normal 0.0981587 -0.995171 0
    outer loop
      vertex 39 -77.5904 5.50397
      vertex 39.3883 -77.5521 5.89603
      vertex 39 -77.5904 5.89603
    endloop
  endfacet
  facet normal 0.0981587 -0.995171 0
    outer loop
      vertex 39.3883 -77.5521 5.89603
      vertex 39 -77.5904 5.50397
      vertex 39.3883 -77.5521 5.50397
    endloop
  endfacet
  facet normal 0.586575 -0.714637 0.381082
    outer loop
      vertex 40.2472 -76.8472 6.64279
      vertex 39.9799 -77.0666 6.64279
      vertex 40.0633 -77.1913 6.28057
    endloop
  endfacet
  facet normal 0.39239 -0.734494 0.553669
    outer loop
      vertex 39.8589 -76.8855 6.96879
      vertex 39.5916 -77.0283 6.96879
      vertex 39.9799 -77.0666 6.64279
    endloop
  endfacet
  facet normal -0.0816087 0.828727 0.553671
    outer loop
      vertex 39 -73.8362 6.64279
      vertex 38.6984 -74.0837 6.96879
      vertex 39 -74.054 6.96879
    endloop
  endfacet
  facet normal -0.0694677 0.705437 0.70536
    outer loop
      vertex 39 -74.054 6.96879
      vertex 38.6984 -74.0837 6.96879
      vertex 39 -74.3312 7.24602
    endloop
  endfacet
  facet normal -0.0376364 0.382394 0.923232
    outer loop
      vertex 39 -74.6572 7.46384
      vertex 38.8161 -74.6753 7.46384
      vertex 38.8867 -75.0306 7.61388
    endloop
  endfacet
  facet normal -0.0546883 0.554728 0.830233
    outer loop
      vertex 39 -74.3312 7.24602
      vertex 38.7525 -74.3556 7.24602
      vertex 39 -74.6572 7.46384
    endloop
  endfacet
  facet normal -0.0961111 0.976269 0.194067
    outer loop
      vertex 38.8991 -73.6403 6
      vertex 38.6157 -73.6682 6
      vertex 38.6266 -73.7229 6.28057
    endloop
  endfacet
  facet normal -0.625204 0.334004 0.70538
    outer loop
      vertex 37.7145 -74.7411 6.96879
      vertex 37.5717 -75.0084 6.96879
      vertex 37.8278 -75.1145 7.24602
    endloop
  endfacet
  facet normal -0.82874 0.0816457 0.553646
    outer loop
      vertex 37.2701 -75.2559 6.64279
      vertex 37.2362 -75.6 6.64279
      vertex 37.4837 -75.2984 6.96879
    endloop
  endfacet
  facet normal -0.243683 0.29701 0.923257
    outer loop
      vertex 38.6775 -75.1173 7.61388
      vertex 38.3333 -74.9333 7.46384
      vertex 38.5895 -75.1895 7.61388
    endloop
  endfacet
  facet normal -0.547922 0.449703 0.705372
    outer loop
      vertex 37.9068 -74.5068 6.96879
      vertex 37.7145 -74.7411 6.96879
      vertex 37.945 -74.8951 7.24602
    endloop
  endfacet
  facet normal -0.864643 0.463271 0.194353
    outer loop
      vertex 37.2318 -74.8676 6.28057
      vertex 37.2281 -74.7568 6
      vertex 37.1802 -74.8462 6
    endloop
  endfacet
  facet normal -0.865124 0.462497 0.194054
    outer loop
      vertex 37.2281 -74.7568 6
      vertex 37.2318 -74.8676 6.28057
      vertex 37.4087 -74.5367 6.28057
    endloop
  endfacet
  facet normal -0.714637 0.586575 0.381082
    outer loop
      vertex 37.7528 -74.3528 6.64279
      vertex 37.4087 -74.5367 6.28057
      vertex 37.5334 -74.6201 6.64279
    endloop
  endfacet
  facet normal -0.705437 0.0694677 0.70536
    outer loop
      vertex 37.4837 -75.2984 6.96879
      vertex 37.454 -75.6 6.96879
      vertex 37.7312 -75.6 7.24602
    endloop
  endfacet
  facet normal -0.70539 0.0695415 0.705399
    outer loop
      vertex 37.7556 -75.3525 7.24602
      vertex 37.4837 -75.2984 6.96879
      vertex 37.7312 -75.6 7.24602
    endloop
  endfacet
  facet normal 0.297033 0.243702 0.923245
    outer loop
      vertex 39.7839 -75.0762 7.46384
      vertex 39.4105 -75.1895 7.61388
      vertex 39.4827 -75.2775 7.61388
    endloop
  endfacet
  facet normal -0.195027 0.01889 0.980616
    outer loop
      vertex 38.8077 -75.5618 7.69037
      vertex 38.4194 -75.6 7.61388
      vertex 38.804 -75.6 7.69037
    endloop
  endfacet
  facet normal 0.367739 0.111631 0.923204
    outer loop
      vertex 39.871 -75.2392 7.46384
      vertex 39.5364 -75.3778 7.61388
      vertex 39.9247 -75.4161 7.46384
    endloop
  endfacet
  facet normal 0.533374 0.161912 0.830239
    outer loop
      vertex 40.1722 -75.1145 7.24602
      vertex 39.871 -75.2392 7.46384
      vertex 39.9247 -75.4161 7.46384
    endloop
  endfacet
  facet normal 0.26269 0.491601 0.830255
    outer loop
      vertex 39.7049 -74.545 7.24602
      vertex 39.3608 -74.729 7.46384
      vertex 39.5238 -74.8161 7.46384
    endloop
  endfacet
  facet normal 0.353461 0.430968 0.83026
    outer loop
      vertex 39.7049 -74.545 7.24602
      vertex 39.5238 -74.8161 7.46384
      vertex 39.6667 -74.9333 7.46384
    endloop
  endfacet
  facet normal 0.0962159 0.976278 0.193968
    outer loop
      vertex 39.1009 -73.6403 6
      vertex 39 -73.6861 6.28057
      vertex 39.3734 -73.7229 6.28057
    endloop
  endfacet
  facet normal 0.0967483 0.97619 0.194146
    outer loop
      vertex 39 -73.6861 6.28057
      vertex 39.1009 -73.6403 6
      vertex 39 -73.6303 6
    endloop
  endfacet
  facet normal 0.0906811 0.920117 0.381001
    outer loop
      vertex 39.3734 -73.7229 6.28057
      vertex 39 -73.6861 6.28057
      vertex 39.3441 -73.87 6.64279
    endloop
  endfacet
  facet normal 0.758352 0.622255 0.194167
    outer loop
      vertex 40.6377 -74.5057 6
      vertex 40.4571 -74.2856 6
      vertex 40.5913 -74.5367 6.28057
    endloop
  endfacet
  facet normal 0.86516 0.462383 0.194166
    outer loop
      vertex 40.6377 -74.5057 6
      vertex 40.5913 -74.5367 6.28057
      vertex 40.7719 -74.7568 6
    endloop
  endfacet
  facet normal 0.462508 0.865048 0.194369
    outer loop
      vertex 39.7538 -73.7802 6
      vertex 39.7324 -73.8318 6.28057
      vertex 40.0048 -73.9144 6
    endloop
  endfacet
  facet normal 0.435887 0.81535 0.38106
    outer loop
      vertex 39.7324 -73.8318 6.28057
      vertex 39.675 -73.9704 6.64279
      vertex 39.9799 -74.1334 6.64279
    endloop
  endfacet
  facet normal 0.268437 0.88472 0.381068
    outer loop
      vertex 39.7324 -73.8318 6.28057
      vertex 39.3441 -73.87 6.64279
      vertex 39.675 -73.9704 6.64279
    endloop
  endfacet
  facet normal 0.0189007 -0.195137 0.980594
    outer loop
      vertex 39.0382 -75.7923 7.69037
      vertex 39 -75.796 7.69037
      vertex 39.1133 -76.1694 7.61388
    endloop
  endfacet
  facet normal 0.243645 0.297072 0.923247
    outer loop
      vertex 39.5238 -74.8161 7.46384
      vertex 39.3225 -75.1173 7.61388
      vertex 39.6667 -74.9333 7.46384
    endloop
  endfacet
  facet normal -0.367739 0.111631 0.923204
    outer loop
      vertex 38.129 -75.2392 7.46384
      vertex 38.0753 -75.4161 7.46384
      vertex 38.4636 -75.3778 7.61388
    endloop
  endfacet
  facet normal -0.36773 0.111433 0.923232
    outer loop
      vertex 38.4636 -75.3778 7.61388
      vertex 38.0753 -75.4161 7.46384
      vertex 38.4306 -75.4867 7.61388
    endloop
  endfacet
  facet normal 0.124441 -0.151471 0.980597
    outer loop
      vertex 39.1386 -75.7386 7.69037
      vertex 39.1089 -75.763 7.69037
      vertex 39.3225 -76.0827 7.61388
    endloop
  endfacet
  facet normal 0.057076 -0.187535 0.980598
    outer loop
      vertex 39.075 -75.7811 7.69037
      vertex 39.0382 -75.7923 7.69037
      vertex 39.1133 -76.1694 7.61388
    endloop
  endfacet
  facet normal 0.622211 -0.75838 -0.194198
    outer loop
      vertex 40.0633 -77.1913 5.11943
      vertex 40.1919 -77.15 5.37018
      vertex 40.1058 -77.2549 5.50397
    endloop
  endfacet
  facet normal 0.621792 -0.758797 -0.193915
    outer loop
      vertex 40.1919 -77.15 5.37018
      vertex 40.0633 -77.1913 5.11943
      vertex 40.1137 -77.15 5.11943
    endloop
  endfacet
  facet normal 0.268193 -0.884797 -0.381059
    outer loop
      vertex 39.7324 -77.3682 5.11943
      vertex 39.3441 -77.3299 4.75721
      vertex 39.675 -77.2296 4.75721
    endloop
  endfacet
  facet normal 0.0906384 -0.92002 -0.381246
    outer loop
      vertex 39.3441 -77.3299 4.75721
      vertex 39 -77.5139 5.11943
      vertex 39 -77.3638 4.75721
    endloop
  endfacet
  facet normal -0.86516 -0.462383 0.194166
    outer loop
      vertex 37.4087 -76.6633 6.28057
      vertex 37.2281 -76.4432 6
      vertex 37.3623 -76.6943 6
    endloop
  endfacet
  facet normal -0.187583 -0.0568432 0.980603
    outer loop
      vertex 38.8077 -75.6382 7.69037
      vertex 38.4306 -75.7133 7.61388
      vertex 38.4636 -75.8222 7.61388
    endloop
  endfacet
  facet normal -0.172802 0.0925169 0.980602
    outer loop
      vertex 38.5173 -75.2775 7.61388
      vertex 38.4636 -75.3778 7.61388
      vertex 38.837 -75.4911 7.69037
    endloop
  endfacet
  facet normal -0.297033 -0.243702 0.923245
    outer loop
      vertex 38.5173 -75.9225 7.61388
      vertex 38.2161 -76.1238 7.46384
      vertex 38.5895 -76.0105 7.61388
    endloop
  endfacet
  facet normal -0.0378048 -0.382436 0.923208
    outer loop
      vertex 39 -76.1806 7.61388
      vertex 38.8867 -76.1694 7.61388
      vertex 39 -76.5428 7.46384
    endloop
  endfacet
  facet normal 0.0378048 -0.382436 0.923208
    outer loop
      vertex 39 -76.1806 7.61388
      vertex 39 -76.5428 7.46384
      vertex 39.1133 -76.1694 7.61388
    endloop
  endfacet
  facet normal 0.0923292 0.172926 0.980598
    outer loop
      vertex 39.3225 -75.1173 7.61388
      vertex 39.075 -75.4189 7.69037
      vertex 39.1089 -75.437 7.69037
    endloop
  endfacet
  facet normal 0.0568366 0.187561 0.980607
    outer loop
      vertex 39.1133 -75.0306 7.61388
      vertex 39.075 -75.4189 7.69037
      vertex 39.2222 -75.0636 7.61388
    endloop
  endfacet
  facet normal 0.172869 0.092299 0.980611
    outer loop
      vertex 39.5364 -75.3778 7.61388
      vertex 39.163 -75.4911 7.69037
      vertex 39.1811 -75.525 7.69037
    endloop
  endfacet
  facet normal 0.124326 -0.151533 0.980602
    outer loop
      vertex 39.4105 -76.0105 7.61388
      vertex 39.1386 -75.7386 7.69037
      vertex 39.3225 -76.0827 7.61388
    endloop
  endfacet
  facet normal 0.382438 0.0376407 0.923214
    outer loop
      vertex 39.9247 -75.4161 7.46384
      vertex 39.5806 -75.6 7.61388
      vertex 39.9428 -75.6 7.46384
    endloop
  endfacet
  facet normal 0.181408 -0.338831 0.923193
    outer loop
      vertex 39.3225 -76.0827 7.61388
      vertex 39.2222 -76.1364 7.61388
      vertex 39.3608 -76.471 7.46384
    endloop
  endfacet
  facet normal -0.643692 -0.528305 0.553673
    outer loop
      vertex 37.7145 -76.4589 6.96879
      vertex 37.5334 -76.5799 6.64279
      vertex 37.9068 -76.6932 6.96879
    endloop
  endfacet
  facet normal -0.353461 -0.430968 0.83026
    outer loop
      vertex 38.3333 -76.2667 7.46384
      vertex 38.2951 -76.655 7.24602
      vertex 38.4762 -76.3839 7.46384
    endloop
  endfacet
  facet normal -0.643684 -0.528336 0.553654
    outer loop
      vertex 37.9068 -76.6932 6.96879
      vertex 37.5334 -76.5799 6.64279
      vertex 37.7528 -76.8472 6.64279
    endloop
  endfacet
  facet normal -0.333987 -0.625228 0.705367
    outer loop
      vertex 38.2951 -76.655 7.24602
      vertex 38.1411 -76.8855 6.96879
      vertex 38.5145 -76.7722 7.24602
    endloop
  endfacet
  facet normal -0.0546883 -0.554728 0.830233
    outer loop
      vertex 39 -76.5428 7.46384
      vertex 38.7525 -76.8444 7.24602
      vertex 39 -76.8688 7.24602
    endloop
  endfacet
  facet normal -0.0695457 -0.705433 0.705357
    outer loop
      vertex 39 -76.8688 7.24602
      vertex 38.7525 -76.8444 7.24602
      vertex 39 -77.146 6.96879
    endloop
  endfacet
  facet normal -0.243683 -0.29701 0.923257
    outer loop
      vertex 38.5895 -76.0105 7.61388
      vertex 38.3333 -76.2667 7.46384
      vertex 38.6775 -76.0827 7.61388
    endloop
  endfacet
  facet normal -0.297058 -0.243633 0.923255
    outer loop
      vertex 38.5895 -76.0105 7.61388
      vertex 38.2161 -76.1238 7.46384
      vertex 38.3333 -76.2667 7.46384
    endloop
  endfacet
  facet normal -0.26269 -0.491601 0.830255
    outer loop
      vertex 38.4762 -76.3839 7.46384
      vertex 38.2951 -76.655 7.24602
      vertex 38.6392 -76.471 7.46384
    endloop
  endfacet
  facet normal -0.26264 -0.491666 0.830232
    outer loop
      vertex 38.6392 -76.471 7.46384
      vertex 38.2951 -76.655 7.24602
      vertex 38.5145 -76.7722 7.24602
    endloop
  endfacet
  facet normal 0.195063 0.0192824 0.980601
    outer loop
      vertex 39.5694 -75.4867 7.61388
      vertex 39.1923 -75.5618 7.69037
      vertex 39.5806 -75.6 7.61388
    endloop
  endfacet
  facet normal 0.195027 0.01889 0.980616
    outer loop
      vertex 39.5806 -75.6 7.61388
      vertex 39.1923 -75.5618 7.69037
      vertex 39.196 -75.6 7.69037
    endloop
  endfacet
  facet normal 0.678286 -0.205766 0.7054
    outer loop
      vertex 40.2444 -75.8475 7.24602
      vertex 40.1722 -76.0855 7.24602
      vertex 40.5163 -75.9016 6.96879
    endloop
  endfacet
  facet normal 0.70539 -0.0695415 0.705399
    outer loop
      vertex 40.2688 -75.6 7.24602
      vertex 40.2444 -75.8475 7.24602
      vertex 40.5163 -75.9016 6.96879
    endloop
  endfacet
  facet normal 0.382438 -0.0376407 0.923214
    outer loop
      vertex 39.9428 -75.6 7.46384
      vertex 39.5806 -75.6 7.61388
      vertex 39.9247 -75.7839 7.46384
    endloop
  endfacet
  facet normal 0.554731 -0.0545983 0.830237
    outer loop
      vertex 39.9428 -75.6 7.46384
      vertex 39.9247 -75.7839 7.46384
      vertex 40.2688 -75.6 7.24602
    endloop
  endfacet
  facet normal 0.678297 -0.205828 0.705371
    outer loop
      vertex 40.5163 -75.9016 6.96879
      vertex 40.1722 -76.0855 7.24602
      vertex 40.4283 -76.1916 6.96879
    endloop
  endfacet
  facet normal 0.625204 -0.334004 0.70538
    outer loop
      vertex 40.4283 -76.1916 6.96879
      vertex 40.1722 -76.0855 7.24602
      vertex 40.2855 -76.4589 6.96879
    endloop
  endfacet
  facet normal 0.435887 -0.81535 0.38106
    outer loop
      vertex 39.9799 -77.0666 6.64279
      vertex 39.675 -77.2296 6.64279
      vertex 39.7324 -77.3682 6.28057
    endloop
  endfacet
  facet normal 0.334004 -0.625204 0.70538
    outer loop
      vertex 39.8589 -76.8855 6.96879
      vertex 39.4855 -76.7722 7.24602
      vertex 39.5916 -77.0283 6.96879
    endloop
  endfacet
  facet normal 0.70539 0.0695415 0.705399
    outer loop
      vertex 40.5163 -75.2984 6.96879
      vertex 40.2444 -75.3525 7.24602
      vertex 40.2688 -75.6 7.24602
    endloop
  endfacet
  facet normal 0.705437 0.0694677 0.70536
    outer loop
      vertex 40.5163 -75.2984 6.96879
      vertex 40.2688 -75.6 7.24602
      vertex 40.546 -75.6 6.96879
    endloop
  endfacet
  facet normal 0.884729 0.268173 0.381231
    outer loop
      vertex 40.8771 -75.2266 6.28057
      vertex 40.6296 -74.925 6.64279
      vertex 40.7299 -75.2559 6.64279
    endloop
  endfacet
  facet normal 0.920028 0.0906723 0.381218
    outer loop
      vertex 40.8771 -75.2266 6.28057
      vertex 40.7299 -75.2559 6.64279
      vertex 40.9139 -75.6 6.28057
    endloop
  endfacet
  facet normal 0.547922 0.449703 0.705372
    outer loop
      vertex 40.0932 -74.5068 6.96879
      vertex 40.055 -74.8951 7.24602
      vertex 40.2855 -74.7411 6.96879
    endloop
  endfacet
  facet normal 0.625228 0.333987 0.705367
    outer loop
      vertex 40.2855 -74.7411 6.96879
      vertex 40.055 -74.8951 7.24602
      vertex 40.1722 -75.1145 7.24602
    endloop
  endfacet
  facet normal -0.0906384 -0.92002 0.381246
    outer loop
      vertex 39 -77.3638 6.64279
      vertex 38.6559 -77.3299 6.64279
      vertex 39 -77.5139 6.28057
    endloop
  endfacet
  facet normal -0.0906723 -0.920028 0.381218
    outer loop
      vertex 38.6559 -77.3299 6.64279
      vertex 38.6266 -77.4771 6.28057
      vertex 39 -77.5139 6.28057
    endloop
  endfacet
  facet normal -0.161927 0.533426 0.830203
    outer loop
      vertex 38.7525 -74.3556 7.24602
      vertex 38.6392 -74.729 7.46384
      vertex 38.8161 -74.6753 7.46384
    endloop
  endfacet
  facet normal -0.111617 0.367691 0.923225
    outer loop
      vertex 38.8161 -74.6753 7.46384
      vertex 38.6392 -74.729 7.46384
      vertex 38.8867 -75.0306 7.61388
    endloop
  endfacet
  facet normal -0.333987 0.625228 0.705367
    outer loop
      vertex 38.5145 -74.4278 7.24602
      vertex 38.1411 -74.3145 6.96879
      vertex 38.2951 -74.545 7.24602
    endloop
  endfacet
  facet normal -0.353616 0.430928 0.830215
    outer loop
      vertex 38.2951 -74.545 7.24602
      vertex 38.1028 -74.7028 7.24602
      vertex 38.3333 -74.9333 7.46384
    endloop
  endfacet
  facet normal -0.430968 0.353461 0.83026
    outer loop
      vertex 38.3333 -74.9333 7.46384
      vertex 37.945 -74.8951 7.24602
      vertex 38.2161 -75.0762 7.46384
    endloop
  endfacet
  facet normal -0.49164 0.262626 0.830251
    outer loop
      vertex 37.945 -74.8951 7.24602
      vertex 37.8278 -75.1145 7.24602
      vertex 38.2161 -75.0762 7.46384
    endloop
  endfacet
  facet normal -0.796938 0.241562 0.553658
    outer loop
      vertex 37.3704 -74.925 6.64279
      vertex 37.2701 -75.2559 6.64279
      vertex 37.4837 -75.2984 6.96879
    endloop
  endfacet
  facet normal -0.734391 0.392334 0.553845
    outer loop
      vertex 37.7145 -74.7411 6.96879
      vertex 37.3704 -74.925 6.64279
      vertex 37.5717 -75.0084 6.96879
    endloop
  endfacet
  facet normal 0.39239 0.734494 0.553669
    outer loop
      vertex 39.9799 -74.1334 6.64279
      vertex 39.5916 -74.1717 6.96879
      vertex 39.8589 -74.3145 6.96879
    endloop
  endfacet
  facet normal 0.334004 0.625204 0.70538
    outer loop
      vertex 39.5916 -74.1717 6.96879
      vertex 39.4855 -74.4278 7.24602
      vertex 39.8589 -74.3145 6.96879
    endloop
  endfacet
  facet normal 0.622231 0.758322 0.194361
    outer loop
      vertex 40.3928 -74.2072 6
      vertex 40.1727 -74.0266 6
      vertex 40.3533 -74.2467 6.28057
    endloop
  endfacet
  facet normal 0.462885 0.864889 0.194177
    outer loop
      vertex 40.0048 -73.9144 6
      vertex 40.0633 -74.0087 6.28057
      vertex 40.0943 -73.9623 6
    endloop
  endfacet
  facet normal 0.462472 0.865076 0.194326
    outer loop
      vertex 40.0633 -74.0087 6.28057
      vertex 40.0048 -73.9144 6
      vertex 39.7324 -73.8318 6.28057
    endloop
  endfacet
  facet normal -0.187583 0.0568432 0.980603
    outer loop
      vertex 38.4636 -75.3778 7.61388
      vertex 38.4306 -75.4867 7.61388
      vertex 38.8077 -75.5618 7.69037
    endloop
  endfacet
  facet normal -0.195063 0.0192824 0.980601
    outer loop
      vertex 38.4306 -75.4867 7.61388
      vertex 38.4194 -75.6 7.61388
      vertex 38.8077 -75.5618 7.69037
    endloop
  endfacet
  facet normal -0.124441 -0.151471 0.980597
    outer loop
      vertex 38.8614 -75.7386 7.69037
      vertex 38.6775 -76.0827 7.61388
      vertex 38.8911 -75.763 7.69037
    endloop
  endfacet
  facet normal 0.124441 0.151471 0.980597
    outer loop
      vertex 39.3225 -75.1173 7.61388
      vertex 39.1089 -75.437 7.69037
      vertex 39.1386 -75.4614 7.69037
    endloop
  endfacet
  facet normal 0.124326 0.151533 0.980602
    outer loop
      vertex 39.3225 -75.1173 7.61388
      vertex 39.1386 -75.4614 7.69037
      vertex 39.4105 -75.1895 7.61388
    endloop
  endfacet
  facet normal 0.0546029 0.554778 0.830205
    outer loop
      vertex 39.2475 -74.3556 7.24602
      vertex 39 -74.6572 7.46384
      vertex 39.1839 -74.6753 7.46384
    endloop
  endfacet
  facet normal 0.0376364 0.382394 0.923232
    outer loop
      vertex 39.1839 -74.6753 7.46384
      vertex 39 -74.6572 7.46384
      vertex 39.1133 -75.0306 7.61388
    endloop
  endfacet
  facet normal 0.0378048 0.382436 0.923208
    outer loop
      vertex 39 -74.6572 7.46384
      vertex 39 -75.0194 7.61388
      vertex 39.1133 -75.0306 7.61388
    endloop
  endfacet
  facet normal -0.0378048 0.382436 0.923208
    outer loop
      vertex 39 -74.6572 7.46384
      vertex 38.8867 -75.0306 7.61388
      vertex 39 -75.0194 7.61388
    endloop
  endfacet
  facet normal 0.0189007 0.195137 0.980594
    outer loop
      vertex 39.1133 -75.0306 7.61388
      vertex 39 -75.404 7.69037
      vertex 39.0382 -75.4077 7.69037
    endloop
  endfacet
  facet normal -0.172802 -0.0925169 0.980602
    outer loop
      vertex 38.837 -75.7089 7.69037
      vertex 38.4636 -75.8222 7.61388
      vertex 38.5173 -75.9225 7.61388
    endloop
  endfacet
  facet normal -0.0189007 0.195137 0.980594
    outer loop
      vertex 39 -75.404 7.69037
      vertex 38.8867 -75.0306 7.61388
      vertex 38.9618 -75.4077 7.69037
    endloop
  endfacet
  facet normal -0.181408 0.338831 0.923193
    outer loop
      vertex 38.7778 -75.0636 7.61388
      vertex 38.6392 -74.729 7.46384
      vertex 38.6775 -75.1173 7.61388
    endloop
  endfacet
  facet normal 0.46256 -0.865038 -0.194287
    outer loop
      vertex 39.7617 -77.4389 5.50397
      vertex 39.7324 -77.3682 5.11943
      vertex 40.1058 -77.2549 5.50397
    endloop
  endfacet
  facet normal 0.284593 -0.938755 -0.19428
    outer loop
      vertex 39.7617 -77.4389 5.50397
      vertex 39.3883 -77.5521 5.50397
      vertex 39.7324 -77.3682 5.11943
    endloop
  endfacet
  facet normal 0.081614 -0.828775 -0.553599
    outer loop
      vertex 39.3441 -77.3299 4.75721
      vertex 39.0074 -77.15 4.43825
      vertex 39.3083 -77.15 4.48261
    endloop
  endfacet
  facet normal 0.181083 -0.33888 0.923238
    outer loop
      vertex 39.5238 -76.3839 7.46384
      vertex 39.3225 -76.0827 7.61388
      vertex 39.3608 -76.471 7.46384
    endloop
  endfacet
  facet normal -0.057076 -0.187535 0.980598
    outer loop
      vertex 38.925 -75.7811 7.69037
      vertex 38.8867 -76.1694 7.61388
      vertex 38.9618 -75.7923 7.69037
    endloop
  endfacet
  facet normal -0.151543 0.124334 0.9806
    outer loop
      vertex 38.5895 -75.1895 7.61388
      vertex 38.5173 -75.2775 7.61388
      vertex 38.837 -75.4911 7.69037
    endloop
  endfacet
  facet normal -0.187471 -0.0570563 0.980612
    outer loop
      vertex 38.8077 -75.6382 7.69037
      vertex 38.4636 -75.8222 7.61388
      vertex 38.8189 -75.675 7.69037
    endloop
  endfacet
  facet normal -0.0568366 -0.187561 0.980607
    outer loop
      vertex 38.925 -75.7811 7.69037
      vertex 38.7778 -76.1364 7.61388
      vertex 38.8867 -76.1694 7.61388
    endloop
  endfacet
  facet normal -0.0925066 -0.172782 0.980606
    outer loop
      vertex 38.925 -75.7811 7.69037
      vertex 38.6775 -76.0827 7.61388
      vertex 38.7778 -76.1364 7.61388
    endloop
  endfacet
  facet normal 0.0923292 -0.172926 0.980598
    outer loop
      vertex 39.1089 -75.763 7.69037
      vertex 39.075 -75.7811 7.69037
      vertex 39.3225 -76.0827 7.61388
    endloop
  endfacet
  facet normal 0.367739 -0.111631 0.923204
    outer loop
      vertex 39.9247 -75.7839 7.46384
      vertex 39.5364 -75.8222 7.61388
      vertex 39.871 -75.9608 7.46384
    endloop
  endfacet
  facet normal 0.533374 -0.161912 0.830239
    outer loop
      vertex 39.9247 -75.7839 7.46384
      vertex 39.871 -75.9608 7.46384
      vertex 40.1722 -76.0855 7.24602
    endloop
  endfacet
  facet normal 0.111457 -0.367808 0.923198
    outer loop
      vertex 39.2222 -76.1364 7.61388
      vertex 39.1133 -76.1694 7.61388
      vertex 39.3608 -76.471 7.46384
    endloop
  endfacet
  facet normal -0.151443 0.124418 0.980605
    outer loop
      vertex 38.8614 -75.4614 7.69037
      vertex 38.5895 -75.1895 7.61388
      vertex 38.837 -75.4911 7.69037
    endloop
  endfacet
  facet normal -0.528314 -0.643703 0.553652
    outer loop
      vertex 37.9068 -76.6932 6.96879
      vertex 37.7528 -76.8472 6.64279
      vertex 38.1411 -76.8855 6.96879
    endloop
  endfacet
  facet normal -0.528328 -0.643674 0.553672
    outer loop
      vertex 38.1411 -76.8855 6.96879
      vertex 37.7528 -76.8472 6.64279
      vertex 38.0201 -77.0666 6.64279
    endloop
  endfacet
  facet normal -0.353616 -0.430928 0.830215
    outer loop
      vertex 38.3333 -76.2667 7.46384
      vertex 38.1028 -76.4972 7.24602
      vertex 38.2951 -76.655 7.24602
    endloop
  endfacet
  facet normal -0.431028 -0.35351 0.830208
    outer loop
      vertex 38.2161 -76.1238 7.46384
      vertex 38.1028 -76.4972 7.24602
      vertex 38.3333 -76.2667 7.46384
    endloop
  endfacet
  facet normal -0.111457 -0.367808 0.923198
    outer loop
      vertex 38.7778 -76.1364 7.61388
      vertex 38.6392 -76.471 7.46384
      vertex 38.8867 -76.1694 7.61388
    endloop
  endfacet
  facet normal -0.181408 -0.338831 0.923193
    outer loop
      vertex 38.6775 -76.0827 7.61388
      vertex 38.6392 -76.471 7.46384
      vertex 38.7778 -76.1364 7.61388
    endloop
  endfacet
  facet normal 0.382365 -0.0377977 0.923238
    outer loop
      vertex 39.5806 -75.6 7.61388
      vertex 39.5694 -75.7133 7.61388
      vertex 39.9247 -75.7839 7.46384
    endloop
  endfacet
  facet normal -0.187471 0.0570563 0.980612
    outer loop
      vertex 38.8189 -75.525 7.69037
      vertex 38.4636 -75.3778 7.61388
      vertex 38.8077 -75.5618 7.69037
    endloop
  endfacet
  facet normal 0.528328 -0.643674 0.553672
    outer loop
      vertex 40.2472 -76.8472 6.64279
      vertex 39.8589 -76.8855 6.96879
      vertex 39.9799 -77.0666 6.64279
    endloop
  endfacet
  facet normal 0.528314 -0.643703 0.553652
    outer loop
      vertex 40.0932 -76.6932 6.96879
      vertex 39.8589 -76.8855 6.96879
      vertex 40.2472 -76.8472 6.64279
    endloop
  endfacet
  facet normal 0.24153 -0.796833 0.553823
    outer loop
      vertex 39.5916 -77.0283 6.96879
      vertex 39.3441 -77.3299 6.64279
      vertex 39.675 -77.2296 6.64279
    endloop
  endfacet
  facet normal 0.268193 -0.884797 0.381059
    outer loop
      vertex 39.675 -77.2296 6.64279
      vertex 39.3441 -77.3299 6.64279
      vertex 39.7324 -77.3682 6.28057
    endloop
  endfacet
  facet normal 0.734391 0.392334 0.553845
    outer loop
      vertex 40.6296 -74.925 6.64279
      vertex 40.2855 -74.7411 6.96879
      vertex 40.4283 -75.0084 6.96879
    endloop
  endfacet
  facet normal 0.625204 0.334004 0.70538
    outer loop
      vertex 40.2855 -74.7411 6.96879
      vertex 40.1722 -75.1145 7.24602
      vertex 40.4283 -75.0084 6.96879
    endloop
  endfacet
  facet normal 0.643692 0.528305 0.553673
    outer loop
      vertex 40.4666 -74.6201 6.64279
      vertex 40.0932 -74.5068 6.96879
      vertex 40.2855 -74.7411 6.96879
    endloop
  endfacet
  facet normal 0.643684 0.528336 0.553654
    outer loop
      vertex 40.2472 -74.3528 6.64279
      vertex 40.0932 -74.5068 6.96879
      vertex 40.4666 -74.6201 6.64279
    endloop
  endfacet
  facet normal -0.26264 0.491666 0.830232
    outer loop
      vertex 38.5145 -74.4278 7.24602
      vertex 38.2951 -74.545 7.24602
      vertex 38.6392 -74.729 7.46384
    endloop
  endfacet
  facet normal -0.39239 0.734494 0.553669
    outer loop
      vertex 38.4084 -74.1717 6.96879
      vertex 38.0201 -74.1334 6.64279
      vertex 38.1411 -74.3145 6.96879
    endloop
  endfacet
  facet normal -0.26269 0.491601 0.830255
    outer loop
      vertex 38.6392 -74.729 7.46384
      vertex 38.2951 -74.545 7.24602
      vertex 38.4762 -74.8161 7.46384
    endloop
  endfacet
  facet normal -0.353461 0.430968 0.83026
    outer loop
      vertex 38.4762 -74.8161 7.46384
      vertex 38.2951 -74.545 7.24602
      vertex 38.3333 -74.9333 7.46384
    endloop
  endfacet
  facet normal -0.205766 0.678286 0.7054
    outer loop
      vertex 38.6984 -74.0837 6.96879
      vertex 38.5145 -74.4278 7.24602
      vertex 38.7525 -74.3556 7.24602
    endloop
  endfacet
  facet normal -0.205828 0.678297 0.705371
    outer loop
      vertex 38.6984 -74.0837 6.96879
      vertex 38.4084 -74.1717 6.96879
      vertex 38.5145 -74.4278 7.24602
    endloop
  endfacet
  facet normal -0.81535 0.435887 0.38106
    outer loop
      vertex 37.5334 -74.6201 6.64279
      vertex 37.2318 -74.8676 6.28057
      vertex 37.3704 -74.925 6.64279
    endloop
  endfacet
  facet normal -0.884738 0.268379 0.381066
    outer loop
      vertex 37.2318 -74.8676 6.28057
      vertex 37.1229 -75.2266 6.28057
      vertex 37.3704 -74.925 6.64279
    endloop
  endfacet
  facet normal 0.622311 0.758278 0.194275
    outer loop
      vertex 40.1727 -74.0266 6
      vertex 40.0633 -74.0087 6.28057
      vertex 40.3533 -74.2467 6.28057
    endloop
  endfacet
  facet normal 0.622081 0.758494 0.194171
    outer loop
      vertex 40.0633 -74.0087 6.28057
      vertex 40.1727 -74.0266 6
      vertex 40.0943 -73.9623 6
    endloop
  endfacet
  facet normal 0.586514 0.71466 0.381134
    outer loop
      vertex 40.3533 -74.2467 6.28057
      vertex 40.0633 -74.0087 6.28057
      vertex 40.2472 -74.3528 6.64279
    endloop
  endfacet
  facet normal 0.181408 0.338831 0.923193
    outer loop
      vertex 39.3608 -74.729 7.46384
      vertex 39.2222 -75.0636 7.61388
      vertex 39.3225 -75.1173 7.61388
    endloop
  endfacet
  facet normal 0.111457 0.367808 0.923198
    outer loop
      vertex 39.3608 -74.729 7.46384
      vertex 39.1133 -75.0306 7.61388
      vertex 39.2222 -75.0636 7.61388
    endloop
  endfacet
  facet normal -0.057076 0.187535 0.980598
    outer loop
      vertex 38.9618 -75.4077 7.69037
      vertex 38.8867 -75.0306 7.61388
      vertex 38.925 -75.4189 7.69037
    endloop
  endfacet
  facet normal 0 0 1
    outer loop
      vertex 39.1923 -75.5618 7.69037
      vertex 39.1923 -75.6382 7.69037
      vertex 39.196 -75.6 7.69037
    endloop
  endfacet
  facet normal 0 0 1
    outer loop
      vertex 39.1811 -75.525 7.69037
      vertex 39.1923 -75.6382 7.69037
      vertex 39.1923 -75.5618 7.69037
    endloop
  endfacet
  facet normal 0 0 1
    outer loop
      vertex 39.1811 -75.525 7.69037
      vertex 39.1811 -75.675 7.69037
      vertex 39.1923 -75.6382 7.69037
    endloop
  endfacet
  facet normal 0 0 1
    outer loop
      vertex 39.163 -75.4911 7.69037
      vertex 39.1811 -75.675 7.69037
      vertex 39.1811 -75.525 7.69037
    endloop
  endfacet
  facet normal 0 0 1
    outer loop
      vertex 39.163 -75.4911 7.69037
      vertex 39.163 -75.7089 7.69037
      vertex 39.1811 -75.675 7.69037
    endloop
  endfacet
  facet normal 0 0 1
    outer loop
      vertex 39.1386 -75.4614 7.69037
      vertex 39.163 -75.7089 7.69037
      vertex 39.163 -75.4911 7.69037
    endloop
  endfacet
  facet normal 0 0 1
    outer loop
      vertex 39.1386 -75.4614 7.69037
      vertex 39.1386 -75.7386 7.69037
      vertex 39.163 -75.7089 7.69037
    endloop
  endfacet
  facet normal 0 0 1
    outer loop
      vertex 39.1089 -75.437 7.69037
      vertex 39.1386 -75.7386 7.69037
      vertex 39.1386 -75.4614 7.69037
    endloop
  endfacet
  facet normal 0 0 1
    outer loop
      vertex 39.1089 -75.437 7.69037
      vertex 39.1089 -75.763 7.69037
      vertex 39.1386 -75.7386 7.69037
    endloop
  endfacet
  facet normal 0 0 1
    outer loop
      vertex 39.075 -75.4189 7.69037
      vertex 39.1089 -75.763 7.69037
      vertex 39.1089 -75.437 7.69037
    endloop
  endfacet
  facet normal 0 0 1
    outer loop
      vertex 39.075 -75.4189 7.69037
      vertex 39.075 -75.7811 7.69037
      vertex 39.1089 -75.763 7.69037
    endloop
  endfacet
  facet normal 0 0 1
    outer loop
      vertex 39.0382 -75.4077 7.69037
      vertex 39.075 -75.7811 7.69037
      vertex 39.075 -75.4189 7.69037
    endloop
  endfacet
  facet normal 0 0 1
    outer loop
      vertex 39.0382 -75.4077 7.69037
      vertex 39.0382 -75.7923 7.69037
      vertex 39.075 -75.7811 7.69037
    endloop
  endfacet
  facet normal 0 0 1
    outer loop
      vertex 39 -75.404 7.69037
      vertex 39.0382 -75.7923 7.69037
      vertex 39.0382 -75.4077 7.69037
    endloop
  endfacet
  facet normal 0 0 1
    outer loop
      vertex 39 -75.404 7.69037
      vertex 39 -75.796 7.69037
      vertex 39.0382 -75.7923 7.69037
    endloop
  endfacet
  facet normal -0 0 1
    outer loop
      vertex 38.9618 -75.4077 7.69037
      vertex 39 -75.796 7.69037
      vertex 39 -75.404 7.69037
    endloop
  endfacet
  facet normal 0 0 1
    outer loop
      vertex 38.9618 -75.4077 7.69037
      vertex 38.9618 -75.7923 7.69037
      vertex 39 -75.796 7.69037
    endloop
  endfacet
  facet normal -0 0 1
    outer loop
      vertex 38.925 -75.4189 7.69037
      vertex 38.9618 -75.7923 7.69037
      vertex 38.9618 -75.4077 7.69037
    endloop
  endfacet
  facet normal 0 0 1
    outer loop
      vertex 38.925 -75.4189 7.69037
      vertex 38.925 -75.7811 7.69037
      vertex 38.9618 -75.7923 7.69037
    endloop
  endfacet
  facet normal -0 0 1
    outer loop
      vertex 38.8911 -75.437 7.69037
      vertex 38.925 -75.7811 7.69037
      vertex 38.925 -75.4189 7.69037
    endloop
  endfacet
  facet normal 0 0 1
    outer loop
      vertex 38.8911 -75.437 7.69037
      vertex 38.8911 -75.763 7.69037
      vertex 38.925 -75.7811 7.69037
    endloop
  endfacet
  facet normal -0 0 1
    outer loop
      vertex 38.8614 -75.4614 7.69037
      vertex 38.8911 -75.763 7.69037
      vertex 38.8911 -75.437 7.69037
    endloop
  endfacet
  facet normal 0 0 1
    outer loop
      vertex 38.8614 -75.4614 7.69037
      vertex 38.8614 -75.7386 7.69037
      vertex 38.8911 -75.763 7.69037
    endloop
  endfacet
  facet normal -0 0 1
    outer loop
      vertex 38.837 -75.4911 7.69037
      vertex 38.8614 -75.7386 7.69037
      vertex 38.8614 -75.4614 7.69037
    endloop
  endfacet
  facet normal 0 0 1
    outer loop
      vertex 38.837 -75.4911 7.69037
      vertex 38.837 -75.7089 7.69037
      vertex 38.8614 -75.7386 7.69037
    endloop
  endfacet
  facet normal -0 0 1
    outer loop
      vertex 38.8189 -75.525 7.69037
      vertex 38.837 -75.7089 7.69037
      vertex 38.837 -75.4911 7.69037
    endloop
  endfacet
  facet normal 0 0 1
    outer loop
      vertex 38.8189 -75.525 7.69037
      vertex 38.8189 -75.675 7.69037
      vertex 38.837 -75.7089 7.69037
    endloop
  endfacet
  facet normal -0 0 1
    outer loop
      vertex 38.8077 -75.5618 7.69037
      vertex 38.8189 -75.675 7.69037
      vertex 38.8189 -75.525 7.69037
    endloop
  endfacet
  facet normal 0 0 1
    outer loop
      vertex 38.8077 -75.5618 7.69037
      vertex 38.8077 -75.6382 7.69037
      vertex 38.8189 -75.675 7.69037
    endloop
  endfacet
  facet normal 0 -0 1
    outer loop
      vertex 38.8077 -75.6382 7.69037
      vertex 38.8077 -75.5618 7.69037
      vertex 38.804 -75.6 7.69037
    endloop
  endfacet
  facet normal -0.0925066 0.172782 0.980606
    outer loop
      vertex 38.7778 -75.0636 7.61388
      vertex 38.6775 -75.1173 7.61388
      vertex 38.925 -75.4189 7.69037
    endloop
  endfacet
  facet normal -0.0568366 0.187561 0.980607
    outer loop
      vertex 38.8867 -75.0306 7.61388
      vertex 38.7778 -75.0636 7.61388
      vertex 38.925 -75.4189 7.69037
    endloop
  endfacet
  facet normal 0.333987 -0.625228 0.705367
    outer loop
      vertex 39.7049 -76.655 7.24602
      vertex 39.4855 -76.7722 7.24602
      vertex 39.8589 -76.8855 6.96879
    endloop
  endfacet
  facet normal 0.449703 -0.547922 0.705372
    outer loop
      vertex 40.0932 -76.6932 6.96879
      vertex 39.7049 -76.655 7.24602
      vertex 39.8589 -76.8855 6.96879
    endloop
  endfacet
  facet normal 0.26269 -0.491601 0.830255
    outer loop
      vertex 39.5238 -76.3839 7.46384
      vertex 39.3608 -76.471 7.46384
      vertex 39.7049 -76.655 7.24602
    endloop
  endfacet
  facet normal 0.491635 -0.262708 0.830228
    outer loop
      vertex 39.871 -75.9608 7.46384
      vertex 39.7839 -76.1238 7.46384
      vertex 40.1722 -76.0855 7.24602
    endloop
  endfacet
  facet normal 0.0925066 -0.172782 0.980606
    outer loop
      vertex 39.3225 -76.0827 7.61388
      vertex 39.075 -75.7811 7.69037
      vertex 39.2222 -76.1364 7.61388
    endloop
  endfacet
  facet normal 0.0568366 -0.187561 0.980607
    outer loop
      vertex 39.2222 -76.1364 7.61388
      vertex 39.075 -75.7811 7.69037
      vertex 39.1133 -76.1694 7.61388
    endloop
  endfacet
  facet normal 0.195063 -0.0192824 0.980601
    outer loop
      vertex 39.5806 -75.6 7.61388
      vertex 39.1923 -75.6382 7.69037
      vertex 39.5694 -75.7133 7.61388
    endloop
  endfacet
  facet normal 0.195027 -0.01889 0.980616
    outer loop
      vertex 39.196 -75.6 7.69037
      vertex 39.1923 -75.6382 7.69037
      vertex 39.5806 -75.6 7.61388
    endloop
  endfacet
  facet normal 0.187583 -0.0568432 0.980603
    outer loop
      vertex 39.5694 -75.7133 7.61388
      vertex 39.1923 -75.6382 7.69037
      vertex 39.5364 -75.8222 7.61388
    endloop
  endfacet
  facet normal 0.187471 -0.0570563 0.980612
    outer loop
      vertex 39.1923 -75.6382 7.69037
      vertex 39.1811 -75.675 7.69037
      vertex 39.5364 -75.8222 7.61388
    endloop
  endfacet
  facet normal -0.643684 0.528336 0.553654
    outer loop
      vertex 37.7528 -74.3528 6.64279
      vertex 37.5334 -74.6201 6.64279
      vertex 37.9068 -74.5068 6.96879
    endloop
  endfacet
  facet normal -0.643692 0.528305 0.553673
    outer loop
      vertex 37.9068 -74.5068 6.96879
      vertex 37.5334 -74.6201 6.64279
      vertex 37.7145 -74.7411 6.96879
    endloop
  endfacet
  facet normal -0.0923292 0.172926 0.980598
    outer loop
      vertex 38.925 -75.4189 7.69037
      vertex 38.6775 -75.1173 7.61388
      vertex 38.8911 -75.437 7.69037
    endloop
  endfacet
  facet normal -0.124441 0.151471 0.980597
    outer loop
      vertex 38.8911 -75.437 7.69037
      vertex 38.6775 -75.1173 7.61388
      vertex 38.8614 -75.4614 7.69037
    endloop
  endfacet
  facet normal -0.297033 0.243702 0.923245
    outer loop
      vertex 38.5895 -75.1895 7.61388
      vertex 38.2161 -75.0762 7.46384
      vertex 38.5173 -75.2775 7.61388
    endloop
  endfacet
  facet normal -0.338711 0.181344 0.923249
    outer loop
      vertex 38.5173 -75.2775 7.61388
      vertex 38.2161 -75.0762 7.46384
      vertex 38.4636 -75.3778 7.61388
    endloop
  endfacet
  facet normal -0.172869 0.092299 0.980611
    outer loop
      vertex 38.837 -75.4911 7.69037
      vertex 38.4636 -75.3778 7.61388
      vertex 38.8189 -75.525 7.69037
    endloop
  endfacet
  facet normal 0.338711 -0.181344 0.923249
    outer loop
      vertex 39.5364 -75.8222 7.61388
      vertex 39.4827 -75.9225 7.61388
      vertex 39.7839 -76.1238 7.46384
    endloop
  endfacet
  facet normal 0.449674 -0.547986 0.70534
    outer loop
      vertex 39.8972 -76.4972 7.24602
      vertex 39.7049 -76.655 7.24602
      vertex 40.0932 -76.6932 6.96879
    endloop
  endfacet
  facet normal 0.151543 -0.124334 0.9806
    outer loop
      vertex 39.4827 -75.9225 7.61388
      vertex 39.163 -75.7089 7.69037
      vertex 39.4105 -76.0105 7.61388
    endloop
  endfacet
  facet normal 0.151443 -0.124418 0.980605
    outer loop
      vertex 39.163 -75.7089 7.69037
      vertex 39.1386 -75.7386 7.69037
      vertex 39.4105 -76.0105 7.61388
    endloop
  endfacet
  facet normal -0.547986 0.449674 0.70534
    outer loop
      vertex 38.1028 -74.7028 7.24602
      vertex 37.9068 -74.5068 6.96879
      vertex 37.945 -74.8951 7.24602
    endloop
  endfacet
  facet normal -0.430928 0.353616 0.830215
    outer loop
      vertex 38.1028 -74.7028 7.24602
      vertex 37.945 -74.8951 7.24602
      vertex 38.3333 -74.9333 7.46384
    endloop
  endfacet
  facet normal 0.431028 -0.35351 0.830208
    outer loop
      vertex 39.7839 -76.1238 7.46384
      vertex 39.6667 -76.2667 7.46384
      vertex 39.8972 -76.4972 7.24602
    endloop
  endfacet
  facet normal 0.430883 -0.35358 0.830253
    outer loop
      vertex 40.055 -76.3049 7.24602
      vertex 39.7839 -76.1238 7.46384
      vertex 39.8972 -76.4972 7.24602
    endloop
  endfacet
  facet normal 0.297058 -0.243633 0.923255
    outer loop
      vertex 39.7839 -76.1238 7.46384
      vertex 39.4105 -76.0105 7.61388
      vertex 39.6667 -76.2667 7.46384
    endloop
  endfacet
  facet normal 0.243683 -0.29701 0.923257
    outer loop
      vertex 39.4105 -76.0105 7.61388
      vertex 39.3225 -76.0827 7.61388
      vertex 39.6667 -76.2667 7.46384
    endloop
  endfacet
  facet normal 0.353461 -0.430968 0.83026
    outer loop
      vertex 39.6667 -76.2667 7.46384
      vertex 39.5238 -76.3839 7.46384
      vertex 39.7049 -76.655 7.24602
    endloop
  endfacet
  facet normal 0.243645 -0.297072 0.923247
    outer loop
      vertex 39.6667 -76.2667 7.46384
      vertex 39.3225 -76.0827 7.61388
      vertex 39.5238 -76.3839 7.46384
    endloop
  endfacet
  facet normal 0 0 -1
    outer loop
      vertex 45 -77.15 0
      vertex 35.4917 -74.15 0
      vertex 42.5083 -74.15 0
    endloop
  endfacet
  facet normal 0 -0 -1
    outer loop
      vertex 35.4917 -74.15 0
      vertex 45 -77.15 0
      vertex 33 -77.15 0
    endloop
  endfacet
  facet normal 0 0 -1
    outer loop
      vertex 49.65 -71.15 0
      vertex 45.138 -67.395 0
      vertex 45.15 -67.15 0
    endloop
  endfacet
  facet normal 0 0 -1
    outer loop
      vertex 46.944 -74.1355 0
      vertex 45.102 -67.6377 0
      vertex 45.138 -67.395 0
    endloop
  endfacet
  facet normal 0 0 -1
    outer loop
      vertex 46.944 -74.1355 0
      vertex 45.0423 -67.8757 0
      vertex 45.102 -67.6377 0
    endloop
  endfacet
  facet normal 0 0 -1
    outer loop
      vertex 46.944 -74.1355 0
      vertex 44.9597 -68.1067 0
      vertex 45.0423 -67.8757 0
    endloop
  endfacet
  facet normal 0 0 -1
    outer loop
      vertex 46.944 -74.1355 0
      vertex 44.8548 -68.3285 0
      vertex 44.9597 -68.1067 0
    endloop
  endfacet
  facet normal 0 0 -1
    outer loop
      vertex 46.944 -74.1355 0
      vertex 44.7287 -68.5389 0
      vertex 44.8548 -68.3285 0
    endloop
  endfacet
  facet normal 0 0 -1
    outer loop
      vertex 46.944 -74.1355 0
      vertex 44.5825 -68.736 0
      vertex 44.7287 -68.5389 0
    endloop
  endfacet
  facet normal 0 0 -1
    outer loop
      vertex 46.944 -74.1355 0
      vertex 44.4178 -68.9178 0
      vertex 44.5825 -68.736 0
    endloop
  endfacet
  facet normal 0 0 -1
    outer loop
      vertex 46.65 -74.15 0
      vertex 44.236 -69.0825 0
      vertex 44.4178 -68.9178 0
    endloop
  endfacet
  facet normal 0 0 -1
    outer loop
      vertex 46.65 -74.15 0
      vertex 44.0389 -69.2287 0
      vertex 44.236 -69.0825 0
    endloop
  endfacet
  facet normal 0 0 -1
    outer loop
      vertex 46.65 -74.15 0
      vertex 43.8285 -69.3548 0
      vertex 44.0389 -69.2287 0
    endloop
  endfacet
  facet normal 0 0 -1
    outer loop
      vertex 46.65 -74.15 0
      vertex 43.6067 -69.4597 0
      vertex 43.8285 -69.3548 0
    endloop
  endfacet
  facet normal 0 0 -1
    outer loop
      vertex 42.5083 -74.15 0
      vertex 43.6067 -69.4597 0
      vertex 46.65 -74.15 0
    endloop
  endfacet
  facet normal 0 0 -1
    outer loop
      vertex 43.6067 -69.4597 0
      vertex 42.5083 -74.15 0
      vertex 43.3757 -69.5423 0
    endloop
  endfacet
  facet normal 0 0 -1
    outer loop
      vertex 43.3757 -69.5423 0
      vertex 42.5083 -74.15 0
      vertex 43.1377 -69.602 0
    endloop
  endfacet
  facet normal 0 0 -1
    outer loop
      vertex 43.1377 -69.602 0
      vertex 42.5083 -74.15 0
      vertex 42.895 -69.638 0
    endloop
  endfacet
  facet normal 0 0 -1
    outer loop
      vertex 42.895 -69.638 0
      vertex 42.5083 -74.15 0
      vertex 42.65 -69.65 0
    endloop
  endfacet
  facet normal 0 0 -1
    outer loop
      vertex 35.4917 -74.15 0
      vertex 42.65 -69.65 0
      vertex 42.5083 -74.15 0
    endloop
  endfacet
  facet normal 0 0 -1
    outer loop
      vertex -32.6804 -71 0
      vertex 42.65 -69.65 0
      vertex 35.4917 -74.15 0
    endloop
  endfacet
  facet normal 0 0 -1
    outer loop
      vertex -32.6804 -71 0
      vertex -42.65 -69.65 0
      vertex 42.65 -69.65 0
    endloop
  endfacet
  facet normal 0 0 -1
    outer loop
      vertex -45.3196 -71 0
      vertex -42.65 -69.65 0
      vertex -32.6804 -71 0
    endloop
  endfacet
  facet normal -0 0 -1
    outer loop
      vertex -42.65 -69.65 0
      vertex -45.3196 -71 0
      vertex -42.895 -69.638 0
    endloop
  endfacet
  facet normal 0 0 -1
    outer loop
      vertex -45.3196 -71 0
      vertex -43.1377 -69.602 0
      vertex -42.895 -69.638 0
    endloop
  endfacet
  facet normal 0 0 -1
    outer loop
      vertex -45.3196 -71 0
      vertex -43.3757 -69.5423 0
      vertex -43.1377 -69.602 0
    endloop
  endfacet
  facet normal 0 0 -1
    outer loop
      vertex -45.3196 -71 0
      vertex -43.6067 -69.4597 0
      vertex -43.3757 -69.5423 0
    endloop
  endfacet
  facet normal 0 0 -1
    outer loop
      vertex -45.3196 -71 0
      vertex -43.8285 -69.3548 0
      vertex -43.6067 -69.4597 0
    endloop
  endfacet
  facet normal 0 0 -1
    outer loop
      vertex -45.3196 -71 0
      vertex -44.0389 -69.2287 0
      vertex -43.8285 -69.3548 0
    endloop
  endfacet
  facet normal 0 0 -1
    outer loop
      vertex -45.3196 -71 0
      vertex -44.236 -69.0825 0
      vertex -44.0389 -69.2287 0
    endloop
  endfacet
  facet normal 0 0 -1
    outer loop
      vertex -45.3196 -71 0
      vertex -44.4178 -68.9178 0
      vertex -44.236 -69.0825 0
    endloop
  endfacet
  facet normal 0 0 -1
    outer loop
      vertex -45.3196 -71 0
      vertex -44.5825 -68.736 0
      vertex -44.4178 -68.9178 0
    endloop
  endfacet
  facet normal 0 0 -1
    outer loop
      vertex -45.3196 -71 0
      vertex -44.7287 -68.5389 0
      vertex -44.5825 -68.736 0
    endloop
  endfacet
  facet normal 0 0 -1
    outer loop
      vertex -45.3196 -71 0
      vertex -44.8548 -68.3285 0
      vertex -44.7287 -68.5389 0
    endloop
  endfacet
  facet normal 0 0 -1
    outer loop
      vertex -45.3196 -71 0
      vertex -44.9597 -68.1067 0
      vertex -44.8548 -68.3285 0
    endloop
  endfacet
  facet normal 0 0 -1
    outer loop
      vertex -49.65 -71.15 0
      vertex -44.9597 -68.1067 0
      vertex -45.3196 -71 0
    endloop
  endfacet
  facet normal -0 0 -1
    outer loop
      vertex -44.9597 -68.1067 0
      vertex -49.65 -71.15 0
      vertex -45.0423 -67.8757 0
    endloop
  endfacet
  facet normal -0 0 -1
    outer loop
      vertex -45.0423 -67.8757 0
      vertex -49.65 -71.15 0
      vertex -45.102 -67.6377 0
    endloop
  endfacet
  facet normal -0 0 -1
    outer loop
      vertex -45.102 -67.6377 0
      vertex -49.65 -71.15 0
      vertex -45.138 -67.395 0
    endloop
  endfacet
  facet normal -0 0 -1
    outer loop
      vertex -45.138 -67.395 0
      vertex -49.65 -71.15 0
      vertex -45.15 -67.15 0
    endloop
  endfacet
  facet normal 0 0 -1
    outer loop
      vertex -45.15 -67.15 0
      vertex -46.5 -58.3196 0
      vertex -46.5 -45.6804 0
    endloop
  endfacet
  facet normal 0 0 -1
    outer loop
      vertex -45.15 -67.15 0
      vertex -46.5 -45.6804 0
      vertex -45.15 -28 0
    endloop
  endfacet
  facet normal 0 0 -1
    outer loop
      vertex -46.5 -45.6804 0
      vertex -47.15 -28 0
      vertex -45.15 -28 0
    endloop
  endfacet
  facet normal 0 0 -1
    outer loop
      vertex -49.65 48.4917 0
      vertex -47.15 28 0
      vertex -47.15 -28 0
    endloop
  endfacet
  facet normal 0 0 -1
    outer loop
      vertex -47.15 28 0
      vertex -49.65 48.4917 0
      vertex -47.2353 74.0923 0
    endloop
  endfacet
  facet normal 0 0 -1
    outer loop
      vertex -49.65 55.5083 0
      vertex -47.2353 74.0923 0
      vertex -49.65 48.4917 0
    endloop
  endfacet
  facet normal 0 0 -1
    outer loop
      vertex -49.65 71.15 0
      vertex -47.2353 74.0923 0
      vertex -49.65 55.5083 0
    endloop
  endfacet
  facet normal 0 0 -1
    outer loop
      vertex -47.2353 74.0923 0
      vertex -49.65 71.15 0
      vertex -47.5208 74.0208 0
    endloop
  endfacet
  facet normal 0 0 -1
    outer loop
      vertex -47.5208 74.0208 0
      vertex -49.65 71.15 0
      vertex -47.798 73.9216 0
    endloop
  endfacet
  facet normal 0 0 -1
    outer loop
      vertex -47.798 73.9216 0
      vertex -49.65 71.15 0
      vertex -48.0642 73.7958 0
    endloop
  endfacet
  facet normal 0 0 -1
    outer loop
      vertex -48.0642 73.7958 0
      vertex -49.65 71.15 0
      vertex -48.3167 73.6444 0
    endloop
  endfacet
  facet normal 0 0 -1
    outer loop
      vertex -48.3167 73.6444 0
      vertex -49.65 71.15 0
      vertex -48.5532 73.469 0
    endloop
  endfacet
  facet normal 0 0 -1
    outer loop
      vertex -48.5532 73.469 0
      vertex -49.65 71.15 0
      vertex -48.7713 73.2713 0
    endloop
  endfacet
  facet normal 0 0 -1
    outer loop
      vertex -48.7713 73.2713 0
      vertex -49.65 71.15 0
      vertex -48.969 73.0532 0
    endloop
  endfacet
  facet normal 0 0 -1
    outer loop
      vertex -48.969 73.0532 0
      vertex -49.65 71.15 0
      vertex -49.1444 72.8167 0
    endloop
  endfacet
  facet normal 0 0 -1
    outer loop
      vertex -49.1444 72.8167 0
      vertex -49.65 71.15 0
      vertex -49.2958 72.5642 0
    endloop
  endfacet
  facet normal 0 0 -1
    outer loop
      vertex -49.2958 72.5642 0
      vertex -49.65 71.15 0
      vertex -49.4216 72.298 0
    endloop
  endfacet
  facet normal 0 0 -1
    outer loop
      vertex -49.65 -48.2967 0
      vertex -47.15 -28 0
      vertex -46.5 -45.6804 0
    endloop
  endfacet
  facet normal 0 0 -1
    outer loop
      vertex -49.65 48.4917 0
      vertex -47.15 -28 0
      vertex -49.65 -48.2967 0
    endloop
  endfacet
  facet normal 0 0 -1
    outer loop
      vertex -49.4216 72.298 0
      vertex -49.65 71.15 0
      vertex -49.5208 72.0208 0
    endloop
  endfacet
  facet normal 0 0 -1
    outer loop
      vertex -49.5208 72.0208 0
      vertex -49.65 71.15 0
      vertex -49.5923 71.7353 0
    endloop
  endfacet
  facet normal 0 0 -1
    outer loop
      vertex -49.5923 71.7353 0
      vertex -49.65 71.15 0
      vertex -49.6355 71.444 0
    endloop
  endfacet
  facet normal -0 0 -1
    outer loop
      vertex 49.65 -55.5083 0
      vertex 45.15 -67.15 0
      vertex 49.65 -48.4917 0
    endloop
  endfacet
  facet normal 0 0 -1
    outer loop
      vertex 44.4178 -68.9178 0
      vertex 46.944 -74.1355 0
      vertex 46.65 -74.15 0
    endloop
  endfacet
  facet normal 0 0 -1
    outer loop
      vertex 45.15 -28 0
      vertex 49.65 -48.4917 0
      vertex 45.15 -67.15 0
    endloop
  endfacet
  facet normal 0 0 -1
    outer loop
      vertex 49.65 -48.4917 0
      vertex 45.15 -28 0
      vertex 47.15 -28 0
    endloop
  endfacet
  facet normal 0 0 -1
    outer loop
      vertex 46.944 -74.1355 0
      vertex 49.65 -71.15 0
      vertex 47.2353 -74.0923 0
    endloop
  endfacet
  facet normal 0 0 -1
    outer loop
      vertex 45.138 -67.395 0
      vertex 49.65 -71.15 0
      vertex 46.944 -74.1355 0
    endloop
  endfacet
  facet normal 0 0 -1
    outer loop
      vertex 47.2353 -74.0923 0
      vertex 49.65 -71.15 0
      vertex 49.6355 -71.444 0
    endloop
  endfacet
  facet normal 0 0 -1
    outer loop
      vertex 47.2353 -74.0923 0
      vertex 49.6355 -71.444 0
      vertex 49.5923 -71.7353 0
    endloop
  endfacet
  facet normal 0 0 -1
    outer loop
      vertex 47.2353 -74.0923 0
      vertex 49.5923 -71.7353 0
      vertex 49.5208 -72.0208 0
    endloop
  endfacet
  facet normal 0 0 -1
    outer loop
      vertex 47.2353 -74.0923 0
      vertex 49.5208 -72.0208 0
      vertex 49.4216 -72.298 0
    endloop
  endfacet
  facet normal 0 0 -1
    outer loop
      vertex 47.2353 -74.0923 0
      vertex 49.4216 -72.298 0
      vertex 49.2958 -72.5642 0
    endloop
  endfacet
  facet normal 0 0 -1
    outer loop
      vertex 47.2353 -74.0923 0
      vertex 49.2958 -72.5642 0
      vertex 49.1444 -72.8167 0
    endloop
  endfacet
  facet normal 0 0 -1
    outer loop
      vertex 47.2353 -74.0923 0
      vertex 49.1444 -72.8167 0
      vertex 48.969 -73.0532 0
    endloop
  endfacet
  facet normal 0 0 -1
    outer loop
      vertex 47.2353 -74.0923 0
      vertex 48.969 -73.0532 0
      vertex 48.7713 -73.2713 0
    endloop
  endfacet
  facet normal 0 0 -1
    outer loop
      vertex 47.2353 -74.0923 0
      vertex 48.7713 -73.2713 0
      vertex 48.5532 -73.469 0
    endloop
  endfacet
  facet normal 0 0 -1
    outer loop
      vertex 47.2353 -74.0923 0
      vertex 48.5532 -73.469 0
      vertex 48.3167 -73.6444 0
    endloop
  endfacet
  facet normal 0 0 -1
    outer loop
      vertex 47.2353 -74.0923 0
      vertex 48.3167 -73.6444 0
      vertex 48.0642 -73.7958 0
    endloop
  endfacet
  facet normal 0 0 -1
    outer loop
      vertex 47.2353 -74.0923 0
      vertex 48.0642 -73.7958 0
      vertex 47.798 -73.9216 0
    endloop
  endfacet
  facet normal 0 0 -1
    outer loop
      vertex 47.2353 -74.0923 0
      vertex 47.798 -73.9216 0
      vertex 47.5208 -74.0208 0
    endloop
  endfacet
  facet normal 0 0 -1
    outer loop
      vertex 49.65 -71.15 0
      vertex 45.15 -67.15 0
      vertex 49.65 -55.5083 0
    endloop
  endfacet
  facet normal 0 0 -1
    outer loop
      vertex 49.65 -48.4917 0
      vertex 47.15 -28 0
      vertex 49.65 48.2967 0
    endloop
  endfacet
  facet normal 0 0 -1
    outer loop
      vertex 47.15 28 0
      vertex 49.65 48.2967 0
      vertex 47.15 -28 0
    endloop
  endfacet
  facet normal 0 0 -1
    outer loop
      vertex 47.15 28 0
      vertex 46.5 45.6804 0
      vertex 49.65 48.2967 0
    endloop
  endfacet
  facet normal 0 0 -1
    outer loop
      vertex 45.15 67.15 0
      vertex 46.5 58.3196 0
      vertex 46.5 45.6804 0
    endloop
  endfacet
  facet normal 0 0 -1
    outer loop
      vertex 45.15 28 0
      vertex 46.5 45.6804 0
      vertex 47.15 28 0
    endloop
  endfacet
  facet normal -0 0 -1
    outer loop
      vertex 46.5 45.6804 0
      vertex 45.15 28 0
      vertex 45.15 67.15 0
    endloop
  endfacet
  facet normal 0 0 -1
    outer loop
      vertex 46.5 58.3196 0
      vertex 45.15 67.15 0
      vertex 45.3196 71 0
    endloop
  endfacet
  facet normal 0 0 -1
    outer loop
      vertex 45.138 67.395 0
      vertex 45.3196 71 0
      vertex 45.15 67.15 0
    endloop
  endfacet
  facet normal 0 0 -1
    outer loop
      vertex 45.102 67.6377 0
      vertex 45.3196 71 0
      vertex 45.138 67.395 0
    endloop
  endfacet
  facet normal 0 0 -1
    outer loop
      vertex 45.0423 67.8757 0
      vertex 45.3196 71 0
      vertex 45.102 67.6377 0
    endloop
  endfacet
  facet normal 0 0 -1
    outer loop
      vertex 44.9597 68.1067 0
      vertex 45.3196 71 0
      vertex 45.0423 67.8757 0
    endloop
  endfacet
  facet normal 0 0 -1
    outer loop
      vertex 44.8548 68.3285 0
      vertex 45.3196 71 0
      vertex 44.9597 68.1067 0
    endloop
  endfacet
  facet normal 0 0 -1
    outer loop
      vertex 44.7287 68.5389 0
      vertex 45.3196 71 0
      vertex 44.8548 68.3285 0
    endloop
  endfacet
  facet normal 0 0 -1
    outer loop
      vertex 44.5825 68.736 0
      vertex 45.3196 71 0
      vertex 44.7287 68.5389 0
    endloop
  endfacet
  facet normal 0 0 -1
    outer loop
      vertex 44.4178 68.9178 0
      vertex 45.3196 71 0
      vertex 44.5825 68.736 0
    endloop
  endfacet
  facet normal 0 0 -1
    outer loop
      vertex 44.236 69.0825 0
      vertex 45.3196 71 0
      vertex 44.4178 68.9178 0
    endloop
  endfacet
  facet normal 0 0 -1
    outer loop
      vertex 44.0389 69.2287 0
      vertex 45.3196 71 0
      vertex 44.236 69.0825 0
    endloop
  endfacet
  facet normal 0 0 -1
    outer loop
      vertex 43.8285 69.3548 0
      vertex 45.3196 71 0
      vertex 44.0389 69.2287 0
    endloop
  endfacet
  facet normal 0 0 -1
    outer loop
      vertex 43.6067 69.4597 0
      vertex 45.3196 71 0
      vertex 43.8285 69.3548 0
    endloop
  endfacet
  facet normal 0 0 -1
    outer loop
      vertex 43.3757 69.5423 0
      vertex 45.3196 71 0
      vertex 43.6067 69.4597 0
    endloop
  endfacet
  facet normal 0 0 -1
    outer loop
      vertex 43.1377 69.602 0
      vertex 45.3196 71 0
      vertex 43.3757 69.5423 0
    endloop
  endfacet
  facet normal 0 0 -1
    outer loop
      vertex 42.895 69.638 0
      vertex 45.3196 71 0
      vertex 43.1377 69.602 0
    endloop
  endfacet
  facet normal 0 0 -1
    outer loop
      vertex 42.65 69.65 0
      vertex 45.3196 71 0
      vertex 42.895 69.638 0
    endloop
  endfacet
  facet normal 0 0 -1
    outer loop
      vertex 42.65 69.65 0
      vertex 32.6804 71 0
      vertex 45.3196 71 0
    endloop
  endfacet
  facet normal 0 -0 -1
    outer loop
      vertex 32.6804 71 0
      vertex 42.65 69.65 0
      vertex 20 69.65 0
    endloop
  endfacet
  facet normal 0 0 -1
    outer loop
      vertex 49.65 -55.5083 0
      vertex 52.65 -46 0
      vertex 52.65 -58 0
    endloop
  endfacet
  facet normal 0 0 -1
    outer loop
      vertex 52.65 -46 0
      vertex 49.65 -55.5083 0
      vertex 49.65 -48.4917 0
    endloop
  endfacet
  facet normal 0 0 -1
    outer loop
      vertex 46.5 58.3196 0
      vertex 49.65 71.15 0
      vertex 49.65 55.7033 0
    endloop
  endfacet
  facet normal 0 0 -1
    outer loop
      vertex 45.3196 71 0
      vertex 49.65 71.15 0
      vertex 46.5 58.3196 0
    endloop
  endfacet
  facet normal -0 0 -1
    outer loop
      vertex 49.65 71.15 0
      vertex 45.3196 71 0
      vertex 49.6355 71.444 0
    endloop
  endfacet
  facet normal -0 0 -1
    outer loop
      vertex 49.6355 71.444 0
      vertex 45.3196 71 0
      vertex 49.5923 71.7353 0
    endloop
  endfacet
  facet normal -0 0 -1
    outer loop
      vertex 49.5923 71.7353 0
      vertex 45.3196 71 0
      vertex 49.5208 72.0208 0
    endloop
  endfacet
  facet normal -0 0 -1
    outer loop
      vertex 49.5208 72.0208 0
      vertex 45.3196 71 0
      vertex 49.4216 72.298 0
    endloop
  endfacet
  facet normal -0 0 -1
    outer loop
      vertex 49.4216 72.298 0
      vertex 45.3196 71 0
      vertex 49.2958 72.5642 0
    endloop
  endfacet
  facet normal -0 0 -1
    outer loop
      vertex 49.2958 72.5642 0
      vertex 45.3196 71 0
      vertex 49.1444 72.8167 0
    endloop
  endfacet
  facet normal -0 0 -1
    outer loop
      vertex 49.1444 72.8167 0
      vertex 45.3196 71 0
      vertex 48.969 73.0532 0
    endloop
  endfacet
  facet normal -0 0 -1
    outer loop
      vertex 48.969 73.0532 0
      vertex 45.3196 71 0
      vertex 48.7713 73.2713 0
    endloop
  endfacet
  facet normal -0 0 -1
    outer loop
      vertex 48.7713 73.2713 0
      vertex 45.3196 71 0
      vertex 48.5532 73.469 0
    endloop
  endfacet
  facet normal -0 0 -1
    outer loop
      vertex 48.5532 73.469 0
      vertex 45.3196 71 0
      vertex 48.3167 73.6444 0
    endloop
  endfacet
  facet normal -0 0 -1
    outer loop
      vertex 48.3167 73.6444 0
      vertex 45.3196 71 0
      vertex 48.0642 73.7958 0
    endloop
  endfacet
  facet normal -0 0 -1
    outer loop
      vertex 47.798 73.9216 0
      vertex 45.3196 71 0
      vertex 47.5208 74.0208 0
    endloop
  endfacet
  facet normal -0 0 -1
    outer loop
      vertex 47.5208 74.0208 0
      vertex 45.3196 71 0
      vertex 47.2353 74.0923 0
    endloop
  endfacet
  facet normal -0 0 -1
    outer loop
      vertex 47.2353 74.0923 0
      vertex 45.3196 71 0
      vertex 46.944 74.1355 0
    endloop
  endfacet
  facet normal -0 0 -1
    outer loop
      vertex 48.0642 73.7958 0
      vertex 45.3196 71 0
      vertex 47.798 73.9216 0
    endloop
  endfacet
  facet normal -0 0 -1
    outer loop
      vertex 46.944 74.1355 0
      vertex 45.3196 71 0
      vertex 46.65 74.15 0
    endloop
  endfacet
  facet normal -0 0 -1
    outer loop
      vertex 46.65 74.15 0
      vertex 45.3196 71 0
      vertex 42.7033 74.15 0
    endloop
  endfacet
  facet normal 0 0 -1
    outer loop
      vertex 20 71.65 0
      vertex 32.6804 71 0
      vertex 20 69.65 0
    endloop
  endfacet
  facet normal 0 0 -1
    outer loop
      vertex 32.6804 71 0
      vertex 20 71.65 0
      vertex 35.2967 74.15 0
    endloop
  endfacet
  facet normal 0 0 -1
    outer loop
      vertex -20 71.65 0
      vertex 35.2967 74.15 0
      vertex 20 71.65 0
    endloop
  endfacet
  facet normal -0 0 -1
    outer loop
      vertex 35.2967 74.15 0
      vertex -20 71.65 0
      vertex -35.4917 74.15 0
    endloop
  endfacet
  facet normal 0 0 -1
    outer loop
      vertex 35.4917 -74.15 0
      vertex -35.2967 -74.15 0
      vertex -32.6804 -71 0
    endloop
  endfacet
  facet normal 0 0 -1
    outer loop
      vertex -20 69.65 0
      vertex -35.4917 74.15 0
      vertex -20 71.65 0
    endloop
  endfacet
  facet normal 0 0 -1
    outer loop
      vertex -42.65 69.65 0
      vertex -35.4917 74.15 0
      vertex -20 69.65 0
    endloop
  endfacet
  facet normal -0 0 -1
    outer loop
      vertex -35.4917 74.15 0
      vertex -42.65 69.65 0
      vertex -42.5083 74.15 0
    endloop
  endfacet
  facet normal 0 0 -1
    outer loop
      vertex -42.895 69.638 0
      vertex -42.5083 74.15 0
      vertex -42.65 69.65 0
    endloop
  endfacet
  facet normal 0 0 -1
    outer loop
      vertex -43.1377 69.602 0
      vertex -42.5083 74.15 0
      vertex -42.895 69.638 0
    endloop
  endfacet
  facet normal 0 0 -1
    outer loop
      vertex -43.3757 69.5423 0
      vertex -42.5083 74.15 0
      vertex -43.1377 69.602 0
    endloop
  endfacet
  facet normal 0 0 -1
    outer loop
      vertex -43.6067 69.4597 0
      vertex -42.5083 74.15 0
      vertex -43.3757 69.5423 0
    endloop
  endfacet
  facet normal 0 0 -1
    outer loop
      vertex -46.65 74.15 0
      vertex -43.6067 69.4597 0
      vertex -43.8285 69.3548 0
    endloop
  endfacet
  facet normal 0 0 -1
    outer loop
      vertex -46.65 74.15 0
      vertex -43.8285 69.3548 0
      vertex -44.0389 69.2287 0
    endloop
  endfacet
  facet normal 0 0 -1
    outer loop
      vertex -46.65 74.15 0
      vertex -44.0389 69.2287 0
      vertex -44.236 69.0825 0
    endloop
  endfacet
  facet normal 0 0 -1
    outer loop
      vertex -46.65 74.15 0
      vertex -44.236 69.0825 0
      vertex -44.4178 68.9178 0
    endloop
  endfacet
  facet normal 0 0 -1
    outer loop
      vertex -47.2353 74.0923 0
      vertex -44.4178 68.9178 0
      vertex -44.5825 68.736 0
    endloop
  endfacet
  facet normal 0 0 -1
    outer loop
      vertex -47.2353 74.0923 0
      vertex -44.5825 68.736 0
      vertex -44.7287 68.5389 0
    endloop
  endfacet
  facet normal 0 0 -1
    outer loop
      vertex -47.2353 74.0923 0
      vertex -44.7287 68.5389 0
      vertex -44.8548 68.3285 0
    endloop
  endfacet
  facet normal 0 0 -1
    outer loop
      vertex -47.2353 74.0923 0
      vertex -44.8548 68.3285 0
      vertex -44.9597 68.1067 0
    endloop
  endfacet
  facet normal 0 0 -1
    outer loop
      vertex -43.6067 69.4597 0
      vertex -46.65 74.15 0
      vertex -42.5083 74.15 0
    endloop
  endfacet
  facet normal 0 0 -1
    outer loop
      vertex -47.2353 74.0923 0
      vertex -44.9597 68.1067 0
      vertex -45.0423 67.8757 0
    endloop
  endfacet
  facet normal 0 0 -1
    outer loop
      vertex -47.2353 74.0923 0
      vertex -45.0423 67.8757 0
      vertex -45.102 67.6377 0
    endloop
  endfacet
  facet normal 0 0 -1
    outer loop
      vertex -47.2353 74.0923 0
      vertex -45.102 67.6377 0
      vertex -45.138 67.395 0
    endloop
  endfacet
  facet normal 0 0 -1
    outer loop
      vertex -47.2353 74.0923 0
      vertex -45.138 67.395 0
      vertex -45.15 67.15 0
    endloop
  endfacet
  facet normal 0 0 -1
    outer loop
      vertex -52.65 46 0
      vertex -49.65 55.5083 0
      vertex -49.65 48.4917 0
    endloop
  endfacet
  facet normal -0 0 -1
    outer loop
      vertex -49.65 55.5083 0
      vertex -52.65 46 0
      vertex -52.65 58 0
    endloop
  endfacet
  facet normal 0 0 -1
    outer loop
      vertex -46.65 -74.15 0
      vertex -45.3196 -71 0
      vertex -42.7033 -74.15 0
    endloop
  endfacet
  facet normal 0 0 -1
    outer loop
      vertex -46.944 -74.1355 0
      vertex -45.3196 -71 0
      vertex -46.65 -74.15 0
    endloop
  endfacet
  facet normal 0 0 -1
    outer loop
      vertex -47.2353 -74.0923 0
      vertex -45.3196 -71 0
      vertex -46.944 -74.1355 0
    endloop
  endfacet
  facet normal 0 0 -1
    outer loop
      vertex -47.5208 -74.0208 0
      vertex -45.3196 -71 0
      vertex -47.2353 -74.0923 0
    endloop
  endfacet
  facet normal 0 0 -1
    outer loop
      vertex -47.798 -73.9216 0
      vertex -45.3196 -71 0
      vertex -47.5208 -74.0208 0
    endloop
  endfacet
  facet normal 0 0 -1
    outer loop
      vertex -48.0642 -73.7958 0
      vertex -45.3196 -71 0
      vertex -47.798 -73.9216 0
    endloop
  endfacet
  facet normal 0 0 -1
    outer loop
      vertex -48.3167 -73.6444 0
      vertex -45.3196 -71 0
      vertex -48.0642 -73.7958 0
    endloop
  endfacet
  facet normal 0 0 -1
    outer loop
      vertex -48.5532 -73.469 0
      vertex -45.3196 -71 0
      vertex -48.3167 -73.6444 0
    endloop
  endfacet
  facet normal 0 0 -1
    outer loop
      vertex -48.7713 -73.2713 0
      vertex -45.3196 -71 0
      vertex -48.5532 -73.469 0
    endloop
  endfacet
  facet normal 0 0 -1
    outer loop
      vertex -48.969 -73.0532 0
      vertex -45.3196 -71 0
      vertex -48.7713 -73.2713 0
    endloop
  endfacet
  facet normal 0 0 -1
    outer loop
      vertex -49.1444 -72.8167 0
      vertex -45.3196 -71 0
      vertex -48.969 -73.0532 0
    endloop
  endfacet
  facet normal 0 0 -1
    outer loop
      vertex -49.2958 -72.5642 0
      vertex -45.3196 -71 0
      vertex -49.1444 -72.8167 0
    endloop
  endfacet
  facet normal 0 0 -1
    outer loop
      vertex -49.4216 -72.298 0
      vertex -45.3196 -71 0
      vertex -49.2958 -72.5642 0
    endloop
  endfacet
  facet normal 0 0 -1
    outer loop
      vertex -49.5208 -72.0208 0
      vertex -45.3196 -71 0
      vertex -49.4216 -72.298 0
    endloop
  endfacet
  facet normal 0 0 -1
    outer loop
      vertex -49.5923 -71.7353 0
      vertex -45.3196 -71 0
      vertex -49.5208 -72.0208 0
    endloop
  endfacet
  facet normal 0 0 -1
    outer loop
      vertex -49.6355 -71.444 0
      vertex -45.3196 -71 0
      vertex -49.5923 -71.7353 0
    endloop
  endfacet
  facet normal 0 0 -1
    outer loop
      vertex -45.3196 -71 0
      vertex -49.6355 -71.444 0
      vertex -49.65 -71.15 0
    endloop
  endfacet
  facet normal -0 0 -1
    outer loop
      vertex -45.15 -67.15 0
      vertex -49.65 -71.15 0
      vertex -46.5 -58.3196 0
    endloop
  endfacet
  facet normal -0 0 -1
    outer loop
      vertex -46.5 -58.3196 0
      vertex -49.65 -71.15 0
      vertex -49.65 -55.7033 0
    endloop
  endfacet
  facet normal 0 0 -1
    outer loop
      vertex -47.15 28 0
      vertex -45.15 67.15 0
      vertex -45.15 28 0
    endloop
  endfacet
  facet normal 0 0 -1
    outer loop
      vertex -44.4178 68.9178 0
      vertex -47.2353 74.0923 0
      vertex -46.65 74.15 0
    endloop
  endfacet
  facet normal -0 0 -1
    outer loop
      vertex -45.15 67.15 0
      vertex -47.15 28 0
      vertex -47.2353 74.0923 0
    endloop
  endfacet
  facet normal 0 0 -1
    outer loop
      vertex -46.65 74.15 0
      vertex -47.2353 74.0923 0
      vertex -46.944 74.1355 0
    endloop
  endfacet
  facet normal 0 0 -1
    outer loop
      vertex -42.5083 74.15 0
      vertex -33 77.15 0
      vertex -35.4917 74.15 0
    endloop
  endfacet
  facet normal -0 0 -1
    outer loop
      vertex -33 77.15 0
      vertex -42.5083 74.15 0
      vertex -45 77.15 0
    endloop
  endfacet
  facet normal -0 0 1
    outer loop
      vertex -49.7072 50.6072 6
      vertex -49.65 48.4917 6
      vertex -49.5266 50.8273 6
    endloop
  endfacet
  facet normal -0 0 1
    outer loop
      vertex -49.7856 50.5429 6
      vertex -49.65 48.4917 6
      vertex -49.7072 50.6072 6
    endloop
  endfacet
  facet normal -0 0 1
    outer loop
      vertex -50.0057 50.3623 6
      vertex -49.65 48.4917 6
      vertex -49.7856 50.5429 6
    endloop
  endfacet
  facet normal -0 0 1
    outer loop
      vertex -50.2568 50.2281 6
      vertex -49.65 48.4917 6
      vertex -50.0057 50.3623 6
    endloop
  endfacet
  facet normal -0 0 1
    outer loop
      vertex -50.3462 50.1802 6
      vertex -49.65 48.4917 6
      vertex -50.2568 50.2281 6
    endloop
  endfacet
  facet normal -0 0 1
    outer loop
      vertex -50.4433 50.1508 6
      vertex -49.65 48.4917 6
      vertex -50.3462 50.1802 6
    endloop
  endfacet
  facet normal -0 0 1
    outer loop
      vertex -50.7157 50.0682 6
      vertex -49.65 48.4917 6
      vertex -50.4433 50.1508 6
    endloop
  endfacet
  facet normal -0 0 1
    outer loop
      vertex -50.8167 50.0582 6
      vertex -49.65 48.4917 6
      vertex -50.7157 50.0682 6
    endloop
  endfacet
  facet normal -0 0 1
    outer loop
      vertex -51.1 50.0303 6
      vertex -49.65 48.4917 6
      vertex -50.8167 50.0582 6
    endloop
  endfacet
  facet normal 0 0 1
    outer loop
      vertex -51.3833 50.0582 6
      vertex -49.65 48.4917 6
      vertex -51.1 50.0303 6
    endloop
  endfacet
  facet normal 0 0 1
    outer loop
      vertex -51.4843 50.0682 6
      vertex -49.65 48.4917 6
      vertex -51.3833 50.0582 6
    endloop
  endfacet
  facet normal 0 0 1
    outer loop
      vertex -52.65 46 6
      vertex -51.4843 50.0682 6
      vertex -51.7567 50.1508 6
    endloop
  endfacet
  facet normal 0 0 1
    outer loop
      vertex -52.65 46 6
      vertex -51.7567 50.1508 6
      vertex -51.8538 50.1802 6
    endloop
  endfacet
  facet normal 0 0 1
    outer loop
      vertex -52.65 46 6
      vertex -51.8538 50.1802 6
      vertex -51.9432 50.2281 6
    endloop
  endfacet
  facet normal 0 0 1
    outer loop
      vertex -52.65 46 6
      vertex -51.9432 50.2281 6
      vertex -52.1943 50.3623 6
    endloop
  endfacet
  facet normal 0 0 1
    outer loop
      vertex -51.4843 50.0682 6
      vertex -52.65 46 6
      vertex -49.65 48.4917 6
    endloop
  endfacet
  facet normal 0 0 1
    outer loop
      vertex -52.4144 50.5429 6
      vertex -52.65 46 6
      vertex -52.1943 50.3623 6
    endloop
  endfacet
  facet normal 0 0 1
    outer loop
      vertex -52.4928 50.6072 6
      vertex -52.65 46 6
      vertex -52.4144 50.5429 6
    endloop
  endfacet
  facet normal 0 0 1
    outer loop
      vertex -52.65 46 6
      vertex -52.4928 50.6072 6
      vertex -52.65 50.7988 6
    endloop
  endfacet
  facet normal 0 0 1
    outer loop
      vertex -45.15 67.15 6
      vertex -49.1403 52.1009 6
      vertex -49.1303 52 6
    endloop
  endfacet
  facet normal 0 0 1
    outer loop
      vertex -49.65 71.15 6
      vertex -48.969 73.0532 6
      vertex -49.1444 72.8167 6
    endloop
  endfacet
  facet normal 0 0 1
    outer loop
      vertex -47.5208 74.0208 6
      vertex -49.1682 52.3843 6
      vertex -49.1403 52.1009 6
    endloop
  endfacet
  facet normal 0 0 1
    outer loop
      vertex -47.5208 74.0208 6
      vertex -49.65 55.5083 6
      vertex -49.1682 52.3843 6
    endloop
  endfacet
  facet normal 0 0 1
    outer loop
      vertex -49.1682 52.3843 6
      vertex -49.65 55.5083 6
      vertex -49.2508 52.6567 6
    endloop
  endfacet
  facet normal 0 0 1
    outer loop
      vertex -49.65 71.15 6
      vertex -49.1444 72.8167 6
      vertex -49.2958 72.5642 6
    endloop
  endfacet
  facet normal 0 0 1
    outer loop
      vertex -49.2508 52.6567 6
      vertex -49.65 55.5083 6
      vertex -49.2802 52.7538 6
    endloop
  endfacet
  facet normal 0 0 1
    outer loop
      vertex -49.65 71.15 6
      vertex -49.2958 72.5642 6
      vertex -49.4216 72.298 6
    endloop
  endfacet
  facet normal 0 0 1
    outer loop
      vertex -49.2802 52.7538 6
      vertex -49.65 55.5083 6
      vertex -49.4144 53.0048 6
    endloop
  endfacet
  facet normal 0 0 1
    outer loop
      vertex -49.65 71.15 6
      vertex -49.4216 72.298 6
      vertex -49.5208 72.0208 6
    endloop
  endfacet
  facet normal 0 0 1
    outer loop
      vertex -49.4144 53.0048 6
      vertex -49.65 55.5083 6
      vertex -49.4623 53.0943 6
    endloop
  endfacet
  facet normal 0 0 1
    outer loop
      vertex -49.65 71.15 6
      vertex -49.5208 72.0208 6
      vertex -49.5923 71.7353 6
    endloop
  endfacet
  facet normal 0 0 1
    outer loop
      vertex -49.65 71.15 6
      vertex -49.5923 71.7353 6
      vertex -49.6355 71.444 6
    endloop
  endfacet
  facet normal 0 0 1
    outer loop
      vertex -47.5208 74.0208 6
      vertex -49.65 71.15 6
      vertex -49.65 55.5083 6
    endloop
  endfacet
  facet normal 0 0 1
    outer loop
      vertex -49.4623 53.0943 6
      vertex -49.65 55.5083 6
      vertex -49.5266 53.1727 6
    endloop
  endfacet
  facet normal 0 0 1
    outer loop
      vertex -49.65 55.5083 6
      vertex -49.7072 53.3928 6
      vertex -49.5266 53.1727 6
    endloop
  endfacet
  facet normal 0 0 1
    outer loop
      vertex -49.65 55.5083 6
      vertex -49.7856 53.4571 6
      vertex -49.7072 53.3928 6
    endloop
  endfacet
  facet normal 0 0 1
    outer loop
      vertex -49.65 55.5083 6
      vertex -50.0057 53.6377 6
      vertex -49.7856 53.4571 6
    endloop
  endfacet
  facet normal 0 0 1
    outer loop
      vertex -49.65 55.5083 6
      vertex -50.2568 53.7719 6
      vertex -50.0057 53.6377 6
    endloop
  endfacet
  facet normal 0 0 1
    outer loop
      vertex -49.65 55.5083 6
      vertex -50.3462 53.8198 6
      vertex -50.2568 53.7719 6
    endloop
  endfacet
  facet normal 0 0 1
    outer loop
      vertex -49.65 55.5083 6
      vertex -50.4433 53.8492 6
      vertex -50.3462 53.8198 6
    endloop
  endfacet
  facet normal 0 0 1
    outer loop
      vertex -49.65 55.5083 6
      vertex -50.7157 53.9318 6
      vertex -50.4433 53.8492 6
    endloop
  endfacet
  facet normal 0 0 1
    outer loop
      vertex -49.65 55.5083 6
      vertex -50.8167 53.9418 6
      vertex -50.7157 53.9318 6
    endloop
  endfacet
  facet normal 0 0 1
    outer loop
      vertex -49.65 55.5083 6
      vertex -51.1 53.9697 6
      vertex -50.8167 53.9418 6
    endloop
  endfacet
  facet normal 0 0 1
    outer loop
      vertex -49.65 55.5083 6
      vertex -51.3833 53.9418 6
      vertex -51.1 53.9697 6
    endloop
  endfacet
  facet normal 0 0 1
    outer loop
      vertex -49.65 55.5083 6
      vertex -51.4843 53.9318 6
      vertex -51.3833 53.9418 6
    endloop
  endfacet
  facet normal 0 0 1
    outer loop
      vertex -52.65 58 6
      vertex -51.4843 53.9318 6
      vertex -49.65 55.5083 6
    endloop
  endfacet
  facet normal 0 0 1
    outer loop
      vertex -51.4843 53.9318 6
      vertex -52.65 58 6
      vertex -51.7567 53.8492 6
    endloop
  endfacet
  facet normal 0 0 1
    outer loop
      vertex -51.7567 53.8492 6
      vertex -52.65 58 6
      vertex -51.8538 53.8198 6
    endloop
  endfacet
  facet normal 0 0 1
    outer loop
      vertex -51.8538 53.8198 6
      vertex -52.65 58 6
      vertex -51.9432 53.7719 6
    endloop
  endfacet
  facet normal 0 0 1
    outer loop
      vertex -52.65 58 6
      vertex -52.4144 53.4571 6
      vertex -52.1943 53.6377 6
    endloop
  endfacet
  facet normal 0 0 1
    outer loop
      vertex -51.9432 53.7719 6
      vertex -52.65 58 6
      vertex -52.1943 53.6377 6
    endloop
  endfacet
  facet normal 0 0 1
    outer loop
      vertex -52.4144 53.4571 6
      vertex -52.65 58 6
      vertex -52.4928 53.3928 6
    endloop
  endfacet
  facet normal 0 0 1
    outer loop
      vertex -52.4928 53.3928 6
      vertex -52.65 58 6
      vertex -52.65 53.2012 6
    endloop
  endfacet
  facet normal -0 0 1
    outer loop
      vertex -47.15 -28 6
      vertex -45.15 -28.4013 6
      vertex -45.15 -28 6
    endloop
  endfacet
  facet normal 0 0 1
    outer loop
      vertex -45.15 -28.4013 6
      vertex -47.15 -28 6
      vertex -45.15 -28.831 6
    endloop
  endfacet
  facet normal 0 0 1
    outer loop
      vertex -45.15 -28.831 6
      vertex -47.15 -28 6
      vertex -45.15 -35.9582 6
    endloop
  endfacet
  facet normal 0 0 1
    outer loop
      vertex -45.15 -35.9582 6
      vertex -47.15 -28 6
      vertex -45.15 -35.9631 6
    endloop
  endfacet
  facet normal 0 0 1
    outer loop
      vertex -45.15 -35.9631 6
      vertex -46.0781 -52 6
      vertex -45.15 -67.15 6
    endloop
  endfacet
  facet normal -0 0 1
    outer loop
      vertex -46.0866 -52.0867 6
      vertex -45.15 -67.15 6
      vertex -46.0781 -52 6
    endloop
  endfacet
  facet normal 0 0 1
    outer loop
      vertex -45.15 -35.9631 6
      vertex -46.0866 -51.9133 6
      vertex -46.0781 -52 6
    endloop
  endfacet
  facet normal 0 0 1
    outer loop
      vertex -45.15 -35.9631 6
      vertex -46.1189 -51.586 6
      vertex -46.0866 -51.9133 6
    endloop
  endfacet
  facet normal 0 0 1
    outer loop
      vertex -45.15 -35.9631 6
      vertex -46.5 -45.6804 6
      vertex -46.1189 -51.586 6
    endloop
  endfacet
  facet normal 0 0 1
    outer loop
      vertex -46.1189 -51.586 6
      vertex -46.5 -45.6804 6
      vertex -46.1442 -51.5027 6
    endloop
  endfacet
  facet normal 0 0 1
    outer loop
      vertex -46.1442 -51.5027 6
      vertex -46.5 -45.6804 6
      vertex -46.2396 -51.188 6
    endloop
  endfacet
  facet normal 0 0 1
    outer loop
      vertex -46.2396 -51.188 6
      vertex -46.5 -45.6804 6
      vertex -46.3947 -50.8979 6
    endloop
  endfacet
  facet normal 0 0 1
    outer loop
      vertex -46.3947 -50.8979 6
      vertex -46.5 -45.6804 6
      vertex -46.4357 -50.8211 6
    endloop
  endfacet
  facet normal 0 0 1
    outer loop
      vertex -49.65 -48.2967 6
      vertex -45.15 -35.9631 6
      vertex -47.15 -28 6
    endloop
  endfacet
  facet normal -0 0 1
    outer loop
      vertex -49.1403 51.8991 6
      vertex -45.15 35.9631 6
      vertex -49.1303 52 6
    endloop
  endfacet
  facet normal 0 0 1
    outer loop
      vertex -48.969 73.0532 6
      vertex -47.5208 74.0208 6
      vertex -47.798 73.9216 6
    endloop
  endfacet
  facet normal 0 0 1
    outer loop
      vertex -48.969 73.0532 6
      vertex -47.798 73.9216 6
      vertex -48.0642 73.7958 6
    endloop
  endfacet
  facet normal 0 0 1
    outer loop
      vertex -48.969 73.0532 6
      vertex -48.0642 73.7958 6
      vertex -48.3167 73.6444 6
    endloop
  endfacet
  facet normal 0 0 1
    outer loop
      vertex -48.969 73.0532 6
      vertex -48.3167 73.6444 6
      vertex -48.5532 73.469 6
    endloop
  endfacet
  facet normal 0 0 1
    outer loop
      vertex -48.969 73.0532 6
      vertex -48.5532 73.469 6
      vertex -48.7713 73.2713 6
    endloop
  endfacet
  facet normal 0 0 1
    outer loop
      vertex -49.65 71.15 6
      vertex -47.5208 74.0208 6
      vertex -48.969 73.0532 6
    endloop
  endfacet
  facet normal -0 0 1
    outer loop
      vertex -49.1682 51.6157 6
      vertex -45.15 35.9631 6
      vertex -49.1403 51.8991 6
    endloop
  endfacet
  facet normal -0 0 1
    outer loop
      vertex -49.65 48.4917 6
      vertex -45.15 35.9631 6
      vertex -49.1682 51.6157 6
    endloop
  endfacet
  facet normal 0 0 1
    outer loop
      vertex -45.15 35.9631 6
      vertex -49.65 48.4917 6
      vertex -47.15 28 6
    endloop
  endfacet
  facet normal 0 0 1
    outer loop
      vertex -49.65 48.4917 6
      vertex -49.1682 51.6157 6
      vertex -49.2508 51.3433 6
    endloop
  endfacet
  facet normal 0 0 1
    outer loop
      vertex -49.65 48.4917 6
      vertex -49.2508 51.3433 6
      vertex -49.2802 51.2462 6
    endloop
  endfacet
  facet normal 0 0 1
    outer loop
      vertex -49.65 48.4917 6
      vertex -49.2802 51.2462 6
      vertex -49.4144 50.9952 6
    endloop
  endfacet
  facet normal 0 0 1
    outer loop
      vertex -49.65 48.4917 6
      vertex -49.4144 50.9952 6
      vertex -49.4623 50.9057 6
    endloop
  endfacet
  facet normal 0 0 1
    outer loop
      vertex -49.65 48.4917 6
      vertex -49.4623 50.9057 6
      vertex -49.5266 50.8273 6
    endloop
  endfacet
  facet normal 0 0 1
    outer loop
      vertex -47.15 28 6
      vertex -49.65 48.4917 6
      vertex -47.15 -28 6
    endloop
  endfacet
  facet normal 0 0 1
    outer loop
      vertex -45.15 -35.9631 6
      vertex -49.65 -48.2967 6
      vertex -46.5 -45.6804 6
    endloop
  endfacet
  facet normal 0 0 1
    outer loop
      vertex -49.65 -48.2967 6
      vertex -47.15 -28 6
      vertex -49.65 48.4917 6
    endloop
  endfacet
  facet normal 0 0 1
    outer loop
      vertex -45 77.15 6
      vertex -40.4571 76.9144 6
      vertex -40.3928 76.9928 6
    endloop
  endfacet
  facet normal 0 0 1
    outer loop
      vertex -45 77.15 6
      vertex -40.8492 76.2567 6
      vertex -40.8198 76.3538 6
    endloop
  endfacet
  facet normal 0 0 1
    outer loop
      vertex -42.5083 74.15 6
      vertex -40.9418 75.8833 6
      vertex -40.9318 75.9843 6
    endloop
  endfacet
  facet normal 0 0 1
    outer loop
      vertex -40.9418 75.8833 6
      vertex -42.5083 74.15 6
      vertex -40.9697 75.6 6
    endloop
  endfacet
  facet normal 0 0 1
    outer loop
      vertex -40.8492 76.2567 6
      vertex -45 77.15 6
      vertex -40.9318 75.9843 6
    endloop
  endfacet
  facet normal 0 0 1
    outer loop
      vertex -45 77.15 6
      vertex -40.8198 76.3538 6
      vertex -40.7719 76.4432 6
    endloop
  endfacet
  facet normal 0 0 1
    outer loop
      vertex -45 77.15 6
      vertex -40.7719 76.4432 6
      vertex -40.6377 76.6943 6
    endloop
  endfacet
  facet normal 0 0 1
    outer loop
      vertex -40.9318 75.9843 6
      vertex -45 77.15 6
      vertex -42.5083 74.15 6
    endloop
  endfacet
  facet normal 0 0 1
    outer loop
      vertex -40.4571 76.9144 6
      vertex -45 77.15 6
      vertex -40.6377 76.6943 6
    endloop
  endfacet
  facet normal -0 0 1
    outer loop
      vertex -45 77.15 6
      vertex -40.3928 76.9928 6
      vertex -40.2012 77.15 6
    endloop
  endfacet
  facet normal -0 0 1
    outer loop
      vertex -37.0682 75.9843 6
      vertex -35.4917 74.15 6
      vertex -33 77.15 6
    endloop
  endfacet
  facet normal 0 0 1
    outer loop
      vertex -35.4917 74.15 6
      vertex -37.0582 75.8833 6
      vertex -37.0303 75.6 6
    endloop
  endfacet
  facet normal 0 0 1
    outer loop
      vertex -35.4917 74.15 6
      vertex -37.0682 75.9843 6
      vertex -37.0582 75.8833 6
    endloop
  endfacet
  facet normal 0 0 1
    outer loop
      vertex -33 77.15 6
      vertex -37.1508 76.2567 6
      vertex -37.0682 75.9843 6
    endloop
  endfacet
  facet normal 0 0 1
    outer loop
      vertex -33 77.15 6
      vertex -37.1802 76.3538 6
      vertex -37.1508 76.2567 6
    endloop
  endfacet
  facet normal 0 0 1
    outer loop
      vertex -33 77.15 6
      vertex -37.2281 76.4432 6
      vertex -37.1802 76.3538 6
    endloop
  endfacet
  facet normal 0 0 1
    outer loop
      vertex -33 77.15 6
      vertex -37.3623 76.6943 6
      vertex -37.2281 76.4432 6
    endloop
  endfacet
  facet normal 0 0 1
    outer loop
      vertex -33 77.15 6
      vertex -37.5429 76.9144 6
      vertex -37.3623 76.6943 6
    endloop
  endfacet
  facet normal 0 0 1
    outer loop
      vertex -33 77.15 6
      vertex -37.6072 76.9928 6
      vertex -37.5429 76.9144 6
    endloop
  endfacet
  facet normal 0 -0 1
    outer loop
      vertex -37.6072 76.9928 6
      vertex -33 77.15 6
      vertex -37.7988 77.15 6
    endloop
  endfacet
  facet normal 0 0 1
    outer loop
      vertex 35.2967 74.15 6
      vertex 27.9773 69.65 6
      vertex 32.6804 71 6
    endloop
  endfacet
  facet normal 0 0 1
    outer loop
      vertex 35.2967 74.15 6
      vertex 27.9757 69.65 6
      vertex 27.9773 69.65 6
    endloop
  endfacet
  facet normal -0 0 1
    outer loop
      vertex 20 71.65 6
      vertex 27.9757 69.65 6
      vertex 35.2967 74.15 6
    endloop
  endfacet
  facet normal 0 0 1
    outer loop
      vertex 27.9757 69.65 6
      vertex 20 71.65 6
      vertex 27.9613 69.6463 6
    endloop
  endfacet
  facet normal 0 0 1
    outer loop
      vertex 27.9613 69.6463 6
      vertex 20 71.65 6
      vertex 27.3548 69.489 6
    endloop
  endfacet
  facet normal 0 0 1
    outer loop
      vertex 27.3548 69.489 6
      vertex 20 71.65 6
      vertex 24.665 68.8604 6
    endloop
  endfacet
  facet normal 0 0 1
    outer loop
      vertex 24.665 68.8604 6
      vertex 21.0232 69.65 6
      vertex 21.9609 68.297 6
    endloop
  endfacet
  facet normal 0 0 1
    outer loop
      vertex 24.665 68.8604 6
      vertex 20 71.65 6
      vertex 21.0232 69.65 6
    endloop
  endfacet
  facet normal 0 0 1
    outer loop
      vertex 21.0232 69.65 6
      vertex 20 71.65 6
      vertex 20.6678 69.65 6
    endloop
  endfacet
  facet normal 0 0 1
    outer loop
      vertex 35.2967 74.15 6
      vertex -20 71.65 6
      vertex 20 71.65 6
    endloop
  endfacet
  facet normal 0 0 1
    outer loop
      vertex -20 71.65 6
      vertex -20.6678 69.65 6
      vertex -20 69.65 6
    endloop
  endfacet
  facet normal 0 0 1
    outer loop
      vertex -20 71.65 6
      vertex -21.0232 69.65 6
      vertex -20.6678 69.65 6
    endloop
  endfacet
  facet normal 0 0 1
    outer loop
      vertex -24.665 68.8604 6
      vertex -21.0232 69.65 6
      vertex -20 71.65 6
    endloop
  endfacet
  facet normal 0 0 1
    outer loop
      vertex -21.0232 69.65 6
      vertex -24.665 68.8604 6
      vertex -21.9609 68.297 6
    endloop
  endfacet
  facet normal 0 0 1
    outer loop
      vertex -20 71.65 6
      vertex -27.3548 69.489 6
      vertex -24.665 68.8604 6
    endloop
  endfacet
  facet normal 0 0 1
    outer loop
      vertex -20 71.65 6
      vertex -27.9613 69.6463 6
      vertex -27.3548 69.489 6
    endloop
  endfacet
  facet normal 0 0 1
    outer loop
      vertex -20 71.65 6
      vertex -27.9757 69.65 6
      vertex -27.9613 69.6463 6
    endloop
  endfacet
  facet normal 0 0 1
    outer loop
      vertex -35.4917 74.15 6
      vertex -27.9757 69.65 6
      vertex -20 71.65 6
    endloop
  endfacet
  facet normal -0 0 1
    outer loop
      vertex -35.4917 74.15 6
      vertex -20 71.65 6
      vertex 35.2967 74.15 6
    endloop
  endfacet
  facet normal 0 0 1
    outer loop
      vertex -27.9757 69.65 6
      vertex -35.4917 74.15 6
      vertex -27.9773 69.65 6
    endloop
  endfacet
  facet normal -0 0 1
    outer loop
      vertex -37.0582 75.3167 6
      vertex -35.4917 74.15 6
      vertex -37.0303 75.6 6
    endloop
  endfacet
  facet normal -0 0 1
    outer loop
      vertex -37.0682 75.2157 6
      vertex -35.4917 74.15 6
      vertex -37.0582 75.3167 6
    endloop
  endfacet
  facet normal -0 0 1
    outer loop
      vertex -37.1508 74.9433 6
      vertex -35.4917 74.15 6
      vertex -37.0682 75.2157 6
    endloop
  endfacet
  facet normal -0 0 1
    outer loop
      vertex -37.1802 74.8462 6
      vertex -35.4917 74.15 6
      vertex -37.1508 74.9433 6
    endloop
  endfacet
  facet normal -0 0 1
    outer loop
      vertex -37.2281 74.7568 6
      vertex -35.4917 74.15 6
      vertex -37.1802 74.8462 6
    endloop
  endfacet
  facet normal -0 0 1
    outer loop
      vertex -37.3623 74.5057 6
      vertex -35.4917 74.15 6
      vertex -37.2281 74.7568 6
    endloop
  endfacet
  facet normal -0 0 1
    outer loop
      vertex -37.5429 74.2856 6
      vertex -35.4917 74.15 6
      vertex -37.3623 74.5057 6
    endloop
  endfacet
  facet normal -0 0 1
    outer loop
      vertex -37.6072 74.2072 6
      vertex -35.4917 74.15 6
      vertex -37.5429 74.2856 6
    endloop
  endfacet
  facet normal 0 0 1
    outer loop
      vertex -37.8273 74.0266 6
      vertex -35.4917 74.15 6
      vertex -37.6072 74.2072 6
    endloop
  endfacet
  facet normal 0 0 1
    outer loop
      vertex -37.9057 73.9623 6
      vertex -35.4917 74.15 6
      vertex -37.8273 74.0266 6
    endloop
  endfacet
  facet normal 0 0 1
    outer loop
      vertex -37.9952 73.9144 6
      vertex -35.4917 74.15 6
      vertex -37.9057 73.9623 6
    endloop
  endfacet
  facet normal 0 0 1
    outer loop
      vertex -38.2462 73.7802 6
      vertex -35.4917 74.15 6
      vertex -37.9952 73.9144 6
    endloop
  endfacet
  facet normal 0 0 1
    outer loop
      vertex -42.65 69.65 6
      vertex -35.4917 74.15 6
      vertex -38.2462 73.7802 6
    endloop
  endfacet
  facet normal 0 0 1
    outer loop
      vertex -42.65 69.65 6
      vertex -38.2462 73.7802 6
      vertex -38.3433 73.7508 6
    endloop
  endfacet
  facet normal 0 0 1
    outer loop
      vertex -42.65 69.65 6
      vertex -38.3433 73.7508 6
      vertex -38.6157 73.6682 6
    endloop
  endfacet
  facet normal 0 0 1
    outer loop
      vertex -42.65 69.65 6
      vertex -38.6157 73.6682 6
      vertex -38.8991 73.6403 6
    endloop
  endfacet
  facet normal 0 0 1
    outer loop
      vertex -42.65 69.65 6
      vertex -38.8991 73.6403 6
      vertex -39 73.6303 6
    endloop
  endfacet
  facet normal 0 0 1
    outer loop
      vertex -42.65 69.65 6
      vertex -39 73.6303 6
      vertex -39.1009 73.6403 6
    endloop
  endfacet
  facet normal 0 0 1
    outer loop
      vertex -42.65 69.65 6
      vertex -39.1009 73.6403 6
      vertex -39.3843 73.6682 6
    endloop
  endfacet
  facet normal 0 0 1
    outer loop
      vertex -42.65 69.65 6
      vertex -39.3843 73.6682 6
      vertex -39.6567 73.7508 6
    endloop
  endfacet
  facet normal 0 0 1
    outer loop
      vertex -42.65 69.65 6
      vertex -39.6567 73.7508 6
      vertex -39.7538 73.7802 6
    endloop
  endfacet
  facet normal 0 0 1
    outer loop
      vertex -42.5083 74.15 6
      vertex -40.7719 74.7568 6
      vertex -40.8198 74.8462 6
    endloop
  endfacet
  facet normal 0 0 1
    outer loop
      vertex -42.5083 74.15 6
      vertex -40.8492 74.9433 6
      vertex -40.9318 75.2157 6
    endloop
  endfacet
  facet normal 0 0 1
    outer loop
      vertex -42.5083 74.15 6
      vertex -40.9418 75.3167 6
      vertex -40.9697 75.6 6
    endloop
  endfacet
  facet normal 0 0 1
    outer loop
      vertex -40.9418 75.3167 6
      vertex -42.5083 74.15 6
      vertex -40.9318 75.2157 6
    endloop
  endfacet
  facet normal 0 0 1
    outer loop
      vertex -40.8492 74.9433 6
      vertex -42.5083 74.15 6
      vertex -40.8198 74.8462 6
    endloop
  endfacet
  facet normal 0 0 1
    outer loop
      vertex -40.7719 74.7568 6
      vertex -42.5083 74.15 6
      vertex -40.6377 74.5057 6
    endloop
  endfacet
  facet normal 0 0 1
    outer loop
      vertex -42.5083 74.15 6
      vertex -40.4571 74.2856 6
      vertex -40.6377 74.5057 6
    endloop
  endfacet
  facet normal 0 0 1
    outer loop
      vertex -42.5083 74.15 6
      vertex -40.3928 74.2072 6
      vertex -40.4571 74.2856 6
    endloop
  endfacet
  facet normal -0 0 1
    outer loop
      vertex -42.5083 74.15 6
      vertex -40.1727 74.0266 6
      vertex -40.3928 74.2072 6
    endloop
  endfacet
  facet normal 0 0 1
    outer loop
      vertex -42.5083 74.15 6
      vertex -40.0943 73.9623 6
      vertex -40.1727 74.0266 6
    endloop
  endfacet
  facet normal 0 0 1
    outer loop
      vertex -42.65 69.65 6
      vertex -40.0943 73.9623 6
      vertex -42.5083 74.15 6
    endloop
  endfacet
  facet normal 0 0 1
    outer loop
      vertex -40.0943 73.9623 6
      vertex -42.65 69.65 6
      vertex -40.0048 73.9144 6
    endloop
  endfacet
  facet normal 0 0 1
    outer loop
      vertex -40.0048 73.9144 6
      vertex -42.65 69.65 6
      vertex -39.7538 73.7802 6
    endloop
  endfacet
  facet normal 0 0 1
    outer loop
      vertex -35.4917 74.15 6
      vertex -42.65 69.65 6
      vertex -27.9773 69.65 6
    endloop
  endfacet
  facet normal 0 0 1
    outer loop
      vertex -42.5083 74.15 6
      vertex -42.895 69.638 6
      vertex -42.65 69.65 6
    endloop
  endfacet
  facet normal 0 0 1
    outer loop
      vertex -42.5083 74.15 6
      vertex -43.1377 69.602 6
      vertex -42.895 69.638 6
    endloop
  endfacet
  facet normal 0 0 1
    outer loop
      vertex -42.5083 74.15 6
      vertex -43.3757 69.5423 6
      vertex -43.1377 69.602 6
    endloop
  endfacet
  facet normal 0 0 1
    outer loop
      vertex -42.5083 74.15 6
      vertex -43.6067 69.4597 6
      vertex -43.3757 69.5423 6
    endloop
  endfacet
  facet normal -0 0 1
    outer loop
      vertex -46.65 74.15 6
      vertex -43.6067 69.4597 6
      vertex -42.5083 74.15 6
    endloop
  endfacet
  facet normal 0 0 1
    outer loop
      vertex -43.6067 69.4597 6
      vertex -46.65 74.15 6
      vertex -43.8285 69.3548 6
    endloop
  endfacet
  facet normal 0 0 1
    outer loop
      vertex -43.8285 69.3548 6
      vertex -46.65 74.15 6
      vertex -44.0389 69.2287 6
    endloop
  endfacet
  facet normal 0 0 1
    outer loop
      vertex -44.0389 69.2287 6
      vertex -46.65 74.15 6
      vertex -44.236 69.0825 6
    endloop
  endfacet
  facet normal 0 0 1
    outer loop
      vertex -44.236 69.0825 6
      vertex -46.65 74.15 6
      vertex -44.4178 68.9178 6
    endloop
  endfacet
  facet normal -0 0 1
    outer loop
      vertex -47.2353 74.0923 6
      vertex -44.4178 68.9178 6
      vertex -46.65 74.15 6
    endloop
  endfacet
  facet normal -0 0 1
    outer loop
      vertex -47.5208 74.0208 6
      vertex -44.4178 68.9178 6
      vertex -47.2353 74.0923 6
    endloop
  endfacet
  facet normal 0 0 1
    outer loop
      vertex -44.4178 68.9178 6
      vertex -47.5208 74.0208 6
      vertex -44.5825 68.736 6
    endloop
  endfacet
  facet normal 0 0 1
    outer loop
      vertex -45.138 67.395 6
      vertex -47.5208 74.0208 6
      vertex -45.15 67.15 6
    endloop
  endfacet
  facet normal 0 0 1
    outer loop
      vertex -49.1403 52.1009 6
      vertex -45.15 67.15 6
      vertex -47.5208 74.0208 6
    endloop
  endfacet
  facet normal 0 0 1
    outer loop
      vertex -45.15 35.9582 6
      vertex -47.15 28 6
      vertex -45.15 28.831 6
    endloop
  endfacet
  facet normal 0 0 1
    outer loop
      vertex -45.15 28.831 6
      vertex -47.15 28 6
      vertex -45.15 28.4013 6
    endloop
  endfacet
  facet normal 0 0 1
    outer loop
      vertex -44.5825 68.736 6
      vertex -47.5208 74.0208 6
      vertex -44.7287 68.5389 6
    endloop
  endfacet
  facet normal 0 0 1
    outer loop
      vertex -44.7287 68.5389 6
      vertex -47.5208 74.0208 6
      vertex -44.8548 68.3285 6
    endloop
  endfacet
  facet normal 0 0 1
    outer loop
      vertex -44.8548 68.3285 6
      vertex -47.5208 74.0208 6
      vertex -44.9597 68.1067 6
    endloop
  endfacet
  facet normal 0 0 1
    outer loop
      vertex -44.9597 68.1067 6
      vertex -47.5208 74.0208 6
      vertex -45.0423 67.8757 6
    endloop
  endfacet
  facet normal 0 0 1
    outer loop
      vertex -45.0423 67.8757 6
      vertex -47.5208 74.0208 6
      vertex -45.102 67.6377 6
    endloop
  endfacet
  facet normal 0 0 1
    outer loop
      vertex -45.102 67.6377 6
      vertex -47.5208 74.0208 6
      vertex -45.138 67.395 6
    endloop
  endfacet
  facet normal 0 0 1
    outer loop
      vertex -47.2353 74.0923 6
      vertex -46.65 74.15 6
      vertex -46.944 74.1355 6
    endloop
  endfacet
  facet normal 0 0 1
    outer loop
      vertex -45.15 35.9631 6
      vertex -47.15 28 6
      vertex -45.15 35.9582 6
    endloop
  endfacet
  facet normal 0 0 1
    outer loop
      vertex -45.15 67.15 6
      vertex -49.1303 52 6
      vertex -45.15 35.9631 6
    endloop
  endfacet
  facet normal 0 0 1
    outer loop
      vertex -45.15 28.4013 6
      vertex -47.15 28 6
      vertex -45.15 28 6
    endloop
  endfacet
  facet normal 0 0 1
    outer loop
      vertex 47.15 -28 6
      vertex 44.9438 -35.0757 6
      vertex 45.15 -35.9582 6
    endloop
  endfacet
  facet normal -0 0 1
    outer loop
      vertex 43.1236 -26.0944 6
      vertex 45.15 -28.831 6
      vertex 44.6022 -25.8419 6
    endloop
  endfacet
  facet normal 0 0 1
    outer loop
      vertex 47.15 -28 6
      vertex 44.5627 -33.4454 6
      vertex 44.9438 -35.0757 6
    endloop
  endfacet
  facet normal 0 0 1
    outer loop
      vertex 43.1236 -26.0944 6
      vertex 44.6022 -25.8419 6
      vertex 44.022 -22.1783 6
    endloop
  endfacet
  facet normal 0 0 1
    outer loop
      vertex 45.15 -28.831 6
      vertex 43.7988 -29.7786 6
      vertex 44.5627 -33.4454 6
    endloop
  endfacet
  facet normal 0 0 1
    outer loop
      vertex 42.5377 -22.395 6
      vertex 44.022 -22.1783 6
      vertex 43.5304 -18.5017 6
    endloop
  endfacet
  facet normal 0 0 1
    outer loop
      vertex 42.0413 -18.6825 6
      vertex 43.5304 -18.5017 6
      vertex 43.1278 -14.8144 6
    endloop
  endfacet
  facet normal 0 0 1
    outer loop
      vertex 45.15 -28.831 6
      vertex 43.1236 -26.0944 6
      vertex 43.7988 -29.7786 6
    endloop
  endfacet
  facet normal 0 0 1
    outer loop
      vertex 41.6348 -14.9591 6
      vertex 43.1278 -14.8144 6
      vertex 42.8145 -11.1183 6
    endloop
  endfacet
  facet normal 0 0 1
    outer loop
      vertex 41.3184 -11.227 6
      vertex 42.8145 -11.1183 6
      vertex 42.5905 -7.41583 6
    endloop
  endfacet
  facet normal 0 0 1
    outer loop
      vertex 44.022 -22.1783 6
      vertex 42.5377 -22.395 6
      vertex 43.1236 -26.0944 6
    endloop
  endfacet
  facet normal 0 0 1
    outer loop
      vertex 41.0922 -7.48831 6
      vertex 42.5905 -7.41583 6
      vertex 42.4561 -3.709 6
    endloop
  endfacet
  facet normal 0 0 1
    outer loop
      vertex 40.9565 -3.74524 6
      vertex 42.4561 -3.709 6
      vertex 42.4112 0 6
    endloop
  endfacet
  facet normal -0 0 1
    outer loop
      vertex 41.0922 7.48831 6
      vertex 42.5905 7.41583 6
      vertex 41.3184 11.227 6
    endloop
  endfacet
  facet normal 0 0 1
    outer loop
      vertex 43.5304 -18.5017 6
      vertex 42.0413 -18.6825 6
      vertex 42.5377 -22.395 6
    endloop
  endfacet
  facet normal 0 0 1
    outer loop
      vertex 42.5905 7.41583 6
      vertex 41.0922 7.48831 6
      vertex 42.4561 3.709 6
    endloop
  endfacet
  facet normal 0 0 1
    outer loop
      vertex 43.1278 -14.8144 6
      vertex 41.6348 -14.9591 6
      vertex 42.0413 -18.6825 6
    endloop
  endfacet
  facet normal -0 0 1
    outer loop
      vertex 40.9565 3.74524 6
      vertex 42.4561 3.709 6
      vertex 41.0922 7.48831 6
    endloop
  endfacet
  facet normal 0 0 1
    outer loop
      vertex 42.8145 -11.1183 6
      vertex 41.3184 -11.227 6
      vertex 41.6348 -14.9591 6
    endloop
  endfacet
  facet normal 0 0 1
    outer loop
      vertex 42.4561 3.709 6
      vertex 40.9565 3.74524 6
      vertex 42.4112 0 6
    endloop
  endfacet
  facet normal 0 0 1
    outer loop
      vertex 42.5905 -7.41583 6
      vertex 41.0922 -7.48831 6
      vertex 41.3184 -11.227 6
    endloop
  endfacet
  facet normal 0 0 1
    outer loop
      vertex 40.9112 0 6
      vertex 42.4112 0 6
      vertex 40.9565 3.74524 6
    endloop
  endfacet
  facet normal 0 0 1
    outer loop
      vertex 42.4561 -3.709 6
      vertex 40.9565 -3.74524 6
      vertex 41.0922 -7.48831 6
    endloop
  endfacet
  facet normal 0 0 1
    outer loop
      vertex 42.4112 0 6
      vertex 40.9112 0 6
      vertex 40.9565 -3.74524 6
    endloop
  endfacet
  facet normal -0 0 1
    outer loop
      vertex 44.5627 33.4454 6
      vertex 47.15 28 6
      vertex 44.9438 35.0757 6
    endloop
  endfacet
  facet normal 0 0 1
    outer loop
      vertex 47.15 28 6
      vertex 44.5627 33.4454 6
      vertex 45.15 28.831 6
    endloop
  endfacet
  facet normal -0 0 1
    outer loop
      vertex 43.7988 29.7786 6
      vertex 45.15 28.831 6
      vertex 44.5627 33.4454 6
    endloop
  endfacet
  facet normal 0 0 1
    outer loop
      vertex 43.1236 26.0944 6
      vertex 45.15 28.831 6
      vertex 43.7988 29.7786 6
    endloop
  endfacet
  facet normal 0 0 1
    outer loop
      vertex 45.15 28.831 6
      vertex 43.1236 26.0944 6
      vertex 44.6022 25.8419 6
    endloop
  endfacet
  facet normal 0 0 1
    outer loop
      vertex 44.6022 25.8419 6
      vertex 43.1236 26.0944 6
      vertex 44.022 22.1783 6
    endloop
  endfacet
  facet normal -0 0 1
    outer loop
      vertex 42.5377 22.395 6
      vertex 44.022 22.1783 6
      vertex 43.1236 26.0944 6
    endloop
  endfacet
  facet normal 0 0 1
    outer loop
      vertex 44.022 22.1783 6
      vertex 42.5377 22.395 6
      vertex 43.5304 18.5017 6
    endloop
  endfacet
  facet normal -0 0 1
    outer loop
      vertex 42.0413 18.6825 6
      vertex 43.5304 18.5017 6
      vertex 42.5377 22.395 6
    endloop
  endfacet
  facet normal 0 0 1
    outer loop
      vertex 43.5304 18.5017 6
      vertex 42.0413 18.6825 6
      vertex 43.1278 14.8144 6
    endloop
  endfacet
  facet normal -0 0 1
    outer loop
      vertex 41.6348 14.9591 6
      vertex 43.1278 14.8144 6
      vertex 42.0413 18.6825 6
    endloop
  endfacet
  facet normal 0 0 1
    outer loop
      vertex 43.1278 14.8144 6
      vertex 41.6348 14.9591 6
      vertex 42.8145 11.1183 6
    endloop
  endfacet
  facet normal -0 0 1
    outer loop
      vertex 41.3184 11.227 6
      vertex 42.8145 11.1183 6
      vertex 41.6348 14.9591 6
    endloop
  endfacet
  facet normal 0 0 1
    outer loop
      vertex 42.8145 11.1183 6
      vertex 41.3184 11.227 6
      vertex 42.5905 7.41583 6
    endloop
  endfacet
  facet normal 0 0 1
    outer loop
      vertex 49.65 71.15 6
      vertex 45.138 67.395 6
      vertex 45.15 67.15 6
    endloop
  endfacet
  facet normal 0 0 1
    outer loop
      vertex 49.65 71.15 6
      vertex 45.102 67.6377 6
      vertex 45.138 67.395 6
    endloop
  endfacet
  facet normal 0 0 1
    outer loop
      vertex 49.65 71.15 6
      vertex 45.0423 67.8757 6
      vertex 45.102 67.6377 6
    endloop
  endfacet
  facet normal 0 0 1
    outer loop
      vertex 49.65 71.15 6
      vertex 44.9597 68.1067 6
      vertex 45.0423 67.8757 6
    endloop
  endfacet
  facet normal 0 0 1
    outer loop
      vertex 45.3196 71 6
      vertex 44.8548 68.3285 6
      vertex 44.9597 68.1067 6
    endloop
  endfacet
  facet normal 0 0 1
    outer loop
      vertex 45.3196 71 6
      vertex 44.7287 68.5389 6
      vertex 44.8548 68.3285 6
    endloop
  endfacet
  facet normal 0 0 1
    outer loop
      vertex 45.3196 71 6
      vertex 44.5825 68.736 6
      vertex 44.7287 68.5389 6
    endloop
  endfacet
  facet normal 0 0 1
    outer loop
      vertex 45.3196 71 6
      vertex 44.4178 68.9178 6
      vertex 44.5825 68.736 6
    endloop
  endfacet
  facet normal 0 0 1
    outer loop
      vertex 45.3196 71 6
      vertex 44.236 69.0825 6
      vertex 44.4178 68.9178 6
    endloop
  endfacet
  facet normal 0 0 1
    outer loop
      vertex 45.3196 71 6
      vertex 44.0389 69.2287 6
      vertex 44.236 69.0825 6
    endloop
  endfacet
  facet normal 0 0 1
    outer loop
      vertex 45.3196 71 6
      vertex 43.8285 69.3548 6
      vertex 44.0389 69.2287 6
    endloop
  endfacet
  facet normal 0 0 1
    outer loop
      vertex 45.3196 71 6
      vertex 43.6067 69.4597 6
      vertex 43.8285 69.3548 6
    endloop
  endfacet
  facet normal 0 0 1
    outer loop
      vertex 45.3196 71 6
      vertex 43.3757 69.5423 6
      vertex 43.6067 69.4597 6
    endloop
  endfacet
  facet normal 0 0 1
    outer loop
      vertex 45.3196 71 6
      vertex 43.1377 69.602 6
      vertex 43.3757 69.5423 6
    endloop
  endfacet
  facet normal 0 0 1
    outer loop
      vertex 45.3196 71 6
      vertex 42.895 69.638 6
      vertex 43.1377 69.602 6
    endloop
  endfacet
  facet normal 0 0 1
    outer loop
      vertex 45.3196 71 6
      vertex 42.65 69.65 6
      vertex 42.895 69.638 6
    endloop
  endfacet
  facet normal -0 0 1
    outer loop
      vertex 40.2572 71 6
      vertex 42.65 69.65 6
      vertex 45.3196 71 6
    endloop
  endfacet
  facet normal -0 0 1
    outer loop
      vertex 40.1789 70.9357 6
      vertex 42.65 69.65 6
      vertex 40.2572 71 6
    endloop
  endfacet
  facet normal -0 0 1
    outer loop
      vertex 40.1021 70.8947 6
      vertex 42.65 69.65 6
      vertex 40.1789 70.9357 6
    endloop
  endfacet
  facet normal -0 0 1
    outer loop
      vertex 39.812 70.7396 6
      vertex 42.65 69.65 6
      vertex 40.1021 70.8947 6
    endloop
  endfacet
  facet normal -0 0 1
    outer loop
      vertex 39.4973 70.6442 6
      vertex 42.65 69.65 6
      vertex 39.812 70.7396 6
    endloop
  endfacet
  facet normal -0 0 1
    outer loop
      vertex 39.414 70.6189 6
      vertex 42.65 69.65 6
      vertex 39.4973 70.6442 6
    endloop
  endfacet
  facet normal -0 0 1
    outer loop
      vertex 39.0867 70.5866 6
      vertex 42.65 69.65 6
      vertex 39.414 70.6189 6
    endloop
  endfacet
  facet normal -0 0 1
    outer loop
      vertex 39 70.5781 6
      vertex 42.65 69.65 6
      vertex 39.0867 70.5866 6
    endloop
  endfacet
  facet normal 0 0 1
    outer loop
      vertex 38.9133 70.5866 6
      vertex 42.65 69.65 6
      vertex 39 70.5781 6
    endloop
  endfacet
  facet normal 0 0 1
    outer loop
      vertex 38.586 70.6189 6
      vertex 42.65 69.65 6
      vertex 38.9133 70.5866 6
    endloop
  endfacet
  facet normal 0 0 1
    outer loop
      vertex 32.6804 71 6
      vertex 38.5027 70.6442 6
      vertex 38.188 70.7396 6
    endloop
  endfacet
  facet normal -0 0 1
    outer loop
      vertex 32.6804 71 6
      vertex 37.8211 70.9357 6
      vertex 37.7428 71 6
    endloop
  endfacet
  facet normal 0 0 1
    outer loop
      vertex 32.6804 71 6
      vertex 37.8979 70.8947 6
      vertex 37.8211 70.9357 6
    endloop
  endfacet
  facet normal 0 0 1
    outer loop
      vertex 32.6804 71 6
      vertex 38.188 70.7396 6
      vertex 37.8979 70.8947 6
    endloop
  endfacet
  facet normal 0 0 1
    outer loop
      vertex 38.5027 70.6442 6
      vertex 32.6804 71 6
      vertex 38.586 70.6189 6
    endloop
  endfacet
  facet normal 0 0 1
    outer loop
      vertex 27.9773 69.65 6
      vertex 38.586 70.6189 6
      vertex 32.6804 71 6
    endloop
  endfacet
  facet normal 0 0 1
    outer loop
      vertex 38.586 70.6189 6
      vertex 27.9773 69.65 6
      vertex 42.65 69.65 6
    endloop
  endfacet
  facet normal 0 0 1
    outer loop
      vertex 45.3196 71 6
      vertex 49.65 71.15 6
      vertex 49.6355 71.444 6
    endloop
  endfacet
  facet normal 0 0 1
    outer loop
      vertex 45.3196 71 6
      vertex 49.6355 71.444 6
      vertex 49.5923 71.7353 6
    endloop
  endfacet
  facet normal 0 0 1
    outer loop
      vertex 45.3196 71 6
      vertex 49.5923 71.7353 6
      vertex 49.5208 72.0208 6
    endloop
  endfacet
  facet normal 0 0 1
    outer loop
      vertex 45.3196 71 6
      vertex 49.5208 72.0208 6
      vertex 49.4216 72.298 6
    endloop
  endfacet
  facet normal 0 0 1
    outer loop
      vertex 45.3196 71 6
      vertex 49.4216 72.298 6
      vertex 49.2958 72.5642 6
    endloop
  endfacet
  facet normal 0 0 1
    outer loop
      vertex 45.3196 71 6
      vertex 49.2958 72.5642 6
      vertex 49.1444 72.8167 6
    endloop
  endfacet
  facet normal 0 0 1
    outer loop
      vertex 45.3196 71 6
      vertex 49.1444 72.8167 6
      vertex 48.969 73.0532 6
    endloop
  endfacet
  facet normal 0 0 1
    outer loop
      vertex 45.3196 71 6
      vertex 48.969 73.0532 6
      vertex 48.7713 73.2713 6
    endloop
  endfacet
  facet normal 0 0 1
    outer loop
      vertex 45.3196 71 6
      vertex 48.7713 73.2713 6
      vertex 48.5532 73.469 6
    endloop
  endfacet
  facet normal 0 0 1
    outer loop
      vertex 45.3196 71 6
      vertex 48.5532 73.469 6
      vertex 48.3167 73.6444 6
    endloop
  endfacet
  facet normal 0 0 1
    outer loop
      vertex 45.3196 71 6
      vertex 48.3167 73.6444 6
      vertex 48.0642 73.7958 6
    endloop
  endfacet
  facet normal 0 0 1
    outer loop
      vertex 45.3196 71 6
      vertex 48.0642 73.7958 6
      vertex 47.798 73.9216 6
    endloop
  endfacet
  facet normal 0 0 1
    outer loop
      vertex 45.3196 71 6
      vertex 47.798 73.9216 6
      vertex 47.5208 74.0208 6
    endloop
  endfacet
  facet normal 0 0 1
    outer loop
      vertex 45.3196 71 6
      vertex 47.5208 74.0208 6
      vertex 47.2353 74.0923 6
    endloop
  endfacet
  facet normal 0 0 1
    outer loop
      vertex 45.3196 71 6
      vertex 47.2353 74.0923 6
      vertex 46.944 74.1355 6
    endloop
  endfacet
  facet normal 0 0 1
    outer loop
      vertex 45.3196 71 6
      vertex 46.944 74.1355 6
      vertex 46.65 74.15 6
    endloop
  endfacet
  facet normal 0 0 1
    outer loop
      vertex 49.65 71.15 6
      vertex 45.15 67.15 6
      vertex 46.5 58.3196 6
    endloop
  endfacet
  facet normal 0 0 1
    outer loop
      vertex 46.5 58.3196 6
      vertex 46.4357 53.1789 6
      vertex 46.5 53.2572 6
    endloop
  endfacet
  facet normal 0 0 1
    outer loop
      vertex 49.65 71.15 6
      vertex 46.5 58.3196 6
      vertex 49.65 55.7033 6
    endloop
  endfacet
  facet normal 0 -0 1
    outer loop
      vertex 46.1189 52.414 6
      vertex 46.5 58.3196 6
      vertex 45.15 67.15 6
    endloop
  endfacet
  facet normal 0 0 1
    outer loop
      vertex 46.5 58.3196 6
      vertex 46.3947 53.1021 6
      vertex 46.4357 53.1789 6
    endloop
  endfacet
  facet normal 0 0 1
    outer loop
      vertex 46.5 58.3196 6
      vertex 46.2396 52.812 6
      vertex 46.3947 53.1021 6
    endloop
  endfacet
  facet normal 0 0 1
    outer loop
      vertex 46.5 58.3196 6
      vertex 46.1442 52.4973 6
      vertex 46.2396 52.812 6
    endloop
  endfacet
  facet normal 0 0 1
    outer loop
      vertex 46.5 58.3196 6
      vertex 46.1189 52.414 6
      vertex 46.1442 52.4973 6
    endloop
  endfacet
  facet normal 0 0 1
    outer loop
      vertex 46.1189 52.414 6
      vertex 45.15 67.15 6
      vertex 46.0866 52.0867 6
    endloop
  endfacet
  facet normal 0 0 1
    outer loop
      vertex 44.9597 68.1067 6
      vertex 49.65 71.15 6
      vertex 45.3196 71 6
    endloop
  endfacet
  facet normal 0 -0 1
    outer loop
      vertex 45.3196 71 6
      vertex 46.65 74.15 6
      vertex 42.7033 74.15 6
    endloop
  endfacet
  facet normal 0 0 1
    outer loop
      vertex 46.5 50.7428 6
      vertex 46.4357 50.8211 6
      vertex 46.5 45.6804 6
    endloop
  endfacet
  facet normal -0 0 1
    outer loop
      vertex 47.15 -28 6
      vertex 49.65 -48.4917 6
      vertex 49.65 48.2967 6
    endloop
  endfacet
  facet normal -0 0 1
    outer loop
      vertex 45.15 -35.9631 6
      vertex 49.65 -48.4917 6
      vertex 47.15 -28 6
    endloop
  endfacet
  facet normal 0 -0 1
    outer loop
      vertex 49.1682 -51.6157 6
      vertex 49.65 -48.4917 6
      vertex 45.15 -35.9631 6
    endloop
  endfacet
  facet normal 0 0 1
    outer loop
      vertex 49.65 -48.4917 6
      vertex 49.4623 -50.9057 6
      vertex 49.5266 -50.8273 6
    endloop
  endfacet
  facet normal 0 0 1
    outer loop
      vertex 49.65 -48.4917 6
      vertex 49.4144 -50.9952 6
      vertex 49.4623 -50.9057 6
    endloop
  endfacet
  facet normal 0 0 1
    outer loop
      vertex 49.65 -48.4917 6
      vertex 49.2802 -51.2462 6
      vertex 49.4144 -50.9952 6
    endloop
  endfacet
  facet normal 0 0 1
    outer loop
      vertex 49.65 -48.4917 6
      vertex 49.2508 -51.3433 6
      vertex 49.2802 -51.2462 6
    endloop
  endfacet
  facet normal 0 0 1
    outer loop
      vertex 49.65 -48.4917 6
      vertex 49.1682 -51.6157 6
      vertex 49.2508 -51.3433 6
    endloop
  endfacet
  facet normal 0 0 1
    outer loop
      vertex 49.1682 -51.6157 6
      vertex 45.15 -35.9631 6
      vertex 49.1403 -51.8991 6
    endloop
  endfacet
  facet normal 0 0 1
    outer loop
      vertex 49.1403 -51.8991 6
      vertex 45.15 -35.9631 6
      vertex 49.1303 -52 6
    endloop
  endfacet
  facet normal 0 0 1
    outer loop
      vertex 45.15 -67.15 6
      vertex 49.1303 -52 6
      vertex 45.15 -35.9631 6
    endloop
  endfacet
  facet normal 0 0 1
    outer loop
      vertex 49.1303 -52 6
      vertex 45.15 -67.15 6
      vertex 48.969 -73.0532 6
    endloop
  endfacet
  facet normal -0 0 1
    outer loop
      vertex 45.138 -67.395 6
      vertex 48.969 -73.0532 6
      vertex 45.15 -67.15 6
    endloop
  endfacet
  facet normal -0 0 1
    outer loop
      vertex 45.102 -67.6377 6
      vertex 48.969 -73.0532 6
      vertex 45.138 -67.395 6
    endloop
  endfacet
  facet normal -0 0 1
    outer loop
      vertex 45.0423 -67.8757 6
      vertex 48.969 -73.0532 6
      vertex 45.102 -67.6377 6
    endloop
  endfacet
  facet normal -0 0 1
    outer loop
      vertex 44.9597 -68.1067 6
      vertex 48.969 -73.0532 6
      vertex 45.0423 -67.8757 6
    endloop
  endfacet
  facet normal 0 0 1
    outer loop
      vertex 47.15 -28 6
      vertex 49.65 48.2967 6
      vertex 47.15 28 6
    endloop
  endfacet
  facet normal 0 0 1
    outer loop
      vertex 45.15 35.9631 6
      vertex 49.65 48.2967 6
      vertex 46.5 45.6804 6
    endloop
  endfacet
  facet normal 0 0 1
    outer loop
      vertex 46.3947 50.8979 6
      vertex 46.5 45.6804 6
      vertex 46.4357 50.8211 6
    endloop
  endfacet
  facet normal 0 0 1
    outer loop
      vertex 46.2396 51.188 6
      vertex 46.5 45.6804 6
      vertex 46.3947 50.8979 6
    endloop
  endfacet
  facet normal 0 0 1
    outer loop
      vertex 46.1442 51.5027 6
      vertex 46.5 45.6804 6
      vertex 46.2396 51.188 6
    endloop
  endfacet
  facet normal 0 0 1
    outer loop
      vertex 46.1189 51.586 6
      vertex 46.5 45.6804 6
      vertex 46.1442 51.5027 6
    endloop
  endfacet
  facet normal 0 0 1
    outer loop
      vertex 46.5 45.6804 6
      vertex 46.1189 51.586 6
      vertex 45.15 35.9631 6
    endloop
  endfacet
  facet normal 0 0 1
    outer loop
      vertex 45.15 35.9631 6
      vertex 46.1189 51.586 6
      vertex 46.0866 51.9133 6
    endloop
  endfacet
  facet normal 0 0 1
    outer loop
      vertex 45.15 35.9631 6
      vertex 46.0866 51.9133 6
      vertex 46.0781 52 6
    endloop
  endfacet
  facet normal 0 0 1
    outer loop
      vertex 46.0866 52.0867 6
      vertex 45.15 67.15 6
      vertex 46.0781 52 6
    endloop
  endfacet
  facet normal 0 0 1
    outer loop
      vertex 45.15 35.9631 6
      vertex 46.0781 52 6
      vertex 45.15 67.15 6
    endloop
  endfacet
  facet normal 0 0 1
    outer loop
      vertex 49.65 48.2967 6
      vertex 45.15 35.9631 6
      vertex 47.15 28 6
    endloop
  endfacet
  facet normal -0 0 1
    outer loop
      vertex 45.15 35.9582 6
      vertex 47.15 28 6
      vertex 45.15 35.9631 6
    endloop
  endfacet
  facet normal -0 0 1
    outer loop
      vertex 44.9438 35.0757 6
      vertex 47.15 28 6
      vertex 45.15 35.9582 6
    endloop
  endfacet
  facet normal -0 0 1
    outer loop
      vertex 45.15 28.4013 6
      vertex 47.15 28 6
      vertex 45.15 28.831 6
    endloop
  endfacet
  facet normal 0 0 1
    outer loop
      vertex 47.15 28 6
      vertex 45.15 28.4013 6
      vertex 45.15 28 6
    endloop
  endfacet
  facet normal 0 0 1
    outer loop
      vertex 52.65 -46 6
      vertex 52.4928 -50.6072 6
      vertex 52.65 -50.7988 6
    endloop
  endfacet
  facet normal 0 0 1
    outer loop
      vertex 52.65 -46 6
      vertex 52.4144 -50.5429 6
      vertex 52.4928 -50.6072 6
    endloop
  endfacet
  facet normal 0 0 1
    outer loop
      vertex 52.65 -46 6
      vertex 52.1943 -50.3623 6
      vertex 52.4144 -50.5429 6
    endloop
  endfacet
  facet normal 0 0 1
    outer loop
      vertex 52.65 -46 6
      vertex 51.9432 -50.2281 6
      vertex 52.1943 -50.3623 6
    endloop
  endfacet
  facet normal 0 0 1
    outer loop
      vertex 52.65 -46 6
      vertex 51.8538 -50.1802 6
      vertex 51.9432 -50.2281 6
    endloop
  endfacet
  facet normal 0 0 1
    outer loop
      vertex 52.65 -46 6
      vertex 51.7567 -50.1508 6
      vertex 51.8538 -50.1802 6
    endloop
  endfacet
  facet normal 0 0 1
    outer loop
      vertex 52.65 -46 6
      vertex 51.4843 -50.0682 6
      vertex 51.7567 -50.1508 6
    endloop
  endfacet
  facet normal -0 0 1
    outer loop
      vertex 49.65 -48.4917 6
      vertex 51.4843 -50.0682 6
      vertex 52.65 -46 6
    endloop
  endfacet
  facet normal 0 0 1
    outer loop
      vertex 51.4843 -50.0682 6
      vertex 49.65 -48.4917 6
      vertex 51.3833 -50.0582 6
    endloop
  endfacet
  facet normal 0 0 1
    outer loop
      vertex 51.3833 -50.0582 6
      vertex 49.65 -48.4917 6
      vertex 51.1 -50.0303 6
    endloop
  endfacet
  facet normal 0 0 1
    outer loop
      vertex 51.1 -50.0303 6
      vertex 49.65 -48.4917 6
      vertex 50.8167 -50.0582 6
    endloop
  endfacet
  facet normal 0 0 1
    outer loop
      vertex 50.8167 -50.0582 6
      vertex 49.65 -48.4917 6
      vertex 50.7157 -50.0682 6
    endloop
  endfacet
  facet normal 0 0 1
    outer loop
      vertex 50.7157 -50.0682 6
      vertex 49.65 -48.4917 6
      vertex 50.4433 -50.1508 6
    endloop
  endfacet
  facet normal 0 0 1
    outer loop
      vertex 50.4433 -50.1508 6
      vertex 49.65 -48.4917 6
      vertex 50.3462 -50.1802 6
    endloop
  endfacet
  facet normal 0 0 1
    outer loop
      vertex 50.3462 -50.1802 6
      vertex 49.65 -48.4917 6
      vertex 50.2568 -50.2281 6
    endloop
  endfacet
  facet normal 0 0 1
    outer loop
      vertex 50.2568 -50.2281 6
      vertex 49.65 -48.4917 6
      vertex 50.0057 -50.3623 6
    endloop
  endfacet
  facet normal 0 0 1
    outer loop
      vertex 50.0057 -50.3623 6
      vertex 49.65 -48.4917 6
      vertex 49.7856 -50.5429 6
    endloop
  endfacet
  facet normal 0 0 1
    outer loop
      vertex 49.7856 -50.5429 6
      vertex 49.65 -48.4917 6
      vertex 49.7072 -50.6072 6
    endloop
  endfacet
  facet normal 0 0 1
    outer loop
      vertex 49.7072 -50.6072 6
      vertex 49.65 -48.4917 6
      vertex 49.5266 -50.8273 6
    endloop
  endfacet
  facet normal -0 0 1
    outer loop
      vertex 52.4928 -53.3928 6
      vertex 52.65 -58 6
      vertex 52.65 -53.2012 6
    endloop
  endfacet
  facet normal -0 0 1
    outer loop
      vertex 52.4144 -53.4571 6
      vertex 52.65 -58 6
      vertex 52.4928 -53.3928 6
    endloop
  endfacet
  facet normal -0 0 1
    outer loop
      vertex 52.1943 -53.6377 6
      vertex 52.65 -58 6
      vertex 52.4144 -53.4571 6
    endloop
  endfacet
  facet normal -0 0 1
    outer loop
      vertex 51.9432 -53.7719 6
      vertex 52.65 -58 6
      vertex 52.1943 -53.6377 6
    endloop
  endfacet
  facet normal -0 0 1
    outer loop
      vertex 51.8538 -53.8198 6
      vertex 52.65 -58 6
      vertex 51.9432 -53.7719 6
    endloop
  endfacet
  facet normal -0 0 1
    outer loop
      vertex 51.7567 -53.8492 6
      vertex 52.65 -58 6
      vertex 51.8538 -53.8198 6
    endloop
  endfacet
  facet normal -0 0 1
    outer loop
      vertex 51.4843 -53.9318 6
      vertex 52.65 -58 6
      vertex 51.7567 -53.8492 6
    endloop
  endfacet
  facet normal 0 0 1
    outer loop
      vertex 49.65 -55.5083 6
      vertex 51.4843 -53.9318 6
      vertex 51.3833 -53.9418 6
    endloop
  endfacet
  facet normal 0 0 1
    outer loop
      vertex 49.65 -55.5083 6
      vertex 51.3833 -53.9418 6
      vertex 51.1 -53.9697 6
    endloop
  endfacet
  facet normal 0 0 1
    outer loop
      vertex 49.65 -55.5083 6
      vertex 51.1 -53.9697 6
      vertex 50.8167 -53.9418 6
    endloop
  endfacet
  facet normal 0 0 1
    outer loop
      vertex 49.65 -55.5083 6
      vertex 50.8167 -53.9418 6
      vertex 50.7157 -53.9318 6
    endloop
  endfacet
  facet normal 0 0 1
    outer loop
      vertex 49.65 -55.5083 6
      vertex 50.7157 -53.9318 6
      vertex 50.4433 -53.8492 6
    endloop
  endfacet
  facet normal 0 0 1
    outer loop
      vertex 49.65 -55.5083 6
      vertex 50.4433 -53.8492 6
      vertex 50.3462 -53.8198 6
    endloop
  endfacet
  facet normal 0 0 1
    outer loop
      vertex 49.65 -55.5083 6
      vertex 50.3462 -53.8198 6
      vertex 50.2568 -53.7719 6
    endloop
  endfacet
  facet normal 0 0 1
    outer loop
      vertex 49.65 -55.5083 6
      vertex 50.2568 -53.7719 6
      vertex 50.0057 -53.6377 6
    endloop
  endfacet
  facet normal 0 0 1
    outer loop
      vertex 49.65 -55.5083 6
      vertex 50.0057 -53.6377 6
      vertex 49.7856 -53.4571 6
    endloop
  endfacet
  facet normal 0 0 1
    outer loop
      vertex 49.65 -55.5083 6
      vertex 49.7856 -53.4571 6
      vertex 49.7072 -53.3928 6
    endloop
  endfacet
  facet normal 0 0 1
    outer loop
      vertex 51.4843 -53.9318 6
      vertex 49.65 -55.5083 6
      vertex 52.65 -58 6
    endloop
  endfacet
  facet normal 0 0 1
    outer loop
      vertex 48.969 -73.0532 6
      vertex 49.65 -71.15 6
      vertex 49.65 -55.5083 6
    endloop
  endfacet
  facet normal 0 0 1
    outer loop
      vertex 49.65 -71.15 6
      vertex 48.969 -73.0532 6
      vertex 49.6355 -71.444 6
    endloop
  endfacet
  facet normal 0 0 1
    outer loop
      vertex 49.5266 -53.1727 6
      vertex 49.65 -55.5083 6
      vertex 49.7072 -53.3928 6
    endloop
  endfacet
  facet normal 0 0 1
    outer loop
      vertex 49.4623 -53.0943 6
      vertex 49.65 -55.5083 6
      vertex 49.5266 -53.1727 6
    endloop
  endfacet
  facet normal 0 0 1
    outer loop
      vertex 49.4144 -53.0048 6
      vertex 49.65 -55.5083 6
      vertex 49.4623 -53.0943 6
    endloop
  endfacet
  facet normal 0 0 1
    outer loop
      vertex 49.2802 -52.7538 6
      vertex 49.65 -55.5083 6
      vertex 49.4144 -53.0048 6
    endloop
  endfacet
  facet normal 0 0 1
    outer loop
      vertex 49.2508 -52.6567 6
      vertex 49.65 -55.5083 6
      vertex 49.2802 -52.7538 6
    endloop
  endfacet
  facet normal 0 0 1
    outer loop
      vertex 49.5923 -71.7353 6
      vertex 48.969 -73.0532 6
      vertex 49.5208 -72.0208 6
    endloop
  endfacet
  facet normal 0 0 1
    outer loop
      vertex 49.5208 -72.0208 6
      vertex 48.969 -73.0532 6
      vertex 49.4216 -72.298 6
    endloop
  endfacet
  facet normal 0 0 1
    outer loop
      vertex 49.6355 -71.444 6
      vertex 48.969 -73.0532 6
      vertex 49.5923 -71.7353 6
    endloop
  endfacet
  facet normal 0 0 1
    outer loop
      vertex 49.1682 -52.3843 6
      vertex 49.65 -55.5083 6
      vertex 49.2508 -52.6567 6
    endloop
  endfacet
  facet normal 0 0 1
    outer loop
      vertex 49.65 -55.5083 6
      vertex 49.1682 -52.3843 6
      vertex 48.969 -73.0532 6
    endloop
  endfacet
  facet normal 0 0 1
    outer loop
      vertex 49.4216 -72.298 6
      vertex 48.969 -73.0532 6
      vertex 49.2958 -72.5642 6
    endloop
  endfacet
  facet normal 0 0 1
    outer loop
      vertex 48.969 -73.0532 6
      vertex 49.1682 -52.3843 6
      vertex 49.1403 -52.1009 6
    endloop
  endfacet
  facet normal 0 0 1
    outer loop
      vertex 48.969 -73.0532 6
      vertex 49.1403 -52.1009 6
      vertex 49.1303 -52 6
    endloop
  endfacet
  facet normal 0 0 1
    outer loop
      vertex 49.2958 -72.5642 6
      vertex 48.969 -73.0532 6
      vertex 49.1444 -72.8167 6
    endloop
  endfacet
  facet normal -0 0 1
    outer loop
      vertex 44.8548 -68.3285 6
      vertex 48.969 -73.0532 6
      vertex 44.9597 -68.1067 6
    endloop
  endfacet
  facet normal -0 0 1
    outer loop
      vertex 44.7287 -68.5389 6
      vertex 48.969 -73.0532 6
      vertex 44.8548 -68.3285 6
    endloop
  endfacet
  facet normal -0 0 1
    outer loop
      vertex 44.4178 -68.9178 6
      vertex 48.969 -73.0532 6
      vertex 44.5825 -68.736 6
    endloop
  endfacet
  facet normal 0 0 1
    outer loop
      vertex 45.15 -28.4013 6
      vertex 47.15 -28 6
      vertex 45.15 -28 6
    endloop
  endfacet
  facet normal 0 0 1
    outer loop
      vertex 45.15 -28.831 6
      vertex 47.15 -28 6
      vertex 45.15 -28.4013 6
    endloop
  endfacet
  facet normal 0 0 1
    outer loop
      vertex 44.5627 -33.4454 6
      vertex 47.15 -28 6
      vertex 45.15 -28.831 6
    endloop
  endfacet
  facet normal 0 0 1
    outer loop
      vertex 45.15 -35.9631 6
      vertex 47.15 -28 6
      vertex 45.15 -35.9582 6
    endloop
  endfacet
  facet normal -0 0 1
    outer loop
      vertex 44.5825 -68.736 6
      vertex 48.969 -73.0532 6
      vertex 44.7287 -68.5389 6
    endloop
  endfacet
  facet normal 0 0 1
    outer loop
      vertex 48.969 -73.0532 6
      vertex 44.4178 -68.9178 6
      vertex 48.7713 -73.2713 6
    endloop
  endfacet
  facet normal 0 0 1
    outer loop
      vertex 48.7713 -73.2713 6
      vertex 44.4178 -68.9178 6
      vertex 48.5532 -73.469 6
    endloop
  endfacet
  facet normal 0 0 1
    outer loop
      vertex 48.5532 -73.469 6
      vertex 44.4178 -68.9178 6
      vertex 48.3167 -73.6444 6
    endloop
  endfacet
  facet normal 0 0 1
    outer loop
      vertex 48.3167 -73.6444 6
      vertex 44.4178 -68.9178 6
      vertex 48.0642 -73.7958 6
    endloop
  endfacet
  facet normal 0 0 1
    outer loop
      vertex 48.0642 -73.7958 6
      vertex 44.4178 -68.9178 6
      vertex 47.798 -73.9216 6
    endloop
  endfacet
  facet normal 0 0 1
    outer loop
      vertex 47.798 -73.9216 6
      vertex 44.4178 -68.9178 6
      vertex 47.5208 -74.0208 6
    endloop
  endfacet
  facet normal 0 0 1
    outer loop
      vertex 47.5208 -74.0208 6
      vertex 44.4178 -68.9178 6
      vertex 47.2353 -74.0923 6
    endloop
  endfacet
  facet normal 0 0 1
    outer loop
      vertex 47.2353 -74.0923 6
      vertex 44.4178 -68.9178 6
      vertex 46.944 -74.1355 6
    endloop
  endfacet
  facet normal 0 0 1
    outer loop
      vertex 46.944 -74.1355 6
      vertex 44.4178 -68.9178 6
      vertex 46.65 -74.15 6
    endloop
  endfacet
  facet normal -0 0 1
    outer loop
      vertex 44.236 -69.0825 6
      vertex 46.65 -74.15 6
      vertex 44.4178 -68.9178 6
    endloop
  endfacet
  facet normal -0 0 1
    outer loop
      vertex 44.0389 -69.2287 6
      vertex 46.65 -74.15 6
      vertex 44.236 -69.0825 6
    endloop
  endfacet
  facet normal -0 0 1
    outer loop
      vertex 43.8285 -69.3548 6
      vertex 46.65 -74.15 6
      vertex 44.0389 -69.2287 6
    endloop
  endfacet
  facet normal -0 0 1
    outer loop
      vertex 43.6067 -69.4597 6
      vertex 46.65 -74.15 6
      vertex 43.8285 -69.3548 6
    endloop
  endfacet
  facet normal 0 0 1
    outer loop
      vertex 42.5083 -74.15 6
      vertex 43.6067 -69.4597 6
      vertex 43.3757 -69.5423 6
    endloop
  endfacet
  facet normal 0 0 1
    outer loop
      vertex 42.5083 -74.15 6
      vertex 43.3757 -69.5423 6
      vertex 43.1377 -69.602 6
    endloop
  endfacet
  facet normal 0 0 1
    outer loop
      vertex 42.5083 -74.15 6
      vertex 43.1377 -69.602 6
      vertex 42.895 -69.638 6
    endloop
  endfacet
  facet normal 0 0 1
    outer loop
      vertex 42.5083 -74.15 6
      vertex 42.895 -69.638 6
      vertex 42.65 -69.65 6
    endloop
  endfacet
  facet normal 0 0 1
    outer loop
      vertex 43.6067 -69.4597 6
      vertex 42.5083 -74.15 6
      vertex 46.65 -74.15 6
    endloop
  endfacet
  facet normal -0 0 1
    outer loop
      vertex 40.0943 -73.9623 6
      vertex 42.5083 -74.15 6
      vertex 42.65 -69.65 6
    endloop
  endfacet
  facet normal 0 0 1
    outer loop
      vertex 42.5083 -74.15 6
      vertex 40.9418 -75.3167 6
      vertex 40.9697 -75.6 6
    endloop
  endfacet
  facet normal 0 0 1
    outer loop
      vertex 42.5083 -74.15 6
      vertex 40.9318 -75.2157 6
      vertex 40.9418 -75.3167 6
    endloop
  endfacet
  facet normal 0 0 1
    outer loop
      vertex 42.5083 -74.15 6
      vertex 40.8492 -74.9433 6
      vertex 40.9318 -75.2157 6
    endloop
  endfacet
  facet normal 0 0 1
    outer loop
      vertex 42.5083 -74.15 6
      vertex 40.8198 -74.8462 6
      vertex 40.8492 -74.9433 6
    endloop
  endfacet
  facet normal 0 0 1
    outer loop
      vertex 42.5083 -74.15 6
      vertex 40.7719 -74.7568 6
      vertex 40.8198 -74.8462 6
    endloop
  endfacet
  facet normal 0 0 1
    outer loop
      vertex 42.5083 -74.15 6
      vertex 40.6377 -74.5057 6
      vertex 40.7719 -74.7568 6
    endloop
  endfacet
  facet normal 0 0 1
    outer loop
      vertex 42.5083 -74.15 6
      vertex 40.4571 -74.2856 6
      vertex 40.6377 -74.5057 6
    endloop
  endfacet
  facet normal 0 0 1
    outer loop
      vertex 42.5083 -74.15 6
      vertex 40.3928 -74.2072 6
      vertex 40.4571 -74.2856 6
    endloop
  endfacet
  facet normal 0 0 1
    outer loop
      vertex 42.5083 -74.15 6
      vertex 40.1727 -74.0266 6
      vertex 40.3928 -74.2072 6
    endloop
  endfacet
  facet normal 0 0 1
    outer loop
      vertex 42.5083 -74.15 6
      vertex 40.0943 -73.9623 6
      vertex 40.1727 -74.0266 6
    endloop
  endfacet
  facet normal 0 0 1
    outer loop
      vertex 42.65 -69.65 6
      vertex 40.0048 -73.9144 6
      vertex 40.0943 -73.9623 6
    endloop
  endfacet
  facet normal 0 0 1
    outer loop
      vertex 42.65 -69.65 6
      vertex 39.7538 -73.7802 6
      vertex 40.0048 -73.9144 6
    endloop
  endfacet
  facet normal 0 0 1
    outer loop
      vertex 42.65 -69.65 6
      vertex 39.6567 -73.7508 6
      vertex 39.7538 -73.7802 6
    endloop
  endfacet
  facet normal 0 0 1
    outer loop
      vertex 42.65 -69.65 6
      vertex 39.3843 -73.6682 6
      vertex 39.6567 -73.7508 6
    endloop
  endfacet
  facet normal 0 0 1
    outer loop
      vertex 42.65 -69.65 6
      vertex 39.1009 -73.6403 6
      vertex 39.3843 -73.6682 6
    endloop
  endfacet
  facet normal 0 0 1
    outer loop
      vertex 42.65 -69.65 6
      vertex 39 -73.6303 6
      vertex 39.1009 -73.6403 6
    endloop
  endfacet
  facet normal 0 0 1
    outer loop
      vertex 42.65 -69.65 6
      vertex 38.8991 -73.6403 6
      vertex 39 -73.6303 6
    endloop
  endfacet
  facet normal 0 0 1
    outer loop
      vertex 42.65 -69.65 6
      vertex 38.6157 -73.6682 6
      vertex 38.8991 -73.6403 6
    endloop
  endfacet
  facet normal 0 0 1
    outer loop
      vertex 42.65 -69.65 6
      vertex 38.3433 -73.7508 6
      vertex 38.6157 -73.6682 6
    endloop
  endfacet
  facet normal 0 0 1
    outer loop
      vertex 42.65 -69.65 6
      vertex 38.2462 -73.7802 6
      vertex 38.3433 -73.7508 6
    endloop
  endfacet
  facet normal 0 0 1
    outer loop
      vertex 35.4917 -74.15 6
      vertex 38.2462 -73.7802 6
      vertex 42.65 -69.65 6
    endloop
  endfacet
  facet normal 0 0 1
    outer loop
      vertex 38.2462 -73.7802 6
      vertex 35.4917 -74.15 6
      vertex 37.9952 -73.9144 6
    endloop
  endfacet
  facet normal 0 0 1
    outer loop
      vertex 37.9952 -73.9144 6
      vertex 35.4917 -74.15 6
      vertex 37.9057 -73.9623 6
    endloop
  endfacet
  facet normal 0 0 1
    outer loop
      vertex 37.9057 -73.9623 6
      vertex 35.4917 -74.15 6
      vertex 37.8273 -74.0266 6
    endloop
  endfacet
  facet normal 0 0 1
    outer loop
      vertex 35.4917 -74.15 6
      vertex 37.2281 -74.7568 6
      vertex 37.3623 -74.5057 6
    endloop
  endfacet
  facet normal 0 0 1
    outer loop
      vertex 35.4917 -74.15 6
      vertex 37.1508 -74.9433 6
      vertex 37.1802 -74.8462 6
    endloop
  endfacet
  facet normal 0 0 1
    outer loop
      vertex 35.4917 -74.15 6
      vertex 37.0582 -75.3167 6
      vertex 37.0682 -75.2157 6
    endloop
  endfacet
  facet normal 0 0 1
    outer loop
      vertex 37.0582 -75.3167 6
      vertex 35.4917 -74.15 6
      vertex 37.0303 -75.6 6
    endloop
  endfacet
  facet normal 0 0 1
    outer loop
      vertex 37.1508 -74.9433 6
      vertex 35.4917 -74.15 6
      vertex 37.0682 -75.2157 6
    endloop
  endfacet
  facet normal 0 0 1
    outer loop
      vertex 37.2281 -74.7568 6
      vertex 35.4917 -74.15 6
      vertex 37.1802 -74.8462 6
    endloop
  endfacet
  facet normal 0 0 1
    outer loop
      vertex 37.5429 -74.2856 6
      vertex 35.4917 -74.15 6
      vertex 37.3623 -74.5057 6
    endloop
  endfacet
  facet normal 0 0 1
    outer loop
      vertex 37.6072 -74.2072 6
      vertex 35.4917 -74.15 6
      vertex 37.5429 -74.2856 6
    endloop
  endfacet
  facet normal 0 0 1
    outer loop
      vertex 37.8273 -74.0266 6
      vertex 35.4917 -74.15 6
      vertex 37.6072 -74.2072 6
    endloop
  endfacet
  facet normal 0 0 1
    outer loop
      vertex 42.65 -69.65 6
      vertex -32.6804 -71 6
      vertex 35.4917 -74.15 6
    endloop
  endfacet
  facet normal -0 0 1
    outer loop
      vertex -42.65 -69.65 6
      vertex -32.6804 -71 6
      vertex 42.65 -69.65 6
    endloop
  endfacet
  facet normal 0 0 1
    outer loop
      vertex -32.6804 -71 6
      vertex -37.8211 -70.9357 6
      vertex -37.7428 -71 6
    endloop
  endfacet
  facet normal 0 0 1
    outer loop
      vertex -32.6804 -71 6
      vertex -37.8979 -70.8947 6
      vertex -37.8211 -70.9357 6
    endloop
  endfacet
  facet normal 0 0 1
    outer loop
      vertex -32.6804 -71 6
      vertex -38.188 -70.7396 6
      vertex -37.8979 -70.8947 6
    endloop
  endfacet
  facet normal 0 0 1
    outer loop
      vertex -32.6804 -71 6
      vertex -38.5027 -70.6442 6
      vertex -38.188 -70.7396 6
    endloop
  endfacet
  facet normal 0 0 1
    outer loop
      vertex -32.6804 -71 6
      vertex -38.586 -70.6189 6
      vertex -38.5027 -70.6442 6
    endloop
  endfacet
  facet normal 0 0 1
    outer loop
      vertex -32.6804 -71 6
      vertex -42.65 -69.65 6
      vertex -38.586 -70.6189 6
    endloop
  endfacet
  facet normal 0 0 1
    outer loop
      vertex -38.586 -70.6189 6
      vertex -42.65 -69.65 6
      vertex -38.9133 -70.5866 6
    endloop
  endfacet
  facet normal 0 0 1
    outer loop
      vertex -42.65 -69.65 6
      vertex -39.0867 -70.5866 6
      vertex -39 -70.5781 6
    endloop
  endfacet
  facet normal 0 0 1
    outer loop
      vertex -42.65 -69.65 6
      vertex -39.4973 -70.6442 6
      vertex -39.414 -70.6189 6
    endloop
  endfacet
  facet normal 0 0 1
    outer loop
      vertex -38.9133 -70.5866 6
      vertex -42.65 -69.65 6
      vertex -39 -70.5781 6
    endloop
  endfacet
  facet normal 0 0 1
    outer loop
      vertex -39.0867 -70.5866 6
      vertex -42.65 -69.65 6
      vertex -39.414 -70.6189 6
    endloop
  endfacet
  facet normal 0 0 1
    outer loop
      vertex -39.4973 -70.6442 6
      vertex -42.65 -69.65 6
      vertex -39.812 -70.7396 6
    endloop
  endfacet
  facet normal 0 0 1
    outer loop
      vertex -42.65 -69.65 6
      vertex -40.1021 -70.8947 6
      vertex -39.812 -70.7396 6
    endloop
  endfacet
  facet normal 0 0 1
    outer loop
      vertex -42.65 -69.65 6
      vertex -40.1789 -70.9357 6
      vertex -40.1021 -70.8947 6
    endloop
  endfacet
  facet normal 0 0 1
    outer loop
      vertex -42.65 -69.65 6
      vertex -40.2572 -71 6
      vertex -40.1789 -70.9357 6
    endloop
  endfacet
  facet normal 0 0 1
    outer loop
      vertex -45.3196 -71 6
      vertex -42.65 -69.65 6
      vertex -42.895 -69.638 6
    endloop
  endfacet
  facet normal 0 0 1
    outer loop
      vertex -45.3196 -71 6
      vertex -42.895 -69.638 6
      vertex -43.1377 -69.602 6
    endloop
  endfacet
  facet normal 0 0 1
    outer loop
      vertex -45.3196 -71 6
      vertex -43.1377 -69.602 6
      vertex -43.3757 -69.5423 6
    endloop
  endfacet
  facet normal 0 0 1
    outer loop
      vertex -45.3196 -71 6
      vertex -43.3757 -69.5423 6
      vertex -43.6067 -69.4597 6
    endloop
  endfacet
  facet normal 0 0 1
    outer loop
      vertex -42.65 -69.65 6
      vertex -45.3196 -71 6
      vertex -40.2572 -71 6
    endloop
  endfacet
  facet normal 0 0 1
    outer loop
      vertex -43.8285 -69.3548 6
      vertex -45.3196 -71 6
      vertex -43.6067 -69.4597 6
    endloop
  endfacet
  facet normal 0 0 1
    outer loop
      vertex -44.0389 -69.2287 6
      vertex -45.3196 -71 6
      vertex -43.8285 -69.3548 6
    endloop
  endfacet
  facet normal 0 0 1
    outer loop
      vertex -44.236 -69.0825 6
      vertex -45.3196 -71 6
      vertex -44.0389 -69.2287 6
    endloop
  endfacet
  facet normal 0 0 1
    outer loop
      vertex -44.4178 -68.9178 6
      vertex -45.3196 -71 6
      vertex -44.236 -69.0825 6
    endloop
  endfacet
  facet normal 0 0 1
    outer loop
      vertex -44.5825 -68.736 6
      vertex -45.3196 -71 6
      vertex -44.4178 -68.9178 6
    endloop
  endfacet
  facet normal 0 0 1
    outer loop
      vertex -44.7287 -68.5389 6
      vertex -45.3196 -71 6
      vertex -44.5825 -68.736 6
    endloop
  endfacet
  facet normal 0 0 1
    outer loop
      vertex -44.8548 -68.3285 6
      vertex -45.3196 -71 6
      vertex -44.7287 -68.5389 6
    endloop
  endfacet
  facet normal 0 0 1
    outer loop
      vertex -44.9597 -68.1067 6
      vertex -45.3196 -71 6
      vertex -44.8548 -68.3285 6
    endloop
  endfacet
  facet normal 0 0 1
    outer loop
      vertex -45.0423 -67.8757 6
      vertex -45.3196 -71 6
      vertex -44.9597 -68.1067 6
    endloop
  endfacet
  facet normal 0 0 1
    outer loop
      vertex -45.102 -67.6377 6
      vertex -45.3196 -71 6
      vertex -45.0423 -67.8757 6
    endloop
  endfacet
  facet normal 0 0 1
    outer loop
      vertex -45.138 -67.395 6
      vertex -45.3196 -71 6
      vertex -45.102 -67.6377 6
    endloop
  endfacet
  facet normal 0 0 1
    outer loop
      vertex -45.3196 -71 6
      vertex -45.138 -67.395 6
      vertex -45.15 -67.15 6
    endloop
  endfacet
  facet normal 0 0 1
    outer loop
      vertex 40.9418 -75.8833 6
      vertex 42.5083 -74.15 6
      vertex 40.9697 -75.6 6
    endloop
  endfacet
  facet normal 0 0 1
    outer loop
      vertex 40.9318 -75.9843 6
      vertex 42.5083 -74.15 6
      vertex 40.9418 -75.8833 6
    endloop
  endfacet
  facet normal 0 0 1
    outer loop
      vertex 42.5083 -74.15 6
      vertex 40.9318 -75.9843 6
      vertex 45 -77.15 6
    endloop
  endfacet
  facet normal -0 0 1
    outer loop
      vertex 40.8492 -76.2567 6
      vertex 45 -77.15 6
      vertex 40.9318 -75.9843 6
    endloop
  endfacet
  facet normal -0 0 1
    outer loop
      vertex 40.8198 -76.3538 6
      vertex 45 -77.15 6
      vertex 40.8492 -76.2567 6
    endloop
  endfacet
  facet normal -0 0 1
    outer loop
      vertex 40.7719 -76.4432 6
      vertex 45 -77.15 6
      vertex 40.8198 -76.3538 6
    endloop
  endfacet
  facet normal -0 0 1
    outer loop
      vertex 40.6377 -76.6943 6
      vertex 45 -77.15 6
      vertex 40.7719 -76.4432 6
    endloop
  endfacet
  facet normal -0 0 1
    outer loop
      vertex 40.4571 -76.9144 6
      vertex 45 -77.15 6
      vertex 40.6377 -76.6943 6
    endloop
  endfacet
  facet normal -0 0 1
    outer loop
      vertex 40.3928 -76.9928 6
      vertex 45 -77.15 6
      vertex 40.4571 -76.9144 6
    endloop
  endfacet
  facet normal 0 0 1
    outer loop
      vertex 45 -77.15 6
      vertex 40.3928 -76.9928 6
      vertex 40.2012 -77.15 6
    endloop
  endfacet
  facet normal 0 0 1
    outer loop
      vertex 33 -77.15 6
      vertex 37.1508 -76.2567 6
      vertex 37.0682 -75.9843 6
    endloop
  endfacet
  facet normal 0 0 1
    outer loop
      vertex 35.4917 -74.15 6
      vertex 37.0582 -75.8833 6
      vertex 37.0303 -75.6 6
    endloop
  endfacet
  facet normal 0 0 1
    outer loop
      vertex 37.0582 -75.8833 6
      vertex 35.4917 -74.15 6
      vertex 37.0682 -75.9843 6
    endloop
  endfacet
  facet normal 0 0 1
    outer loop
      vertex 33 -77.15 6
      vertex 37.0682 -75.9843 6
      vertex 35.4917 -74.15 6
    endloop
  endfacet
  facet normal 0 0 1
    outer loop
      vertex 37.1508 -76.2567 6
      vertex 33 -77.15 6
      vertex 37.1802 -76.3538 6
    endloop
  endfacet
  facet normal 0 0 1
    outer loop
      vertex 37.1802 -76.3538 6
      vertex 33 -77.15 6
      vertex 37.2281 -76.4432 6
    endloop
  endfacet
  facet normal 0 0 1
    outer loop
      vertex 37.6072 -76.9928 6
      vertex 33 -77.15 6
      vertex 37.7988 -77.15 6
    endloop
  endfacet
  facet normal 0 0 1
    outer loop
      vertex 37.5429 -76.9144 6
      vertex 33 -77.15 6
      vertex 37.6072 -76.9928 6
    endloop
  endfacet
  facet normal 0 0 1
    outer loop
      vertex 37.3623 -76.6943 6
      vertex 33 -77.15 6
      vertex 37.5429 -76.9144 6
    endloop
  endfacet
  facet normal 0 0 1
    outer loop
      vertex 37.2281 -76.4432 6
      vertex 33 -77.15 6
      vertex 37.3623 -76.6943 6
    endloop
  endfacet
  facet normal 0 0 1
    outer loop
      vertex 21.0232 69.65 6
      vertex 19.2439 67.7991 6
      vertex 21.9609 68.297 6
    endloop
  endfacet
  facet normal -0 0 1
    outer loop
      vertex 18.9913 69.2776 6
      vertex 19.2439 67.7991 6
      vertex 21.0232 69.65 6
    endloop
  endfacet
  facet normal 0 0 1
    outer loop
      vertex 18.9913 69.2776 6
      vertex 16.5157 67.367 6
      vertex 19.2439 67.7991 6
    endloop
  endfacet
  facet normal -0 0 1
    outer loop
      vertex 16.299 68.8512 6
      vertex 16.5157 67.367 6
      vertex 18.9913 69.2776 6
    endloop
  endfacet
  facet normal 0 0 1
    outer loop
      vertex 16.299 68.8512 6
      vertex 13.7778 67.0009 6
      vertex 16.5157 67.367 6
    endloop
  endfacet
  facet normal -0 0 1
    outer loop
      vertex 13.597 68.49 6
      vertex 13.7778 67.0009 6
      vertex 16.299 68.8512 6
    endloop
  endfacet
  facet normal 0 0 1
    outer loop
      vertex 13.597 68.49 6
      vertex 11.0319 66.7011 6
      vertex 13.7778 67.0009 6
    endloop
  endfacet
  facet normal -0 0 1
    outer loop
      vertex 10.8872 68.1941 6
      vertex 11.0319 66.7011 6
      vertex 13.597 68.49 6
    endloop
  endfacet
  facet normal 0 0 1
    outer loop
      vertex 10.8872 68.1941 6
      vertex 8.27959 66.4678 6
      vertex 11.0319 66.7011 6
    endloop
  endfacet
  facet normal -0 0 1
    outer loop
      vertex 8.17093 67.9638 6
      vertex 8.27959 66.4678 6
      vertex 10.8872 68.1941 6
    endloop
  endfacet
  facet normal 0 0 1
    outer loop
      vertex 8.17093 67.9638 6
      vertex 5.52242 66.301 6
      vertex 8.27959 66.4678 6
    endloop
  endfacet
  facet normal -0 0 1
    outer loop
      vertex 5.44994 67.7992 6
      vertex 5.52242 66.301 6
      vertex 8.17093 67.9638 6
    endloop
  endfacet
  facet normal 0 0 1
    outer loop
      vertex 5.44994 67.7992 6
      vertex 2.76201 66.2009 6
      vertex 5.52242 66.301 6
    endloop
  endfacet
  facet normal -0 0 1
    outer loop
      vertex 2.72575 67.7004 6
      vertex 2.76201 66.2009 6
      vertex 5.44994 67.7992 6
    endloop
  endfacet
  facet normal -0 0 1
    outer loop
      vertex 0 67.6675 6
      vertex 2.76201 66.2009 6
      vertex 2.72575 67.7004 6
    endloop
  endfacet
  facet normal 0 0 1
    outer loop
      vertex 0 67.6675 6
      vertex 0 66.1675 6
      vertex 2.76201 66.2009 6
    endloop
  endfacet
  facet normal 0 0 1
    outer loop
      vertex -2.72575 67.7004 6
      vertex 0 66.1675 6
      vertex 0 67.6675 6
    endloop
  endfacet
  facet normal 0 0 1
    outer loop
      vertex -2.72575 67.7004 6
      vertex -2.76201 66.2009 6
      vertex 0 66.1675 6
    endloop
  endfacet
  facet normal 0 0 1
    outer loop
      vertex -5.44994 67.7992 6
      vertex -2.76201 66.2009 6
      vertex -2.72575 67.7004 6
    endloop
  endfacet
  facet normal 0 0 1
    outer loop
      vertex -5.44994 67.7992 6
      vertex -5.52242 66.301 6
      vertex -2.76201 66.2009 6
    endloop
  endfacet
  facet normal 0 0 1
    outer loop
      vertex -8.17093 67.9638 6
      vertex -5.52242 66.301 6
      vertex -5.44994 67.7992 6
    endloop
  endfacet
  facet normal 0 0 1
    outer loop
      vertex -8.17093 67.9638 6
      vertex -8.27959 66.4678 6
      vertex -5.52242 66.301 6
    endloop
  endfacet
  facet normal 0 0 1
    outer loop
      vertex -10.8872 68.1941 6
      vertex -8.27959 66.4678 6
      vertex -8.17093 67.9638 6
    endloop
  endfacet
  facet normal 0 0 1
    outer loop
      vertex -10.8872 68.1941 6
      vertex -11.0319 66.7011 6
      vertex -8.27959 66.4678 6
    endloop
  endfacet
  facet normal 0 0 1
    outer loop
      vertex -13.597 68.49 6
      vertex -11.0319 66.7011 6
      vertex -10.8872 68.1941 6
    endloop
  endfacet
  facet normal 0 0 1
    outer loop
      vertex -13.597 68.49 6
      vertex -13.7778 67.0009 6
      vertex -11.0319 66.7011 6
    endloop
  endfacet
  facet normal 0 0 1
    outer loop
      vertex -16.299 68.8512 6
      vertex -13.7778 67.0009 6
      vertex -13.597 68.49 6
    endloop
  endfacet
  facet normal 0 0 1
    outer loop
      vertex -16.299 68.8512 6
      vertex -16.5157 67.367 6
      vertex -13.7778 67.0009 6
    endloop
  endfacet
  facet normal 0 0 1
    outer loop
      vertex -18.9913 69.2776 6
      vertex -16.5157 67.367 6
      vertex -16.299 68.8512 6
    endloop
  endfacet
  facet normal 0 0 1
    outer loop
      vertex -18.9913 69.2776 6
      vertex -19.2439 67.7991 6
      vertex -16.5157 67.367 6
    endloop
  endfacet
  facet normal 0 0 1
    outer loop
      vertex -21.0232 69.65 6
      vertex -19.2439 67.7991 6
      vertex -18.9913 69.2776 6
    endloop
  endfacet
  facet normal 0 0 1
    outer loop
      vertex -19.2439 67.7991 6
      vertex -21.0232 69.65 6
      vertex -21.9609 68.297 6
    endloop
  endfacet
  facet normal 0 0 1
    outer loop
      vertex 20.6678 69.65 6
      vertex 20 71.65 6
      vertex 20 69.65 6
    endloop
  endfacet
  facet normal 0 0 1
    outer loop
      vertex 35.4917 -74.15 6
      vertex -32.6804 -71 6
      vertex -35.2967 -74.15 6
    endloop
  endfacet
  facet normal 0 0 1
    outer loop
      vertex -42.4112 0 6
      vertex -40.9112 0 6
      vertex -40.9565 3.74524 6
    endloop
  endfacet
  facet normal 0 0 1
    outer loop
      vertex -42.4561 3.709 6
      vertex -40.9565 3.74524 6
      vertex -41.0922 7.48831 6
    endloop
  endfacet
  facet normal 0 0 1
    outer loop
      vertex -40.9112 0 6
      vertex -42.4112 0 6
      vertex -40.9565 -3.74524 6
    endloop
  endfacet
  facet normal 0 0 1
    outer loop
      vertex -42.5905 7.41583 6
      vertex -41.0922 7.48831 6
      vertex -41.3184 11.227 6
    endloop
  endfacet
  facet normal -0 0 1
    outer loop
      vertex -42.4561 -3.709 6
      vertex -40.9565 -3.74524 6
      vertex -42.4112 0 6
    endloop
  endfacet
  facet normal 0 0 1
    outer loop
      vertex -42.8145 11.1183 6
      vertex -41.3184 11.227 6
      vertex -41.6348 14.9591 6
    endloop
  endfacet
  facet normal 0 0 1
    outer loop
      vertex -40.9565 -3.74524 6
      vertex -42.4561 -3.709 6
      vertex -41.0922 -7.48831 6
    endloop
  endfacet
  facet normal 0 0 1
    outer loop
      vertex -43.1278 14.8144 6
      vertex -41.6348 14.9591 6
      vertex -42.0413 18.6825 6
    endloop
  endfacet
  facet normal -0 0 1
    outer loop
      vertex -42.5905 -7.41583 6
      vertex -41.0922 -7.48831 6
      vertex -42.4561 -3.709 6
    endloop
  endfacet
  facet normal 0 0 1
    outer loop
      vertex -41.0922 -7.48831 6
      vertex -42.5905 -7.41583 6
      vertex -41.3184 -11.227 6
    endloop
  endfacet
  facet normal 0 0 1
    outer loop
      vertex -40.9565 3.74524 6
      vertex -42.4561 3.709 6
      vertex -42.4112 0 6
    endloop
  endfacet
  facet normal 0 0 1
    outer loop
      vertex -43.5304 18.5017 6
      vertex -42.0413 18.6825 6
      vertex -42.5377 22.395 6
    endloop
  endfacet
  facet normal 0 0 1
    outer loop
      vertex -41.0922 7.48831 6
      vertex -42.5905 7.41583 6
      vertex -42.4561 3.709 6
    endloop
  endfacet
  facet normal 0 0 1
    outer loop
      vertex -41.3184 11.227 6
      vertex -42.8145 11.1183 6
      vertex -42.5905 7.41583 6
    endloop
  endfacet
  facet normal 0 0 1
    outer loop
      vertex -44.022 22.1783 6
      vertex -42.5377 22.395 6
      vertex -43.1236 26.0944 6
    endloop
  endfacet
  facet normal 0 0 1
    outer loop
      vertex -41.6348 14.9591 6
      vertex -43.1278 14.8144 6
      vertex -42.8145 11.1183 6
    endloop
  endfacet
  facet normal 0 0 1
    outer loop
      vertex -42.0413 18.6825 6
      vertex -43.5304 18.5017 6
      vertex -43.1278 14.8144 6
    endloop
  endfacet
  facet normal -0 0 1
    outer loop
      vertex -45.15 28.831 6
      vertex -43.1236 26.0944 6
      vertex -43.7988 29.7786 6
    endloop
  endfacet
  facet normal 0 0 1
    outer loop
      vertex -42.5377 22.395 6
      vertex -44.022 22.1783 6
      vertex -43.5304 18.5017 6
    endloop
  endfacet
  facet normal 0 0 1
    outer loop
      vertex -45.15 28.831 6
      vertex -43.7988 29.7786 6
      vertex -44.5627 33.4454 6
    endloop
  endfacet
  facet normal 0 0 1
    outer loop
      vertex -43.1236 26.0944 6
      vertex -44.6022 25.8419 6
      vertex -44.022 22.1783 6
    endloop
  endfacet
  facet normal 0 0 1
    outer loop
      vertex -45.15 28.831 6
      vertex -44.5627 33.4454 6
      vertex -44.9438 35.0757 6
    endloop
  endfacet
  facet normal 0 0 1
    outer loop
      vertex -45.15 28.831 6
      vertex -44.9438 35.0757 6
      vertex -45.15 35.9582 6
    endloop
  endfacet
  facet normal 0 0 1
    outer loop
      vertex -43.1236 26.0944 6
      vertex -45.15 28.831 6
      vertex -44.6022 25.8419 6
    endloop
  endfacet
  facet normal -0 0 1
    outer loop
      vertex -42.8145 -11.1183 6
      vertex -41.3184 -11.227 6
      vertex -42.5905 -7.41583 6
    endloop
  endfacet
  facet normal 0 0 1
    outer loop
      vertex -41.3184 -11.227 6
      vertex -42.8145 -11.1183 6
      vertex -41.6348 -14.9591 6
    endloop
  endfacet
  facet normal -0 0 1
    outer loop
      vertex -43.1278 -14.8144 6
      vertex -41.6348 -14.9591 6
      vertex -42.8145 -11.1183 6
    endloop
  endfacet
  facet normal 0 0 1
    outer loop
      vertex -41.6348 -14.9591 6
      vertex -43.1278 -14.8144 6
      vertex -42.0413 -18.6825 6
    endloop
  endfacet
  facet normal -0 0 1
    outer loop
      vertex -43.5304 -18.5017 6
      vertex -42.0413 -18.6825 6
      vertex -43.1278 -14.8144 6
    endloop
  endfacet
  facet normal 0 0 1
    outer loop
      vertex -42.0413 -18.6825 6
      vertex -43.5304 -18.5017 6
      vertex -42.5377 -22.395 6
    endloop
  endfacet
  facet normal -0 0 1
    outer loop
      vertex -44.022 -22.1783 6
      vertex -42.5377 -22.395 6
      vertex -43.5304 -18.5017 6
    endloop
  endfacet
  facet normal 0 0 1
    outer loop
      vertex -42.5377 -22.395 6
      vertex -44.022 -22.1783 6
      vertex -43.1236 -26.0944 6
    endloop
  endfacet
  facet normal -0 0 1
    outer loop
      vertex -44.6022 -25.8419 6
      vertex -43.1236 -26.0944 6
      vertex -44.022 -22.1783 6
    endloop
  endfacet
  facet normal 0 0 1
    outer loop
      vertex -45.15 -28.831 6
      vertex -43.1236 -26.0944 6
      vertex -44.6022 -25.8419 6
    endloop
  endfacet
  facet normal 0 0 1
    outer loop
      vertex -43.1236 -26.0944 6
      vertex -45.15 -28.831 6
      vertex -43.7988 -29.7786 6
    endloop
  endfacet
  facet normal 0 0 1
    outer loop
      vertex -43.7988 -29.7786 6
      vertex -45.15 -28.831 6
      vertex -44.5627 -33.4454 6
    endloop
  endfacet
  facet normal 0 0 1
    outer loop
      vertex -44.5627 -33.4454 6
      vertex -45.15 -28.831 6
      vertex -44.9438 -35.0757 6
    endloop
  endfacet
  facet normal 0 0 1
    outer loop
      vertex -44.9438 -35.0757 6
      vertex -45.15 -28.831 6
      vertex -45.15 -35.9582 6
    endloop
  endfacet
  facet normal -0 0 1
    outer loop
      vertex -46.1189 -52.414 6
      vertex -45.15 -67.15 6
      vertex -46.0866 -52.0867 6
    endloop
  endfacet
  facet normal -0 0 1
    outer loop
      vertex -46.5 -58.3196 6
      vertex -45.15 -67.15 6
      vertex -46.1189 -52.414 6
    endloop
  endfacet
  facet normal 0 0 1
    outer loop
      vertex -46.5 -58.3196 6
      vertex -46.1189 -52.414 6
      vertex -46.1442 -52.4973 6
    endloop
  endfacet
  facet normal 0 0 1
    outer loop
      vertex -46.5 -58.3196 6
      vertex -46.1442 -52.4973 6
      vertex -46.2396 -52.812 6
    endloop
  endfacet
  facet normal 0 0 1
    outer loop
      vertex -46.5 -58.3196 6
      vertex -46.2396 -52.812 6
      vertex -46.3947 -53.1021 6
    endloop
  endfacet
  facet normal 0 0 1
    outer loop
      vertex -46.5 -58.3196 6
      vertex -46.3947 -53.1021 6
      vertex -46.4357 -53.1789 6
    endloop
  endfacet
  facet normal 0 0 1
    outer loop
      vertex -46.5 -58.3196 6
      vertex -46.4357 -53.1789 6
      vertex -46.5 -53.2572 6
    endloop
  endfacet
  facet normal 0 0 1
    outer loop
      vertex -49.65 -71.15 6
      vertex -45.15 -67.15 6
      vertex -46.5 -58.3196 6
    endloop
  endfacet
  facet normal 0 0 1
    outer loop
      vertex -45.3196 -71 6
      vertex -46.65 -74.15 6
      vertex -42.7033 -74.15 6
    endloop
  endfacet
  facet normal 0 0 1
    outer loop
      vertex -45.15 -67.15 6
      vertex -49.65 -71.15 6
      vertex -45.3196 -71 6
    endloop
  endfacet
  facet normal 0 -0 1
    outer loop
      vertex -49.6355 -71.444 6
      vertex -45.3196 -71 6
      vertex -49.65 -71.15 6
    endloop
  endfacet
  facet normal 0 0 1
    outer loop
      vertex -45.3196 -71 6
      vertex -46.944 -74.1355 6
      vertex -46.65 -74.15 6
    endloop
  endfacet
  facet normal 0 0 1
    outer loop
      vertex -45.3196 -71 6
      vertex -47.2353 -74.0923 6
      vertex -46.944 -74.1355 6
    endloop
  endfacet
  facet normal 0 0 1
    outer loop
      vertex -45.3196 -71 6
      vertex -47.5208 -74.0208 6
      vertex -47.2353 -74.0923 6
    endloop
  endfacet
  facet normal 0 0 1
    outer loop
      vertex -45.3196 -71 6
      vertex -47.798 -73.9216 6
      vertex -47.5208 -74.0208 6
    endloop
  endfacet
  facet normal 0 0 1
    outer loop
      vertex -45.3196 -71 6
      vertex -48.0642 -73.7958 6
      vertex -47.798 -73.9216 6
    endloop
  endfacet
  facet normal 0 0 1
    outer loop
      vertex -45.3196 -71 6
      vertex -48.3167 -73.6444 6
      vertex -48.0642 -73.7958 6
    endloop
  endfacet
  facet normal 0 0 1
    outer loop
      vertex -45.3196 -71 6
      vertex -48.5532 -73.469 6
      vertex -48.3167 -73.6444 6
    endloop
  endfacet
  facet normal 0 0 1
    outer loop
      vertex -45.3196 -71 6
      vertex -48.7713 -73.2713 6
      vertex -48.5532 -73.469 6
    endloop
  endfacet
  facet normal 0 0 1
    outer loop
      vertex -45.3196 -71 6
      vertex -48.969 -73.0532 6
      vertex -48.7713 -73.2713 6
    endloop
  endfacet
  facet normal 0 0 1
    outer loop
      vertex -45.3196 -71 6
      vertex -49.1444 -72.8167 6
      vertex -48.969 -73.0532 6
    endloop
  endfacet
  facet normal 0 0 1
    outer loop
      vertex -45.3196 -71 6
      vertex -49.2958 -72.5642 6
      vertex -49.1444 -72.8167 6
    endloop
  endfacet
  facet normal 0 0 1
    outer loop
      vertex -45.3196 -71 6
      vertex -49.4216 -72.298 6
      vertex -49.2958 -72.5642 6
    endloop
  endfacet
  facet normal 0 0 1
    outer loop
      vertex -45.3196 -71 6
      vertex -49.5208 -72.0208 6
      vertex -49.4216 -72.298 6
    endloop
  endfacet
  facet normal 0 0 1
    outer loop
      vertex -45.3196 -71 6
      vertex -49.5923 -71.7353 6
      vertex -49.5208 -72.0208 6
    endloop
  endfacet
  facet normal 0 0 1
    outer loop
      vertex -49.65 -71.15 6
      vertex -46.5 -58.3196 6
      vertex -49.65 -55.7033 6
    endloop
  endfacet
  facet normal 0 0 1
    outer loop
      vertex -45.3196 -71 6
      vertex -49.6355 -71.444 6
      vertex -49.5923 -71.7353 6
    endloop
  endfacet
  facet normal 0 0 1
    outer loop
      vertex -46.4357 -50.8211 6
      vertex -46.5 -45.6804 6
      vertex -46.5 -50.7428 6
    endloop
  endfacet
  facet normal 0 0 -1
    outer loop
      vertex 45.15 -28.831 6
      vertex 44.9205 -27.1492 6
      vertex 45.15 -28.4013 6
    endloop
  endfacet
  facet normal 0 0 -1
    outer loop
      vertex 44.6022 -25.8419 6
      vertex 44.9205 -27.1492 6
      vertex 45.15 -28.831 6
    endloop
  endfacet
  facet normal 0 0 -1
    outer loop
      vertex 44.6022 -25.8419 6
      vertex 44.3109 -23.3003 6
      vertex 44.9205 -27.1492 6
    endloop
  endfacet
  facet normal 0 0 -1
    outer loop
      vertex 44.022 -22.1783 6
      vertex 44.3109 -23.3003 6
      vertex 44.6022 -25.8419 6
    endloop
  endfacet
  facet normal 0 0 -1
    outer loop
      vertex 44.022 -22.1783 6
      vertex 43.7945 -19.4377 6
      vertex 44.3109 -23.3003 6
    endloop
  endfacet
  facet normal 0 0 -1
    outer loop
      vertex 43.5304 -18.5017 6
      vertex 43.7945 -19.4377 6
      vertex 44.022 -22.1783 6
    endloop
  endfacet
  facet normal 0 0 -1
    outer loop
      vertex 43.5304 -18.5017 6
      vertex 43.3716 -15.5638 6
      vertex 43.7945 -19.4377 6
    endloop
  endfacet
  facet normal 0 0 -1
    outer loop
      vertex 43.1278 -14.8144 6
      vertex 43.3716 -15.5638 6
      vertex 43.5304 -18.5017 6
    endloop
  endfacet
  facet normal 0 0 -1
    outer loop
      vertex 43.1278 -14.8144 6
      vertex 43.0423 -11.6808 6
      vertex 43.3716 -15.5638 6
    endloop
  endfacet
  facet normal 0 0 -1
    outer loop
      vertex 42.8145 -11.1183 6
      vertex 43.0423 -11.6808 6
      vertex 43.1278 -14.8144 6
    endloop
  endfacet
  facet normal 0 0 -1
    outer loop
      vertex 42.8145 -11.1183 6
      vertex 42.8071 -7.791 6
      vertex 43.0423 -11.6808 6
    endloop
  endfacet
  facet normal 0 0 -1
    outer loop
      vertex 42.5905 -7.41583 6
      vertex 42.8071 -7.791 6
      vertex 42.8145 -11.1183 6
    endloop
  endfacet
  facet normal 0 0 -1
    outer loop
      vertex 42.4561 -3.709 6
      vertex 42.6658 -3.89664 6
      vertex 42.5905 -7.41583 6
    endloop
  endfacet
  facet normal 0 0 -1
    outer loop
      vertex 42.8071 -7.791 6
      vertex 42.5905 -7.41583 6
      vertex 42.6658 -3.89664 6
    endloop
  endfacet
  facet normal 0 0 -1
    outer loop
      vertex 44.9205 27.1492 6
      vertex 45.15 28.831 6
      vertex 45.15 28.4013 6
    endloop
  endfacet
  facet normal -0 0 -1
    outer loop
      vertex 44.9205 27.1492 6
      vertex 44.6022 25.8419 6
      vertex 45.15 28.831 6
    endloop
  endfacet
  facet normal 0 0 -1
    outer loop
      vertex 44.3109 23.3003 6
      vertex 44.6022 25.8419 6
      vertex 44.9205 27.1492 6
    endloop
  endfacet
  facet normal -0 0 -1
    outer loop
      vertex 44.3109 23.3003 6
      vertex 44.022 22.1783 6
      vertex 44.6022 25.8419 6
    endloop
  endfacet
  facet normal 0 0 -1
    outer loop
      vertex 43.7945 19.4377 6
      vertex 44.022 22.1783 6
      vertex 44.3109 23.3003 6
    endloop
  endfacet
  facet normal -0 0 -1
    outer loop
      vertex 43.7945 19.4377 6
      vertex 43.5304 18.5017 6
      vertex 44.022 22.1783 6
    endloop
  endfacet
  facet normal 0 0 -1
    outer loop
      vertex 43.3716 15.5638 6
      vertex 43.5304 18.5017 6
      vertex 43.7945 19.4377 6
    endloop
  endfacet
  facet normal -0 0 -1
    outer loop
      vertex 43.3716 15.5638 6
      vertex 43.1278 14.8144 6
      vertex 43.5304 18.5017 6
    endloop
  endfacet
  facet normal 0 0 -1
    outer loop
      vertex 43.0423 11.6808 6
      vertex 43.1278 14.8144 6
      vertex 43.3716 15.5638 6
    endloop
  endfacet
  facet normal -0 0 -1
    outer loop
      vertex 43.0423 11.6808 6
      vertex 42.8145 11.1183 6
      vertex 43.1278 14.8144 6
    endloop
  endfacet
  facet normal 0 0 -1
    outer loop
      vertex 42.8071 7.791 6
      vertex 42.8145 11.1183 6
      vertex 43.0423 11.6808 6
    endloop
  endfacet
  facet normal 0 0 -1
    outer loop
      vertex 42.5905 7.41583 6
      vertex 42.8071 7.791 6
      vertex 42.6658 3.89664 6
    endloop
  endfacet
  facet normal -0 0 -1
    outer loop
      vertex 42.8071 7.791 6
      vertex 42.5905 7.41583 6
      vertex 42.8145 11.1183 6
    endloop
  endfacet
  facet normal 0 0 -1
    outer loop
      vertex 42.4561 3.709 6
      vertex 42.6658 3.89664 6
      vertex 42.6187 0 6
    endloop
  endfacet
  facet normal 0 0 -1
    outer loop
      vertex 42.6658 -3.89664 6
      vertex 42.4561 -3.709 6
      vertex 42.6187 0 6
    endloop
  endfacet
  facet normal 0 0 -1
    outer loop
      vertex 42.4112 0 6
      vertex 42.6187 0 6
      vertex 42.4561 -3.709 6
    endloop
  endfacet
  facet normal -0 0 -1
    outer loop
      vertex 42.6658 3.89664 6
      vertex 42.4561 3.709 6
      vertex 42.5905 7.41583 6
    endloop
  endfacet
  facet normal 0 0 -1
    outer loop
      vertex 42.6187 0 6
      vertex 42.4112 0 6
      vertex 42.4561 3.709 6
    endloop
  endfacet
  facet normal 0 0 1
    outer loop
      vertex 45.15 28.831 6
      vertex 44.9205 27.1492 6
      vertex 45.15 28.4013 6
    endloop
  endfacet
  facet normal 0 0 1
    outer loop
      vertex 44.6022 25.8419 6
      vertex 44.9205 27.1492 6
      vertex 45.15 28.831 6
    endloop
  endfacet
  facet normal -0 0 1
    outer loop
      vertex 44.6022 25.8419 6
      vertex 44.3109 23.3003 6
      vertex 44.9205 27.1492 6
    endloop
  endfacet
  facet normal 0 0 1
    outer loop
      vertex 44.022 22.1783 6
      vertex 44.3109 23.3003 6
      vertex 44.6022 25.8419 6
    endloop
  endfacet
  facet normal -0 0 1
    outer loop
      vertex 44.022 22.1783 6
      vertex 43.7945 19.4377 6
      vertex 44.3109 23.3003 6
    endloop
  endfacet
  facet normal 0 0 1
    outer loop
      vertex 43.5304 18.5017 6
      vertex 43.7945 19.4377 6
      vertex 44.022 22.1783 6
    endloop
  endfacet
  facet normal -0 0 1
    outer loop
      vertex 43.5304 18.5017 6
      vertex 43.3716 15.5638 6
      vertex 43.7945 19.4377 6
    endloop
  endfacet
  facet normal 0 0 1
    outer loop
      vertex 43.1278 14.8144 6
      vertex 43.3716 15.5638 6
      vertex 43.5304 18.5017 6
    endloop
  endfacet
  facet normal -0 0 1
    outer loop
      vertex 43.1278 14.8144 6
      vertex 43.0423 11.6808 6
      vertex 43.3716 15.5638 6
    endloop
  endfacet
  facet normal 0 0 1
    outer loop
      vertex 42.8145 11.1183 6
      vertex 43.0423 11.6808 6
      vertex 43.1278 14.8144 6
    endloop
  endfacet
  facet normal -0 0 1
    outer loop
      vertex 42.8145 11.1183 6
      vertex 42.8071 7.791 6
      vertex 43.0423 11.6808 6
    endloop
  endfacet
  facet normal 0 0 1
    outer loop
      vertex 42.5905 7.41583 6
      vertex 42.8071 7.791 6
      vertex 42.8145 11.1183 6
    endloop
  endfacet
  facet normal 0 0 1
    outer loop
      vertex 42.4561 3.709 6
      vertex 42.6658 3.89664 6
      vertex 42.5905 7.41583 6
    endloop
  endfacet
  facet normal 0 0 1
    outer loop
      vertex 42.8071 7.791 6
      vertex 42.5905 7.41583 6
      vertex 42.6658 3.89664 6
    endloop
  endfacet
  facet normal 0 0 1
    outer loop
      vertex 44.9205 -27.1492 6
      vertex 45.15 -28.831 6
      vertex 45.15 -28.4013 6
    endloop
  endfacet
  facet normal 0 0 1
    outer loop
      vertex 44.9205 -27.1492 6
      vertex 44.6022 -25.8419 6
      vertex 45.15 -28.831 6
    endloop
  endfacet
  facet normal 0 0 1
    outer loop
      vertex 44.3109 -23.3003 6
      vertex 44.6022 -25.8419 6
      vertex 44.9205 -27.1492 6
    endloop
  endfacet
  facet normal 0 0 1
    outer loop
      vertex 44.3109 -23.3003 6
      vertex 44.022 -22.1783 6
      vertex 44.6022 -25.8419 6
    endloop
  endfacet
  facet normal 0 0 1
    outer loop
      vertex 43.7945 -19.4377 6
      vertex 44.022 -22.1783 6
      vertex 44.3109 -23.3003 6
    endloop
  endfacet
  facet normal 0 0 1
    outer loop
      vertex 43.7945 -19.4377 6
      vertex 43.5304 -18.5017 6
      vertex 44.022 -22.1783 6
    endloop
  endfacet
  facet normal 0 0 1
    outer loop
      vertex 43.3716 -15.5638 6
      vertex 43.5304 -18.5017 6
      vertex 43.7945 -19.4377 6
    endloop
  endfacet
  facet normal 0 0 1
    outer loop
      vertex 43.3716 -15.5638 6
      vertex 43.1278 -14.8144 6
      vertex 43.5304 -18.5017 6
    endloop
  endfacet
  facet normal 0 0 1
    outer loop
      vertex 43.0423 -11.6808 6
      vertex 43.1278 -14.8144 6
      vertex 43.3716 -15.5638 6
    endloop
  endfacet
  facet normal 0 0 1
    outer loop
      vertex 43.0423 -11.6808 6
      vertex 42.8145 -11.1183 6
      vertex 43.1278 -14.8144 6
    endloop
  endfacet
  facet normal 0 0 1
    outer loop
      vertex 42.8071 -7.791 6
      vertex 42.8145 -11.1183 6
      vertex 43.0423 -11.6808 6
    endloop
  endfacet
  facet normal -0 0 1
    outer loop
      vertex 42.5905 -7.41583 6
      vertex 42.8071 -7.791 6
      vertex 42.6658 -3.89664 6
    endloop
  endfacet
  facet normal 0 0 1
    outer loop
      vertex 42.8071 -7.791 6
      vertex 42.5905 -7.41583 6
      vertex 42.8145 -11.1183 6
    endloop
  endfacet
  facet normal -0 0 1
    outer loop
      vertex 42.4561 -3.709 6
      vertex 42.6658 -3.89664 6
      vertex 42.6187 0 6
    endloop
  endfacet
  facet normal 0 0 1
    outer loop
      vertex 42.6658 3.89664 6
      vertex 42.4561 3.709 6
      vertex 42.6187 0 6
    endloop
  endfacet
  facet normal 0 0 1
    outer loop
      vertex 42.4112 0 6
      vertex 42.6187 0 6
      vertex 42.4561 3.709 6
    endloop
  endfacet
  facet normal 0 0 1
    outer loop
      vertex 42.6658 -3.89664 6
      vertex 42.4561 -3.709 6
      vertex 42.5905 -7.41583 6
    endloop
  endfacet
  facet normal 0 0 1
    outer loop
      vertex 42.6187 0 6
      vertex 42.4112 0 6
      vertex 42.4561 -3.709 6
    endloop
  endfacet
  facet normal -0 0 -1
    outer loop
      vertex 21.0232 69.65 6
      vertex 19.8025 69.4914 6
      vertex 20.6678 69.65 6
    endloop
  endfacet
  facet normal 0 0 -1
    outer loop
      vertex 18.9913 69.2776 6
      vertex 19.8025 69.4914 6
      vertex 21.0232 69.65 6
    endloop
  endfacet
  facet normal -0 0 -1
    outer loop
      vertex 18.9913 69.2776 6
      vertex 16.9951 69.0468 6
      vertex 19.8025 69.4914 6
    endloop
  endfacet
  facet normal 0 0 -1
    outer loop
      vertex 16.299 68.8512 6
      vertex 16.9951 69.0468 6
      vertex 18.9913 69.2776 6
    endloop
  endfacet
  facet normal -0 0 -1
    outer loop
      vertex 16.299 68.8512 6
      vertex 14.1777 68.6701 6
      vertex 16.9951 69.0468 6
    endloop
  endfacet
  facet normal 0 0 -1
    outer loop
      vertex 13.597 68.49 6
      vertex 14.1777 68.6701 6
      vertex 16.299 68.8512 6
    endloop
  endfacet
  facet normal -0 0 -1
    outer loop
      vertex 13.597 68.49 6
      vertex 11.3521 68.3616 6
      vertex 14.1777 68.6701 6
    endloop
  endfacet
  facet normal 0 0 -1
    outer loop
      vertex 10.8872 68.1941 6
      vertex 11.3521 68.3616 6
      vertex 13.597 68.49 6
    endloop
  endfacet
  facet normal -0 0 -1
    outer loop
      vertex 10.8872 68.1941 6
      vertex 8.51991 68.1215 6
      vertex 11.3521 68.3616 6
    endloop
  endfacet
  facet normal 0 0 -1
    outer loop
      vertex 8.17093 67.9638 6
      vertex 8.51991 68.1215 6
      vertex 10.8872 68.1941 6
    endloop
  endfacet
  facet normal -0 0 -1
    outer loop
      vertex 8.17093 67.9638 6
      vertex 5.68271 67.9498 6
      vertex 8.51991 68.1215 6
    endloop
  endfacet
  facet normal 0 0 -1
    outer loop
      vertex 5.44994 67.7992 6
      vertex 5.68271 67.9498 6
      vertex 8.17093 67.9638 6
    endloop
  endfacet
  facet normal 0 0 -1
    outer loop
      vertex 5.44994 67.7992 6
      vertex 2.84218 67.8468 6
      vertex 5.68271 67.9498 6
    endloop
  endfacet
  facet normal 0 0 -1
    outer loop
      vertex 2.72575 67.7004 6
      vertex 2.84218 67.8468 6
      vertex 5.44994 67.7992 6
    endloop
  endfacet
  facet normal 0 0 -1
    outer loop
      vertex 0 67.8125 6
      vertex 2.72575 67.7004 6
      vertex 0 67.6675 6
    endloop
  endfacet
  facet normal 0 0 -1
    outer loop
      vertex 2.72575 67.7004 6
      vertex 0 67.8125 6
      vertex 2.84218 67.8468 6
    endloop
  endfacet
  facet normal 0 0 -1
    outer loop
      vertex -2.72575 67.7004 6
      vertex 0 67.8125 6
      vertex 0 67.6675 6
    endloop
  endfacet
  facet normal 0 0 -1
    outer loop
      vertex -2.72575 67.7004 6
      vertex -2.84218 67.8468 6
      vertex 0 67.8125 6
    endloop
  endfacet
  facet normal 0 0 -1
    outer loop
      vertex -5.44994 67.7992 6
      vertex -2.84218 67.8468 6
      vertex -2.72575 67.7004 6
    endloop
  endfacet
  facet normal 0 0 -1
    outer loop
      vertex -5.44994 67.7992 6
      vertex -5.68271 67.9498 6
      vertex -2.84218 67.8468 6
    endloop
  endfacet
  facet normal 0 0 -1
    outer loop
      vertex -8.17093 67.9638 6
      vertex -5.68271 67.9498 6
      vertex -5.44994 67.7992 6
    endloop
  endfacet
  facet normal 0 0 -1
    outer loop
      vertex -8.17093 67.9638 6
      vertex -8.51991 68.1215 6
      vertex -5.68271 67.9498 6
    endloop
  endfacet
  facet normal 0 0 -1
    outer loop
      vertex -10.8872 68.1941 6
      vertex -8.51991 68.1215 6
      vertex -8.17093 67.9638 6
    endloop
  endfacet
  facet normal 0 0 -1
    outer loop
      vertex -10.8872 68.1941 6
      vertex -11.3521 68.3616 6
      vertex -8.51991 68.1215 6
    endloop
  endfacet
  facet normal 0 0 -1
    outer loop
      vertex -13.597 68.49 6
      vertex -11.3521 68.3616 6
      vertex -10.8872 68.1941 6
    endloop
  endfacet
  facet normal 0 0 -1
    outer loop
      vertex -13.597 68.49 6
      vertex -14.1777 68.6701 6
      vertex -11.3521 68.3616 6
    endloop
  endfacet
  facet normal 0 0 -1
    outer loop
      vertex -16.299 68.8512 6
      vertex -14.1777 68.6701 6
      vertex -13.597 68.49 6
    endloop
  endfacet
  facet normal 0 0 -1
    outer loop
      vertex -16.299 68.8512 6
      vertex -16.9951 69.0468 6
      vertex -14.1777 68.6701 6
    endloop
  endfacet
  facet normal 0 0 -1
    outer loop
      vertex -18.9913 69.2776 6
      vertex -16.9951 69.0468 6
      vertex -16.299 68.8512 6
    endloop
  endfacet
  facet normal 0 0 -1
    outer loop
      vertex -18.9913 69.2776 6
      vertex -19.8025 69.4914 6
      vertex -16.9951 69.0468 6
    endloop
  endfacet
  facet normal 0 0 -1
    outer loop
      vertex -21.0232 69.65 6
      vertex -19.8025 69.4914 6
      vertex -18.9913 69.2776 6
    endloop
  endfacet
  facet normal 0 0 -1
    outer loop
      vertex -19.8025 69.4914 6
      vertex -21.0232 69.65 6
      vertex -20.6678 69.65 6
    endloop
  endfacet
  facet normal 0 0 1
    outer loop
      vertex 19.8025 69.4914 6
      vertex 21.0232 69.65 6
      vertex 20.6678 69.65 6
    endloop
  endfacet
  facet normal -0 0 1
    outer loop
      vertex 19.8025 69.4914 6
      vertex 18.9913 69.2776 6
      vertex 21.0232 69.65 6
    endloop
  endfacet
  facet normal 0 0 1
    outer loop
      vertex 16.9951 69.0468 6
      vertex 18.9913 69.2776 6
      vertex 19.8025 69.4914 6
    endloop
  endfacet
  facet normal -0 0 1
    outer loop
      vertex 16.9951 69.0468 6
      vertex 16.299 68.8512 6
      vertex 18.9913 69.2776 6
    endloop
  endfacet
  facet normal 0 0 1
    outer loop
      vertex 14.1777 68.6701 6
      vertex 16.299 68.8512 6
      vertex 16.9951 69.0468 6
    endloop
  endfacet
  facet normal -0 0 1
    outer loop
      vertex 14.1777 68.6701 6
      vertex 13.597 68.49 6
      vertex 16.299 68.8512 6
    endloop
  endfacet
  facet normal 0 0 1
    outer loop
      vertex 11.3521 68.3616 6
      vertex 13.597 68.49 6
      vertex 14.1777 68.6701 6
    endloop
  endfacet
  facet normal -0 0 1
    outer loop
      vertex 11.3521 68.3616 6
      vertex 10.8872 68.1941 6
      vertex 13.597 68.49 6
    endloop
  endfacet
  facet normal 0 0 1
    outer loop
      vertex 8.51991 68.1215 6
      vertex 10.8872 68.1941 6
      vertex 11.3521 68.3616 6
    endloop
  endfacet
  facet normal -0 0 1
    outer loop
      vertex 8.51991 68.1215 6
      vertex 8.17093 67.9638 6
      vertex 10.8872 68.1941 6
    endloop
  endfacet
  facet normal 0 0 1
    outer loop
      vertex 5.68271 67.9498 6
      vertex 8.17093 67.9638 6
      vertex 8.51991 68.1215 6
    endloop
  endfacet
  facet normal -0 0 1
    outer loop
      vertex 5.68271 67.9498 6
      vertex 5.44994 67.7992 6
      vertex 8.17093 67.9638 6
    endloop
  endfacet
  facet normal -0 0 1
    outer loop
      vertex 2.84218 67.8468 6
      vertex 5.44994 67.7992 6
      vertex 5.68271 67.9498 6
    endloop
  endfacet
  facet normal 0 0 1
    outer loop
      vertex 2.84218 67.8468 6
      vertex 2.72575 67.7004 6
      vertex 5.44994 67.7992 6
    endloop
  endfacet
  facet normal -0 0 1
    outer loop
      vertex 0 67.8125 6
      vertex 2.72575 67.7004 6
      vertex 2.84218 67.8468 6
    endloop
  endfacet
  facet normal 0 0 1
    outer loop
      vertex 0 67.8125 6
      vertex 0 67.6675 6
      vertex 2.72575 67.7004 6
    endloop
  endfacet
  facet normal 0 0 1
    outer loop
      vertex 0 67.8125 6
      vertex -2.72575 67.7004 6
      vertex 0 67.6675 6
    endloop
  endfacet
  facet normal 0 0 1
    outer loop
      vertex -2.84218 67.8468 6
      vertex -2.72575 67.7004 6
      vertex 0 67.8125 6
    endloop
  endfacet
  facet normal 0 0 1
    outer loop
      vertex -2.84218 67.8468 6
      vertex -5.44994 67.7992 6
      vertex -2.72575 67.7004 6
    endloop
  endfacet
  facet normal 0 0 1
    outer loop
      vertex -5.68271 67.9498 6
      vertex -5.44994 67.7992 6
      vertex -2.84218 67.8468 6
    endloop
  endfacet
  facet normal 0 0 1
    outer loop
      vertex -5.68271 67.9498 6
      vertex -8.17093 67.9638 6
      vertex -5.44994 67.7992 6
    endloop
  endfacet
  facet normal 0 0 1
    outer loop
      vertex -8.51991 68.1215 6
      vertex -8.17093 67.9638 6
      vertex -5.68271 67.9498 6
    endloop
  endfacet
  facet normal 0 0 1
    outer loop
      vertex -8.51991 68.1215 6
      vertex -10.8872 68.1941 6
      vertex -8.17093 67.9638 6
    endloop
  endfacet
  facet normal 0 0 1
    outer loop
      vertex -11.3521 68.3616 6
      vertex -10.8872 68.1941 6
      vertex -8.51991 68.1215 6
    endloop
  endfacet
  facet normal 0 0 1
    outer loop
      vertex -11.3521 68.3616 6
      vertex -13.597 68.49 6
      vertex -10.8872 68.1941 6
    endloop
  endfacet
  facet normal 0 0 1
    outer loop
      vertex -14.1777 68.6701 6
      vertex -13.597 68.49 6
      vertex -11.3521 68.3616 6
    endloop
  endfacet
  facet normal 0 0 1
    outer loop
      vertex -14.1777 68.6701 6
      vertex -16.299 68.8512 6
      vertex -13.597 68.49 6
    endloop
  endfacet
  facet normal 0 0 1
    outer loop
      vertex -16.9951 69.0468 6
      vertex -16.299 68.8512 6
      vertex -14.1777 68.6701 6
    endloop
  endfacet
  facet normal 0 0 1
    outer loop
      vertex -16.9951 69.0468 6
      vertex -18.9913 69.2776 6
      vertex -16.299 68.8512 6
    endloop
  endfacet
  facet normal 0 0 1
    outer loop
      vertex -19.8025 69.4914 6
      vertex -18.9913 69.2776 6
      vertex -16.9951 69.0468 6
    endloop
  endfacet
  facet normal -0 0 1
    outer loop
      vertex -21.0232 69.65 6
      vertex -19.8025 69.4914 6
      vertex -20.6678 69.65 6
    endloop
  endfacet
  facet normal 0 0 1
    outer loop
      vertex -19.8025 69.4914 6
      vertex -21.0232 69.65 6
      vertex -18.9913 69.2776 6
    endloop
  endfacet
  facet normal 0 0 -1
    outer loop
      vertex 44.9532 -35.121 6
      vertex 45.15 -35.9582 6
      vertex 45.15 -35.9631 6
    endloop
  endfacet
  facet normal 0 0 -1
    outer loop
      vertex 45.15 -35.9582 6
      vertex 44.9532 -35.121 6
      vertex 44.9438 -35.0757 6
    endloop
  endfacet
  facet normal 0 0 1
    outer loop
      vertex 45.15 -35.9582 6
      vertex 44.9532 -35.121 6
      vertex 45.15 -35.9631 6
    endloop
  endfacet
  facet normal -0 -0 1
    outer loop
      vertex 44.9532 -35.121 6
      vertex 45.15 -35.9582 6
      vertex 44.9438 -35.0757 6
    endloop
  endfacet
  facet normal -0 0 -1
    outer loop
      vertex 45.15 35.9582 6
      vertex 44.9532 35.121 6
      vertex 45.15 35.9631 6
    endloop
  endfacet
  facet normal 0 -0 -1
    outer loop
      vertex 44.9532 35.121 6
      vertex 45.15 35.9582 6
      vertex 44.9438 35.0757 6
    endloop
  endfacet
  facet normal 0 0 1
    outer loop
      vertex 44.9532 35.121 6
      vertex 45.15 35.9582 6
      vertex 45.15 35.9631 6
    endloop
  endfacet
  facet normal 0 0 1
    outer loop
      vertex 45.15 35.9582 6
      vertex 44.9532 35.121 6
      vertex 44.9438 35.0757 6
    endloop
  endfacet
  facet normal 0 0 -1
    outer loop
      vertex -42.6187 0 6
      vertex -42.4112 0 6
      vertex -42.4561 -3.709 6
    endloop
  endfacet
  facet normal 0 0 -1
    outer loop
      vertex -42.6658 -3.89664 6
      vertex -42.4561 -3.709 6
      vertex -42.5905 -7.41583 6
    endloop
  endfacet
  facet normal 0 0 -1
    outer loop
      vertex -42.4112 0 6
      vertex -42.6187 0 6
      vertex -42.4561 3.709 6
    endloop
  endfacet
  facet normal 0 0 -1
    outer loop
      vertex -42.6658 3.89664 6
      vertex -42.4561 3.709 6
      vertex -42.6187 0 6
    endloop
  endfacet
  facet normal -0 0 -1
    outer loop
      vertex -42.4561 -3.709 6
      vertex -42.6658 -3.89664 6
      vertex -42.6187 0 6
    endloop
  endfacet
  facet normal -0 0 -1
    outer loop
      vertex -42.5905 -7.41583 6
      vertex -42.8071 -7.791 6
      vertex -42.6658 -3.89664 6
    endloop
  endfacet
  facet normal 0 0 -1
    outer loop
      vertex -42.8145 -11.1183 6
      vertex -42.8071 -7.791 6
      vertex -42.5905 -7.41583 6
    endloop
  endfacet
  facet normal -0 0 -1
    outer loop
      vertex -42.8145 -11.1183 6
      vertex -43.0423 -11.6808 6
      vertex -42.8071 -7.791 6
    endloop
  endfacet
  facet normal 0 0 -1
    outer loop
      vertex -43.1278 -14.8144 6
      vertex -43.0423 -11.6808 6
      vertex -42.8145 -11.1183 6
    endloop
  endfacet
  facet normal -0 0 -1
    outer loop
      vertex -43.1278 -14.8144 6
      vertex -43.3716 -15.5638 6
      vertex -43.0423 -11.6808 6
    endloop
  endfacet
  facet normal 0 0 -1
    outer loop
      vertex -43.5304 -18.5017 6
      vertex -43.3716 -15.5638 6
      vertex -43.1278 -14.8144 6
    endloop
  endfacet
  facet normal -0 0 -1
    outer loop
      vertex -43.5304 -18.5017 6
      vertex -43.7945 -19.4377 6
      vertex -43.3716 -15.5638 6
    endloop
  endfacet
  facet normal 0 0 -1
    outer loop
      vertex -44.022 -22.1783 6
      vertex -43.7945 -19.4377 6
      vertex -43.5304 -18.5017 6
    endloop
  endfacet
  facet normal -0 0 -1
    outer loop
      vertex -44.022 -22.1783 6
      vertex -44.3109 -23.3003 6
      vertex -43.7945 -19.4377 6
    endloop
  endfacet
  facet normal 0 0 -1
    outer loop
      vertex -44.6022 -25.8419 6
      vertex -44.3109 -23.3003 6
      vertex -44.022 -22.1783 6
    endloop
  endfacet
  facet normal -0 0 -1
    outer loop
      vertex -44.6022 -25.8419 6
      vertex -44.9205 -27.1492 6
      vertex -44.3109 -23.3003 6
    endloop
  endfacet
  facet normal 0 0 -1
    outer loop
      vertex -45.15 -28.831 6
      vertex -44.9205 -27.1492 6
      vertex -44.6022 -25.8419 6
    endloop
  endfacet
  facet normal 0 0 -1
    outer loop
      vertex -44.9205 -27.1492 6
      vertex -45.15 -28.831 6
      vertex -45.15 -28.4013 6
    endloop
  endfacet
  facet normal 0 0 -1
    outer loop
      vertex -42.4561 3.709 6
      vertex -42.6658 3.89664 6
      vertex -42.5905 7.41583 6
    endloop
  endfacet
  facet normal 0 0 -1
    outer loop
      vertex -42.8071 7.791 6
      vertex -42.5905 7.41583 6
      vertex -42.6658 3.89664 6
    endloop
  endfacet
  facet normal 0 0 -1
    outer loop
      vertex -42.8071 7.791 6
      vertex -42.8145 11.1183 6
      vertex -42.5905 7.41583 6
    endloop
  endfacet
  facet normal 0 0 -1
    outer loop
      vertex -43.0423 11.6808 6
      vertex -42.8145 11.1183 6
      vertex -42.8071 7.791 6
    endloop
  endfacet
  facet normal 0 0 -1
    outer loop
      vertex -43.0423 11.6808 6
      vertex -43.1278 14.8144 6
      vertex -42.8145 11.1183 6
    endloop
  endfacet
  facet normal 0 0 -1
    outer loop
      vertex -43.3716 15.5638 6
      vertex -43.1278 14.8144 6
      vertex -43.0423 11.6808 6
    endloop
  endfacet
  facet normal 0 0 -1
    outer loop
      vertex -43.3716 15.5638 6
      vertex -43.5304 18.5017 6
      vertex -43.1278 14.8144 6
    endloop
  endfacet
  facet normal 0 0 -1
    outer loop
      vertex -43.7945 19.4377 6
      vertex -43.5304 18.5017 6
      vertex -43.3716 15.5638 6
    endloop
  endfacet
  facet normal 0 0 -1
    outer loop
      vertex -43.7945 19.4377 6
      vertex -44.022 22.1783 6
      vertex -43.5304 18.5017 6
    endloop
  endfacet
  facet normal 0 0 -1
    outer loop
      vertex -44.3109 23.3003 6
      vertex -44.022 22.1783 6
      vertex -43.7945 19.4377 6
    endloop
  endfacet
  facet normal 0 0 -1
    outer loop
      vertex -44.3109 23.3003 6
      vertex -44.6022 25.8419 6
      vertex -44.022 22.1783 6
    endloop
  endfacet
  facet normal 0 0 -1
    outer loop
      vertex -44.9205 27.1492 6
      vertex -44.6022 25.8419 6
      vertex -44.3109 23.3003 6
    endloop
  endfacet
  facet normal 0 0 -1
    outer loop
      vertex -45.15 28.831 6
      vertex -44.9205 27.1492 6
      vertex -45.15 28.4013 6
    endloop
  endfacet
  facet normal 0 0 -1
    outer loop
      vertex -44.9205 27.1492 6
      vertex -45.15 28.831 6
      vertex -44.6022 25.8419 6
    endloop
  endfacet
  facet normal 0 0 1
    outer loop
      vertex -42.6187 0 6
      vertex -42.4112 0 6
      vertex -42.4561 3.709 6
    endloop
  endfacet
  facet normal -0 0 1
    outer loop
      vertex -42.6658 3.89664 6
      vertex -42.4561 3.709 6
      vertex -42.5905 7.41583 6
    endloop
  endfacet
  facet normal 0 0 1
    outer loop
      vertex -42.4112 0 6
      vertex -42.6187 0 6
      vertex -42.4561 -3.709 6
    endloop
  endfacet
  facet normal 0 0 1
    outer loop
      vertex -42.6658 -3.89664 6
      vertex -42.4561 -3.709 6
      vertex -42.6187 0 6
    endloop
  endfacet
  facet normal 0 0 1
    outer loop
      vertex -42.4561 3.709 6
      vertex -42.6658 3.89664 6
      vertex -42.6187 0 6
    endloop
  endfacet
  facet normal 0 0 1
    outer loop
      vertex -42.5905 7.41583 6
      vertex -42.8071 7.791 6
      vertex -42.6658 3.89664 6
    endloop
  endfacet
  facet normal 0 0 1
    outer loop
      vertex -42.8145 11.1183 6
      vertex -42.8071 7.791 6
      vertex -42.5905 7.41583 6
    endloop
  endfacet
  facet normal 0 0 1
    outer loop
      vertex -42.8145 11.1183 6
      vertex -43.0423 11.6808 6
      vertex -42.8071 7.791 6
    endloop
  endfacet
  facet normal 0 0 1
    outer loop
      vertex -43.1278 14.8144 6
      vertex -43.0423 11.6808 6
      vertex -42.8145 11.1183 6
    endloop
  endfacet
  facet normal 0 0 1
    outer loop
      vertex -43.1278 14.8144 6
      vertex -43.3716 15.5638 6
      vertex -43.0423 11.6808 6
    endloop
  endfacet
  facet normal 0 0 1
    outer loop
      vertex -43.5304 18.5017 6
      vertex -43.3716 15.5638 6
      vertex -43.1278 14.8144 6
    endloop
  endfacet
  facet normal 0 0 1
    outer loop
      vertex -43.5304 18.5017 6
      vertex -43.7945 19.4377 6
      vertex -43.3716 15.5638 6
    endloop
  endfacet
  facet normal 0 0 1
    outer loop
      vertex -44.022 22.1783 6
      vertex -43.7945 19.4377 6
      vertex -43.5304 18.5017 6
    endloop
  endfacet
  facet normal 0 0 1
    outer loop
      vertex -44.022 22.1783 6
      vertex -44.3109 23.3003 6
      vertex -43.7945 19.4377 6
    endloop
  endfacet
  facet normal 0 0 1
    outer loop
      vertex -44.6022 25.8419 6
      vertex -44.3109 23.3003 6
      vertex -44.022 22.1783 6
    endloop
  endfacet
  facet normal 0 0 1
    outer loop
      vertex -44.6022 25.8419 6
      vertex -44.9205 27.1492 6
      vertex -44.3109 23.3003 6
    endloop
  endfacet
  facet normal 0 0 1
    outer loop
      vertex -45.15 28.831 6
      vertex -44.9205 27.1492 6
      vertex -44.6022 25.8419 6
    endloop
  endfacet
  facet normal 0 0 1
    outer loop
      vertex -44.9205 27.1492 6
      vertex -45.15 28.831 6
      vertex -45.15 28.4013 6
    endloop
  endfacet
  facet normal 0 0 1
    outer loop
      vertex -42.4561 -3.709 6
      vertex -42.6658 -3.89664 6
      vertex -42.5905 -7.41583 6
    endloop
  endfacet
  facet normal 0 0 1
    outer loop
      vertex -42.8071 -7.791 6
      vertex -42.5905 -7.41583 6
      vertex -42.6658 -3.89664 6
    endloop
  endfacet
  facet normal -0 0 1
    outer loop
      vertex -42.8071 -7.791 6
      vertex -42.8145 -11.1183 6
      vertex -42.5905 -7.41583 6
    endloop
  endfacet
  facet normal 0 0 1
    outer loop
      vertex -43.0423 -11.6808 6
      vertex -42.8145 -11.1183 6
      vertex -42.8071 -7.791 6
    endloop
  endfacet
  facet normal -0 0 1
    outer loop
      vertex -43.0423 -11.6808 6
      vertex -43.1278 -14.8144 6
      vertex -42.8145 -11.1183 6
    endloop
  endfacet
  facet normal 0 0 1
    outer loop
      vertex -43.3716 -15.5638 6
      vertex -43.1278 -14.8144 6
      vertex -43.0423 -11.6808 6
    endloop
  endfacet
  facet normal -0 0 1
    outer loop
      vertex -43.3716 -15.5638 6
      vertex -43.5304 -18.5017 6
      vertex -43.1278 -14.8144 6
    endloop
  endfacet
  facet normal 0 0 1
    outer loop
      vertex -43.7945 -19.4377 6
      vertex -43.5304 -18.5017 6
      vertex -43.3716 -15.5638 6
    endloop
  endfacet
  facet normal -0 0 1
    outer loop
      vertex -43.7945 -19.4377 6
      vertex -44.022 -22.1783 6
      vertex -43.5304 -18.5017 6
    endloop
  endfacet
  facet normal 0 0 1
    outer loop
      vertex -44.3109 -23.3003 6
      vertex -44.022 -22.1783 6
      vertex -43.7945 -19.4377 6
    endloop
  endfacet
  facet normal -0 0 1
    outer loop
      vertex -44.3109 -23.3003 6
      vertex -44.6022 -25.8419 6
      vertex -44.022 -22.1783 6
    endloop
  endfacet
  facet normal 0 0 1
    outer loop
      vertex -44.9205 -27.1492 6
      vertex -44.6022 -25.8419 6
      vertex -44.3109 -23.3003 6
    endloop
  endfacet
  facet normal 0 0 1
    outer loop
      vertex -45.15 -28.831 6
      vertex -44.9205 -27.1492 6
      vertex -45.15 -28.4013 6
    endloop
  endfacet
  facet normal -0 0 1
    outer loop
      vertex -44.9205 -27.1492 6
      vertex -45.15 -28.831 6
      vertex -44.6022 -25.8419 6
    endloop
  endfacet
  facet normal 0 0 -1
    outer loop
      vertex -45.15 35.9582 6
      vertex -44.9532 35.121 6
      vertex -44.9438 35.0757 6
    endloop
  endfacet
  facet normal 0 0 -1
    outer loop
      vertex -44.9532 35.121 6
      vertex -45.15 35.9582 6
      vertex -45.15 35.9631 6
    endloop
  endfacet
  facet normal -0 0 1
    outer loop
      vertex -45.15 35.9582 6
      vertex -44.9532 35.121 6
      vertex -45.15 35.9631 6
    endloop
  endfacet
  facet normal 0 0 1
    outer loop
      vertex -44.9532 35.121 6
      vertex -45.15 35.9582 6
      vertex -44.9438 35.0757 6
    endloop
  endfacet
  facet normal 0 0 -1
    outer loop
      vertex -45.15 -35.9582 6
      vertex -44.9532 -35.121 6
      vertex -45.15 -35.9631 6
    endloop
  endfacet
  facet normal -0 0 -1
    outer loop
      vertex -44.9532 -35.121 6
      vertex -45.15 -35.9582 6
      vertex -44.9438 -35.0757 6
    endloop
  endfacet
  facet normal 0 0 1
    outer loop
      vertex -45.15 -35.9582 6
      vertex -44.9532 -35.121 6
      vertex -44.9438 -35.0757 6
    endloop
  endfacet
  facet normal 0 0 1
    outer loop
      vertex -44.9532 -35.121 6
      vertex -45.15 -35.9582 6
      vertex -45.15 -35.9631 6
    endloop
  endfacet
  facet normal 0 0 -1
    outer loop
      vertex -27.9613 69.6463 6
      vertex -27.9773 69.65 6
      vertex -27.9757 69.65 6
    endloop
  endfacet
  facet normal 0 0 1
    outer loop
      vertex -27.9613 69.6463 6
      vertex -27.9757 69.65 6
      vertex -27.9773 69.65 6
    endloop
  endfacet
  facet normal -0 0 -1
    outer loop
      vertex 27.9773 69.65 6
      vertex 27.9613 69.6463 6
      vertex 27.9757 69.65 6
    endloop
  endfacet
  facet normal 0 0 1
    outer loop
      vertex 27.9773 69.65 6
      vertex 27.9757 69.65 6
      vertex 27.9613 69.6463 6
    endloop
  endfacet
  facet normal 0 -1 0
    outer loop
      vertex 42.5083 -74.15 0
      vertex 46.65 -74.15 6
      vertex 42.5083 -74.15 6
    endloop
  endfacet
  facet normal 0 -1 -0
    outer loop
      vertex 46.65 -74.15 6
      vertex 42.5083 -74.15 0
      vertex 46.65 -74.15 0
    endloop
  endfacet
  facet normal 0.0492599 -0.998786 0
    outer loop
      vertex 46.65 -74.15 0
      vertex 46.944 -74.1355 6
      vertex 46.65 -74.15 6
    endloop
  endfacet
  facet normal 0.0492599 -0.998786 0
    outer loop
      vertex 46.944 -74.1355 6
      vertex 46.65 -74.15 0
      vertex 46.944 -74.1355 0
    endloop
  endfacet
  facet normal 0.146696 -0.989182 0
    outer loop
      vertex 46.944 -74.1355 0
      vertex 47.2353 -74.0923 6
      vertex 46.944 -74.1355 6
    endloop
  endfacet
  facet normal 0.146696 -0.989182 0
    outer loop
      vertex 47.2353 -74.0923 6
      vertex 46.944 -74.1355 0
      vertex 47.2353 -74.0923 0
    endloop
  endfacet
  facet normal 0.242935 -0.970042 0
    outer loop
      vertex 47.2353 -74.0923 0
      vertex 47.5208 -74.0208 6
      vertex 47.2353 -74.0923 6
    endloop
  endfacet
  facet normal 0.242935 -0.970042 0
    outer loop
      vertex 47.5208 -74.0208 6
      vertex 47.2353 -74.0923 0
      vertex 47.5208 -74.0208 0
    endloop
  endfacet
  facet normal 0.336939 -0.941527 0
    outer loop
      vertex 47.5208 -74.0208 0
      vertex 47.798 -73.9216 6
      vertex 47.5208 -74.0208 6
    endloop
  endfacet
  facet normal 0.336939 -0.941527 0
    outer loop
      vertex 47.798 -73.9216 6
      vertex 47.5208 -74.0208 0
      vertex 47.798 -73.9216 0
    endloop
  endfacet
  facet normal 0.427269 -0.904125 0
    outer loop
      vertex 47.798 -73.9216 0
      vertex 48.0642 -73.7958 6
      vertex 47.798 -73.9216 6
    endloop
  endfacet
  facet normal 0.427269 -0.904125 0
    outer loop
      vertex 48.0642 -73.7958 6
      vertex 47.798 -73.9216 0
      vertex 48.0642 -73.7958 0
    endloop
  endfacet
  facet normal 0.514246 -0.857643 0
    outer loop
      vertex 48.0642 -73.7958 0
      vertex 48.3167 -73.6444 6
      vertex 48.0642 -73.7958 6
    endloop
  endfacet
  facet normal 0.514246 -0.857643 0
    outer loop
      vertex 48.3167 -73.6444 6
      vertex 48.0642 -73.7958 0
      vertex 48.3167 -73.6444 0
    endloop
  endfacet
  facet normal 0.595699 -0.803208 0
    outer loop
      vertex 48.3167 -73.6444 0
      vertex 48.5532 -73.469 6
      vertex 48.3167 -73.6444 6
    endloop
  endfacet
  facet normal 0.595699 -0.803208 0
    outer loop
      vertex 48.5532 -73.469 6
      vertex 48.3167 -73.6444 0
      vertex 48.5532 -73.469 0
    endloop
  endfacet
  facet normal 0.671607 -0.740908 0
    outer loop
      vertex 48.5532 -73.469 0
      vertex 48.7713 -73.2713 6
      vertex 48.5532 -73.469 6
    endloop
  endfacet
  facet normal 0.671607 -0.740908 0
    outer loop
      vertex 48.7713 -73.2713 6
      vertex 48.5532 -73.469 0
      vertex 48.7713 -73.2713 0
    endloop
  endfacet
  facet normal 0.740908 -0.671607 0
    outer loop
      vertex 48.7713 -73.2713 6
      vertex 48.969 -73.0532 0
      vertex 48.969 -73.0532 6
    endloop
  endfacet
  facet normal 0.740908 -0.671607 0
    outer loop
      vertex 48.969 -73.0532 0
      vertex 48.7713 -73.2713 6
      vertex 48.7713 -73.2713 0
    endloop
  endfacet
  facet normal 0.803208 -0.595699 0
    outer loop
      vertex 48.969 -73.0532 6
      vertex 49.1444 -72.8167 0
      vertex 49.1444 -72.8167 6
    endloop
  endfacet
  facet normal 0.803208 -0.595699 0
    outer loop
      vertex 49.1444 -72.8167 0
      vertex 48.969 -73.0532 6
      vertex 48.969 -73.0532 0
    endloop
  endfacet
  facet normal 0.857643 -0.514246 0
    outer loop
      vertex 49.1444 -72.8167 6
      vertex 49.2958 -72.5642 0
      vertex 49.2958 -72.5642 6
    endloop
  endfacet
  facet normal 0.857643 -0.514246 0
    outer loop
      vertex 49.2958 -72.5642 0
      vertex 49.1444 -72.8167 6
      vertex 49.1444 -72.8167 0
    endloop
  endfacet
  facet normal 0.904125 -0.427269 0
    outer loop
      vertex 49.2958 -72.5642 6
      vertex 49.4216 -72.298 0
      vertex 49.4216 -72.298 6
    endloop
  endfacet
  facet normal 0.904125 -0.427269 0
    outer loop
      vertex 49.4216 -72.298 0
      vertex 49.2958 -72.5642 6
      vertex 49.2958 -72.5642 0
    endloop
  endfacet
  facet normal 0.941527 -0.336939 0
    outer loop
      vertex 49.4216 -72.298 6
      vertex 49.5208 -72.0208 0
      vertex 49.5208 -72.0208 6
    endloop
  endfacet
  facet normal 0.941527 -0.336939 0
    outer loop
      vertex 49.5208 -72.0208 0
      vertex 49.4216 -72.298 6
      vertex 49.4216 -72.298 0
    endloop
  endfacet
  facet normal 0.970042 -0.242935 0
    outer loop
      vertex 49.5208 -72.0208 6
      vertex 49.5923 -71.7353 0
      vertex 49.5923 -71.7353 6
    endloop
  endfacet
  facet normal 0.970042 -0.242935 0
    outer loop
      vertex 49.5923 -71.7353 0
      vertex 49.5208 -72.0208 6
      vertex 49.5208 -72.0208 0
    endloop
  endfacet
  facet normal 0.989182 -0.146696 0
    outer loop
      vertex 49.5923 -71.7353 6
      vertex 49.6355 -71.444 0
      vertex 49.6355 -71.444 6
    endloop
  endfacet
  facet normal 0.989182 -0.146696 0
    outer loop
      vertex 49.6355 -71.444 0
      vertex 49.5923 -71.7353 6
      vertex 49.5923 -71.7353 0
    endloop
  endfacet
  facet normal 0.998786 -0.0492599 0
    outer loop
      vertex 49.6355 -71.444 6
      vertex 49.65 -71.15 0
      vertex 49.65 -71.15 6
    endloop
  endfacet
  facet normal 0.998786 -0.0492599 0
    outer loop
      vertex 49.65 -71.15 0
      vertex 49.6355 -71.444 6
      vertex 49.6355 -71.444 0
    endloop
  endfacet
  facet normal 1 -0 0
    outer loop
      vertex 49.65 -71.15 6
      vertex 49.65 -55.5083 0
      vertex 49.65 -55.5083 6
    endloop
  endfacet
  facet normal 1 0 0
    outer loop
      vertex 49.65 -55.5083 0
      vertex 49.65 -71.15 6
      vertex 49.65 -71.15 0
    endloop
  endfacet
  facet normal -0.638927 -0.769267 0
    outer loop
      vertex 49.65 -55.5083 0
      vertex 52.65 -58 6
      vertex 49.65 -55.5083 6
    endloop
  endfacet
  facet normal -0.638927 -0.769267 -0
    outer loop
      vertex 52.65 -58 6
      vertex 49.65 -55.5083 0
      vertex 52.65 -58 0
    endloop
  endfacet
  facet normal 1 0 0
    outer loop
      vertex 52.65 -53.2337 5.89603
      vertex 52.65 -58 6
      vertex 52.65 -53.2337 5.50397
    endloop
  endfacet
  facet normal 1 -0 0
    outer loop
      vertex 52.65 -58 6
      vertex 52.65 -53.2337 5.89603
      vertex 52.65 -53.2012 6
    endloop
  endfacet
  facet normal 1 0 0
    outer loop
      vertex 52.65 -50.7663 5.50397
      vertex 52.65 -46 6
      vertex 52.65 -50.7663 5.89603
    endloop
  endfacet
  facet normal 1 0 -0
    outer loop
      vertex 52.65 -50.7663 5.89603
      vertex 52.65 -46 6
      vertex 52.65 -50.7988 6
    endloop
  endfacet
  facet normal 1 0 0
    outer loop
      vertex 52.65 -50.8081 5.37018
      vertex 52.65 -46 6
      vertex 52.65 -50.7663 5.50397
    endloop
  endfacet
  facet normal 1 0 0
    outer loop
      vertex 52.65 -50.8863 5.11943
      vertex 52.65 -46 6
      vertex 52.65 -50.8081 5.37018
    endloop
  endfacet
  facet normal 1 0 0
    outer loop
      vertex 52.65 -50.9146 5.07592
      vertex 52.65 -46 6
      vertex 52.65 -50.8863 5.11943
    endloop
  endfacet
  facet normal 1 0 0
    outer loop
      vertex 52.65 -50.9643 4.9994
      vertex 52.65 -46 6
      vertex 52.65 -50.9146 5.07592
    endloop
  endfacet
  facet normal 1 0 0
    outer loop
      vertex 52.65 -46 6
      vertex 52.65 -50.9643 4.9994
      vertex 52.65 -46 0
    endloop
  endfacet
  facet normal 1 -0 0
    outer loop
      vertex 52.65 -51.0885 4.85738
      vertex 52.65 -46 0
      vertex 52.65 -50.9643 4.9994
    endloop
  endfacet
  facet normal 1 -0 0
    outer loop
      vertex 52.65 -51.1761 4.75721
      vertex 52.65 -46 0
      vertex 52.65 -51.0885 4.85738
    endloop
  endfacet
  facet normal 1 -0 0
    outer loop
      vertex 52.65 -51.358 4.62829
      vertex 52.65 -46 0
      vertex 52.65 -51.1761 4.75721
    endloop
  endfacet
  facet normal 1 -0 0
    outer loop
      vertex 52.65 -51.5082 4.5627
      vertex 52.65 -46 0
      vertex 52.65 -51.358 4.62829
    endloop
  endfacet
  facet normal 1 -0 0
    outer loop
      vertex 52.65 -51.6917 4.48261
      vertex 52.65 -46 0
      vertex 52.65 -51.5082 4.5627
    endloop
  endfacet
  facet normal 1 -0 0
    outer loop
      vertex 52.65 -51.9926 4.43825
      vertex 52.65 -46 0
      vertex 52.65 -51.6917 4.48261
    endloop
  endfacet
  facet normal 1 -0 0
    outer loop
      vertex 52.65 -52 4.43716
      vertex 52.65 -46 0
      vertex 52.65 -51.9926 4.43825
    endloop
  endfacet
  facet normal 1 0 0
    outer loop
      vertex 52.65 -58 0
      vertex 52.65 -52 4.43716
      vertex 52.65 -52.0074 4.43825
    endloop
  endfacet
  facet normal 1 0 0
    outer loop
      vertex 52.65 -58 0
      vertex 52.65 -52.0074 4.43825
      vertex 52.65 -52.3083 4.48261
    endloop
  endfacet
  facet normal 1 0 0
    outer loop
      vertex 52.65 -58 0
      vertex 52.65 -52.3083 4.48261
      vertex 52.65 -52.4918 4.5627
    endloop
  endfacet
  facet normal 1 0 0
    outer loop
      vertex 52.65 -58 0
      vertex 52.65 -52.4918 4.5627
      vertex 52.65 -52.642 4.62829
    endloop
  endfacet
  facet normal 1 0 0
    outer loop
      vertex 52.65 -58 6
      vertex 52.65 -53.1919 5.37018
      vertex 52.65 -53.2337 5.50397
    endloop
  endfacet
  facet normal 1 0 0
    outer loop
      vertex 52.65 -53.1919 5.37018
      vertex 52.65 -58 6
      vertex 52.65 -53.1137 5.11943
    endloop
  endfacet
  facet normal 1 0 0
    outer loop
      vertex 52.65 -58 6
      vertex 52.65 -53.0854 5.07592
      vertex 52.65 -53.1137 5.11943
    endloop
  endfacet
  facet normal 1 0 0
    outer loop
      vertex 52.65 -58 6
      vertex 52.65 -53.0357 4.9994
      vertex 52.65 -53.0854 5.07592
    endloop
  endfacet
  facet normal 1 0 0
    outer loop
      vertex 52.65 -58 0
      vertex 52.65 -53.0357 4.9994
      vertex 52.65 -58 6
    endloop
  endfacet
  facet normal 1 0 0
    outer loop
      vertex 52.65 -53.0357 4.9994
      vertex 52.65 -58 0
      vertex 52.65 -52.9115 4.85738
    endloop
  endfacet
  facet normal 1 0 0
    outer loop
      vertex 52.65 -52.9115 4.85738
      vertex 52.65 -58 0
      vertex 52.65 -52.8239 4.75721
    endloop
  endfacet
  facet normal 1 0 0
    outer loop
      vertex 52.65 -52.8239 4.75721
      vertex 52.65 -58 0
      vertex 52.65 -52.642 4.62829
    endloop
  endfacet
  facet normal 1 0 0
    outer loop
      vertex 52.65 -52 4.43716
      vertex 52.65 -58 0
      vertex 52.65 -46 0
    endloop
  endfacet
  facet normal -0.638927 0.769267 0
    outer loop
      vertex 52.65 -46 0
      vertex 49.65 -48.4917 6
      vertex 52.65 -46 6
    endloop
  endfacet
  facet normal -0.638927 0.769267 0
    outer loop
      vertex 49.65 -48.4917 6
      vertex 52.65 -46 0
      vertex 49.65 -48.4917 0
    endloop
  endfacet
  facet normal 1 -0 0
    outer loop
      vertex 49.65 -48.4917 6
      vertex 49.65 48.2967 0
      vertex 49.65 48.2967 6
    endloop
  endfacet
  facet normal 1 0 0
    outer loop
      vertex 49.65 48.2967 0
      vertex 49.65 -48.4917 6
      vertex 49.65 -48.4917 0
    endloop
  endfacet
  facet normal -0.63893 0.769265 0
    outer loop
      vertex 49.65 48.2967 0
      vertex 46.5 45.6804 6
      vertex 49.65 48.2967 6
    endloop
  endfacet
  facet normal -0.63893 0.769265 0
    outer loop
      vertex 46.5 45.6804 6
      vertex 49.65 48.2967 0
      vertex 46.5 45.6804 0
    endloop
  endfacet
  facet normal 1 0 0
    outer loop
      vertex 46.5 50.715 5.91074
      vertex 46.5 45.6804 6
      vertex 46.5 50.715 5.48926
    endloop
  endfacet
  facet normal 1 -0 0
    outer loop
      vertex 46.5 45.6804 6
      vertex 46.5 50.715 5.91074
      vertex 46.5 50.7428 6
    endloop
  endfacet
  facet normal 1 0 0
    outer loop
      vertex 46.5 53.285 5.48926
      vertex 46.5 58.3196 6
      vertex 46.5 53.285 5.91074
    endloop
  endfacet
  facet normal 1 0 -0
    outer loop
      vertex 46.5 53.285 5.91074
      vertex 46.5 58.3196 6
      vertex 46.5 53.2572 6
    endloop
  endfacet
  facet normal 1 0 0
    outer loop
      vertex 46.5 53.163 5.09822
      vertex 46.5 58.3196 6
      vertex 46.5 53.285 5.48926
    endloop
  endfacet
  facet normal 1 0 0
    outer loop
      vertex 46.5 53.1561 5.07589
      vertex 46.5 58.3196 6
      vertex 46.5 53.163 5.09822
    endloop
  endfacet
  facet normal 1 0 0
    outer loop
      vertex 46.5 53.1359 5.04487
      vertex 46.5 58.3196 6
      vertex 46.5 53.1561 5.07589
    endloop
  endfacet
  facet normal 1 0 0
    outer loop
      vertex 46.5 58.3196 6
      vertex 46.5 53.1359 5.04487
      vertex 46.5 58.3196 0
    endloop
  endfacet
  facet normal 1 -0 0
    outer loop
      vertex 46.5 52.9521 4.83472
      vertex 46.5 58.3196 0
      vertex 46.5 53.1359 5.04487
    endloop
  endfacet
  facet normal 1 -0 0
    outer loop
      vertex 46.5 52.8225 4.6865
      vertex 46.5 58.3196 0
      vertex 46.5 52.9521 4.83472
    endloop
  endfacet
  facet normal 1 -0 0
    outer loop
      vertex 46.5 52.7042 4.60259
      vertex 46.5 58.3196 0
      vertex 46.5 52.8225 4.6865
    endloop
  endfacet
  facet normal 1 -0 0
    outer loop
      vertex 46.5 52.5549 4.53742
      vertex 46.5 58.3196 0
      vertex 46.5 52.7042 4.60259
    endloop
  endfacet
  facet normal 1 -0 0
    outer loop
      vertex 46.5 52.3382 4.44281
      vertex 46.5 58.3196 0
      vertex 46.5 52.5549 4.53742
    endloop
  endfacet
  facet normal 1 -0 0
    outer loop
      vertex 46.5 52.0711 4.40345
      vertex 46.5 58.3196 0
      vertex 46.5 52.3382 4.44281
    endloop
  endfacet
  facet normal 1 -0 0
    outer loop
      vertex 46.5 52 4.39297
      vertex 46.5 58.3196 0
      vertex 46.5 52.0711 4.40345
    endloop
  endfacet
  facet normal 1 0 0
    outer loop
      vertex 46.5 45.6804 0
      vertex 46.5 52 4.39297
      vertex 46.5 51.9289 4.40345
    endloop
  endfacet
  facet normal 1 0 0
    outer loop
      vertex 46.5 45.6804 0
      vertex 46.5 51.9289 4.40345
      vertex 46.5 51.6618 4.44281
    endloop
  endfacet
  facet normal 1 0 0
    outer loop
      vertex 46.5 45.6804 0
      vertex 46.5 51.6618 4.44281
      vertex 46.5 51.4451 4.53742
    endloop
  endfacet
  facet normal 1 0 0
    outer loop
      vertex 46.5 45.6804 0
      vertex 46.5 51.4451 4.53742
      vertex 46.5 51.2958 4.60259
    endloop
  endfacet
  facet normal 1 0 0
    outer loop
      vertex 46.5 45.6804 0
      vertex 46.5 51.0479 4.83472
      vertex 46.5 50.8641 5.04487
    endloop
  endfacet
  facet normal 1 0 0
    outer loop
      vertex 46.5 45.6804 6
      vertex 46.5 50.837 5.09822
      vertex 46.5 50.715 5.48926
    endloop
  endfacet
  facet normal 1 0 0
    outer loop
      vertex 46.5 45.6804 6
      vertex 46.5 50.8439 5.07589
      vertex 46.5 50.837 5.09822
    endloop
  endfacet
  facet normal 1 0 0
    outer loop
      vertex 46.5 45.6804 6
      vertex 46.5 50.8641 5.04487
      vertex 46.5 50.8439 5.07589
    endloop
  endfacet
  facet normal 1 0 0
    outer loop
      vertex 46.5 45.6804 0
      vertex 46.5 50.8641 5.04487
      vertex 46.5 45.6804 6
    endloop
  endfacet
  facet normal 1 0 0
    outer loop
      vertex 46.5 51.0479 4.83472
      vertex 46.5 45.6804 0
      vertex 46.5 51.1775 4.6865
    endloop
  endfacet
  facet normal 1 0 0
    outer loop
      vertex 46.5 51.1775 4.6865
      vertex 46.5 45.6804 0
      vertex 46.5 51.2958 4.60259
    endloop
  endfacet
  facet normal 1 0 0
    outer loop
      vertex 46.5 52 4.39297
      vertex 46.5 45.6804 0
      vertex 46.5 58.3196 0
    endloop
  endfacet
  facet normal -0.63893 -0.769265 0
    outer loop
      vertex 46.5 58.3196 0
      vertex 49.65 55.7033 6
      vertex 46.5 58.3196 6
    endloop
  endfacet
  facet normal -0.63893 -0.769265 -0
    outer loop
      vertex 49.65 55.7033 6
      vertex 46.5 58.3196 0
      vertex 49.65 55.7033 0
    endloop
  endfacet
  facet normal 1 -0 0
    outer loop
      vertex 49.65 55.7033 6
      vertex 49.65 71.15 0
      vertex 49.65 71.15 6
    endloop
  endfacet
  facet normal 1 0 0
    outer loop
      vertex 49.65 71.15 0
      vertex 49.65 55.7033 6
      vertex 49.65 55.7033 0
    endloop
  endfacet
  facet normal 0.998786 0.0492599 0
    outer loop
      vertex 49.65 71.15 6
      vertex 49.6355 71.444 0
      vertex 49.6355 71.444 6
    endloop
  endfacet
  facet normal 0.998786 0.0492599 0
    outer loop
      vertex 49.6355 71.444 0
      vertex 49.65 71.15 6
      vertex 49.65 71.15 0
    endloop
  endfacet
  facet normal 0.989182 0.146696 0
    outer loop
      vertex 49.6355 71.444 6
      vertex 49.5923 71.7353 0
      vertex 49.5923 71.7353 6
    endloop
  endfacet
  facet normal 0.989182 0.146696 0
    outer loop
      vertex 49.5923 71.7353 0
      vertex 49.6355 71.444 6
      vertex 49.6355 71.444 0
    endloop
  endfacet
  facet normal 0.970042 0.242935 0
    outer loop
      vertex 49.5923 71.7353 6
      vertex 49.5208 72.0208 0
      vertex 49.5208 72.0208 6
    endloop
  endfacet
  facet normal 0.970042 0.242935 0
    outer loop
      vertex 49.5208 72.0208 0
      vertex 49.5923 71.7353 6
      vertex 49.5923 71.7353 0
    endloop
  endfacet
  facet normal 0.941527 0.336939 0
    outer loop
      vertex 49.5208 72.0208 6
      vertex 49.4216 72.298 0
      vertex 49.4216 72.298 6
    endloop
  endfacet
  facet normal 0.941527 0.336939 0
    outer loop
      vertex 49.4216 72.298 0
      vertex 49.5208 72.0208 6
      vertex 49.5208 72.0208 0
    endloop
  endfacet
  facet normal 0.904125 0.427269 0
    outer loop
      vertex 49.4216 72.298 6
      vertex 49.2958 72.5642 0
      vertex 49.2958 72.5642 6
    endloop
  endfacet
  facet normal 0.904125 0.427269 0
    outer loop
      vertex 49.2958 72.5642 0
      vertex 49.4216 72.298 6
      vertex 49.4216 72.298 0
    endloop
  endfacet
  facet normal 0.857643 0.514246 0
    outer loop
      vertex 49.2958 72.5642 6
      vertex 49.1444 72.8167 0
      vertex 49.1444 72.8167 6
    endloop
  endfacet
  facet normal 0.857643 0.514246 0
    outer loop
      vertex 49.1444 72.8167 0
      vertex 49.2958 72.5642 6
      vertex 49.2958 72.5642 0
    endloop
  endfacet
  facet normal 0.803208 0.595699 0
    outer loop
      vertex 49.1444 72.8167 6
      vertex 48.969 73.0532 0
      vertex 48.969 73.0532 6
    endloop
  endfacet
  facet normal 0.803208 0.595699 0
    outer loop
      vertex 48.969 73.0532 0
      vertex 49.1444 72.8167 6
      vertex 49.1444 72.8167 0
    endloop
  endfacet
  facet normal 0.740908 0.671607 0
    outer loop
      vertex 48.969 73.0532 6
      vertex 48.7713 73.2713 0
      vertex 48.7713 73.2713 6
    endloop
  endfacet
  facet normal 0.740908 0.671607 0
    outer loop
      vertex 48.7713 73.2713 0
      vertex 48.969 73.0532 6
      vertex 48.969 73.0532 0
    endloop
  endfacet
  facet normal 0.671607 0.740908 -0
    outer loop
      vertex 48.7713 73.2713 0
      vertex 48.5532 73.469 6
      vertex 48.7713 73.2713 6
    endloop
  endfacet
  facet normal 0.671607 0.740908 0
    outer loop
      vertex 48.5532 73.469 6
      vertex 48.7713 73.2713 0
      vertex 48.5532 73.469 0
    endloop
  endfacet
  facet normal 0.595699 0.803208 -0
    outer loop
      vertex 48.5532 73.469 0
      vertex 48.3167 73.6444 6
      vertex 48.5532 73.469 6
    endloop
  endfacet
  facet normal 0.595699 0.803208 0
    outer loop
      vertex 48.3167 73.6444 6
      vertex 48.5532 73.469 0
      vertex 48.3167 73.6444 0
    endloop
  endfacet
  facet normal 0.514246 0.857643 -0
    outer loop
      vertex 48.3167 73.6444 0
      vertex 48.0642 73.7958 6
      vertex 48.3167 73.6444 6
    endloop
  endfacet
  facet normal 0.514246 0.857643 0
    outer loop
      vertex 48.0642 73.7958 6
      vertex 48.3167 73.6444 0
      vertex 48.0642 73.7958 0
    endloop
  endfacet
  facet normal 0.427269 0.904125 -0
    outer loop
      vertex 48.0642 73.7958 0
      vertex 47.798 73.9216 6
      vertex 48.0642 73.7958 6
    endloop
  endfacet
  facet normal 0.427269 0.904125 0
    outer loop
      vertex 47.798 73.9216 6
      vertex 48.0642 73.7958 0
      vertex 47.798 73.9216 0
    endloop
  endfacet
  facet normal 0.336939 0.941527 -0
    outer loop
      vertex 47.798 73.9216 0
      vertex 47.5208 74.0208 6
      vertex 47.798 73.9216 6
    endloop
  endfacet
  facet normal 0.336939 0.941527 0
    outer loop
      vertex 47.5208 74.0208 6
      vertex 47.798 73.9216 0
      vertex 47.5208 74.0208 0
    endloop
  endfacet
  facet normal 0.242935 0.970042 -0
    outer loop
      vertex 47.5208 74.0208 0
      vertex 47.2353 74.0923 6
      vertex 47.5208 74.0208 6
    endloop
  endfacet
  facet normal 0.242935 0.970042 0
    outer loop
      vertex 47.2353 74.0923 6
      vertex 47.5208 74.0208 0
      vertex 47.2353 74.0923 0
    endloop
  endfacet
  facet normal 0.146696 0.989182 -0
    outer loop
      vertex 47.2353 74.0923 0
      vertex 46.944 74.1355 6
      vertex 47.2353 74.0923 6
    endloop
  endfacet
  facet normal 0.146696 0.989182 0
    outer loop
      vertex 46.944 74.1355 6
      vertex 47.2353 74.0923 0
      vertex 46.944 74.1355 0
    endloop
  endfacet
  facet normal 0.0492599 0.998786 -0
    outer loop
      vertex 46.944 74.1355 0
      vertex 46.65 74.15 6
      vertex 46.944 74.1355 6
    endloop
  endfacet
  facet normal 0.0492599 0.998786 0
    outer loop
      vertex 46.65 74.15 6
      vertex 46.944 74.1355 0
      vertex 46.65 74.15 0
    endloop
  endfacet
  facet normal 0 1 -0
    outer loop
      vertex 46.65 74.15 0
      vertex 42.7033 74.15 6
      vertex 46.65 74.15 6
    endloop
  endfacet
  facet normal 0 1 0
    outer loop
      vertex 42.7033 74.15 6
      vertex 46.65 74.15 0
      vertex 42.7033 74.15 0
    endloop
  endfacet
  facet normal -0.769265 -0.63893 0
    outer loop
      vertex 45.3196 71 0
      vertex 42.7033 74.15 6
      vertex 42.7033 74.15 0
    endloop
  endfacet
  facet normal -0.769265 -0.63893 0
    outer loop
      vertex 42.7033 74.15 6
      vertex 45.3196 71 0
      vertex 45.3196 71 6
    endloop
  endfacet
  facet normal 0 1 0
    outer loop
      vertex 45.3196 71 6
      vertex 40.285 71 5.91074
      vertex 40.2572 71 6
    endloop
  endfacet
  facet normal 0 1 0
    outer loop
      vertex 45.3196 71 6
      vertex 40.285 71 5.48926
      vertex 40.285 71 5.91074
    endloop
  endfacet
  facet normal 0 1 0
    outer loop
      vertex 45.3196 71 6
      vertex 40.163 71 5.09822
      vertex 40.285 71 5.48926
    endloop
  endfacet
  facet normal 0 1 0
    outer loop
      vertex 45.3196 71 6
      vertex 40.1561 71 5.07589
      vertex 40.163 71 5.09822
    endloop
  endfacet
  facet normal 0 1 0
    outer loop
      vertex 45.3196 71 6
      vertex 40.1359 71 5.04487
      vertex 40.1561 71 5.07589
    endloop
  endfacet
  facet normal 0 1 -0
    outer loop
      vertex 45.3196 71 0
      vertex 40.1359 71 5.04487
      vertex 45.3196 71 6
    endloop
  endfacet
  facet normal 0 1 0
    outer loop
      vertex 40.1359 71 5.04487
      vertex 45.3196 71 0
      vertex 39.9521 71 4.83472
    endloop
  endfacet
  facet normal 0 1 0
    outer loop
      vertex 39.9521 71 4.83472
      vertex 45.3196 71 0
      vertex 39.8225 71 4.6865
    endloop
  endfacet
  facet normal 0 1 0
    outer loop
      vertex 39.8225 71 4.6865
      vertex 45.3196 71 0
      vertex 39.7042 71 4.60259
    endloop
  endfacet
  facet normal 0 1 0
    outer loop
      vertex 39.7042 71 4.60259
      vertex 45.3196 71 0
      vertex 39.5549 71 4.53742
    endloop
  endfacet
  facet normal 0 1 0
    outer loop
      vertex 39.0711 71 4.40345
      vertex 45.3196 71 0
      vertex 39 71 4.39297
    endloop
  endfacet
  facet normal 0 1 0
    outer loop
      vertex 39.3382 71 4.44281
      vertex 45.3196 71 0
      vertex 39.0711 71 4.40345
    endloop
  endfacet
  facet normal 0 1 0
    outer loop
      vertex 39.5549 71 4.53742
      vertex 45.3196 71 0
      vertex 39.3382 71 4.44281
    endloop
  endfacet
  facet normal 0 1 -0
    outer loop
      vertex 37.715 71 5.91074
      vertex 32.6804 71 6
      vertex 37.7428 71 6
    endloop
  endfacet
  facet normal 0 1 -0
    outer loop
      vertex 37.715 71 5.48926
      vertex 32.6804 71 6
      vertex 37.715 71 5.91074
    endloop
  endfacet
  facet normal 0 1 0
    outer loop
      vertex 37.837 71 5.09822
      vertex 32.6804 71 6
      vertex 37.715 71 5.48926
    endloop
  endfacet
  facet normal 0 1 0
    outer loop
      vertex 37.8439 71 5.07589
      vertex 32.6804 71 6
      vertex 37.837 71 5.09822
    endloop
  endfacet
  facet normal 0 1 0
    outer loop
      vertex 37.8641 71 5.04487
      vertex 32.6804 71 6
      vertex 37.8439 71 5.07589
    endloop
  endfacet
  facet normal 0 1 0
    outer loop
      vertex 32.6804 71 0
      vertex 37.8641 71 5.04487
      vertex 38.0479 71 4.83472
    endloop
  endfacet
  facet normal 0 1 0
    outer loop
      vertex 32.6804 71 0
      vertex 38.0479 71 4.83472
      vertex 38.1775 71 4.6865
    endloop
  endfacet
  facet normal 0 1 0
    outer loop
      vertex 32.6804 71 0
      vertex 38.1775 71 4.6865
      vertex 38.2958 71 4.60259
    endloop
  endfacet
  facet normal 0 1 0
    outer loop
      vertex 32.6804 71 0
      vertex 38.2958 71 4.60259
      vertex 38.4451 71 4.53742
    endloop
  endfacet
  facet normal 0 1 0
    outer loop
      vertex 32.6804 71 0
      vertex 38.4451 71 4.53742
      vertex 38.6618 71 4.44281
    endloop
  endfacet
  facet normal 0 1 0
    outer loop
      vertex 32.6804 71 0
      vertex 39 71 4.39297
      vertex 45.3196 71 0
    endloop
  endfacet
  facet normal 0 1 0
    outer loop
      vertex 39 71 4.39297
      vertex 32.6804 71 0
      vertex 38.9289 71 4.40345
    endloop
  endfacet
  facet normal 0 1 0
    outer loop
      vertex 38.9289 71 4.40345
      vertex 32.6804 71 0
      vertex 38.6618 71 4.44281
    endloop
  endfacet
  facet normal 0 1 0
    outer loop
      vertex 37.8641 71 5.04487
      vertex 32.6804 71 0
      vertex 32.6804 71 6
    endloop
  endfacet
  facet normal 0.769265 -0.63893 0
    outer loop
      vertex 32.6804 71 6
      vertex 35.2967 74.15 0
      vertex 35.2967 74.15 6
    endloop
  endfacet
  facet normal 0.769265 -0.63893 0
    outer loop
      vertex 35.2967 74.15 0
      vertex 32.6804 71 6
      vertex 32.6804 71 0
    endloop
  endfacet
  facet normal 0 1 -0
    outer loop
      vertex 35.2967 74.15 0
      vertex -35.4917 74.15 6
      vertex 35.2967 74.15 6
    endloop
  endfacet
  facet normal 0 1 0
    outer loop
      vertex -35.4917 74.15 6
      vertex 35.2967 74.15 0
      vertex -35.4917 74.15 0
    endloop
  endfacet
  facet normal 0.769267 -0.638927 0
    outer loop
      vertex -35.4917 74.15 6
      vertex -33 77.15 0
      vertex -33 77.15 6
    endloop
  endfacet
  facet normal 0.769267 -0.638927 0
    outer loop
      vertex -33 77.15 0
      vertex -35.4917 74.15 6
      vertex -35.4917 74.15 0
    endloop
  endfacet
  facet normal 0 1 0
    outer loop
      vertex -33 77.15 6
      vertex -37.7663 77.15 5.89603
      vertex -37.7988 77.15 6
    endloop
  endfacet
  facet normal 0 1 0
    outer loop
      vertex -33 77.15 6
      vertex -37.7663 77.15 5.50397
      vertex -37.7663 77.15 5.89603
    endloop
  endfacet
  facet normal 0 1 0
    outer loop
      vertex -33 77.15 6
      vertex -37.8081 77.15 5.37018
      vertex -37.7663 77.15 5.50397
    endloop
  endfacet
  facet normal 0 1 0
    outer loop
      vertex -33 77.15 6
      vertex -37.8863 77.15 5.11943
      vertex -37.8081 77.15 5.37018
    endloop
  endfacet
  facet normal 0 1 0
    outer loop
      vertex -33 77.15 6
      vertex -37.9146 77.15 5.07592
      vertex -37.8863 77.15 5.11943
    endloop
  endfacet
  facet normal 0 1 0
    outer loop
      vertex -33 77.15 6
      vertex -37.9643 77.15 4.9994
      vertex -37.9146 77.15 5.07592
    endloop
  endfacet
  facet normal 0 1 -0
    outer loop
      vertex -33 77.15 0
      vertex -37.9643 77.15 4.9994
      vertex -33 77.15 6
    endloop
  endfacet
  facet normal 0 1 0
    outer loop
      vertex -37.9643 77.15 4.9994
      vertex -33 77.15 0
      vertex -38.0885 77.15 4.85738
    endloop
  endfacet
  facet normal 0 1 0
    outer loop
      vertex -38.0885 77.15 4.85738
      vertex -33 77.15 0
      vertex -38.1761 77.15 4.75721
    endloop
  endfacet
  facet normal 0 1 0
    outer loop
      vertex -38.1761 77.15 4.75721
      vertex -33 77.15 0
      vertex -38.358 77.15 4.62829
    endloop
  endfacet
  facet normal 0 1 0
    outer loop
      vertex -38.358 77.15 4.62829
      vertex -33 77.15 0
      vertex -38.5082 77.15 4.5627
    endloop
  endfacet
  facet normal 0 1 0
    outer loop
      vertex -38.9926 77.15 4.43825
      vertex -33 77.15 0
      vertex -39 77.15 4.43716
    endloop
  endfacet
  facet normal 0 1 0
    outer loop
      vertex -38.6917 77.15 4.48261
      vertex -33 77.15 0
      vertex -38.9926 77.15 4.43825
    endloop
  endfacet
  facet normal 0 1 0
    outer loop
      vertex -38.5082 77.15 4.5627
      vertex -33 77.15 0
      vertex -38.6917 77.15 4.48261
    endloop
  endfacet
  facet normal 0 1 -0
    outer loop
      vertex -40.2337 77.15 5.89603
      vertex -45 77.15 6
      vertex -40.2012 77.15 6
    endloop
  endfacet
  facet normal 0 1 -0
    outer loop
      vertex -40.2337 77.15 5.50397
      vertex -45 77.15 6
      vertex -40.2337 77.15 5.89603
    endloop
  endfacet
  facet normal 0 1 0
    outer loop
      vertex -40.1919 77.15 5.37018
      vertex -45 77.15 6
      vertex -40.2337 77.15 5.50397
    endloop
  endfacet
  facet normal 0 1 0
    outer loop
      vertex -40.1137 77.15 5.11943
      vertex -45 77.15 6
      vertex -40.1919 77.15 5.37018
    endloop
  endfacet
  facet normal 0 1 0
    outer loop
      vertex -40.0854 77.15 5.07592
      vertex -45 77.15 6
      vertex -40.1137 77.15 5.11943
    endloop
  endfacet
  facet normal 0 1 0
    outer loop
      vertex -40.0357 77.15 4.9994
      vertex -45 77.15 6
      vertex -40.0854 77.15 5.07592
    endloop
  endfacet
  facet normal 0 1 0
    outer loop
      vertex -45 77.15 0
      vertex -40.0357 77.15 4.9994
      vertex -39.9115 77.15 4.85738
    endloop
  endfacet
  facet normal 0 1 0
    outer loop
      vertex -45 77.15 0
      vertex -39.9115 77.15 4.85738
      vertex -39.8239 77.15 4.75721
    endloop
  endfacet
  facet normal 0 1 0
    outer loop
      vertex -45 77.15 0
      vertex -39.8239 77.15 4.75721
      vertex -39.642 77.15 4.62829
    endloop
  endfacet
  facet normal 0 1 0
    outer loop
      vertex -45 77.15 0
      vertex -39.642 77.15 4.62829
      vertex -39.4918 77.15 4.5627
    endloop
  endfacet
  facet normal 0 1 0
    outer loop
      vertex -45 77.15 0
      vertex -39.4918 77.15 4.5627
      vertex -39.3083 77.15 4.48261
    endloop
  endfacet
  facet normal 0 1 0
    outer loop
      vertex -45 77.15 0
      vertex -39 77.15 4.43716
      vertex -33 77.15 0
    endloop
  endfacet
  facet normal 0 1 0
    outer loop
      vertex -39 77.15 4.43716
      vertex -45 77.15 0
      vertex -39.0074 77.15 4.43825
    endloop
  endfacet
  facet normal 0 1 0
    outer loop
      vertex -39.0074 77.15 4.43825
      vertex -45 77.15 0
      vertex -39.3083 77.15 4.48261
    endloop
  endfacet
  facet normal 0 1 0
    outer loop
      vertex -40.0357 77.15 4.9994
      vertex -45 77.15 0
      vertex -45 77.15 6
    endloop
  endfacet
  facet normal -0.769267 -0.638927 0
    outer loop
      vertex -42.5083 74.15 0
      vertex -45 77.15 6
      vertex -45 77.15 0
    endloop
  endfacet
  facet normal -0.769267 -0.638927 0
    outer loop
      vertex -45 77.15 6
      vertex -42.5083 74.15 0
      vertex -42.5083 74.15 6
    endloop
  endfacet
  facet normal 0 1 -0
    outer loop
      vertex -42.5083 74.15 0
      vertex -46.65 74.15 6
      vertex -42.5083 74.15 6
    endloop
  endfacet
  facet normal 0 1 0
    outer loop
      vertex -46.65 74.15 6
      vertex -42.5083 74.15 0
      vertex -46.65 74.15 0
    endloop
  endfacet
  facet normal -0.0492599 0.998786 0
    outer loop
      vertex -46.65 74.15 0
      vertex -46.944 74.1355 6
      vertex -46.65 74.15 6
    endloop
  endfacet
  facet normal -0.0492599 0.998786 0
    outer loop
      vertex -46.944 74.1355 6
      vertex -46.65 74.15 0
      vertex -46.944 74.1355 0
    endloop
  endfacet
  facet normal -0.146696 0.989182 0
    outer loop
      vertex -46.944 74.1355 0
      vertex -47.2353 74.0923 6
      vertex -46.944 74.1355 6
    endloop
  endfacet
  facet normal -0.146696 0.989182 0
    outer loop
      vertex -47.2353 74.0923 6
      vertex -46.944 74.1355 0
      vertex -47.2353 74.0923 0
    endloop
  endfacet
  facet normal -0.242935 0.970042 0
    outer loop
      vertex -47.2353 74.0923 0
      vertex -47.5208 74.0208 6
      vertex -47.2353 74.0923 6
    endloop
  endfacet
  facet normal -0.242935 0.970042 0
    outer loop
      vertex -47.5208 74.0208 6
      vertex -47.2353 74.0923 0
      vertex -47.5208 74.0208 0
    endloop
  endfacet
  facet normal -0.336939 0.941527 0
    outer loop
      vertex -47.5208 74.0208 0
      vertex -47.798 73.9216 6
      vertex -47.5208 74.0208 6
    endloop
  endfacet
  facet normal -0.336939 0.941527 0
    outer loop
      vertex -47.798 73.9216 6
      vertex -47.5208 74.0208 0
      vertex -47.798 73.9216 0
    endloop
  endfacet
  facet normal -0.427269 0.904125 0
    outer loop
      vertex -47.798 73.9216 0
      vertex -48.0642 73.7958 6
      vertex -47.798 73.9216 6
    endloop
  endfacet
  facet normal -0.427269 0.904125 0
    outer loop
      vertex -48.0642 73.7958 6
      vertex -47.798 73.9216 0
      vertex -48.0642 73.7958 0
    endloop
  endfacet
  facet normal -0.514246 0.857643 0
    outer loop
      vertex -48.0642 73.7958 0
      vertex -48.3167 73.6444 6
      vertex -48.0642 73.7958 6
    endloop
  endfacet
  facet normal -0.514246 0.857643 0
    outer loop
      vertex -48.3167 73.6444 6
      vertex -48.0642 73.7958 0
      vertex -48.3167 73.6444 0
    endloop
  endfacet
  facet normal -0.595699 0.803208 0
    outer loop
      vertex -48.3167 73.6444 0
      vertex -48.5532 73.469 6
      vertex -48.3167 73.6444 6
    endloop
  endfacet
  facet normal -0.595699 0.803208 0
    outer loop
      vertex -48.5532 73.469 6
      vertex -48.3167 73.6444 0
      vertex -48.5532 73.469 0
    endloop
  endfacet
  facet normal -0.671607 0.740908 0
    outer loop
      vertex -48.5532 73.469 0
      vertex -48.7713 73.2713 6
      vertex -48.5532 73.469 6
    endloop
  endfacet
  facet normal -0.671607 0.740908 0
    outer loop
      vertex -48.7713 73.2713 6
      vertex -48.5532 73.469 0
      vertex -48.7713 73.2713 0
    endloop
  endfacet
  facet normal -0.740908 0.671607 0
    outer loop
      vertex -48.969 73.0532 0
      vertex -48.7713 73.2713 6
      vertex -48.7713 73.2713 0
    endloop
  endfacet
  facet normal -0.740908 0.671607 0
    outer loop
      vertex -48.7713 73.2713 6
      vertex -48.969 73.0532 0
      vertex -48.969 73.0532 6
    endloop
  endfacet
  facet normal -0.803208 0.595699 0
    outer loop
      vertex -49.1444 72.8167 0
      vertex -48.969 73.0532 6
      vertex -48.969 73.0532 0
    endloop
  endfacet
  facet normal -0.803208 0.595699 0
    outer loop
      vertex -48.969 73.0532 6
      vertex -49.1444 72.8167 0
      vertex -49.1444 72.8167 6
    endloop
  endfacet
  facet normal -0.857643 0.514246 0
    outer loop
      vertex -49.2958 72.5642 0
      vertex -49.1444 72.8167 6
      vertex -49.1444 72.8167 0
    endloop
  endfacet
  facet normal -0.857643 0.514246 0
    outer loop
      vertex -49.1444 72.8167 6
      vertex -49.2958 72.5642 0
      vertex -49.2958 72.5642 6
    endloop
  endfacet
  facet normal -0.904125 0.427269 0
    outer loop
      vertex -49.4216 72.298 0
      vertex -49.2958 72.5642 6
      vertex -49.2958 72.5642 0
    endloop
  endfacet
  facet normal -0.904125 0.427269 0
    outer loop
      vertex -49.2958 72.5642 6
      vertex -49.4216 72.298 0
      vertex -49.4216 72.298 6
    endloop
  endfacet
  facet normal -0.941527 0.336939 0
    outer loop
      vertex -49.5208 72.0208 0
      vertex -49.4216 72.298 6
      vertex -49.4216 72.298 0
    endloop
  endfacet
  facet normal -0.941527 0.336939 0
    outer loop
      vertex -49.4216 72.298 6
      vertex -49.5208 72.0208 0
      vertex -49.5208 72.0208 6
    endloop
  endfacet
  facet normal -0.970042 0.242935 0
    outer loop
      vertex -49.5923 71.7353 0
      vertex -49.5208 72.0208 6
      vertex -49.5208 72.0208 0
    endloop
  endfacet
  facet normal -0.970042 0.242935 0
    outer loop
      vertex -49.5208 72.0208 6
      vertex -49.5923 71.7353 0
      vertex -49.5923 71.7353 6
    endloop
  endfacet
  facet normal -0.989182 0.146696 0
    outer loop
      vertex -49.6355 71.444 0
      vertex -49.5923 71.7353 6
      vertex -49.5923 71.7353 0
    endloop
  endfacet
  facet normal -0.989182 0.146696 0
    outer loop
      vertex -49.5923 71.7353 6
      vertex -49.6355 71.444 0
      vertex -49.6355 71.444 6
    endloop
  endfacet
  facet normal -0.998786 0.0492599 0
    outer loop
      vertex -49.65 71.15 0
      vertex -49.6355 71.444 6
      vertex -49.6355 71.444 0
    endloop
  endfacet
  facet normal -0.998786 0.0492599 0
    outer loop
      vertex -49.6355 71.444 6
      vertex -49.65 71.15 0
      vertex -49.65 71.15 6
    endloop
  endfacet
  facet normal -1 0 0
    outer loop
      vertex -49.65 55.5083 0
      vertex -49.65 71.15 6
      vertex -49.65 71.15 0
    endloop
  endfacet
  facet normal -1 -0 0
    outer loop
      vertex -49.65 71.15 6
      vertex -49.65 55.5083 0
      vertex -49.65 55.5083 6
    endloop
  endfacet
  facet normal 0.638927 0.769267 -0
    outer loop
      vertex -49.65 55.5083 0
      vertex -52.65 58 6
      vertex -49.65 55.5083 6
    endloop
  endfacet
  facet normal 0.638927 0.769267 0
    outer loop
      vertex -52.65 58 6
      vertex -49.65 55.5083 0
      vertex -52.65 58 0
    endloop
  endfacet
  facet normal -1 0 0
    outer loop
      vertex -52.65 53.0357 4.9994
      vertex -52.65 58 6
      vertex -52.65 58 0
    endloop
  endfacet
  facet normal -1 0 0
    outer loop
      vertex -52.65 58 6
      vertex -52.65 53.1919 5.37018
      vertex -52.65 53.2337 5.50397
    endloop
  endfacet
  facet normal -1 0 0
    outer loop
      vertex -52.65 58 6
      vertex -52.65 53.1137 5.11943
      vertex -52.65 53.1919 5.37018
    endloop
  endfacet
  facet normal -1 0 0
    outer loop
      vertex -52.65 58 6
      vertex -52.65 53.0854 5.07592
      vertex -52.65 53.1137 5.11943
    endloop
  endfacet
  facet normal -1 0 0
    outer loop
      vertex -52.65 58 6
      vertex -52.65 53.0357 4.9994
      vertex -52.65 53.0854 5.07592
    endloop
  endfacet
  facet normal -1 0 0
    outer loop
      vertex -52.65 58 0
      vertex -52.65 52.9115 4.85738
      vertex -52.65 53.0357 4.9994
    endloop
  endfacet
  facet normal -1 0 0
    outer loop
      vertex -52.65 58 0
      vertex -52.65 52.8239 4.75721
      vertex -52.65 52.9115 4.85738
    endloop
  endfacet
  facet normal -1 0 0
    outer loop
      vertex -52.65 58 0
      vertex -52.65 52.642 4.62829
      vertex -52.65 52.8239 4.75721
    endloop
  endfacet
  facet normal -1 0 0
    outer loop
      vertex -52.65 58 0
      vertex -52.65 52.4918 4.5627
      vertex -52.65 52.642 4.62829
    endloop
  endfacet
  facet normal -1 0 0
    outer loop
      vertex -52.65 58 0
      vertex -52.65 52.3083 4.48261
      vertex -52.65 52.4918 4.5627
    endloop
  endfacet
  facet normal -1 0 0
    outer loop
      vertex -52.65 58 0
      vertex -52.65 52.0074 4.43825
      vertex -52.65 52.3083 4.48261
    endloop
  endfacet
  facet normal -1 0 0
    outer loop
      vertex -52.65 58 0
      vertex -52.65 52 4.43716
      vertex -52.65 52.0074 4.43825
    endloop
  endfacet
  facet normal -1 0 0
    outer loop
      vertex -52.65 46 0
      vertex -52.65 52 4.43716
      vertex -52.65 58 0
    endloop
  endfacet
  facet normal -1 -0 0
    outer loop
      vertex -52.65 52 4.43716
      vertex -52.65 46 0
      vertex -52.65 51.9926 4.43825
    endloop
  endfacet
  facet normal -1 -0 0
    outer loop
      vertex -52.65 51.9926 4.43825
      vertex -52.65 46 0
      vertex -52.65 51.6917 4.48261
    endloop
  endfacet
  facet normal -1 -0 0
    outer loop
      vertex -52.65 51.6917 4.48261
      vertex -52.65 46 0
      vertex -52.65 51.5082 4.5627
    endloop
  endfacet
  facet normal -1 0 0
    outer loop
      vertex -52.65 46 6
      vertex -52.65 50.8081 5.37018
      vertex -52.65 50.8863 5.11943
    endloop
  endfacet
  facet normal -1 0 0
    outer loop
      vertex -52.65 50.8081 5.37018
      vertex -52.65 46 6
      vertex -52.65 50.7663 5.50397
    endloop
  endfacet
  facet normal -1 0 0
    outer loop
      vertex -52.65 50.9146 5.07592
      vertex -52.65 46 6
      vertex -52.65 50.8863 5.11943
    endloop
  endfacet
  facet normal -1 0 0
    outer loop
      vertex -52.65 50.9643 4.9994
      vertex -52.65 46 6
      vertex -52.65 50.9146 5.07592
    endloop
  endfacet
  facet normal -1 0 0
    outer loop
      vertex -52.65 46 6
      vertex -52.65 50.9643 4.9994
      vertex -52.65 46 0
    endloop
  endfacet
  facet normal -1 -0 0
    outer loop
      vertex -52.65 51.0885 4.85738
      vertex -52.65 46 0
      vertex -52.65 50.9643 4.9994
    endloop
  endfacet
  facet normal -1 -0 0
    outer loop
      vertex -52.65 51.1761 4.75721
      vertex -52.65 46 0
      vertex -52.65 51.0885 4.85738
    endloop
  endfacet
  facet normal -1 -0 0
    outer loop
      vertex -52.65 51.358 4.62829
      vertex -52.65 46 0
      vertex -52.65 51.1761 4.75721
    endloop
  endfacet
  facet normal -1 -0 0
    outer loop
      vertex -52.65 51.5082 4.5627
      vertex -52.65 46 0
      vertex -52.65 51.358 4.62829
    endloop
  endfacet
  facet normal -1 0 0
    outer loop
      vertex -52.65 53.2337 5.89603
      vertex -52.65 58 6
      vertex -52.65 53.2337 5.50397
    endloop
  endfacet
  facet normal -1 -0 0
    outer loop
      vertex -52.65 58 6
      vertex -52.65 53.2337 5.89603
      vertex -52.65 53.2012 6
    endloop
  endfacet
  facet normal -1 0 0
    outer loop
      vertex -52.65 50.7663 5.50397
      vertex -52.65 46 6
      vertex -52.65 50.7663 5.89603
    endloop
  endfacet
  facet normal -1 0 0
    outer loop
      vertex -52.65 50.7663 5.89603
      vertex -52.65 46 6
      vertex -52.65 50.7988 6
    endloop
  endfacet
  facet normal 0.638927 -0.769267 0
    outer loop
      vertex -52.65 46 0
      vertex -49.65 48.4917 6
      vertex -52.65 46 6
    endloop
  endfacet
  facet normal 0.638927 -0.769267 0
    outer loop
      vertex -49.65 48.4917 6
      vertex -52.65 46 0
      vertex -49.65 48.4917 0
    endloop
  endfacet
  facet normal -1 0 0
    outer loop
      vertex -49.65 -48.2967 0
      vertex -49.65 48.4917 6
      vertex -49.65 48.4917 0
    endloop
  endfacet
  facet normal -1 -0 0
    outer loop
      vertex -49.65 48.4917 6
      vertex -49.65 -48.2967 0
      vertex -49.65 -48.2967 6
    endloop
  endfacet
  facet normal 0.63893 -0.769265 0
    outer loop
      vertex -49.65 -48.2967 0
      vertex -46.5 -45.6804 6
      vertex -49.65 -48.2967 6
    endloop
  endfacet
  facet normal 0.63893 -0.769265 0
    outer loop
      vertex -46.5 -45.6804 6
      vertex -49.65 -48.2967 0
      vertex -46.5 -45.6804 0
    endloop
  endfacet
  facet normal -1 0 0
    outer loop
      vertex -46.5 -50.8641 5.04487
      vertex -46.5 -45.6804 6
      vertex -46.5 -45.6804 0
    endloop
  endfacet
  facet normal -1 0 0
    outer loop
      vertex -46.5 -45.6804 6
      vertex -46.5 -50.837 5.09822
      vertex -46.5 -50.715 5.48926
    endloop
  endfacet
  facet normal -1 0 0
    outer loop
      vertex -46.5 -45.6804 6
      vertex -46.5 -50.8439 5.07589
      vertex -46.5 -50.837 5.09822
    endloop
  endfacet
  facet normal -1 0 0
    outer loop
      vertex -46.5 -45.6804 6
      vertex -46.5 -50.8641 5.04487
      vertex -46.5 -50.8439 5.07589
    endloop
  endfacet
  facet normal -1 0 0
    outer loop
      vertex -46.5 -45.6804 0
      vertex -46.5 -51.0479 4.83472
      vertex -46.5 -50.8641 5.04487
    endloop
  endfacet
  facet normal -1 0 0
    outer loop
      vertex -46.5 -45.6804 0
      vertex -46.5 -51.1775 4.6865
      vertex -46.5 -51.0479 4.83472
    endloop
  endfacet
  facet normal -1 0 0
    outer loop
      vertex -46.5 -45.6804 0
      vertex -46.5 -51.2958 4.60259
      vertex -46.5 -51.1775 4.6865
    endloop
  endfacet
  facet normal -1 0 0
    outer loop
      vertex -46.5 -45.6804 0
      vertex -46.5 -51.4451 4.53742
      vertex -46.5 -51.2958 4.60259
    endloop
  endfacet
  facet normal -1 0 0
    outer loop
      vertex -46.5 -45.6804 0
      vertex -46.5 -51.6618 4.44281
      vertex -46.5 -51.4451 4.53742
    endloop
  endfacet
  facet normal -1 0 0
    outer loop
      vertex -46.5 -45.6804 0
      vertex -46.5 -51.9289 4.40345
      vertex -46.5 -51.6618 4.44281
    endloop
  endfacet
  facet normal -1 0 0
    outer loop
      vertex -46.5 -45.6804 0
      vertex -46.5 -52 4.39297
      vertex -46.5 -51.9289 4.40345
    endloop
  endfacet
  facet normal -1 0 0
    outer loop
      vertex -46.5 -58.3196 0
      vertex -46.5 -52 4.39297
      vertex -46.5 -45.6804 0
    endloop
  endfacet
  facet normal -1 -0 0
    outer loop
      vertex -46.5 -52 4.39297
      vertex -46.5 -58.3196 0
      vertex -46.5 -52.0711 4.40345
    endloop
  endfacet
  facet normal -1 -0 0
    outer loop
      vertex -46.5 -52.0711 4.40345
      vertex -46.5 -58.3196 0
      vertex -46.5 -52.3382 4.44281
    endloop
  endfacet
  facet normal -1 -0 0
    outer loop
      vertex -46.5 -52.3382 4.44281
      vertex -46.5 -58.3196 0
      vertex -46.5 -52.5549 4.53742
    endloop
  endfacet
  facet normal -1 0 0
    outer loop
      vertex -46.5 -58.3196 6
      vertex -46.5 -53.163 5.09822
      vertex -46.5 -53.1561 5.07589
    endloop
  endfacet
  facet normal -1 0 0
    outer loop
      vertex -46.5 -53.163 5.09822
      vertex -46.5 -58.3196 6
      vertex -46.5 -53.285 5.48926
    endloop
  endfacet
  facet normal -1 0 0
    outer loop
      vertex -46.5 -53.1359 5.04487
      vertex -46.5 -58.3196 6
      vertex -46.5 -53.1561 5.07589
    endloop
  endfacet
  facet normal -1 0 0
    outer loop
      vertex -46.5 -58.3196 6
      vertex -46.5 -53.1359 5.04487
      vertex -46.5 -58.3196 0
    endloop
  endfacet
  facet normal -1 -0 0
    outer loop
      vertex -46.5 -52.9521 4.83472
      vertex -46.5 -58.3196 0
      vertex -46.5 -53.1359 5.04487
    endloop
  endfacet
  facet normal -1 -0 0
    outer loop
      vertex -46.5 -52.8225 4.6865
      vertex -46.5 -58.3196 0
      vertex -46.5 -52.9521 4.83472
    endloop
  endfacet
  facet normal -1 -0 0
    outer loop
      vertex -46.5 -52.7042 4.60259
      vertex -46.5 -58.3196 0
      vertex -46.5 -52.8225 4.6865
    endloop
  endfacet
  facet normal -1 -0 0
    outer loop
      vertex -46.5 -52.5549 4.53742
      vertex -46.5 -58.3196 0
      vertex -46.5 -52.7042 4.60259
    endloop
  endfacet
  facet normal -1 0 0
    outer loop
      vertex -46.5 -50.715 5.91074
      vertex -46.5 -45.6804 6
      vertex -46.5 -50.715 5.48926
    endloop
  endfacet
  facet normal -1 -0 0
    outer loop
      vertex -46.5 -45.6804 6
      vertex -46.5 -50.715 5.91074
      vertex -46.5 -50.7428 6
    endloop
  endfacet
  facet normal -1 0 0
    outer loop
      vertex -46.5 -53.285 5.48926
      vertex -46.5 -58.3196 6
      vertex -46.5 -53.285 5.91074
    endloop
  endfacet
  facet normal -1 0 0
    outer loop
      vertex -46.5 -53.285 5.91074
      vertex -46.5 -58.3196 6
      vertex -46.5 -53.2572 6
    endloop
  endfacet
  facet normal 0.63893 0.769265 -0
    outer loop
      vertex -46.5 -58.3196 0
      vertex -49.65 -55.7033 6
      vertex -46.5 -58.3196 6
    endloop
  endfacet
  facet normal 0.63893 0.769265 0
    outer loop
      vertex -49.65 -55.7033 6
      vertex -46.5 -58.3196 0
      vertex -49.65 -55.7033 0
    endloop
  endfacet
  facet normal -1 0 0
    outer loop
      vertex -49.65 -71.15 0
      vertex -49.65 -55.7033 6
      vertex -49.65 -55.7033 0
    endloop
  endfacet
  facet normal -1 -0 0
    outer loop
      vertex -49.65 -55.7033 6
      vertex -49.65 -71.15 0
      vertex -49.65 -71.15 6
    endloop
  endfacet
  facet normal -0.998786 -0.0492599 0
    outer loop
      vertex -49.6355 -71.444 0
      vertex -49.65 -71.15 6
      vertex -49.65 -71.15 0
    endloop
  endfacet
  facet normal -0.998786 -0.0492599 0
    outer loop
      vertex -49.65 -71.15 6
      vertex -49.6355 -71.444 0
      vertex -49.6355 -71.444 6
    endloop
  endfacet
  facet normal -0.989182 -0.146696 0
    outer loop
      vertex -49.5923 -71.7353 0
      vertex -49.6355 -71.444 6
      vertex -49.6355 -71.444 0
    endloop
  endfacet
  facet normal -0.989182 -0.146696 0
    outer loop
      vertex -49.6355 -71.444 6
      vertex -49.5923 -71.7353 0
      vertex -49.5923 -71.7353 6
    endloop
  endfacet
  facet normal -0.970042 -0.242935 0
    outer loop
      vertex -49.5208 -72.0208 0
      vertex -49.5923 -71.7353 6
      vertex -49.5923 -71.7353 0
    endloop
  endfacet
  facet normal -0.970042 -0.242935 0
    outer loop
      vertex -49.5923 -71.7353 6
      vertex -49.5208 -72.0208 0
      vertex -49.5208 -72.0208 6
    endloop
  endfacet
  facet normal -0.941527 -0.336939 0
    outer loop
      vertex -49.4216 -72.298 0
      vertex -49.5208 -72.0208 6
      vertex -49.5208 -72.0208 0
    endloop
  endfacet
  facet normal -0.941527 -0.336939 0
    outer loop
      vertex -49.5208 -72.0208 6
      vertex -49.4216 -72.298 0
      vertex -49.4216 -72.298 6
    endloop
  endfacet
  facet normal -0.904125 -0.427269 0
    outer loop
      vertex -49.2958 -72.5642 0
      vertex -49.4216 -72.298 6
      vertex -49.4216 -72.298 0
    endloop
  endfacet
  facet normal -0.904125 -0.427269 0
    outer loop
      vertex -49.4216 -72.298 6
      vertex -49.2958 -72.5642 0
      vertex -49.2958 -72.5642 6
    endloop
  endfacet
  facet normal -0.857643 -0.514246 0
    outer loop
      vertex -49.1444 -72.8167 0
      vertex -49.2958 -72.5642 6
      vertex -49.2958 -72.5642 0
    endloop
  endfacet
  facet normal -0.857643 -0.514246 0
    outer loop
      vertex -49.2958 -72.5642 6
      vertex -49.1444 -72.8167 0
      vertex -49.1444 -72.8167 6
    endloop
  endfacet
  facet normal -0.803208 -0.595699 0
    outer loop
      vertex -48.969 -73.0532 0
      vertex -49.1444 -72.8167 6
      vertex -49.1444 -72.8167 0
    endloop
  endfacet
  facet normal -0.803208 -0.595699 0
    outer loop
      vertex -49.1444 -72.8167 6
      vertex -48.969 -73.0532 0
      vertex -48.969 -73.0532 6
    endloop
  endfacet
  facet normal -0.740908 -0.671607 0
    outer loop
      vertex -48.7713 -73.2713 0
      vertex -48.969 -73.0532 6
      vertex -48.969 -73.0532 0
    endloop
  endfacet
  facet normal -0.740908 -0.671607 0
    outer loop
      vertex -48.969 -73.0532 6
      vertex -48.7713 -73.2713 0
      vertex -48.7713 -73.2713 6
    endloop
  endfacet
  facet normal -0.671607 -0.740908 0
    outer loop
      vertex -48.7713 -73.2713 0
      vertex -48.5532 -73.469 6
      vertex -48.7713 -73.2713 6
    endloop
  endfacet
  facet normal -0.671607 -0.740908 -0
    outer loop
      vertex -48.5532 -73.469 6
      vertex -48.7713 -73.2713 0
      vertex -48.5532 -73.469 0
    endloop
  endfacet
  facet normal -0.595699 -0.803208 0
    outer loop
      vertex -48.5532 -73.469 0
      vertex -48.3167 -73.6444 6
      vertex -48.5532 -73.469 6
    endloop
  endfacet
  facet normal -0.595699 -0.803208 -0
    outer loop
      vertex -48.3167 -73.6444 6
      vertex -48.5532 -73.469 0
      vertex -48.3167 -73.6444 0
    endloop
  endfacet
  facet normal -0.514246 -0.857643 0
    outer loop
      vertex -48.3167 -73.6444 0
      vertex -48.0642 -73.7958 6
      vertex -48.3167 -73.6444 6
    endloop
  endfacet
  facet normal -0.514246 -0.857643 -0
    outer loop
      vertex -48.0642 -73.7958 6
      vertex -48.3167 -73.6444 0
      vertex -48.0642 -73.7958 0
    endloop
  endfacet
  facet normal -0.427269 -0.904125 0
    outer loop
      vertex -48.0642 -73.7958 0
      vertex -47.798 -73.9216 6
      vertex -48.0642 -73.7958 6
    endloop
  endfacet
  facet normal -0.427269 -0.904125 -0
    outer loop
      vertex -47.798 -73.9216 6
      vertex -48.0642 -73.7958 0
      vertex -47.798 -73.9216 0
    endloop
  endfacet
  facet normal -0.336939 -0.941527 0
    outer loop
      vertex -47.798 -73.9216 0
      vertex -47.5208 -74.0208 6
      vertex -47.798 -73.9216 6
    endloop
  endfacet
  facet normal -0.336939 -0.941527 -0
    outer loop
      vertex -47.5208 -74.0208 6
      vertex -47.798 -73.9216 0
      vertex -47.5208 -74.0208 0
    endloop
  endfacet
  facet normal -0.242935 -0.970042 0
    outer loop
      vertex -47.5208 -74.0208 0
      vertex -47.2353 -74.0923 6
      vertex -47.5208 -74.0208 6
    endloop
  endfacet
  facet normal -0.242935 -0.970042 -0
    outer loop
      vertex -47.2353 -74.0923 6
      vertex -47.5208 -74.0208 0
      vertex -47.2353 -74.0923 0
    endloop
  endfacet
  facet normal -0.146696 -0.989182 0
    outer loop
      vertex -47.2353 -74.0923 0
      vertex -46.944 -74.1355 6
      vertex -47.2353 -74.0923 6
    endloop
  endfacet
  facet normal -0.146696 -0.989182 -0
    outer loop
      vertex -46.944 -74.1355 6
      vertex -47.2353 -74.0923 0
      vertex -46.944 -74.1355 0
    endloop
  endfacet
  facet normal -0.0492599 -0.998786 0
    outer loop
      vertex -46.944 -74.1355 0
      vertex -46.65 -74.15 6
      vertex -46.944 -74.1355 6
    endloop
  endfacet
  facet normal -0.0492599 -0.998786 -0
    outer loop
      vertex -46.65 -74.15 6
      vertex -46.944 -74.1355 0
      vertex -46.65 -74.15 0
    endloop
  endfacet
  facet normal 0 -1 0
    outer loop
      vertex -46.65 -74.15 0
      vertex -42.7033 -74.15 6
      vertex -46.65 -74.15 6
    endloop
  endfacet
  facet normal 0 -1 -0
    outer loop
      vertex -42.7033 -74.15 6
      vertex -46.65 -74.15 0
      vertex -42.7033 -74.15 0
    endloop
  endfacet
  facet normal 0.769265 0.63893 0
    outer loop
      vertex -42.7033 -74.15 6
      vertex -45.3196 -71 0
      vertex -45.3196 -71 6
    endloop
  endfacet
  facet normal 0.769265 0.63893 0
    outer loop
      vertex -45.3196 -71 0
      vertex -42.7033 -74.15 6
      vertex -42.7033 -74.15 0
    endloop
  endfacet
  facet normal 0 -1 0
    outer loop
      vertex -45.3196 -71 6
      vertex -40.285 -71 5.91074
      vertex -40.2572 -71 6
    endloop
  endfacet
  facet normal 0 -1 0
    outer loop
      vertex -45.3196 -71 6
      vertex -40.285 -71 5.48926
      vertex -40.285 -71 5.91074
    endloop
  endfacet
  facet normal 0 -1 0
    outer loop
      vertex -45.3196 -71 6
      vertex -40.163 -71 5.09822
      vertex -40.285 -71 5.48926
    endloop
  endfacet
  facet normal 0 -1 0
    outer loop
      vertex -45.3196 -71 6
      vertex -40.1561 -71 5.07589
      vertex -40.163 -71 5.09822
    endloop
  endfacet
  facet normal 0 -1 0
    outer loop
      vertex -45.3196 -71 6
      vertex -40.1359 -71 5.04487
      vertex -40.1561 -71 5.07589
    endloop
  endfacet
  facet normal 0 -1 0
    outer loop
      vertex -45.3196 -71 0
      vertex -40.1359 -71 5.04487
      vertex -45.3196 -71 6
    endloop
  endfacet
  facet normal 0 -1 -0
    outer loop
      vertex -40.1359 -71 5.04487
      vertex -45.3196 -71 0
      vertex -39.9521 -71 4.83472
    endloop
  endfacet
  facet normal 0 -1 -0
    outer loop
      vertex -39.9521 -71 4.83472
      vertex -45.3196 -71 0
      vertex -39.8225 -71 4.6865
    endloop
  endfacet
  facet normal 0 -1 -0
    outer loop
      vertex -39.8225 -71 4.6865
      vertex -45.3196 -71 0
      vertex -39.7042 -71 4.60259
    endloop
  endfacet
  facet normal 0 -1 -0
    outer loop
      vertex -39.7042 -71 4.60259
      vertex -45.3196 -71 0
      vertex -39.5549 -71 4.53742
    endloop
  endfacet
  facet normal 0 -1 -0
    outer loop
      vertex -39.0711 -71 4.40345
      vertex -45.3196 -71 0
      vertex -39 -71 4.39297
    endloop
  endfacet
  facet normal 0 -1 -0
    outer loop
      vertex -39.3382 -71 4.44281
      vertex -45.3196 -71 0
      vertex -39.0711 -71 4.40345
    endloop
  endfacet
  facet normal 0 -1 -0
    outer loop
      vertex -39.5549 -71 4.53742
      vertex -45.3196 -71 0
      vertex -39.3382 -71 4.44281
    endloop
  endfacet
  facet normal 0 -1 0
    outer loop
      vertex -37.715 -71 5.91074
      vertex -32.6804 -71 6
      vertex -37.7428 -71 6
    endloop
  endfacet
  facet normal 0 -1 0
    outer loop
      vertex -37.715 -71 5.48926
      vertex -32.6804 -71 6
      vertex -37.715 -71 5.91074
    endloop
  endfacet
  facet normal 0 -1 0
    outer loop
      vertex -37.837 -71 5.09822
      vertex -32.6804 -71 6
      vertex -37.715 -71 5.48926
    endloop
  endfacet
  facet normal 0 -1 0
    outer loop
      vertex -37.8439 -71 5.07589
      vertex -32.6804 -71 6
      vertex -37.837 -71 5.09822
    endloop
  endfacet
  facet normal 0 -1 0
    outer loop
      vertex -37.8641 -71 5.04487
      vertex -32.6804 -71 6
      vertex -37.8439 -71 5.07589
    endloop
  endfacet
  facet normal 0 -1 0
    outer loop
      vertex -32.6804 -71 0
      vertex -37.8641 -71 5.04487
      vertex -38.0479 -71 4.83472
    endloop
  endfacet
  facet normal 0 -1 0
    outer loop
      vertex -32.6804 -71 0
      vertex -38.0479 -71 4.83472
      vertex -38.1775 -71 4.6865
    endloop
  endfacet
  facet normal 0 -1 0
    outer loop
      vertex -32.6804 -71 0
      vertex -38.1775 -71 4.6865
      vertex -38.2958 -71 4.60259
    endloop
  endfacet
  facet normal 0 -1 0
    outer loop
      vertex -32.6804 -71 0
      vertex -38.2958 -71 4.60259
      vertex -38.4451 -71 4.53742
    endloop
  endfacet
  facet normal 0 -1 0
    outer loop
      vertex -32.6804 -71 0
      vertex -38.4451 -71 4.53742
      vertex -38.6618 -71 4.44281
    endloop
  endfacet
  facet normal 0 -1 0
    outer loop
      vertex -32.6804 -71 0
      vertex -39 -71 4.39297
      vertex -45.3196 -71 0
    endloop
  endfacet
  facet normal 0 -1 0
    outer loop
      vertex -39 -71 4.39297
      vertex -32.6804 -71 0
      vertex -38.9289 -71 4.40345
    endloop
  endfacet
  facet normal 0 -1 0
    outer loop
      vertex -38.9289 -71 4.40345
      vertex -32.6804 -71 0
      vertex -38.6618 -71 4.44281
    endloop
  endfacet
  facet normal 0 -1 0
    outer loop
      vertex -37.8641 -71 5.04487
      vertex -32.6804 -71 0
      vertex -32.6804 -71 6
    endloop
  endfacet
  facet normal -0.769265 0.63893 0
    outer loop
      vertex -35.2967 -74.15 0
      vertex -32.6804 -71 6
      vertex -32.6804 -71 0
    endloop
  endfacet
  facet normal -0.769265 0.63893 0
    outer loop
      vertex -32.6804 -71 6
      vertex -35.2967 -74.15 0
      vertex -35.2967 -74.15 6
    endloop
  endfacet
  facet normal 0 -1 0
    outer loop
      vertex -35.2967 -74.15 0
      vertex 35.4917 -74.15 6
      vertex -35.2967 -74.15 6
    endloop
  endfacet
  facet normal 0 -1 -0
    outer loop
      vertex 35.4917 -74.15 6
      vertex -35.2967 -74.15 0
      vertex 35.4917 -74.15 0
    endloop
  endfacet
  facet normal -0.769267 0.638927 0
    outer loop
      vertex 33 -77.15 0
      vertex 35.4917 -74.15 6
      vertex 35.4917 -74.15 0
    endloop
  endfacet
  facet normal -0.769267 0.638927 0
    outer loop
      vertex 35.4917 -74.15 6
      vertex 33 -77.15 0
      vertex 33 -77.15 6
    endloop
  endfacet
  facet normal 0 -1 0
    outer loop
      vertex 33 -77.15 6
      vertex 37.7663 -77.15 5.89603
      vertex 37.7988 -77.15 6
    endloop
  endfacet
  facet normal 0 -1 0
    outer loop
      vertex 33 -77.15 6
      vertex 37.7663 -77.15 5.50397
      vertex 37.7663 -77.15 5.89603
    endloop
  endfacet
  facet normal 0 -1 0
    outer loop
      vertex 33 -77.15 6
      vertex 37.8081 -77.15 5.37018
      vertex 37.7663 -77.15 5.50397
    endloop
  endfacet
  facet normal 0 -1 0
    outer loop
      vertex 33 -77.15 6
      vertex 37.8863 -77.15 5.11943
      vertex 37.8081 -77.15 5.37018
    endloop
  endfacet
  facet normal 0 -1 0
    outer loop
      vertex 33 -77.15 6
      vertex 37.9146 -77.15 5.07592
      vertex 37.8863 -77.15 5.11943
    endloop
  endfacet
  facet normal 0 -1 0
    outer loop
      vertex 33 -77.15 6
      vertex 37.9643 -77.15 4.9994
      vertex 37.9146 -77.15 5.07592
    endloop
  endfacet
  facet normal 0 -1 0
    outer loop
      vertex 33 -77.15 0
      vertex 37.9643 -77.15 4.9994
      vertex 33 -77.15 6
    endloop
  endfacet
  facet normal 0 -1 -0
    outer loop
      vertex 37.9643 -77.15 4.9994
      vertex 33 -77.15 0
      vertex 38.0885 -77.15 4.85738
    endloop
  endfacet
  facet normal 0 -1 -0
    outer loop
      vertex 38.0885 -77.15 4.85738
      vertex 33 -77.15 0
      vertex 38.1761 -77.15 4.75721
    endloop
  endfacet
  facet normal 0 -1 -0
    outer loop
      vertex 38.1761 -77.15 4.75721
      vertex 33 -77.15 0
      vertex 38.358 -77.15 4.62829
    endloop
  endfacet
  facet normal 0 -1 -0
    outer loop
      vertex 38.358 -77.15 4.62829
      vertex 33 -77.15 0
      vertex 38.5082 -77.15 4.5627
    endloop
  endfacet
  facet normal 0 -1 -0
    outer loop
      vertex 38.9926 -77.15 4.43825
      vertex 33 -77.15 0
      vertex 39 -77.15 4.43716
    endloop
  endfacet
  facet normal 0 -1 -0
    outer loop
      vertex 38.6917 -77.15 4.48261
      vertex 33 -77.15 0
      vertex 38.9926 -77.15 4.43825
    endloop
  endfacet
  facet normal 0 -1 -0
    outer loop
      vertex 38.5082 -77.15 4.5627
      vertex 33 -77.15 0
      vertex 38.6917 -77.15 4.48261
    endloop
  endfacet
  facet normal 0 -1 0
    outer loop
      vertex 40.2337 -77.15 5.89603
      vertex 45 -77.15 6
      vertex 40.2012 -77.15 6
    endloop
  endfacet
  facet normal 0 -1 0
    outer loop
      vertex 40.2337 -77.15 5.50397
      vertex 45 -77.15 6
      vertex 40.2337 -77.15 5.89603
    endloop
  endfacet
  facet normal 0 -1 0
    outer loop
      vertex 40.1919 -77.15 5.37018
      vertex 45 -77.15 6
      vertex 40.2337 -77.15 5.50397
    endloop
  endfacet
  facet normal 0 -1 0
    outer loop
      vertex 40.1137 -77.15 5.11943
      vertex 45 -77.15 6
      vertex 40.1919 -77.15 5.37018
    endloop
  endfacet
  facet normal 0 -1 0
    outer loop
      vertex 40.0854 -77.15 5.07592
      vertex 45 -77.15 6
      vertex 40.1137 -77.15 5.11943
    endloop
  endfacet
  facet normal 0 -1 0
    outer loop
      vertex 40.0357 -77.15 4.9994
      vertex 45 -77.15 6
      vertex 40.0854 -77.15 5.07592
    endloop
  endfacet
  facet normal 0 -1 0
    outer loop
      vertex 45 -77.15 0
      vertex 40.0357 -77.15 4.9994
      vertex 39.9115 -77.15 4.85738
    endloop
  endfacet
  facet normal 0 -1 0
    outer loop
      vertex 45 -77.15 0
      vertex 39.9115 -77.15 4.85738
      vertex 39.8239 -77.15 4.75721
    endloop
  endfacet
  facet normal 0 -1 0
    outer loop
      vertex 45 -77.15 0
      vertex 39.8239 -77.15 4.75721
      vertex 39.642 -77.15 4.62829
    endloop
  endfacet
  facet normal 0 -1 0
    outer loop
      vertex 45 -77.15 0
      vertex 39.642 -77.15 4.62829
      vertex 39.4918 -77.15 4.5627
    endloop
  endfacet
  facet normal 0 -1 0
    outer loop
      vertex 45 -77.15 0
      vertex 39.4918 -77.15 4.5627
      vertex 39.3083 -77.15 4.48261
    endloop
  endfacet
  facet normal 0 -1 0
    outer loop
      vertex 45 -77.15 0
      vertex 39 -77.15 4.43716
      vertex 33 -77.15 0
    endloop
  endfacet
  facet normal 0 -1 0
    outer loop
      vertex 39 -77.15 4.43716
      vertex 45 -77.15 0
      vertex 39.0074 -77.15 4.43825
    endloop
  endfacet
  facet normal 0 -1 0
    outer loop
      vertex 39.0074 -77.15 4.43825
      vertex 45 -77.15 0
      vertex 39.3083 -77.15 4.48261
    endloop
  endfacet
  facet normal 0 -1 0
    outer loop
      vertex 40.0357 -77.15 4.9994
      vertex 45 -77.15 0
      vertex 45 -77.15 6
    endloop
  endfacet
  facet normal 0.769267 0.638927 0
    outer loop
      vertex 45 -77.15 6
      vertex 42.5083 -74.15 0
      vertex 42.5083 -74.15 6
    endloop
  endfacet
  facet normal 0.769267 0.638927 0
    outer loop
      vertex 42.5083 -74.15 0
      vertex 45 -77.15 6
      vertex 45 -77.15 0
    endloop
  endfacet
  facet normal 0 0 -1
    outer loop
      vertex 45.15 -29.3462 5.4
      vertex 44.9323 -28.1396 5.4
      vertex 45.15 -29.1842 5.4
    endloop
  endfacet
  facet normal 0 0 -1
    outer loop
      vertex 44.7677 -27.5111 5.4
      vertex 44.9323 -28.1396 5.4
      vertex 45.15 -29.3462 5.4
    endloop
  endfacet
  facet normal 0 0 -1
    outer loop
      vertex 44.7677 -27.5111 5.4
      vertex 44.2944 -24.6582 5.4
      vertex 44.9323 -28.1396 5.4
    endloop
  endfacet
  facet normal 0 0 -1
    outer loop
      vertex 44.1439 -24.1075 5.4
      vertex 44.2944 -24.6582 5.4
      vertex 44.7677 -27.5111 5.4
    endloop
  endfacet
  facet normal 0 0 -1
    outer loop
      vertex 44.1439 -24.1075 5.4
      vertex 43.7407 -21.1624 5.4
      vertex 44.2944 -24.6582 5.4
    endloop
  endfacet
  facet normal 0 0 -1
    outer loop
      vertex 43.6026 -20.6898 5.4
      vertex 43.7407 -21.1624 5.4
      vertex 44.1439 -24.1075 5.4
    endloop
  endfacet
  facet normal 0 0 -1
    outer loop
      vertex 43.6026 -20.6898 5.4
      vertex 43.2716 -17.6543 5.4
      vertex 43.7407 -21.1624 5.4
    endloop
  endfacet
  facet normal 0 0 -1
    outer loop
      vertex 43.144 -17.2599 5.4
      vertex 43.2716 -17.6543 5.4
      vertex 43.6026 -20.6898 5.4
    endloop
  endfacet
  facet normal 0 0 -1
    outer loop
      vertex 43.144 -17.2599 5.4
      vertex 42.8875 -14.1358 5.4
      vertex 43.2716 -17.6543 5.4
    endloop
  endfacet
  facet normal 0 0 -1
    outer loop
      vertex 42.7685 -13.8201 5.4
      vertex 42.8875 -14.1358 5.4
      vertex 43.144 -17.2599 5.4
    endloop
  endfacet
  facet normal 0 0 -1
    outer loop
      vertex 42.7685 -13.8201 5.4
      vertex 42.5885 -10.6091 5.4
      vertex 42.8875 -14.1358 5.4
    endloop
  endfacet
  facet normal 0 0 -1
    outer loop
      vertex 42.4761 -10.3721 5.4
      vertex 42.5885 -10.6091 5.4
      vertex 42.7685 -13.8201 5.4
    endloop
  endfacet
  facet normal 0 0 -1
    outer loop
      vertex 42.4761 -10.3721 5.4
      vertex 42.3748 -7.07616 5.4
      vertex 42.5885 -10.6091 5.4
    endloop
  endfacet
  facet normal 0 0 -1
    outer loop
      vertex 42.2672 -6.91811 5.4
      vertex 42.3748 -7.07616 5.4
      vertex 42.4761 -10.3721 5.4
    endloop
  endfacet
  facet normal 0 0 -1
    outer loop
      vertex 42.2672 -6.91811 5.4
      vertex 42.2465 -3.53911 5.4
      vertex 42.3748 -7.07616 5.4
    endloop
  endfacet
  facet normal 0 0 -1
    outer loop
      vertex 42.1418 -3.46007 5.4
      vertex 42.2465 -3.53911 5.4
      vertex 42.2672 -6.91811 5.4
    endloop
  endfacet
  facet normal 0 0 -1
    outer loop
      vertex 42.2465 -3.53911 5.4
      vertex 42.1418 -3.46007 5.4
      vertex 42.2037 0 5.4
    endloop
  endfacet
  facet normal 0 0 -1
    outer loop
      vertex 44.9323 28.1396 5.4
      vertex 45.15 29.3462 5.4
      vertex 45.15 29.1842 5.4
    endloop
  endfacet
  facet normal -0 0 -1
    outer loop
      vertex 44.9323 28.1396 5.4
      vertex 44.7677 27.5111 5.4
      vertex 45.15 29.3462 5.4
    endloop
  endfacet
  facet normal 0 0 -1
    outer loop
      vertex 44.2944 24.6582 5.4
      vertex 44.7677 27.5111 5.4
      vertex 44.9323 28.1396 5.4
    endloop
  endfacet
  facet normal -0 0 -1
    outer loop
      vertex 44.2944 24.6582 5.4
      vertex 44.1439 24.1075 5.4
      vertex 44.7677 27.5111 5.4
    endloop
  endfacet
  facet normal 0 0 -1
    outer loop
      vertex 43.7407 21.1624 5.4
      vertex 44.1439 24.1075 5.4
      vertex 44.2944 24.6582 5.4
    endloop
  endfacet
  facet normal -0 0 -1
    outer loop
      vertex 43.7407 21.1624 5.4
      vertex 43.6026 20.6898 5.4
      vertex 44.1439 24.1075 5.4
    endloop
  endfacet
  facet normal 0 0 -1
    outer loop
      vertex 43.2716 17.6543 5.4
      vertex 43.6026 20.6898 5.4
      vertex 43.7407 21.1624 5.4
    endloop
  endfacet
  facet normal -0 0 -1
    outer loop
      vertex 43.2716 17.6543 5.4
      vertex 43.144 17.2599 5.4
      vertex 43.6026 20.6898 5.4
    endloop
  endfacet
  facet normal 0 0 -1
    outer loop
      vertex 42.8875 14.1358 5.4
      vertex 43.144 17.2599 5.4
      vertex 43.2716 17.6543 5.4
    endloop
  endfacet
  facet normal -0 0 -1
    outer loop
      vertex 42.8875 14.1358 5.4
      vertex 42.7685 13.8201 5.4
      vertex 43.144 17.2599 5.4
    endloop
  endfacet
  facet normal 0 0 -1
    outer loop
      vertex 42.5885 10.6091 5.4
      vertex 42.7685 13.8201 5.4
      vertex 42.8875 14.1358 5.4
    endloop
  endfacet
  facet normal -0 0 -1
    outer loop
      vertex 42.5885 10.6091 5.4
      vertex 42.4761 10.3721 5.4
      vertex 42.7685 13.8201 5.4
    endloop
  endfacet
  facet normal 0 0 -1
    outer loop
      vertex 42.3748 7.07616 5.4
      vertex 42.4761 10.3721 5.4
      vertex 42.5885 10.6091 5.4
    endloop
  endfacet
  facet normal -0 0 -1
    outer loop
      vertex 42.3748 7.07616 5.4
      vertex 42.2672 6.91811 5.4
      vertex 42.4761 10.3721 5.4
    endloop
  endfacet
  facet normal 0 0 -1
    outer loop
      vertex 42.2465 3.53911 5.4
      vertex 42.2672 6.91811 5.4
      vertex 42.3748 7.07616 5.4
    endloop
  endfacet
  facet normal 0 0 -1
    outer loop
      vertex 42.1418 3.46007 5.4
      vertex 42.2465 3.53911 5.4
      vertex 42.2037 0 5.4
    endloop
  endfacet
  facet normal 0 0 -1
    outer loop
      vertex 42.1 0 5.4
      vertex 42.2037 0 5.4
      vertex 42.1418 -3.46007 5.4
    endloop
  endfacet
  facet normal -0 0 -1
    outer loop
      vertex 42.2465 3.53911 5.4
      vertex 42.1418 3.46007 5.4
      vertex 42.2672 6.91811 5.4
    endloop
  endfacet
  facet normal 0 0 -1
    outer loop
      vertex 42.2037 0 5.4
      vertex 42.1 0 5.4
      vertex 42.1418 3.46007 5.4
    endloop
  endfacet
  facet normal 0 0 -1
    outer loop
      vertex 45.0033 -35.4101 5.4
      vertex 45.15 -35.9595 5.4
      vertex 45.15 -35.9757 5.4
    endloop
  endfacet
  facet normal 0 0 -1
    outer loop
      vertex 45.15 -35.9595 5.4
      vertex 45.0033 -35.4101 5.4
      vertex 44.9649 -35.2459 5.4
    endloop
  endfacet
  facet normal -0 0 -1
    outer loop
      vertex 45.15 35.9595 5.4
      vertex 45.0033 35.4101 5.4
      vertex 45.15 35.9757 5.4
    endloop
  endfacet
  facet normal 0 -0 -1
    outer loop
      vertex 45.0033 35.4101 5.4
      vertex 45.15 35.9595 5.4
      vertex 44.9649 35.2459 5.4
    endloop
  endfacet
  facet normal -0 0 -1
    outer loop
      vertex 21.4769 69.65 5.4
      vertex 20.8221 69.5415 5.4
      vertex 21.3426 69.65 5.4
    endloop
  endfacet
  facet normal 0 0 -1
    outer loop
      vertex 20.4223 69.4303 5.4
      vertex 20.8221 69.5415 5.4
      vertex 21.4769 69.65 5.4
    endloop
  endfacet
  facet normal -0 0 -1
    outer loop
      vertex 20.4223 69.4303 5.4
      vertex 18.246 69.0695 5.4
      vertex 20.8221 69.5415 5.4
    endloop
  endfacet
  facet normal 0 0 -1
    outer loop
      vertex 17.8957 68.9673 5.4
      vertex 18.246 69.0695 5.4
      vertex 20.4223 69.4303 5.4
    endloop
  endfacet
  facet normal -0 0 -1
    outer loop
      vertex 17.8957 68.9673 5.4
      vertex 15.6593 68.6598 5.4
      vertex 18.246 69.0695 5.4
    endloop
  endfacet
  facet normal 0 0 -1
    outer loop
      vertex 15.3586 68.5654 5.4
      vertex 15.6593 68.6598 5.4
      vertex 17.8957 68.9673 5.4
    endloop
  endfacet
  facet normal -0 0 -1
    outer loop
      vertex 15.3586 68.5654 5.4
      vertex 13.0634 68.3127 5.4
      vertex 15.6593 68.6598 5.4
    endloop
  endfacet
  facet normal 0 0 -1
    outer loop
      vertex 12.8125 68.225 5.4
      vertex 13.0634 68.3127 5.4
      vertex 15.3586 68.5654 5.4
    endloop
  endfacet
  facet normal -0 0 -1
    outer loop
      vertex 12.8125 68.225 5.4
      vertex 10.4599 68.0284 5.4
      vertex 13.0634 68.3127 5.4
    endloop
  endfacet
  facet normal 0 0 -1
    outer loop
      vertex 10.259 67.9462 5.4
      vertex 10.4599 68.0284 5.4
      vertex 12.8125 68.225 5.4
    endloop
  endfacet
  facet normal -0 0 -1
    outer loop
      vertex 10.259 67.9462 5.4
      vertex 7.85027 67.8072 5.4
      vertex 10.4599 68.0284 5.4
    endloop
  endfacet
  facet normal 0 0 -1
    outer loop
      vertex 7.69952 67.7292 5.4
      vertex 7.85027 67.8072 5.4
      vertex 10.259 67.9462 5.4
    endloop
  endfacet
  facet normal -0 0 -1
    outer loop
      vertex 7.69952 67.7292 5.4
      vertex 5.23605 67.649 5.4
      vertex 7.85027 67.8072 5.4
    endloop
  endfacet
  facet normal 0 0 -1
    outer loop
      vertex 5.13551 67.5741 5.4
      vertex 5.23605 67.649 5.4
      vertex 7.69952 67.7292 5.4
    endloop
  endfacet
  facet normal -0 0 -1
    outer loop
      vertex 5.13551 67.5741 5.4
      vertex 2.61879 67.5541 5.4
      vertex 5.23605 67.649 5.4
    endloop
  endfacet
  facet normal 0 0 -1
    outer loop
      vertex 2.5685 67.481 5.4
      vertex 2.61879 67.5541 5.4
      vertex 5.13551 67.5741 5.4
    endloop
  endfacet
  facet normal 0 0 -1
    outer loop
      vertex 0 67.5225 5.4
      vertex 2.5685 67.481 5.4
      vertex 0 67.45 5.4
    endloop
  endfacet
  facet normal 0 0 -1
    outer loop
      vertex 2.5685 67.481 5.4
      vertex 0 67.5225 5.4
      vertex 2.61879 67.5541 5.4
    endloop
  endfacet
  facet normal 0 0 -1
    outer loop
      vertex -2.5685 67.481 5.4
      vertex 0 67.5225 5.4
      vertex 0 67.45 5.4
    endloop
  endfacet
  facet normal 0 0 -1
    outer loop
      vertex -2.5685 67.481 5.4
      vertex -2.61879 67.5541 5.4
      vertex 0 67.5225 5.4
    endloop
  endfacet
  facet normal 0 0 -1
    outer loop
      vertex -5.13551 67.5741 5.4
      vertex -2.61879 67.5541 5.4
      vertex -2.5685 67.481 5.4
    endloop
  endfacet
  facet normal 0 0 -1
    outer loop
      vertex -5.13551 67.5741 5.4
      vertex -5.23605 67.649 5.4
      vertex -2.61879 67.5541 5.4
    endloop
  endfacet
  facet normal 0 0 -1
    outer loop
      vertex -7.69952 67.7292 5.4
      vertex -5.23605 67.649 5.4
      vertex -5.13551 67.5741 5.4
    endloop
  endfacet
  facet normal 0 0 -1
    outer loop
      vertex -7.69952 67.7292 5.4
      vertex -7.85027 67.8072 5.4
      vertex -5.23605 67.649 5.4
    endloop
  endfacet
  facet normal 0 0 -1
    outer loop
      vertex -10.259 67.9462 5.4
      vertex -7.85027 67.8072 5.4
      vertex -7.69952 67.7292 5.4
    endloop
  endfacet
  facet normal 0 0 -1
    outer loop
      vertex -10.259 67.9462 5.4
      vertex -10.4599 68.0284 5.4
      vertex -7.85027 67.8072 5.4
    endloop
  endfacet
  facet normal 0 0 -1
    outer loop
      vertex -12.8125 68.225 5.4
      vertex -10.4599 68.0284 5.4
      vertex -10.259 67.9462 5.4
    endloop
  endfacet
  facet normal 0 0 -1
    outer loop
      vertex -12.8125 68.225 5.4
      vertex -13.0634 68.3127 5.4
      vertex -10.4599 68.0284 5.4
    endloop
  endfacet
  facet normal 0 0 -1
    outer loop
      vertex -15.3586 68.5654 5.4
      vertex -13.0634 68.3127 5.4
      vertex -12.8125 68.225 5.4
    endloop
  endfacet
  facet normal 0 0 -1
    outer loop
      vertex -15.3586 68.5654 5.4
      vertex -15.6593 68.6598 5.4
      vertex -13.0634 68.3127 5.4
    endloop
  endfacet
  facet normal 0 0 -1
    outer loop
      vertex -17.8957 68.9673 5.4
      vertex -15.6593 68.6598 5.4
      vertex -15.3586 68.5654 5.4
    endloop
  endfacet
  facet normal 0 0 -1
    outer loop
      vertex -17.8957 68.9673 5.4
      vertex -18.246 69.0695 5.4
      vertex -15.6593 68.6598 5.4
    endloop
  endfacet
  facet normal 0 0 -1
    outer loop
      vertex -20.4223 69.4303 5.4
      vertex -18.246 69.0695 5.4
      vertex -17.8957 68.9673 5.4
    endloop
  endfacet
  facet normal 0 0 -1
    outer loop
      vertex -20.4223 69.4303 5.4
      vertex -20.8221 69.5415 5.4
      vertex -18.246 69.0695 5.4
    endloop
  endfacet
  facet normal 0 0 -1
    outer loop
      vertex -21.4769 69.65 5.4
      vertex -20.8221 69.5415 5.4
      vertex -20.4223 69.4303 5.4
    endloop
  endfacet
  facet normal 0 0 -1
    outer loop
      vertex -20.8221 69.5415 5.4
      vertex -21.4769 69.65 5.4
      vertex -21.3426 69.65 5.4
    endloop
  endfacet
  facet normal 0 0 -1
    outer loop
      vertex -42.2037 0 5.4
      vertex -42.1 0 5.4
      vertex -42.1418 -3.46007 5.4
    endloop
  endfacet
  facet normal 0 0 -1
    outer loop
      vertex -42.1 0 5.4
      vertex -42.2037 0 5.4
      vertex -42.1418 3.46007 5.4
    endloop
  endfacet
  facet normal -0 0 -1
    outer loop
      vertex -42.1418 -3.46007 5.4
      vertex -42.2465 -3.53911 5.4
      vertex -42.2037 0 5.4
    endloop
  endfacet
  facet normal 0 0 -1
    outer loop
      vertex -42.2672 -6.91811 5.4
      vertex -42.2465 -3.53911 5.4
      vertex -42.1418 -3.46007 5.4
    endloop
  endfacet
  facet normal -0 0 -1
    outer loop
      vertex -42.2672 -6.91811 5.4
      vertex -42.3748 -7.07616 5.4
      vertex -42.2465 -3.53911 5.4
    endloop
  endfacet
  facet normal 0 0 -1
    outer loop
      vertex -42.4761 -10.3721 5.4
      vertex -42.3748 -7.07616 5.4
      vertex -42.2672 -6.91811 5.4
    endloop
  endfacet
  facet normal -0 0 -1
    outer loop
      vertex -42.4761 -10.3721 5.4
      vertex -42.5885 -10.6091 5.4
      vertex -42.3748 -7.07616 5.4
    endloop
  endfacet
  facet normal 0 0 -1
    outer loop
      vertex -42.7685 -13.8201 5.4
      vertex -42.5885 -10.6091 5.4
      vertex -42.4761 -10.3721 5.4
    endloop
  endfacet
  facet normal -0 0 -1
    outer loop
      vertex -42.7685 -13.8201 5.4
      vertex -42.8875 -14.1358 5.4
      vertex -42.5885 -10.6091 5.4
    endloop
  endfacet
  facet normal 0 0 -1
    outer loop
      vertex -43.144 -17.2599 5.4
      vertex -42.8875 -14.1358 5.4
      vertex -42.7685 -13.8201 5.4
    endloop
  endfacet
  facet normal -0 0 -1
    outer loop
      vertex -43.144 -17.2599 5.4
      vertex -43.2716 -17.6543 5.4
      vertex -42.8875 -14.1358 5.4
    endloop
  endfacet
  facet normal 0 0 -1
    outer loop
      vertex -43.6026 -20.6898 5.4
      vertex -43.2716 -17.6543 5.4
      vertex -43.144 -17.2599 5.4
    endloop
  endfacet
  facet normal -0 0 -1
    outer loop
      vertex -43.6026 -20.6898 5.4
      vertex -43.7407 -21.1624 5.4
      vertex -43.2716 -17.6543 5.4
    endloop
  endfacet
  facet normal 0 0 -1
    outer loop
      vertex -44.1439 -24.1075 5.4
      vertex -43.7407 -21.1624 5.4
      vertex -43.6026 -20.6898 5.4
    endloop
  endfacet
  facet normal -0 0 -1
    outer loop
      vertex -44.1439 -24.1075 5.4
      vertex -44.2944 -24.6582 5.4
      vertex -43.7407 -21.1624 5.4
    endloop
  endfacet
  facet normal 0 0 -1
    outer loop
      vertex -44.7677 -27.5111 5.4
      vertex -44.2944 -24.6582 5.4
      vertex -44.1439 -24.1075 5.4
    endloop
  endfacet
  facet normal -0 0 -1
    outer loop
      vertex -44.7677 -27.5111 5.4
      vertex -44.9323 -28.1396 5.4
      vertex -44.2944 -24.6582 5.4
    endloop
  endfacet
  facet normal 0 0 -1
    outer loop
      vertex -45.15 -29.3462 5.4
      vertex -44.9323 -28.1396 5.4
      vertex -44.7677 -27.5111 5.4
    endloop
  endfacet
  facet normal 0 0 -1
    outer loop
      vertex -44.9323 -28.1396 5.4
      vertex -45.15 -29.3462 5.4
      vertex -45.15 -29.1842 5.4
    endloop
  endfacet
  facet normal 0 0 -1
    outer loop
      vertex -42.2465 3.53911 5.4
      vertex -42.1418 3.46007 5.4
      vertex -42.2037 0 5.4
    endloop
  endfacet
  facet normal 0 0 -1
    outer loop
      vertex -42.2465 3.53911 5.4
      vertex -42.2672 6.91811 5.4
      vertex -42.1418 3.46007 5.4
    endloop
  endfacet
  facet normal 0 0 -1
    outer loop
      vertex -42.3748 7.07616 5.4
      vertex -42.2672 6.91811 5.4
      vertex -42.2465 3.53911 5.4
    endloop
  endfacet
  facet normal 0 0 -1
    outer loop
      vertex -42.3748 7.07616 5.4
      vertex -42.4761 10.3721 5.4
      vertex -42.2672 6.91811 5.4
    endloop
  endfacet
  facet normal 0 0 -1
    outer loop
      vertex -42.5885 10.6091 5.4
      vertex -42.4761 10.3721 5.4
      vertex -42.3748 7.07616 5.4
    endloop
  endfacet
  facet normal 0 0 -1
    outer loop
      vertex -42.5885 10.6091 5.4
      vertex -42.7685 13.8201 5.4
      vertex -42.4761 10.3721 5.4
    endloop
  endfacet
  facet normal 0 0 -1
    outer loop
      vertex -42.8875 14.1358 5.4
      vertex -42.7685 13.8201 5.4
      vertex -42.5885 10.6091 5.4
    endloop
  endfacet
  facet normal 0 0 -1
    outer loop
      vertex -42.8875 14.1358 5.4
      vertex -43.144 17.2599 5.4
      vertex -42.7685 13.8201 5.4
    endloop
  endfacet
  facet normal 0 0 -1
    outer loop
      vertex -43.2716 17.6543 5.4
      vertex -43.144 17.2599 5.4
      vertex -42.8875 14.1358 5.4
    endloop
  endfacet
  facet normal 0 0 -1
    outer loop
      vertex -43.2716 17.6543 5.4
      vertex -43.6026 20.6898 5.4
      vertex -43.144 17.2599 5.4
    endloop
  endfacet
  facet normal 0 0 -1
    outer loop
      vertex -43.7407 21.1624 5.4
      vertex -43.6026 20.6898 5.4
      vertex -43.2716 17.6543 5.4
    endloop
  endfacet
  facet normal 0 0 -1
    outer loop
      vertex -43.7407 21.1624 5.4
      vertex -44.1439 24.1075 5.4
      vertex -43.6026 20.6898 5.4
    endloop
  endfacet
  facet normal 0 0 -1
    outer loop
      vertex -44.2944 24.6582 5.4
      vertex -44.1439 24.1075 5.4
      vertex -43.7407 21.1624 5.4
    endloop
  endfacet
  facet normal 0 0 -1
    outer loop
      vertex -44.2944 24.6582 5.4
      vertex -44.7677 27.5111 5.4
      vertex -44.1439 24.1075 5.4
    endloop
  endfacet
  facet normal 0 0 -1
    outer loop
      vertex -44.9323 28.1396 5.4
      vertex -44.7677 27.5111 5.4
      vertex -44.2944 24.6582 5.4
    endloop
  endfacet
  facet normal 0 0 -1
    outer loop
      vertex -45.15 29.3462 5.4
      vertex -44.9323 28.1396 5.4
      vertex -45.15 29.1842 5.4
    endloop
  endfacet
  facet normal 0 0 -1
    outer loop
      vertex -44.9323 28.1396 5.4
      vertex -45.15 29.3462 5.4
      vertex -44.7677 27.5111 5.4
    endloop
  endfacet
  facet normal 0 0 -1
    outer loop
      vertex -45.15 35.9595 5.4
      vertex -45.0033 35.4101 5.4
      vertex -44.9649 35.2459 5.4
    endloop
  endfacet
  facet normal 0 0 -1
    outer loop
      vertex -45.0033 35.4101 5.4
      vertex -45.15 35.9595 5.4
      vertex -45.15 35.9757 5.4
    endloop
  endfacet
  facet normal 0 0 -1
    outer loop
      vertex -45.15 -35.9595 5.4
      vertex -45.0033 -35.4101 5.4
      vertex -45.15 -35.9757 5.4
    endloop
  endfacet
  facet normal -0 0 -1
    outer loop
      vertex -45.0033 -35.4101 5.4
      vertex -45.15 -35.9595 5.4
      vertex -44.9649 -35.2459 5.4
    endloop
  endfacet
  facet normal 0 0 1
    outer loop
      vertex 45.0033 35.4101 5.71
      vertex 45.15 35.9582 5.71
      vertex 45.15 35.9757 5.71
    endloop
  endfacet
  facet normal -0 0 1
    outer loop
      vertex 45.0033 35.4101 5.71
      vertex 44.5627 33.4454 5.71
      vertex 45.15 35.9582 5.71
    endloop
  endfacet
  facet normal 0 0 1
    outer loop
      vertex 44.1896 31.9283 5.71
      vertex 44.5627 33.4454 5.71
      vertex 45.0033 35.4101 5.71
    endloop
  endfacet
  facet normal -0 0 1
    outer loop
      vertex 44.1896 31.9283 5.71
      vertex 43.7988 29.7786 5.71
      vertex 44.5627 33.4454 5.71
    endloop
  endfacet
  facet normal 0 0 1
    outer loop
      vertex 43.4603 28.4278 5.71
      vertex 43.7988 29.7786 5.71
      vertex 44.1896 31.9283 5.71
    endloop
  endfacet
  facet normal -0 0 1
    outer loop
      vertex 43.4603 28.4278 5.71
      vertex 43.1236 26.0944 5.71
      vertex 43.7988 29.7786 5.71
    endloop
  endfacet
  facet normal 0 0 1
    outer loop
      vertex 42.8158 24.9108 5.71
      vertex 43.1236 26.0944 5.71
      vertex 43.4603 28.4278 5.71
    endloop
  endfacet
  facet normal -0 0 1
    outer loop
      vertex 42.8158 24.9108 5.71
      vertex 42.5377 22.395 5.71
      vertex 43.1236 26.0944 5.71
    endloop
  endfacet
  facet normal 0 0 1
    outer loop
      vertex 42.2564 21.3792 5.71
      vertex 42.5377 22.395 5.71
      vertex 42.8158 24.9108 5.71
    endloop
  endfacet
  facet normal -0 0 1
    outer loop
      vertex 42.2564 21.3792 5.71
      vertex 42.0413 18.6825 5.71
      vertex 42.5377 22.395 5.71
    endloop
  endfacet
  facet normal 0 0 1
    outer loop
      vertex 41.7826 17.8351 5.71
      vertex 42.0413 18.6825 5.71
      vertex 42.2564 21.3792 5.71
    endloop
  endfacet
  facet normal -0 0 1
    outer loop
      vertex 41.7826 17.8351 5.71
      vertex 41.6348 14.9591 5.71
      vertex 42.0413 18.6825 5.71
    endloop
  endfacet
  facet normal 0 0 1
    outer loop
      vertex 41.3945 14.2806 5.71
      vertex 41.6348 14.9591 5.71
      vertex 41.7826 17.8351 5.71
    endloop
  endfacet
  facet normal -0 0 1
    outer loop
      vertex 41.3945 14.2806 5.71
      vertex 41.3184 11.227 5.71
      vertex 41.6348 14.9591 5.71
    endloop
  endfacet
  facet normal 0 0 1
    outer loop
      vertex 41.0924 10.7177 5.71
      vertex 41.3184 11.227 5.71
      vertex 41.3945 14.2806 5.71
    endloop
  endfacet
  facet normal -0 0 1
    outer loop
      vertex 41.0924 10.7177 5.71
      vertex 41.0922 7.48831 5.71
      vertex 41.3184 11.227 5.71
    endloop
  endfacet
  facet normal 0 0 1
    outer loop
      vertex 40.8765 7.14864 5.71
      vertex 41.0922 7.48831 5.71
      vertex 41.0924 10.7177 5.71
    endloop
  endfacet
  facet normal 0 0 1
    outer loop
      vertex 40.7469 3.57535 5.71
      vertex 40.9565 3.74524 5.71
      vertex 40.8765 7.14864 5.71
    endloop
  endfacet
  facet normal 0 0 1
    outer loop
      vertex 41.0922 7.48831 5.71
      vertex 40.8765 7.14864 5.71
      vertex 40.9565 3.74524 5.71
    endloop
  endfacet
  facet normal 0 0 1
    outer loop
      vertex 45.15 -35.9582 5.71
      vertex 45.0033 -35.4101 5.71
      vertex 45.15 -35.9757 5.71
    endloop
  endfacet
  facet normal 0 0 1
    outer loop
      vertex 44.5627 -33.4454 5.71
      vertex 45.0033 -35.4101 5.71
      vertex 45.15 -35.9582 5.71
    endloop
  endfacet
  facet normal 0 0 1
    outer loop
      vertex 44.5627 -33.4454 5.71
      vertex 44.1896 -31.9283 5.71
      vertex 45.0033 -35.4101 5.71
    endloop
  endfacet
  facet normal 0 0 1
    outer loop
      vertex 43.7988 -29.7786 5.71
      vertex 44.1896 -31.9283 5.71
      vertex 44.5627 -33.4454 5.71
    endloop
  endfacet
  facet normal 0 0 1
    outer loop
      vertex 43.7988 -29.7786 5.71
      vertex 43.4603 -28.4278 5.71
      vertex 44.1896 -31.9283 5.71
    endloop
  endfacet
  facet normal 0 0 1
    outer loop
      vertex 43.1236 -26.0944 5.71
      vertex 43.4603 -28.4278 5.71
      vertex 43.7988 -29.7786 5.71
    endloop
  endfacet
  facet normal 0 0 1
    outer loop
      vertex 43.1236 -26.0944 5.71
      vertex 42.8158 -24.9108 5.71
      vertex 43.4603 -28.4278 5.71
    endloop
  endfacet
  facet normal 0 0 1
    outer loop
      vertex 42.5377 -22.395 5.71
      vertex 42.8158 -24.9108 5.71
      vertex 43.1236 -26.0944 5.71
    endloop
  endfacet
  facet normal 0 0 1
    outer loop
      vertex 42.5377 -22.395 5.71
      vertex 42.2564 -21.3792 5.71
      vertex 42.8158 -24.9108 5.71
    endloop
  endfacet
  facet normal 0 0 1
    outer loop
      vertex 42.0413 -18.6825 5.71
      vertex 42.2564 -21.3792 5.71
      vertex 42.5377 -22.395 5.71
    endloop
  endfacet
  facet normal 0 0 1
    outer loop
      vertex 42.0413 -18.6825 5.71
      vertex 41.7826 -17.8351 5.71
      vertex 42.2564 -21.3792 5.71
    endloop
  endfacet
  facet normal 0 0 1
    outer loop
      vertex 41.6348 -14.9591 5.71
      vertex 41.7826 -17.8351 5.71
      vertex 42.0413 -18.6825 5.71
    endloop
  endfacet
  facet normal 0 0 1
    outer loop
      vertex 41.6348 -14.9591 5.71
      vertex 41.3945 -14.2806 5.71
      vertex 41.7826 -17.8351 5.71
    endloop
  endfacet
  facet normal 0 0 1
    outer loop
      vertex 41.3184 -11.227 5.71
      vertex 41.3945 -14.2806 5.71
      vertex 41.6348 -14.9591 5.71
    endloop
  endfacet
  facet normal 0 0 1
    outer loop
      vertex 41.3184 -11.227 5.71
      vertex 41.0924 -10.7177 5.71
      vertex 41.3945 -14.2806 5.71
    endloop
  endfacet
  facet normal 0 0 1
    outer loop
      vertex 41.0922 -7.48831 5.71
      vertex 41.0924 -10.7177 5.71
      vertex 41.3184 -11.227 5.71
    endloop
  endfacet
  facet normal -0 0 1
    outer loop
      vertex 40.8765 -7.14864 5.71
      vertex 41.0922 -7.48831 5.71
      vertex 40.9565 -3.74524 5.71
    endloop
  endfacet
  facet normal 0 0 1
    outer loop
      vertex 41.0922 -7.48831 5.71
      vertex 40.8765 -7.14864 5.71
      vertex 41.0924 -10.7177 5.71
    endloop
  endfacet
  facet normal -0 0 1
    outer loop
      vertex 40.7469 -3.57535 5.71
      vertex 40.9565 -3.74524 5.71
      vertex 40.9112 0 5.71
    endloop
  endfacet
  facet normal 0 0 1
    outer loop
      vertex 40.9565 3.74524 5.71
      vertex 40.7469 3.57535 5.71
      vertex 40.9112 0 5.71
    endloop
  endfacet
  facet normal 0 0 1
    outer loop
      vertex 40.7037 0 5.71
      vertex 40.9112 0 5.71
      vertex 40.7469 3.57535 5.71
    endloop
  endfacet
  facet normal 0 0 1
    outer loop
      vertex 40.9565 -3.74524 5.71
      vertex 40.7469 -3.57535 5.71
      vertex 40.8765 -7.14864 5.71
    endloop
  endfacet
  facet normal 0 0 1
    outer loop
      vertex 40.9112 0 5.71
      vertex 40.7037 0 5.71
      vertex 40.7469 -3.57535 5.71
    endloop
  endfacet
  facet normal 0 0 1
    outer loop
      vertex 24.665 68.8604 5.71
      vertex 26.2953 69.2153 5.71
      vertex 27.3117 69.4789 5.71
    endloop
  endfacet
  facet normal -0 0 1
    outer loop
      vertex 24.665 68.8604 5.71
      vertex 23.7097 68.6111 5.71
      vertex 26.2953 69.2153 5.71
    endloop
  endfacet
  facet normal 0 0 1
    outer loop
      vertex 21.9609 68.297 5.71
      vertex 23.7097 68.6111 5.71
      vertex 24.665 68.8604 5.71
    endloop
  endfacet
  facet normal -0 0 1
    outer loop
      vertex 21.9609 68.297 5.71
      vertex 21.1103 68.0695 5.71
      vertex 23.7097 68.6111 5.71
    endloop
  endfacet
  facet normal 0 0 1
    outer loop
      vertex 19.2439 67.7991 5.71
      vertex 21.1103 68.0695 5.71
      vertex 21.9609 68.297 5.71
    endloop
  endfacet
  facet normal -0 0 1
    outer loop
      vertex 19.2439 67.7991 5.71
      vertex 18.4986 67.5909 5.71
      vertex 21.1103 68.0695 5.71
    endloop
  endfacet
  facet normal 0 0 1
    outer loop
      vertex 16.5157 67.367 5.71
      vertex 18.4986 67.5909 5.71
      vertex 19.2439 67.7991 5.71
    endloop
  endfacet
  facet normal -0 0 1
    outer loop
      vertex 16.5157 67.367 5.71
      vertex 15.876 67.1755 5.71
      vertex 18.4986 67.5909 5.71
    endloop
  endfacet
  facet normal 0 0 1
    outer loop
      vertex 13.7778 67.0009 5.71
      vertex 15.876 67.1755 5.71
      vertex 16.5157 67.367 5.71
    endloop
  endfacet
  facet normal -0 0 1
    outer loop
      vertex 13.7778 67.0009 5.71
      vertex 13.2442 66.8236 5.71
      vertex 15.876 67.1755 5.71
    endloop
  endfacet
  facet normal 0 0 1
    outer loop
      vertex 11.0319 66.7011 5.71
      vertex 13.2442 66.8236 5.71
      vertex 13.7778 67.0009 5.71
    endloop
  endfacet
  facet normal -0 0 1
    outer loop
      vertex 11.0319 66.7011 5.71
      vertex 10.6047 66.5354 5.71
      vertex 13.2442 66.8236 5.71
    endloop
  endfacet
  facet normal 0 0 1
    outer loop
      vertex 8.27959 66.4678 5.71
      vertex 10.6047 66.5354 5.71
      vertex 11.0319 66.7011 5.71
    endloop
  endfacet
  facet normal -0 0 1
    outer loop
      vertex 8.27959 66.4678 5.71
      vertex 7.95892 66.3111 5.71
      vertex 10.6047 66.5354 5.71
    endloop
  endfacet
  facet normal 0 0 1
    outer loop
      vertex 5.52242 66.301 5.71
      vertex 7.95892 66.3111 5.71
      vertex 8.27959 66.4678 5.71
    endloop
  endfacet
  facet normal -0 0 1
    outer loop
      vertex 5.52242 66.301 5.71
      vertex 5.30853 66.1508 5.71
      vertex 7.95892 66.3111 5.71
    endloop
  endfacet
  facet normal -0 0 1
    outer loop
      vertex 2.76201 66.2009 5.71
      vertex 5.30853 66.1508 5.71
      vertex 5.52242 66.301 5.71
    endloop
  endfacet
  facet normal 0 0 1
    outer loop
      vertex 2.76201 66.2009 5.71
      vertex 2.65503 66.0546 5.71
      vertex 5.30853 66.1508 5.71
    endloop
  endfacet
  facet normal -0 0 1
    outer loop
      vertex 0 66.1675 5.71
      vertex 2.65503 66.0546 5.71
      vertex 2.76201 66.2009 5.71
    endloop
  endfacet
  facet normal 0 0 1
    outer loop
      vertex 0 66.1675 5.71
      vertex 0 66.0225 5.71
      vertex 2.65503 66.0546 5.71
    endloop
  endfacet
  facet normal 0 0 1
    outer loop
      vertex 0 66.1675 5.71
      vertex -2.65503 66.0546 5.71
      vertex 0 66.0225 5.71
    endloop
  endfacet
  facet normal 0 0 1
    outer loop
      vertex -2.76201 66.2009 5.71
      vertex -2.65503 66.0546 5.71
      vertex 0 66.1675 5.71
    endloop
  endfacet
  facet normal 0 0 1
    outer loop
      vertex -2.76201 66.2009 5.71
      vertex -5.30853 66.1508 5.71
      vertex -2.65503 66.0546 5.71
    endloop
  endfacet
  facet normal 0 0 1
    outer loop
      vertex -5.52242 66.301 5.71
      vertex -5.30853 66.1508 5.71
      vertex -2.76201 66.2009 5.71
    endloop
  endfacet
  facet normal 0 0 1
    outer loop
      vertex -5.52242 66.301 5.71
      vertex -7.95892 66.3111 5.71
      vertex -5.30853 66.1508 5.71
    endloop
  endfacet
  facet normal 0 0 1
    outer loop
      vertex -8.27959 66.4678 5.71
      vertex -7.95892 66.3111 5.71
      vertex -5.52242 66.301 5.71
    endloop
  endfacet
  facet normal 0 0 1
    outer loop
      vertex -8.27959 66.4678 5.71
      vertex -10.6047 66.5354 5.71
      vertex -7.95892 66.3111 5.71
    endloop
  endfacet
  facet normal 0 0 1
    outer loop
      vertex -11.0319 66.7011 5.71
      vertex -10.6047 66.5354 5.71
      vertex -8.27959 66.4678 5.71
    endloop
  endfacet
  facet normal 0 0 1
    outer loop
      vertex -11.0319 66.7011 5.71
      vertex -13.2442 66.8236 5.71
      vertex -10.6047 66.5354 5.71
    endloop
  endfacet
  facet normal 0 0 1
    outer loop
      vertex -13.7778 67.0009 5.71
      vertex -13.2442 66.8236 5.71
      vertex -11.0319 66.7011 5.71
    endloop
  endfacet
  facet normal 0 0 1
    outer loop
      vertex -13.7778 67.0009 5.71
      vertex -15.876 67.1755 5.71
      vertex -13.2442 66.8236 5.71
    endloop
  endfacet
  facet normal 0 0 1
    outer loop
      vertex -16.5157 67.367 5.71
      vertex -15.876 67.1755 5.71
      vertex -13.7778 67.0009 5.71
    endloop
  endfacet
  facet normal 0 0 1
    outer loop
      vertex -16.5157 67.367 5.71
      vertex -18.4986 67.5909 5.71
      vertex -15.876 67.1755 5.71
    endloop
  endfacet
  facet normal 0 0 1
    outer loop
      vertex -19.2439 67.7991 5.71
      vertex -18.4986 67.5909 5.71
      vertex -16.5157 67.367 5.71
    endloop
  endfacet
  facet normal 0 0 1
    outer loop
      vertex -19.2439 67.7991 5.71
      vertex -21.1103 68.0695 5.71
      vertex -18.4986 67.5909 5.71
    endloop
  endfacet
  facet normal 0 0 1
    outer loop
      vertex -21.9609 68.297 5.71
      vertex -21.1103 68.0695 5.71
      vertex -19.2439 67.7991 5.71
    endloop
  endfacet
  facet normal 0 0 1
    outer loop
      vertex -21.9609 68.297 5.71
      vertex -23.7097 68.6111 5.71
      vertex -21.1103 68.0695 5.71
    endloop
  endfacet
  facet normal 0 0 1
    outer loop
      vertex -24.665 68.8604 5.71
      vertex -23.7097 68.6111 5.71
      vertex -21.9609 68.297 5.71
    endloop
  endfacet
  facet normal 0 0 1
    outer loop
      vertex -24.665 68.8604 5.71
      vertex -26.2953 69.2153 5.71
      vertex -23.7097 68.6111 5.71
    endloop
  endfacet
  facet normal -0 -0 1
    outer loop
      vertex -26.2953 69.2153 5.71
      vertex -24.665 68.8604 5.71
      vertex -27.3117 69.4789 5.71
    endloop
  endfacet
  facet normal 0 0 1
    outer loop
      vertex -40.9112 0 5.71
      vertex -40.7037 0 5.71
      vertex -40.7469 3.57535 5.71
    endloop
  endfacet
  facet normal -0 0 1
    outer loop
      vertex -40.9565 3.74524 5.71
      vertex -40.7469 3.57535 5.71
      vertex -40.8765 7.14864 5.71
    endloop
  endfacet
  facet normal 0 0 1
    outer loop
      vertex -40.7037 0 5.71
      vertex -40.9112 0 5.71
      vertex -40.7469 -3.57535 5.71
    endloop
  endfacet
  facet normal 0 0 1
    outer loop
      vertex -40.9565 -3.74524 5.71
      vertex -40.7469 -3.57535 5.71
      vertex -40.9112 0 5.71
    endloop
  endfacet
  facet normal 0 0 1
    outer loop
      vertex -40.7469 3.57535 5.71
      vertex -40.9565 3.74524 5.71
      vertex -40.9112 0 5.71
    endloop
  endfacet
  facet normal 0 0 1
    outer loop
      vertex -40.8765 7.14864 5.71
      vertex -41.0922 7.48831 5.71
      vertex -40.9565 3.74524 5.71
    endloop
  endfacet
  facet normal 0 0 1
    outer loop
      vertex -41.0924 10.7177 5.71
      vertex -41.0922 7.48831 5.71
      vertex -40.8765 7.14864 5.71
    endloop
  endfacet
  facet normal 0 0 1
    outer loop
      vertex -41.0924 10.7177 5.71
      vertex -41.3184 11.227 5.71
      vertex -41.0922 7.48831 5.71
    endloop
  endfacet
  facet normal 0 0 1
    outer loop
      vertex -41.3945 14.2806 5.71
      vertex -41.3184 11.227 5.71
      vertex -41.0924 10.7177 5.71
    endloop
  endfacet
  facet normal 0 0 1
    outer loop
      vertex -41.3945 14.2806 5.71
      vertex -41.6348 14.9591 5.71
      vertex -41.3184 11.227 5.71
    endloop
  endfacet
  facet normal 0 0 1
    outer loop
      vertex -41.7826 17.8351 5.71
      vertex -41.6348 14.9591 5.71
      vertex -41.3945 14.2806 5.71
    endloop
  endfacet
  facet normal 0 0 1
    outer loop
      vertex -41.7826 17.8351 5.71
      vertex -42.0413 18.6825 5.71
      vertex -41.6348 14.9591 5.71
    endloop
  endfacet
  facet normal 0 0 1
    outer loop
      vertex -42.2564 21.3792 5.71
      vertex -42.0413 18.6825 5.71
      vertex -41.7826 17.8351 5.71
    endloop
  endfacet
  facet normal 0 0 1
    outer loop
      vertex -42.2564 21.3792 5.71
      vertex -42.5377 22.395 5.71
      vertex -42.0413 18.6825 5.71
    endloop
  endfacet
  facet normal 0 0 1
    outer loop
      vertex -42.8158 24.9108 5.71
      vertex -42.5377 22.395 5.71
      vertex -42.2564 21.3792 5.71
    endloop
  endfacet
  facet normal 0 0 1
    outer loop
      vertex -42.8158 24.9108 5.71
      vertex -43.1236 26.0944 5.71
      vertex -42.5377 22.395 5.71
    endloop
  endfacet
  facet normal 0 0 1
    outer loop
      vertex -43.4603 28.4278 5.71
      vertex -43.1236 26.0944 5.71
      vertex -42.8158 24.9108 5.71
    endloop
  endfacet
  facet normal 0 0 1
    outer loop
      vertex -43.4603 28.4278 5.71
      vertex -43.7988 29.7786 5.71
      vertex -43.1236 26.0944 5.71
    endloop
  endfacet
  facet normal 0 0 1
    outer loop
      vertex -44.1896 31.9283 5.71
      vertex -43.7988 29.7786 5.71
      vertex -43.4603 28.4278 5.71
    endloop
  endfacet
  facet normal 0 0 1
    outer loop
      vertex -44.1896 31.9283 5.71
      vertex -44.5627 33.4454 5.71
      vertex -43.7988 29.7786 5.71
    endloop
  endfacet
  facet normal 0 0 1
    outer loop
      vertex -45.0033 35.4101 5.71
      vertex -44.5627 33.4454 5.71
      vertex -44.1896 31.9283 5.71
    endloop
  endfacet
  facet normal -0 0 1
    outer loop
      vertex -45.15 35.9582 5.71
      vertex -45.0033 35.4101 5.71
      vertex -45.15 35.9757 5.71
    endloop
  endfacet
  facet normal 0 0 1
    outer loop
      vertex -45.0033 35.4101 5.71
      vertex -45.15 35.9582 5.71
      vertex -44.5627 33.4454 5.71
    endloop
  endfacet
  facet normal 0 0 1
    outer loop
      vertex -40.7469 -3.57535 5.71
      vertex -40.9565 -3.74524 5.71
      vertex -40.8765 -7.14864 5.71
    endloop
  endfacet
  facet normal 0 0 1
    outer loop
      vertex -41.0922 -7.48831 5.71
      vertex -40.8765 -7.14864 5.71
      vertex -40.9565 -3.74524 5.71
    endloop
  endfacet
  facet normal -0 0 1
    outer loop
      vertex -41.0922 -7.48831 5.71
      vertex -41.0924 -10.7177 5.71
      vertex -40.8765 -7.14864 5.71
    endloop
  endfacet
  facet normal 0 0 1
    outer loop
      vertex -41.3184 -11.227 5.71
      vertex -41.0924 -10.7177 5.71
      vertex -41.0922 -7.48831 5.71
    endloop
  endfacet
  facet normal -0 0 1
    outer loop
      vertex -41.3184 -11.227 5.71
      vertex -41.3945 -14.2806 5.71
      vertex -41.0924 -10.7177 5.71
    endloop
  endfacet
  facet normal 0 0 1
    outer loop
      vertex -41.6348 -14.9591 5.71
      vertex -41.3945 -14.2806 5.71
      vertex -41.3184 -11.227 5.71
    endloop
  endfacet
  facet normal -0 0 1
    outer loop
      vertex -41.6348 -14.9591 5.71
      vertex -41.7826 -17.8351 5.71
      vertex -41.3945 -14.2806 5.71
    endloop
  endfacet
  facet normal 0 0 1
    outer loop
      vertex -42.0413 -18.6825 5.71
      vertex -41.7826 -17.8351 5.71
      vertex -41.6348 -14.9591 5.71
    endloop
  endfacet
  facet normal -0 0 1
    outer loop
      vertex -42.0413 -18.6825 5.71
      vertex -42.2564 -21.3792 5.71
      vertex -41.7826 -17.8351 5.71
    endloop
  endfacet
  facet normal 0 0 1
    outer loop
      vertex -42.5377 -22.395 5.71
      vertex -42.2564 -21.3792 5.71
      vertex -42.0413 -18.6825 5.71
    endloop
  endfacet
  facet normal -0 0 1
    outer loop
      vertex -42.5377 -22.395 5.71
      vertex -42.8158 -24.9108 5.71
      vertex -42.2564 -21.3792 5.71
    endloop
  endfacet
  facet normal 0 0 1
    outer loop
      vertex -43.1236 -26.0944 5.71
      vertex -42.8158 -24.9108 5.71
      vertex -42.5377 -22.395 5.71
    endloop
  endfacet
  facet normal -0 0 1
    outer loop
      vertex -43.1236 -26.0944 5.71
      vertex -43.4603 -28.4278 5.71
      vertex -42.8158 -24.9108 5.71
    endloop
  endfacet
  facet normal 0 0 1
    outer loop
      vertex -43.7988 -29.7786 5.71
      vertex -43.4603 -28.4278 5.71
      vertex -43.1236 -26.0944 5.71
    endloop
  endfacet
  facet normal -0 0 1
    outer loop
      vertex -43.7988 -29.7786 5.71
      vertex -44.1896 -31.9283 5.71
      vertex -43.4603 -28.4278 5.71
    endloop
  endfacet
  facet normal 0 0 1
    outer loop
      vertex -44.5627 -33.4454 5.71
      vertex -44.1896 -31.9283 5.71
      vertex -43.7988 -29.7786 5.71
    endloop
  endfacet
  facet normal -0 0 1
    outer loop
      vertex -44.5627 -33.4454 5.71
      vertex -45.0033 -35.4101 5.71
      vertex -44.1896 -31.9283 5.71
    endloop
  endfacet
  facet normal 0 0 1
    outer loop
      vertex -45.15 -35.9582 5.71
      vertex -45.0033 -35.4101 5.71
      vertex -44.5627 -33.4454 5.71
    endloop
  endfacet
  facet normal 0 0 1
    outer loop
      vertex -45.0033 -35.4101 5.71
      vertex -45.15 -35.9582 5.71
      vertex -45.15 -35.9757 5.71
    endloop
  endfacet
  facet normal 0.0362302 -0.999343 0
    outer loop
      vertex 2.65503 66.0546 5.41
      vertex 5.30853 66.1508 5.71
      vertex 2.65503 66.0546 5.71
    endloop
  endfacet
  facet normal 0.0362302 -0.999343 0
    outer loop
      vertex 5.30853 66.1508 5.71
      vertex 2.65503 66.0546 5.41
      vertex 5.30853 66.1508 5.41
    endloop
  endfacet
  facet normal 0.0603713 -0.998176 0
    outer loop
      vertex 5.30853 66.1508 5.41
      vertex 7.95892 66.3111 5.71
      vertex 5.30853 66.1508 5.71
    endloop
  endfacet
  facet normal 0.0603713 -0.998176 0
    outer loop
      vertex 7.95892 66.3111 5.71
      vertex 5.30853 66.1508 5.41
      vertex 7.95892 66.3111 5.41
    endloop
  endfacet
  facet normal 0.0844735 -0.996426 0
    outer loop
      vertex 7.95892 66.3111 5.41
      vertex 10.6047 66.5354 5.71
      vertex 7.95892 66.3111 5.71
    endloop
  endfacet
  facet normal 0.0844735 -0.996426 0
    outer loop
      vertex 10.6047 66.5354 5.71
      vertex 7.95892 66.3111 5.41
      vertex 10.6047 66.5354 5.41
    endloop
  endfacet
  facet normal 0.108542 -0.994092 0
    outer loop
      vertex 10.6047 66.5354 5.41
      vertex 13.2442 66.8236 5.71
      vertex 10.6047 66.5354 5.71
    endloop
  endfacet
  facet normal 0.108542 -0.994092 0
    outer loop
      vertex 13.2442 66.8236 5.71
      vertex 10.6047 66.5354 5.41
      vertex 13.2442 66.8236 5.41
    endloop
  endfacet
  facet normal 0.132531 -0.991179 0
    outer loop
      vertex 13.2442 66.8236 5.41
      vertex 15.876 67.1755 5.71
      vertex 13.2442 66.8236 5.71
    endloop
  endfacet
  facet normal 0.132531 -0.991179 0
    outer loop
      vertex 15.876 67.1755 5.71
      vertex 13.2442 66.8236 5.41
      vertex 15.876 67.1755 5.41
    endloop
  endfacet
  facet normal 0.156442 -0.987687 0
    outer loop
      vertex 15.876 67.1755 5.41
      vertex 18.4986 67.5909 5.71
      vertex 15.876 67.1755 5.71
    endloop
  endfacet
  facet normal 0.156442 -0.987687 0
    outer loop
      vertex 18.4986 67.5909 5.71
      vertex 15.876 67.1755 5.41
      vertex 18.4986 67.5909 5.41
    endloop
  endfacet
  facet normal 0.180251 -0.983621 0
    outer loop
      vertex 18.4986 67.5909 5.41
      vertex 21.1103 68.0695 5.71
      vertex 18.4986 67.5909 5.71
    endloop
  endfacet
  facet normal 0.180251 -0.983621 0
    outer loop
      vertex 21.1103 68.0695 5.71
      vertex 18.4986 67.5909 5.41
      vertex 21.1103 68.0695 5.41
    endloop
  endfacet
  facet normal 0.203975 -0.978976 0
    outer loop
      vertex 21.1103 68.0695 5.41
      vertex 23.7097 68.6111 5.71
      vertex 21.1103 68.0695 5.71
    endloop
  endfacet
  facet normal 0.203975 -0.978976 0
    outer loop
      vertex 23.7097 68.6111 5.71
      vertex 21.1103 68.0695 5.41
      vertex 23.7097 68.6111 5.41
    endloop
  endfacet
  facet normal 0.227549 -0.973767 0
    outer loop
      vertex 23.7097 68.6111 5.41
      vertex 26.2953 69.2153 5.71
      vertex 23.7097 68.6111 5.71
    endloop
  endfacet
  facet normal 0.227549 -0.973767 0
    outer loop
      vertex 26.2953 69.2153 5.71
      vertex 23.7097 68.6111 5.41
      vertex 26.2953 69.2153 5.41
    endloop
  endfacet
  facet normal 0.251041 -0.967976 0
    outer loop
      vertex 26.2953 69.2153 5.71
      vertex 27.3117 69.4789 5.7
      vertex 27.3117 69.4789 5.71
    endloop
  endfacet
  facet normal 0.251041 -0.967976 0
    outer loop
      vertex 26.2953 69.2153 5.41
      vertex 27.3117 69.4789 5.7
      vertex 26.2953 69.2153 5.71
    endloop
  endfacet
  facet normal 0.251046 -0.967975 -1.81619e-05
    outer loop
      vertex 27.9714 69.65 5.41
      vertex 27.3117 69.4789 5.7
      vertex 26.2953 69.2153 5.41
    endloop
  endfacet
  facet normal 0.251054 -0.967973 0
    outer loop
      vertex 27.3117 69.4789 5.7
      vertex 27.9714 69.65 5.41
      vertex 27.9714 69.65 5.7
    endloop
  endfacet
  facet normal -0.204067 0.978957 0
    outer loop
      vertex 21.3426 69.65 5.4
      vertex 20.8221 69.5415 5.7
      vertex 21.3426 69.65 5.7
    endloop
  endfacet
  facet normal -0.204067 0.978957 0
    outer loop
      vertex 20.8221 69.5415 5.7
      vertex 21.3426 69.65 5.4
      vertex 20.8221 69.5415 5.4
    endloop
  endfacet
  facet normal -0.180223 0.983626 0
    outer loop
      vertex 20.8221 69.5415 5.4
      vertex 18.246 69.0695 5.7
      vertex 20.8221 69.5415 5.7
    endloop
  endfacet
  facet normal -0.180223 0.983626 0
    outer loop
      vertex 18.246 69.0695 5.7
      vertex 20.8221 69.5415 5.4
      vertex 18.246 69.0695 5.4
    endloop
  endfacet
  facet normal -0.156437 0.987688 0
    outer loop
      vertex 18.246 69.0695 5.4
      vertex 15.6593 68.6598 5.7
      vertex 18.246 69.0695 5.7
    endloop
  endfacet
  facet normal -0.156437 0.987688 0
    outer loop
      vertex 15.6593 68.6598 5.7
      vertex 18.246 69.0695 5.4
      vertex 15.6593 68.6598 5.4
    endloop
  endfacet
  facet normal -0.132531 0.991179 0
    outer loop
      vertex 15.6593 68.6598 5.4
      vertex 13.0634 68.3127 5.7
      vertex 15.6593 68.6598 5.7
    endloop
  endfacet
  facet normal -0.132531 0.991179 0
    outer loop
      vertex 13.0634 68.3127 5.7
      vertex 15.6593 68.6598 5.4
      vertex 13.0634 68.3127 5.4
    endloop
  endfacet
  facet normal -0.108554 0.994091 0
    outer loop
      vertex 13.0634 68.3127 5.4
      vertex 10.4599 68.0284 5.7
      vertex 13.0634 68.3127 5.7
    endloop
  endfacet
  facet normal -0.108554 0.994091 0
    outer loop
      vertex 10.4599 68.0284 5.7
      vertex 13.0634 68.3127 5.4
      vertex 10.4599 68.0284 5.4
    endloop
  endfacet
  facet normal -0.0844601 0.996427 0
    outer loop
      vertex 10.4599 68.0284 5.4
      vertex 7.85027 67.8072 5.7
      vertex 10.4599 68.0284 5.7
    endloop
  endfacet
  facet normal -0.0844601 0.996427 0
    outer loop
      vertex 7.85027 67.8072 5.7
      vertex 10.4599 68.0284 5.4
      vertex 7.85027 67.8072 5.4
    endloop
  endfacet
  facet normal -0.0604047 0.998174 0
    outer loop
      vertex 7.85027 67.8072 5.4
      vertex 5.23605 67.649 5.7
      vertex 7.85027 67.8072 5.7
    endloop
  endfacet
  facet normal -0.0604047 0.998174 0
    outer loop
      vertex 5.23605 67.649 5.7
      vertex 7.85027 67.8072 5.4
      vertex 5.23605 67.649 5.4
    endloop
  endfacet
  facet normal -0.0362355 0.999343 0
    outer loop
      vertex 5.23605 67.649 5.4
      vertex 2.61879 67.5541 5.7
      vertex 5.23605 67.649 5.7
    endloop
  endfacet
  facet normal -0.0362355 0.999343 0
    outer loop
      vertex 2.61879 67.5541 5.7
      vertex 5.23605 67.649 5.4
      vertex 2.61879 67.5541 5.4
    endloop
  endfacet
  facet normal -0.0120658 0.999927 0
    outer loop
      vertex 2.61879 67.5541 5.4
      vertex 0 67.5225 5.7
      vertex 2.61879 67.5541 5.7
    endloop
  endfacet
  facet normal -0.0120658 0.999927 0
    outer loop
      vertex 0 67.5225 5.7
      vertex 2.61879 67.5541 5.4
      vertex 0 67.5225 5.4
    endloop
  endfacet
  facet normal 0.0120658 0.999927 -0
    outer loop
      vertex 0 67.5225 5.4
      vertex -2.61879 67.5541 5.7
      vertex 0 67.5225 5.7
    endloop
  endfacet
  facet normal 0.0120658 0.999927 0
    outer loop
      vertex -2.61879 67.5541 5.7
      vertex 0 67.5225 5.4
      vertex -2.61879 67.5541 5.4
    endloop
  endfacet
  facet normal 0.0362355 0.999343 -0
    outer loop
      vertex -2.61879 67.5541 5.4
      vertex -5.23605 67.649 5.7
      vertex -2.61879 67.5541 5.7
    endloop
  endfacet
  facet normal 0.0362355 0.999343 0
    outer loop
      vertex -5.23605 67.649 5.7
      vertex -2.61879 67.5541 5.4
      vertex -5.23605 67.649 5.4
    endloop
  endfacet
  facet normal 0.0604047 0.998174 -0
    outer loop
      vertex -5.23605 67.649 5.4
      vertex -7.85027 67.8072 5.7
      vertex -5.23605 67.649 5.7
    endloop
  endfacet
  facet normal 0.0604047 0.998174 0
    outer loop
      vertex -7.85027 67.8072 5.7
      vertex -5.23605 67.649 5.4
      vertex -7.85027 67.8072 5.4
    endloop
  endfacet
  facet normal 0.0844601 0.996427 -0
    outer loop
      vertex -7.85027 67.8072 5.4
      vertex -10.4599 68.0284 5.7
      vertex -7.85027 67.8072 5.7
    endloop
  endfacet
  facet normal 0.0844601 0.996427 0
    outer loop
      vertex -10.4599 68.0284 5.7
      vertex -7.85027 67.8072 5.4
      vertex -10.4599 68.0284 5.4
    endloop
  endfacet
  facet normal 0.108554 0.994091 -0
    outer loop
      vertex -10.4599 68.0284 5.4
      vertex -13.0634 68.3127 5.7
      vertex -10.4599 68.0284 5.7
    endloop
  endfacet
  facet normal 0.108554 0.994091 0
    outer loop
      vertex -13.0634 68.3127 5.7
      vertex -10.4599 68.0284 5.4
      vertex -13.0634 68.3127 5.4
    endloop
  endfacet
  facet normal 0.132531 0.991179 -0
    outer loop
      vertex -13.0634 68.3127 5.4
      vertex -15.6593 68.6598 5.7
      vertex -13.0634 68.3127 5.7
    endloop
  endfacet
  facet normal 0.132531 0.991179 0
    outer loop
      vertex -15.6593 68.6598 5.7
      vertex -13.0634 68.3127 5.4
      vertex -15.6593 68.6598 5.4
    endloop
  endfacet
  facet normal 0.156437 0.987688 -0
    outer loop
      vertex -15.6593 68.6598 5.4
      vertex -18.246 69.0695 5.7
      vertex -15.6593 68.6598 5.7
    endloop
  endfacet
  facet normal 0.156437 0.987688 0
    outer loop
      vertex -18.246 69.0695 5.7
      vertex -15.6593 68.6598 5.4
      vertex -18.246 69.0695 5.4
    endloop
  endfacet
  facet normal 0.180223 0.983626 -0
    outer loop
      vertex -18.246 69.0695 5.4
      vertex -20.8221 69.5415 5.7
      vertex -18.246 69.0695 5.7
    endloop
  endfacet
  facet normal 0.180223 0.983626 0
    outer loop
      vertex -20.8221 69.5415 5.7
      vertex -18.246 69.0695 5.4
      vertex -20.8221 69.5415 5.4
    endloop
  endfacet
  facet normal 0.204067 0.978957 -0
    outer loop
      vertex -20.8221 69.5415 5.4
      vertex -21.3426 69.65 5.7
      vertex -20.8221 69.5415 5.7
    endloop
  endfacet
  facet normal 0.204067 0.978957 0
    outer loop
      vertex -21.3426 69.65 5.7
      vertex -20.8221 69.5415 5.4
      vertex -21.3426 69.65 5.4
    endloop
  endfacet
  facet normal -0.251054 -0.967973 -0
    outer loop
      vertex -27.9714 69.65 5.7
      vertex -27.9714 69.65 5.41
      vertex -27.3117 69.4789 5.7
    endloop
  endfacet
  facet normal -0.251041 -0.967976 0
    outer loop
      vertex -27.3117 69.4789 5.7
      vertex -26.2953 69.2153 5.71
      vertex -27.3117 69.4789 5.71
    endloop
  endfacet
  facet normal -0.251046 -0.967975 -1.81619e-05
    outer loop
      vertex -26.2953 69.2153 5.41
      vertex -27.3117 69.4789 5.7
      vertex -27.9714 69.65 5.41
    endloop
  endfacet
  facet normal -0.251041 -0.967976 0
    outer loop
      vertex -27.3117 69.4789 5.7
      vertex -26.2953 69.2153 5.41
      vertex -26.2953 69.2153 5.71
    endloop
  endfacet
  facet normal -0.227549 -0.973767 0
    outer loop
      vertex -26.2953 69.2153 5.41
      vertex -23.7097 68.6111 5.71
      vertex -26.2953 69.2153 5.71
    endloop
  endfacet
  facet normal -0.227549 -0.973767 -0
    outer loop
      vertex -23.7097 68.6111 5.71
      vertex -26.2953 69.2153 5.41
      vertex -23.7097 68.6111 5.41
    endloop
  endfacet
  facet normal -0.203975 -0.978976 0
    outer loop
      vertex -23.7097 68.6111 5.41
      vertex -21.1103 68.0695 5.71
      vertex -23.7097 68.6111 5.71
    endloop
  endfacet
  facet normal -0.203975 -0.978976 -0
    outer loop
      vertex -21.1103 68.0695 5.71
      vertex -23.7097 68.6111 5.41
      vertex -21.1103 68.0695 5.41
    endloop
  endfacet
  facet normal -0.180251 -0.983621 0
    outer loop
      vertex -21.1103 68.0695 5.41
      vertex -18.4986 67.5909 5.71
      vertex -21.1103 68.0695 5.71
    endloop
  endfacet
  facet normal -0.180251 -0.983621 -0
    outer loop
      vertex -18.4986 67.5909 5.71
      vertex -21.1103 68.0695 5.41
      vertex -18.4986 67.5909 5.41
    endloop
  endfacet
  facet normal -0.156442 -0.987687 0
    outer loop
      vertex -18.4986 67.5909 5.41
      vertex -15.876 67.1755 5.71
      vertex -18.4986 67.5909 5.71
    endloop
  endfacet
  facet normal -0.156442 -0.987687 -0
    outer loop
      vertex -15.876 67.1755 5.71
      vertex -18.4986 67.5909 5.41
      vertex -15.876 67.1755 5.41
    endloop
  endfacet
  facet normal -0.132531 -0.991179 0
    outer loop
      vertex -15.876 67.1755 5.41
      vertex -13.2442 66.8236 5.71
      vertex -15.876 67.1755 5.71
    endloop
  endfacet
  facet normal -0.132531 -0.991179 -0
    outer loop
      vertex -13.2442 66.8236 5.71
      vertex -15.876 67.1755 5.41
      vertex -13.2442 66.8236 5.41
    endloop
  endfacet
  facet normal -0.108542 -0.994092 0
    outer loop
      vertex -13.2442 66.8236 5.41
      vertex -10.6047 66.5354 5.71
      vertex -13.2442 66.8236 5.71
    endloop
  endfacet
  facet normal -0.108542 -0.994092 -0
    outer loop
      vertex -10.6047 66.5354 5.71
      vertex -13.2442 66.8236 5.41
      vertex -10.6047 66.5354 5.41
    endloop
  endfacet
  facet normal -0.0844735 -0.996426 0
    outer loop
      vertex -10.6047 66.5354 5.41
      vertex -7.95892 66.3111 5.71
      vertex -10.6047 66.5354 5.71
    endloop
  endfacet
  facet normal -0.0844735 -0.996426 -0
    outer loop
      vertex -7.95892 66.3111 5.71
      vertex -10.6047 66.5354 5.41
      vertex -7.95892 66.3111 5.41
    endloop
  endfacet
  facet normal -0.0603713 -0.998176 0
    outer loop
      vertex -7.95892 66.3111 5.41
      vertex -5.30853 66.1508 5.71
      vertex -7.95892 66.3111 5.71
    endloop
  endfacet
  facet normal -0.0603713 -0.998176 -0
    outer loop
      vertex -5.30853 66.1508 5.71
      vertex -7.95892 66.3111 5.41
      vertex -5.30853 66.1508 5.41
    endloop
  endfacet
  facet normal -0.0362302 -0.999343 0
    outer loop
      vertex -5.30853 66.1508 5.41
      vertex -2.65503 66.0546 5.71
      vertex -5.30853 66.1508 5.71
    endloop
  endfacet
  facet normal -0.0362302 -0.999343 -0
    outer loop
      vertex -2.65503 66.0546 5.71
      vertex -5.30853 66.1508 5.41
      vertex -2.65503 66.0546 5.41
    endloop
  endfacet
  facet normal -0.0120894 -0.999927 0
    outer loop
      vertex -2.65503 66.0546 5.41
      vertex 0 66.0225 5.71
      vertex -2.65503 66.0546 5.71
    endloop
  endfacet
  facet normal -0.0120894 -0.999927 -0
    outer loop
      vertex 0 66.0225 5.71
      vertex -2.65503 66.0546 5.41
      vertex 0 66.0225 5.41
    endloop
  endfacet
  facet normal 0.0120894 -0.999927 0
    outer loop
      vertex 0 66.0225 5.41
      vertex 2.65503 66.0546 5.71
      vertex 0 66.0225 5.71
    endloop
  endfacet
  facet normal 0.0120894 -0.999927 0
    outer loop
      vertex 2.65503 66.0546 5.71
      vertex 0 66.0225 5.41
      vertex 2.65503 66.0546 5.41
    endloop
  endfacet
  facet normal 0.978966 0.204022 0
    outer loop
      vertex 45.15 -29.1842 5.7
      vertex 44.9323 -28.1396 5.4
      vertex 44.9323 -28.1396 5.7
    endloop
  endfacet
  facet normal 0.978966 0.204022 0
    outer loop
      vertex 44.9323 -28.1396 5.4
      vertex 45.15 -29.1842 5.7
      vertex 45.15 -29.1842 5.4
    endloop
  endfacet
  facet normal 0.983624 0.18023 0
    outer loop
      vertex 44.9323 -28.1396 5.7
      vertex 44.2944 -24.6582 5.4
      vertex 44.2944 -24.6582 5.7
    endloop
  endfacet
  facet normal 0.983624 0.18023 0
    outer loop
      vertex 44.2944 -24.6582 5.4
      vertex 44.9323 -28.1396 5.7
      vertex 44.9323 -28.1396 5.4
    endloop
  endfacet
  facet normal 0.987687 0.15644 0
    outer loop
      vertex 44.2944 -24.6582 5.7
      vertex 43.7407 -21.1624 5.4
      vertex 43.7407 -21.1624 5.7
    endloop
  endfacet
  facet normal 0.987687 0.15644 0
    outer loop
      vertex 43.7407 -21.1624 5.4
      vertex 44.2944 -24.6582 5.7
      vertex 44.2944 -24.6582 5.4
    endloop
  endfacet
  facet normal 0.991178 0.132539 0
    outer loop
      vertex 43.7407 -21.1624 5.7
      vertex 43.2716 -17.6543 5.4
      vertex 43.2716 -17.6543 5.7
    endloop
  endfacet
  facet normal 0.991178 0.132539 0
    outer loop
      vertex 43.2716 -17.6543 5.4
      vertex 43.7407 -21.1624 5.7
      vertex 43.7407 -21.1624 5.4
    endloop
  endfacet
  facet normal 0.994094 0.108521 0
    outer loop
      vertex 43.2716 -17.6543 5.7
      vertex 42.8875 -14.1358 5.4
      vertex 42.8875 -14.1358 5.7
    endloop
  endfacet
  facet normal 0.994094 0.108521 0
    outer loop
      vertex 42.8875 -14.1358 5.4
      vertex 43.2716 -17.6543 5.7
      vertex 43.2716 -17.6543 5.4
    endloop
  endfacet
  facet normal 0.996425 0.0844787 0
    outer loop
      vertex 42.8875 -14.1358 5.7
      vertex 42.5885 -10.6091 5.4
      vertex 42.5885 -10.6091 5.7
    endloop
  endfacet
  facet normal 0.996425 0.0844787 0
    outer loop
      vertex 42.5885 -10.6091 5.4
      vertex 42.8875 -14.1358 5.7
      vertex 42.8875 -14.1358 5.4
    endloop
  endfacet
  facet normal 0.998176 0.0603775 0
    outer loop
      vertex 42.5885 -10.6091 5.7
      vertex 42.3748 -7.07616 5.4
      vertex 42.3748 -7.07616 5.7
    endloop
  endfacet
  facet normal 0.998176 0.0603775 0
    outer loop
      vertex 42.3748 -7.07616 5.4
      vertex 42.5885 -10.6091 5.7
      vertex 42.5885 -10.6091 5.4
    endloop
  endfacet
  facet normal 0.999343 0.0362493 0
    outer loop
      vertex 42.3748 -7.07616 5.7
      vertex 42.2465 -3.53911 5.4
      vertex 42.2465 -3.53911 5.7
    endloop
  endfacet
  facet normal 0.999343 0.0362493 0
    outer loop
      vertex 42.2465 -3.53911 5.4
      vertex 42.3748 -7.07616 5.7
      vertex 42.3748 -7.07616 5.4
    endloop
  endfacet
  facet normal 0.999927 0.0120926 0
    outer loop
      vertex 42.2465 -3.53911 5.7
      vertex 42.2037 0 5.4
      vertex 42.2037 0 5.7
    endloop
  endfacet
  facet normal 0.999927 0.0120926 0
    outer loop
      vertex 42.2037 0 5.4
      vertex 42.2465 -3.53911 5.7
      vertex 42.2465 -3.53911 5.4
    endloop
  endfacet
  facet normal 0.999927 -0.0120926 0
    outer loop
      vertex 42.2037 0 5.7
      vertex 42.2465 3.53911 5.4
      vertex 42.2465 3.53911 5.7
    endloop
  endfacet
  facet normal 0.999927 -0.0120926 0
    outer loop
      vertex 42.2465 3.53911 5.4
      vertex 42.2037 0 5.7
      vertex 42.2037 0 5.4
    endloop
  endfacet
  facet normal 0.999343 -0.0362493 0
    outer loop
      vertex 42.2465 3.53911 5.7
      vertex 42.3748 7.07616 5.4
      vertex 42.3748 7.07616 5.7
    endloop
  endfacet
  facet normal 0.999343 -0.0362493 0
    outer loop
      vertex 42.3748 7.07616 5.4
      vertex 42.2465 3.53911 5.7
      vertex 42.2465 3.53911 5.4
    endloop
  endfacet
  facet normal 0.998176 -0.0603775 0
    outer loop
      vertex 42.3748 7.07616 5.7
      vertex 42.5885 10.6091 5.4
      vertex 42.5885 10.6091 5.7
    endloop
  endfacet
  facet normal 0.998176 -0.0603775 0
    outer loop
      vertex 42.5885 10.6091 5.4
      vertex 42.3748 7.07616 5.7
      vertex 42.3748 7.07616 5.4
    endloop
  endfacet
  facet normal 0.996425 -0.0844787 0
    outer loop
      vertex 42.5885 10.6091 5.7
      vertex 42.8875 14.1358 5.4
      vertex 42.8875 14.1358 5.7
    endloop
  endfacet
  facet normal 0.996425 -0.0844787 0
    outer loop
      vertex 42.8875 14.1358 5.4
      vertex 42.5885 10.6091 5.7
      vertex 42.5885 10.6091 5.4
    endloop
  endfacet
  facet normal 0.994094 -0.108521 0
    outer loop
      vertex 42.8875 14.1358 5.7
      vertex 43.2716 17.6543 5.4
      vertex 43.2716 17.6543 5.7
    endloop
  endfacet
  facet normal 0.994094 -0.108521 0
    outer loop
      vertex 43.2716 17.6543 5.4
      vertex 42.8875 14.1358 5.7
      vertex 42.8875 14.1358 5.4
    endloop
  endfacet
  facet normal 0.991178 -0.132539 0
    outer loop
      vertex 43.2716 17.6543 5.7
      vertex 43.7407 21.1624 5.4
      vertex 43.7407 21.1624 5.7
    endloop
  endfacet
  facet normal 0.991178 -0.132539 0
    outer loop
      vertex 43.7407 21.1624 5.4
      vertex 43.2716 17.6543 5.7
      vertex 43.2716 17.6543 5.4
    endloop
  endfacet
  facet normal 0.987687 -0.15644 0
    outer loop
      vertex 43.7407 21.1624 5.7
      vertex 44.2944 24.6582 5.4
      vertex 44.2944 24.6582 5.7
    endloop
  endfacet
  facet normal 0.987687 -0.15644 0
    outer loop
      vertex 44.2944 24.6582 5.4
      vertex 43.7407 21.1624 5.7
      vertex 43.7407 21.1624 5.4
    endloop
  endfacet
  facet normal 0.983624 -0.18023 0
    outer loop
      vertex 44.2944 24.6582 5.7
      vertex 44.9323 28.1396 5.4
      vertex 44.9323 28.1396 5.7
    endloop
  endfacet
  facet normal 0.983624 -0.18023 0
    outer loop
      vertex 44.9323 28.1396 5.4
      vertex 44.2944 24.6582 5.7
      vertex 44.2944 24.6582 5.4
    endloop
  endfacet
  facet normal 0.978966 -0.204022 0
    outer loop
      vertex 44.9323 28.1396 5.7
      vertex 45.15 29.1842 5.4
      vertex 45.15 29.1842 5.7
    endloop
  endfacet
  facet normal 0.978966 -0.204022 0
    outer loop
      vertex 45.15 29.1842 5.4
      vertex 44.9323 28.1396 5.7
      vertex 44.9323 28.1396 5.4
    endloop
  endfacet
  facet normal -0.967971 0.251063 0
    outer loop
      vertex 45.0033 35.4101 5.4
      vertex 45.15 35.9757 5.71
      vertex 45.15 35.9757 5.4
    endloop
  endfacet
  facet normal -0.967971 0.251063 0
    outer loop
      vertex 45.15 35.9757 5.71
      vertex 45.0033 35.4101 5.4
      vertex 45.0033 35.4101 5.71
    endloop
  endfacet
  facet normal -0.973727 0.227717 0
    outer loop
      vertex 44.9649 35.2459 5.41
      vertex 45.0033 35.4101 5.4
      vertex 44.9649 35.2459 5.4
    endloop
  endfacet
  facet normal -0.973727 0.227717 0
    outer loop
      vertex 45.0033 35.4101 5.4
      vertex 44.9649 35.2459 5.41
      vertex 45.0033 35.4101 5.71
    endloop
  endfacet
  facet normal -0.973764 0.227562 0
    outer loop
      vertex 44.1896 31.9283 5.71
      vertex 44.9649 35.2459 5.41
      vertex 44.1896 31.9283 5.41
    endloop
  endfacet
  facet normal -0.973762 0.227569 8.53745e-05
    outer loop
      vertex 44.9649 35.2459 5.41
      vertex 44.1896 31.9283 5.71
      vertex 45.0033 35.4101 5.71
    endloop
  endfacet
  facet normal -0.978979 0.203962 0
    outer loop
      vertex 43.4603 28.4278 5.41
      vertex 44.1896 31.9283 5.71
      vertex 44.1896 31.9283 5.41
    endloop
  endfacet
  facet normal -0.978979 0.203962 0
    outer loop
      vertex 44.1896 31.9283 5.71
      vertex 43.4603 28.4278 5.41
      vertex 43.4603 28.4278 5.71
    endloop
  endfacet
  facet normal -0.983621 0.180251 0
    outer loop
      vertex 42.8158 24.9108 5.41
      vertex 43.4603 28.4278 5.71
      vertex 43.4603 28.4278 5.41
    endloop
  endfacet
  facet normal -0.983621 0.180251 0
    outer loop
      vertex 43.4603 28.4278 5.71
      vertex 42.8158 24.9108 5.41
      vertex 42.8158 24.9108 5.71
    endloop
  endfacet
  facet normal -0.987686 0.156448 0
    outer loop
      vertex 42.2564 21.3792 5.41
      vertex 42.8158 24.9108 5.71
      vertex 42.8158 24.9108 5.41
    endloop
  endfacet
  facet normal -0.987686 0.156448 0
    outer loop
      vertex 42.8158 24.9108 5.71
      vertex 42.2564 21.3792 5.41
      vertex 42.2564 21.3792 5.71
    endloop
  endfacet
  facet normal -0.991182 0.132508 0
    outer loop
      vertex 41.7826 17.8351 5.41
      vertex 42.2564 21.3792 5.71
      vertex 42.2564 21.3792 5.41
    endloop
  endfacet
  facet normal -0.991182 0.132508 0
    outer loop
      vertex 42.2564 21.3792 5.71
      vertex 41.7826 17.8351 5.41
      vertex 41.7826 17.8351 5.71
    endloop
  endfacet
  facet normal -0.994092 0.10854 0
    outer loop
      vertex 41.3945 14.2806 5.41
      vertex 41.7826 17.8351 5.71
      vertex 41.7826 17.8351 5.41
    endloop
  endfacet
  facet normal -0.994092 0.10854 0
    outer loop
      vertex 41.7826 17.8351 5.71
      vertex 41.3945 14.2806 5.41
      vertex 41.3945 14.2806 5.71
    endloop
  endfacet
  facet normal -0.996425 0.0844873 0
    outer loop
      vertex 41.0924 10.7177 5.41
      vertex 41.3945 14.2806 5.71
      vertex 41.3945 14.2806 5.41
    endloop
  endfacet
  facet normal -0.996425 0.0844873 0
    outer loop
      vertex 41.3945 14.2806 5.71
      vertex 41.0924 10.7177 5.41
      vertex 41.0924 10.7177 5.71
    endloop
  endfacet
  facet normal -0.998175 0.0603817 0
    outer loop
      vertex 40.8765 7.14864 5.41
      vertex 41.0924 10.7177 5.71
      vertex 41.0924 10.7177 5.41
    endloop
  endfacet
  facet normal -0.998175 0.0603817 0
    outer loop
      vertex 41.0924 10.7177 5.71
      vertex 40.8765 7.14864 5.41
      vertex 40.8765 7.14864 5.71
    endloop
  endfacet
  facet normal -0.999343 0.0362453 0
    outer loop
      vertex 40.7469 3.57535 5.41
      vertex 40.8765 7.14864 5.71
      vertex 40.8765 7.14864 5.41
    endloop
  endfacet
  facet normal -0.999343 0.0362453 0
    outer loop
      vertex 40.8765 7.14864 5.71
      vertex 40.7469 3.57535 5.41
      vertex 40.7469 3.57535 5.71
    endloop
  endfacet
  facet normal -0.999927 0.0120819 0
    outer loop
      vertex 40.7037 0 5.41
      vertex 40.7469 3.57535 5.71
      vertex 40.7469 3.57535 5.41
    endloop
  endfacet
  facet normal -0.999927 0.0120819 0
    outer loop
      vertex 40.7469 3.57535 5.71
      vertex 40.7037 0 5.41
      vertex 40.7037 0 5.71
    endloop
  endfacet
  facet normal -0.999927 -0.0120819 0
    outer loop
      vertex 40.7469 -3.57535 5.41
      vertex 40.7037 0 5.71
      vertex 40.7037 0 5.41
    endloop
  endfacet
  facet normal -0.999927 -0.0120819 0
    outer loop
      vertex 40.7037 0 5.71
      vertex 40.7469 -3.57535 5.41
      vertex 40.7469 -3.57535 5.71
    endloop
  endfacet
  facet normal -0.999343 -0.0362453 0
    outer loop
      vertex 40.8765 -7.14864 5.41
      vertex 40.7469 -3.57535 5.71
      vertex 40.7469 -3.57535 5.41
    endloop
  endfacet
  facet normal -0.999343 -0.0362453 0
    outer loop
      vertex 40.7469 -3.57535 5.71
      vertex 40.8765 -7.14864 5.41
      vertex 40.8765 -7.14864 5.71
    endloop
  endfacet
  facet normal -0.998175 -0.0603817 0
    outer loop
      vertex 41.0924 -10.7177 5.41
      vertex 40.8765 -7.14864 5.71
      vertex 40.8765 -7.14864 5.41
    endloop
  endfacet
  facet normal -0.998175 -0.0603817 0
    outer loop
      vertex 40.8765 -7.14864 5.71
      vertex 41.0924 -10.7177 5.41
      vertex 41.0924 -10.7177 5.71
    endloop
  endfacet
  facet normal -0.996425 -0.0844873 0
    outer loop
      vertex 41.3945 -14.2806 5.41
      vertex 41.0924 -10.7177 5.71
      vertex 41.0924 -10.7177 5.41
    endloop
  endfacet
  facet normal -0.996425 -0.0844873 0
    outer loop
      vertex 41.0924 -10.7177 5.71
      vertex 41.3945 -14.2806 5.41
      vertex 41.3945 -14.2806 5.71
    endloop
  endfacet
  facet normal -0.994092 -0.10854 0
    outer loop
      vertex 41.7826 -17.8351 5.41
      vertex 41.3945 -14.2806 5.71
      vertex 41.3945 -14.2806 5.41
    endloop
  endfacet
  facet normal -0.994092 -0.10854 0
    outer loop
      vertex 41.3945 -14.2806 5.71
      vertex 41.7826 -17.8351 5.41
      vertex 41.7826 -17.8351 5.71
    endloop
  endfacet
  facet normal -0.991182 -0.132508 0
    outer loop
      vertex 42.2564 -21.3792 5.41
      vertex 41.7826 -17.8351 5.71
      vertex 41.7826 -17.8351 5.41
    endloop
  endfacet
  facet normal -0.991182 -0.132508 0
    outer loop
      vertex 41.7826 -17.8351 5.71
      vertex 42.2564 -21.3792 5.41
      vertex 42.2564 -21.3792 5.71
    endloop
  endfacet
  facet normal -0.987686 -0.156448 0
    outer loop
      vertex 42.8158 -24.9108 5.41
      vertex 42.2564 -21.3792 5.71
      vertex 42.2564 -21.3792 5.41
    endloop
  endfacet
  facet normal -0.987686 -0.156448 0
    outer loop
      vertex 42.2564 -21.3792 5.71
      vertex 42.8158 -24.9108 5.41
      vertex 42.8158 -24.9108 5.71
    endloop
  endfacet
  facet normal -0.983621 -0.180251 0
    outer loop
      vertex 43.4603 -28.4278 5.41
      vertex 42.8158 -24.9108 5.71
      vertex 42.8158 -24.9108 5.41
    endloop
  endfacet
  facet normal -0.983621 -0.180251 0
    outer loop
      vertex 42.8158 -24.9108 5.71
      vertex 43.4603 -28.4278 5.41
      vertex 43.4603 -28.4278 5.71
    endloop
  endfacet
  facet normal -0.978979 -0.203962 0
    outer loop
      vertex 44.1896 -31.9283 5.41
      vertex 43.4603 -28.4278 5.71
      vertex 43.4603 -28.4278 5.41
    endloop
  endfacet
  facet normal -0.978979 -0.203962 0
    outer loop
      vertex 43.4603 -28.4278 5.71
      vertex 44.1896 -31.9283 5.41
      vertex 44.1896 -31.9283 5.71
    endloop
  endfacet
  facet normal -0.973764 -0.227562 0
    outer loop
      vertex 44.9649 -35.2459 5.41
      vertex 44.1896 -31.9283 5.71
      vertex 44.1896 -31.9283 5.41
    endloop
  endfacet
  facet normal -0.973727 -0.227717 -0
    outer loop
      vertex 45.0033 -35.4101 5.71
      vertex 44.9649 -35.2459 5.41
      vertex 45.0033 -35.4101 5.4
    endloop
  endfacet
  facet normal -0.973762 -0.227569 8.53745e-05
    outer loop
      vertex 44.9649 -35.2459 5.41
      vertex 45.0033 -35.4101 5.71
      vertex 44.1896 -31.9283 5.71
    endloop
  endfacet
  facet normal -0.973727 -0.227717 0
    outer loop
      vertex 44.9649 -35.2459 5.4
      vertex 45.0033 -35.4101 5.4
      vertex 44.9649 -35.2459 5.41
    endloop
  endfacet
  facet normal -0.967971 -0.251063 0
    outer loop
      vertex 45.15 -35.9757 5.4
      vertex 45.0033 -35.4101 5.71
      vertex 45.0033 -35.4101 5.4
    endloop
  endfacet
  facet normal -0.967971 -0.251063 0
    outer loop
      vertex 45.0033 -35.4101 5.71
      vertex 45.15 -35.9757 5.4
      vertex 45.15 -35.9757 5.71
    endloop
  endfacet
  facet normal 0.973764 -0.227562 0
    outer loop
      vertex -44.1896 -31.9283 5.71
      vertex -44.9649 -35.2459 5.41
      vertex -44.1896 -31.9283 5.41
    endloop
  endfacet
  facet normal 0.973762 -0.227569 8.53745e-05
    outer loop
      vertex -45.0033 -35.4101 5.71
      vertex -44.9649 -35.2459 5.41
      vertex -44.1896 -31.9283 5.71
    endloop
  endfacet
  facet normal 0.973727 -0.227717 0
    outer loop
      vertex -45.0033 -35.4101 5.4
      vertex -44.9649 -35.2459 5.41
      vertex -45.0033 -35.4101 5.71
    endloop
  endfacet
  facet normal 0.973727 -0.227717 0
    outer loop
      vertex -44.9649 -35.2459 5.41
      vertex -45.0033 -35.4101 5.4
      vertex -44.9649 -35.2459 5.4
    endloop
  endfacet
  facet normal 0.978979 -0.203962 0
    outer loop
      vertex -44.1896 -31.9283 5.71
      vertex -43.4603 -28.4278 5.41
      vertex -43.4603 -28.4278 5.71
    endloop
  endfacet
  facet normal 0.978979 -0.203962 0
    outer loop
      vertex -43.4603 -28.4278 5.41
      vertex -44.1896 -31.9283 5.71
      vertex -44.1896 -31.9283 5.41
    endloop
  endfacet
  facet normal 0.983621 -0.180251 0
    outer loop
      vertex -43.4603 -28.4278 5.71
      vertex -42.8158 -24.9108 5.41
      vertex -42.8158 -24.9108 5.71
    endloop
  endfacet
  facet normal 0.983621 -0.180251 0
    outer loop
      vertex -42.8158 -24.9108 5.41
      vertex -43.4603 -28.4278 5.71
      vertex -43.4603 -28.4278 5.41
    endloop
  endfacet
  facet normal 0.987686 -0.156448 0
    outer loop
      vertex -42.8158 -24.9108 5.71
      vertex -42.2564 -21.3792 5.41
      vertex -42.2564 -21.3792 5.71
    endloop
  endfacet
  facet normal 0.987686 -0.156448 0
    outer loop
      vertex -42.2564 -21.3792 5.41
      vertex -42.8158 -24.9108 5.71
      vertex -42.8158 -24.9108 5.41
    endloop
  endfacet
  facet normal 0.991182 -0.132508 0
    outer loop
      vertex -42.2564 -21.3792 5.71
      vertex -41.7826 -17.8351 5.41
      vertex -41.7826 -17.8351 5.71
    endloop
  endfacet
  facet normal 0.991182 -0.132508 0
    outer loop
      vertex -41.7826 -17.8351 5.41
      vertex -42.2564 -21.3792 5.71
      vertex -42.2564 -21.3792 5.41
    endloop
  endfacet
  facet normal 0.994092 -0.10854 0
    outer loop
      vertex -41.7826 -17.8351 5.71
      vertex -41.3945 -14.2806 5.41
      vertex -41.3945 -14.2806 5.71
    endloop
  endfacet
  facet normal 0.994092 -0.10854 0
    outer loop
      vertex -41.3945 -14.2806 5.41
      vertex -41.7826 -17.8351 5.71
      vertex -41.7826 -17.8351 5.41
    endloop
  endfacet
  facet normal 0.996425 -0.0844873 0
    outer loop
      vertex -41.3945 -14.2806 5.71
      vertex -41.0924 -10.7177 5.41
      vertex -41.0924 -10.7177 5.71
    endloop
  endfacet
  facet normal 0.996425 -0.0844873 0
    outer loop
      vertex -41.0924 -10.7177 5.41
      vertex -41.3945 -14.2806 5.71
      vertex -41.3945 -14.2806 5.41
    endloop
  endfacet
  facet normal 0.998175 -0.0603817 0
    outer loop
      vertex -41.0924 -10.7177 5.71
      vertex -40.8765 -7.14864 5.41
      vertex -40.8765 -7.14864 5.71
    endloop
  endfacet
  facet normal 0.998175 -0.0603817 0
    outer loop
      vertex -40.8765 -7.14864 5.41
      vertex -41.0924 -10.7177 5.71
      vertex -41.0924 -10.7177 5.41
    endloop
  endfacet
  facet normal 0.999343 -0.0362453 0
    outer loop
      vertex -40.8765 -7.14864 5.71
      vertex -40.7469 -3.57535 5.41
      vertex -40.7469 -3.57535 5.71
    endloop
  endfacet
  facet normal 0.999343 -0.0362453 0
    outer loop
      vertex -40.7469 -3.57535 5.41
      vertex -40.8765 -7.14864 5.71
      vertex -40.8765 -7.14864 5.41
    endloop
  endfacet
  facet normal 0.999927 -0.0120819 0
    outer loop
      vertex -40.7469 -3.57535 5.71
      vertex -40.7037 0 5.41
      vertex -40.7037 0 5.71
    endloop
  endfacet
  facet normal 0.999927 -0.0120819 0
    outer loop
      vertex -40.7037 0 5.41
      vertex -40.7469 -3.57535 5.71
      vertex -40.7469 -3.57535 5.41
    endloop
  endfacet
  facet normal 0.999927 0.0120819 0
    outer loop
      vertex -40.7037 0 5.71
      vertex -40.7469 3.57535 5.41
      vertex -40.7469 3.57535 5.71
    endloop
  endfacet
  facet normal 0.999927 0.0120819 0
    outer loop
      vertex -40.7469 3.57535 5.41
      vertex -40.7037 0 5.71
      vertex -40.7037 0 5.41
    endloop
  endfacet
  facet normal 0.999343 0.0362453 0
    outer loop
      vertex -40.7469 3.57535 5.71
      vertex -40.8765 7.14864 5.41
      vertex -40.8765 7.14864 5.71
    endloop
  endfacet
  facet normal 0.999343 0.0362453 0
    outer loop
      vertex -40.8765 7.14864 5.41
      vertex -40.7469 3.57535 5.71
      vertex -40.7469 3.57535 5.41
    endloop
  endfacet
  facet normal 0.998175 0.0603817 0
    outer loop
      vertex -40.8765 7.14864 5.71
      vertex -41.0924 10.7177 5.41
      vertex -41.0924 10.7177 5.71
    endloop
  endfacet
  facet normal 0.998175 0.0603817 0
    outer loop
      vertex -41.0924 10.7177 5.41
      vertex -40.8765 7.14864 5.71
      vertex -40.8765 7.14864 5.41
    endloop
  endfacet
  facet normal 0.996425 0.0844873 0
    outer loop
      vertex -41.0924 10.7177 5.71
      vertex -41.3945 14.2806 5.41
      vertex -41.3945 14.2806 5.71
    endloop
  endfacet
  facet normal 0.996425 0.0844873 0
    outer loop
      vertex -41.3945 14.2806 5.41
      vertex -41.0924 10.7177 5.71
      vertex -41.0924 10.7177 5.41
    endloop
  endfacet
  facet normal 0.994092 0.10854 0
    outer loop
      vertex -41.3945 14.2806 5.71
      vertex -41.7826 17.8351 5.41
      vertex -41.7826 17.8351 5.71
    endloop
  endfacet
  facet normal 0.994092 0.10854 0
    outer loop
      vertex -41.7826 17.8351 5.41
      vertex -41.3945 14.2806 5.71
      vertex -41.3945 14.2806 5.41
    endloop
  endfacet
  facet normal 0.991182 0.132508 0
    outer loop
      vertex -41.7826 17.8351 5.71
      vertex -42.2564 21.3792 5.41
      vertex -42.2564 21.3792 5.71
    endloop
  endfacet
  facet normal 0.991182 0.132508 0
    outer loop
      vertex -42.2564 21.3792 5.41
      vertex -41.7826 17.8351 5.71
      vertex -41.7826 17.8351 5.41
    endloop
  endfacet
  facet normal 0.987686 0.156448 0
    outer loop
      vertex -42.2564 21.3792 5.71
      vertex -42.8158 24.9108 5.41
      vertex -42.8158 24.9108 5.71
    endloop
  endfacet
  facet normal 0.987686 0.156448 0
    outer loop
      vertex -42.8158 24.9108 5.41
      vertex -42.2564 21.3792 5.71
      vertex -42.2564 21.3792 5.41
    endloop
  endfacet
  facet normal 0.983621 0.180251 0
    outer loop
      vertex -42.8158 24.9108 5.71
      vertex -43.4603 28.4278 5.41
      vertex -43.4603 28.4278 5.71
    endloop
  endfacet
  facet normal 0.983621 0.180251 0
    outer loop
      vertex -43.4603 28.4278 5.41
      vertex -42.8158 24.9108 5.71
      vertex -42.8158 24.9108 5.41
    endloop
  endfacet
  facet normal 0.978979 0.203962 0
    outer loop
      vertex -43.4603 28.4278 5.71
      vertex -44.1896 31.9283 5.41
      vertex -44.1896 31.9283 5.71
    endloop
  endfacet
  facet normal 0.978979 0.203962 0
    outer loop
      vertex -44.1896 31.9283 5.41
      vertex -43.4603 28.4278 5.71
      vertex -43.4603 28.4278 5.41
    endloop
  endfacet
  facet normal 0.973727 0.227717 0
    outer loop
      vertex -45.0033 35.4101 5.71
      vertex -44.9649 35.2459 5.41
      vertex -45.0033 35.4101 5.4
    endloop
  endfacet
  facet normal 0.973762 0.227569 8.53745e-05
    outer loop
      vertex -44.1896 31.9283 5.71
      vertex -44.9649 35.2459 5.41
      vertex -45.0033 35.4101 5.71
    endloop
  endfacet
  facet normal 0.973764 0.227562 0
    outer loop
      vertex -44.9649 35.2459 5.41
      vertex -44.1896 31.9283 5.71
      vertex -44.1896 31.9283 5.41
    endloop
  endfacet
  facet normal 0.973727 0.227717 0
    outer loop
      vertex -45.0033 35.4101 5.4
      vertex -44.9649 35.2459 5.41
      vertex -44.9649 35.2459 5.4
    endloop
  endfacet
  facet normal 0.967971 0.251063 0
    outer loop
      vertex -45.0033 35.4101 5.71
      vertex -45.15 35.9757 5.4
      vertex -45.15 35.9757 5.71
    endloop
  endfacet
  facet normal 0.967971 0.251063 0
    outer loop
      vertex -45.15 35.9757 5.4
      vertex -45.0033 35.4101 5.71
      vertex -45.0033 35.4101 5.4
    endloop
  endfacet
  facet normal -0.978966 -0.204022 0
    outer loop
      vertex -44.9323 28.1396 5.4
      vertex -45.15 29.1842 5.7
      vertex -45.15 29.1842 5.4
    endloop
  endfacet
  facet normal -0.978966 -0.204022 0
    outer loop
      vertex -45.15 29.1842 5.7
      vertex -44.9323 28.1396 5.4
      vertex -44.9323 28.1396 5.7
    endloop
  endfacet
  facet normal -0.983624 -0.18023 0
    outer loop
      vertex -44.2944 24.6582 5.4
      vertex -44.9323 28.1396 5.7
      vertex -44.9323 28.1396 5.4
    endloop
  endfacet
  facet normal -0.983624 -0.18023 0
    outer loop
      vertex -44.9323 28.1396 5.7
      vertex -44.2944 24.6582 5.4
      vertex -44.2944 24.6582 5.7
    endloop
  endfacet
  facet normal -0.987687 -0.15644 0
    outer loop
      vertex -43.7407 21.1624 5.4
      vertex -44.2944 24.6582 5.7
      vertex -44.2944 24.6582 5.4
    endloop
  endfacet
  facet normal -0.987687 -0.15644 0
    outer loop
      vertex -44.2944 24.6582 5.7
      vertex -43.7407 21.1624 5.4
      vertex -43.7407 21.1624 5.7
    endloop
  endfacet
  facet normal -0.991178 -0.132539 0
    outer loop
      vertex -43.2716 17.6543 5.4
      vertex -43.7407 21.1624 5.7
      vertex -43.7407 21.1624 5.4
    endloop
  endfacet
  facet normal -0.991178 -0.132539 0
    outer loop
      vertex -43.7407 21.1624 5.7
      vertex -43.2716 17.6543 5.4
      vertex -43.2716 17.6543 5.7
    endloop
  endfacet
  facet normal -0.994094 -0.108521 0
    outer loop
      vertex -42.8875 14.1358 5.4
      vertex -43.2716 17.6543 5.7
      vertex -43.2716 17.6543 5.4
    endloop
  endfacet
  facet normal -0.994094 -0.108521 0
    outer loop
      vertex -43.2716 17.6543 5.7
      vertex -42.8875 14.1358 5.4
      vertex -42.8875 14.1358 5.7
    endloop
  endfacet
  facet normal -0.996425 -0.0844787 0
    outer loop
      vertex -42.5885 10.6091 5.4
      vertex -42.8875 14.1358 5.7
      vertex -42.8875 14.1358 5.4
    endloop
  endfacet
  facet normal -0.996425 -0.0844787 0
    outer loop
      vertex -42.8875 14.1358 5.7
      vertex -42.5885 10.6091 5.4
      vertex -42.5885 10.6091 5.7
    endloop
  endfacet
  facet normal -0.998176 -0.0603775 0
    outer loop
      vertex -42.3748 7.07616 5.4
      vertex -42.5885 10.6091 5.7
      vertex -42.5885 10.6091 5.4
    endloop
  endfacet
  facet normal -0.998176 -0.0603775 0
    outer loop
      vertex -42.5885 10.6091 5.7
      vertex -42.3748 7.07616 5.4
      vertex -42.3748 7.07616 5.7
    endloop
  endfacet
  facet normal -0.999343 -0.0362493 0
    outer loop
      vertex -42.2465 3.53911 5.4
      vertex -42.3748 7.07616 5.7
      vertex -42.3748 7.07616 5.4
    endloop
  endfacet
  facet normal -0.999343 -0.0362493 0
    outer loop
      vertex -42.3748 7.07616 5.7
      vertex -42.2465 3.53911 5.4
      vertex -42.2465 3.53911 5.7
    endloop
  endfacet
  facet normal -0.999927 -0.0120926 0
    outer loop
      vertex -42.2037 0 5.4
      vertex -42.2465 3.53911 5.7
      vertex -42.2465 3.53911 5.4
    endloop
  endfacet
  facet normal -0.999927 -0.0120926 0
    outer loop
      vertex -42.2465 3.53911 5.7
      vertex -42.2037 0 5.4
      vertex -42.2037 0 5.7
    endloop
  endfacet
  facet normal -0.999927 0.0120926 0
    outer loop
      vertex -42.2465 -3.53911 5.4
      vertex -42.2037 0 5.7
      vertex -42.2037 0 5.4
    endloop
  endfacet
  facet normal -0.999927 0.0120926 0
    outer loop
      vertex -42.2037 0 5.7
      vertex -42.2465 -3.53911 5.4
      vertex -42.2465 -3.53911 5.7
    endloop
  endfacet
  facet normal -0.999343 0.0362493 0
    outer loop
      vertex -42.3748 -7.07616 5.4
      vertex -42.2465 -3.53911 5.7
      vertex -42.2465 -3.53911 5.4
    endloop
  endfacet
  facet normal -0.999343 0.0362493 0
    outer loop
      vertex -42.2465 -3.53911 5.7
      vertex -42.3748 -7.07616 5.4
      vertex -42.3748 -7.07616 5.7
    endloop
  endfacet
  facet normal -0.998176 0.0603775 0
    outer loop
      vertex -42.5885 -10.6091 5.4
      vertex -42.3748 -7.07616 5.7
      vertex -42.3748 -7.07616 5.4
    endloop
  endfacet
  facet normal -0.998176 0.0603775 0
    outer loop
      vertex -42.3748 -7.07616 5.7
      vertex -42.5885 -10.6091 5.4
      vertex -42.5885 -10.6091 5.7
    endloop
  endfacet
  facet normal -0.996425 0.0844787 0
    outer loop
      vertex -42.8875 -14.1358 5.4
      vertex -42.5885 -10.6091 5.7
      vertex -42.5885 -10.6091 5.4
    endloop
  endfacet
  facet normal -0.996425 0.0844787 0
    outer loop
      vertex -42.5885 -10.6091 5.7
      vertex -42.8875 -14.1358 5.4
      vertex -42.8875 -14.1358 5.7
    endloop
  endfacet
  facet normal -0.994094 0.108521 0
    outer loop
      vertex -43.2716 -17.6543 5.4
      vertex -42.8875 -14.1358 5.7
      vertex -42.8875 -14.1358 5.4
    endloop
  endfacet
  facet normal -0.994094 0.108521 0
    outer loop
      vertex -42.8875 -14.1358 5.7
      vertex -43.2716 -17.6543 5.4
      vertex -43.2716 -17.6543 5.7
    endloop
  endfacet
  facet normal -0.991178 0.132539 0
    outer loop
      vertex -43.7407 -21.1624 5.4
      vertex -43.2716 -17.6543 5.7
      vertex -43.2716 -17.6543 5.4
    endloop
  endfacet
  facet normal -0.991178 0.132539 0
    outer loop
      vertex -43.2716 -17.6543 5.7
      vertex -43.7407 -21.1624 5.4
      vertex -43.7407 -21.1624 5.7
    endloop
  endfacet
  facet normal -0.987687 0.15644 0
    outer loop
      vertex -44.2944 -24.6582 5.4
      vertex -43.7407 -21.1624 5.7
      vertex -43.7407 -21.1624 5.4
    endloop
  endfacet
  facet normal -0.987687 0.15644 0
    outer loop
      vertex -43.7407 -21.1624 5.7
      vertex -44.2944 -24.6582 5.4
      vertex -44.2944 -24.6582 5.7
    endloop
  endfacet
  facet normal -0.983624 0.18023 0
    outer loop
      vertex -44.9323 -28.1396 5.4
      vertex -44.2944 -24.6582 5.7
      vertex -44.2944 -24.6582 5.4
    endloop
  endfacet
  facet normal -0.983624 0.18023 0
    outer loop
      vertex -44.2944 -24.6582 5.7
      vertex -44.9323 -28.1396 5.4
      vertex -44.9323 -28.1396 5.7
    endloop
  endfacet
  facet normal -0.978966 0.204022 0
    outer loop
      vertex -45.15 -29.1842 5.4
      vertex -44.9323 -28.1396 5.7
      vertex -44.9323 -28.1396 5.4
    endloop
  endfacet
  facet normal -0.978966 0.204022 0
    outer loop
      vertex -44.9323 -28.1396 5.7
      vertex -45.15 -29.1842 5.4
      vertex -45.15 -29.1842 5.7
    endloop
  endfacet
  facet normal 0.967971 -0.251063 0
    outer loop
      vertex -45.15 -35.9757 5.71
      vertex -45.0033 -35.4101 5.4
      vertex -45.0033 -35.4101 5.71
    endloop
  endfacet
  facet normal 0.967971 -0.251063 0
    outer loop
      vertex -45.0033 -35.4101 5.4
      vertex -45.15 -35.9757 5.71
      vertex -45.15 -35.9757 5.4
    endloop
  endfacet
  facet normal 0 0 -1
    outer loop
      vertex 27.3548 69.489 5.7
      vertex 27.9714 69.65 5.7
      vertex 27.9757 69.65 5.7
    endloop
  endfacet
  facet normal 0 0 -1
    outer loop
      vertex 27.9714 69.65 5.7
      vertex 27.3548 69.489 5.7
      vertex 27.3117 69.4789 5.7
    endloop
  endfacet
  facet normal 0 0 -1
    outer loop
      vertex 20.8221 69.5415 5.7
      vertex 21.0232 69.65 5.7
      vertex 21.3426 69.65 5.7
    endloop
  endfacet
  facet normal -0 0 -1
    outer loop
      vertex 20.8221 69.5415 5.7
      vertex 18.9913 69.2776 5.7
      vertex 21.0232 69.65 5.7
    endloop
  endfacet
  facet normal 0 0 -1
    outer loop
      vertex 18.246 69.0695 5.7
      vertex 18.9913 69.2776 5.7
      vertex 20.8221 69.5415 5.7
    endloop
  endfacet
  facet normal -0 0 -1
    outer loop
      vertex 18.246 69.0695 5.7
      vertex 16.299 68.8512 5.7
      vertex 18.9913 69.2776 5.7
    endloop
  endfacet
  facet normal 0 0 -1
    outer loop
      vertex 15.6593 68.6598 5.7
      vertex 16.299 68.8512 5.7
      vertex 18.246 69.0695 5.7
    endloop
  endfacet
  facet normal -0 0 -1
    outer loop
      vertex 15.6593 68.6598 5.7
      vertex 13.597 68.49 5.7
      vertex 16.299 68.8512 5.7
    endloop
  endfacet
  facet normal 0 0 -1
    outer loop
      vertex 13.0634 68.3127 5.7
      vertex 13.597 68.49 5.7
      vertex 15.6593 68.6598 5.7
    endloop
  endfacet
  facet normal -0 0 -1
    outer loop
      vertex 13.0634 68.3127 5.7
      vertex 10.8872 68.1941 5.7
      vertex 13.597 68.49 5.7
    endloop
  endfacet
  facet normal 0 0 -1
    outer loop
      vertex 10.4599 68.0284 5.7
      vertex 10.8872 68.1941 5.7
      vertex 13.0634 68.3127 5.7
    endloop
  endfacet
  facet normal -0 0 -1
    outer loop
      vertex 10.4599 68.0284 5.7
      vertex 8.17093 67.9638 5.7
      vertex 10.8872 68.1941 5.7
    endloop
  endfacet
  facet normal 0 0 -1
    outer loop
      vertex 7.85027 67.8072 5.7
      vertex 8.17093 67.9638 5.7
      vertex 10.4599 68.0284 5.7
    endloop
  endfacet
  facet normal -0 0 -1
    outer loop
      vertex 7.85027 67.8072 5.7
      vertex 5.44994 67.7992 5.7
      vertex 8.17093 67.9638 5.7
    endloop
  endfacet
  facet normal 0 0 -1
    outer loop
      vertex 5.23605 67.649 5.7
      vertex 5.44994 67.7992 5.7
      vertex 7.85027 67.8072 5.7
    endloop
  endfacet
  facet normal 0 0 -1
    outer loop
      vertex 5.23605 67.649 5.7
      vertex 2.72575 67.7004 5.7
      vertex 5.44994 67.7992 5.7
    endloop
  endfacet
  facet normal 0 0 -1
    outer loop
      vertex 2.61879 67.5541 5.7
      vertex 2.72575 67.7004 5.7
      vertex 5.23605 67.649 5.7
    endloop
  endfacet
  facet normal 0 0 -1
    outer loop
      vertex 0 67.6675 5.7
      vertex 2.61879 67.5541 5.7
      vertex 0 67.5225 5.7
    endloop
  endfacet
  facet normal 0 0 -1
    outer loop
      vertex 2.61879 67.5541 5.7
      vertex 0 67.6675 5.7
      vertex 2.72575 67.7004 5.7
    endloop
  endfacet
  facet normal 0 0 -1
    outer loop
      vertex -2.61879 67.5541 5.7
      vertex 0 67.6675 5.7
      vertex 0 67.5225 5.7
    endloop
  endfacet
  facet normal 0 0 -1
    outer loop
      vertex -2.61879 67.5541 5.7
      vertex -2.72575 67.7004 5.7
      vertex 0 67.6675 5.7
    endloop
  endfacet
  facet normal 0 0 -1
    outer loop
      vertex -5.23605 67.649 5.7
      vertex -2.72575 67.7004 5.7
      vertex -2.61879 67.5541 5.7
    endloop
  endfacet
  facet normal 0 0 -1
    outer loop
      vertex -5.23605 67.649 5.7
      vertex -5.44994 67.7992 5.7
      vertex -2.72575 67.7004 5.7
    endloop
  endfacet
  facet normal 0 0 -1
    outer loop
      vertex -7.85027 67.8072 5.7
      vertex -5.44994 67.7992 5.7
      vertex -5.23605 67.649 5.7
    endloop
  endfacet
  facet normal 0 0 -1
    outer loop
      vertex -7.85027 67.8072 5.7
      vertex -8.17093 67.9638 5.7
      vertex -5.44994 67.7992 5.7
    endloop
  endfacet
  facet normal 0 0 -1
    outer loop
      vertex -10.4599 68.0284 5.7
      vertex -8.17093 67.9638 5.7
      vertex -7.85027 67.8072 5.7
    endloop
  endfacet
  facet normal 0 0 -1
    outer loop
      vertex -10.4599 68.0284 5.7
      vertex -10.8872 68.1941 5.7
      vertex -8.17093 67.9638 5.7
    endloop
  endfacet
  facet normal 0 0 -1
    outer loop
      vertex -13.0634 68.3127 5.7
      vertex -10.8872 68.1941 5.7
      vertex -10.4599 68.0284 5.7
    endloop
  endfacet
  facet normal 0 0 -1
    outer loop
      vertex -13.0634 68.3127 5.7
      vertex -13.597 68.49 5.7
      vertex -10.8872 68.1941 5.7
    endloop
  endfacet
  facet normal 0 0 -1
    outer loop
      vertex -15.6593 68.6598 5.7
      vertex -13.597 68.49 5.7
      vertex -13.0634 68.3127 5.7
    endloop
  endfacet
  facet normal 0 0 -1
    outer loop
      vertex -15.6593 68.6598 5.7
      vertex -16.299 68.8512 5.7
      vertex -13.597 68.49 5.7
    endloop
  endfacet
  facet normal 0 0 -1
    outer loop
      vertex -18.246 69.0695 5.7
      vertex -16.299 68.8512 5.7
      vertex -15.6593 68.6598 5.7
    endloop
  endfacet
  facet normal 0 0 -1
    outer loop
      vertex -18.246 69.0695 5.7
      vertex -18.9913 69.2776 5.7
      vertex -16.299 68.8512 5.7
    endloop
  endfacet
  facet normal 0 0 -1
    outer loop
      vertex -20.8221 69.5415 5.7
      vertex -18.9913 69.2776 5.7
      vertex -18.246 69.0695 5.7
    endloop
  endfacet
  facet normal 0 0 -1
    outer loop
      vertex -20.8221 69.5415 5.7
      vertex -21.0232 69.65 5.7
      vertex -18.9913 69.2776 5.7
    endloop
  endfacet
  facet normal -0 -0 -1
    outer loop
      vertex -21.0232 69.65 5.7
      vertex -20.8221 69.5415 5.7
      vertex -21.3426 69.65 5.7
    endloop
  endfacet
  facet normal 0 0 -1
    outer loop
      vertex -27.3548 69.489 5.7
      vertex -27.9714 69.65 5.7
      vertex -27.3117 69.4789 5.7
    endloop
  endfacet
  facet normal -0 -0 -1
    outer loop
      vertex -27.9714 69.65 5.7
      vertex -27.3548 69.489 5.7
      vertex -27.9757 69.65 5.7
    endloop
  endfacet
  facet normal 0 0 -1
    outer loop
      vertex 44.9323 -28.1396 5.7
      vertex 45.15 -28.831 5.7
      vertex 45.15 -29.1842 5.7
    endloop
  endfacet
  facet normal 0 0 -1
    outer loop
      vertex 44.9323 -28.1396 5.7
      vertex 44.6022 -25.8419 5.7
      vertex 45.15 -28.831 5.7
    endloop
  endfacet
  facet normal 0 0 -1
    outer loop
      vertex 44.2944 -24.6582 5.7
      vertex 44.6022 -25.8419 5.7
      vertex 44.9323 -28.1396 5.7
    endloop
  endfacet
  facet normal 0 0 -1
    outer loop
      vertex 44.2944 -24.6582 5.7
      vertex 44.022 -22.1783 5.7
      vertex 44.6022 -25.8419 5.7
    endloop
  endfacet
  facet normal 0 0 -1
    outer loop
      vertex 43.7407 -21.1624 5.7
      vertex 44.022 -22.1783 5.7
      vertex 44.2944 -24.6582 5.7
    endloop
  endfacet
  facet normal 0 0 -1
    outer loop
      vertex 43.7407 -21.1624 5.7
      vertex 43.5304 -18.5017 5.7
      vertex 44.022 -22.1783 5.7
    endloop
  endfacet
  facet normal 0 0 -1
    outer loop
      vertex 43.2716 -17.6543 5.7
      vertex 43.5304 -18.5017 5.7
      vertex 43.7407 -21.1624 5.7
    endloop
  endfacet
  facet normal 0 0 -1
    outer loop
      vertex 43.2716 -17.6543 5.7
      vertex 43.1278 -14.8144 5.7
      vertex 43.5304 -18.5017 5.7
    endloop
  endfacet
  facet normal 0 0 -1
    outer loop
      vertex 42.8875 -14.1358 5.7
      vertex 43.1278 -14.8144 5.7
      vertex 43.2716 -17.6543 5.7
    endloop
  endfacet
  facet normal 0 0 -1
    outer loop
      vertex 42.8875 -14.1358 5.7
      vertex 42.8145 -11.1183 5.7
      vertex 43.1278 -14.8144 5.7
    endloop
  endfacet
  facet normal 0 0 -1
    outer loop
      vertex 42.5885 -10.6091 5.7
      vertex 42.8145 -11.1183 5.7
      vertex 42.8875 -14.1358 5.7
    endloop
  endfacet
  facet normal 0 0 -1
    outer loop
      vertex 42.8145 -11.1183 5.7
      vertex 42.5885 -10.6091 5.7
      vertex 42.5905 -7.41583 5.7
    endloop
  endfacet
  facet normal 0 0 -1
    outer loop
      vertex 42.3748 -7.07616 5.7
      vertex 42.5905 -7.41583 5.7
      vertex 42.5885 -10.6091 5.7
    endloop
  endfacet
  facet normal 0 0 -1
    outer loop
      vertex 42.2465 -3.53911 5.7
      vertex 42.4561 -3.709 5.7
      vertex 42.3748 -7.07616 5.7
    endloop
  endfacet
  facet normal 0 0 -1
    outer loop
      vertex 42.5905 -7.41583 5.7
      vertex 42.3748 -7.07616 5.7
      vertex 42.4561 -3.709 5.7
    endloop
  endfacet
  facet normal -0 0 -1
    outer loop
      vertex 45.15 28.831 5.7
      vertex 44.9323 28.1396 5.7
      vertex 45.15 29.1842 5.7
    endloop
  endfacet
  facet normal 0 0 -1
    outer loop
      vertex 44.6022 25.8419 5.7
      vertex 44.9323 28.1396 5.7
      vertex 45.15 28.831 5.7
    endloop
  endfacet
  facet normal -0 0 -1
    outer loop
      vertex 44.6022 25.8419 5.7
      vertex 44.2944 24.6582 5.7
      vertex 44.9323 28.1396 5.7
    endloop
  endfacet
  facet normal 0 0 -1
    outer loop
      vertex 44.022 22.1783 5.7
      vertex 44.2944 24.6582 5.7
      vertex 44.6022 25.8419 5.7
    endloop
  endfacet
  facet normal -0 0 -1
    outer loop
      vertex 44.022 22.1783 5.7
      vertex 43.7407 21.1624 5.7
      vertex 44.2944 24.6582 5.7
    endloop
  endfacet
  facet normal 0 0 -1
    outer loop
      vertex 43.5304 18.5017 5.7
      vertex 43.7407 21.1624 5.7
      vertex 44.022 22.1783 5.7
    endloop
  endfacet
  facet normal -0 0 -1
    outer loop
      vertex 43.5304 18.5017 5.7
      vertex 43.2716 17.6543 5.7
      vertex 43.7407 21.1624 5.7
    endloop
  endfacet
  facet normal 0 0 -1
    outer loop
      vertex 43.1278 14.8144 5.7
      vertex 43.2716 17.6543 5.7
      vertex 43.5304 18.5017 5.7
    endloop
  endfacet
  facet normal -0 0 -1
    outer loop
      vertex 43.1278 14.8144 5.7
      vertex 42.8875 14.1358 5.7
      vertex 43.2716 17.6543 5.7
    endloop
  endfacet
  facet normal 0 0 -1
    outer loop
      vertex 42.8145 11.1183 5.7
      vertex 42.8875 14.1358 5.7
      vertex 43.1278 14.8144 5.7
    endloop
  endfacet
  facet normal 0 0 -1
    outer loop
      vertex 42.5885 10.6091 5.7
      vertex 42.8145 11.1183 5.7
      vertex 42.5905 7.41583 5.7
    endloop
  endfacet
  facet normal -0 0 -1
    outer loop
      vertex 42.8145 11.1183 5.7
      vertex 42.5885 10.6091 5.7
      vertex 42.8875 14.1358 5.7
    endloop
  endfacet
  facet normal 0 0 -1
    outer loop
      vertex 42.3748 7.07616 5.7
      vertex 42.5905 7.41583 5.7
      vertex 42.4561 3.709 5.7
    endloop
  endfacet
  facet normal -0 0 -1
    outer loop
      vertex 42.5905 7.41583 5.7
      vertex 42.3748 7.07616 5.7
      vertex 42.5885 10.6091 5.7
    endloop
  endfacet
  facet normal 0 0 -1
    outer loop
      vertex 42.2465 3.53911 5.7
      vertex 42.4561 3.709 5.7
      vertex 42.4112 0 5.7
    endloop
  endfacet
  facet normal 0 0 -1
    outer loop
      vertex 42.4561 -3.709 5.7
      vertex 42.2465 -3.53911 5.7
      vertex 42.4112 0 5.7
    endloop
  endfacet
  facet normal 0 0 -1
    outer loop
      vertex 42.2037 0 5.7
      vertex 42.4112 0 5.7
      vertex 42.2465 -3.53911 5.7
    endloop
  endfacet
  facet normal -0 0 -1
    outer loop
      vertex 42.4561 3.709 5.7
      vertex 42.2465 3.53911 5.7
      vertex 42.3748 7.07616 5.7
    endloop
  endfacet
  facet normal 0 0 -1
    outer loop
      vertex 42.4112 0 5.7
      vertex 42.2037 0 5.7
      vertex 42.2465 3.53911 5.7
    endloop
  endfacet
  facet normal 0 0 -1
    outer loop
      vertex -42.4112 0 5.7
      vertex -42.2037 0 5.7
      vertex -42.2465 -3.53911 5.7
    endloop
  endfacet
  facet normal 0 0 -1
    outer loop
      vertex -42.4561 -3.709 5.7
      vertex -42.2465 -3.53911 5.7
      vertex -42.3748 -7.07616 5.7
    endloop
  endfacet
  facet normal 0 0 -1
    outer loop
      vertex -42.2037 0 5.7
      vertex -42.4112 0 5.7
      vertex -42.2465 3.53911 5.7
    endloop
  endfacet
  facet normal 0 0 -1
    outer loop
      vertex -42.4561 3.709 5.7
      vertex -42.2465 3.53911 5.7
      vertex -42.4112 0 5.7
    endloop
  endfacet
  facet normal -0 0 -1
    outer loop
      vertex -42.2465 -3.53911 5.7
      vertex -42.4561 -3.709 5.7
      vertex -42.4112 0 5.7
    endloop
  endfacet
  facet normal 0 0 -1
    outer loop
      vertex -42.5905 -7.41583 5.7
      vertex -42.3748 -7.07616 5.7
      vertex -42.5885 -10.6091 5.7
    endloop
  endfacet
  facet normal -0 0 -1
    outer loop
      vertex -42.3748 -7.07616 5.7
      vertex -42.5905 -7.41583 5.7
      vertex -42.4561 -3.709 5.7
    endloop
  endfacet
  facet normal -0 0 -1
    outer loop
      vertex -42.5885 -10.6091 5.7
      vertex -42.8145 -11.1183 5.7
      vertex -42.5905 -7.41583 5.7
    endloop
  endfacet
  facet normal 0 0 -1
    outer loop
      vertex -42.8875 -14.1358 5.7
      vertex -42.8145 -11.1183 5.7
      vertex -42.5885 -10.6091 5.7
    endloop
  endfacet
  facet normal -0 0 -1
    outer loop
      vertex -42.8875 -14.1358 5.7
      vertex -43.1278 -14.8144 5.7
      vertex -42.8145 -11.1183 5.7
    endloop
  endfacet
  facet normal 0 0 -1
    outer loop
      vertex -43.2716 -17.6543 5.7
      vertex -43.1278 -14.8144 5.7
      vertex -42.8875 -14.1358 5.7
    endloop
  endfacet
  facet normal -0 0 -1
    outer loop
      vertex -43.2716 -17.6543 5.7
      vertex -43.5304 -18.5017 5.7
      vertex -43.1278 -14.8144 5.7
    endloop
  endfacet
  facet normal 0 0 -1
    outer loop
      vertex -43.7407 -21.1624 5.7
      vertex -43.5304 -18.5017 5.7
      vertex -43.2716 -17.6543 5.7
    endloop
  endfacet
  facet normal -0 0 -1
    outer loop
      vertex -43.7407 -21.1624 5.7
      vertex -44.022 -22.1783 5.7
      vertex -43.5304 -18.5017 5.7
    endloop
  endfacet
  facet normal 0 0 -1
    outer loop
      vertex -44.2944 -24.6582 5.7
      vertex -44.022 -22.1783 5.7
      vertex -43.7407 -21.1624 5.7
    endloop
  endfacet
  facet normal -0 0 -1
    outer loop
      vertex -44.2944 -24.6582 5.7
      vertex -44.6022 -25.8419 5.7
      vertex -44.022 -22.1783 5.7
    endloop
  endfacet
  facet normal 0 0 -1
    outer loop
      vertex -44.9323 -28.1396 5.7
      vertex -44.6022 -25.8419 5.7
      vertex -44.2944 -24.6582 5.7
    endloop
  endfacet
  facet normal 0 0 -1
    outer loop
      vertex -45.15 -28.831 5.7
      vertex -44.9323 -28.1396 5.7
      vertex -45.15 -29.1842 5.7
    endloop
  endfacet
  facet normal -0 0 -1
    outer loop
      vertex -44.9323 -28.1396 5.7
      vertex -45.15 -28.831 5.7
      vertex -44.6022 -25.8419 5.7
    endloop
  endfacet
  facet normal 0 0 -1
    outer loop
      vertex -42.2465 3.53911 5.7
      vertex -42.4561 3.709 5.7
      vertex -42.3748 7.07616 5.7
    endloop
  endfacet
  facet normal 0 0 -1
    outer loop
      vertex -42.5905 7.41583 5.7
      vertex -42.3748 7.07616 5.7
      vertex -42.4561 3.709 5.7
    endloop
  endfacet
  facet normal 0 0 -1
    outer loop
      vertex -42.3748 7.07616 5.7
      vertex -42.5905 7.41583 5.7
      vertex -42.5885 10.6091 5.7
    endloop
  endfacet
  facet normal 0 0 -1
    outer loop
      vertex -42.8145 11.1183 5.7
      vertex -42.5885 10.6091 5.7
      vertex -42.5905 7.41583 5.7
    endloop
  endfacet
  facet normal 0 0 -1
    outer loop
      vertex -42.8145 11.1183 5.7
      vertex -42.8875 14.1358 5.7
      vertex -42.5885 10.6091 5.7
    endloop
  endfacet
  facet normal 0 0 -1
    outer loop
      vertex -43.1278 14.8144 5.7
      vertex -42.8875 14.1358 5.7
      vertex -42.8145 11.1183 5.7
    endloop
  endfacet
  facet normal 0 0 -1
    outer loop
      vertex -43.1278 14.8144 5.7
      vertex -43.2716 17.6543 5.7
      vertex -42.8875 14.1358 5.7
    endloop
  endfacet
  facet normal 0 0 -1
    outer loop
      vertex -43.5304 18.5017 5.7
      vertex -43.2716 17.6543 5.7
      vertex -43.1278 14.8144 5.7
    endloop
  endfacet
  facet normal 0 0 -1
    outer loop
      vertex -43.5304 18.5017 5.7
      vertex -43.7407 21.1624 5.7
      vertex -43.2716 17.6543 5.7
    endloop
  endfacet
  facet normal 0 0 -1
    outer loop
      vertex -44.022 22.1783 5.7
      vertex -43.7407 21.1624 5.7
      vertex -43.5304 18.5017 5.7
    endloop
  endfacet
  facet normal 0 0 -1
    outer loop
      vertex -44.022 22.1783 5.7
      vertex -44.2944 24.6582 5.7
      vertex -43.7407 21.1624 5.7
    endloop
  endfacet
  facet normal 0 0 -1
    outer loop
      vertex -44.6022 25.8419 5.7
      vertex -44.2944 24.6582 5.7
      vertex -44.022 22.1783 5.7
    endloop
  endfacet
  facet normal 0 0 -1
    outer loop
      vertex -44.6022 25.8419 5.7
      vertex -44.9323 28.1396 5.7
      vertex -44.2944 24.6582 5.7
    endloop
  endfacet
  facet normal 0 0 -1
    outer loop
      vertex -45.15 28.831 5.7
      vertex -44.9323 28.1396 5.7
      vertex -44.6022 25.8419 5.7
    endloop
  endfacet
  facet normal 0 0 -1
    outer loop
      vertex -44.9323 28.1396 5.7
      vertex -45.15 28.831 5.7
      vertex -45.15 29.1842 5.7
    endloop
  endfacet
  facet normal 0.0362389 -0.999343 0
    outer loop
      vertex 2.76201 66.2009 5.71
      vertex 5.52242 66.301 6
      vertex 2.76201 66.2009 6
    endloop
  endfacet
  facet normal 0.0362389 -0.999343 0
    outer loop
      vertex 5.52242 66.301 6
      vertex 2.76201 66.2009 5.71
      vertex 5.52242 66.301 5.71
    endloop
  endfacet
  facet normal 0.0603864 -0.998175 0
    outer loop
      vertex 5.52242 66.301 5.71
      vertex 8.27959 66.4678 6
      vertex 5.52242 66.301 6
    endloop
  endfacet
  facet normal 0.0603864 -0.998175 0
    outer loop
      vertex 8.27959 66.4678 6
      vertex 5.52242 66.301 5.71
      vertex 8.27959 66.4678 5.71
    endloop
  endfacet
  facet normal 0.0844623 -0.996427 0
    outer loop
      vertex 8.27959 66.4678 5.71
      vertex 11.0319 66.7011 6
      vertex 8.27959 66.4678 6
    endloop
  endfacet
  facet normal 0.0844623 -0.996427 0
    outer loop
      vertex 11.0319 66.7011 6
      vertex 8.27959 66.4678 5.71
      vertex 11.0319 66.7011 5.71
    endloop
  endfacet
  facet normal 0.108536 -0.994093 0
    outer loop
      vertex 11.0319 66.7011 5.71
      vertex 13.7778 67.0009 6
      vertex 11.0319 66.7011 6
    endloop
  endfacet
  facet normal 0.108536 -0.994093 0
    outer loop
      vertex 13.7778 67.0009 6
      vertex 11.0319 66.7011 5.71
      vertex 13.7778 67.0009 5.71
    endloop
  endfacet
  facet normal 0.132536 -0.991178 0
    outer loop
      vertex 13.7778 67.0009 5.71
      vertex 16.5157 67.367 6
      vertex 13.7778 67.0009 6
    endloop
  endfacet
  facet normal 0.132536 -0.991178 0
    outer loop
      vertex 16.5157 67.367 6
      vertex 13.7778 67.0009 5.71
      vertex 16.5157 67.367 5.71
    endloop
  endfacet
  facet normal 0.156433 -0.987689 0
    outer loop
      vertex 16.5157 67.367 5.71
      vertex 19.2439 67.7991 6
      vertex 16.5157 67.367 6
    endloop
  endfacet
  facet normal 0.156433 -0.987689 0
    outer loop
      vertex 19.2439 67.7991 6
      vertex 16.5157 67.367 5.71
      vertex 19.2439 67.7991 5.71
    endloop
  endfacet
  facet normal 0.180252 -0.98362 0
    outer loop
      vertex 19.2439 67.7991 5.71
      vertex 21.9609 68.297 6
      vertex 19.2439 67.7991 6
    endloop
  endfacet
  facet normal 0.180252 -0.98362 0
    outer loop
      vertex 21.9609 68.297 6
      vertex 19.2439 67.7991 5.71
      vertex 21.9609 68.297 5.71
    endloop
  endfacet
  facet normal 0.20397 -0.978977 0
    outer loop
      vertex 21.9609 68.297 5.71
      vertex 24.665 68.8604 6
      vertex 21.9609 68.297 6
    endloop
  endfacet
  facet normal 0.20397 -0.978977 0
    outer loop
      vertex 24.665 68.8604 6
      vertex 21.9609 68.297 5.71
      vertex 24.665 68.8604 5.71
    endloop
  endfacet
  facet normal 0.227556 -0.973765 0
    outer loop
      vertex 27.3117 69.4789 5.71
      vertex 24.665 68.8604 6
      vertex 24.665 68.8604 5.71
    endloop
  endfacet
  facet normal 0.227566 -0.973763 9.27771e-05
    outer loop
      vertex 24.665 68.8604 6
      vertex 27.3117 69.4789 5.71
      vertex 27.3548 69.489 6
    endloop
  endfacet
  facet normal 0.228158 -0.973624 0
    outer loop
      vertex 27.3548 69.489 5.7
      vertex 27.3117 69.4789 5.71
      vertex 27.3117 69.4789 5.7
    endloop
  endfacet
  facet normal 0.228158 -0.973624 0
    outer loop
      vertex 27.3117 69.4789 5.71
      vertex 27.3548 69.489 5.7
      vertex 27.3548 69.489 6
    endloop
  endfacet
  facet normal 0.251051 -0.967974 0
    outer loop
      vertex 27.3548 69.489 5.7
      vertex 27.9613 69.6463 6
      vertex 27.3548 69.489 6
    endloop
  endfacet
  facet normal 0.251 -0.967987 0.000109494
    outer loop
      vertex 27.9757 69.65 5.7
      vertex 27.9613 69.6463 6
      vertex 27.3548 69.489 5.7
    endloop
  endfacet
  facet normal 0.248861 -0.968539 0
    outer loop
      vertex 27.9613 69.6463 6
      vertex 27.9757 69.65 5.7
      vertex 27.9757 69.65 6
    endloop
  endfacet
  facet normal -0.180274 0.983616 0
    outer loop
      vertex 21.0232 69.65 5.7
      vertex 18.9913 69.2776 6
      vertex 21.0232 69.65 6
    endloop
  endfacet
  facet normal -0.180274 0.983616 0
    outer loop
      vertex 18.9913 69.2776 6
      vertex 21.0232 69.65 5.7
      vertex 18.9913 69.2776 5.7
    endloop
  endfacet
  facet normal -0.156428 0.987689 0
    outer loop
      vertex 18.9913 69.2776 5.7
      vertex 16.299 68.8512 6
      vertex 18.9913 69.2776 6
    endloop
  endfacet
  facet normal -0.156428 0.987689 0
    outer loop
      vertex 16.299 68.8512 6
      vertex 18.9913 69.2776 5.7
      vertex 16.299 68.8512 5.7
    endloop
  endfacet
  facet normal -0.1325 0.991183 0
    outer loop
      vertex 16.299 68.8512 5.7
      vertex 13.597 68.49 6
      vertex 16.299 68.8512 6
    endloop
  endfacet
  facet normal -0.1325 0.991183 0
    outer loop
      vertex 13.597 68.49 6
      vertex 16.299 68.8512 5.7
      vertex 13.597 68.49 5.7
    endloop
  endfacet
  facet normal -0.108551 0.994091 0
    outer loop
      vertex 13.597 68.49 5.7
      vertex 10.8872 68.1941 6
      vertex 13.597 68.49 6
    endloop
  endfacet
  facet normal -0.108551 0.994091 0
    outer loop
      vertex 10.8872 68.1941 6
      vertex 13.597 68.49 5.7
      vertex 10.8872 68.1941 5.7
    endloop
  endfacet
  facet normal -0.0844823 0.996425 0
    outer loop
      vertex 10.8872 68.1941 5.7
      vertex 8.17093 67.9638 6
      vertex 10.8872 68.1941 6
    endloop
  endfacet
  facet normal -0.0844823 0.996425 0
    outer loop
      vertex 8.17093 67.9638 6
      vertex 10.8872 68.1941 5.7
      vertex 8.17093 67.9638 5.7
    endloop
  endfacet
  facet normal -0.0603823 0.998175 0
    outer loop
      vertex 8.17093 67.9638 5.7
      vertex 5.44994 67.7992 6
      vertex 8.17093 67.9638 6
    endloop
  endfacet
  facet normal -0.0603823 0.998175 0
    outer loop
      vertex 5.44994 67.7992 6
      vertex 8.17093 67.9638 5.7
      vertex 5.44994 67.7992 5.7
    endloop
  endfacet
  facet normal -0.0362438 0.999343 0
    outer loop
      vertex 5.44994 67.7992 5.7
      vertex 2.72575 67.7004 6
      vertex 5.44994 67.7992 6
    endloop
  endfacet
  facet normal -0.0362438 0.999343 0
    outer loop
      vertex 2.72575 67.7004 6
      vertex 5.44994 67.7992 5.7
      vertex 2.72575 67.7004 5.7
    endloop
  endfacet
  facet normal -0.0120692 0.999927 0
    outer loop
      vertex 2.72575 67.7004 5.7
      vertex 0 67.6675 6
      vertex 2.72575 67.7004 6
    endloop
  endfacet
  facet normal -0.0120692 0.999927 0
    outer loop
      vertex 0 67.6675 6
      vertex 2.72575 67.7004 5.7
      vertex 0 67.6675 5.7
    endloop
  endfacet
  facet normal 0.0120692 0.999927 -0
    outer loop
      vertex 0 67.6675 5.7
      vertex -2.72575 67.7004 6
      vertex 0 67.6675 6
    endloop
  endfacet
  facet normal 0.0120692 0.999927 0
    outer loop
      vertex -2.72575 67.7004 6
      vertex 0 67.6675 5.7
      vertex -2.72575 67.7004 5.7
    endloop
  endfacet
  facet normal 0.0362438 0.999343 -0
    outer loop
      vertex -2.72575 67.7004 5.7
      vertex -5.44994 67.7992 6
      vertex -2.72575 67.7004 6
    endloop
  endfacet
  facet normal 0.0362438 0.999343 0
    outer loop
      vertex -5.44994 67.7992 6
      vertex -2.72575 67.7004 5.7
      vertex -5.44994 67.7992 5.7
    endloop
  endfacet
  facet normal 0.0603823 0.998175 -0
    outer loop
      vertex -5.44994 67.7992 5.7
      vertex -8.17093 67.9638 6
      vertex -5.44994 67.7992 6
    endloop
  endfacet
  facet normal 0.0603823 0.998175 0
    outer loop
      vertex -8.17093 67.9638 6
      vertex -5.44994 67.7992 5.7
      vertex -8.17093 67.9638 5.7
    endloop
  endfacet
  facet normal 0.0844823 0.996425 -0
    outer loop
      vertex -8.17093 67.9638 5.7
      vertex -10.8872 68.1941 6
      vertex -8.17093 67.9638 6
    endloop
  endfacet
  facet normal 0.0844823 0.996425 0
    outer loop
      vertex -10.8872 68.1941 6
      vertex -8.17093 67.9638 5.7
      vertex -10.8872 68.1941 5.7
    endloop
  endfacet
  facet normal 0.108551 0.994091 -0
    outer loop
      vertex -10.8872 68.1941 5.7
      vertex -13.597 68.49 6
      vertex -10.8872 68.1941 6
    endloop
  endfacet
  facet normal 0.108551 0.994091 0
    outer loop
      vertex -13.597 68.49 6
      vertex -10.8872 68.1941 5.7
      vertex -13.597 68.49 5.7
    endloop
  endfacet
  facet normal 0.1325 0.991183 -0
    outer loop
      vertex -13.597 68.49 5.7
      vertex -16.299 68.8512 6
      vertex -13.597 68.49 6
    endloop
  endfacet
  facet normal 0.1325 0.991183 0
    outer loop
      vertex -16.299 68.8512 6
      vertex -13.597 68.49 5.7
      vertex -16.299 68.8512 5.7
    endloop
  endfacet
  facet normal 0.156428 0.987689 -0
    outer loop
      vertex -16.299 68.8512 5.7
      vertex -18.9913 69.2776 6
      vertex -16.299 68.8512 6
    endloop
  endfacet
  facet normal 0.156428 0.987689 0
    outer loop
      vertex -18.9913 69.2776 6
      vertex -16.299 68.8512 5.7
      vertex -18.9913 69.2776 5.7
    endloop
  endfacet
  facet normal 0.180274 0.983616 -0
    outer loop
      vertex -18.9913 69.2776 5.7
      vertex -21.0232 69.65 6
      vertex -18.9913 69.2776 6
    endloop
  endfacet
  facet normal 0.180274 0.983616 0
    outer loop
      vertex -21.0232 69.65 6
      vertex -18.9913 69.2776 5.7
      vertex -21.0232 69.65 5.7
    endloop
  endfacet
  facet normal -0.248861 -0.968539 0
    outer loop
      vertex -27.9757 69.65 5.7
      vertex -27.9613 69.6463 6
      vertex -27.9757 69.65 6
    endloop
  endfacet
  facet normal -0.251 -0.967987 0.000109494
    outer loop
      vertex -27.3548 69.489 5.7
      vertex -27.9613 69.6463 6
      vertex -27.9757 69.65 5.7
    endloop
  endfacet
  facet normal -0.251051 -0.967974 0
    outer loop
      vertex -27.9613 69.6463 6
      vertex -27.3548 69.489 5.7
      vertex -27.3548 69.489 6
    endloop
  endfacet
  facet normal -0.227566 -0.973763 9.27771e-05
    outer loop
      vertex -27.3548 69.489 6
      vertex -27.3117 69.4789 5.71
      vertex -24.665 68.8604 6
    endloop
  endfacet
  facet normal -0.228158 -0.973624 0
    outer loop
      vertex -27.3548 69.489 5.7
      vertex -27.3117 69.4789 5.71
      vertex -27.3548 69.489 6
    endloop
  endfacet
  facet normal -0.228158 -0.973624 -0
    outer loop
      vertex -27.3117 69.4789 5.71
      vertex -27.3548 69.489 5.7
      vertex -27.3117 69.4789 5.7
    endloop
  endfacet
  facet normal -0.227556 -0.973765 -0
    outer loop
      vertex -24.665 68.8604 6
      vertex -27.3117 69.4789 5.71
      vertex -24.665 68.8604 5.71
    endloop
  endfacet
  facet normal -0.20397 -0.978977 0
    outer loop
      vertex -24.665 68.8604 5.71
      vertex -21.9609 68.297 6
      vertex -24.665 68.8604 6
    endloop
  endfacet
  facet normal -0.20397 -0.978977 -0
    outer loop
      vertex -21.9609 68.297 6
      vertex -24.665 68.8604 5.71
      vertex -21.9609 68.297 5.71
    endloop
  endfacet
  facet normal -0.180252 -0.98362 0
    outer loop
      vertex -21.9609 68.297 5.71
      vertex -19.2439 67.7991 6
      vertex -21.9609 68.297 6
    endloop
  endfacet
  facet normal -0.180252 -0.98362 -0
    outer loop
      vertex -19.2439 67.7991 6
      vertex -21.9609 68.297 5.71
      vertex -19.2439 67.7991 5.71
    endloop
  endfacet
  facet normal -0.156433 -0.987689 0
    outer loop
      vertex -19.2439 67.7991 5.71
      vertex -16.5157 67.367 6
      vertex -19.2439 67.7991 6
    endloop
  endfacet
  facet normal -0.156433 -0.987689 -0
    outer loop
      vertex -16.5157 67.367 6
      vertex -19.2439 67.7991 5.71
      vertex -16.5157 67.367 5.71
    endloop
  endfacet
  facet normal -0.132536 -0.991178 0
    outer loop
      vertex -16.5157 67.367 5.71
      vertex -13.7778 67.0009 6
      vertex -16.5157 67.367 6
    endloop
  endfacet
  facet normal -0.132536 -0.991178 -0
    outer loop
      vertex -13.7778 67.0009 6
      vertex -16.5157 67.367 5.71
      vertex -13.7778 67.0009 5.71
    endloop
  endfacet
  facet normal -0.108536 -0.994093 0
    outer loop
      vertex -13.7778 67.0009 5.71
      vertex -11.0319 66.7011 6
      vertex -13.7778 67.0009 6
    endloop
  endfacet
  facet normal -0.108536 -0.994093 -0
    outer loop
      vertex -11.0319 66.7011 6
      vertex -13.7778 67.0009 5.71
      vertex -11.0319 66.7011 5.71
    endloop
  endfacet
  facet normal -0.0844623 -0.996427 0
    outer loop
      vertex -11.0319 66.7011 5.71
      vertex -8.27959 66.4678 6
      vertex -11.0319 66.7011 6
    endloop
  endfacet
  facet normal -0.0844623 -0.996427 -0
    outer loop
      vertex -8.27959 66.4678 6
      vertex -11.0319 66.7011 5.71
      vertex -8.27959 66.4678 5.71
    endloop
  endfacet
  facet normal -0.0603864 -0.998175 0
    outer loop
      vertex -8.27959 66.4678 5.71
      vertex -5.52242 66.301 6
      vertex -8.27959 66.4678 6
    endloop
  endfacet
  facet normal -0.0603864 -0.998175 -0
    outer loop
      vertex -5.52242 66.301 6
      vertex -8.27959 66.4678 5.71
      vertex -5.52242 66.301 5.71
    endloop
  endfacet
  facet normal -0.0362389 -0.999343 0
    outer loop
      vertex -5.52242 66.301 5.71
      vertex -2.76201 66.2009 6
      vertex -5.52242 66.301 6
    endloop
  endfacet
  facet normal -0.0362389 -0.999343 -0
    outer loop
      vertex -2.76201 66.2009 6
      vertex -5.52242 66.301 5.71
      vertex -2.76201 66.2009 5.71
    endloop
  endfacet
  facet normal -0.0120918 -0.999927 0
    outer loop
      vertex -2.76201 66.2009 5.71
      vertex 0 66.1675 6
      vertex -2.76201 66.2009 6
    endloop
  endfacet
  facet normal -0.0120918 -0.999927 -0
    outer loop
      vertex 0 66.1675 6
      vertex -2.76201 66.2009 5.71
      vertex 0 66.1675 5.71
    endloop
  endfacet
  facet normal 0.0120918 -0.999927 0
    outer loop
      vertex 0 66.1675 5.71
      vertex 2.76201 66.2009 6
      vertex 0 66.1675 6
    endloop
  endfacet
  facet normal 0.0120918 -0.999927 0
    outer loop
      vertex 2.76201 66.2009 6
      vertex 0 66.1675 5.71
      vertex 2.76201 66.2009 5.71
    endloop
  endfacet
  facet normal 0.983618 0.180264 0
    outer loop
      vertex 45.15 -28.831 6
      vertex 44.6022 -25.8419 5.7
      vertex 44.6022 -25.8419 6
    endloop
  endfacet
  facet normal 0.983618 0.180264 0
    outer loop
      vertex 44.6022 -25.8419 5.7
      vertex 45.15 -28.831 6
      vertex 45.15 -28.831 5.7
    endloop
  endfacet
  facet normal 0.987691 0.156419 0
    outer loop
      vertex 44.6022 -25.8419 6
      vertex 44.022 -22.1783 5.7
      vertex 44.022 -22.1783 6
    endloop
  endfacet
  facet normal 0.987691 0.156419 0
    outer loop
      vertex 44.022 -22.1783 5.7
      vertex 44.6022 -25.8419 6
      vertex 44.6022 -25.8419 5.7
    endloop
  endfacet
  facet normal 0.991179 0.132531 0
    outer loop
      vertex 44.022 -22.1783 6
      vertex 43.5304 -18.5017 5.7
      vertex 43.5304 -18.5017 6
    endloop
  endfacet
  facet normal 0.991179 0.132531 0
    outer loop
      vertex 43.5304 -18.5017 5.7
      vertex 44.022 -22.1783 6
      vertex 44.022 -22.1783 5.7
    endloop
  endfacet
  facet normal 0.994092 0.108541 0
    outer loop
      vertex 43.5304 -18.5017 6
      vertex 43.1278 -14.8144 5.7
      vertex 43.1278 -14.8144 6
    endloop
  endfacet
  facet normal 0.994092 0.108541 0
    outer loop
      vertex 43.1278 -14.8144 5.7
      vertex 43.5304 -18.5017 6
      vertex 43.5304 -18.5017 5.7
    endloop
  endfacet
  facet normal 0.996427 0.0844621 0
    outer loop
      vertex 43.1278 -14.8144 6
      vertex 42.8145 -11.1183 5.7
      vertex 42.8145 -11.1183 6
    endloop
  endfacet
  facet normal 0.996427 0.0844621 0
    outer loop
      vertex 42.8145 -11.1183 5.7
      vertex 43.1278 -14.8144 6
      vertex 43.1278 -14.8144 5.7
    endloop
  endfacet
  facet normal 0.998175 0.0603897 0
    outer loop
      vertex 42.8145 -11.1183 6
      vertex 42.5905 -7.41583 5.7
      vertex 42.5905 -7.41583 6
    endloop
  endfacet
  facet normal 0.998175 0.0603897 0
    outer loop
      vertex 42.5905 -7.41583 5.7
      vertex 42.8145 -11.1183 6
      vertex 42.8145 -11.1183 5.7
    endloop
  endfacet
  facet normal 0.999343 0.0362336 0
    outer loop
      vertex 42.5905 -7.41583 6
      vertex 42.4561 -3.709 5.7
      vertex 42.4561 -3.709 6
    endloop
  endfacet
  facet normal 0.999343 0.0362336 0
    outer loop
      vertex 42.4561 -3.709 5.7
      vertex 42.5905 -7.41583 6
      vertex 42.5905 -7.41583 5.7
    endloop
  endfacet
  facet normal 0.999927 0.0121048 0
    outer loop
      vertex 42.4561 -3.709 6
      vertex 42.4112 0 5.7
      vertex 42.4112 0 6
    endloop
  endfacet
  facet normal 0.999927 0.0121048 0
    outer loop
      vertex 42.4112 0 5.7
      vertex 42.4561 -3.709 6
      vertex 42.4561 -3.709 5.7
    endloop
  endfacet
  facet normal 0.999927 -0.0121048 0
    outer loop
      vertex 42.4112 0 6
      vertex 42.4561 3.709 5.7
      vertex 42.4561 3.709 6
    endloop
  endfacet
  facet normal 0.999927 -0.0121048 0
    outer loop
      vertex 42.4561 3.709 5.7
      vertex 42.4112 0 6
      vertex 42.4112 0 5.7
    endloop
  endfacet
  facet normal 0.999343 -0.0362336 0
    outer loop
      vertex 42.4561 3.709 6
      vertex 42.5905 7.41583 5.7
      vertex 42.5905 7.41583 6
    endloop
  endfacet
  facet normal 0.999343 -0.0362336 0
    outer loop
      vertex 42.5905 7.41583 5.7
      vertex 42.4561 3.709 6
      vertex 42.4561 3.709 5.7
    endloop
  endfacet
  facet normal 0.998175 -0.0603897 0
    outer loop
      vertex 42.5905 7.41583 6
      vertex 42.8145 11.1183 5.7
      vertex 42.8145 11.1183 6
    endloop
  endfacet
  facet normal 0.998175 -0.0603897 0
    outer loop
      vertex 42.8145 11.1183 5.7
      vertex 42.5905 7.41583 6
      vertex 42.5905 7.41583 5.7
    endloop
  endfacet
  facet normal 0.996427 -0.0844621 0
    outer loop
      vertex 42.8145 11.1183 6
      vertex 43.1278 14.8144 5.7
      vertex 43.1278 14.8144 6
    endloop
  endfacet
  facet normal 0.996427 -0.0844621 0
    outer loop
      vertex 43.1278 14.8144 5.7
      vertex 42.8145 11.1183 6
      vertex 42.8145 11.1183 5.7
    endloop
  endfacet
  facet normal 0.994092 -0.108541 0
    outer loop
      vertex 43.1278 14.8144 6
      vertex 43.5304 18.5017 5.7
      vertex 43.5304 18.5017 6
    endloop
  endfacet
  facet normal 0.994092 -0.108541 0
    outer loop
      vertex 43.5304 18.5017 5.7
      vertex 43.1278 14.8144 6
      vertex 43.1278 14.8144 5.7
    endloop
  endfacet
  facet normal 0.991179 -0.132531 0
    outer loop
      vertex 43.5304 18.5017 6
      vertex 44.022 22.1783 5.7
      vertex 44.022 22.1783 6
    endloop
  endfacet
  facet normal 0.991179 -0.132531 0
    outer loop
      vertex 44.022 22.1783 5.7
      vertex 43.5304 18.5017 6
      vertex 43.5304 18.5017 5.7
    endloop
  endfacet
  facet normal 0.987691 -0.156419 0
    outer loop
      vertex 44.022 22.1783 6
      vertex 44.6022 25.8419 5.7
      vertex 44.6022 25.8419 6
    endloop
  endfacet
  facet normal 0.987691 -0.156419 0
    outer loop
      vertex 44.6022 25.8419 5.7
      vertex 44.022 22.1783 6
      vertex 44.022 22.1783 5.7
    endloop
  endfacet
  facet normal 0.983618 -0.180264 0
    outer loop
      vertex 44.6022 25.8419 6
      vertex 45.15 28.831 5.7
      vertex 45.15 28.831 6
    endloop
  endfacet
  facet normal 0.983618 -0.180264 0
    outer loop
      vertex 45.15 28.831 5.7
      vertex 44.6022 25.8419 6
      vertex 44.6022 25.8419 5.7
    endloop
  endfacet
  facet normal -0.973772 0.227526 0
    outer loop
      vertex 45.15 35.9582 5.71
      vertex 44.9438 35.0757 6
      vertex 45.15 35.9582 6
    endloop
  endfacet
  facet normal -0.973757 0.22759 0.000204303
    outer loop
      vertex 44.5627 33.4454 5.71
      vertex 44.9438 35.0757 6
      vertex 45.15 35.9582 5.71
    endloop
  endfacet
  facet normal -0.973749 0.227624 0
    outer loop
      vertex 44.9438 35.0757 6
      vertex 44.5627 33.4454 5.71
      vertex 44.5627 33.4454 6
    endloop
  endfacet
  facet normal -0.978981 0.20395 0
    outer loop
      vertex 43.7988 29.7786 5.71
      vertex 44.5627 33.4454 6
      vertex 44.5627 33.4454 5.71
    endloop
  endfacet
  facet normal -0.978981 0.20395 0
    outer loop
      vertex 44.5627 33.4454 6
      vertex 43.7988 29.7786 5.71
      vertex 43.7988 29.7786 6
    endloop
  endfacet
  facet normal -0.983618 0.180267 0
    outer loop
      vertex 43.1236 26.0944 5.71
      vertex 43.7988 29.7786 6
      vertex 43.7988 29.7786 5.71
    endloop
  endfacet
  facet normal -0.983618 0.180267 0
    outer loop
      vertex 43.7988 29.7786 6
      vertex 43.1236 26.0944 5.71
      vertex 43.1236 26.0944 6
    endloop
  endfacet
  facet normal -0.987689 0.156427 0
    outer loop
      vertex 42.5377 22.395 5.71
      vertex 43.1236 26.0944 6
      vertex 43.1236 26.0944 5.71
    endloop
  endfacet
  facet normal -0.987689 0.156427 0
    outer loop
      vertex 43.1236 26.0944 6
      vertex 42.5377 22.395 5.71
      vertex 42.5377 22.395 6
    endloop
  endfacet
  facet normal -0.991179 0.132531 0
    outer loop
      vertex 42.0413 18.6825 5.71
      vertex 42.5377 22.395 6
      vertex 42.5377 22.395 5.71
    endloop
  endfacet
  facet normal -0.991179 0.132531 0
    outer loop
      vertex 42.5377 22.395 6
      vertex 42.0413 18.6825 5.71
      vertex 42.0413 18.6825 6
    endloop
  endfacet
  facet normal -0.994093 0.10853 0
    outer loop
      vertex 41.6348 14.9591 5.71
      vertex 42.0413 18.6825 6
      vertex 42.0413 18.6825 5.71
    endloop
  endfacet
  facet normal -0.994093 0.10853 0
    outer loop
      vertex 42.0413 18.6825 6
      vertex 41.6348 14.9591 5.71
      vertex 41.6348 14.9591 6
    endloop
  endfacet
  facet normal -0.996426 0.084475 0
    outer loop
      vertex 41.3184 11.227 5.71
      vertex 41.6348 14.9591 6
      vertex 41.6348 14.9591 5.71
    endloop
  endfacet
  facet normal -0.996426 0.084475 0
    outer loop
      vertex 41.6348 14.9591 6
      vertex 41.3184 11.227 5.71
      vertex 41.3184 11.227 6
    endloop
  endfacet
  facet normal -0.998175 0.060392 0
    outer loop
      vertex 41.0922 7.48831 5.71
      vertex 41.3184 11.227 6
      vertex 41.3184 11.227 5.71
    endloop
  endfacet
  facet normal -0.998175 0.060392 0
    outer loop
      vertex 41.3184 11.227 6
      vertex 41.0922 7.48831 5.71
      vertex 41.0922 7.48831 6
    endloop
  endfacet
  facet normal -0.999343 0.0362299 0
    outer loop
      vertex 40.9565 3.74524 5.71
      vertex 41.0922 7.48831 6
      vertex 41.0922 7.48831 5.71
    endloop
  endfacet
  facet normal -0.999343 0.0362299 0
    outer loop
      vertex 41.0922 7.48831 6
      vertex 40.9565 3.74524 5.71
      vertex 40.9565 3.74524 6
    endloop
  endfacet
  facet normal -0.999927 0.0120945 0
    outer loop
      vertex 40.9112 0 5.71
      vertex 40.9565 3.74524 6
      vertex 40.9565 3.74524 5.71
    endloop
  endfacet
  facet normal -0.999927 0.0120945 0
    outer loop
      vertex 40.9565 3.74524 6
      vertex 40.9112 0 5.71
      vertex 40.9112 0 6
    endloop
  endfacet
  facet normal -0.999927 -0.0120945 0
    outer loop
      vertex 40.9565 -3.74524 5.71
      vertex 40.9112 0 6
      vertex 40.9112 0 5.71
    endloop
  endfacet
  facet normal -0.999927 -0.0120945 0
    outer loop
      vertex 40.9112 0 6
      vertex 40.9565 -3.74524 5.71
      vertex 40.9565 -3.74524 6
    endloop
  endfacet
  facet normal -0.999343 -0.0362299 0
    outer loop
      vertex 41.0922 -7.48831 5.71
      vertex 40.9565 -3.74524 6
      vertex 40.9565 -3.74524 5.71
    endloop
  endfacet
  facet normal -0.999343 -0.0362299 0
    outer loop
      vertex 40.9565 -3.74524 6
      vertex 41.0922 -7.48831 5.71
      vertex 41.0922 -7.48831 6
    endloop
  endfacet
  facet normal -0.998175 -0.060392 0
    outer loop
      vertex 41.3184 -11.227 5.71
      vertex 41.0922 -7.48831 6
      vertex 41.0922 -7.48831 5.71
    endloop
  endfacet
  facet normal -0.998175 -0.060392 0
    outer loop
      vertex 41.0922 -7.48831 6
      vertex 41.3184 -11.227 5.71
      vertex 41.3184 -11.227 6
    endloop
  endfacet
  facet normal -0.996426 -0.084475 0
    outer loop
      vertex 41.6348 -14.9591 5.71
      vertex 41.3184 -11.227 6
      vertex 41.3184 -11.227 5.71
    endloop
  endfacet
  facet normal -0.996426 -0.084475 0
    outer loop
      vertex 41.3184 -11.227 6
      vertex 41.6348 -14.9591 5.71
      vertex 41.6348 -14.9591 6
    endloop
  endfacet
  facet normal -0.994093 -0.10853 0
    outer loop
      vertex 42.0413 -18.6825 5.71
      vertex 41.6348 -14.9591 6
      vertex 41.6348 -14.9591 5.71
    endloop
  endfacet
  facet normal -0.994093 -0.10853 0
    outer loop
      vertex 41.6348 -14.9591 6
      vertex 42.0413 -18.6825 5.71
      vertex 42.0413 -18.6825 6
    endloop
  endfacet
  facet normal -0.991179 -0.132531 0
    outer loop
      vertex 42.5377 -22.395 5.71
      vertex 42.0413 -18.6825 6
      vertex 42.0413 -18.6825 5.71
    endloop
  endfacet
  facet normal -0.991179 -0.132531 0
    outer loop
      vertex 42.0413 -18.6825 6
      vertex 42.5377 -22.395 5.71
      vertex 42.5377 -22.395 6
    endloop
  endfacet
  facet normal -0.987689 -0.156427 0
    outer loop
      vertex 43.1236 -26.0944 5.71
      vertex 42.5377 -22.395 6
      vertex 42.5377 -22.395 5.71
    endloop
  endfacet
  facet normal -0.987689 -0.156427 0
    outer loop
      vertex 42.5377 -22.395 6
      vertex 43.1236 -26.0944 5.71
      vertex 43.1236 -26.0944 6
    endloop
  endfacet
  facet normal -0.983618 -0.180267 0
    outer loop
      vertex 43.7988 -29.7786 5.71
      vertex 43.1236 -26.0944 6
      vertex 43.1236 -26.0944 5.71
    endloop
  endfacet
  facet normal -0.983618 -0.180267 0
    outer loop
      vertex 43.1236 -26.0944 6
      vertex 43.7988 -29.7786 5.71
      vertex 43.7988 -29.7786 6
    endloop
  endfacet
  facet normal -0.978981 -0.20395 0
    outer loop
      vertex 44.5627 -33.4454 5.71
      vertex 43.7988 -29.7786 6
      vertex 43.7988 -29.7786 5.71
    endloop
  endfacet
  facet normal -0.978981 -0.20395 0
    outer loop
      vertex 43.7988 -29.7786 6
      vertex 44.5627 -33.4454 5.71
      vertex 44.5627 -33.4454 6
    endloop
  endfacet
  facet normal -0.973749 -0.227624 0
    outer loop
      vertex 44.5627 -33.4454 5.71
      vertex 44.9438 -35.0757 6
      vertex 44.5627 -33.4454 6
    endloop
  endfacet
  facet normal -0.973757 -0.22759 0.000204303
    outer loop
      vertex 45.15 -35.9582 5.71
      vertex 44.9438 -35.0757 6
      vertex 44.5627 -33.4454 5.71
    endloop
  endfacet
  facet normal -0.973772 -0.227526 0
    outer loop
      vertex 44.9438 -35.0757 6
      vertex 45.15 -35.9582 5.71
      vertex 45.15 -35.9582 6
    endloop
  endfacet
  facet normal 0.978981 -0.20395 0
    outer loop
      vertex -44.5627 -33.4454 6
      vertex -43.7988 -29.7786 5.71
      vertex -43.7988 -29.7786 6
    endloop
  endfacet
  facet normal 0.978981 -0.20395 0
    outer loop
      vertex -43.7988 -29.7786 5.71
      vertex -44.5627 -33.4454 6
      vertex -44.5627 -33.4454 5.71
    endloop
  endfacet
  facet normal 0.983618 -0.180267 0
    outer loop
      vertex -43.7988 -29.7786 6
      vertex -43.1236 -26.0944 5.71
      vertex -43.1236 -26.0944 6
    endloop
  endfacet
  facet normal 0.983618 -0.180267 0
    outer loop
      vertex -43.1236 -26.0944 5.71
      vertex -43.7988 -29.7786 6
      vertex -43.7988 -29.7786 5.71
    endloop
  endfacet
  facet normal 0.987689 -0.156427 0
    outer loop
      vertex -43.1236 -26.0944 6
      vertex -42.5377 -22.395 5.71
      vertex -42.5377 -22.395 6
    endloop
  endfacet
  facet normal 0.987689 -0.156427 0
    outer loop
      vertex -42.5377 -22.395 5.71
      vertex -43.1236 -26.0944 6
      vertex -43.1236 -26.0944 5.71
    endloop
  endfacet
  facet normal 0.991179 -0.132531 0
    outer loop
      vertex -42.5377 -22.395 6
      vertex -42.0413 -18.6825 5.71
      vertex -42.0413 -18.6825 6
    endloop
  endfacet
  facet normal 0.991179 -0.132531 0
    outer loop
      vertex -42.0413 -18.6825 5.71
      vertex -42.5377 -22.395 6
      vertex -42.5377 -22.395 5.71
    endloop
  endfacet
  facet normal 0.994093 -0.10853 0
    outer loop
      vertex -42.0413 -18.6825 6
      vertex -41.6348 -14.9591 5.71
      vertex -41.6348 -14.9591 6
    endloop
  endfacet
  facet normal 0.994093 -0.10853 0
    outer loop
      vertex -41.6348 -14.9591 5.71
      vertex -42.0413 -18.6825 6
      vertex -42.0413 -18.6825 5.71
    endloop
  endfacet
  facet normal 0.996426 -0.084475 0
    outer loop
      vertex -41.6348 -14.9591 6
      vertex -41.3184 -11.227 5.71
      vertex -41.3184 -11.227 6
    endloop
  endfacet
  facet normal 0.996426 -0.084475 0
    outer loop
      vertex -41.3184 -11.227 5.71
      vertex -41.6348 -14.9591 6
      vertex -41.6348 -14.9591 5.71
    endloop
  endfacet
  facet normal 0.998175 -0.060392 0
    outer loop
      vertex -41.3184 -11.227 6
      vertex -41.0922 -7.48831 5.71
      vertex -41.0922 -7.48831 6
    endloop
  endfacet
  facet normal 0.998175 -0.060392 0
    outer loop
      vertex -41.0922 -7.48831 5.71
      vertex -41.3184 -11.227 6
      vertex -41.3184 -11.227 5.71
    endloop
  endfacet
  facet normal 0.999343 -0.0362299 0
    outer loop
      vertex -41.0922 -7.48831 6
      vertex -40.9565 -3.74524 5.71
      vertex -40.9565 -3.74524 6
    endloop
  endfacet
  facet normal 0.999343 -0.0362299 0
    outer loop
      vertex -40.9565 -3.74524 5.71
      vertex -41.0922 -7.48831 6
      vertex -41.0922 -7.48831 5.71
    endloop
  endfacet
  facet normal 0.999927 -0.0120945 0
    outer loop
      vertex -40.9565 -3.74524 6
      vertex -40.9112 0 5.71
      vertex -40.9112 0 6
    endloop
  endfacet
  facet normal 0.999927 -0.0120945 0
    outer loop
      vertex -40.9112 0 5.71
      vertex -40.9565 -3.74524 6
      vertex -40.9565 -3.74524 5.71
    endloop
  endfacet
  facet normal 0.999927 0.0120945 0
    outer loop
      vertex -40.9112 0 6
      vertex -40.9565 3.74524 5.71
      vertex -40.9565 3.74524 6
    endloop
  endfacet
  facet normal 0.999927 0.0120945 0
    outer loop
      vertex -40.9565 3.74524 5.71
      vertex -40.9112 0 6
      vertex -40.9112 0 5.71
    endloop
  endfacet
  facet normal 0.999343 0.0362299 0
    outer loop
      vertex -40.9565 3.74524 6
      vertex -41.0922 7.48831 5.71
      vertex -41.0922 7.48831 6
    endloop
  endfacet
  facet normal 0.999343 0.0362299 0
    outer loop
      vertex -41.0922 7.48831 5.71
      vertex -40.9565 3.74524 6
      vertex -40.9565 3.74524 5.71
    endloop
  endfacet
  facet normal 0.998175 0.060392 0
    outer loop
      vertex -41.0922 7.48831 6
      vertex -41.3184 11.227 5.71
      vertex -41.3184 11.227 6
    endloop
  endfacet
  facet normal 0.998175 0.060392 0
    outer loop
      vertex -41.3184 11.227 5.71
      vertex -41.0922 7.48831 6
      vertex -41.0922 7.48831 5.71
    endloop
  endfacet
  facet normal 0.996426 0.084475 0
    outer loop
      vertex -41.3184 11.227 6
      vertex -41.6348 14.9591 5.71
      vertex -41.6348 14.9591 6
    endloop
  endfacet
  facet normal 0.996426 0.084475 0
    outer loop
      vertex -41.6348 14.9591 5.71
      vertex -41.3184 11.227 6
      vertex -41.3184 11.227 5.71
    endloop
  endfacet
  facet normal 0.994093 0.10853 0
    outer loop
      vertex -41.6348 14.9591 6
      vertex -42.0413 18.6825 5.71
      vertex -42.0413 18.6825 6
    endloop
  endfacet
  facet normal 0.994093 0.10853 0
    outer loop
      vertex -42.0413 18.6825 5.71
      vertex -41.6348 14.9591 6
      vertex -41.6348 14.9591 5.71
    endloop
  endfacet
  facet normal 0.991179 0.132531 0
    outer loop
      vertex -42.0413 18.6825 6
      vertex -42.5377 22.395 5.71
      vertex -42.5377 22.395 6
    endloop
  endfacet
  facet normal 0.991179 0.132531 0
    outer loop
      vertex -42.5377 22.395 5.71
      vertex -42.0413 18.6825 6
      vertex -42.0413 18.6825 5.71
    endloop
  endfacet
  facet normal 0.987689 0.156427 0
    outer loop
      vertex -42.5377 22.395 6
      vertex -43.1236 26.0944 5.71
      vertex -43.1236 26.0944 6
    endloop
  endfacet
  facet normal 0.987689 0.156427 0
    outer loop
      vertex -43.1236 26.0944 5.71
      vertex -42.5377 22.395 6
      vertex -42.5377 22.395 5.71
    endloop
  endfacet
  facet normal 0.983618 0.180267 0
    outer loop
      vertex -43.1236 26.0944 6
      vertex -43.7988 29.7786 5.71
      vertex -43.7988 29.7786 6
    endloop
  endfacet
  facet normal 0.983618 0.180267 0
    outer loop
      vertex -43.7988 29.7786 5.71
      vertex -43.1236 26.0944 6
      vertex -43.1236 26.0944 5.71
    endloop
  endfacet
  facet normal 0.978981 0.20395 0
    outer loop
      vertex -43.7988 29.7786 6
      vertex -44.5627 33.4454 5.71
      vertex -44.5627 33.4454 6
    endloop
  endfacet
  facet normal 0.978981 0.20395 0
    outer loop
      vertex -44.5627 33.4454 5.71
      vertex -43.7988 29.7786 6
      vertex -43.7988 29.7786 5.71
    endloop
  endfacet
  facet normal 0.973772 0.227526 0
    outer loop
      vertex -44.9438 35.0757 6
      vertex -45.15 35.9582 5.71
      vertex -45.15 35.9582 6
    endloop
  endfacet
  facet normal 0.973749 0.227624 -0
    outer loop
      vertex -44.5627 33.4454 5.71
      vertex -44.9438 35.0757 6
      vertex -44.5627 33.4454 6
    endloop
  endfacet
  facet normal 0.973757 0.22759 0.000204303
    outer loop
      vertex -44.9438 35.0757 6
      vertex -44.5627 33.4454 5.71
      vertex -45.15 35.9582 5.71
    endloop
  endfacet
  facet normal -0.983618 -0.180264 0
    outer loop
      vertex -44.6022 25.8419 5.7
      vertex -45.15 28.831 6
      vertex -45.15 28.831 5.7
    endloop
  endfacet
  facet normal -0.983618 -0.180264 0
    outer loop
      vertex -45.15 28.831 6
      vertex -44.6022 25.8419 5.7
      vertex -44.6022 25.8419 6
    endloop
  endfacet
  facet normal -0.987691 -0.156419 0
    outer loop
      vertex -44.022 22.1783 5.7
      vertex -44.6022 25.8419 6
      vertex -44.6022 25.8419 5.7
    endloop
  endfacet
  facet normal -0.987691 -0.156419 0
    outer loop
      vertex -44.6022 25.8419 6
      vertex -44.022 22.1783 5.7
      vertex -44.022 22.1783 6
    endloop
  endfacet
  facet normal -0.991179 -0.132531 0
    outer loop
      vertex -43.5304 18.5017 5.7
      vertex -44.022 22.1783 6
      vertex -44.022 22.1783 5.7
    endloop
  endfacet
  facet normal -0.991179 -0.132531 0
    outer loop
      vertex -44.022 22.1783 6
      vertex -43.5304 18.5017 5.7
      vertex -43.5304 18.5017 6
    endloop
  endfacet
  facet normal -0.994092 -0.108541 0
    outer loop
      vertex -43.1278 14.8144 5.7
      vertex -43.5304 18.5017 6
      vertex -43.5304 18.5017 5.7
    endloop
  endfacet
  facet normal -0.994092 -0.108541 0
    outer loop
      vertex -43.5304 18.5017 6
      vertex -43.1278 14.8144 5.7
      vertex -43.1278 14.8144 6
    endloop
  endfacet
  facet normal -0.996427 -0.0844621 0
    outer loop
      vertex -42.8145 11.1183 5.7
      vertex -43.1278 14.8144 6
      vertex -43.1278 14.8144 5.7
    endloop
  endfacet
  facet normal -0.996427 -0.0844621 0
    outer loop
      vertex -43.1278 14.8144 6
      vertex -42.8145 11.1183 5.7
      vertex -42.8145 11.1183 6
    endloop
  endfacet
  facet normal -0.998175 -0.0603897 0
    outer loop
      vertex -42.5905 7.41583 5.7
      vertex -42.8145 11.1183 6
      vertex -42.8145 11.1183 5.7
    endloop
  endfacet
  facet normal -0.998175 -0.0603897 0
    outer loop
      vertex -42.8145 11.1183 6
      vertex -42.5905 7.41583 5.7
      vertex -42.5905 7.41583 6
    endloop
  endfacet
  facet normal -0.999343 -0.0362336 0
    outer loop
      vertex -42.4561 3.709 5.7
      vertex -42.5905 7.41583 6
      vertex -42.5905 7.41583 5.7
    endloop
  endfacet
  facet normal -0.999343 -0.0362336 0
    outer loop
      vertex -42.5905 7.41583 6
      vertex -42.4561 3.709 5.7
      vertex -42.4561 3.709 6
    endloop
  endfacet
  facet normal -0.999927 -0.0121048 0
    outer loop
      vertex -42.4112 0 5.7
      vertex -42.4561 3.709 6
      vertex -42.4561 3.709 5.7
    endloop
  endfacet
  facet normal -0.999927 -0.0121048 0
    outer loop
      vertex -42.4561 3.709 6
      vertex -42.4112 0 5.7
      vertex -42.4112 0 6
    endloop
  endfacet
  facet normal -0.999927 0.0121048 0
    outer loop
      vertex -42.4561 -3.709 5.7
      vertex -42.4112 0 6
      vertex -42.4112 0 5.7
    endloop
  endfacet
  facet normal -0.999927 0.0121048 0
    outer loop
      vertex -42.4112 0 6
      vertex -42.4561 -3.709 5.7
      vertex -42.4561 -3.709 6
    endloop
  endfacet
  facet normal -0.999343 0.0362336 0
    outer loop
      vertex -42.5905 -7.41583 5.7
      vertex -42.4561 -3.709 6
      vertex -42.4561 -3.709 5.7
    endloop
  endfacet
  facet normal -0.999343 0.0362336 0
    outer loop
      vertex -42.4561 -3.709 6
      vertex -42.5905 -7.41583 5.7
      vertex -42.5905 -7.41583 6
    endloop
  endfacet
  facet normal -0.998175 0.0603897 0
    outer loop
      vertex -42.8145 -11.1183 5.7
      vertex -42.5905 -7.41583 6
      vertex -42.5905 -7.41583 5.7
    endloop
  endfacet
  facet normal -0.998175 0.0603897 0
    outer loop
      vertex -42.5905 -7.41583 6
      vertex -42.8145 -11.1183 5.7
      vertex -42.8145 -11.1183 6
    endloop
  endfacet
  facet normal -0.996427 0.0844621 0
    outer loop
      vertex -43.1278 -14.8144 5.7
      vertex -42.8145 -11.1183 6
      vertex -42.8145 -11.1183 5.7
    endloop
  endfacet
  facet normal -0.996427 0.0844621 0
    outer loop
      vertex -42.8145 -11.1183 6
      vertex -43.1278 -14.8144 5.7
      vertex -43.1278 -14.8144 6
    endloop
  endfacet
  facet normal -0.994092 0.108541 0
    outer loop
      vertex -43.5304 -18.5017 5.7
      vertex -43.1278 -14.8144 6
      vertex -43.1278 -14.8144 5.7
    endloop
  endfacet
  facet normal -0.994092 0.108541 0
    outer loop
      vertex -43.1278 -14.8144 6
      vertex -43.5304 -18.5017 5.7
      vertex -43.5304 -18.5017 6
    endloop
  endfacet
  facet normal -0.991179 0.132531 0
    outer loop
      vertex -44.022 -22.1783 5.7
      vertex -43.5304 -18.5017 6
      vertex -43.5304 -18.5017 5.7
    endloop
  endfacet
  facet normal -0.991179 0.132531 0
    outer loop
      vertex -43.5304 -18.5017 6
      vertex -44.022 -22.1783 5.7
      vertex -44.022 -22.1783 6
    endloop
  endfacet
  facet normal -0.987691 0.156419 0
    outer loop
      vertex -44.6022 -25.8419 5.7
      vertex -44.022 -22.1783 6
      vertex -44.022 -22.1783 5.7
    endloop
  endfacet
  facet normal -0.987691 0.156419 0
    outer loop
      vertex -44.022 -22.1783 6
      vertex -44.6022 -25.8419 5.7
      vertex -44.6022 -25.8419 6
    endloop
  endfacet
  facet normal -0.983618 0.180264 0
    outer loop
      vertex -45.15 -28.831 5.7
      vertex -44.6022 -25.8419 6
      vertex -44.6022 -25.8419 5.7
    endloop
  endfacet
  facet normal -0.983618 0.180264 0
    outer loop
      vertex -44.6022 -25.8419 6
      vertex -45.15 -28.831 5.7
      vertex -45.15 -28.831 6
    endloop
  endfacet
  facet normal 0.973749 -0.227624 0
    outer loop
      vertex -44.9438 -35.0757 6
      vertex -44.5627 -33.4454 5.71
      vertex -44.5627 -33.4454 6
    endloop
  endfacet
  facet normal 0.973772 -0.227526 0
    outer loop
      vertex -45.15 -35.9582 5.71
      vertex -44.9438 -35.0757 6
      vertex -45.15 -35.9582 6
    endloop
  endfacet
  facet normal 0.973757 -0.22759 0.000204303
    outer loop
      vertex -44.9438 -35.0757 6
      vertex -45.15 -35.9582 5.71
      vertex -44.5627 -33.4454 5.71
    endloop
  endfacet
  facet normal 0 0 -1
    outer loop
      vertex 44.8045 -34.6272 2.5
      vertex 45.15 -29.3462 2.5
      vertex 45.15 -35.9595 2.5
    endloop
  endfacet
  facet normal 0 0 -1
    outer loop
      vertex 44.0088 -31.2224 2.5
      vertex 45.15 -29.3462 2.5
      vertex 44.8045 -34.6272 2.5
    endloop
  endfacet
  facet normal 0 0 -1
    outer loop
      vertex 43.2956 -27.7993 2.5
      vertex 45.15 -29.3462 2.5
      vertex 44.0088 -31.2224 2.5
    endloop
  endfacet
  facet normal 0 0 -1
    outer loop
      vertex 45.15 -29.3462 2.5
      vertex 43.2956 -27.7993 2.5
      vertex 44.7677 -27.5111 2.5
    endloop
  endfacet
  facet normal -0 0 -1
    outer loop
      vertex 44.7677 -27.5111 2.5
      vertex 43.2956 -27.7993 2.5
      vertex 44.1439 -24.1075 2.5
    endloop
  endfacet
  facet normal 0 0 -1
    outer loop
      vertex 42.6653 -24.36 2.5
      vertex 44.1439 -24.1075 2.5
      vertex 43.2956 -27.7993 2.5
    endloop
  endfacet
  facet normal -0 0 -1
    outer loop
      vertex 44.1439 -24.1075 2.5
      vertex 42.6653 -24.36 2.5
      vertex 43.6026 -20.6898 2.5
    endloop
  endfacet
  facet normal 0 0 -1
    outer loop
      vertex 42.1183 -20.9065 2.5
      vertex 43.6026 -20.6898 2.5
      vertex 42.6653 -24.36 2.5
    endloop
  endfacet
  facet normal -0 0 -1
    outer loop
      vertex 43.6026 -20.6898 2.5
      vertex 42.1183 -20.9065 2.5
      vertex 43.144 -17.2599 2.5
    endloop
  endfacet
  facet normal 0 0 -1
    outer loop
      vertex 41.655 -17.4408 2.5
      vertex 43.144 -17.2599 2.5
      vertex 42.1183 -20.9065 2.5
    endloop
  endfacet
  facet normal -0 0 -1
    outer loop
      vertex 43.144 -17.2599 2.5
      vertex 41.655 -17.4408 2.5
      vertex 42.7685 -13.8201 2.5
    endloop
  endfacet
  facet normal 0 0 -1
    outer loop
      vertex 41.2755 -13.9648 2.5
      vertex 42.7685 -13.8201 2.5
      vertex 41.655 -17.4408 2.5
    endloop
  endfacet
  facet normal -0 0 -1
    outer loop
      vertex 42.7685 -13.8201 2.5
      vertex 41.2755 -13.9648 2.5
      vertex 42.4761 -10.3721 2.5
    endloop
  endfacet
  facet normal 0 0 -1
    outer loop
      vertex 40.9801 -10.4808 2.5
      vertex 42.4761 -10.3721 2.5
      vertex 41.2755 -13.9648 2.5
    endloop
  endfacet
  facet normal -0 0 -1
    outer loop
      vertex 42.4761 -10.3721 2.5
      vertex 40.9801 -10.4808 2.5
      vertex 42.2672 -6.91811 2.5
    endloop
  endfacet
  facet normal 0 0 -1
    outer loop
      vertex 45.15 29.3462 2.5
      vertex 44.8045 34.6272 2.5
      vertex 45.15 35.9595 2.5
    endloop
  endfacet
  facet normal 0 0 -1
    outer loop
      vertex 43.2956 27.7993 2.5
      vertex 45.15 29.3462 2.5
      vertex 44.7677 27.5111 2.5
    endloop
  endfacet
  facet normal 0 0 -1
    outer loop
      vertex 43.2956 27.7993 2.5
      vertex 44.7677 27.5111 2.5
      vertex 44.1439 24.1075 2.5
    endloop
  endfacet
  facet normal 0 0 -1
    outer loop
      vertex 45.15 29.3462 2.5
      vertex 44.0088 31.2224 2.5
      vertex 44.8045 34.6272 2.5
    endloop
  endfacet
  facet normal 0 0 -1
    outer loop
      vertex 42.6653 24.36 2.5
      vertex 44.1439 24.1075 2.5
      vertex 43.6026 20.6898 2.5
    endloop
  endfacet
  facet normal -0 0 -1
    outer loop
      vertex 45.15 29.3462 2.5
      vertex 43.2956 27.7993 2.5
      vertex 44.0088 31.2224 2.5
    endloop
  endfacet
  facet normal 0 0 -1
    outer loop
      vertex 42.1183 20.9065 2.5
      vertex 43.6026 20.6898 2.5
      vertex 43.144 17.2599 2.5
    endloop
  endfacet
  facet normal 0 0 -1
    outer loop
      vertex 41.655 17.4408 2.5
      vertex 43.144 17.2599 2.5
      vertex 42.7685 13.8201 2.5
    endloop
  endfacet
  facet normal 0 0 -1
    outer loop
      vertex 44.1439 24.1075 2.5
      vertex 42.6653 24.36 2.5
      vertex 43.2956 27.7993 2.5
    endloop
  endfacet
  facet normal 0 0 -1
    outer loop
      vertex 41.2755 13.9648 2.5
      vertex 42.7685 13.8201 2.5
      vertex 42.4761 10.3721 2.5
    endloop
  endfacet
  facet normal 0 0 -1
    outer loop
      vertex 40.9801 10.4808 2.5
      vertex 42.4761 10.3721 2.5
      vertex 42.2672 6.91811 2.5
    endloop
  endfacet
  facet normal 0 0 -1
    outer loop
      vertex 40.769 6.99059 2.5
      vertex 42.2672 6.91811 2.5
      vertex 42.1418 3.46007 2.5
    endloop
  endfacet
  facet normal 0 0 -1
    outer loop
      vertex 43.6026 20.6898 2.5
      vertex 42.1183 20.9065 2.5
      vertex 42.6653 24.36 2.5
    endloop
  endfacet
  facet normal 0 0 -1
    outer loop
      vertex 40.6422 3.49631 2.5
      vertex 42.1418 3.46007 2.5
      vertex 42.1 0 2.5
    endloop
  endfacet
  facet normal 0 0 -1
    outer loop
      vertex 40.769 -6.99059 2.5
      vertex 42.2672 -6.91811 2.5
      vertex 40.9801 -10.4808 2.5
    endloop
  endfacet
  facet normal 0 0 -1
    outer loop
      vertex 43.144 17.2599 2.5
      vertex 41.655 17.4408 2.5
      vertex 42.1183 20.9065 2.5
    endloop
  endfacet
  facet normal -0 0 -1
    outer loop
      vertex 42.2672 -6.91811 2.5
      vertex 40.769 -6.99059 2.5
      vertex 42.1418 -3.46007 2.5
    endloop
  endfacet
  facet normal 0 0 -1
    outer loop
      vertex 42.7685 13.8201 2.5
      vertex 41.2755 13.9648 2.5
      vertex 41.655 17.4408 2.5
    endloop
  endfacet
  facet normal 0 0 -1
    outer loop
      vertex 40.6422 -3.49631 2.5
      vertex 42.1418 -3.46007 2.5
      vertex 40.769 -6.99059 2.5
    endloop
  endfacet
  facet normal 0 0 -1
    outer loop
      vertex 42.4761 10.3721 2.5
      vertex 40.9801 10.4808 2.5
      vertex 41.2755 13.9648 2.5
    endloop
  endfacet
  facet normal -0 0 -1
    outer loop
      vertex 42.1418 -3.46007 2.5
      vertex 40.6422 -3.49631 2.5
      vertex 42.1 0 2.5
    endloop
  endfacet
  facet normal 0 0 -1
    outer loop
      vertex 42.2672 6.91811 2.5
      vertex 40.769 6.99059 2.5
      vertex 40.9801 10.4808 2.5
    endloop
  endfacet
  facet normal 0 0 -1
    outer loop
      vertex 40.6 0 2.5
      vertex 42.1 0 2.5
      vertex 40.6422 -3.49631 2.5
    endloop
  endfacet
  facet normal 0 0 -1
    outer loop
      vertex 42.1418 3.46007 2.5
      vertex 40.6422 3.49631 2.5
      vertex 40.769 6.99059 2.5
    endloop
  endfacet
  facet normal 0 0 -1
    outer loop
      vertex 42.1 0 2.5
      vertex 40.6 0 2.5
      vertex 40.6422 3.49631 2.5
    endloop
  endfacet
  facet normal 0 0 -1
    outer loop
      vertex 21.4769 69.65 2.5
      vertex 25.7973 69.0824 2.5
      vertex 23.2607 68.4895 2.5
    endloop
  endfacet
  facet normal 0 0 -1
    outer loop
      vertex 25.7973 69.0824 2.5
      vertex 21.4769 69.65 2.5
      vertex 27.9861 69.65 2.5
    endloop
  endfacet
  facet normal 0 0 -1
    outer loop
      vertex 20.7105 67.9582 2.5
      vertex 21.4769 69.65 2.5
      vertex 23.2607 68.4895 2.5
    endloop
  endfacet
  facet normal 0 0 -1
    outer loop
      vertex 20.7105 67.9582 2.5
      vertex 20.4223 69.4303 2.5
      vertex 21.4769 69.65 2.5
    endloop
  endfacet
  facet normal 0 0 -1
    outer loop
      vertex 18.1482 67.4887 2.5
      vertex 20.4223 69.4303 2.5
      vertex 20.7105 67.9582 2.5
    endloop
  endfacet
  facet normal 0 0 -1
    outer loop
      vertex 18.1482 67.4887 2.5
      vertex 17.8957 68.9673 2.5
      vertex 20.4223 69.4303 2.5
    endloop
  endfacet
  facet normal 0 0 -1
    outer loop
      vertex 15.5753 67.0812 2.5
      vertex 17.8957 68.9673 2.5
      vertex 18.1482 67.4887 2.5
    endloop
  endfacet
  facet normal 0 0 -1
    outer loop
      vertex 15.5753 67.0812 2.5
      vertex 15.3586 68.5654 2.5
      vertex 17.8957 68.9673 2.5
    endloop
  endfacet
  facet normal 0 0 -1
    outer loop
      vertex 12.9934 66.7359 2.5
      vertex 15.3586 68.5654 2.5
      vertex 15.5753 67.0812 2.5
    endloop
  endfacet
  facet normal 0 0 -1
    outer loop
      vertex 12.9934 66.7359 2.5
      vertex 12.8125 68.225 2.5
      vertex 15.3586 68.5654 2.5
    endloop
  endfacet
  facet normal 0 0 -1
    outer loop
      vertex 10.4038 66.4532 2.5
      vertex 12.8125 68.225 2.5
      vertex 12.9934 66.7359 2.5
    endloop
  endfacet
  facet normal 0 0 -1
    outer loop
      vertex 10.4038 66.4532 2.5
      vertex 10.259 67.9462 2.5
      vertex 12.8125 68.225 2.5
    endloop
  endfacet
  facet normal 0 0 -1
    outer loop
      vertex 7.80817 66.2332 2.5
      vertex 10.259 67.9462 2.5
      vertex 10.4038 66.4532 2.5
    endloop
  endfacet
  facet normal 0 0 -1
    outer loop
      vertex 7.80817 66.2332 2.5
      vertex 7.69952 67.7292 2.5
      vertex 10.259 67.9462 2.5
    endloop
  endfacet
  facet normal 0 0 -1
    outer loop
      vertex 5.20798 66.0759 2.5
      vertex 7.69952 67.7292 2.5
      vertex 7.80817 66.2332 2.5
    endloop
  endfacet
  facet normal 0 0 -1
    outer loop
      vertex 5.20798 66.0759 2.5
      vertex 5.13551 67.5741 2.5
      vertex 7.69952 67.7292 2.5
    endloop
  endfacet
  facet normal 0 0 -1
    outer loop
      vertex 2.60475 65.9815 2.5
      vertex 5.13551 67.5741 2.5
      vertex 5.20798 66.0759 2.5
    endloop
  endfacet
  facet normal 0 0 -1
    outer loop
      vertex 2.60475 65.9815 2.5
      vertex 2.5685 67.481 2.5
      vertex 5.13551 67.5741 2.5
    endloop
  endfacet
  facet normal 0 0 -1
    outer loop
      vertex 0 65.95 2.5
      vertex 2.5685 67.481 2.5
      vertex 2.60475 65.9815 2.5
    endloop
  endfacet
  facet normal 0 0 -1
    outer loop
      vertex 0 65.95 2.5
      vertex 0 67.45 2.5
      vertex 2.5685 67.481 2.5
    endloop
  endfacet
  facet normal 0 0 -1
    outer loop
      vertex 0 65.95 2.5
      vertex -2.5685 67.481 2.5
      vertex 0 67.45 2.5
    endloop
  endfacet
  facet normal 0 0 -1
    outer loop
      vertex -2.60475 65.9815 2.5
      vertex -2.5685 67.481 2.5
      vertex 0 65.95 2.5
    endloop
  endfacet
  facet normal 0 0 -1
    outer loop
      vertex -2.60475 65.9815 2.5
      vertex -5.13551 67.5741 2.5
      vertex -2.5685 67.481 2.5
    endloop
  endfacet
  facet normal 0 0 -1
    outer loop
      vertex -5.20798 66.0759 2.5
      vertex -5.13551 67.5741 2.5
      vertex -2.60475 65.9815 2.5
    endloop
  endfacet
  facet normal 0 0 -1
    outer loop
      vertex -5.20798 66.0759 2.5
      vertex -7.69952 67.7292 2.5
      vertex -5.13551 67.5741 2.5
    endloop
  endfacet
  facet normal 0 0 -1
    outer loop
      vertex -7.80817 66.2332 2.5
      vertex -7.69952 67.7292 2.5
      vertex -5.20798 66.0759 2.5
    endloop
  endfacet
  facet normal 0 0 -1
    outer loop
      vertex -7.80817 66.2332 2.5
      vertex -10.259 67.9462 2.5
      vertex -7.69952 67.7292 2.5
    endloop
  endfacet
  facet normal 0 0 -1
    outer loop
      vertex -10.4038 66.4532 2.5
      vertex -10.259 67.9462 2.5
      vertex -7.80817 66.2332 2.5
    endloop
  endfacet
  facet normal 0 0 -1
    outer loop
      vertex -10.4038 66.4532 2.5
      vertex -12.8125 68.225 2.5
      vertex -10.259 67.9462 2.5
    endloop
  endfacet
  facet normal 0 0 -1
    outer loop
      vertex -12.9934 66.7359 2.5
      vertex -12.8125 68.225 2.5
      vertex -10.4038 66.4532 2.5
    endloop
  endfacet
  facet normal 0 0 -1
    outer loop
      vertex -12.9934 66.7359 2.5
      vertex -15.3586 68.5654 2.5
      vertex -12.8125 68.225 2.5
    endloop
  endfacet
  facet normal 0 0 -1
    outer loop
      vertex -15.5753 67.0812 2.5
      vertex -15.3586 68.5654 2.5
      vertex -12.9934 66.7359 2.5
    endloop
  endfacet
  facet normal 0 0 -1
    outer loop
      vertex -15.5753 67.0812 2.5
      vertex -17.8957 68.9673 2.5
      vertex -15.3586 68.5654 2.5
    endloop
  endfacet
  facet normal 0 0 -1
    outer loop
      vertex -18.1482 67.4887 2.5
      vertex -17.8957 68.9673 2.5
      vertex -15.5753 67.0812 2.5
    endloop
  endfacet
  facet normal 0 0 -1
    outer loop
      vertex -18.1482 67.4887 2.5
      vertex -20.4223 69.4303 2.5
      vertex -17.8957 68.9673 2.5
    endloop
  endfacet
  facet normal 0 0 -1
    outer loop
      vertex -20.7105 67.9582 2.5
      vertex -20.4223 69.4303 2.5
      vertex -18.1482 67.4887 2.5
    endloop
  endfacet
  facet normal 0 0 -1
    outer loop
      vertex -20.7105 67.9582 2.5
      vertex -21.4769 69.65 2.5
      vertex -20.4223 69.4303 2.5
    endloop
  endfacet
  facet normal 0 0 -1
    outer loop
      vertex -23.2607 68.4895 2.5
      vertex -21.4769 69.65 2.5
      vertex -20.7105 67.9582 2.5
    endloop
  endfacet
  facet normal 0 0 -1
    outer loop
      vertex -25.7973 69.0824 2.5
      vertex -21.4769 69.65 2.5
      vertex -23.2607 68.4895 2.5
    endloop
  endfacet
  facet normal -0 0 -1
    outer loop
      vertex -21.4769 69.65 2.5
      vertex -25.7973 69.0824 2.5
      vertex -27.9861 69.65 2.5
    endloop
  endfacet
  facet normal 0 0 -1
    outer loop
      vertex -42.1 0 2.5
      vertex -40.6 0 2.5
      vertex -40.6422 -3.49631 2.5
    endloop
  endfacet
  facet normal 0 0 -1
    outer loop
      vertex -42.1418 -3.46007 2.5
      vertex -40.6422 -3.49631 2.5
      vertex -40.769 -6.99059 2.5
    endloop
  endfacet
  facet normal 0 0 -1
    outer loop
      vertex -40.6 0 2.5
      vertex -42.1 0 2.5
      vertex -40.6422 3.49631 2.5
    endloop
  endfacet
  facet normal 0 0 -1
    outer loop
      vertex -42.2672 -6.91811 2.5
      vertex -40.769 -6.99059 2.5
      vertex -40.9801 -10.4808 2.5
    endloop
  endfacet
  facet normal 0 0 -1
    outer loop
      vertex -42.1418 3.46007 2.5
      vertex -40.6422 3.49631 2.5
      vertex -42.1 0 2.5
    endloop
  endfacet
  facet normal 0 0 -1
    outer loop
      vertex -42.4761 -10.3721 2.5
      vertex -40.9801 -10.4808 2.5
      vertex -41.2755 -13.9648 2.5
    endloop
  endfacet
  facet normal -0 0 -1
    outer loop
      vertex -40.6422 3.49631 2.5
      vertex -42.1418 3.46007 2.5
      vertex -40.769 6.99059 2.5
    endloop
  endfacet
  facet normal 0 0 -1
    outer loop
      vertex -42.7685 -13.8201 2.5
      vertex -41.2755 -13.9648 2.5
      vertex -41.655 -17.4408 2.5
    endloop
  endfacet
  facet normal 0 0 -1
    outer loop
      vertex -42.2672 6.91811 2.5
      vertex -40.769 6.99059 2.5
      vertex -42.1418 3.46007 2.5
    endloop
  endfacet
  facet normal -0 0 -1
    outer loop
      vertex -40.769 6.99059 2.5
      vertex -42.2672 6.91811 2.5
      vertex -40.9801 10.4808 2.5
    endloop
  endfacet
  facet normal 0 0 -1
    outer loop
      vertex -43.144 -17.2599 2.5
      vertex -41.655 -17.4408 2.5
      vertex -42.1183 -20.9065 2.5
    endloop
  endfacet
  facet normal 0 0 -1
    outer loop
      vertex -40.6422 -3.49631 2.5
      vertex -42.1418 -3.46007 2.5
      vertex -42.1 0 2.5
    endloop
  endfacet
  facet normal 0 0 -1
    outer loop
      vertex -40.769 -6.99059 2.5
      vertex -42.2672 -6.91811 2.5
      vertex -42.1418 -3.46007 2.5
    endloop
  endfacet
  facet normal 0 0 -1
    outer loop
      vertex -40.9801 -10.4808 2.5
      vertex -42.4761 -10.3721 2.5
      vertex -42.2672 -6.91811 2.5
    endloop
  endfacet
  facet normal 0 0 -1
    outer loop
      vertex -43.6026 -20.6898 2.5
      vertex -42.1183 -20.9065 2.5
      vertex -42.6653 -24.36 2.5
    endloop
  endfacet
  facet normal 0 0 -1
    outer loop
      vertex -41.2755 -13.9648 2.5
      vertex -42.7685 -13.8201 2.5
      vertex -42.4761 -10.3721 2.5
    endloop
  endfacet
  facet normal 0 0 -1
    outer loop
      vertex -41.655 -17.4408 2.5
      vertex -43.144 -17.2599 2.5
      vertex -42.7685 -13.8201 2.5
    endloop
  endfacet
  facet normal 0 0 -1
    outer loop
      vertex -44.1439 -24.1075 2.5
      vertex -42.6653 -24.36 2.5
      vertex -43.2956 -27.7993 2.5
    endloop
  endfacet
  facet normal 0 0 -1
    outer loop
      vertex -42.1183 -20.9065 2.5
      vertex -43.6026 -20.6898 2.5
      vertex -43.144 -17.2599 2.5
    endloop
  endfacet
  facet normal 0 0 -1
    outer loop
      vertex -45.15 -29.3462 2.5
      vertex -43.2956 -27.7993 2.5
      vertex -44.0088 -31.2224 2.5
    endloop
  endfacet
  facet normal 0 0 -1
    outer loop
      vertex -42.6653 -24.36 2.5
      vertex -44.1439 -24.1075 2.5
      vertex -43.6026 -20.6898 2.5
    endloop
  endfacet
  facet normal 0 0 -1
    outer loop
      vertex -43.2956 -27.7993 2.5
      vertex -44.7677 -27.5111 2.5
      vertex -44.1439 -24.1075 2.5
    endloop
  endfacet
  facet normal 0 0 -1
    outer loop
      vertex -45.15 -29.3462 2.5
      vertex -44.0088 -31.2224 2.5
      vertex -44.8045 -34.6272 2.5
    endloop
  endfacet
  facet normal 0 0 -1
    outer loop
      vertex -45.15 -29.3462 2.5
      vertex -44.8045 -34.6272 2.5
      vertex -45.15 -35.9595 2.5
    endloop
  endfacet
  facet normal -0 0 -1
    outer loop
      vertex -43.2956 -27.7993 2.5
      vertex -45.15 -29.3462 2.5
      vertex -44.7677 -27.5111 2.5
    endloop
  endfacet
  facet normal 0 0 -1
    outer loop
      vertex -42.4761 10.3721 2.5
      vertex -40.9801 10.4808 2.5
      vertex -42.2672 6.91811 2.5
    endloop
  endfacet
  facet normal -0 0 -1
    outer loop
      vertex -40.9801 10.4808 2.5
      vertex -42.4761 10.3721 2.5
      vertex -41.2755 13.9648 2.5
    endloop
  endfacet
  facet normal 0 0 -1
    outer loop
      vertex -42.7685 13.8201 2.5
      vertex -41.2755 13.9648 2.5
      vertex -42.4761 10.3721 2.5
    endloop
  endfacet
  facet normal -0 0 -1
    outer loop
      vertex -41.2755 13.9648 2.5
      vertex -42.7685 13.8201 2.5
      vertex -41.655 17.4408 2.5
    endloop
  endfacet
  facet normal 0 0 -1
    outer loop
      vertex -43.144 17.2599 2.5
      vertex -41.655 17.4408 2.5
      vertex -42.7685 13.8201 2.5
    endloop
  endfacet
  facet normal -0 0 -1
    outer loop
      vertex -41.655 17.4408 2.5
      vertex -43.144 17.2599 2.5
      vertex -42.1183 20.9065 2.5
    endloop
  endfacet
  facet normal 0 0 -1
    outer loop
      vertex -43.6026 20.6898 2.5
      vertex -42.1183 20.9065 2.5
      vertex -43.144 17.2599 2.5
    endloop
  endfacet
  facet normal -0 0 -1
    outer loop
      vertex -42.1183 20.9065 2.5
      vertex -43.6026 20.6898 2.5
      vertex -42.6653 24.36 2.5
    endloop
  endfacet
  facet normal 0 0 -1
    outer loop
      vertex -44.1439 24.1075 2.5
      vertex -42.6653 24.36 2.5
      vertex -43.6026 20.6898 2.5
    endloop
  endfacet
  facet normal -0 0 -1
    outer loop
      vertex -42.6653 24.36 2.5
      vertex -44.1439 24.1075 2.5
      vertex -43.2956 27.7993 2.5
    endloop
  endfacet
  facet normal 0 0 -1
    outer loop
      vertex -44.7677 27.5111 2.5
      vertex -43.2956 27.7993 2.5
      vertex -44.1439 24.1075 2.5
    endloop
  endfacet
  facet normal 0 0 -1
    outer loop
      vertex -45.15 29.3462 2.5
      vertex -43.2956 27.7993 2.5
      vertex -44.7677 27.5111 2.5
    endloop
  endfacet
  facet normal 0 0 -1
    outer loop
      vertex -43.2956 27.7993 2.5
      vertex -45.15 29.3462 2.5
      vertex -44.0088 31.2224 2.5
    endloop
  endfacet
  facet normal -0 0 -1
    outer loop
      vertex -44.0088 31.2224 2.5
      vertex -45.15 29.3462 2.5
      vertex -44.8045 34.6272 2.5
    endloop
  endfacet
  facet normal -0 0 -1
    outer loop
      vertex -44.8045 34.6272 2.5
      vertex -45.15 29.3462 2.5
      vertex -45.15 35.9595 2.5
    endloop
  endfacet
  facet normal -0 0 1
    outer loop
      vertex 44.8045 34.6272 5.41
      vertex 44.1896 31.9283 5.41
      vertex 44.9649 35.2459 5.41
    endloop
  endfacet
  facet normal 0 0 1
    outer loop
      vertex 44.0088 31.2224 5.41
      vertex 44.1896 31.9283 5.41
      vertex 44.8045 34.6272 5.41
    endloop
  endfacet
  facet normal -0 0 1
    outer loop
      vertex 44.0088 31.2224 5.41
      vertex 43.4603 28.4278 5.41
      vertex 44.1896 31.9283 5.41
    endloop
  endfacet
  facet normal 0 0 1
    outer loop
      vertex 43.2956 27.7993 5.41
      vertex 43.4603 28.4278 5.41
      vertex 44.0088 31.2224 5.41
    endloop
  endfacet
  facet normal -0 0 1
    outer loop
      vertex 43.2956 27.7993 5.41
      vertex 42.8158 24.9108 5.41
      vertex 43.4603 28.4278 5.41
    endloop
  endfacet
  facet normal 0 0 1
    outer loop
      vertex 42.6653 24.36 5.41
      vertex 42.8158 24.9108 5.41
      vertex 43.2956 27.7993 5.41
    endloop
  endfacet
  facet normal -0 0 1
    outer loop
      vertex 42.6653 24.36 5.41
      vertex 42.2564 21.3792 5.41
      vertex 42.8158 24.9108 5.41
    endloop
  endfacet
  facet normal 0 0 1
    outer loop
      vertex 42.1183 20.9065 5.41
      vertex 42.2564 21.3792 5.41
      vertex 42.6653 24.36 5.41
    endloop
  endfacet
  facet normal -0 0 1
    outer loop
      vertex 42.1183 20.9065 5.41
      vertex 41.7826 17.8351 5.41
      vertex 42.2564 21.3792 5.41
    endloop
  endfacet
  facet normal 0 0 1
    outer loop
      vertex 41.655 17.4408 5.41
      vertex 41.7826 17.8351 5.41
      vertex 42.1183 20.9065 5.41
    endloop
  endfacet
  facet normal -0 0 1
    outer loop
      vertex 41.655 17.4408 5.41
      vertex 41.3945 14.2806 5.41
      vertex 41.7826 17.8351 5.41
    endloop
  endfacet
  facet normal 0 0 1
    outer loop
      vertex 41.2755 13.9648 5.41
      vertex 41.3945 14.2806 5.41
      vertex 41.655 17.4408 5.41
    endloop
  endfacet
  facet normal -0 0 1
    outer loop
      vertex 41.2755 13.9648 5.41
      vertex 41.0924 10.7177 5.41
      vertex 41.3945 14.2806 5.41
    endloop
  endfacet
  facet normal 0 0 1
    outer loop
      vertex 40.9801 10.4808 5.41
      vertex 41.0924 10.7177 5.41
      vertex 41.2755 13.9648 5.41
    endloop
  endfacet
  facet normal -0 0 1
    outer loop
      vertex 40.9801 10.4808 5.41
      vertex 40.8765 7.14864 5.41
      vertex 41.0924 10.7177 5.41
    endloop
  endfacet
  facet normal 0 0 1
    outer loop
      vertex 40.769 6.99059 5.41
      vertex 40.8765 7.14864 5.41
      vertex 40.9801 10.4808 5.41
    endloop
  endfacet
  facet normal -0 0 1
    outer loop
      vertex 40.769 6.99059 5.41
      vertex 40.7469 3.57535 5.41
      vertex 40.8765 7.14864 5.41
    endloop
  endfacet
  facet normal 0 0 1
    outer loop
      vertex 40.6422 3.49631 5.41
      vertex 40.7469 3.57535 5.41
      vertex 40.769 6.99059 5.41
    endloop
  endfacet
  facet normal 0 0 1
    outer loop
      vertex 40.7469 3.57535 5.41
      vertex 40.6422 3.49631 5.41
      vertex 40.7037 0 5.41
    endloop
  endfacet
  facet normal 0 0 1
    outer loop
      vertex 44.1896 -31.9283 5.41
      vertex 44.8045 -34.6272 5.41
      vertex 44.9649 -35.2459 5.41
    endloop
  endfacet
  facet normal 0 0 1
    outer loop
      vertex 44.1896 -31.9283 5.41
      vertex 44.0088 -31.2224 5.41
      vertex 44.8045 -34.6272 5.41
    endloop
  endfacet
  facet normal 0 0 1
    outer loop
      vertex 43.4603 -28.4278 5.41
      vertex 44.0088 -31.2224 5.41
      vertex 44.1896 -31.9283 5.41
    endloop
  endfacet
  facet normal 0 0 1
    outer loop
      vertex 43.4603 -28.4278 5.41
      vertex 43.2956 -27.7993 5.41
      vertex 44.0088 -31.2224 5.41
    endloop
  endfacet
  facet normal 0 0 1
    outer loop
      vertex 42.8158 -24.9108 5.41
      vertex 43.2956 -27.7993 5.41
      vertex 43.4603 -28.4278 5.41
    endloop
  endfacet
  facet normal 0 0 1
    outer loop
      vertex 42.8158 -24.9108 5.41
      vertex 42.6653 -24.36 5.41
      vertex 43.2956 -27.7993 5.41
    endloop
  endfacet
  facet normal 0 0 1
    outer loop
      vertex 42.2564 -21.3792 5.41
      vertex 42.6653 -24.36 5.41
      vertex 42.8158 -24.9108 5.41
    endloop
  endfacet
  facet normal 0 0 1
    outer loop
      vertex 42.2564 -21.3792 5.41
      vertex 42.1183 -20.9065 5.41
      vertex 42.6653 -24.36 5.41
    endloop
  endfacet
  facet normal 0 0 1
    outer loop
      vertex 41.7826 -17.8351 5.41
      vertex 42.1183 -20.9065 5.41
      vertex 42.2564 -21.3792 5.41
    endloop
  endfacet
  facet normal 0 0 1
    outer loop
      vertex 41.7826 -17.8351 5.41
      vertex 41.655 -17.4408 5.41
      vertex 42.1183 -20.9065 5.41
    endloop
  endfacet
  facet normal 0 0 1
    outer loop
      vertex 41.3945 -14.2806 5.41
      vertex 41.655 -17.4408 5.41
      vertex 41.7826 -17.8351 5.41
    endloop
  endfacet
  facet normal 0 0 1
    outer loop
      vertex 41.3945 -14.2806 5.41
      vertex 41.2755 -13.9648 5.41
      vertex 41.655 -17.4408 5.41
    endloop
  endfacet
  facet normal 0 0 1
    outer loop
      vertex 41.0924 -10.7177 5.41
      vertex 41.2755 -13.9648 5.41
      vertex 41.3945 -14.2806 5.41
    endloop
  endfacet
  facet normal 0 0 1
    outer loop
      vertex 41.0924 -10.7177 5.41
      vertex 40.9801 -10.4808 5.41
      vertex 41.2755 -13.9648 5.41
    endloop
  endfacet
  facet normal 0 0 1
    outer loop
      vertex 40.8765 -7.14864 5.41
      vertex 40.9801 -10.4808 5.41
      vertex 41.0924 -10.7177 5.41
    endloop
  endfacet
  facet normal 0 0 1
    outer loop
      vertex 40.8765 -7.14864 5.41
      vertex 40.769 -6.99059 5.41
      vertex 40.9801 -10.4808 5.41
    endloop
  endfacet
  facet normal 0 0 1
    outer loop
      vertex 40.7469 -3.57535 5.41
      vertex 40.769 -6.99059 5.41
      vertex 40.8765 -7.14864 5.41
    endloop
  endfacet
  facet normal -0 0 1
    outer loop
      vertex 40.6422 -3.49631 5.41
      vertex 40.7469 -3.57535 5.41
      vertex 40.7037 0 5.41
    endloop
  endfacet
  facet normal 0 0 1
    outer loop
      vertex 40.6 0 5.41
      vertex 40.7037 0 5.41
      vertex 40.6422 3.49631 5.41
    endloop
  endfacet
  facet normal 0 0 1
    outer loop
      vertex 40.7469 -3.57535 5.41
      vertex 40.6422 -3.49631 5.41
      vertex 40.769 -6.99059 5.41
    endloop
  endfacet
  facet normal 0 0 1
    outer loop
      vertex 40.7037 0 5.41
      vertex 40.6 0 5.41
      vertex 40.6422 -3.49631 5.41
    endloop
  endfacet
  facet normal 0 0 1
    outer loop
      vertex 26.2953 69.2153 5.41
      vertex 27.9861 69.65 5.41
      vertex 27.9714 69.65 5.41
    endloop
  endfacet
  facet normal -0 0 1
    outer loop
      vertex 26.2953 69.2153 5.41
      vertex 25.7973 69.0824 5.41
      vertex 27.9861 69.65 5.41
    endloop
  endfacet
  facet normal 0 0 1
    outer loop
      vertex 23.7097 68.6111 5.41
      vertex 25.7973 69.0824 5.41
      vertex 26.2953 69.2153 5.41
    endloop
  endfacet
  facet normal -0 0 1
    outer loop
      vertex 23.7097 68.6111 5.41
      vertex 23.2607 68.4895 5.41
      vertex 25.7973 69.0824 5.41
    endloop
  endfacet
  facet normal 0 0 1
    outer loop
      vertex 21.1103 68.0695 5.41
      vertex 23.2607 68.4895 5.41
      vertex 23.7097 68.6111 5.41
    endloop
  endfacet
  facet normal -0 0 1
    outer loop
      vertex 21.1103 68.0695 5.41
      vertex 20.7105 67.9582 5.41
      vertex 23.2607 68.4895 5.41
    endloop
  endfacet
  facet normal 0 0 1
    outer loop
      vertex 18.4986 67.5909 5.41
      vertex 20.7105 67.9582 5.41
      vertex 21.1103 68.0695 5.41
    endloop
  endfacet
  facet normal -0 0 1
    outer loop
      vertex 18.4986 67.5909 5.41
      vertex 18.1482 67.4887 5.41
      vertex 20.7105 67.9582 5.41
    endloop
  endfacet
  facet normal 0 0 1
    outer loop
      vertex 15.876 67.1755 5.41
      vertex 18.1482 67.4887 5.41
      vertex 18.4986 67.5909 5.41
    endloop
  endfacet
  facet normal -0 0 1
    outer loop
      vertex 15.876 67.1755 5.41
      vertex 15.5753 67.0812 5.41
      vertex 18.1482 67.4887 5.41
    endloop
  endfacet
  facet normal 0 0 1
    outer loop
      vertex 13.2442 66.8236 5.41
      vertex 15.5753 67.0812 5.41
      vertex 15.876 67.1755 5.41
    endloop
  endfacet
  facet normal -0 0 1
    outer loop
      vertex 13.2442 66.8236 5.41
      vertex 12.9934 66.7359 5.41
      vertex 15.5753 67.0812 5.41
    endloop
  endfacet
  facet normal 0 0 1
    outer loop
      vertex 10.6047 66.5354 5.41
      vertex 12.9934 66.7359 5.41
      vertex 13.2442 66.8236 5.41
    endloop
  endfacet
  facet normal -0 0 1
    outer loop
      vertex 10.6047 66.5354 5.41
      vertex 10.4038 66.4532 5.41
      vertex 12.9934 66.7359 5.41
    endloop
  endfacet
  facet normal 0 0 1
    outer loop
      vertex 7.95892 66.3111 5.41
      vertex 10.4038 66.4532 5.41
      vertex 10.6047 66.5354 5.41
    endloop
  endfacet
  facet normal -0 0 1
    outer loop
      vertex 7.95892 66.3111 5.41
      vertex 7.80817 66.2332 5.41
      vertex 10.4038 66.4532 5.41
    endloop
  endfacet
  facet normal 0 0 1
    outer loop
      vertex 5.30853 66.1508 5.41
      vertex 7.80817 66.2332 5.41
      vertex 7.95892 66.3111 5.41
    endloop
  endfacet
  facet normal -0 0 1
    outer loop
      vertex 5.30853 66.1508 5.41
      vertex 5.20798 66.0759 5.41
      vertex 7.80817 66.2332 5.41
    endloop
  endfacet
  facet normal 0 0 1
    outer loop
      vertex 2.65503 66.0546 5.41
      vertex 5.20798 66.0759 5.41
      vertex 5.30853 66.1508 5.41
    endloop
  endfacet
  facet normal -0 0 1
    outer loop
      vertex 2.65503 66.0546 5.41
      vertex 2.60475 65.9815 5.41
      vertex 5.20798 66.0759 5.41
    endloop
  endfacet
  facet normal -0 0 1
    outer loop
      vertex 0 66.0225 5.41
      vertex 2.60475 65.9815 5.41
      vertex 2.65503 66.0546 5.41
    endloop
  endfacet
  facet normal 0 0 1
    outer loop
      vertex 0 66.0225 5.41
      vertex 0 65.95 5.41
      vertex 2.60475 65.9815 5.41
    endloop
  endfacet
  facet normal 0 0 1
    outer loop
      vertex 0 66.0225 5.41
      vertex -2.60475 65.9815 5.41
      vertex 0 65.95 5.41
    endloop
  endfacet
  facet normal 0 0 1
    outer loop
      vertex -2.65503 66.0546 5.41
      vertex -2.60475 65.9815 5.41
      vertex 0 66.0225 5.41
    endloop
  endfacet
  facet normal 0 0 1
    outer loop
      vertex -2.65503 66.0546 5.41
      vertex -5.20798 66.0759 5.41
      vertex -2.60475 65.9815 5.41
    endloop
  endfacet
  facet normal 0 0 1
    outer loop
      vertex -5.30853 66.1508 5.41
      vertex -5.20798 66.0759 5.41
      vertex -2.65503 66.0546 5.41
    endloop
  endfacet
  facet normal 0 0 1
    outer loop
      vertex -5.30853 66.1508 5.41
      vertex -7.80817 66.2332 5.41
      vertex -5.20798 66.0759 5.41
    endloop
  endfacet
  facet normal 0 0 1
    outer loop
      vertex -7.95892 66.3111 5.41
      vertex -7.80817 66.2332 5.41
      vertex -5.30853 66.1508 5.41
    endloop
  endfacet
  facet normal 0 0 1
    outer loop
      vertex -7.95892 66.3111 5.41
      vertex -10.4038 66.4532 5.41
      vertex -7.80817 66.2332 5.41
    endloop
  endfacet
  facet normal 0 0 1
    outer loop
      vertex -10.6047 66.5354 5.41
      vertex -10.4038 66.4532 5.41
      vertex -7.95892 66.3111 5.41
    endloop
  endfacet
  facet normal 0 0 1
    outer loop
      vertex -10.6047 66.5354 5.41
      vertex -12.9934 66.7359 5.41
      vertex -10.4038 66.4532 5.41
    endloop
  endfacet
  facet normal 0 0 1
    outer loop
      vertex -13.2442 66.8236 5.41
      vertex -12.9934 66.7359 5.41
      vertex -10.6047 66.5354 5.41
    endloop
  endfacet
  facet normal 0 0 1
    outer loop
      vertex -13.2442 66.8236 5.41
      vertex -15.5753 67.0812 5.41
      vertex -12.9934 66.7359 5.41
    endloop
  endfacet
  facet normal 0 0 1
    outer loop
      vertex -15.876 67.1755 5.41
      vertex -15.5753 67.0812 5.41
      vertex -13.2442 66.8236 5.41
    endloop
  endfacet
  facet normal 0 0 1
    outer loop
      vertex -15.876 67.1755 5.41
      vertex -18.1482 67.4887 5.41
      vertex -15.5753 67.0812 5.41
    endloop
  endfacet
  facet normal 0 0 1
    outer loop
      vertex -18.4986 67.5909 5.41
      vertex -18.1482 67.4887 5.41
      vertex -15.876 67.1755 5.41
    endloop
  endfacet
  facet normal 0 0 1
    outer loop
      vertex -18.4986 67.5909 5.41
      vertex -20.7105 67.9582 5.41
      vertex -18.1482 67.4887 5.41
    endloop
  endfacet
  facet normal 0 0 1
    outer loop
      vertex -21.1103 68.0695 5.41
      vertex -20.7105 67.9582 5.41
      vertex -18.4986 67.5909 5.41
    endloop
  endfacet
  facet normal 0 0 1
    outer loop
      vertex -21.1103 68.0695 5.41
      vertex -23.2607 68.4895 5.41
      vertex -20.7105 67.9582 5.41
    endloop
  endfacet
  facet normal 0 0 1
    outer loop
      vertex -23.7097 68.6111 5.41
      vertex -23.2607 68.4895 5.41
      vertex -21.1103 68.0695 5.41
    endloop
  endfacet
  facet normal 0 0 1
    outer loop
      vertex -23.7097 68.6111 5.41
      vertex -25.7973 69.0824 5.41
      vertex -23.2607 68.4895 5.41
    endloop
  endfacet
  facet normal 0 0 1
    outer loop
      vertex -26.2953 69.2153 5.41
      vertex -25.7973 69.0824 5.41
      vertex -23.7097 68.6111 5.41
    endloop
  endfacet
  facet normal -0 0 1
    outer loop
      vertex -27.9861 69.65 5.41
      vertex -26.2953 69.2153 5.41
      vertex -27.9714 69.65 5.41
    endloop
  endfacet
  facet normal 0 0 1
    outer loop
      vertex -26.2953 69.2153 5.41
      vertex -27.9861 69.65 5.41
      vertex -25.7973 69.0824 5.41
    endloop
  endfacet
  facet normal 0 0 1
    outer loop
      vertex -40.7037 0 5.41
      vertex -40.6 0 5.41
      vertex -40.6422 3.49631 5.41
    endloop
  endfacet
  facet normal 0 0 1
    outer loop
      vertex -40.6 0 5.41
      vertex -40.7037 0 5.41
      vertex -40.6422 -3.49631 5.41
    endloop
  endfacet
  facet normal 0 0 1
    outer loop
      vertex -40.6422 3.49631 5.41
      vertex -40.7469 3.57535 5.41
      vertex -40.7037 0 5.41
    endloop
  endfacet
  facet normal 0 0 1
    outer loop
      vertex -40.769 6.99059 5.41
      vertex -40.7469 3.57535 5.41
      vertex -40.6422 3.49631 5.41
    endloop
  endfacet
  facet normal 0 0 1
    outer loop
      vertex -40.769 6.99059 5.41
      vertex -40.8765 7.14864 5.41
      vertex -40.7469 3.57535 5.41
    endloop
  endfacet
  facet normal 0 0 1
    outer loop
      vertex -40.9801 10.4808 5.41
      vertex -40.8765 7.14864 5.41
      vertex -40.769 6.99059 5.41
    endloop
  endfacet
  facet normal 0 0 1
    outer loop
      vertex -40.9801 10.4808 5.41
      vertex -41.0924 10.7177 5.41
      vertex -40.8765 7.14864 5.41
    endloop
  endfacet
  facet normal 0 0 1
    outer loop
      vertex -41.2755 13.9648 5.41
      vertex -41.0924 10.7177 5.41
      vertex -40.9801 10.4808 5.41
    endloop
  endfacet
  facet normal 0 0 1
    outer loop
      vertex -41.2755 13.9648 5.41
      vertex -41.3945 14.2806 5.41
      vertex -41.0924 10.7177 5.41
    endloop
  endfacet
  facet normal 0 0 1
    outer loop
      vertex -41.655 17.4408 5.41
      vertex -41.3945 14.2806 5.41
      vertex -41.2755 13.9648 5.41
    endloop
  endfacet
  facet normal 0 0 1
    outer loop
      vertex -41.655 17.4408 5.41
      vertex -41.7826 17.8351 5.41
      vertex -41.3945 14.2806 5.41
    endloop
  endfacet
  facet normal 0 0 1
    outer loop
      vertex -42.1183 20.9065 5.41
      vertex -41.7826 17.8351 5.41
      vertex -41.655 17.4408 5.41
    endloop
  endfacet
  facet normal 0 0 1
    outer loop
      vertex -42.1183 20.9065 5.41
      vertex -42.2564 21.3792 5.41
      vertex -41.7826 17.8351 5.41
    endloop
  endfacet
  facet normal 0 0 1
    outer loop
      vertex -42.6653 24.36 5.41
      vertex -42.2564 21.3792 5.41
      vertex -42.1183 20.9065 5.41
    endloop
  endfacet
  facet normal 0 0 1
    outer loop
      vertex -42.6653 24.36 5.41
      vertex -42.8158 24.9108 5.41
      vertex -42.2564 21.3792 5.41
    endloop
  endfacet
  facet normal 0 0 1
    outer loop
      vertex -43.2956 27.7993 5.41
      vertex -42.8158 24.9108 5.41
      vertex -42.6653 24.36 5.41
    endloop
  endfacet
  facet normal 0 0 1
    outer loop
      vertex -43.2956 27.7993 5.41
      vertex -43.4603 28.4278 5.41
      vertex -42.8158 24.9108 5.41
    endloop
  endfacet
  facet normal 0 0 1
    outer loop
      vertex -44.0088 31.2224 5.41
      vertex -43.4603 28.4278 5.41
      vertex -43.2956 27.7993 5.41
    endloop
  endfacet
  facet normal 0 0 1
    outer loop
      vertex -44.0088 31.2224 5.41
      vertex -44.1896 31.9283 5.41
      vertex -43.4603 28.4278 5.41
    endloop
  endfacet
  facet normal 0 0 1
    outer loop
      vertex -44.8045 34.6272 5.41
      vertex -44.1896 31.9283 5.41
      vertex -44.0088 31.2224 5.41
    endloop
  endfacet
  facet normal 0 0 1
    outer loop
      vertex -44.1896 31.9283 5.41
      vertex -44.8045 34.6272 5.41
      vertex -44.9649 35.2459 5.41
    endloop
  endfacet
  facet normal 0 0 1
    outer loop
      vertex -40.7469 -3.57535 5.41
      vertex -40.6422 -3.49631 5.41
      vertex -40.7037 0 5.41
    endloop
  endfacet
  facet normal -0 0 1
    outer loop
      vertex -40.7469 -3.57535 5.41
      vertex -40.769 -6.99059 5.41
      vertex -40.6422 -3.49631 5.41
    endloop
  endfacet
  facet normal 0 0 1
    outer loop
      vertex -40.8765 -7.14864 5.41
      vertex -40.769 -6.99059 5.41
      vertex -40.7469 -3.57535 5.41
    endloop
  endfacet
  facet normal -0 0 1
    outer loop
      vertex -40.8765 -7.14864 5.41
      vertex -40.9801 -10.4808 5.41
      vertex -40.769 -6.99059 5.41
    endloop
  endfacet
  facet normal 0 0 1
    outer loop
      vertex -41.0924 -10.7177 5.41
      vertex -40.9801 -10.4808 5.41
      vertex -40.8765 -7.14864 5.41
    endloop
  endfacet
  facet normal -0 0 1
    outer loop
      vertex -41.0924 -10.7177 5.41
      vertex -41.2755 -13.9648 5.41
      vertex -40.9801 -10.4808 5.41
    endloop
  endfacet
  facet normal 0 0 1
    outer loop
      vertex -41.3945 -14.2806 5.41
      vertex -41.2755 -13.9648 5.41
      vertex -41.0924 -10.7177 5.41
    endloop
  endfacet
  facet normal -0 0 1
    outer loop
      vertex -41.3945 -14.2806 5.41
      vertex -41.655 -17.4408 5.41
      vertex -41.2755 -13.9648 5.41
    endloop
  endfacet
  facet normal 0 0 1
    outer loop
      vertex -41.7826 -17.8351 5.41
      vertex -41.655 -17.4408 5.41
      vertex -41.3945 -14.2806 5.41
    endloop
  endfacet
  facet normal -0 0 1
    outer loop
      vertex -41.7826 -17.8351 5.41
      vertex -42.1183 -20.9065 5.41
      vertex -41.655 -17.4408 5.41
    endloop
  endfacet
  facet normal 0 0 1
    outer loop
      vertex -42.2564 -21.3792 5.41
      vertex -42.1183 -20.9065 5.41
      vertex -41.7826 -17.8351 5.41
    endloop
  endfacet
  facet normal -0 0 1
    outer loop
      vertex -42.2564 -21.3792 5.41
      vertex -42.6653 -24.36 5.41
      vertex -42.1183 -20.9065 5.41
    endloop
  endfacet
  facet normal 0 0 1
    outer loop
      vertex -42.8158 -24.9108 5.41
      vertex -42.6653 -24.36 5.41
      vertex -42.2564 -21.3792 5.41
    endloop
  endfacet
  facet normal -0 0 1
    outer loop
      vertex -42.8158 -24.9108 5.41
      vertex -43.2956 -27.7993 5.41
      vertex -42.6653 -24.36 5.41
    endloop
  endfacet
  facet normal 0 0 1
    outer loop
      vertex -43.4603 -28.4278 5.41
      vertex -43.2956 -27.7993 5.41
      vertex -42.8158 -24.9108 5.41
    endloop
  endfacet
  facet normal -0 0 1
    outer loop
      vertex -43.4603 -28.4278 5.41
      vertex -44.0088 -31.2224 5.41
      vertex -43.2956 -27.7993 5.41
    endloop
  endfacet
  facet normal 0 0 1
    outer loop
      vertex -44.1896 -31.9283 5.41
      vertex -44.0088 -31.2224 5.41
      vertex -43.4603 -28.4278 5.41
    endloop
  endfacet
  facet normal -0 0 1
    outer loop
      vertex -44.1896 -31.9283 5.41
      vertex -44.8045 -34.6272 5.41
      vertex -44.0088 -31.2224 5.41
    endloop
  endfacet
  facet normal 0 -0 1
    outer loop
      vertex -44.8045 -34.6272 5.41
      vertex -44.1896 -31.9283 5.41
      vertex -44.9649 -35.2459 5.41
    endloop
  endfacet
  facet normal 0.0362388 -0.999343 0
    outer loop
      vertex 2.60475 65.9815 2.5
      vertex 5.20798 66.0759 5.41
      vertex 2.60475 65.9815 5.41
    endloop
  endfacet
  facet normal 0.0362388 -0.999343 0
    outer loop
      vertex 5.20798 66.0759 5.41
      vertex 2.60475 65.9815 2.5
      vertex 5.20798 66.0759 2.5
    endloop
  endfacet
  facet normal 0.0603852 -0.998175 0
    outer loop
      vertex 5.20798 66.0759 2.5
      vertex 7.80817 66.2332 5.41
      vertex 5.20798 66.0759 5.41
    endloop
  endfacet
  facet normal 0.0603852 -0.998175 0
    outer loop
      vertex 7.80817 66.2332 5.41
      vertex 5.20798 66.0759 2.5
      vertex 7.80817 66.2332 2.5
    endloop
  endfacet
  facet normal 0.084455 -0.996427 0
    outer loop
      vertex 7.80817 66.2332 2.5
      vertex 10.4038 66.4532 5.41
      vertex 7.80817 66.2332 5.41
    endloop
  endfacet
  facet normal 0.084455 -0.996427 0
    outer loop
      vertex 10.4038 66.4532 5.41
      vertex 7.80817 66.2332 2.5
      vertex 10.4038 66.4532 2.5
    endloop
  endfacet
  facet normal 0.108523 -0.994094 0
    outer loop
      vertex 10.4038 66.4532 2.5
      vertex 12.9934 66.7359 5.41
      vertex 10.4038 66.4532 5.41
    endloop
  endfacet
  facet normal 0.108523 -0.994094 0
    outer loop
      vertex 12.9934 66.7359 5.41
      vertex 10.4038 66.4532 2.5
      vertex 12.9934 66.7359 2.5
    endloop
  endfacet
  facet normal 0.132558 -0.991175 0
    outer loop
      vertex 12.9934 66.7359 2.5
      vertex 15.5753 67.0812 5.41
      vertex 12.9934 66.7359 5.41
    endloop
  endfacet
  facet normal 0.132558 -0.991175 0
    outer loop
      vertex 15.5753 67.0812 5.41
      vertex 12.9934 66.7359 2.5
      vertex 15.5753 67.0812 2.5
    endloop
  endfacet
  facet normal 0.156432 -0.987689 0
    outer loop
      vertex 15.5753 67.0812 2.5
      vertex 18.1482 67.4887 5.41
      vertex 15.5753 67.0812 5.41
    endloop
  endfacet
  facet normal 0.156432 -0.987689 0
    outer loop
      vertex 18.1482 67.4887 5.41
      vertex 15.5753 67.0812 2.5
      vertex 18.1482 67.4887 2.5
    endloop
  endfacet
  facet normal 0.180233 -0.983624 0
    outer loop
      vertex 18.1482 67.4887 2.5
      vertex 20.7105 67.9582 5.41
      vertex 18.1482 67.4887 5.41
    endloop
  endfacet
  facet normal 0.180233 -0.983624 0
    outer loop
      vertex 20.7105 67.9582 5.41
      vertex 18.1482 67.4887 2.5
      vertex 20.7105 67.9582 2.5
    endloop
  endfacet
  facet normal 0.203957 -0.97898 0
    outer loop
      vertex 20.7105 67.9582 2.5
      vertex 23.2607 68.4895 5.41
      vertex 20.7105 67.9582 5.41
    endloop
  endfacet
  facet normal 0.203957 -0.97898 0
    outer loop
      vertex 23.2607 68.4895 5.41
      vertex 20.7105 67.9582 2.5
      vertex 23.2607 68.4895 2.5
    endloop
  endfacet
  facet normal 0.227603 -0.973754 0
    outer loop
      vertex 23.2607 68.4895 2.5
      vertex 25.7973 69.0824 5.41
      vertex 23.2607 68.4895 5.41
    endloop
  endfacet
  facet normal 0.227603 -0.973754 0
    outer loop
      vertex 25.7973 69.0824 5.41
      vertex 23.2607 68.4895 2.5
      vertex 25.7973 69.0824 2.5
    endloop
  endfacet
  facet normal 0.251017 -0.967983 0
    outer loop
      vertex 25.7973 69.0824 2.5
      vertex 27.9861 69.65 5.41
      vertex 25.7973 69.0824 5.41
    endloop
  endfacet
  facet normal 0.251017 -0.967983 0
    outer loop
      vertex 27.9861 69.65 5.41
      vertex 25.7973 69.0824 2.5
      vertex 27.9861 69.65 2.5
    endloop
  endfacet
  facet normal -0.203947 0.978982 0
    outer loop
      vertex 21.4769 69.65 2.5
      vertex 20.4223 69.4303 5.4
      vertex 21.4769 69.65 5.4
    endloop
  endfacet
  facet normal -0.203947 0.978982 0
    outer loop
      vertex 20.4223 69.4303 5.4
      vertex 21.4769 69.65 2.5
      vertex 20.4223 69.4303 2.5
    endloop
  endfacet
  facet normal -0.180249 0.983621 0
    outer loop
      vertex 20.4223 69.4303 2.5
      vertex 17.8957 68.9673 5.4
      vertex 20.4223 69.4303 5.4
    endloop
  endfacet
  facet normal -0.180249 0.983621 0
    outer loop
      vertex 17.8957 68.9673 5.4
      vertex 20.4223 69.4303 2.5
      vertex 17.8957 68.9673 2.5
    endloop
  endfacet
  facet normal -0.156458 0.987685 0
    outer loop
      vertex 17.8957 68.9673 2.5
      vertex 15.3586 68.5654 5.4
      vertex 17.8957 68.9673 5.4
    endloop
  endfacet
  facet normal -0.156458 0.987685 0
    outer loop
      vertex 15.3586 68.5654 5.4
      vertex 17.8957 68.9673 2.5
      vertex 15.3586 68.5654 2.5
    endloop
  endfacet
  facet normal -0.132516 0.991181 0
    outer loop
      vertex 15.3586 68.5654 2.5
      vertex 12.8125 68.225 5.4
      vertex 15.3586 68.5654 5.4
    endloop
  endfacet
  facet normal -0.132516 0.991181 0
    outer loop
      vertex 12.8125 68.225 5.4
      vertex 15.3586 68.5654 2.5
      vertex 12.8125 68.225 2.5
    endloop
  endfacet
  facet normal -0.108538 0.994092 0
    outer loop
      vertex 12.8125 68.225 2.5
      vertex 10.259 67.9462 5.4
      vertex 12.8125 68.225 5.4
    endloop
  endfacet
  facet normal -0.108538 0.994092 0
    outer loop
      vertex 10.259 67.9462 5.4
      vertex 12.8125 68.225 2.5
      vertex 10.259 67.9462 2.5
    endloop
  endfacet
  facet normal -0.0844798 0.996425 0
    outer loop
      vertex 10.259 67.9462 2.5
      vertex 7.69952 67.7292 5.4
      vertex 10.259 67.9462 5.4
    endloop
  endfacet
  facet normal -0.0844798 0.996425 0
    outer loop
      vertex 7.69952 67.7292 5.4
      vertex 10.259 67.9462 2.5
      vertex 7.69952 67.7292 2.5
    endloop
  endfacet
  facet normal -0.0603808 0.998175 0
    outer loop
      vertex 7.69952 67.7292 2.5
      vertex 5.13551 67.5741 5.4
      vertex 7.69952 67.7292 5.4
    endloop
  endfacet
  facet normal -0.0603808 0.998175 0
    outer loop
      vertex 5.13551 67.5741 5.4
      vertex 7.69952 67.7292 2.5
      vertex 5.13551 67.5741 2.5
    endloop
  endfacet
  facet normal -0.036244 0.999343 0
    outer loop
      vertex 5.13551 67.5741 2.5
      vertex 2.5685 67.481 5.4
      vertex 5.13551 67.5741 5.4
    endloop
  endfacet
  facet normal -0.036244 0.999343 0
    outer loop
      vertex 2.5685 67.481 5.4
      vertex 5.13551 67.5741 2.5
      vertex 2.5685 67.481 2.5
    endloop
  endfacet
  facet normal -0.0120684 0.999927 0
    outer loop
      vertex 2.5685 67.481 2.5
      vertex 0 67.45 5.4
      vertex 2.5685 67.481 5.4
    endloop
  endfacet
  facet normal -0.0120684 0.999927 0
    outer loop
      vertex 0 67.45 5.4
      vertex 2.5685 67.481 2.5
      vertex 0 67.45 2.5
    endloop
  endfacet
  facet normal 0.0120684 0.999927 -0
    outer loop
      vertex 0 67.45 2.5
      vertex -2.5685 67.481 5.4
      vertex 0 67.45 5.4
    endloop
  endfacet
  facet normal 0.0120684 0.999927 0
    outer loop
      vertex -2.5685 67.481 5.4
      vertex 0 67.45 2.5
      vertex -2.5685 67.481 2.5
    endloop
  endfacet
  facet normal 0.036244 0.999343 -0
    outer loop
      vertex -2.5685 67.481 2.5
      vertex -5.13551 67.5741 5.4
      vertex -2.5685 67.481 5.4
    endloop
  endfacet
  facet normal 0.036244 0.999343 0
    outer loop
      vertex -5.13551 67.5741 5.4
      vertex -2.5685 67.481 2.5
      vertex -5.13551 67.5741 2.5
    endloop
  endfacet
  facet normal 0.0603808 0.998175 -0
    outer loop
      vertex -5.13551 67.5741 2.5
      vertex -7.69952 67.7292 5.4
      vertex -5.13551 67.5741 5.4
    endloop
  endfacet
  facet normal 0.0603808 0.998175 0
    outer loop
      vertex -7.69952 67.7292 5.4
      vertex -5.13551 67.5741 2.5
      vertex -7.69952 67.7292 2.5
    endloop
  endfacet
  facet normal 0.0844798 0.996425 -0
    outer loop
      vertex -7.69952 67.7292 2.5
      vertex -10.259 67.9462 5.4
      vertex -7.69952 67.7292 5.4
    endloop
  endfacet
  facet normal 0.0844798 0.996425 0
    outer loop
      vertex -10.259 67.9462 5.4
      vertex -7.69952 67.7292 2.5
      vertex -10.259 67.9462 2.5
    endloop
  endfacet
  facet normal 0.108538 0.994092 -0
    outer loop
      vertex -10.259 67.9462 2.5
      vertex -12.8125 68.225 5.4
      vertex -10.259 67.9462 5.4
    endloop
  endfacet
  facet normal 0.108538 0.994092 0
    outer loop
      vertex -12.8125 68.225 5.4
      vertex -10.259 67.9462 2.5
      vertex -12.8125 68.225 2.5
    endloop
  endfacet
  facet normal 0.132516 0.991181 -0
    outer loop
      vertex -12.8125 68.225 2.5
      vertex -15.3586 68.5654 5.4
      vertex -12.8125 68.225 5.4
    endloop
  endfacet
  facet normal 0.132516 0.991181 0
    outer loop
      vertex -15.3586 68.5654 5.4
      vertex -12.8125 68.225 2.5
      vertex -15.3586 68.5654 2.5
    endloop
  endfacet
  facet normal 0.156458 0.987685 -0
    outer loop
      vertex -15.3586 68.5654 2.5
      vertex -17.8957 68.9673 5.4
      vertex -15.3586 68.5654 5.4
    endloop
  endfacet
  facet normal 0.156458 0.987685 0
    outer loop
      vertex -17.8957 68.9673 5.4
      vertex -15.3586 68.5654 2.5
      vertex -17.8957 68.9673 2.5
    endloop
  endfacet
  facet normal 0.180249 0.983621 -0
    outer loop
      vertex -17.8957 68.9673 2.5
      vertex -20.4223 69.4303 5.4
      vertex -17.8957 68.9673 5.4
    endloop
  endfacet
  facet normal 0.180249 0.983621 0
    outer loop
      vertex -20.4223 69.4303 5.4
      vertex -17.8957 68.9673 2.5
      vertex -20.4223 69.4303 2.5
    endloop
  endfacet
  facet normal 0.203947 0.978982 -0
    outer loop
      vertex -20.4223 69.4303 2.5
      vertex -21.4769 69.65 5.4
      vertex -20.4223 69.4303 5.4
    endloop
  endfacet
  facet normal 0.203947 0.978982 0
    outer loop
      vertex -21.4769 69.65 5.4
      vertex -20.4223 69.4303 2.5
      vertex -21.4769 69.65 2.5
    endloop
  endfacet
  facet normal -0.251017 -0.967983 0
    outer loop
      vertex -27.9861 69.65 2.5
      vertex -25.7973 69.0824 5.41
      vertex -27.9861 69.65 5.41
    endloop
  endfacet
  facet normal -0.251017 -0.967983 -0
    outer loop
      vertex -25.7973 69.0824 5.41
      vertex -27.9861 69.65 2.5
      vertex -25.7973 69.0824 2.5
    endloop
  endfacet
  facet normal -0.227603 -0.973754 0
    outer loop
      vertex -25.7973 69.0824 2.5
      vertex -23.2607 68.4895 5.41
      vertex -25.7973 69.0824 5.41
    endloop
  endfacet
  facet normal -0.227603 -0.973754 -0
    outer loop
      vertex -23.2607 68.4895 5.41
      vertex -25.7973 69.0824 2.5
      vertex -23.2607 68.4895 2.5
    endloop
  endfacet
  facet normal -0.203957 -0.97898 0
    outer loop
      vertex -23.2607 68.4895 2.5
      vertex -20.7105 67.9582 5.41
      vertex -23.2607 68.4895 5.41
    endloop
  endfacet
  facet normal -0.203957 -0.97898 -0
    outer loop
      vertex -20.7105 67.9582 5.41
      vertex -23.2607 68.4895 2.5
      vertex -20.7105 67.9582 2.5
    endloop
  endfacet
  facet normal -0.180233 -0.983624 0
    outer loop
      vertex -20.7105 67.9582 2.5
      vertex -18.1482 67.4887 5.41
      vertex -20.7105 67.9582 5.41
    endloop
  endfacet
  facet normal -0.180233 -0.983624 -0
    outer loop
      vertex -18.1482 67.4887 5.41
      vertex -20.7105 67.9582 2.5
      vertex -18.1482 67.4887 2.5
    endloop
  endfacet
  facet normal -0.156432 -0.987689 0
    outer loop
      vertex -18.1482 67.4887 2.5
      vertex -15.5753 67.0812 5.41
      vertex -18.1482 67.4887 5.41
    endloop
  endfacet
  facet normal -0.156432 -0.987689 -0
    outer loop
      vertex -15.5753 67.0812 5.41
      vertex -18.1482 67.4887 2.5
      vertex -15.5753 67.0812 2.5
    endloop
  endfacet
  facet normal -0.132558 -0.991175 0
    outer loop
      vertex -15.5753 67.0812 2.5
      vertex -12.9934 66.7359 5.41
      vertex -15.5753 67.0812 5.41
    endloop
  endfacet
  facet normal -0.132558 -0.991175 -0
    outer loop
      vertex -12.9934 66.7359 5.41
      vertex -15.5753 67.0812 2.5
      vertex -12.9934 66.7359 2.5
    endloop
  endfacet
  facet normal -0.108523 -0.994094 0
    outer loop
      vertex -12.9934 66.7359 2.5
      vertex -10.4038 66.4532 5.41
      vertex -12.9934 66.7359 5.41
    endloop
  endfacet
  facet normal -0.108523 -0.994094 -0
    outer loop
      vertex -10.4038 66.4532 5.41
      vertex -12.9934 66.7359 2.5
      vertex -10.4038 66.4532 2.5
    endloop
  endfacet
  facet normal -0.084455 -0.996427 0
    outer loop
      vertex -10.4038 66.4532 2.5
      vertex -7.80817 66.2332 5.41
      vertex -10.4038 66.4532 5.41
    endloop
  endfacet
  facet normal -0.084455 -0.996427 -0
    outer loop
      vertex -7.80817 66.2332 5.41
      vertex -10.4038 66.4532 2.5
      vertex -7.80817 66.2332 2.5
    endloop
  endfacet
  facet normal -0.0603852 -0.998175 0
    outer loop
      vertex -7.80817 66.2332 2.5
      vertex -5.20798 66.0759 5.41
      vertex -7.80817 66.2332 5.41
    endloop
  endfacet
  facet normal -0.0603852 -0.998175 -0
    outer loop
      vertex -5.20798 66.0759 5.41
      vertex -7.80817 66.2332 2.5
      vertex -5.20798 66.0759 2.5
    endloop
  endfacet
  facet normal -0.0362388 -0.999343 0
    outer loop
      vertex -5.20798 66.0759 2.5
      vertex -2.60475 65.9815 5.41
      vertex -5.20798 66.0759 5.41
    endloop
  endfacet
  facet normal -0.0362388 -0.999343 -0
    outer loop
      vertex -2.60475 65.9815 5.41
      vertex -5.20798 66.0759 2.5
      vertex -2.60475 65.9815 2.5
    endloop
  endfacet
  facet normal -0.0120924 -0.999927 0
    outer loop
      vertex -2.60475 65.9815 2.5
      vertex 0 65.95 5.41
      vertex -2.60475 65.9815 5.41
    endloop
  endfacet
  facet normal -0.0120924 -0.999927 -0
    outer loop
      vertex 0 65.95 5.41
      vertex -2.60475 65.9815 2.5
      vertex 0 65.95 2.5
    endloop
  endfacet
  facet normal 0.0120924 -0.999927 0
    outer loop
      vertex 0 65.95 2.5
      vertex 2.60475 65.9815 5.41
      vertex 0 65.95 5.41
    endloop
  endfacet
  facet normal 0.0120924 -0.999927 0
    outer loop
      vertex 2.60475 65.9815 5.41
      vertex 0 65.95 2.5
      vertex 2.60475 65.9815 2.5
    endloop
  endfacet
  facet normal 0.978982 0.203948 0
    outer loop
      vertex 45.15 -29.3462 5.4
      vertex 44.7677 -27.5111 2.5
      vertex 44.7677 -27.5111 5.4
    endloop
  endfacet
  facet normal 0.978982 0.203948 0
    outer loop
      vertex 44.7677 -27.5111 2.5
      vertex 45.15 -29.3462 5.4
      vertex 45.15 -29.3462 2.5
    endloop
  endfacet
  facet normal 0.983616 0.180274 0
    outer loop
      vertex 44.7677 -27.5111 5.4
      vertex 44.1439 -24.1075 2.5
      vertex 44.1439 -24.1075 5.4
    endloop
  endfacet
  facet normal 0.983616 0.180274 0
    outer loop
      vertex 44.1439 -24.1075 2.5
      vertex 44.7677 -27.5111 5.4
      vertex 44.7677 -27.5111 2.5
    endloop
  endfacet
  facet normal 0.987689 0.156432 0
    outer loop
      vertex 44.1439 -24.1075 5.4
      vertex 43.6026 -20.6898 2.5
      vertex 43.6026 -20.6898 5.4
    endloop
  endfacet
  facet normal 0.987689 0.156432 0
    outer loop
      vertex 43.6026 -20.6898 2.5
      vertex 44.1439 -24.1075 5.4
      vertex 44.1439 -24.1075 2.5
    endloop
  endfacet
  facet normal 0.991179 0.132527 0
    outer loop
      vertex 43.6026 -20.6898 5.4
      vertex 43.144 -17.2599 2.5
      vertex 43.144 -17.2599 5.4
    endloop
  endfacet
  facet normal 0.991179 0.132527 0
    outer loop
      vertex 43.144 -17.2599 2.5
      vertex 43.6026 -20.6898 5.4
      vertex 43.6026 -20.6898 2.5
    endloop
  endfacet
  facet normal 0.994094 0.108519 0
    outer loop
      vertex 43.144 -17.2599 5.4
      vertex 42.7685 -13.8201 2.5
      vertex 42.7685 -13.8201 5.4
    endloop
  endfacet
  facet normal 0.994094 0.108519 0
    outer loop
      vertex 42.7685 -13.8201 2.5
      vertex 43.144 -17.2599 5.4
      vertex 43.144 -17.2599 2.5
    endloop
  endfacet
  facet normal 0.996424 0.0844995 0
    outer loop
      vertex 42.7685 -13.8201 5.4
      vertex 42.4761 -10.3721 2.5
      vertex 42.4761 -10.3721 5.4
    endloop
  endfacet
  facet normal 0.996424 0.0844995 0
    outer loop
      vertex 42.4761 -10.3721 2.5
      vertex 42.7685 -13.8201 5.4
      vertex 42.7685 -13.8201 2.5
    endloop
  endfacet
  facet normal 0.998176 0.0603705 0
    outer loop
      vertex 42.4761 -10.3721 5.4
      vertex 42.2672 -6.91811 2.5
      vertex 42.2672 -6.91811 5.4
    endloop
  endfacet
  facet normal 0.998176 0.0603705 0
    outer loop
      vertex 42.2672 -6.91811 2.5
      vertex 42.4761 -10.3721 5.4
      vertex 42.4761 -10.3721 2.5
    endloop
  endfacet
  facet normal 0.999343 0.0362395 0
    outer loop
      vertex 42.2672 -6.91811 5.4
      vertex 42.1418 -3.46007 2.5
      vertex 42.1418 -3.46007 5.4
    endloop
  endfacet
  facet normal 0.999343 0.0362395 0
    outer loop
      vertex 42.1418 -3.46007 2.5
      vertex 42.2672 -6.91811 5.4
      vertex 42.2672 -6.91811 2.5
    endloop
  endfacet
  facet normal 0.999927 0.0120798 0
    outer loop
      vertex 42.1418 -3.46007 5.4
      vertex 42.1 0 2.5
      vertex 42.1 0 5.4
    endloop
  endfacet
  facet normal 0.999927 0.0120798 0
    outer loop
      vertex 42.1 0 2.5
      vertex 42.1418 -3.46007 5.4
      vertex 42.1418 -3.46007 2.5
    endloop
  endfacet
  facet normal 0.999927 -0.0120798 0
    outer loop
      vertex 42.1 0 5.4
      vertex 42.1418 3.46007 2.5
      vertex 42.1418 3.46007 5.4
    endloop
  endfacet
  facet normal 0.999927 -0.0120798 0
    outer loop
      vertex 42.1418 3.46007 2.5
      vertex 42.1 0 5.4
      vertex 42.1 0 2.5
    endloop
  endfacet
  facet normal 0.999343 -0.0362395 0
    outer loop
      vertex 42.1418 3.46007 5.4
      vertex 42.2672 6.91811 2.5
      vertex 42.2672 6.91811 5.4
    endloop
  endfacet
  facet normal 0.999343 -0.0362395 0
    outer loop
      vertex 42.2672 6.91811 2.5
      vertex 42.1418 3.46007 5.4
      vertex 42.1418 3.46007 2.5
    endloop
  endfacet
  facet normal 0.998176 -0.0603705 0
    outer loop
      vertex 42.2672 6.91811 5.4
      vertex 42.4761 10.3721 2.5
      vertex 42.4761 10.3721 5.4
    endloop
  endfacet
  facet normal 0.998176 -0.0603705 0
    outer loop
      vertex 42.4761 10.3721 2.5
      vertex 42.2672 6.91811 5.4
      vertex 42.2672 6.91811 2.5
    endloop
  endfacet
  facet normal 0.996424 -0.0844995 0
    outer loop
      vertex 42.4761 10.3721 5.4
      vertex 42.7685 13.8201 2.5
      vertex 42.7685 13.8201 5.4
    endloop
  endfacet
  facet normal 0.996424 -0.0844995 0
    outer loop
      vertex 42.7685 13.8201 2.5
      vertex 42.4761 10.3721 5.4
      vertex 42.4761 10.3721 2.5
    endloop
  endfacet
  facet normal 0.994094 -0.108519 0
    outer loop
      vertex 42.7685 13.8201 5.4
      vertex 43.144 17.2599 2.5
      vertex 43.144 17.2599 5.4
    endloop
  endfacet
  facet normal 0.994094 -0.108519 0
    outer loop
      vertex 43.144 17.2599 2.5
      vertex 42.7685 13.8201 5.4
      vertex 42.7685 13.8201 2.5
    endloop
  endfacet
  facet normal 0.991179 -0.132527 0
    outer loop
      vertex 43.144 17.2599 5.4
      vertex 43.6026 20.6898 2.5
      vertex 43.6026 20.6898 5.4
    endloop
  endfacet
  facet normal 0.991179 -0.132527 0
    outer loop
      vertex 43.6026 20.6898 2.5
      vertex 43.144 17.2599 5.4
      vertex 43.144 17.2599 2.5
    endloop
  endfacet
  facet normal 0.987689 -0.156432 0
    outer loop
      vertex 43.6026 20.6898 5.4
      vertex 44.1439 24.1075 2.5
      vertex 44.1439 24.1075 5.4
    endloop
  endfacet
  facet normal 0.987689 -0.156432 0
    outer loop
      vertex 44.1439 24.1075 2.5
      vertex 43.6026 20.6898 5.4
      vertex 43.6026 20.6898 2.5
    endloop
  endfacet
  facet normal 0.983616 -0.180274 0
    outer loop
      vertex 44.1439 24.1075 5.4
      vertex 44.7677 27.5111 2.5
      vertex 44.7677 27.5111 5.4
    endloop
  endfacet
  facet normal 0.983616 -0.180274 0
    outer loop
      vertex 44.7677 27.5111 2.5
      vertex 44.1439 24.1075 5.4
      vertex 44.1439 24.1075 2.5
    endloop
  endfacet
  facet normal 0.978982 -0.203948 0
    outer loop
      vertex 44.7677 27.5111 5.4
      vertex 45.15 29.3462 2.5
      vertex 45.15 29.3462 5.4
    endloop
  endfacet
  facet normal 0.978982 -0.203948 0
    outer loop
      vertex 45.15 29.3462 2.5
      vertex 44.7677 27.5111 5.4
      vertex 44.7677 27.5111 2.5
    endloop
  endfacet
  facet normal -0.967966 0.25108 0
    outer loop
      vertex 45.15 35.9595 2.5
      vertex 44.9649 35.2459 5.4
      vertex 45.15 35.9595 5.4
    endloop
  endfacet
  facet normal -0.967981 0.251023 -1.50145e-05
    outer loop
      vertex 44.8045 34.6272 2.5
      vertex 44.9649 35.2459 5.4
      vertex 45.15 35.9595 2.5
    endloop
  endfacet
  facet normal -0.967998 0.250957 0
    outer loop
      vertex 44.8045 34.6272 5.41
      vertex 44.9649 35.2459 5.4
      vertex 44.8045 34.6272 2.5
    endloop
  endfacet
  facet normal -0.967998 0.250957 0
    outer loop
      vertex 44.9649 35.2459 5.4
      vertex 44.8045 34.6272 5.41
      vertex 44.9649 35.2459 5.41
    endloop
  endfacet
  facet normal -0.973762 0.227568 0
    outer loop
      vertex 44.0088 31.2224 2.5
      vertex 44.8045 34.6272 5.41
      vertex 44.8045 34.6272 2.5
    endloop
  endfacet
  facet normal -0.973762 0.227568 0
    outer loop
      vertex 44.8045 34.6272 5.41
      vertex 44.0088 31.2224 2.5
      vertex 44.0088 31.2224 5.41
    endloop
  endfacet
  facet normal -0.978977 0.203969 0
    outer loop
      vertex 43.2956 27.7993 2.5
      vertex 44.0088 31.2224 5.41
      vertex 44.0088 31.2224 2.5
    endloop
  endfacet
  facet normal -0.978977 0.203969 0
    outer loop
      vertex 44.0088 31.2224 5.41
      vertex 43.2956 27.7993 2.5
      vertex 43.2956 27.7993 5.41
    endloop
  endfacet
  facet normal -0.983619 0.180262 0
    outer loop
      vertex 42.6653 24.36 2.5
      vertex 43.2956 27.7993 5.41
      vertex 43.2956 27.7993 2.5
    endloop
  endfacet
  facet normal -0.983619 0.180262 0
    outer loop
      vertex 43.2956 27.7993 5.41
      vertex 42.6653 24.36 2.5
      vertex 42.6653 24.36 5.41
    endloop
  endfacet
  facet normal -0.987687 0.15644 0
    outer loop
      vertex 42.1183 20.9065 2.5
      vertex 42.6653 24.36 5.41
      vertex 42.6653 24.36 2.5
    endloop
  endfacet
  facet normal -0.987687 0.15644 0
    outer loop
      vertex 42.6653 24.36 5.41
      vertex 42.1183 20.9065 2.5
      vertex 42.1183 20.9065 5.41
    endloop
  endfacet
  facet normal -0.991183 0.132503 0
    outer loop
      vertex 41.655 17.4408 2.5
      vertex 42.1183 20.9065 5.41
      vertex 42.1183 20.9065 2.5
    endloop
  endfacet
  facet normal -0.991183 0.132503 0
    outer loop
      vertex 42.1183 20.9065 5.41
      vertex 41.655 17.4408 2.5
      vertex 41.655 17.4408 5.41
    endloop
  endfacet
  facet normal -0.994093 0.108532 0
    outer loop
      vertex 41.2755 13.9648 2.5
      vertex 41.655 17.4408 5.41
      vertex 41.655 17.4408 2.5
    endloop
  endfacet
  facet normal -0.994093 0.108532 0
    outer loop
      vertex 41.655 17.4408 5.41
      vertex 41.2755 13.9648 2.5
      vertex 41.2755 13.9648 5.41
    endloop
  endfacet
  facet normal -0.996425 0.0844845 0
    outer loop
      vertex 40.9801 10.4808 2.5
      vertex 41.2755 13.9648 5.41
      vertex 41.2755 13.9648 2.5
    endloop
  endfacet
  facet normal -0.996425 0.0844845 0
    outer loop
      vertex 41.2755 13.9648 5.41
      vertex 40.9801 10.4808 2.5
      vertex 40.9801 10.4808 5.41
    endloop
  endfacet
  facet normal -0.998176 0.0603731 0
    outer loop
      vertex 40.769 6.99059 2.5
      vertex 40.9801 10.4808 5.41
      vertex 40.9801 10.4808 2.5
    endloop
  endfacet
  facet normal -0.998176 0.0603731 0
    outer loop
      vertex 40.9801 10.4808 5.41
      vertex 40.769 6.99059 2.5
      vertex 40.769 6.99059 5.41
    endloop
  endfacet
  facet normal -0.999342 0.036264 0
    outer loop
      vertex 40.6422 3.49631 2.5
      vertex 40.769 6.99059 5.41
      vertex 40.769 6.99059 2.5
    endloop
  endfacet
  facet normal -0.999342 0.036264 0
    outer loop
      vertex 40.769 6.99059 5.41
      vertex 40.6422 3.49631 2.5
      vertex 40.6422 3.49631 5.41
    endloop
  endfacet
  facet normal -0.999927 0.012069 0
    outer loop
      vertex 40.6 0 2.5
      vertex 40.6422 3.49631 5.41
      vertex 40.6422 3.49631 2.5
    endloop
  endfacet
  facet normal -0.999927 0.012069 0
    outer loop
      vertex 40.6422 3.49631 5.41
      vertex 40.6 0 2.5
      vertex 40.6 0 5.41
    endloop
  endfacet
  facet normal -0.999927 -0.012069 0
    outer loop
      vertex 40.6422 -3.49631 2.5
      vertex 40.6 0 5.41
      vertex 40.6 0 2.5
    endloop
  endfacet
  facet normal -0.999927 -0.012069 0
    outer loop
      vertex 40.6 0 5.41
      vertex 40.6422 -3.49631 2.5
      vertex 40.6422 -3.49631 5.41
    endloop
  endfacet
  facet normal -0.999342 -0.036264 0
    outer loop
      vertex 40.769 -6.99059 2.5
      vertex 40.6422 -3.49631 5.41
      vertex 40.6422 -3.49631 2.5
    endloop
  endfacet
  facet normal -0.999342 -0.036264 0
    outer loop
      vertex 40.6422 -3.49631 5.41
      vertex 40.769 -6.99059 2.5
      vertex 40.769 -6.99059 5.41
    endloop
  endfacet
  facet normal -0.998176 -0.0603731 0
    outer loop
      vertex 40.9801 -10.4808 2.5
      vertex 40.769 -6.99059 5.41
      vertex 40.769 -6.99059 2.5
    endloop
  endfacet
  facet normal -0.998176 -0.0603731 0
    outer loop
      vertex 40.769 -6.99059 5.41
      vertex 40.9801 -10.4808 2.5
      vertex 40.9801 -10.4808 5.41
    endloop
  endfacet
  facet normal -0.996425 -0.0844845 0
    outer loop
      vertex 41.2755 -13.9648 2.5
      vertex 40.9801 -10.4808 5.41
      vertex 40.9801 -10.4808 2.5
    endloop
  endfacet
  facet normal -0.996425 -0.0844845 0
    outer loop
      vertex 40.9801 -10.4808 5.41
      vertex 41.2755 -13.9648 2.5
      vertex 41.2755 -13.9648 5.41
    endloop
  endfacet
  facet normal -0.994093 -0.108532 0
    outer loop
      vertex 41.655 -17.4408 2.5
      vertex 41.2755 -13.9648 5.41
      vertex 41.2755 -13.9648 2.5
    endloop
  endfacet
  facet normal -0.994093 -0.108532 0
    outer loop
      vertex 41.2755 -13.9648 5.41
      vertex 41.655 -17.4408 2.5
      vertex 41.655 -17.4408 5.41
    endloop
  endfacet
  facet normal -0.991183 -0.132503 0
    outer loop
      vertex 42.1183 -20.9065 2.5
      vertex 41.655 -17.4408 5.41
      vertex 41.655 -17.4408 2.5
    endloop
  endfacet
  facet normal -0.991183 -0.132503 0
    outer loop
      vertex 41.655 -17.4408 5.41
      vertex 42.1183 -20.9065 2.5
      vertex 42.1183 -20.9065 5.41
    endloop
  endfacet
  facet normal -0.987687 -0.15644 0
    outer loop
      vertex 42.6653 -24.36 2.5
      vertex 42.1183 -20.9065 5.41
      vertex 42.1183 -20.9065 2.5
    endloop
  endfacet
  facet normal -0.987687 -0.15644 0
    outer loop
      vertex 42.1183 -20.9065 5.41
      vertex 42.6653 -24.36 2.5
      vertex 42.6653 -24.36 5.41
    endloop
  endfacet
  facet normal -0.983619 -0.180262 0
    outer loop
      vertex 43.2956 -27.7993 2.5
      vertex 42.6653 -24.36 5.41
      vertex 42.6653 -24.36 2.5
    endloop
  endfacet
  facet normal -0.983619 -0.180262 0
    outer loop
      vertex 42.6653 -24.36 5.41
      vertex 43.2956 -27.7993 2.5
      vertex 43.2956 -27.7993 5.41
    endloop
  endfacet
  facet normal -0.978977 -0.203969 0
    outer loop
      vertex 44.0088 -31.2224 2.5
      vertex 43.2956 -27.7993 5.41
      vertex 43.2956 -27.7993 2.5
    endloop
  endfacet
  facet normal -0.978977 -0.203969 0
    outer loop
      vertex 43.2956 -27.7993 5.41
      vertex 44.0088 -31.2224 2.5
      vertex 44.0088 -31.2224 5.41
    endloop
  endfacet
  facet normal -0.973762 -0.227568 0
    outer loop
      vertex 44.8045 -34.6272 2.5
      vertex 44.0088 -31.2224 5.41
      vertex 44.0088 -31.2224 2.5
    endloop
  endfacet
  facet normal -0.973762 -0.227568 0
    outer loop
      vertex 44.0088 -31.2224 5.41
      vertex 44.8045 -34.6272 2.5
      vertex 44.8045 -34.6272 5.41
    endloop
  endfacet
  facet normal -0.967998 -0.250957 0
    outer loop
      vertex 44.8045 -34.6272 2.5
      vertex 44.9649 -35.2459 5.4
      vertex 44.8045 -34.6272 5.41
    endloop
  endfacet
  facet normal -0.967981 -0.251023 -1.50145e-05
    outer loop
      vertex 45.15 -35.9595 2.5
      vertex 44.9649 -35.2459 5.4
      vertex 44.8045 -34.6272 2.5
    endloop
  endfacet
  facet normal -0.967966 -0.25108 0
    outer loop
      vertex 44.9649 -35.2459 5.4
      vertex 45.15 -35.9595 2.5
      vertex 45.15 -35.9595 5.4
    endloop
  endfacet
  facet normal -0.967998 -0.250957 0
    outer loop
      vertex 44.8045 -34.6272 5.41
      vertex 44.9649 -35.2459 5.4
      vertex 44.9649 -35.2459 5.41
    endloop
  endfacet
  facet normal 0.973762 -0.227568 0
    outer loop
      vertex -44.8045 -34.6272 5.41
      vertex -44.0088 -31.2224 2.5
      vertex -44.0088 -31.2224 5.41
    endloop
  endfacet
  facet normal 0.973762 -0.227568 0
    outer loop
      vertex -44.0088 -31.2224 2.5
      vertex -44.8045 -34.6272 5.41
      vertex -44.8045 -34.6272 2.5
    endloop
  endfacet
  facet normal 0.978977 -0.203969 0
    outer loop
      vertex -44.0088 -31.2224 5.41
      vertex -43.2956 -27.7993 2.5
      vertex -43.2956 -27.7993 5.41
    endloop
  endfacet
  facet normal 0.978977 -0.203969 0
    outer loop
      vertex -43.2956 -27.7993 2.5
      vertex -44.0088 -31.2224 5.41
      vertex -44.0088 -31.2224 2.5
    endloop
  endfacet
  facet normal 0.983619 -0.180262 0
    outer loop
      vertex -43.2956 -27.7993 5.41
      vertex -42.6653 -24.36 2.5
      vertex -42.6653 -24.36 5.41
    endloop
  endfacet
  facet normal 0.983619 -0.180262 0
    outer loop
      vertex -42.6653 -24.36 2.5
      vertex -43.2956 -27.7993 5.41
      vertex -43.2956 -27.7993 2.5
    endloop
  endfacet
  facet normal 0.987687 -0.15644 0
    outer loop
      vertex -42.6653 -24.36 5.41
      vertex -42.1183 -20.9065 2.5
      vertex -42.1183 -20.9065 5.41
    endloop
  endfacet
  facet normal 0.987687 -0.15644 0
    outer loop
      vertex -42.1183 -20.9065 2.5
      vertex -42.6653 -24.36 5.41
      vertex -42.6653 -24.36 2.5
    endloop
  endfacet
  facet normal 0.991183 -0.132503 0
    outer loop
      vertex -42.1183 -20.9065 5.41
      vertex -41.655 -17.4408 2.5
      vertex -41.655 -17.4408 5.41
    endloop
  endfacet
  facet normal 0.991183 -0.132503 0
    outer loop
      vertex -41.655 -17.4408 2.5
      vertex -42.1183 -20.9065 5.41
      vertex -42.1183 -20.9065 2.5
    endloop
  endfacet
  facet normal 0.994093 -0.108532 0
    outer loop
      vertex -41.655 -17.4408 5.41
      vertex -41.2755 -13.9648 2.5
      vertex -41.2755 -13.9648 5.41
    endloop
  endfacet
  facet normal 0.994093 -0.108532 0
    outer loop
      vertex -41.2755 -13.9648 2.5
      vertex -41.655 -17.4408 5.41
      vertex -41.655 -17.4408 2.5
    endloop
  endfacet
  facet normal 0.996425 -0.0844845 0
    outer loop
      vertex -41.2755 -13.9648 5.41
      vertex -40.9801 -10.4808 2.5
      vertex -40.9801 -10.4808 5.41
    endloop
  endfacet
  facet normal 0.996425 -0.0844845 0
    outer loop
      vertex -40.9801 -10.4808 2.5
      vertex -41.2755 -13.9648 5.41
      vertex -41.2755 -13.9648 2.5
    endloop
  endfacet
  facet normal 0.998176 -0.0603731 0
    outer loop
      vertex -40.9801 -10.4808 5.41
      vertex -40.769 -6.99059 2.5
      vertex -40.769 -6.99059 5.41
    endloop
  endfacet
  facet normal 0.998176 -0.0603731 0
    outer loop
      vertex -40.769 -6.99059 2.5
      vertex -40.9801 -10.4808 5.41
      vertex -40.9801 -10.4808 2.5
    endloop
  endfacet
  facet normal 0.999342 -0.036264 0
    outer loop
      vertex -40.769 -6.99059 5.41
      vertex -40.6422 -3.49631 2.5
      vertex -40.6422 -3.49631 5.41
    endloop
  endfacet
  facet normal 0.999342 -0.036264 0
    outer loop
      vertex -40.6422 -3.49631 2.5
      vertex -40.769 -6.99059 5.41
      vertex -40.769 -6.99059 2.5
    endloop
  endfacet
  facet normal 0.999927 -0.012069 0
    outer loop
      vertex -40.6422 -3.49631 5.41
      vertex -40.6 0 2.5
      vertex -40.6 0 5.41
    endloop
  endfacet
  facet normal 0.999927 -0.012069 0
    outer loop
      vertex -40.6 0 2.5
      vertex -40.6422 -3.49631 5.41
      vertex -40.6422 -3.49631 2.5
    endloop
  endfacet
  facet normal 0.999927 0.012069 0
    outer loop
      vertex -40.6 0 5.41
      vertex -40.6422 3.49631 2.5
      vertex -40.6422 3.49631 5.41
    endloop
  endfacet
  facet normal 0.999927 0.012069 0
    outer loop
      vertex -40.6422 3.49631 2.5
      vertex -40.6 0 5.41
      vertex -40.6 0 2.5
    endloop
  endfacet
  facet normal 0.999342 0.036264 0
    outer loop
      vertex -40.6422 3.49631 5.41
      vertex -40.769 6.99059 2.5
      vertex -40.769 6.99059 5.41
    endloop
  endfacet
  facet normal 0.999342 0.036264 0
    outer loop
      vertex -40.769 6.99059 2.5
      vertex -40.6422 3.49631 5.41
      vertex -40.6422 3.49631 2.5
    endloop
  endfacet
  facet normal 0.998176 0.0603731 0
    outer loop
      vertex -40.769 6.99059 5.41
      vertex -40.9801 10.4808 2.5
      vertex -40.9801 10.4808 5.41
    endloop
  endfacet
  facet normal 0.998176 0.0603731 0
    outer loop
      vertex -40.9801 10.4808 2.5
      vertex -40.769 6.99059 5.41
      vertex -40.769 6.99059 2.5
    endloop
  endfacet
  facet normal 0.996425 0.0844845 0
    outer loop
      vertex -40.9801 10.4808 5.41
      vertex -41.2755 13.9648 2.5
      vertex -41.2755 13.9648 5.41
    endloop
  endfacet
  facet normal 0.996425 0.0844845 0
    outer loop
      vertex -41.2755 13.9648 2.5
      vertex -40.9801 10.4808 5.41
      vertex -40.9801 10.4808 2.5
    endloop
  endfacet
  facet normal 0.994093 0.108532 0
    outer loop
      vertex -41.2755 13.9648 5.41
      vertex -41.655 17.4408 2.5
      vertex -41.655 17.4408 5.41
    endloop
  endfacet
  facet normal 0.994093 0.108532 0
    outer loop
      vertex -41.655 17.4408 2.5
      vertex -41.2755 13.9648 5.41
      vertex -41.2755 13.9648 2.5
    endloop
  endfacet
  facet normal 0.991183 0.132503 0
    outer loop
      vertex -41.655 17.4408 5.41
      vertex -42.1183 20.9065 2.5
      vertex -42.1183 20.9065 5.41
    endloop
  endfacet
  facet normal 0.991183 0.132503 0
    outer loop
      vertex -42.1183 20.9065 2.5
      vertex -41.655 17.4408 5.41
      vertex -41.655 17.4408 2.5
    endloop
  endfacet
  facet normal 0.987687 0.15644 0
    outer loop
      vertex -42.1183 20.9065 5.41
      vertex -42.6653 24.36 2.5
      vertex -42.6653 24.36 5.41
    endloop
  endfacet
  facet normal 0.987687 0.15644 0
    outer loop
      vertex -42.6653 24.36 2.5
      vertex -42.1183 20.9065 5.41
      vertex -42.1183 20.9065 2.5
    endloop
  endfacet
  facet normal 0.983619 0.180262 0
    outer loop
      vertex -42.6653 24.36 5.41
      vertex -43.2956 27.7993 2.5
      vertex -43.2956 27.7993 5.41
    endloop
  endfacet
  facet normal 0.983619 0.180262 0
    outer loop
      vertex -43.2956 27.7993 2.5
      vertex -42.6653 24.36 5.41
      vertex -42.6653 24.36 2.5
    endloop
  endfacet
  facet normal 0.978977 0.203969 0
    outer loop
      vertex -43.2956 27.7993 5.41
      vertex -44.0088 31.2224 2.5
      vertex -44.0088 31.2224 5.41
    endloop
  endfacet
  facet normal 0.978977 0.203969 0
    outer loop
      vertex -44.0088 31.2224 2.5
      vertex -43.2956 27.7993 5.41
      vertex -43.2956 27.7993 2.5
    endloop
  endfacet
  facet normal 0.973762 0.227568 0
    outer loop
      vertex -44.0088 31.2224 5.41
      vertex -44.8045 34.6272 2.5
      vertex -44.8045 34.6272 5.41
    endloop
  endfacet
  facet normal 0.973762 0.227568 0
    outer loop
      vertex -44.8045 34.6272 2.5
      vertex -44.0088 31.2224 5.41
      vertex -44.0088 31.2224 2.5
    endloop
  endfacet
  facet normal 0.967998 0.250957 0
    outer loop
      vertex -44.9649 35.2459 5.41
      vertex -44.8045 34.6272 5.41
      vertex -44.9649 35.2459 5.4
    endloop
  endfacet
  facet normal 0.967966 0.25108 0
    outer loop
      vertex -44.9649 35.2459 5.4
      vertex -45.15 35.9595 2.5
      vertex -45.15 35.9595 5.4
    endloop
  endfacet
  facet normal 0.967998 0.250957 -0
    outer loop
      vertex -44.8045 34.6272 2.5
      vertex -44.9649 35.2459 5.4
      vertex -44.8045 34.6272 5.41
    endloop
  endfacet
  facet normal 0.967981 0.251023 -1.50145e-05
    outer loop
      vertex -44.9649 35.2459 5.4
      vertex -44.8045 34.6272 2.5
      vertex -45.15 35.9595 2.5
    endloop
  endfacet
  facet normal -0.978982 -0.203948 0
    outer loop
      vertex -44.7677 27.5111 2.5
      vertex -45.15 29.3462 5.4
      vertex -45.15 29.3462 2.5
    endloop
  endfacet
  facet normal -0.978982 -0.203948 0
    outer loop
      vertex -45.15 29.3462 5.4
      vertex -44.7677 27.5111 2.5
      vertex -44.7677 27.5111 5.4
    endloop
  endfacet
  facet normal -0.983616 -0.180274 0
    outer loop
      vertex -44.1439 24.1075 2.5
      vertex -44.7677 27.5111 5.4
      vertex -44.7677 27.5111 2.5
    endloop
  endfacet
  facet normal -0.983616 -0.180274 0
    outer loop
      vertex -44.7677 27.5111 5.4
      vertex -44.1439 24.1075 2.5
      vertex -44.1439 24.1075 5.4
    endloop
  endfacet
  facet normal -0.987689 -0.156432 0
    outer loop
      vertex -43.6026 20.6898 2.5
      vertex -44.1439 24.1075 5.4
      vertex -44.1439 24.1075 2.5
    endloop
  endfacet
  facet normal -0.987689 -0.156432 0
    outer loop
      vertex -44.1439 24.1075 5.4
      vertex -43.6026 20.6898 2.5
      vertex -43.6026 20.6898 5.4
    endloop
  endfacet
  facet normal -0.991179 -0.132527 0
    outer loop
      vertex -43.144 17.2599 2.5
      vertex -43.6026 20.6898 5.4
      vertex -43.6026 20.6898 2.5
    endloop
  endfacet
  facet normal -0.991179 -0.132527 0
    outer loop
      vertex -43.6026 20.6898 5.4
      vertex -43.144 17.2599 2.5
      vertex -43.144 17.2599 5.4
    endloop
  endfacet
  facet normal -0.994094 -0.108519 0
    outer loop
      vertex -42.7685 13.8201 2.5
      vertex -43.144 17.2599 5.4
      vertex -43.144 17.2599 2.5
    endloop
  endfacet
  facet normal -0.994094 -0.108519 0
    outer loop
      vertex -43.144 17.2599 5.4
      vertex -42.7685 13.8201 2.5
      vertex -42.7685 13.8201 5.4
    endloop
  endfacet
  facet normal -0.996424 -0.0844995 0
    outer loop
      vertex -42.4761 10.3721 2.5
      vertex -42.7685 13.8201 5.4
      vertex -42.7685 13.8201 2.5
    endloop
  endfacet
  facet normal -0.996424 -0.0844995 0
    outer loop
      vertex -42.7685 13.8201 5.4
      vertex -42.4761 10.3721 2.5
      vertex -42.4761 10.3721 5.4
    endloop
  endfacet
  facet normal -0.998176 -0.0603705 0
    outer loop
      vertex -42.2672 6.91811 2.5
      vertex -42.4761 10.3721 5.4
      vertex -42.4761 10.3721 2.5
    endloop
  endfacet
  facet normal -0.998176 -0.0603705 0
    outer loop
      vertex -42.4761 10.3721 5.4
      vertex -42.2672 6.91811 2.5
      vertex -42.2672 6.91811 5.4
    endloop
  endfacet
  facet normal -0.999343 -0.0362395 0
    outer loop
      vertex -42.1418 3.46007 2.5
      vertex -42.2672 6.91811 5.4
      vertex -42.2672 6.91811 2.5
    endloop
  endfacet
  facet normal -0.999343 -0.0362395 0
    outer loop
      vertex -42.2672 6.91811 5.4
      vertex -42.1418 3.46007 2.5
      vertex -42.1418 3.46007 5.4
    endloop
  endfacet
  facet normal -0.999927 -0.0120798 0
    outer loop
      vertex -42.1 0 2.5
      vertex -42.1418 3.46007 5.4
      vertex -42.1418 3.46007 2.5
    endloop
  endfacet
  facet normal -0.999927 -0.0120798 0
    outer loop
      vertex -42.1418 3.46007 5.4
      vertex -42.1 0 2.5
      vertex -42.1 0 5.4
    endloop
  endfacet
  facet normal -0.999927 0.0120798 0
    outer loop
      vertex -42.1418 -3.46007 2.5
      vertex -42.1 0 5.4
      vertex -42.1 0 2.5
    endloop
  endfacet
  facet normal -0.999927 0.0120798 0
    outer loop
      vertex -42.1 0 5.4
      vertex -42.1418 -3.46007 2.5
      vertex -42.1418 -3.46007 5.4
    endloop
  endfacet
  facet normal -0.999343 0.0362395 0
    outer loop
      vertex -42.2672 -6.91811 2.5
      vertex -42.1418 -3.46007 5.4
      vertex -42.1418 -3.46007 2.5
    endloop
  endfacet
  facet normal -0.999343 0.0362395 0
    outer loop
      vertex -42.1418 -3.46007 5.4
      vertex -42.2672 -6.91811 2.5
      vertex -42.2672 -6.91811 5.4
    endloop
  endfacet
  facet normal -0.998176 0.0603705 0
    outer loop
      vertex -42.4761 -10.3721 2.5
      vertex -42.2672 -6.91811 5.4
      vertex -42.2672 -6.91811 2.5
    endloop
  endfacet
  facet normal -0.998176 0.0603705 0
    outer loop
      vertex -42.2672 -6.91811 5.4
      vertex -42.4761 -10.3721 2.5
      vertex -42.4761 -10.3721 5.4
    endloop
  endfacet
  facet normal -0.996424 0.0844995 0
    outer loop
      vertex -42.7685 -13.8201 2.5
      vertex -42.4761 -10.3721 5.4
      vertex -42.4761 -10.3721 2.5
    endloop
  endfacet
  facet normal -0.996424 0.0844995 0
    outer loop
      vertex -42.4761 -10.3721 5.4
      vertex -42.7685 -13.8201 2.5
      vertex -42.7685 -13.8201 5.4
    endloop
  endfacet
  facet normal -0.994094 0.108519 0
    outer loop
      vertex -43.144 -17.2599 2.5
      vertex -42.7685 -13.8201 5.4
      vertex -42.7685 -13.8201 2.5
    endloop
  endfacet
  facet normal -0.994094 0.108519 0
    outer loop
      vertex -42.7685 -13.8201 5.4
      vertex -43.144 -17.2599 2.5
      vertex -43.144 -17.2599 5.4
    endloop
  endfacet
  facet normal -0.991179 0.132527 0
    outer loop
      vertex -43.6026 -20.6898 2.5
      vertex -43.144 -17.2599 5.4
      vertex -43.144 -17.2599 2.5
    endloop
  endfacet
  facet normal -0.991179 0.132527 0
    outer loop
      vertex -43.144 -17.2599 5.4
      vertex -43.6026 -20.6898 2.5
      vertex -43.6026 -20.6898 5.4
    endloop
  endfacet
  facet normal -0.987689 0.156432 0
    outer loop
      vertex -44.1439 -24.1075 2.5
      vertex -43.6026 -20.6898 5.4
      vertex -43.6026 -20.6898 2.5
    endloop
  endfacet
  facet normal -0.987689 0.156432 0
    outer loop
      vertex -43.6026 -20.6898 5.4
      vertex -44.1439 -24.1075 2.5
      vertex -44.1439 -24.1075 5.4
    endloop
  endfacet
  facet normal -0.983616 0.180274 0
    outer loop
      vertex -44.7677 -27.5111 2.5
      vertex -44.1439 -24.1075 5.4
      vertex -44.1439 -24.1075 2.5
    endloop
  endfacet
  facet normal -0.983616 0.180274 0
    outer loop
      vertex -44.1439 -24.1075 5.4
      vertex -44.7677 -27.5111 2.5
      vertex -44.7677 -27.5111 5.4
    endloop
  endfacet
  facet normal -0.978982 0.203948 0
    outer loop
      vertex -45.15 -29.3462 2.5
      vertex -44.7677 -27.5111 5.4
      vertex -44.7677 -27.5111 2.5
    endloop
  endfacet
  facet normal -0.978982 0.203948 0
    outer loop
      vertex -44.7677 -27.5111 5.4
      vertex -45.15 -29.3462 2.5
      vertex -45.15 -29.3462 5.4
    endloop
  endfacet
  facet normal 0.967998 -0.250957 0
    outer loop
      vertex -44.9649 -35.2459 5.4
      vertex -44.8045 -34.6272 5.41
      vertex -44.9649 -35.2459 5.41
    endloop
  endfacet
  facet normal 0.967998 -0.250957 0
    outer loop
      vertex -44.8045 -34.6272 5.41
      vertex -44.9649 -35.2459 5.4
      vertex -44.8045 -34.6272 2.5
    endloop
  endfacet
  facet normal 0.967966 -0.25108 0
    outer loop
      vertex -45.15 -35.9595 2.5
      vertex -44.9649 -35.2459 5.4
      vertex -45.15 -35.9595 5.4
    endloop
  endfacet
  facet normal 0.967981 -0.251023 -1.50145e-05
    outer loop
      vertex -44.9649 -35.2459 5.4
      vertex -45.15 -35.9595 2.5
      vertex -44.8045 -34.6272 2.5
    endloop
  endfacet
  facet normal -0.243303 0.96995 0
    outer loop
      vertex 43.3757 -69.5423 0
      vertex 43.1377 -69.602 6
      vertex 43.3757 -69.5423 6
    endloop
  endfacet
  facet normal -0.243303 0.96995 0
    outer loop
      vertex 43.1377 -69.602 6
      vertex 43.3757 -69.5423 0
      vertex 43.1377 -69.602 0
    endloop
  endfacet
  facet normal 0 1 -0
    outer loop
      vertex 42.65 -69.65 0
      vertex -42.65 -69.65 6
      vertex 42.65 -69.65 6
    endloop
  endfacet
  facet normal 0 1 0
    outer loop
      vertex -42.65 -69.65 6
      vertex 42.65 -69.65 0
      vertex -42.65 -69.65 0
    endloop
  endfacet
  facet normal -0.146726 0.989177 0
    outer loop
      vertex 43.1377 -69.602 0
      vertex 42.895 -69.638 6
      vertex 43.1377 -69.602 6
    endloop
  endfacet
  facet normal -0.146726 0.989177 0
    outer loop
      vertex 42.895 -69.638 6
      vertex 43.1377 -69.602 0
      vertex 42.895 -69.638 0
    endloop
  endfacet
  facet normal 0.998803 0.0489209 0
    outer loop
      vertex -45.138 -67.395 6
      vertex -45.15 -67.15 0
      vertex -45.15 -67.15 6
    endloop
  endfacet
  facet normal 0.998803 0.0489209 0
    outer loop
      vertex -45.15 -67.15 0
      vertex -45.138 -67.395 6
      vertex -45.138 -67.395 0
    endloop
  endfacet
  facet normal 0.741101 0.671394 0
    outer loop
      vertex -44.4178 -68.9178 6
      vertex -44.5825 -68.736 0
      vertex -44.5825 -68.736 6
    endloop
  endfacet
  facet normal 0.741101 0.671394 0
    outer loop
      vertex -44.5825 -68.736 0
      vertex -44.4178 -68.9178 6
      vertex -44.4178 -68.9178 0
    endloop
  endfacet
  facet normal -0.146726 -0.989177 0
    outer loop
      vertex 42.895 69.638 0
      vertex 43.1377 69.602 6
      vertex 42.895 69.638 6
    endloop
  endfacet
  facet normal -0.146726 -0.989177 -0
    outer loop
      vertex 43.1377 69.602 6
      vertex 42.895 69.638 0
      vertex 43.1377 69.602 0
    endloop
  endfacet
  facet normal 0.857745 0.514076 0
    outer loop
      vertex -44.7287 -68.5389 6
      vertex -44.8548 -68.3285 0
      vertex -44.8548 -68.3285 6
    endloop
  endfacet
  facet normal 0.857745 0.514076 0
    outer loop
      vertex -44.8548 -68.3285 0
      vertex -44.7287 -68.5389 6
      vertex -44.7287 -68.5389 0
    endloop
  endfacet
  facet normal -0.0489209 0.998803 0
    outer loop
      vertex 42.895 -69.638 0
      vertex 42.65 -69.65 6
      vertex 42.895 -69.638 6
    endloop
  endfacet
  facet normal -0.0489209 0.998803 0
    outer loop
      vertex 42.65 -69.65 6
      vertex 42.895 -69.638 0
      vertex 42.65 -69.65 0
    endloop
  endfacet
  facet normal 0.989177 -0.146726 0
    outer loop
      vertex -45.138 67.395 6
      vertex -45.102 67.6377 0
      vertex -45.102 67.6377 6
    endloop
  endfacet
  facet normal 0.989177 -0.146726 0
    outer loop
      vertex -45.102 67.6377 0
      vertex -45.138 67.395 6
      vertex -45.138 67.395 0
    endloop
  endfacet
  facet normal 0.427543 0.903995 -0
    outer loop
      vertex -43.6067 -69.4597 0
      vertex -43.8285 -69.3548 6
      vertex -43.6067 -69.4597 6
    endloop
  endfacet
  facet normal 0.427543 0.903995 0
    outer loop
      vertex -43.8285 -69.3548 6
      vertex -43.6067 -69.4597 0
      vertex -43.8285 -69.3548 0
    endloop
  endfacet
  facet normal 0.803167 0.595754 0
    outer loop
      vertex -44.5825 -68.736 6
      vertex -44.7287 -68.5389 0
      vertex -44.7287 -68.5389 6
    endloop
  endfacet
  facet normal 0.803167 0.595754 0
    outer loop
      vertex -44.7287 -68.5389 0
      vertex -44.5825 -68.736 6
      vertex -44.5825 -68.736 0
    endloop
  endfacet
  facet normal 0.427543 -0.903995 0
    outer loop
      vertex -43.8285 69.3548 0
      vertex -43.6067 69.4597 6
      vertex -43.8285 69.3548 6
    endloop
  endfacet
  facet normal 0.427543 -0.903995 0
    outer loop
      vertex -43.6067 69.4597 6
      vertex -43.8285 69.3548 0
      vertex -43.6067 69.4597 0
    endloop
  endfacet
  facet normal 0.336698 0.941613 -0
    outer loop
      vertex -43.3757 -69.5423 0
      vertex -43.6067 -69.4597 6
      vertex -43.3757 -69.5423 6
    endloop
  endfacet
  facet normal 0.336698 0.941613 0
    outer loop
      vertex -43.6067 -69.4597 6
      vertex -43.3757 -69.5423 0
      vertex -43.6067 -69.4597 0
    endloop
  endfacet
  facet normal -0.941613 0.336698 0
    outer loop
      vertex 44.9597 -68.1067 0
      vertex 45.0423 -67.8757 6
      vertex 45.0423 -67.8757 0
    endloop
  endfacet
  facet normal -0.941613 0.336698 0
    outer loop
      vertex 45.0423 -67.8757 6
      vertex 44.9597 -68.1067 0
      vertex 44.9597 -68.1067 6
    endloop
  endfacet
  facet normal 0.0489209 -0.998803 0
    outer loop
      vertex -42.895 69.638 0
      vertex -42.65 69.65 6
      vertex -42.895 69.638 6
    endloop
  endfacet
  facet normal 0.0489209 -0.998803 0
    outer loop
      vertex -42.65 69.65 6
      vertex -42.895 69.638 0
      vertex -42.65 69.65 0
    endloop
  endfacet
  facet normal 0.671394 0.741101 -0
    outer loop
      vertex -44.236 -69.0825 0
      vertex -44.4178 -68.9178 6
      vertex -44.236 -69.0825 6
    endloop
  endfacet
  facet normal 0.671394 0.741101 0
    outer loop
      vertex -44.4178 -68.9178 6
      vertex -44.236 -69.0825 0
      vertex -44.4178 -68.9178 0
    endloop
  endfacet
  facet normal -1 0 0
    outer loop
      vertex 45.15 35.9595 2.5
      vertex 45.15 67.15 6
      vertex 45.15 67.15 0
    endloop
  endfacet
  facet normal -1 0 0
    outer loop
      vertex 45.15 67.15 6
      vertex 45.15 35.9595 2.5
      vertex 45.15 35.9757 5.4
    endloop
  endfacet
  facet normal -1 0 0
    outer loop
      vertex 45.15 28 0
      vertex 45.15 35.9595 2.5
      vertex 45.15 67.15 0
    endloop
  endfacet
  facet normal -1 0 0
    outer loop
      vertex 45.15 29.3462 2.5
      vertex 45.15 29.1842 5.4
      vertex 45.15 29.3462 5.4
    endloop
  endfacet
  facet normal -1 0 0
    outer loop
      vertex 45.15 29.1842 5.4
      vertex 45.15 28.831 5.7
      vertex 45.15 29.1842 5.7
    endloop
  endfacet
  facet normal -1 0 0
    outer loop
      vertex 45.15 28 6
      vertex 45.15 29.1842 5.4
      vertex 45.15 29.3462 2.5
    endloop
  endfacet
  facet normal -1 0 0
    outer loop
      vertex 45.15 28.831 5.7
      vertex 45.15 28.4013 6
      vertex 45.15 28.831 6
    endloop
  endfacet
  facet normal -1 0 0
    outer loop
      vertex 45.15 29.1842 5.4
      vertex 45.15 28 6
      vertex 45.15 28.831 5.7
    endloop
  endfacet
  facet normal -1 -0 0
    outer loop
      vertex 45.15 35.9595 2.5
      vertex 45.15 28 0
      vertex 45.15 29.3462 2.5
    endloop
  endfacet
  facet normal -1 0 0
    outer loop
      vertex 45.15 28 6
      vertex 45.15 29.3462 2.5
      vertex 45.15 28 0
    endloop
  endfacet
  facet normal -1 0 0
    outer loop
      vertex 45.15 28.831 5.7
      vertex 45.15 28 6
      vertex 45.15 28.4013 6
    endloop
  endfacet
  facet normal -1 0 0
    outer loop
      vertex 45.15 35.9757 5.71
      vertex 45.15 67.15 6
      vertex 45.15 35.9757 5.4
    endloop
  endfacet
  facet normal -1 0 0
    outer loop
      vertex 45.15 35.9757 5.71
      vertex 45.15 35.9631 6
      vertex 45.15 67.15 6
    endloop
  endfacet
  facet normal -1 0 0
    outer loop
      vertex 45.15 35.9582 5.71
      vertex 45.15 35.9631 6
      vertex 45.15 35.9757 5.71
    endloop
  endfacet
  facet normal -1 -0 0
    outer loop
      vertex 45.15 35.9631 6
      vertex 45.15 35.9582 5.71
      vertex 45.15 35.9582 6
    endloop
  endfacet
  facet normal -1 -0 0
    outer loop
      vertex 45.15 35.9757 5.4
      vertex 45.15 35.9595 2.5
      vertex 45.15 35.9595 5.4
    endloop
  endfacet
  facet normal -1 0 0
    outer loop
      vertex 45.15 -29.3462 2.5
      vertex 45.15 -28 6
      vertex 45.15 -28 0
    endloop
  endfacet
  facet normal -1 0 -0
    outer loop
      vertex 45.15 -29.1842 5.4
      vertex 45.15 -28 6
      vertex 45.15 -29.3462 2.5
    endloop
  endfacet
  facet normal -1 -0 0
    outer loop
      vertex 45.15 -28 6
      vertex 45.15 -28.831 5.7
      vertex 45.15 -28.4013 6
    endloop
  endfacet
  facet normal -1 0 0
    outer loop
      vertex 45.15 -28 6
      vertex 45.15 -29.1842 5.4
      vertex 45.15 -28.831 5.7
    endloop
  endfacet
  facet normal -1 0 0
    outer loop
      vertex 45.15 -28 0
      vertex 45.15 -35.9595 2.5
      vertex 45.15 -29.3462 2.5
    endloop
  endfacet
  facet normal -1 0 0
    outer loop
      vertex 45.15 -35.9595 2.5
      vertex 45.15 -35.9757 5.4
      vertex 45.15 -35.9595 5.4
    endloop
  endfacet
  facet normal -1 0 0
    outer loop
      vertex 45.15 -35.9595 2.5
      vertex 45.15 -67.15 6
      vertex 45.15 -35.9757 5.4
    endloop
  endfacet
  facet normal -1 0 0
    outer loop
      vertex 45.15 -67.15 6
      vertex 45.15 -35.9595 2.5
      vertex 45.15 -67.15 0
    endloop
  endfacet
  facet normal -1 0 0
    outer loop
      vertex 45.15 -67.15 0
      vertex 45.15 -35.9595 2.5
      vertex 45.15 -28 0
    endloop
  endfacet
  facet normal -1 -0 0
    outer loop
      vertex 45.15 -28.4013 6
      vertex 45.15 -28.831 5.7
      vertex 45.15 -28.831 6
    endloop
  endfacet
  facet normal -1 -0 0
    outer loop
      vertex 45.15 -28.831 5.7
      vertex 45.15 -29.1842 5.4
      vertex 45.15 -29.1842 5.7
    endloop
  endfacet
  facet normal -1 -0 0
    outer loop
      vertex 45.15 -29.1842 5.4
      vertex 45.15 -29.3462 2.5
      vertex 45.15 -29.3462 5.4
    endloop
  endfacet
  facet normal -1 0 0
    outer loop
      vertex 45.15 -35.9582 5.71
      vertex 45.15 -35.9631 6
      vertex 45.15 -35.9582 6
    endloop
  endfacet
  facet normal -1 0 0
    outer loop
      vertex 45.15 -35.9757 5.71
      vertex 45.15 -35.9631 6
      vertex 45.15 -35.9582 5.71
    endloop
  endfacet
  facet normal -1 0 0
    outer loop
      vertex 45.15 -35.9757 5.4
      vertex 45.15 -67.15 6
      vertex 45.15 -35.9757 5.71
    endloop
  endfacet
  facet normal -1 0 0
    outer loop
      vertex 45.15 -35.9757 5.71
      vertex 45.15 -67.15 6
      vertex 45.15 -35.9631 6
    endloop
  endfacet
  facet normal 1 -0 0
    outer loop
      vertex -45.15 -35.9631 6
      vertex -45.15 -35.9582 5.71
      vertex -45.15 -35.9582 6
    endloop
  endfacet
  facet normal 1 0 0
    outer loop
      vertex -45.15 -35.9631 6
      vertex -45.15 -35.9757 5.71
      vertex -45.15 -35.9582 5.71
    endloop
  endfacet
  facet normal 1 0 0
    outer loop
      vertex -45.15 -35.9757 5.71
      vertex -45.15 -67.15 6
      vertex -45.15 -35.9757 5.4
    endloop
  endfacet
  facet normal 1 -0 0
    outer loop
      vertex -45.15 -67.15 6
      vertex -45.15 -35.9757 5.71
      vertex -45.15 -35.9631 6
    endloop
  endfacet
  facet normal 1 0 0
    outer loop
      vertex -45.15 -35.9595 5.4
      vertex -45.15 -35.9757 5.4
      vertex -45.15 -35.9595 2.5
    endloop
  endfacet
  facet normal 1 0 0
    outer loop
      vertex -45.15 -28.831 5.7
      vertex -45.15 -28 6
      vertex -45.15 -28.4013 6
    endloop
  endfacet
  facet normal 1 0 0
    outer loop
      vertex -45.15 -28.831 5.7
      vertex -45.15 -28.4013 6
      vertex -45.15 -28.831 6
    endloop
  endfacet
  facet normal 1 0 0
    outer loop
      vertex -45.15 -29.1842 5.4
      vertex -45.15 -28 6
      vertex -45.15 -28.831 5.7
    endloop
  endfacet
  facet normal 1 0 0
    outer loop
      vertex -45.15 -29.1842 5.4
      vertex -45.15 -28.831 5.7
      vertex -45.15 -29.1842 5.7
    endloop
  endfacet
  facet normal 1 0 0
    outer loop
      vertex -45.15 -28 6
      vertex -45.15 -29.1842 5.4
      vertex -45.15 -29.3462 2.5
    endloop
  endfacet
  facet normal 1 0 0
    outer loop
      vertex -45.15 -29.3462 2.5
      vertex -45.15 -29.1842 5.4
      vertex -45.15 -29.3462 5.4
    endloop
  endfacet
  facet normal 1 0 0
    outer loop
      vertex -45.15 -28 6
      vertex -45.15 -29.3462 2.5
      vertex -45.15 -28 0
    endloop
  endfacet
  facet normal 1 -0 0
    outer loop
      vertex -45.15 -35.9595 2.5
      vertex -45.15 -28 0
      vertex -45.15 -29.3462 2.5
    endloop
  endfacet
  facet normal 1 0 0
    outer loop
      vertex -45.15 -67.15 6
      vertex -45.15 -35.9595 2.5
      vertex -45.15 -35.9757 5.4
    endloop
  endfacet
  facet normal 1 0 0
    outer loop
      vertex -45.15 -67.15 0
      vertex -45.15 -35.9595 2.5
      vertex -45.15 -67.15 6
    endloop
  endfacet
  facet normal 1 0 0
    outer loop
      vertex -45.15 -35.9595 2.5
      vertex -45.15 -67.15 0
      vertex -45.15 -28 0
    endloop
  endfacet
  facet normal 1 0 0
    outer loop
      vertex -45.15 28.831 6
      vertex -45.15 28.4013 6
      vertex -45.15 28.831 5.7
    endloop
  endfacet
  facet normal 1 0 0
    outer loop
      vertex -45.15 29.1842 5.7
      vertex -45.15 28.831 5.7
      vertex -45.15 29.1842 5.4
    endloop
  endfacet
  facet normal 1 0 0
    outer loop
      vertex -45.15 29.3462 5.4
      vertex -45.15 29.1842 5.4
      vertex -45.15 29.3462 2.5
    endloop
  endfacet
  facet normal 1 0 0
    outer loop
      vertex -45.15 35.9757 5.4
      vertex -45.15 67.15 6
      vertex -45.15 35.9757 5.71
    endloop
  endfacet
  facet normal 1 -0 0
    outer loop
      vertex -45.15 35.9631 6
      vertex -45.15 35.9757 5.71
      vertex -45.15 67.15 6
    endloop
  endfacet
  facet normal 1 0 0
    outer loop
      vertex -45.15 35.9582 5.71
      vertex -45.15 35.9631 6
      vertex -45.15 35.9582 6
    endloop
  endfacet
  facet normal 1 0 0
    outer loop
      vertex -45.15 35.9631 6
      vertex -45.15 35.9582 5.71
      vertex -45.15 35.9757 5.71
    endloop
  endfacet
  facet normal 1 0 0
    outer loop
      vertex -45.15 35.9595 2.5
      vertex -45.15 67.15 6
      vertex -45.15 35.9757 5.4
    endloop
  endfacet
  facet normal 1 0 0
    outer loop
      vertex -45.15 35.9595 2.5
      vertex -45.15 35.9757 5.4
      vertex -45.15 35.9595 5.4
    endloop
  endfacet
  facet normal 1 0 0
    outer loop
      vertex -45.15 67.15 6
      vertex -45.15 35.9595 2.5
      vertex -45.15 67.15 0
    endloop
  endfacet
  facet normal 1 0 0
    outer loop
      vertex -45.15 28 0
      vertex -45.15 35.9595 2.5
      vertex -45.15 29.3462 2.5
    endloop
  endfacet
  facet normal 1 0 0
    outer loop
      vertex -45.15 28 6
      vertex -45.15 29.1842 5.4
      vertex -45.15 28.831 5.7
    endloop
  endfacet
  facet normal 1 -0 0
    outer loop
      vertex -45.15 28 6
      vertex -45.15 28.831 5.7
      vertex -45.15 28.4013 6
    endloop
  endfacet
  facet normal 1 0 0
    outer loop
      vertex -45.15 29.1842 5.4
      vertex -45.15 28 6
      vertex -45.15 29.3462 2.5
    endloop
  endfacet
  facet normal 1 0 0
    outer loop
      vertex -45.15 35.9595 2.5
      vertex -45.15 28 0
      vertex -45.15 67.15 0
    endloop
  endfacet
  facet normal 1 0 0
    outer loop
      vertex -45.15 28 0
      vertex -45.15 29.3462 2.5
      vertex -45.15 28 6
    endloop
  endfacet
  facet normal 0.998803 -0.0489209 0
    outer loop
      vertex -45.15 67.15 6
      vertex -45.138 67.395 0
      vertex -45.138 67.395 6
    endloop
  endfacet
  facet normal 0.998803 -0.0489209 0
    outer loop
      vertex -45.138 67.395 0
      vertex -45.15 67.15 6
      vertex -45.15 67.15 0
    endloop
  endfacet
  facet normal 0.514076 -0.857745 0
    outer loop
      vertex -44.0389 69.2287 0
      vertex -43.8285 69.3548 6
      vertex -44.0389 69.2287 6
    endloop
  endfacet
  facet normal 0.514076 -0.857745 0
    outer loop
      vertex -43.8285 69.3548 6
      vertex -44.0389 69.2287 0
      vertex -43.8285 69.3548 0
    endloop
  endfacet
  facet normal 0.857745 -0.514076 0
    outer loop
      vertex -44.8548 68.3285 6
      vertex -44.7287 68.5389 0
      vertex -44.7287 68.5389 6
    endloop
  endfacet
  facet normal 0.857745 -0.514076 0
    outer loop
      vertex -44.7287 68.5389 0
      vertex -44.8548 68.3285 6
      vertex -44.8548 68.3285 0
    endloop
  endfacet
  facet normal -0.903995 0.427543 0
    outer loop
      vertex 44.8548 -68.3285 0
      vertex 44.9597 -68.1067 6
      vertex 44.9597 -68.1067 0
    endloop
  endfacet
  facet normal -0.903995 0.427543 0
    outer loop
      vertex 44.9597 -68.1067 6
      vertex 44.8548 -68.3285 0
      vertex 44.8548 -68.3285 6
    endloop
  endfacet
  facet normal -0.857745 0.514076 0
    outer loop
      vertex 44.7287 -68.5389 0
      vertex 44.8548 -68.3285 6
      vertex 44.8548 -68.3285 0
    endloop
  endfacet
  facet normal -0.857745 0.514076 0
    outer loop
      vertex 44.8548 -68.3285 6
      vertex 44.7287 -68.5389 0
      vertex 44.7287 -68.5389 6
    endloop
  endfacet
  facet normal 0.941613 0.336698 0
    outer loop
      vertex -44.9597 -68.1067 6
      vertex -45.0423 -67.8757 0
      vertex -45.0423 -67.8757 6
    endloop
  endfacet
  facet normal 0.941613 0.336698 0
    outer loop
      vertex -45.0423 -67.8757 0
      vertex -44.9597 -68.1067 6
      vertex -44.9597 -68.1067 0
    endloop
  endfacet
  facet normal -0.941613 -0.336698 0
    outer loop
      vertex 45.0423 67.8757 0
      vertex 44.9597 68.1067 6
      vertex 44.9597 68.1067 0
    endloop
  endfacet
  facet normal -0.941613 -0.336698 0
    outer loop
      vertex 44.9597 68.1067 6
      vertex 45.0423 67.8757 0
      vertex 45.0423 67.8757 6
    endloop
  endfacet
  facet normal -0.514076 0.857745 0
    outer loop
      vertex 44.0389 -69.2287 0
      vertex 43.8285 -69.3548 6
      vertex 44.0389 -69.2287 6
    endloop
  endfacet
  facet normal -0.514076 0.857745 0
    outer loop
      vertex 43.8285 -69.3548 6
      vertex 44.0389 -69.2287 0
      vertex 43.8285 -69.3548 0
    endloop
  endfacet
  facet normal 0.595754 -0.803167 0
    outer loop
      vertex -44.236 69.0825 0
      vertex -44.0389 69.2287 6
      vertex -44.236 69.0825 6
    endloop
  endfacet
  facet normal 0.595754 -0.803167 0
    outer loop
      vertex -44.0389 69.2287 6
      vertex -44.236 69.0825 0
      vertex -44.0389 69.2287 0
    endloop
  endfacet
  facet normal -0.336698 -0.941613 0
    outer loop
      vertex 43.3757 69.5423 0
      vertex 43.6067 69.4597 6
      vertex 43.3757 69.5423 6
    endloop
  endfacet
  facet normal -0.336698 -0.941613 -0
    outer loop
      vertex 43.6067 69.4597 6
      vertex 43.3757 69.5423 0
      vertex 43.6067 69.4597 0
    endloop
  endfacet
  facet normal 0 -1 0
    outer loop
      vertex -27.9757 69.65 5.7
      vertex -27.9773 69.65 6
      vertex -42.65 69.65 6
    endloop
  endfacet
  facet normal 0 -1 0
    outer loop
      vertex -27.9773 69.65 6
      vertex -27.9757 69.65 5.7
      vertex -27.9757 69.65 6
    endloop
  endfacet
  facet normal 0 -1 0
    outer loop
      vertex -27.9714 69.65 5.41
      vertex -27.9757 69.65 5.7
      vertex -27.9861 69.65 5.41
    endloop
  endfacet
  facet normal 0 -1 0
    outer loop
      vertex -42.65 69.65 6
      vertex -27.9861 69.65 5.41
      vertex -27.9757 69.65 5.7
    endloop
  endfacet
  facet normal 0 -1 0
    outer loop
      vertex -42.65 69.65 6
      vertex -27.9861 69.65 2.5
      vertex -27.9861 69.65 5.41
    endloop
  endfacet
  facet normal 0 -1 0
    outer loop
      vertex -20 69.65 0
      vertex -27.9861 69.65 2.5
      vertex -42.65 69.65 0
    endloop
  endfacet
  facet normal 0 -1 0
    outer loop
      vertex -42.65 69.65 0
      vertex -27.9861 69.65 2.5
      vertex -42.65 69.65 6
    endloop
  endfacet
  facet normal 0 -1 0
    outer loop
      vertex -27.9757 69.65 5.7
      vertex -27.9714 69.65 5.41
      vertex -27.9714 69.65 5.7
    endloop
  endfacet
  facet normal 0 -1 0
    outer loop
      vertex -21.4769 69.65 5.4
      vertex -21.4769 69.65 2.5
      vertex -21.3426 69.65 5.4
    endloop
  endfacet
  facet normal 0 -1 0
    outer loop
      vertex -21.3426 69.65 5.7
      vertex -21.3426 69.65 5.4
      vertex -21.0232 69.65 5.7
    endloop
  endfacet
  facet normal 0 -1 0
    outer loop
      vertex -21.0232 69.65 5.7
      vertex -20.6678 69.65 6
      vertex -21.0232 69.65 6
    endloop
  endfacet
  facet normal 0 -1 -0
    outer loop
      vertex -20.6678 69.65 6
      vertex -21.0232 69.65 5.7
      vertex -20 69.65 6
    endloop
  endfacet
  facet normal 0 -1 0
    outer loop
      vertex -21.3426 69.65 5.4
      vertex -20 69.65 6
      vertex -21.0232 69.65 5.7
    endloop
  endfacet
  facet normal 0 -1 0
    outer loop
      vertex -21.4769 69.65 2.5
      vertex -20 69.65 6
      vertex -21.3426 69.65 5.4
    endloop
  endfacet
  facet normal 0 -1 0
    outer loop
      vertex -21.4769 69.65 2.5
      vertex -20 69.65 0
      vertex -20 69.65 6
    endloop
  endfacet
  facet normal 0 -1 0
    outer loop
      vertex -27.9861 69.65 2.5
      vertex -20 69.65 0
      vertex -21.4769 69.65 2.5
    endloop
  endfacet
  facet normal 0 -1 0
    outer loop
      vertex 21.0232 69.65 5.7
      vertex 20.6678 69.65 6
      vertex 20 69.65 6
    endloop
  endfacet
  facet normal 0 -1 0
    outer loop
      vertex 20.6678 69.65 6
      vertex 21.0232 69.65 5.7
      vertex 21.0232 69.65 6
    endloop
  endfacet
  facet normal 0 -1 0
    outer loop
      vertex 21.0232 69.65 5.7
      vertex 21.3426 69.65 5.4
      vertex 21.3426 69.65 5.7
    endloop
  endfacet
  facet normal 0 -1 0
    outer loop
      vertex 20 69.65 6
      vertex 21.3426 69.65 5.4
      vertex 21.0232 69.65 5.7
    endloop
  endfacet
  facet normal 0 -1 0
    outer loop
      vertex 21.3426 69.65 5.4
      vertex 21.4769 69.65 2.5
      vertex 21.4769 69.65 5.4
    endloop
  endfacet
  facet normal 0 -1 0
    outer loop
      vertex 20 69.65 6
      vertex 21.4769 69.65 2.5
      vertex 21.3426 69.65 5.4
    endloop
  endfacet
  facet normal 0 -1 -0
    outer loop
      vertex 21.4769 69.65 2.5
      vertex 20 69.65 0
      vertex 27.9861 69.65 2.5
    endloop
  endfacet
  facet normal 0 -1 0
    outer loop
      vertex 20 69.65 0
      vertex 21.4769 69.65 2.5
      vertex 20 69.65 6
    endloop
  endfacet
  facet normal 0 -1 0
    outer loop
      vertex 27.9714 69.65 5.7
      vertex 27.9714 69.65 5.41
      vertex 27.9757 69.65 5.7
    endloop
  endfacet
  facet normal 0 -1 0
    outer loop
      vertex 27.9757 69.65 5.7
      vertex 27.9773 69.65 6
      vertex 27.9757 69.65 6
    endloop
  endfacet
  facet normal 0 -1 -0
    outer loop
      vertex 27.9773 69.65 6
      vertex 27.9757 69.65 5.7
      vertex 42.65 69.65 6
    endloop
  endfacet
  facet normal 0 -1 0
    outer loop
      vertex 27.9861 69.65 5.41
      vertex 27.9757 69.65 5.7
      vertex 27.9714 69.65 5.41
    endloop
  endfacet
  facet normal 0 -1 0
    outer loop
      vertex 27.9757 69.65 5.7
      vertex 27.9861 69.65 5.41
      vertex 42.65 69.65 6
    endloop
  endfacet
  facet normal 0 -1 0
    outer loop
      vertex 27.9861 69.65 2.5
      vertex 42.65 69.65 6
      vertex 27.9861 69.65 5.41
    endloop
  endfacet
  facet normal 0 -1 0
    outer loop
      vertex 42.65 69.65 0
      vertex 27.9861 69.65 2.5
      vertex 20 69.65 0
    endloop
  endfacet
  facet normal 0 -1 0
    outer loop
      vertex 27.9861 69.65 2.5
      vertex 42.65 69.65 0
      vertex 42.65 69.65 6
    endloop
  endfacet
  facet normal 0.336698 -0.941613 0
    outer loop
      vertex -43.6067 69.4597 0
      vertex -43.3757 69.5423 6
      vertex -43.6067 69.4597 6
    endloop
  endfacet
  facet normal 0.336698 -0.941613 0
    outer loop
      vertex -43.3757 69.5423 6
      vertex -43.6067 69.4597 0
      vertex -43.3757 69.5423 0
    endloop
  endfacet
  facet normal 0.671394 -0.741101 0
    outer loop
      vertex -44.4178 68.9178 0
      vertex -44.236 69.0825 6
      vertex -44.4178 68.9178 6
    endloop
  endfacet
  facet normal 0.671394 -0.741101 0
    outer loop
      vertex -44.236 69.0825 6
      vertex -44.4178 68.9178 0
      vertex -44.236 69.0825 0
    endloop
  endfacet
  facet normal -0.96995 0.243303 0
    outer loop
      vertex 45.0423 -67.8757 0
      vertex 45.102 -67.6377 6
      vertex 45.102 -67.6377 0
    endloop
  endfacet
  facet normal -0.96995 0.243303 0
    outer loop
      vertex 45.102 -67.6377 6
      vertex 45.0423 -67.8757 0
      vertex 45.0423 -67.8757 6
    endloop
  endfacet
  facet normal 0.96995 -0.243303 0
    outer loop
      vertex -45.102 67.6377 6
      vertex -45.0423 67.8757 0
      vertex -45.0423 67.8757 6
    endloop
  endfacet
  facet normal 0.96995 -0.243303 0
    outer loop
      vertex -45.0423 67.8757 0
      vertex -45.102 67.6377 6
      vertex -45.102 67.6377 0
    endloop
  endfacet
  facet normal -0.741101 0.671394 0
    outer loop
      vertex 44.4178 -68.9178 0
      vertex 44.5825 -68.736 6
      vertex 44.5825 -68.736 0
    endloop
  endfacet
  facet normal -0.741101 0.671394 0
    outer loop
      vertex 44.5825 -68.736 6
      vertex 44.4178 -68.9178 0
      vertex 44.4178 -68.9178 6
    endloop
  endfacet
  facet normal 0.0489209 0.998803 -0
    outer loop
      vertex -42.65 -69.65 0
      vertex -42.895 -69.638 6
      vertex -42.65 -69.65 6
    endloop
  endfacet
  facet normal 0.0489209 0.998803 0
    outer loop
      vertex -42.895 -69.638 6
      vertex -42.65 -69.65 0
      vertex -42.895 -69.638 0
    endloop
  endfacet
  facet normal -0.741101 -0.671394 0
    outer loop
      vertex 44.5825 68.736 0
      vertex 44.4178 68.9178 6
      vertex 44.4178 68.9178 0
    endloop
  endfacet
  facet normal -0.741101 -0.671394 0
    outer loop
      vertex 44.4178 68.9178 6
      vertex 44.5825 68.736 0
      vertex 44.5825 68.736 6
    endloop
  endfacet
  facet normal 0.146726 -0.989177 0
    outer loop
      vertex -43.1377 69.602 0
      vertex -42.895 69.638 6
      vertex -43.1377 69.602 6
    endloop
  endfacet
  facet normal 0.146726 -0.989177 0
    outer loop
      vertex -42.895 69.638 6
      vertex -43.1377 69.602 0
      vertex -42.895 69.638 0
    endloop
  endfacet
  facet normal 0.989177 0.146726 0
    outer loop
      vertex -45.102 -67.6377 6
      vertex -45.138 -67.395 0
      vertex -45.138 -67.395 6
    endloop
  endfacet
  facet normal 0.989177 0.146726 0
    outer loop
      vertex -45.138 -67.395 0
      vertex -45.102 -67.6377 6
      vertex -45.102 -67.6377 0
    endloop
  endfacet
  facet normal 0.243303 -0.96995 0
    outer loop
      vertex -43.3757 69.5423 0
      vertex -43.1377 69.602 6
      vertex -43.3757 69.5423 6
    endloop
  endfacet
  facet normal 0.243303 -0.96995 0
    outer loop
      vertex -43.1377 69.602 6
      vertex -43.3757 69.5423 0
      vertex -43.1377 69.602 0
    endloop
  endfacet
  facet normal 0.803167 -0.595754 0
    outer loop
      vertex -44.7287 68.5389 6
      vertex -44.5825 68.736 0
      vertex -44.5825 68.736 6
    endloop
  endfacet
  facet normal 0.803167 -0.595754 0
    outer loop
      vertex -44.5825 68.736 0
      vertex -44.7287 68.5389 6
      vertex -44.7287 68.5389 0
    endloop
  endfacet
  facet normal 0.903995 -0.427543 0
    outer loop
      vertex -44.9597 68.1067 6
      vertex -44.8548 68.3285 0
      vertex -44.8548 68.3285 6
    endloop
  endfacet
  facet normal 0.903995 -0.427543 0
    outer loop
      vertex -44.8548 68.3285 0
      vertex -44.9597 68.1067 6
      vertex -44.9597 68.1067 0
    endloop
  endfacet
  facet normal 0.595754 0.803167 -0
    outer loop
      vertex -44.0389 -69.2287 0
      vertex -44.236 -69.0825 6
      vertex -44.0389 -69.2287 6
    endloop
  endfacet
  facet normal 0.595754 0.803167 0
    outer loop
      vertex -44.236 -69.0825 6
      vertex -44.0389 -69.2287 0
      vertex -44.236 -69.0825 0
    endloop
  endfacet
  facet normal 0.243303 0.96995 -0
    outer loop
      vertex -43.1377 -69.602 0
      vertex -43.3757 -69.5423 6
      vertex -43.1377 -69.602 6
    endloop
  endfacet
  facet normal 0.243303 0.96995 0
    outer loop
      vertex -43.3757 -69.5423 6
      vertex -43.1377 -69.602 0
      vertex -43.3757 -69.5423 0
    endloop
  endfacet
  facet normal 0.514076 0.857745 -0
    outer loop
      vertex -43.8285 -69.3548 0
      vertex -44.0389 -69.2287 6
      vertex -43.8285 -69.3548 6
    endloop
  endfacet
  facet normal 0.514076 0.857745 0
    outer loop
      vertex -44.0389 -69.2287 6
      vertex -43.8285 -69.3548 0
      vertex -44.0389 -69.2287 0
    endloop
  endfacet
  facet normal -0.96995 -0.243303 0
    outer loop
      vertex 45.102 67.6377 0
      vertex 45.0423 67.8757 6
      vertex 45.0423 67.8757 0
    endloop
  endfacet
  facet normal -0.96995 -0.243303 0
    outer loop
      vertex 45.0423 67.8757 6
      vertex 45.102 67.6377 0
      vertex 45.102 67.6377 6
    endloop
  endfacet
  facet normal -0.998803 0.0489209 0
    outer loop
      vertex 45.138 -67.395 0
      vertex 45.15 -67.15 6
      vertex 45.15 -67.15 0
    endloop
  endfacet
  facet normal -0.998803 0.0489209 0
    outer loop
      vertex 45.15 -67.15 6
      vertex 45.138 -67.395 0
      vertex 45.138 -67.395 6
    endloop
  endfacet
  facet normal -0.857745 -0.514076 0
    outer loop
      vertex 44.8548 68.3285 0
      vertex 44.7287 68.5389 6
      vertex 44.7287 68.5389 0
    endloop
  endfacet
  facet normal -0.857745 -0.514076 0
    outer loop
      vertex 44.7287 68.5389 6
      vertex 44.8548 68.3285 0
      vertex 44.8548 68.3285 6
    endloop
  endfacet
  facet normal -0.595754 -0.803167 0
    outer loop
      vertex 44.0389 69.2287 0
      vertex 44.236 69.0825 6
      vertex 44.0389 69.2287 6
    endloop
  endfacet
  facet normal -0.595754 -0.803167 -0
    outer loop
      vertex 44.236 69.0825 6
      vertex 44.0389 69.2287 0
      vertex 44.236 69.0825 0
    endloop
  endfacet
  facet normal 0.96995 0.243303 0
    outer loop
      vertex -45.0423 -67.8757 6
      vertex -45.102 -67.6377 0
      vertex -45.102 -67.6377 6
    endloop
  endfacet
  facet normal 0.96995 0.243303 0
    outer loop
      vertex -45.102 -67.6377 0
      vertex -45.0423 -67.8757 6
      vertex -45.0423 -67.8757 0
    endloop
  endfacet
  facet normal 0.941613 -0.336698 0
    outer loop
      vertex -45.0423 67.8757 6
      vertex -44.9597 68.1067 0
      vertex -44.9597 68.1067 6
    endloop
  endfacet
  facet normal 0.941613 -0.336698 0
    outer loop
      vertex -44.9597 68.1067 0
      vertex -45.0423 67.8757 6
      vertex -45.0423 67.8757 0
    endloop
  endfacet
  facet normal 0.146726 0.989177 -0
    outer loop
      vertex -42.895 -69.638 0
      vertex -43.1377 -69.602 6
      vertex -42.895 -69.638 6
    endloop
  endfacet
  facet normal 0.146726 0.989177 0
    outer loop
      vertex -43.1377 -69.602 6
      vertex -42.895 -69.638 0
      vertex -43.1377 -69.602 0
    endloop
  endfacet
  facet normal -0.803167 -0.595754 0
    outer loop
      vertex 44.7287 68.5389 0
      vertex 44.5825 68.736 6
      vertex 44.5825 68.736 0
    endloop
  endfacet
  facet normal -0.803167 -0.595754 0
    outer loop
      vertex 44.5825 68.736 6
      vertex 44.7287 68.5389 0
      vertex 44.7287 68.5389 6
    endloop
  endfacet
  facet normal 0.903995 0.427543 0
    outer loop
      vertex -44.8548 -68.3285 6
      vertex -44.9597 -68.1067 0
      vertex -44.9597 -68.1067 6
    endloop
  endfacet
  facet normal 0.903995 0.427543 0
    outer loop
      vertex -44.9597 -68.1067 0
      vertex -44.8548 -68.3285 6
      vertex -44.8548 -68.3285 0
    endloop
  endfacet
  facet normal -0.903995 -0.427543 0
    outer loop
      vertex 44.9597 68.1067 0
      vertex 44.8548 68.3285 6
      vertex 44.8548 68.3285 0
    endloop
  endfacet
  facet normal -0.903995 -0.427543 0
    outer loop
      vertex 44.8548 68.3285 6
      vertex 44.9597 68.1067 0
      vertex 44.9597 68.1067 6
    endloop
  endfacet
  facet normal -0.514076 -0.857745 0
    outer loop
      vertex 43.8285 69.3548 0
      vertex 44.0389 69.2287 6
      vertex 43.8285 69.3548 6
    endloop
  endfacet
  facet normal -0.514076 -0.857745 -0
    outer loop
      vertex 44.0389 69.2287 6
      vertex 43.8285 69.3548 0
      vertex 44.0389 69.2287 0
    endloop
  endfacet
  facet normal -0.427543 -0.903995 0
    outer loop
      vertex 43.6067 69.4597 0
      vertex 43.8285 69.3548 6
      vertex 43.6067 69.4597 6
    endloop
  endfacet
  facet normal -0.427543 -0.903995 -0
    outer loop
      vertex 43.8285 69.3548 6
      vertex 43.6067 69.4597 0
      vertex 43.8285 69.3548 0
    endloop
  endfacet
  facet normal -0.671394 -0.741101 0
    outer loop
      vertex 44.236 69.0825 0
      vertex 44.4178 68.9178 6
      vertex 44.236 69.0825 6
    endloop
  endfacet
  facet normal -0.671394 -0.741101 -0
    outer loop
      vertex 44.4178 68.9178 6
      vertex 44.236 69.0825 0
      vertex 44.4178 68.9178 0
    endloop
  endfacet
  facet normal -0.998803 -0.0489209 0
    outer loop
      vertex 45.15 67.15 0
      vertex 45.138 67.395 6
      vertex 45.138 67.395 0
    endloop
  endfacet
  facet normal -0.998803 -0.0489209 0
    outer loop
      vertex 45.138 67.395 6
      vertex 45.15 67.15 0
      vertex 45.15 67.15 6
    endloop
  endfacet
  facet normal 0.741101 -0.671394 0
    outer loop
      vertex -44.5825 68.736 6
      vertex -44.4178 68.9178 0
      vertex -44.4178 68.9178 6
    endloop
  endfacet
  facet normal 0.741101 -0.671394 0
    outer loop
      vertex -44.4178 68.9178 0
      vertex -44.5825 68.736 6
      vertex -44.5825 68.736 0
    endloop
  endfacet
  facet normal -0.671394 0.741101 0
    outer loop
      vertex 44.4178 -68.9178 0
      vertex 44.236 -69.0825 6
      vertex 44.4178 -68.9178 6
    endloop
  endfacet
  facet normal -0.671394 0.741101 0
    outer loop
      vertex 44.236 -69.0825 6
      vertex 44.4178 -68.9178 0
      vertex 44.236 -69.0825 0
    endloop
  endfacet
  facet normal -0.989177 -0.146726 0
    outer loop
      vertex 45.138 67.395 0
      vertex 45.102 67.6377 6
      vertex 45.102 67.6377 0
    endloop
  endfacet
  facet normal -0.989177 -0.146726 0
    outer loop
      vertex 45.102 67.6377 6
      vertex 45.138 67.395 0
      vertex 45.138 67.395 6
    endloop
  endfacet
  facet normal -0.243303 -0.96995 0
    outer loop
      vertex 43.1377 69.602 0
      vertex 43.3757 69.5423 6
      vertex 43.1377 69.602 6
    endloop
  endfacet
  facet normal -0.243303 -0.96995 -0
    outer loop
      vertex 43.3757 69.5423 6
      vertex 43.1377 69.602 0
      vertex 43.3757 69.5423 0
    endloop
  endfacet
  facet normal -0.989177 0.146726 0
    outer loop
      vertex 45.102 -67.6377 0
      vertex 45.138 -67.395 6
      vertex 45.138 -67.395 0
    endloop
  endfacet
  facet normal -0.989177 0.146726 0
    outer loop
      vertex 45.138 -67.395 6
      vertex 45.102 -67.6377 0
      vertex 45.102 -67.6377 6
    endloop
  endfacet
  facet normal -0.0489209 -0.998803 0
    outer loop
      vertex 42.65 69.65 0
      vertex 42.895 69.638 6
      vertex 42.65 69.65 6
    endloop
  endfacet
  facet normal -0.0489209 -0.998803 -0
    outer loop
      vertex 42.895 69.638 6
      vertex 42.65 69.65 0
      vertex 42.895 69.638 0
    endloop
  endfacet
  facet normal -0.595754 0.803167 0
    outer loop
      vertex 44.236 -69.0825 0
      vertex 44.0389 -69.2287 6
      vertex 44.236 -69.0825 6
    endloop
  endfacet
  facet normal -0.595754 0.803167 0
    outer loop
      vertex 44.0389 -69.2287 6
      vertex 44.236 -69.0825 0
      vertex 44.0389 -69.2287 0
    endloop
  endfacet
  facet normal -0.803167 0.595754 0
    outer loop
      vertex 44.5825 -68.736 0
      vertex 44.7287 -68.5389 6
      vertex 44.7287 -68.5389 0
    endloop
  endfacet
  facet normal -0.803167 0.595754 0
    outer loop
      vertex 44.7287 -68.5389 6
      vertex 44.5825 -68.736 0
      vertex 44.5825 -68.736 6
    endloop
  endfacet
  facet normal -0.427543 0.903995 0
    outer loop
      vertex 43.8285 -69.3548 0
      vertex 43.6067 -69.4597 6
      vertex 43.8285 -69.3548 6
    endloop
  endfacet
  facet normal -0.427543 0.903995 0
    outer loop
      vertex 43.6067 -69.4597 6
      vertex 43.8285 -69.3548 0
      vertex 43.6067 -69.4597 0
    endloop
  endfacet
  facet normal -0.336698 0.941613 0
    outer loop
      vertex 43.6067 -69.4597 0
      vertex 43.3757 -69.5423 6
      vertex 43.6067 -69.4597 6
    endloop
  endfacet
  facet normal -0.336698 0.941613 0
    outer loop
      vertex 43.3757 -69.5423 6
      vertex 43.6067 -69.4597 0
      vertex 43.3757 -69.5423 0
    endloop
  endfacet
  facet normal -0.881937 -0.471368 0
    outer loop
      vertex -46.2232 -51.1812 5.48926
      vertex -46.4209 -50.8113 5.91074
      vertex -46.4209 -50.8113 5.48926
    endloop
  endfacet
  facet normal -0.881937 -0.471368 0
    outer loop
      vertex -46.4209 -50.8113 5.91074
      vertex -46.2232 -51.1812 5.48926
      vertex -46.2232 -51.1812 5.91074
    endloop
  endfacet
  facet normal -0.796878 0.24173 0.553672
    outer loop
      vertex -46.5 -52.5549 4.53742
      vertex -46.3403 -52.3699 4.6865
      vertex -46.5 -52.3382 4.44281
    endloop
  endfacet
  facet normal -0.796878 0.241729 0.553672
    outer loop
      vertex -46.3403 -52.3699 4.6865
      vertex -46.5 -52.5549 4.53742
      vertex -46.4482 -52.7256 4.6865
    endloop
  endfacet
  facet normal -0.938692 0.285101 -0.193845
    outer loop
      vertex -46.1189 -52.414 6
      vertex -46.1015 -52.4174 5.91074
      vertex -46.1442 -52.4973 6
    endloop
  endfacet
  facet normal -0.920077 -0.0905402 0.381131
    outer loop
      vertex -46.3039 -52 4.6865
      vertex -46.1426 -52 5.07589
      vertex -46.3403 -51.6301 4.6865
    endloop
  endfacet
  facet normal -0.716104 -0.584909 0.380889
    outer loop
      vertex -46.4893 -50.857 5.07589
      vertex -46.5 -50.8439 5.07589
      vertex -46.5 -50.8641 5.04487
    endloop
  endfacet
  facet normal -0.976265 0.0961296 0.194076
    outer loop
      vertex -46.1015 -52.4174 5.48926
      vertex -46.0604 -52 5.48926
      vertex -46.1821 -52.4014 5.07589
    endloop
  endfacet
  facet normal -0.796946 -0.241652 0.553607
    outer loop
      vertex -46.4482 -51.2744 4.6865
      vertex -46.5 -51.2958 4.60259
      vertex -46.5 -51.4451 4.53742
    endloop
  endfacet
  facet normal -0.86513 0.462385 0.194293
    outer loop
      vertex -46.2232 -52.8188 5.48926
      vertex -46.2992 -52.7873 5.07589
      vertex -46.4209 -53.1887 5.48926
    endloop
  endfacet
  facet normal -0.865366 0.461979 -0.194206
    outer loop
      vertex -46.3947 -53.1021 6
      vertex -46.4209 -53.1887 5.91074
      vertex -46.4357 -53.1789 6
    endloop
  endfacet
  facet normal -0.734466 0.392625 0.553539
    outer loop
      vertex -46.4482 -52.7256 4.6865
      vertex -46.5 -52.7042 4.60259
      vertex -46.5 -52.8225 4.6865
    endloop
  endfacet
  facet normal -0.758021 -0.622632 0.194254
    outer loop
      vertex -46.5 -50.837 5.09822
      vertex -46.4209 -50.8113 5.48926
      vertex -46.5 -50.715 5.48926
    endloop
  endfacet
  facet normal -0.758128 -0.622497 0.194267
    outer loop
      vertex -46.4209 -50.8113 5.48926
      vertex -46.5 -50.837 5.09822
      vertex -46.4893 -50.857 5.07589
    endloop
  endfacet
  facet normal -0.938748 0.284618 0.194282
    outer loop
      vertex -46.2232 -52.8188 5.48926
      vertex -46.1015 -52.4174 5.48926
      vertex -46.2992 -52.7873 5.07589
    endloop
  endfacet
  facet normal -0.884736 -0.268381 0.38107
    outer loop
      vertex -46.3403 -51.6301 4.6865
      vertex -46.2992 -51.2127 5.07589
      vertex -46.4482 -51.2744 4.6865
    endloop
  endfacet
  facet normal -0.976263 -0.0963437 -0.193979
    outer loop
      vertex -46.1015 -51.5826 5.91074
      vertex -46.0866 -51.9133 6
      vertex -46.1189 -51.586 6
    endloop
  endfacet
  facet normal -0.976434 -0.0961462 -0.193219
    outer loop
      vertex -46.0866 -51.9133 6
      vertex -46.1015 -51.5826 5.91074
      vertex -46.0604 -52 5.91074
    endloop
  endfacet
  facet normal -0.716104 0.584909 0.380889
    outer loop
      vertex -46.4893 -53.143 5.07589
      vertex -46.5 -53.1359 5.04487
      vertex -46.5 -53.1561 5.07589
    endloop
  endfacet
  facet normal -0.815344 0.43586 0.381105
    outer loop
      vertex -46.5 -52.9521 4.83472
      vertex -46.4482 -52.7256 4.6865
      vertex -46.5 -52.8225 4.6865
    endloop
  endfacet
  facet normal -0.815374 0.435839 0.381063
    outer loop
      vertex -46.4482 -52.7256 4.6865
      vertex -46.5 -52.9521 4.83472
      vertex -46.2992 -52.7873 5.07589
    endloop
  endfacet
  facet normal -0.760099 0.620844 0.191842
    outer loop
      vertex -46.4893 -53.143 5.07589
      vertex -46.5 -53.1561 5.07589
      vertex -46.5 -53.163 5.09822
    endloop
  endfacet
  facet normal -0.865145 -0.462367 0.194272
    outer loop
      vertex -46.2992 -51.2127 5.07589
      vertex -46.4209 -50.8113 5.48926
      vertex -46.4893 -50.857 5.07589
    endloop
  endfacet
  facet normal -0.956982 -0.290146 0
    outer loop
      vertex -46.1015 -51.5826 5.48926
      vertex -46.2232 -51.1812 5.91074
      vertex -46.2232 -51.1812 5.48926
    endloop
  endfacet
  facet normal -0.956982 -0.290146 0
    outer loop
      vertex -46.2232 -51.1812 5.91074
      vertex -46.1015 -51.5826 5.48926
      vertex -46.1015 -51.5826 5.91074
    endloop
  endfacet
  facet normal -0.760099 -0.620844 0.191842
    outer loop
      vertex -46.4893 -50.857 5.07589
      vertex -46.5 -50.837 5.09822
      vertex -46.5 -50.8439 5.07589
    endloop
  endfacet
  facet normal -0.938781 -0.284588 -0.194165
    outer loop
      vertex -46.2232 -51.1812 5.91074
      vertex -46.1442 -51.5027 6
      vertex -46.2396 -51.188 6
    endloop
  endfacet
  facet normal -0.938744 -0.284617 -0.194303
    outer loop
      vertex -46.1442 -51.5027 6
      vertex -46.2232 -51.1812 5.91074
      vertex -46.1015 -51.5826 5.91074
    endloop
  endfacet
  facet normal -0.865067 -0.462351 -0.194655
    outer loop
      vertex -46.2232 -51.1812 5.91074
      vertex -46.3947 -50.8979 6
      vertex -46.4209 -50.8113 5.91074
    endloop
  endfacet
  facet normal -0.865087 -0.462513 -0.19418
    outer loop
      vertex -46.3947 -50.8979 6
      vertex -46.2232 -51.1812 5.91074
      vertex -46.2396 -51.188 6
    endloop
  endfacet
  facet normal -0.75807 -0.622672 -0.193931
    outer loop
      vertex -46.4209 -50.8113 5.91074
      vertex -46.5 -50.7428 6
      vertex -46.5 -50.715 5.91074
    endloop
  endfacet
  facet normal -0.758122 -0.62257 -0.194055
    outer loop
      vertex -46.5 -50.7428 6
      vertex -46.4209 -50.8113 5.91074
      vertex -46.4357 -50.8211 6
    endloop
  endfacet
  facet normal -0.865087 0.462513 -0.19418
    outer loop
      vertex -46.2232 -52.8188 5.91074
      vertex -46.3947 -53.1021 6
      vertex -46.2396 -52.812 6
    endloop
  endfacet
  facet normal -0.865067 0.462351 -0.194655
    outer loop
      vertex -46.3947 -53.1021 6
      vertex -46.2232 -52.8188 5.91074
      vertex -46.4209 -53.1887 5.91074
    endloop
  endfacet
  facet normal -0.938744 0.284617 -0.194303
    outer loop
      vertex -46.2232 -52.8188 5.91074
      vertex -46.1442 -52.4973 6
      vertex -46.1015 -52.4174 5.91074
    endloop
  endfacet
  facet normal -0.938781 0.284588 -0.194165
    outer loop
      vertex -46.1442 -52.4973 6
      vertex -46.2232 -52.8188 5.91074
      vertex -46.2396 -52.812 6
    endloop
  endfacet
  facet normal -0.881937 0.471368 0
    outer loop
      vertex -46.4209 -53.1887 5.48926
      vertex -46.2232 -52.8188 5.91074
      vertex -46.2232 -52.8188 5.48926
    endloop
  endfacet
  facet normal -0.881937 0.471368 0
    outer loop
      vertex -46.2232 -52.8188 5.91074
      vertex -46.4209 -53.1887 5.48926
      vertex -46.4209 -53.1887 5.91074
    endloop
  endfacet
  facet normal -0.815386 0.435763 0.381124
    outer loop
      vertex -46.5 -53.1359 5.04487
      vertex -46.2992 -52.7873 5.07589
      vertex -46.5 -52.9521 4.83472
    endloop
  endfacet
  facet normal -0.815421 0.435793 0.381016
    outer loop
      vertex -46.2992 -52.7873 5.07589
      vertex -46.5 -53.1359 5.04487
      vertex -46.4893 -53.143 5.07589
    endloop
  endfacet
  facet normal -0.796878 -0.241729 0.553672
    outer loop
      vertex -46.5 -51.4451 4.53742
      vertex -46.3403 -51.6301 4.6865
      vertex -46.4482 -51.2744 4.6865
    endloop
  endfacet
  facet normal -0.796878 -0.24173 0.553672
    outer loop
      vertex -46.3403 -51.6301 4.6865
      vertex -46.5 -51.4451 4.53742
      vertex -46.5 -51.6618 4.44281
    endloop
  endfacet
  facet normal -0.97626 0.0960694 0.194133
    outer loop
      vertex -46.0604 -52 5.48926
      vertex -46.1426 -52 5.07589
      vertex -46.1821 -52.4014 5.07589
    endloop
  endfacet
  facet normal -0.815386 -0.435763 0.381124
    outer loop
      vertex -46.2992 -51.2127 5.07589
      vertex -46.5 -50.8641 5.04487
      vertex -46.5 -51.0479 4.83472
    endloop
  endfacet
  facet normal -0.815421 -0.435793 0.381016
    outer loop
      vertex -46.5 -50.8641 5.04487
      vertex -46.2992 -51.2127 5.07589
      vertex -46.4893 -50.857 5.07589
    endloop
  endfacet
  facet normal -0.828709 -0.0815936 0.553701
    outer loop
      vertex -46.3403 -51.6301 4.6865
      vertex -46.5 -51.6618 4.44281
      vertex -46.5 -51.9289 4.40345
    endloop
  endfacet
  facet normal -0.938748 -0.284618 0.194282
    outer loop
      vertex -46.1015 -51.5826 5.48926
      vertex -46.2232 -51.1812 5.48926
      vertex -46.2992 -51.2127 5.07589
    endloop
  endfacet
  facet normal -0.86513 -0.462385 0.194293
    outer loop
      vertex -46.2992 -51.2127 5.07589
      vertex -46.2232 -51.1812 5.48926
      vertex -46.4209 -50.8113 5.48926
    endloop
  endfacet
  facet normal -0.865366 -0.461979 -0.194206
    outer loop
      vertex -46.4209 -50.8113 5.91074
      vertex -46.3947 -50.8979 6
      vertex -46.4357 -50.8211 6
    endloop
  endfacet
  facet normal -0.938692 -0.285101 -0.193845
    outer loop
      vertex -46.1015 -51.5826 5.91074
      vertex -46.1189 -51.586 6
      vertex -46.1442 -51.5027 6
    endloop
  endfacet
  facet normal -0.758122 0.62257 -0.194055
    outer loop
      vertex -46.4209 -53.1887 5.91074
      vertex -46.5 -53.2572 6
      vertex -46.4357 -53.1789 6
    endloop
  endfacet
  facet normal -0.75807 0.622672 -0.193931
    outer loop
      vertex -46.5 -53.2572 6
      vertex -46.4209 -53.1887 5.91074
      vertex -46.5 -53.285 5.91074
    endloop
  endfacet
  facet normal -0.976396 -0.0957251 -0.193617
    outer loop
      vertex -46.0604 -52 5.91074
      vertex -46.0781 -52 6
      vertex -46.0866 -51.9133 6
    endloop
  endfacet
  facet normal -0.976265 -0.0961296 0.194076
    outer loop
      vertex -46.0604 -52 5.48926
      vertex -46.1015 -51.5826 5.48926
      vertex -46.1821 -51.5986 5.07589
    endloop
  endfacet
  facet normal -0.995187 -0.0979928 0
    outer loop
      vertex -46.0604 -52 5.48926
      vertex -46.1015 -51.5826 5.91074
      vertex -46.1015 -51.5826 5.48926
    endloop
  endfacet
  facet normal -0.995187 -0.0979928 0
    outer loop
      vertex -46.1015 -51.5826 5.91074
      vertex -46.0604 -52 5.48926
      vertex -46.0604 -52 5.91074
    endloop
  endfacet
  facet normal -0.938723 0.284852 0.19406
    outer loop
      vertex -46.1015 -52.4174 5.48926
      vertex -46.1821 -52.4014 5.07589
      vertex -46.2992 -52.7873 5.07589
    endloop
  endfacet
  facet normal -0.920077 0.0905407 0.38113
    outer loop
      vertex -46.1821 -52.4014 5.07589
      vertex -46.1426 -52 5.07589
      vertex -46.3403 -52.3699 4.6865
    endloop
  endfacet
  facet normal -0.77274 0.634722 0
    outer loop
      vertex -46.5 -53.285 5.48926
      vertex -46.4209 -53.1887 5.91074
      vertex -46.4209 -53.1887 5.48926
    endloop
  endfacet
  facet normal -0.77274 0.634722 0
    outer loop
      vertex -46.4209 -53.1887 5.91074
      vertex -46.5 -53.285 5.48926
      vertex -46.5 -53.285 5.91074
    endloop
  endfacet
  facet normal -0.828709 0.0815936 0.553701
    outer loop
      vertex -46.3403 -52.3699 4.6865
      vertex -46.5 -52.0711 4.40345
      vertex -46.5 -52.3382 4.44281
    endloop
  endfacet
  facet normal -0.828736 -0.081608 0.553658
    outer loop
      vertex -46.3039 -52 4.6865
      vertex -46.5 -51.9289 4.40345
      vertex -46.5 -52 4.39297
    endloop
  endfacet
  facet normal -0.828733 -0.0815515 0.55367
    outer loop
      vertex -46.5 -51.9289 4.40345
      vertex -46.3039 -52 4.6865
      vertex -46.3403 -51.6301 4.6865
    endloop
  endfacet
  facet normal -0.884682 -0.268454 0.381142
    outer loop
      vertex -46.1821 -51.5986 5.07589
      vertex -46.2992 -51.2127 5.07589
      vertex -46.3403 -51.6301 4.6865
    endloop
  endfacet
  facet normal -0.938723 -0.284852 0.19406
    outer loop
      vertex -46.1821 -51.5986 5.07589
      vertex -46.1015 -51.5826 5.48926
      vertex -46.2992 -51.2127 5.07589
    endloop
  endfacet
  facet normal -0.815344 -0.43586 0.381105
    outer loop
      vertex -46.4482 -51.2744 4.6865
      vertex -46.5 -51.0479 4.83472
      vertex -46.5 -51.1775 4.6865
    endloop
  endfacet
  facet normal -0.815374 -0.435839 0.381063
    outer loop
      vertex -46.5 -51.0479 4.83472
      vertex -46.4482 -51.2744 4.6865
      vertex -46.2992 -51.2127 5.07589
    endloop
  endfacet
  facet normal -0.734466 -0.392625 0.553539
    outer loop
      vertex -46.4482 -51.2744 4.6865
      vertex -46.5 -51.1775 4.6865
      vertex -46.5 -51.2958 4.60259
    endloop
  endfacet
  facet normal -0.77274 -0.634722 0
    outer loop
      vertex -46.4209 -50.8113 5.48926
      vertex -46.5 -50.715 5.91074
      vertex -46.5 -50.715 5.48926
    endloop
  endfacet
  facet normal -0.77274 -0.634722 0
    outer loop
      vertex -46.5 -50.715 5.91074
      vertex -46.4209 -50.8113 5.48926
      vertex -46.4209 -50.8113 5.91074
    endloop
  endfacet
  facet normal -0.976434 0.0961462 -0.193219
    outer loop
      vertex -46.1015 -52.4174 5.91074
      vertex -46.0866 -52.0867 6
      vertex -46.0604 -52 5.91074
    endloop
  endfacet
  facet normal -0.976263 0.0963437 -0.193979
    outer loop
      vertex -46.0866 -52.0867 6
      vertex -46.1015 -52.4174 5.91074
      vertex -46.1189 -52.414 6
    endloop
  endfacet
  facet normal -0.976396 0.0957251 -0.193617
    outer loop
      vertex -46.0781 -52 6
      vertex -46.0604 -52 5.91074
      vertex -46.0866 -52.0867 6
    endloop
  endfacet
  facet normal -0.758128 0.622497 0.194267
    outer loop
      vertex -46.5 -53.163 5.09822
      vertex -46.4209 -53.1887 5.48926
      vertex -46.4893 -53.143 5.07589
    endloop
  endfacet
  facet normal -0.758021 0.622632 0.194254
    outer loop
      vertex -46.4209 -53.1887 5.48926
      vertex -46.5 -53.163 5.09822
      vertex -46.5 -53.285 5.48926
    endloop
  endfacet
  facet normal -0.865145 0.462367 0.194272
    outer loop
      vertex -46.4209 -53.1887 5.48926
      vertex -46.2992 -52.7873 5.07589
      vertex -46.4893 -53.143 5.07589
    endloop
  endfacet
  facet normal -0.796946 0.241652 0.553607
    outer loop
      vertex -46.4482 -52.7256 4.6865
      vertex -46.5 -52.5549 4.53742
      vertex -46.5 -52.7042 4.60259
    endloop
  endfacet
  facet normal -0.920077 0.0905402 0.381131
    outer loop
      vertex -46.1426 -52 5.07589
      vertex -46.3039 -52 4.6865
      vertex -46.3403 -52.3699 4.6865
    endloop
  endfacet
  facet normal -0.828736 0.081608 0.553658
    outer loop
      vertex -46.5 -52.0711 4.40345
      vertex -46.3039 -52 4.6865
      vertex -46.5 -52 4.39297
    endloop
  endfacet
  facet normal -0.828733 0.0815515 0.55367
    outer loop
      vertex -46.3039 -52 4.6865
      vertex -46.5 -52.0711 4.40345
      vertex -46.3403 -52.3699 4.6865
    endloop
  endfacet
  facet normal -0.97626 -0.0960694 0.194133
    outer loop
      vertex -46.1426 -52 5.07589
      vertex -46.0604 -52 5.48926
      vertex -46.1821 -51.5986 5.07589
    endloop
  endfacet
  facet normal -0.920077 -0.0905407 0.38113
    outer loop
      vertex -46.1426 -52 5.07589
      vertex -46.1821 -51.5986 5.07589
      vertex -46.3403 -51.6301 4.6865
    endloop
  endfacet
  facet normal -0.956982 0.290146 0
    outer loop
      vertex -46.2232 -52.8188 5.48926
      vertex -46.1015 -52.4174 5.91074
      vertex -46.1015 -52.4174 5.48926
    endloop
  endfacet
  facet normal -0.956982 0.290146 0
    outer loop
      vertex -46.1015 -52.4174 5.91074
      vertex -46.2232 -52.8188 5.48926
      vertex -46.2232 -52.8188 5.91074
    endloop
  endfacet
  facet normal -0.995187 0.0979928 0
    outer loop
      vertex -46.1015 -52.4174 5.48926
      vertex -46.0604 -52 5.91074
      vertex -46.0604 -52 5.48926
    endloop
  endfacet
  facet normal -0.995187 0.0979928 0
    outer loop
      vertex -46.0604 -52 5.91074
      vertex -46.1015 -52.4174 5.48926
      vertex -46.1015 -52.4174 5.91074
    endloop
  endfacet
  facet normal -0.884682 0.268454 0.381142
    outer loop
      vertex -46.2992 -52.7873 5.07589
      vertex -46.1821 -52.4014 5.07589
      vertex -46.3403 -52.3699 4.6865
    endloop
  endfacet
  facet normal -0.884736 0.268381 0.38107
    outer loop
      vertex -46.2992 -52.7873 5.07589
      vertex -46.3403 -52.3699 4.6865
      vertex -46.4482 -52.7256 4.6865
    endloop
  endfacet
  facet normal 0.938692 -0.285101 -0.193845
    outer loop
      vertex 46.1442 52.4973 6
      vertex 46.1189 52.414 6
      vertex 46.1015 52.4174 5.91074
    endloop
  endfacet
  facet normal 0.828736 0.081608 0.553658
    outer loop
      vertex 46.3039 52 4.6865
      vertex 46.5 51.9289 4.40345
      vertex 46.5 52 4.39297
    endloop
  endfacet
  facet normal 0.828733 0.0815515 0.55367
    outer loop
      vertex 46.5 51.9289 4.40345
      vertex 46.3039 52 4.6865
      vertex 46.3403 51.6301 4.6865
    endloop
  endfacet
  facet normal 0.976265 0.0961296 0.194076
    outer loop
      vertex 46.1015 51.5826 5.48926
      vertex 46.1821 51.5986 5.07589
      vertex 46.0604 52 5.48926
    endloop
  endfacet
  facet normal 0.865067 -0.462351 -0.194655
    outer loop
      vertex 46.3947 53.1021 6
      vertex 46.2232 52.8188 5.91074
      vertex 46.4209 53.1887 5.91074
    endloop
  endfacet
  facet normal 0.865087 -0.462513 -0.19418
    outer loop
      vertex 46.2232 52.8188 5.91074
      vertex 46.3947 53.1021 6
      vertex 46.2396 52.812 6
    endloop
  endfacet
  facet normal 0.938692 0.285101 -0.193845
    outer loop
      vertex 46.1189 51.586 6
      vertex 46.1442 51.5027 6
      vertex 46.1015 51.5826 5.91074
    endloop
  endfacet
  facet normal 0.938781 -0.284588 -0.194165
    outer loop
      vertex 46.1442 52.4973 6
      vertex 46.2232 52.8188 5.91074
      vertex 46.2396 52.812 6
    endloop
  endfacet
  facet normal 0.938744 -0.284617 -0.194303
    outer loop
      vertex 46.2232 52.8188 5.91074
      vertex 46.1442 52.4973 6
      vertex 46.1015 52.4174 5.91074
    endloop
  endfacet
  facet normal 0.77274 -0.634722 0
    outer loop
      vertex 46.4209 53.1887 5.91074
      vertex 46.5 53.285 5.48926
      vertex 46.5 53.285 5.91074
    endloop
  endfacet
  facet normal 0.77274 -0.634722 0
    outer loop
      vertex 46.5 53.285 5.48926
      vertex 46.4209 53.1887 5.91074
      vertex 46.4209 53.1887 5.48926
    endloop
  endfacet
  facet normal 0.815374 0.435839 0.381063
    outer loop
      vertex 46.5 51.0479 4.83472
      vertex 46.4482 51.2744 4.6865
      vertex 46.2992 51.2127 5.07589
    endloop
  endfacet
  facet normal 0.815344 0.43586 0.381105
    outer loop
      vertex 46.4482 51.2744 4.6865
      vertex 46.5 51.0479 4.83472
      vertex 46.5 51.1775 4.6865
    endloop
  endfacet
  facet normal 0.865366 0.461979 -0.194206
    outer loop
      vertex 46.4357 50.8211 6
      vertex 46.4209 50.8113 5.91074
      vertex 46.3947 50.8979 6
    endloop
  endfacet
  facet normal 0.75807 -0.622672 -0.193931
    outer loop
      vertex 46.5 53.2572 6
      vertex 46.4209 53.1887 5.91074
      vertex 46.5 53.285 5.91074
    endloop
  endfacet
  facet normal 0.758122 -0.62257 -0.194055
    outer loop
      vertex 46.4209 53.1887 5.91074
      vertex 46.5 53.2572 6
      vertex 46.4357 53.1789 6
    endloop
  endfacet
  facet normal 0.734466 -0.392625 0.553539
    outer loop
      vertex 46.5 52.7042 4.60259
      vertex 46.5 52.8225 4.6865
      vertex 46.4482 52.7256 4.6865
    endloop
  endfacet
  facet normal 0.884682 0.268454 0.381142
    outer loop
      vertex 46.2992 51.2127 5.07589
      vertex 46.3403 51.6301 4.6865
      vertex 46.1821 51.5986 5.07589
    endloop
  endfacet
  facet normal 0.796878 -0.241729 0.553672
    outer loop
      vertex 46.3403 52.3699 4.6865
      vertex 46.5 52.5549 4.53742
      vertex 46.4482 52.7256 4.6865
    endloop
  endfacet
  facet normal 0.796878 -0.24173 0.553672
    outer loop
      vertex 46.5 52.5549 4.53742
      vertex 46.3403 52.3699 4.6865
      vertex 46.5 52.3382 4.44281
    endloop
  endfacet
  facet normal 0.796878 0.24173 0.553672
    outer loop
      vertex 46.3403 51.6301 4.6865
      vertex 46.5 51.4451 4.53742
      vertex 46.5 51.6618 4.44281
    endloop
  endfacet
  facet normal 0.796878 0.241729 0.553672
    outer loop
      vertex 46.5 51.4451 4.53742
      vertex 46.3403 51.6301 4.6865
      vertex 46.4482 51.2744 4.6865
    endloop
  endfacet
  facet normal 0.815386 0.435763 0.381124
    outer loop
      vertex 46.2992 51.2127 5.07589
      vertex 46.5 50.8641 5.04487
      vertex 46.5 51.0479 4.83472
    endloop
  endfacet
  facet normal 0.815421 0.435793 0.381016
    outer loop
      vertex 46.5 50.8641 5.04487
      vertex 46.2992 51.2127 5.07589
      vertex 46.4893 50.857 5.07589
    endloop
  endfacet
  facet normal 0.760099 -0.620844 0.191842
    outer loop
      vertex 46.5 53.1561 5.07589
      vertex 46.5 53.163 5.09822
      vertex 46.4893 53.143 5.07589
    endloop
  endfacet
  facet normal 0.716104 -0.584909 0.380889
    outer loop
      vertex 46.5 53.1359 5.04487
      vertex 46.5 53.1561 5.07589
      vertex 46.4893 53.143 5.07589
    endloop
  endfacet
  facet normal 0.938748 -0.284618 0.194282
    outer loop
      vertex 46.2992 52.7873 5.07589
      vertex 46.2232 52.8188 5.48926
      vertex 46.1015 52.4174 5.48926
    endloop
  endfacet
  facet normal 0.815374 -0.435839 0.381063
    outer loop
      vertex 46.4482 52.7256 4.6865
      vertex 46.5 52.9521 4.83472
      vertex 46.2992 52.7873 5.07589
    endloop
  endfacet
  facet normal 0.815344 -0.43586 0.381105
    outer loop
      vertex 46.5 52.9521 4.83472
      vertex 46.4482 52.7256 4.6865
      vertex 46.5 52.8225 4.6865
    endloop
  endfacet
  facet normal 0.865366 -0.461979 -0.194206
    outer loop
      vertex 46.4209 53.1887 5.91074
      vertex 46.4357 53.1789 6
      vertex 46.3947 53.1021 6
    endloop
  endfacet
  facet normal 0.976263 0.0963437 -0.193979
    outer loop
      vertex 46.1015 51.5826 5.91074
      vertex 46.0866 51.9133 6
      vertex 46.1189 51.586 6
    endloop
  endfacet
  facet normal 0.976434 0.0961462 -0.193219
    outer loop
      vertex 46.0866 51.9133 6
      vertex 46.1015 51.5826 5.91074
      vertex 46.0604 52 5.91074
    endloop
  endfacet
  facet normal 0.956982 -0.290146 0
    outer loop
      vertex 46.1015 52.4174 5.91074
      vertex 46.2232 52.8188 5.48926
      vertex 46.2232 52.8188 5.91074
    endloop
  endfacet
  facet normal 0.956982 -0.290146 0
    outer loop
      vertex 46.2232 52.8188 5.48926
      vertex 46.1015 52.4174 5.91074
      vertex 46.1015 52.4174 5.48926
    endloop
  endfacet
  facet normal 0.884682 -0.268454 0.381142
    outer loop
      vertex 46.3403 52.3699 4.6865
      vertex 46.2992 52.7873 5.07589
      vertex 46.1821 52.4014 5.07589
    endloop
  endfacet
  facet normal 0.828709 0.0815936 0.553701
    outer loop
      vertex 46.5 51.6618 4.44281
      vertex 46.5 51.9289 4.40345
      vertex 46.3403 51.6301 4.6865
    endloop
  endfacet
  facet normal 0.938723 0.284852 0.19406
    outer loop
      vertex 46.2992 51.2127 5.07589
      vertex 46.1821 51.5986 5.07589
      vertex 46.1015 51.5826 5.48926
    endloop
  endfacet
  facet normal 0.758021 -0.622632 0.194254
    outer loop
      vertex 46.4209 53.1887 5.48926
      vertex 46.5 53.163 5.09822
      vertex 46.5 53.285 5.48926
    endloop
  endfacet
  facet normal 0.758128 -0.622497 0.194267
    outer loop
      vertex 46.5 53.163 5.09822
      vertex 46.4209 53.1887 5.48926
      vertex 46.4893 53.143 5.07589
    endloop
  endfacet
  facet normal 0.815421 -0.435793 0.381016
    outer loop
      vertex 46.2992 52.7873 5.07589
      vertex 46.5 53.1359 5.04487
      vertex 46.4893 53.143 5.07589
    endloop
  endfacet
  facet normal 0.815386 -0.435763 0.381124
    outer loop
      vertex 46.5 53.1359 5.04487
      vertex 46.2992 52.7873 5.07589
      vertex 46.5 52.9521 4.83472
    endloop
  endfacet
  facet normal 0.865145 -0.462367 0.194272
    outer loop
      vertex 46.4893 53.143 5.07589
      vertex 46.4209 53.1887 5.48926
      vertex 46.2992 52.7873 5.07589
    endloop
  endfacet
  facet normal 0.86513 -0.462385 0.194293
    outer loop
      vertex 46.2992 52.7873 5.07589
      vertex 46.4209 53.1887 5.48926
      vertex 46.2232 52.8188 5.48926
    endloop
  endfacet
  facet normal 0.976396 0.0957251 -0.193617
    outer loop
      vertex 46.0781 52 6
      vertex 46.0866 51.9133 6
      vertex 46.0604 52 5.91074
    endloop
  endfacet
  facet normal 0.995187 -0.0979928 0
    outer loop
      vertex 46.0604 52 5.91074
      vertex 46.1015 52.4174 5.48926
      vertex 46.1015 52.4174 5.91074
    endloop
  endfacet
  facet normal 0.995187 -0.0979928 0
    outer loop
      vertex 46.1015 52.4174 5.48926
      vertex 46.0604 52 5.91074
      vertex 46.0604 52 5.48926
    endloop
  endfacet
  facet normal 0.995187 0.0979928 0
    outer loop
      vertex 46.1015 51.5826 5.91074
      vertex 46.0604 52 5.48926
      vertex 46.0604 52 5.91074
    endloop
  endfacet
  facet normal 0.995187 0.0979928 0
    outer loop
      vertex 46.0604 52 5.48926
      vertex 46.1015 51.5826 5.91074
      vertex 46.1015 51.5826 5.48926
    endloop
  endfacet
  facet normal 0.976263 -0.0963437 -0.193979
    outer loop
      vertex 46.0866 52.0867 6
      vertex 46.1015 52.4174 5.91074
      vertex 46.1189 52.414 6
    endloop
  endfacet
  facet normal 0.976434 -0.0961462 -0.193219
    outer loop
      vertex 46.1015 52.4174 5.91074
      vertex 46.0866 52.0867 6
      vertex 46.0604 52 5.91074
    endloop
  endfacet
  facet normal 0.976396 -0.0957251 -0.193617
    outer loop
      vertex 46.0866 52.0867 6
      vertex 46.0781 52 6
      vertex 46.0604 52 5.91074
    endloop
  endfacet
  facet normal 0.881937 -0.471368 0
    outer loop
      vertex 46.2232 52.8188 5.91074
      vertex 46.4209 53.1887 5.48926
      vertex 46.4209 53.1887 5.91074
    endloop
  endfacet
  facet normal 0.881937 -0.471368 0
    outer loop
      vertex 46.4209 53.1887 5.48926
      vertex 46.2232 52.8188 5.91074
      vertex 46.2232 52.8188 5.48926
    endloop
  endfacet
  facet normal 0.938748 0.284618 0.194282
    outer loop
      vertex 46.2232 51.1812 5.48926
      vertex 46.2992 51.2127 5.07589
      vertex 46.1015 51.5826 5.48926
    endloop
  endfacet
  facet normal 0.716104 0.584909 0.380889
    outer loop
      vertex 46.5 50.8439 5.07589
      vertex 46.5 50.8641 5.04487
      vertex 46.4893 50.857 5.07589
    endloop
  endfacet
  facet normal 0.884736 0.268381 0.38107
    outer loop
      vertex 46.4482 51.2744 4.6865
      vertex 46.3403 51.6301 4.6865
      vertex 46.2992 51.2127 5.07589
    endloop
  endfacet
  facet normal 0.828733 -0.0815515 0.55367
    outer loop
      vertex 46.3039 52 4.6865
      vertex 46.5 52.0711 4.40345
      vertex 46.3403 52.3699 4.6865
    endloop
  endfacet
  facet normal 0.828736 -0.081608 0.553658
    outer loop
      vertex 46.5 52.0711 4.40345
      vertex 46.3039 52 4.6865
      vertex 46.5 52 4.39297
    endloop
  endfacet
  facet normal 0.828709 -0.0815936 0.553701
    outer loop
      vertex 46.5 52.0711 4.40345
      vertex 46.5 52.3382 4.44281
      vertex 46.3403 52.3699 4.6865
    endloop
  endfacet
  facet normal 0.86513 0.462385 0.194293
    outer loop
      vertex 46.4209 50.8113 5.48926
      vertex 46.2992 51.2127 5.07589
      vertex 46.2232 51.1812 5.48926
    endloop
  endfacet
  facet normal 0.760099 0.620844 0.191842
    outer loop
      vertex 46.5 50.837 5.09822
      vertex 46.5 50.8439 5.07589
      vertex 46.4893 50.857 5.07589
    endloop
  endfacet
  facet normal 0.734466 0.392625 0.553539
    outer loop
      vertex 46.5 51.1775 4.6865
      vertex 46.5 51.2958 4.60259
      vertex 46.4482 51.2744 4.6865
    endloop
  endfacet
  facet normal 0.796946 0.241652 0.553607
    outer loop
      vertex 46.5 51.2958 4.60259
      vertex 46.5 51.4451 4.53742
      vertex 46.4482 51.2744 4.6865
    endloop
  endfacet
  facet normal 0.976265 -0.0961296 0.194076
    outer loop
      vertex 46.1821 52.4014 5.07589
      vertex 46.1015 52.4174 5.48926
      vertex 46.0604 52 5.48926
    endloop
  endfacet
  facet normal 0.796946 -0.241652 0.553607
    outer loop
      vertex 46.5 52.5549 4.53742
      vertex 46.5 52.7042 4.60259
      vertex 46.4482 52.7256 4.6865
    endloop
  endfacet
  facet normal 0.920077 0.0905402 0.381131
    outer loop
      vertex 46.3403 51.6301 4.6865
      vertex 46.3039 52 4.6865
      vertex 46.1426 52 5.07589
    endloop
  endfacet
  facet normal 0.884736 -0.268381 0.38107
    outer loop
      vertex 46.3403 52.3699 4.6865
      vertex 46.4482 52.7256 4.6865
      vertex 46.2992 52.7873 5.07589
    endloop
  endfacet
  facet normal 0.881937 0.471368 0
    outer loop
      vertex 46.4209 50.8113 5.91074
      vertex 46.2232 51.1812 5.48926
      vertex 46.2232 51.1812 5.91074
    endloop
  endfacet
  facet normal 0.881937 0.471368 0
    outer loop
      vertex 46.2232 51.1812 5.48926
      vertex 46.4209 50.8113 5.91074
      vertex 46.4209 50.8113 5.48926
    endloop
  endfacet
  facet normal 0.956982 0.290146 0
    outer loop
      vertex 46.2232 51.1812 5.91074
      vertex 46.1015 51.5826 5.48926
      vertex 46.1015 51.5826 5.91074
    endloop
  endfacet
  facet normal 0.956982 0.290146 0
    outer loop
      vertex 46.1015 51.5826 5.48926
      vertex 46.2232 51.1812 5.91074
      vertex 46.2232 51.1812 5.48926
    endloop
  endfacet
  facet normal 0.758128 0.622497 0.194267
    outer loop
      vertex 46.4209 50.8113 5.48926
      vertex 46.5 50.837 5.09822
      vertex 46.4893 50.857 5.07589
    endloop
  endfacet
  facet normal 0.758021 0.622632 0.194254
    outer loop
      vertex 46.5 50.837 5.09822
      vertex 46.4209 50.8113 5.48926
      vertex 46.5 50.715 5.48926
    endloop
  endfacet
  facet normal 0.865145 0.462367 0.194272
    outer loop
      vertex 46.4209 50.8113 5.48926
      vertex 46.4893 50.857 5.07589
      vertex 46.2992 51.2127 5.07589
    endloop
  endfacet
  facet normal 0.758122 0.62257 -0.194055
    outer loop
      vertex 46.5 50.7428 6
      vertex 46.4209 50.8113 5.91074
      vertex 46.4357 50.8211 6
    endloop
  endfacet
  facet normal 0.75807 0.622672 -0.193931
    outer loop
      vertex 46.4209 50.8113 5.91074
      vertex 46.5 50.7428 6
      vertex 46.5 50.715 5.91074
    endloop
  endfacet
  facet normal 0.77274 0.634722 0
    outer loop
      vertex 46.5 50.715 5.91074
      vertex 46.4209 50.8113 5.48926
      vertex 46.4209 50.8113 5.91074
    endloop
  endfacet
  facet normal 0.77274 0.634722 0
    outer loop
      vertex 46.4209 50.8113 5.48926
      vertex 46.5 50.715 5.91074
      vertex 46.5 50.715 5.48926
    endloop
  endfacet
  facet normal 0.920077 -0.0905402 0.381131
    outer loop
      vertex 46.3039 52 4.6865
      vertex 46.3403 52.3699 4.6865
      vertex 46.1426 52 5.07589
    endloop
  endfacet
  facet normal 0.938723 -0.284852 0.19406
    outer loop
      vertex 46.1821 52.4014 5.07589
      vertex 46.2992 52.7873 5.07589
      vertex 46.1015 52.4174 5.48926
    endloop
  endfacet
  facet normal 0.865087 0.462513 -0.19418
    outer loop
      vertex 46.3947 50.8979 6
      vertex 46.2232 51.1812 5.91074
      vertex 46.2396 51.188 6
    endloop
  endfacet
  facet normal 0.865067 0.462351 -0.194655
    outer loop
      vertex 46.2232 51.1812 5.91074
      vertex 46.3947 50.8979 6
      vertex 46.4209 50.8113 5.91074
    endloop
  endfacet
  facet normal 0.938781 0.284588 -0.194165
    outer loop
      vertex 46.2232 51.1812 5.91074
      vertex 46.1442 51.5027 6
      vertex 46.2396 51.188 6
    endloop
  endfacet
  facet normal 0.938744 0.284617 -0.194303
    outer loop
      vertex 46.1442 51.5027 6
      vertex 46.2232 51.1812 5.91074
      vertex 46.1015 51.5826 5.91074
    endloop
  endfacet
  facet normal 0.920077 0.0905407 0.38113
    outer loop
      vertex 46.1821 51.5986 5.07589
      vertex 46.3403 51.6301 4.6865
      vertex 46.1426 52 5.07589
    endloop
  endfacet
  facet normal 0.97626 0.0960694 0.194133
    outer loop
      vertex 46.1821 51.5986 5.07589
      vertex 46.1426 52 5.07589
      vertex 46.0604 52 5.48926
    endloop
  endfacet
  facet normal 0.920077 -0.0905407 0.38113
    outer loop
      vertex 46.3403 52.3699 4.6865
      vertex 46.1821 52.4014 5.07589
      vertex 46.1426 52 5.07589
    endloop
  endfacet
  facet normal 0.97626 -0.0960694 0.194133
    outer loop
      vertex 46.1426 52 5.07589
      vertex 46.1821 52.4014 5.07589
      vertex 46.0604 52 5.48926
    endloop
  endfacet
  facet normal 0.284588 -0.938781 -0.194165
    outer loop
      vertex -39.8188 -70.7232 5.91074
      vertex -39.4973 -70.6442 6
      vertex -39.812 -70.7396 6
    endloop
  endfacet
  facet normal 0.284617 -0.938744 -0.194303
    outer loop
      vertex -39.4973 -70.6442 6
      vertex -39.8188 -70.7232 5.91074
      vertex -39.4174 -70.6015 5.91074
    endloop
  endfacet
  facet normal -0.268381 -0.884736 0.38107
    outer loop
      vertex -38.2744 -70.9482 4.6865
      vertex -38.2127 -70.7992 5.07589
      vertex -38.6301 -70.8403 4.6865
    endloop
  endfacet
  facet normal 0.634722 -0.77274 0
    outer loop
      vertex -40.285 -71 5.48926
      vertex -40.1887 -70.9209 5.91074
      vertex -40.285 -71 5.91074
    endloop
  endfacet
  facet normal 0.634722 -0.77274 0
    outer loop
      vertex -40.1887 -70.9209 5.91074
      vertex -40.285 -71 5.48926
      vertex -40.1887 -70.9209 5.48926
    endloop
  endfacet
  facet normal -0.0982289 -0.995164 0
    outer loop
      vertex -39 -70.5603 5.48926
      vertex -38.5826 -70.6015 5.91074
      vertex -39 -70.5603 5.91074
    endloop
  endfacet
  facet normal -0.0982289 -0.995164 -0
    outer loop
      vertex -38.5826 -70.6015 5.91074
      vertex -39 -70.5603 5.48926
      vertex -38.5826 -70.6015 5.48926
    endloop
  endfacet
  facet normal 0.096065 -0.976215 0.19436
    outer loop
      vertex -39 -70.6426 5.07589
      vertex -39 -70.5603 5.48926
      vertex -39.4014 -70.6821 5.07589
    endloop
  endfacet
  facet normal -0.461979 -0.865366 -0.194206
    outer loop
      vertex -37.8113 -70.9209 5.91074
      vertex -37.8211 -70.9357 6
      vertex -37.8979 -70.8947 6
    endloop
  endfacet
  facet normal 0.290146 -0.956982 0
    outer loop
      vertex -39.8188 -70.7232 5.48926
      vertex -39.4174 -70.6015 5.91074
      vertex -39.8188 -70.7232 5.91074
    endloop
  endfacet
  facet normal 0.290146 -0.956982 0
    outer loop
      vertex -39.4174 -70.6015 5.91074
      vertex -39.8188 -70.7232 5.48926
      vertex -39.4174 -70.6015 5.48926
    endloop
  endfacet
  facet normal 0.0963612 -0.976242 0.19408
    outer loop
      vertex -39.4014 -70.6821 5.07589
      vertex -39 -70.5603 5.48926
      vertex -39.4174 -70.6015 5.48926
    endloop
  endfacet
  facet normal -0.435839 -0.815374 0.381063
    outer loop
      vertex -38.2744 -70.9482 4.6865
      vertex -38.0479 -71 4.83472
      vertex -38.2127 -70.7992 5.07589
    endloop
  endfacet
  facet normal -0.43586 -0.815344 0.381105
    outer loop
      vertex -38.0479 -71 4.83472
      vertex -38.2744 -70.9482 4.6865
      vertex -38.1775 -71 4.6865
    endloop
  endfacet
  facet normal 0.0905402 -0.920077 0.381131
    outer loop
      vertex -39 -70.8039 4.6865
      vertex -39 -70.6426 5.07589
      vertex -39.3699 -70.8403 4.6865
    endloop
  endfacet
  facet normal -0.462513 -0.865087 -0.19418
    outer loop
      vertex -38.1812 -70.7232 5.91074
      vertex -37.8979 -70.8947 6
      vertex -38.188 -70.7396 6
    endloop
  endfacet
  facet normal -0.462351 -0.865067 -0.194655
    outer loop
      vertex -37.8979 -70.8947 6
      vertex -38.1812 -70.7232 5.91074
      vertex -37.8113 -70.9209 5.91074
    endloop
  endfacet
  facet normal 0.0963437 -0.976263 -0.193979
    outer loop
      vertex -39.4174 -70.6015 5.91074
      vertex -39.0867 -70.5866 6
      vertex -39.414 -70.6189 6
    endloop
  endfacet
  facet normal 0.0963618 -0.976248 -0.194048
    outer loop
      vertex -39.0867 -70.5866 6
      vertex -39.4174 -70.6015 5.91074
      vertex -39 -70.5603 5.91074
    endloop
  endfacet
  facet normal -0.284617 -0.938744 -0.194303
    outer loop
      vertex -38.1812 -70.7232 5.91074
      vertex -38.5027 -70.6442 6
      vertex -38.5826 -70.6015 5.91074
    endloop
  endfacet
  facet normal -0.284588 -0.938781 -0.194165
    outer loop
      vertex -38.5027 -70.6442 6
      vertex -38.1812 -70.7232 5.91074
      vertex -38.188 -70.7396 6
    endloop
  endfacet
  facet normal 0.285101 -0.938692 -0.193845
    outer loop
      vertex -39.4174 -70.6015 5.91074
      vertex -39.414 -70.6189 6
      vertex -39.4973 -70.6442 6
    endloop
  endfacet
  facet normal -0.284618 -0.938748 0.194282
    outer loop
      vertex -38.2127 -70.7992 5.07589
      vertex -38.1812 -70.7232 5.48926
      vertex -38.5826 -70.6015 5.48926
    endloop
  endfacet
  facet normal 0.0957048 -0.976189 -0.194669
    outer loop
      vertex -39 -70.5603 5.91074
      vertex -39 -70.5781 6
      vertex -39.0867 -70.5866 6
    endloop
  endfacet
  facet normal -0.0815936 -0.828709 0.553701
    outer loop
      vertex -38.6618 -71 4.44281
      vertex -38.6301 -70.8403 4.6865
      vertex -38.9289 -71 4.40345
    endloop
  endfacet
  facet normal -0.0905402 -0.920077 0.381131
    outer loop
      vertex -38.6301 -70.8403 4.6865
      vertex -39 -70.6426 5.07589
      vertex -39 -70.8039 4.6865
    endloop
  endfacet
  facet normal -0.290146 -0.956982 0
    outer loop
      vertex -38.5826 -70.6015 5.48926
      vertex -38.1812 -70.7232 5.91074
      vertex -38.5826 -70.6015 5.91074
    endloop
  endfacet
  facet normal -0.290146 -0.956982 -0
    outer loop
      vertex -38.1812 -70.7232 5.91074
      vertex -38.5826 -70.6015 5.48926
      vertex -38.1812 -70.7232 5.48926
    endloop
  endfacet
  facet normal -0.241729 -0.796878 0.553672
    outer loop
      vertex -38.6301 -70.8403 4.6865
      vertex -38.4451 -71 4.53742
      vertex -38.2744 -70.9482 4.6865
    endloop
  endfacet
  facet normal -0.24173 -0.796878 0.553672
    outer loop
      vertex -38.4451 -71 4.53742
      vertex -38.6301 -70.8403 4.6865
      vertex -38.6618 -71 4.44281
    endloop
  endfacet
  facet normal 0.268381 -0.884736 0.38107
    outer loop
      vertex -39.7256 -70.9482 4.6865
      vertex -39.3699 -70.8403 4.6865
      vertex -39.7873 -70.7992 5.07589
    endloop
  endfacet
  facet normal 0.471368 -0.881937 0
    outer loop
      vertex -40.1887 -70.9209 5.48926
      vertex -39.8188 -70.7232 5.91074
      vertex -40.1887 -70.9209 5.91074
    endloop
  endfacet
  facet normal 0.471368 -0.881937 0
    outer loop
      vertex -39.8188 -70.7232 5.91074
      vertex -40.1887 -70.9209 5.48926
      vertex -39.8188 -70.7232 5.48926
    endloop
  endfacet
  facet normal 0.284852 -0.938723 0.19406
    outer loop
      vertex -39.4014 -70.6821 5.07589
      vertex -39.4174 -70.6015 5.48926
      vertex -39.7873 -70.7992 5.07589
    endloop
  endfacet
  facet normal -0.285101 -0.938692 -0.193845
    outer loop
      vertex -38.5826 -70.6015 5.91074
      vertex -38.5027 -70.6442 6
      vertex -38.586 -70.6189 6
    endloop
  endfacet
  facet normal 0.0982289 -0.995164 0
    outer loop
      vertex -39.4174 -70.6015 5.48926
      vertex -39 -70.5603 5.91074
      vertex -39.4174 -70.6015 5.91074
    endloop
  endfacet
  facet normal 0.0982289 -0.995164 0
    outer loop
      vertex -39 -70.5603 5.91074
      vertex -39.4174 -70.6015 5.48926
      vertex -39 -70.5603 5.48926
    endloop
  endfacet
  facet normal -0.284852 -0.938723 0.19406
    outer loop
      vertex -38.2127 -70.7992 5.07589
      vertex -38.5826 -70.6015 5.48926
      vertex -38.5986 -70.6821 5.07589
    endloop
  endfacet
  facet normal -0.0963618 -0.976248 -0.194048
    outer loop
      vertex -38.5826 -70.6015 5.91074
      vertex -38.9133 -70.5866 6
      vertex -39 -70.5603 5.91074
    endloop
  endfacet
  facet normal -0.0963437 -0.976263 -0.193979
    outer loop
      vertex -38.9133 -70.5866 6
      vertex -38.5826 -70.6015 5.91074
      vertex -38.586 -70.6189 6
    endloop
  endfacet
  facet normal -0.0905407 -0.920077 0.38113
    outer loop
      vertex -38.6301 -70.8403 4.6865
      vertex -38.5986 -70.6821 5.07589
      vertex -39 -70.6426 5.07589
    endloop
  endfacet
  facet normal -0.0963612 -0.976242 0.19408
    outer loop
      vertex -38.5986 -70.6821 5.07589
      vertex -38.5826 -70.6015 5.48926
      vertex -39 -70.5603 5.48926
    endloop
  endfacet
  facet normal 0.462367 -0.865145 0.194272
    outer loop
      vertex -40.143 -70.9893 5.07589
      vertex -39.7873 -70.7992 5.07589
      vertex -40.1887 -70.9209 5.48926
    endloop
  endfacet
  facet normal 0.622632 -0.758021 0.194254
    outer loop
      vertex -40.163 -71 5.09822
      vertex -40.1887 -70.9209 5.48926
      vertex -40.285 -71 5.48926
    endloop
  endfacet
  facet normal 0.622497 -0.758128 0.194267
    outer loop
      vertex -40.1887 -70.9209 5.48926
      vertex -40.163 -71 5.09822
      vertex -40.143 -70.9893 5.07589
    endloop
  endfacet
  facet normal 0.622672 -0.75807 -0.193931
    outer loop
      vertex -40.1887 -70.9209 5.91074
      vertex -40.2572 -71 6
      vertex -40.285 -71 5.91074
    endloop
  endfacet
  facet normal 0.62257 -0.758122 -0.194055
    outer loop
      vertex -40.2572 -71 6
      vertex -40.1887 -70.9209 5.91074
      vertex -40.1789 -70.9357 6
    endloop
  endfacet
  facet normal -0.096065 -0.976215 0.19436
    outer loop
      vertex -38.5986 -70.6821 5.07589
      vertex -39 -70.5603 5.48926
      vertex -39 -70.6426 5.07589
    endloop
  endfacet
  facet normal 0.0905407 -0.920077 0.38113
    outer loop
      vertex -39.3699 -70.8403 4.6865
      vertex -39 -70.6426 5.07589
      vertex -39.4014 -70.6821 5.07589
    endloop
  endfacet
  facet normal -0.462385 -0.86513 0.194293
    outer loop
      vertex -37.8113 -70.9209 5.48926
      vertex -38.1812 -70.7232 5.48926
      vertex -38.2127 -70.7992 5.07589
    endloop
  endfacet
  facet normal -0.268454 -0.884682 0.381142
    outer loop
      vertex -38.2127 -70.7992 5.07589
      vertex -38.5986 -70.6821 5.07589
      vertex -38.6301 -70.8403 4.6865
    endloop
  endfacet
  facet normal 0.268454 -0.884682 0.381142
    outer loop
      vertex -39.3699 -70.8403 4.6865
      vertex -39.4014 -70.6821 5.07589
      vertex -39.7873 -70.7992 5.07589
    endloop
  endfacet
  facet normal -0.0815515 -0.828733 0.55367
    outer loop
      vertex -39 -70.8039 4.6865
      vertex -38.9289 -71 4.40345
      vertex -38.6301 -70.8403 4.6865
    endloop
  endfacet
  facet normal -0.081608 -0.828736 0.553658
    outer loop
      vertex -38.9289 -71 4.40345
      vertex -39 -70.8039 4.6865
      vertex -39 -71 4.39297
    endloop
  endfacet
  facet normal 0.0815515 -0.828733 0.55367
    outer loop
      vertex -39.0711 -71 4.40345
      vertex -39 -70.8039 4.6865
      vertex -39.3699 -70.8403 4.6865
    endloop
  endfacet
  facet normal 0.081608 -0.828736 0.553658
    outer loop
      vertex -39 -70.8039 4.6865
      vertex -39.0711 -71 4.40345
      vertex -39 -71 4.39297
    endloop
  endfacet
  facet normal -0.241652 -0.796946 0.553607
    outer loop
      vertex -38.2958 -71 4.60259
      vertex -38.2744 -70.9482 4.6865
      vertex -38.4451 -71 4.53742
    endloop
  endfacet
  facet normal -0.392625 -0.734466 0.553539
    outer loop
      vertex -38.1775 -71 4.6865
      vertex -38.2744 -70.9482 4.6865
      vertex -38.2958 -71 4.60259
    endloop
  endfacet
  facet normal -0.634722 -0.77274 0
    outer loop
      vertex -37.8113 -70.9209 5.48926
      vertex -37.715 -71 5.91074
      vertex -37.8113 -70.9209 5.91074
    endloop
  endfacet
  facet normal -0.634722 -0.77274 -0
    outer loop
      vertex -37.715 -71 5.91074
      vertex -37.8113 -70.9209 5.48926
      vertex -37.715 -71 5.48926
    endloop
  endfacet
  facet normal -0.62257 -0.758122 -0.194055
    outer loop
      vertex -37.8113 -70.9209 5.91074
      vertex -37.7428 -71 6
      vertex -37.8211 -70.9357 6
    endloop
  endfacet
  facet normal -0.622672 -0.75807 -0.193931
    outer loop
      vertex -37.7428 -71 6
      vertex -37.8113 -70.9209 5.91074
      vertex -37.715 -71 5.91074
    endloop
  endfacet
  facet normal -0.471368 -0.881937 0
    outer loop
      vertex -38.1812 -70.7232 5.48926
      vertex -37.8113 -70.9209 5.91074
      vertex -38.1812 -70.7232 5.91074
    endloop
  endfacet
  facet normal -0.471368 -0.881937 -0
    outer loop
      vertex -37.8113 -70.9209 5.91074
      vertex -38.1812 -70.7232 5.48926
      vertex -37.8113 -70.9209 5.48926
    endloop
  endfacet
  facet normal -0.622632 -0.758021 0.194254
    outer loop
      vertex -37.8113 -70.9209 5.48926
      vertex -37.837 -71 5.09822
      vertex -37.715 -71 5.48926
    endloop
  endfacet
  facet normal -0.622497 -0.758128 0.194267
    outer loop
      vertex -37.837 -71 5.09822
      vertex -37.8113 -70.9209 5.48926
      vertex -37.857 -70.9893 5.07589
    endloop
  endfacet
  facet normal 0.462385 -0.86513 0.194293
    outer loop
      vertex -39.7873 -70.7992 5.07589
      vertex -39.8188 -70.7232 5.48926
      vertex -40.1887 -70.9209 5.48926
    endloop
  endfacet
  facet normal 0.284618 -0.938748 0.194282
    outer loop
      vertex -39.7873 -70.7992 5.07589
      vertex -39.4174 -70.6015 5.48926
      vertex -39.8188 -70.7232 5.48926
    endloop
  endfacet
  facet normal 0.241729 -0.796878 0.553672
    outer loop
      vertex -39.5549 -71 4.53742
      vertex -39.3699 -70.8403 4.6865
      vertex -39.7256 -70.9482 4.6865
    endloop
  endfacet
  facet normal 0.24173 -0.796878 0.553672
    outer loop
      vertex -39.3699 -70.8403 4.6865
      vertex -39.5549 -71 4.53742
      vertex -39.3382 -71 4.44281
    endloop
  endfacet
  facet normal 0.620844 -0.760099 0.191842
    outer loop
      vertex -40.1561 -71 5.07589
      vertex -40.143 -70.9893 5.07589
      vertex -40.163 -71 5.09822
    endloop
  endfacet
  facet normal 0.462351 -0.865067 -0.194655
    outer loop
      vertex -39.8188 -70.7232 5.91074
      vertex -40.1021 -70.8947 6
      vertex -40.1887 -70.9209 5.91074
    endloop
  endfacet
  facet normal 0.462513 -0.865087 -0.19418
    outer loop
      vertex -40.1021 -70.8947 6
      vertex -39.8188 -70.7232 5.91074
      vertex -39.812 -70.7396 6
    endloop
  endfacet
  facet normal 0.461979 -0.865366 -0.194206
    outer loop
      vertex -40.1021 -70.8947 6
      vertex -40.1789 -70.9357 6
      vertex -40.1887 -70.9209 5.91074
    endloop
  endfacet
  facet normal -0.0957048 -0.976189 -0.194669
    outer loop
      vertex -39 -70.5603 5.91074
      vertex -38.9133 -70.5866 6
      vertex -39 -70.5781 6
    endloop
  endfacet
  facet normal -0.435793 -0.815421 0.381016
    outer loop
      vertex -38.2127 -70.7992 5.07589
      vertex -37.8641 -71 5.04487
      vertex -37.857 -70.9893 5.07589
    endloop
  endfacet
  facet normal -0.435763 -0.815386 0.381124
    outer loop
      vertex -37.8641 -71 5.04487
      vertex -38.2127 -70.7992 5.07589
      vertex -38.0479 -71 4.83472
    endloop
  endfacet
  facet normal -0.462367 -0.865145 0.194272
    outer loop
      vertex -37.857 -70.9893 5.07589
      vertex -37.8113 -70.9209 5.48926
      vertex -38.2127 -70.7992 5.07589
    endloop
  endfacet
  facet normal 0.584909 -0.716104 0.380889
    outer loop
      vertex -40.1359 -71 5.04487
      vertex -40.143 -70.9893 5.07589
      vertex -40.1561 -71 5.07589
    endloop
  endfacet
  facet normal 0.435793 -0.815421 0.381016
    outer loop
      vertex -40.1359 -71 5.04487
      vertex -39.7873 -70.7992 5.07589
      vertex -40.143 -70.9893 5.07589
    endloop
  endfacet
  facet normal 0.435763 -0.815386 0.381124
    outer loop
      vertex -39.7873 -70.7992 5.07589
      vertex -40.1359 -71 5.04487
      vertex -39.9521 -71 4.83472
    endloop
  endfacet
  facet normal 0.241652 -0.796946 0.553607
    outer loop
      vertex -39.7042 -71 4.60259
      vertex -39.5549 -71 4.53742
      vertex -39.7256 -70.9482 4.6865
    endloop
  endfacet
  facet normal 0.0815936 -0.828709 0.553701
    outer loop
      vertex -39.3382 -71 4.44281
      vertex -39.0711 -71 4.40345
      vertex -39.3699 -70.8403 4.6865
    endloop
  endfacet
  facet normal -0.620844 -0.760099 0.191842
    outer loop
      vertex -37.8439 -71 5.07589
      vertex -37.837 -71 5.09822
      vertex -37.857 -70.9893 5.07589
    endloop
  endfacet
  facet normal -0.584909 -0.716104 0.380889
    outer loop
      vertex -37.8439 -71 5.07589
      vertex -37.857 -70.9893 5.07589
      vertex -37.8641 -71 5.04487
    endloop
  endfacet
  facet normal 0.392625 -0.734466 0.553539
    outer loop
      vertex -39.7042 -71 4.60259
      vertex -39.7256 -70.9482 4.6865
      vertex -39.8225 -71 4.6865
    endloop
  endfacet
  facet normal 0.43586 -0.815344 0.381105
    outer loop
      vertex -39.7256 -70.9482 4.6865
      vertex -39.9521 -71 4.83472
      vertex -39.8225 -71 4.6865
    endloop
  endfacet
  facet normal 0.435839 -0.815374 0.381063
    outer loop
      vertex -39.9521 -71 4.83472
      vertex -39.7256 -70.9482 4.6865
      vertex -39.7873 -70.7992 5.07589
    endloop
  endfacet
  facet normal 0.435793 0.815421 0.381016
    outer loop
      vertex 38.2127 70.7992 5.07589
      vertex 37.8641 71 5.04487
      vertex 37.857 70.9893 5.07589
    endloop
  endfacet
  facet normal 0.435763 0.815386 0.381124
    outer loop
      vertex 37.8641 71 5.04487
      vertex 38.2127 70.7992 5.07589
      vertex 38.0479 71 4.83472
    endloop
  endfacet
  facet normal 0.0815515 0.828733 0.55367
    outer loop
      vertex 39 70.8039 4.6865
      vertex 38.9289 71 4.40345
      vertex 38.6301 70.8403 4.6865
    endloop
  endfacet
  facet normal 0.081608 0.828736 0.553658
    outer loop
      vertex 38.9289 71 4.40345
      vertex 39 70.8039 4.6865
      vertex 39 71 4.39297
    endloop
  endfacet
  facet normal 0.0963612 0.976242 0.19408
    outer loop
      vertex 39 70.5603 5.48926
      vertex 38.5986 70.6821 5.07589
      vertex 38.5826 70.6015 5.48926
    endloop
  endfacet
  facet normal 0.435839 0.815374 0.381063
    outer loop
      vertex 38.2744 70.9482 4.6865
      vertex 38.0479 71 4.83472
      vertex 38.2127 70.7992 5.07589
    endloop
  endfacet
  facet normal 0.43586 0.815344 0.381105
    outer loop
      vertex 38.0479 71 4.83472
      vertex 38.2744 70.9482 4.6865
      vertex 38.1775 71 4.6865
    endloop
  endfacet
  facet normal -0.285101 0.938692 -0.193845
    outer loop
      vertex 39.4973 70.6442 6
      vertex 39.4174 70.6015 5.91074
      vertex 39.414 70.6189 6
    endloop
  endfacet
  facet normal -0.0963437 0.976263 -0.193979
    outer loop
      vertex 39.4174 70.6015 5.91074
      vertex 39.0867 70.5866 6
      vertex 39.414 70.6189 6
    endloop
  endfacet
  facet normal -0.0963618 0.976248 -0.194048
    outer loop
      vertex 39.0867 70.5866 6
      vertex 39.4174 70.6015 5.91074
      vertex 39 70.5603 5.91074
    endloop
  endfacet
  facet normal 0.241652 0.796946 0.553607
    outer loop
      vertex 38.4451 71 4.53742
      vertex 38.2958 71 4.60259
      vertex 38.2744 70.9482 4.6865
    endloop
  endfacet
  facet normal 0.0957048 0.976189 -0.194669
    outer loop
      vertex 39 70.5781 6
      vertex 39 70.5603 5.91074
      vertex 38.9133 70.5866 6
    endloop
  endfacet
  facet normal 0.284617 0.938744 -0.194303
    outer loop
      vertex 38.1812 70.7232 5.91074
      vertex 38.5027 70.6442 6
      vertex 38.5826 70.6015 5.91074
    endloop
  endfacet
  facet normal 0.284588 0.938781 -0.194165
    outer loop
      vertex 38.5027 70.6442 6
      vertex 38.1812 70.7232 5.91074
      vertex 38.188 70.7396 6
    endloop
  endfacet
  facet normal -0.471368 0.881937 0
    outer loop
      vertex 40.1887 70.9209 5.48926
      vertex 39.8188 70.7232 5.91074
      vertex 40.1887 70.9209 5.91074
    endloop
  endfacet
  facet normal -0.471368 0.881937 0
    outer loop
      vertex 39.8188 70.7232 5.91074
      vertex 40.1887 70.9209 5.48926
      vertex 39.8188 70.7232 5.48926
    endloop
  endfacet
  facet normal -0.284852 0.938723 0.19406
    outer loop
      vertex 39.4174 70.6015 5.48926
      vertex 39.7873 70.7992 5.07589
      vertex 39.4014 70.6821 5.07589
    endloop
  endfacet
  facet normal 0.462367 0.865145 0.194272
    outer loop
      vertex 38.2127 70.7992 5.07589
      vertex 37.857 70.9893 5.07589
      vertex 37.8113 70.9209 5.48926
    endloop
  endfacet
  facet normal -0.0905402 0.920077 0.381131
    outer loop
      vertex 39.3699 70.8403 4.6865
      vertex 39 70.8039 4.6865
      vertex 39 70.6426 5.07589
    endloop
  endfacet
  facet normal -0.268381 0.884736 0.38107
    outer loop
      vertex 39.7873 70.7992 5.07589
      vertex 39.7256 70.9482 4.6865
      vertex 39.3699 70.8403 4.6865
    endloop
  endfacet
  facet normal 0.471368 0.881937 -0
    outer loop
      vertex 38.1812 70.7232 5.48926
      vertex 37.8113 70.9209 5.91074
      vertex 38.1812 70.7232 5.91074
    endloop
  endfacet
  facet normal 0.471368 0.881937 0
    outer loop
      vertex 37.8113 70.9209 5.91074
      vertex 38.1812 70.7232 5.48926
      vertex 37.8113 70.9209 5.48926
    endloop
  endfacet
  facet normal 0.096065 0.976215 0.19436
    outer loop
      vertex 39 70.5603 5.48926
      vertex 39 70.6426 5.07589
      vertex 38.5986 70.6821 5.07589
    endloop
  endfacet
  facet normal -0.241652 0.796946 0.553607
    outer loop
      vertex 39.7256 70.9482 4.6865
      vertex 39.7042 71 4.60259
      vertex 39.5549 71 4.53742
    endloop
  endfacet
  facet normal 0.584909 0.716104 0.380889
    outer loop
      vertex 37.857 70.9893 5.07589
      vertex 37.8641 71 5.04487
      vertex 37.8439 71 5.07589
    endloop
  endfacet
  facet normal 0.620844 0.760099 0.191842
    outer loop
      vertex 37.857 70.9893 5.07589
      vertex 37.8439 71 5.07589
      vertex 37.837 71 5.09822
    endloop
  endfacet
  facet normal 0.290146 0.956982 -0
    outer loop
      vertex 38.5826 70.6015 5.48926
      vertex 38.1812 70.7232 5.91074
      vertex 38.5826 70.6015 5.91074
    endloop
  endfacet
  facet normal 0.290146 0.956982 0
    outer loop
      vertex 38.1812 70.7232 5.91074
      vertex 38.5826 70.6015 5.48926
      vertex 38.1812 70.7232 5.48926
    endloop
  endfacet
  facet normal -0.284588 0.938781 -0.194165
    outer loop
      vertex 39.8188 70.7232 5.91074
      vertex 39.4973 70.6442 6
      vertex 39.812 70.7396 6
    endloop
  endfacet
  facet normal -0.284617 0.938744 -0.194303
    outer loop
      vertex 39.4973 70.6442 6
      vertex 39.8188 70.7232 5.91074
      vertex 39.4174 70.6015 5.91074
    endloop
  endfacet
  facet normal 0.634722 0.77274 -0
    outer loop
      vertex 37.8113 70.9209 5.48926
      vertex 37.715 71 5.91074
      vertex 37.8113 70.9209 5.91074
    endloop
  endfacet
  facet normal 0.634722 0.77274 0
    outer loop
      vertex 37.715 71 5.91074
      vertex 37.8113 70.9209 5.48926
      vertex 37.715 71 5.48926
    endloop
  endfacet
  facet normal -0.620844 0.760099 0.191842
    outer loop
      vertex 40.163 71 5.09822
      vertex 40.1561 71 5.07589
      vertex 40.143 70.9893 5.07589
    endloop
  endfacet
  facet normal -0.462351 0.865067 -0.194655
    outer loop
      vertex 39.8188 70.7232 5.91074
      vertex 40.1021 70.8947 6
      vertex 40.1887 70.9209 5.91074
    endloop
  endfacet
  facet normal -0.462513 0.865087 -0.19418
    outer loop
      vertex 40.1021 70.8947 6
      vertex 39.8188 70.7232 5.91074
      vertex 39.812 70.7396 6
    endloop
  endfacet
  facet normal -0.461979 0.865366 -0.194206
    outer loop
      vertex 40.1789 70.9357 6
      vertex 40.1887 70.9209 5.91074
      vertex 40.1021 70.8947 6
    endloop
  endfacet
  facet normal -0.268454 0.884682 0.381142
    outer loop
      vertex 39.4014 70.6821 5.07589
      vertex 39.7873 70.7992 5.07589
      vertex 39.3699 70.8403 4.6865
    endloop
  endfacet
  facet normal -0.584909 0.716104 0.380889
    outer loop
      vertex 40.143 70.9893 5.07589
      vertex 40.1561 71 5.07589
      vertex 40.1359 71 5.04487
    endloop
  endfacet
  facet normal -0.462385 0.86513 0.194293
    outer loop
      vertex 39.8188 70.7232 5.48926
      vertex 40.1887 70.9209 5.48926
      vertex 39.7873 70.7992 5.07589
    endloop
  endfacet
  facet normal -0.622672 0.75807 -0.193931
    outer loop
      vertex 40.1887 70.9209 5.91074
      vertex 40.2572 71 6
      vertex 40.285 71 5.91074
    endloop
  endfacet
  facet normal -0.62257 0.758122 -0.194055
    outer loop
      vertex 40.2572 71 6
      vertex 40.1887 70.9209 5.91074
      vertex 40.1789 70.9357 6
    endloop
  endfacet
  facet normal 0.622632 0.758021 0.194254
    outer loop
      vertex 37.8113 70.9209 5.48926
      vertex 37.837 71 5.09822
      vertex 37.715 71 5.48926
    endloop
  endfacet
  facet normal 0.622497 0.758128 0.194267
    outer loop
      vertex 37.837 71 5.09822
      vertex 37.8113 70.9209 5.48926
      vertex 37.857 70.9893 5.07589
    endloop
  endfacet
  facet normal 0.284852 0.938723 0.19406
    outer loop
      vertex 38.5826 70.6015 5.48926
      vertex 38.5986 70.6821 5.07589
      vertex 38.2127 70.7992 5.07589
    endloop
  endfacet
  facet normal 0.462385 0.86513 0.194293
    outer loop
      vertex 38.1812 70.7232 5.48926
      vertex 38.2127 70.7992 5.07589
      vertex 37.8113 70.9209 5.48926
    endloop
  endfacet
  facet normal 0.284618 0.938748 0.194282
    outer loop
      vertex 38.5826 70.6015 5.48926
      vertex 38.2127 70.7992 5.07589
      vertex 38.1812 70.7232 5.48926
    endloop
  endfacet
  facet normal -0.096065 0.976215 0.19436
    outer loop
      vertex 39.4014 70.6821 5.07589
      vertex 39 70.6426 5.07589
      vertex 39 70.5603 5.48926
    endloop
  endfacet
  facet normal -0.0905407 0.920077 0.38113
    outer loop
      vertex 39.4014 70.6821 5.07589
      vertex 39.3699 70.8403 4.6865
      vertex 39 70.6426 5.07589
    endloop
  endfacet
  facet normal -0.0963612 0.976242 0.19408
    outer loop
      vertex 39.4174 70.6015 5.48926
      vertex 39.4014 70.6821 5.07589
      vertex 39 70.5603 5.48926
    endloop
  endfacet
  facet normal -0.0957048 0.976189 -0.194669
    outer loop
      vertex 39 70.5781 6
      vertex 39.0867 70.5866 6
      vertex 39 70.5603 5.91074
    endloop
  endfacet
  facet normal 0.285101 0.938692 -0.193845
    outer loop
      vertex 38.586 70.6189 6
      vertex 38.5826 70.6015 5.91074
      vertex 38.5027 70.6442 6
    endloop
  endfacet
  facet normal 0.461979 0.865366 -0.194206
    outer loop
      vertex 37.8211 70.9357 6
      vertex 37.8979 70.8947 6
      vertex 37.8113 70.9209 5.91074
    endloop
  endfacet
  facet normal 0.62257 0.758122 -0.194055
    outer loop
      vertex 37.8113 70.9209 5.91074
      vertex 37.7428 71 6
      vertex 37.8211 70.9357 6
    endloop
  endfacet
  facet normal 0.622672 0.75807 -0.193931
    outer loop
      vertex 37.7428 71 6
      vertex 37.8113 70.9209 5.91074
      vertex 37.715 71 5.91074
    endloop
  endfacet
  facet normal -0.0982289 0.995164 0
    outer loop
      vertex 39.4174 70.6015 5.48926
      vertex 39 70.5603 5.91074
      vertex 39.4174 70.6015 5.91074
    endloop
  endfacet
  facet normal -0.0982289 0.995164 0
    outer loop
      vertex 39 70.5603 5.91074
      vertex 39.4174 70.6015 5.48926
      vertex 39 70.5603 5.48926
    endloop
  endfacet
  facet normal -0.241729 0.796878 0.553672
    outer loop
      vertex 39.5549 71 4.53742
      vertex 39.3699 70.8403 4.6865
      vertex 39.7256 70.9482 4.6865
    endloop
  endfacet
  facet normal -0.24173 0.796878 0.553672
    outer loop
      vertex 39.3699 70.8403 4.6865
      vertex 39.5549 71 4.53742
      vertex 39.3382 71 4.44281
    endloop
  endfacet
  facet normal -0.462367 0.865145 0.194272
    outer loop
      vertex 40.1887 70.9209 5.48926
      vertex 40.143 70.9893 5.07589
      vertex 39.7873 70.7992 5.07589
    endloop
  endfacet
  facet normal -0.622632 0.758021 0.194254
    outer loop
      vertex 40.163 71 5.09822
      vertex 40.1887 70.9209 5.48926
      vertex 40.285 71 5.48926
    endloop
  endfacet
  facet normal -0.622497 0.758128 0.194267
    outer loop
      vertex 40.1887 70.9209 5.48926
      vertex 40.163 71 5.09822
      vertex 40.143 70.9893 5.07589
    endloop
  endfacet
  facet normal -0.435793 0.815421 0.381016
    outer loop
      vertex 40.1359 71 5.04487
      vertex 39.7873 70.7992 5.07589
      vertex 40.143 70.9893 5.07589
    endloop
  endfacet
  facet normal -0.435763 0.815386 0.381124
    outer loop
      vertex 39.7873 70.7992 5.07589
      vertex 40.1359 71 5.04487
      vertex 39.9521 71 4.83472
    endloop
  endfacet
  facet normal -0.43586 0.815344 0.381105
    outer loop
      vertex 39.7256 70.9482 4.6865
      vertex 39.9521 71 4.83472
      vertex 39.8225 71 4.6865
    endloop
  endfacet
  facet normal -0.435839 0.815374 0.381063
    outer loop
      vertex 39.9521 71 4.83472
      vertex 39.7256 70.9482 4.6865
      vertex 39.7873 70.7992 5.07589
    endloop
  endfacet
  facet normal 0.268454 0.884682 0.381142
    outer loop
      vertex 38.5986 70.6821 5.07589
      vertex 38.6301 70.8403 4.6865
      vertex 38.2127 70.7992 5.07589
    endloop
  endfacet
  facet normal 0.268381 0.884736 0.38107
    outer loop
      vertex 38.6301 70.8403 4.6865
      vertex 38.2744 70.9482 4.6865
      vertex 38.2127 70.7992 5.07589
    endloop
  endfacet
  facet normal 0.0905407 0.920077 0.38113
    outer loop
      vertex 39 70.6426 5.07589
      vertex 38.6301 70.8403 4.6865
      vertex 38.5986 70.6821 5.07589
    endloop
  endfacet
  facet normal 0.0905402 0.920077 0.381131
    outer loop
      vertex 39 70.6426 5.07589
      vertex 39 70.8039 4.6865
      vertex 38.6301 70.8403 4.6865
    endloop
  endfacet
  facet normal 0.462513 0.865087 -0.19418
    outer loop
      vertex 38.1812 70.7232 5.91074
      vertex 37.8979 70.8947 6
      vertex 38.188 70.7396 6
    endloop
  endfacet
  facet normal 0.462351 0.865067 -0.194655
    outer loop
      vertex 37.8979 70.8947 6
      vertex 38.1812 70.7232 5.91074
      vertex 37.8113 70.9209 5.91074
    endloop
  endfacet
  facet normal -0.0815936 0.828709 0.553701
    outer loop
      vertex 39.3699 70.8403 4.6865
      vertex 39.3382 71 4.44281
      vertex 39.0711 71 4.40345
    endloop
  endfacet
  facet normal -0.0815515 0.828733 0.55367
    outer loop
      vertex 39.0711 71 4.40345
      vertex 39 70.8039 4.6865
      vertex 39.3699 70.8403 4.6865
    endloop
  endfacet
  facet normal -0.081608 0.828736 0.553658
    outer loop
      vertex 39 70.8039 4.6865
      vertex 39.0711 71 4.40345
      vertex 39 71 4.39297
    endloop
  endfacet
  facet normal -0.634722 0.77274 0
    outer loop
      vertex 40.285 71 5.48926
      vertex 40.1887 70.9209 5.91074
      vertex 40.285 71 5.91074
    endloop
  endfacet
  facet normal -0.634722 0.77274 0
    outer loop
      vertex 40.1887 70.9209 5.91074
      vertex 40.285 71 5.48926
      vertex 40.1887 70.9209 5.48926
    endloop
  endfacet
  facet normal 0.392625 0.734466 0.553539
    outer loop
      vertex 38.2744 70.9482 4.6865
      vertex 38.2958 71 4.60259
      vertex 38.1775 71 4.6865
    endloop
  endfacet
  facet normal 0.0815936 0.828709 0.553701
    outer loop
      vertex 38.9289 71 4.40345
      vertex 38.6618 71 4.44281
      vertex 38.6301 70.8403 4.6865
    endloop
  endfacet
  facet normal 0.241729 0.796878 0.553672
    outer loop
      vertex 38.6301 70.8403 4.6865
      vertex 38.4451 71 4.53742
      vertex 38.2744 70.9482 4.6865
    endloop
  endfacet
  facet normal 0.24173 0.796878 0.553672
    outer loop
      vertex 38.4451 71 4.53742
      vertex 38.6301 70.8403 4.6865
      vertex 38.6618 71 4.44281
    endloop
  endfacet
  facet normal 0.0963618 0.976248 -0.194048
    outer loop
      vertex 38.5826 70.6015 5.91074
      vertex 38.9133 70.5866 6
      vertex 39 70.5603 5.91074
    endloop
  endfacet
  facet normal 0.0963437 0.976263 -0.193979
    outer loop
      vertex 38.9133 70.5866 6
      vertex 38.5826 70.6015 5.91074
      vertex 38.586 70.6189 6
    endloop
  endfacet
  facet normal 0.0982289 0.995164 -0
    outer loop
      vertex 39 70.5603 5.48926
      vertex 38.5826 70.6015 5.91074
      vertex 39 70.5603 5.91074
    endloop
  endfacet
  facet normal 0.0982289 0.995164 0
    outer loop
      vertex 38.5826 70.6015 5.91074
      vertex 39 70.5603 5.48926
      vertex 38.5826 70.6015 5.48926
    endloop
  endfacet
  facet normal -0.284618 0.938748 0.194282
    outer loop
      vertex 39.8188 70.7232 5.48926
      vertex 39.7873 70.7992 5.07589
      vertex 39.4174 70.6015 5.48926
    endloop
  endfacet
  facet normal -0.290146 0.956982 0
    outer loop
      vertex 39.8188 70.7232 5.48926
      vertex 39.4174 70.6015 5.91074
      vertex 39.8188 70.7232 5.91074
    endloop
  endfacet
  facet normal -0.290146 0.956982 0
    outer loop
      vertex 39.4174 70.6015 5.91074
      vertex 39.8188 70.7232 5.48926
      vertex 39.4174 70.6015 5.48926
    endloop
  endfacet
  facet normal -0.392625 0.734466 0.553539
    outer loop
      vertex 39.7256 70.9482 4.6865
      vertex 39.8225 71 4.6865
      vertex 39.7042 71 4.60259
    endloop
  endfacet
  facet normal 0 -1 0
    outer loop
      vertex -20 71.65 0
      vertex 20 71.65 6
      vertex -20 71.65 6
    endloop
  endfacet
  facet normal 0 -1 -0
    outer loop
      vertex 20 71.65 6
      vertex -20 71.65 0
      vertex 20 71.65 0
    endloop
  endfacet
  facet normal 1 -0 0
    outer loop
      vertex -20 69.65 6
      vertex -20 71.65 0
      vertex -20 71.65 6
    endloop
  endfacet
  facet normal 1 0 0
    outer loop
      vertex -20 71.65 0
      vertex -20 69.65 6
      vertex -20 69.65 0
    endloop
  endfacet
  facet normal -1 0 0
    outer loop
      vertex 20 69.65 0
      vertex 20 71.65 6
      vertex 20 71.65 0
    endloop
  endfacet
  facet normal -1 -0 0
    outer loop
      vertex 20 71.65 6
      vertex 20 69.65 0
      vertex 20 69.65 6
    endloop
  endfacet
  facet normal 0 -1 0
    outer loop
      vertex -47.15 28 0
      vertex -45.15 28 6
      vertex -47.15 28 6
    endloop
  endfacet
  facet normal 0 -1 -0
    outer loop
      vertex -45.15 28 6
      vertex -47.15 28 0
      vertex -45.15 28 0
    endloop
  endfacet
  facet normal 1 -0 0
    outer loop
      vertex -47.15 -28 6
      vertex -47.15 28 0
      vertex -47.15 28 6
    endloop
  endfacet
  facet normal 1 0 0
    outer loop
      vertex -47.15 28 0
      vertex -47.15 -28 6
      vertex -47.15 -28 0
    endloop
  endfacet
  facet normal 0 1 -0
    outer loop
      vertex -45.15 -28 0
      vertex -47.15 -28 6
      vertex -45.15 -28 6
    endloop
  endfacet
  facet normal 0 1 0
    outer loop
      vertex -47.15 -28 6
      vertex -45.15 -28 0
      vertex -47.15 -28 0
    endloop
  endfacet
  facet normal 0 -1 0
    outer loop
      vertex 45.15 28 0
      vertex 47.15 28 6
      vertex 45.15 28 6
    endloop
  endfacet
  facet normal 0 -1 -0
    outer loop
      vertex 47.15 28 6
      vertex 45.15 28 0
      vertex 47.15 28 0
    endloop
  endfacet
  facet normal 0 1 -0
    outer loop
      vertex 47.15 -28 0
      vertex 45.15 -28 6
      vertex 47.15 -28 6
    endloop
  endfacet
  facet normal 0 1 0
    outer loop
      vertex 45.15 -28 6
      vertex 47.15 -28 0
      vertex 45.15 -28 0
    endloop
  endfacet
  facet normal -1 0 0
    outer loop
      vertex 47.15 -28 0
      vertex 47.15 28 6
      vertex 47.15 28 0
    endloop
  endfacet
  facet normal -1 -0 0
    outer loop
      vertex 47.15 28 6
      vertex 47.15 -28 0
      vertex 47.15 -28 6
    endloop
  endfacet
endsolid OpenSCAD_Model
