solid OpenSCAD_Model
  facet normal 1 -0 0
    outer loop
      vertex 18 83.2919 5
      vertex 18 127 0
      vertex 18 127 5
    endloop
  endfacet
  facet normal 1 0 0
    outer loop
      vertex 18 83 0
      vertex 18 83.2919 5
      vertex 18 83 3.15689
    endloop
  endfacet
  facet normal 1 0 0
    outer loop
      vertex 18 83.2919 5
      vertex 18 83 0
      vertex 18 127 0
    endloop
  endfacet
  facet normal 0 0 1
    outer loop
      vertex 160 1.88163 5
      vertex 117.896 0.699866 5
      vertex 160 0 5
    endloop
  endfacet
  facet normal 0 0 1
    outer loop
      vertex 160 1.88163 5
      vertex 117.461 0.699865 5
      vertex 117.896 0.699866 5
    endloop
  endfacet
  facet normal 0 0 1
    outer loop
      vertex 160 1.88163 5
      vertex 116.652 0.699865 5
      vertex 117.461 0.699865 5
    endloop
  endfacet
  facet normal 0 0 1
    outer loop
      vertex 160 1.88163 5
      vertex 116.58 0.699865 5
      vertex 116.652 0.699865 5
    endloop
  endfacet
  facet normal 0 0 1
    outer loop
      vertex 160 1.88163 5
      vertex 116.535 0.699865 5
      vertex 116.58 0.699865 5
    endloop
  endfacet
  facet normal 0 0 1
    outer loop
      vertex 160 1.88163 5
      vertex 116.503 0.699865 5
      vertex 116.535 0.699865 5
    endloop
  endfacet
  facet normal 0 0 1
    outer loop
      vertex 160 1.88163 5
      vertex 116.478 0.699865 5
      vertex 116.503 0.699865 5
    endloop
  endfacet
  facet normal 0 0 1
    outer loop
      vertex 160 1.88163 5
      vertex 116.339 0.699865 5
      vertex 116.478 0.699865 5
    endloop
  endfacet
  facet normal 0 0 1
    outer loop
      vertex 160 1.88163 5
      vertex 116.323 0.699865 5
      vertex 116.339 0.699865 5
    endloop
  endfacet
  facet normal -0 0 1
    outer loop
      vertex 112.759 0.699865 5
      vertex 116.237 0.355069 5
      vertex 116.323 0.699865 5
    endloop
  endfacet
  facet normal -0 -0 1
    outer loop
      vertex 112.797 0.473328 5
      vertex 116.237 0.355069 5
      vertex 112.759 0.699865 5
    endloop
  endfacet
  facet normal 0 0 1
    outer loop
      vertex 116.226 0.314631 5
      vertex 112.797 0.473328 5
      vertex 116.134 0 5
    endloop
  endfacet
  facet normal 0 0 1
    outer loop
      vertex 116.134 0 5
      vertex 112.797 0.473328 5
      vertex 112.902 0 5
    endloop
  endfacet
  facet normal 0 0 1
    outer loop
      vertex 116.237 0.355069 5
      vertex 112.797 0.473328 5
      vertex 116.226 0.314631 5
    endloop
  endfacet
  facet normal 0 0 1
    outer loop
      vertex 160 1.88163 5
      vertex 112.759 0.699865 5
      vertex 116.323 0.699865 5
    endloop
  endfacet
  facet normal 0 0 1
    outer loop
      vertex 160 1.88163 5
      vertex 112.502 0.699865 5
      vertex 112.759 0.699865 5
    endloop
  endfacet
  facet normal 0 0 1
    outer loop
      vertex 160 1.88163 5
      vertex 112.42 0.699865 5
      vertex 112.502 0.699865 5
    endloop
  endfacet
  facet normal 0 0 1
    outer loop
      vertex 160 1.88163 5
      vertex 112.12 0.699865 5
      vertex 112.42 0.699865 5
    endloop
  endfacet
  facet normal 0 0 1
    outer loop
      vertex 160 1.88163 5
      vertex 111.877 0.699865 5
      vertex 112.12 0.699865 5
    endloop
  endfacet
  facet normal 0 0 1
    outer loop
      vertex 160 1.88163 5
      vertex 111.652 0.699865 5
      vertex 111.877 0.699865 5
    endloop
  endfacet
  facet normal 0 0 1
    outer loop
      vertex 160 1.88163 5
      vertex 111.141 0.699866 5
      vertex 111.652 0.699865 5
    endloop
  endfacet
  facet normal 0 0 1
    outer loop
      vertex 160 1.88163 5
      vertex 110.854 0.699866 5
      vertex 111.141 0.699866 5
    endloop
  endfacet
  facet normal 0 0 1
    outer loop
      vertex 160 1.88163 5
      vertex 109.382 0.699865 5
      vertex 110.854 0.699866 5
    endloop
  endfacet
  facet normal 0 0 1
    outer loop
      vertex 160 1.88163 5
      vertex 108.625 0.699865 5
      vertex 109.382 0.699865 5
    endloop
  endfacet
  facet normal 0 0 1
    outer loop
      vertex 160 1.88163 5
      vertex 108.577 0.699865 5
      vertex 108.625 0.699865 5
    endloop
  endfacet
  facet normal 0 0 1
    outer loop
      vertex 160 1.88163 5
      vertex 108.523 0.699865 5
      vertex 108.577 0.699865 5
    endloop
  endfacet
  facet normal 0 0 1
    outer loop
      vertex 160 1.88163 5
      vertex 108.461 0.699866 5
      vertex 108.523 0.699865 5
    endloop
  endfacet
  facet normal 0 0 1
    outer loop
      vertex 160 1.88163 5
      vertex 108.388 0.699865 5
      vertex 108.461 0.699866 5
    endloop
  endfacet
  facet normal 0 0 1
    outer loop
      vertex 160 1.88163 5
      vertex 108.302 0.699865 5
      vertex 108.388 0.699865 5
    endloop
  endfacet
  facet normal 0 0 1
    outer loop
      vertex 160 1.88163 5
      vertex 108.196 0.699865 5
      vertex 108.302 0.699865 5
    endloop
  endfacet
  facet normal 0 0 1
    outer loop
      vertex 160 1.88163 5
      vertex 108.062 0.699865 5
      vertex 108.196 0.699865 5
    endloop
  endfacet
  facet normal 0 0 1
    outer loop
      vertex 160 1.88163 5
      vertex 108.056 0.699865 5
      vertex 108.062 0.699865 5
    endloop
  endfacet
  facet normal 0 0 1
    outer loop
      vertex 160 1.88163 5
      vertex 106.54 0.699865 5
      vertex 108.056 0.699865 5
    endloop
  endfacet
  facet normal 0 0 1
    outer loop
      vertex 160 1.88163 5
      vertex 104.271 0.699866 5
      vertex 106.54 0.699865 5
    endloop
  endfacet
  facet normal 0 0 1
    outer loop
      vertex 160 1.88163 5
      vertex 103.387 0.699866 5
      vertex 104.271 0.699866 5
    endloop
  endfacet
  facet normal 0 0 1
    outer loop
      vertex 160 1.88163 5
      vertex 102.85 0.699865 5
      vertex 103.387 0.699866 5
    endloop
  endfacet
  facet normal 0 0 1
    outer loop
      vertex 102.85 0.699865 5
      vertex 101.436 0.699865 5
      vertex 102.85 0 5
    endloop
  endfacet
  facet normal 0 0 1
    outer loop
      vertex 160 1.88163 5
      vertex 101.436 0.699865 5
      vertex 102.85 0.699865 5
    endloop
  endfacet
  facet normal 0 0 1
    outer loop
      vertex 160 1.88163 5
      vertex 99.8352 0.699865 5
      vertex 101.436 0.699865 5
    endloop
  endfacet
  facet normal 0 0 1
    outer loop
      vertex 99.8352 0.699865 5
      vertex 96.3628 0.699865 5
      vertex 99.8352 0 5
    endloop
  endfacet
  facet normal 0 0 1
    outer loop
      vertex 160 1.88163 5
      vertex 96.3628 0.699865 5
      vertex 99.8352 0.699865 5
    endloop
  endfacet
  facet normal 0 0 1
    outer loop
      vertex 160 1.88163 5
      vertex 94.7679 0.699865 5
      vertex 96.3628 0.699865 5
    endloop
  endfacet
  facet normal 0 0 1
    outer loop
      vertex 94.7679 0.699865 5
      vertex 92.1703 0 5
      vertex 94.7679 0 5
    endloop
  endfacet
  facet normal 0 0 1
    outer loop
      vertex 94.7679 0.699865 5
      vertex 92.1262 0.699865 5
      vertex 92.1703 0 5
    endloop
  endfacet
  facet normal 0 0 1
    outer loop
      vertex 160 1.88163 5
      vertex 92.1262 0.699865 5
      vertex 94.7679 0.699865 5
    endloop
  endfacet
  facet normal 0 0 1
    outer loop
      vertex 160 1.88163 5
      vertex 91.3311 0.699865 5
      vertex 92.1262 0.699865 5
    endloop
  endfacet
  facet normal 0 0 1
    outer loop
      vertex 160 1.88163 5
      vertex 90.7715 0.699866 5
      vertex 91.3311 0.699865 5
    endloop
  endfacet
  facet normal 0 0 1
    outer loop
      vertex 160 1.88163 5
      vertex 90.5696 0.699866 5
      vertex 90.7715 0.699866 5
    endloop
  endfacet
  facet normal 0 0 1
    outer loop
      vertex 160 1.88163 5
      vertex 87.4835 0.699866 5
      vertex 90.5696 0.699866 5
    endloop
  endfacet
  facet normal 0 0 1
    outer loop
      vertex 160 1.88163 5
      vertex 87.2796 0.699866 5
      vertex 87.4835 0.699866 5
    endloop
  endfacet
  facet normal 0 0 1
    outer loop
      vertex 160 1.88163 5
      vertex 86.7144 0.699865 5
      vertex 87.2796 0.699866 5
    endloop
  endfacet
  facet normal 0 0 1
    outer loop
      vertex 160 1.88163 5
      vertex 85.9131 0.699865 5
      vertex 86.7144 0.699865 5
    endloop
  endfacet
  facet normal 0 0 1
    outer loop
      vertex 85.9131 0.699865 5
      vertex 80.7303 0.699865 5
      vertex 85.8687 0 5
    endloop
  endfacet
  facet normal 0 0 1
    outer loop
      vertex 160 1.88163 5
      vertex 80.7303 0.699865 5
      vertex 85.9131 0.699865 5
    endloop
  endfacet
  facet normal 0 0 1
    outer loop
      vertex 160 1.88163 5
      vertex 80.6136 0.699865 5
      vertex 80.7303 0.699865 5
    endloop
  endfacet
  facet normal 0 0 1
    outer loop
      vertex 160 1.88163 5
      vertex 79.1299 0.699865 5
      vertex 80.6136 0.699865 5
    endloop
  endfacet
  facet normal 0 0 1
    outer loop
      vertex 79.1299 0.699865 5
      vertex 73.493 0.699865 5
      vertex 79.1299 0 5
    endloop
  endfacet
  facet normal 0 0 1
    outer loop
      vertex 160 1.88163 5
      vertex 73.493 0.699865 5
      vertex 79.1299 0.699865 5
    endloop
  endfacet
  facet normal 0 0 1
    outer loop
      vertex 160 1.88163 5
      vertex 72.9061 0.699865 5
      vertex 73.493 0.699865 5
    endloop
  endfacet
  facet normal 0 0 1
    outer loop
      vertex 160 1.88163 5
      vertex 72.5879 0.699865 5
      vertex 72.9061 0.699865 5
    endloop
  endfacet
  facet normal 0 0 1
    outer loop
      vertex 160 1.88163 5
      vertex 71.8926 0.699865 5
      vertex 72.5879 0.699865 5
    endloop
  endfacet
  facet normal 0 0 1
    outer loop
      vertex 71.8926 0.699865 5
      vertex 66.8345 0.699865 5
      vertex 71.8926 0 5
    endloop
  endfacet
  facet normal 0 0 1
    outer loop
      vertex 160 1.88163 5
      vertex 66.8345 0.699865 5
      vertex 71.8926 0.699865 5
    endloop
  endfacet
  facet normal 0 0 1
    outer loop
      vertex 160 1.88163 5
      vertex 66.108 0.699865 5
      vertex 66.8345 0.699865 5
    endloop
  endfacet
  facet normal 0 0 1
    outer loop
      vertex 160 1.88163 5
      vertex 65.7126 0.699865 5
      vertex 66.108 0.699865 5
    endloop
  endfacet
  facet normal 0 0 1
    outer loop
      vertex 160 1.88163 5
      vertex 65.4426 0.699865 5
      vertex 65.7126 0.699865 5
    endloop
  endfacet
  facet normal 0 0 1
    outer loop
      vertex 65.4426 0.699865 5
      vertex 65.3898 0 5
      vertex 65.4164 0 5
    endloop
  endfacet
  facet normal 0 0 1
    outer loop
      vertex 65.4426 0.699865 5
      vertex 65.369 0.699865 5
      vertex 65.3898 0 5
    endloop
  endfacet
  facet normal 0 0 1
    outer loop
      vertex 160 1.88163 5
      vertex 65.369 0.699865 5
      vertex 65.4426 0.699865 5
    endloop
  endfacet
  facet normal 0 0 1
    outer loop
      vertex 160 1.88163 5
      vertex 65.2228 0.699865 5
      vertex 65.369 0.699865 5
    endloop
  endfacet
  facet normal 0 0 1
    outer loop
      vertex 160 1.88163 5
      vertex 65.0524 0.699865 5
      vertex 65.2228 0.699865 5
    endloop
  endfacet
  facet normal 0 0 1
    outer loop
      vertex 160 1.88163 5
      vertex 64.0962 0.699865 5
      vertex 65.0524 0.699865 5
    endloop
  endfacet
  facet normal 0 0 1
    outer loop
      vertex 160 1.88163 5
      vertex 62.1698 0.699865 5
      vertex 64.0962 0.699865 5
    endloop
  endfacet
  facet normal 0 0 1
    outer loop
      vertex 160 1.88163 5
      vertex 61.3287 0.699865 5
      vertex 62.1698 0.699865 5
    endloop
  endfacet
  facet normal 0 0 1
    outer loop
      vertex 160 1.88163 5
      vertex 60.9791 0.699865 5
      vertex 61.3287 0.699865 5
    endloop
  endfacet
  facet normal 0 0 1
    outer loop
      vertex 160 1.88163 5
      vertex 60.921 0.699865 5
      vertex 60.9791 0.699865 5
    endloop
  endfacet
  facet normal 0 0 1
    outer loop
      vertex 60.921 0.699865 5
      vertex 60.8681 0 5
      vertex 60.8964 0 5
    endloop
  endfacet
  facet normal 0 0 1
    outer loop
      vertex 60.921 0.699865 5
      vertex 60.8426 0.699865 5
      vertex 60.8681 0 5
    endloop
  endfacet
  facet normal 0 0 1
    outer loop
      vertex 160 1.88163 5
      vertex 60.8426 0.699865 5
      vertex 60.921 0.699865 5
    endloop
  endfacet
  facet normal 0 0 1
    outer loop
      vertex 160 1.88163 5
      vertex 60.3515 0.699865 5
      vertex 60.8426 0.699865 5
    endloop
  endfacet
  facet normal 0 0 1
    outer loop
      vertex 160 1.88163 5
      vertex 59.4344 0.699865 5
      vertex 60.3515 0.699865 5
    endloop
  endfacet
  facet normal 0 0 1
    outer loop
      vertex 160 1.88163 5
      vertex 57.1261 0.699865 5
      vertex 59.4344 0.699865 5
    endloop
  endfacet
  facet normal 0 0 1
    outer loop
      vertex 160 1.88163 5
      vertex 56.69 0.699865 5
      vertex 57.1261 0.699865 5
    endloop
  endfacet
  facet normal 0 0 1
    outer loop
      vertex 160 1.88163 5
      vertex 56.373 0.699865 5
      vertex 56.69 0.699865 5
    endloop
  endfacet
  facet normal 0 0 1
    outer loop
      vertex 160 1.88163 5
      vertex 56.1583 0.699865 5
      vertex 56.373 0.699865 5
    endloop
  endfacet
  facet normal 0 0 1
    outer loop
      vertex 160 1.88163 5
      vertex 55.9685 0.699865 5
      vertex 56.1583 0.699865 5
    endloop
  endfacet
  facet normal 0 0 1
    outer loop
      vertex 160 1.88163 5
      vertex 55.6529 0.699865 5
      vertex 55.9685 0.699865 5
    endloop
  endfacet
  facet normal 0 0 1
    outer loop
      vertex 160 1.88163 5
      vertex 55.5757 0.699865 5
      vertex 55.6529 0.699865 5
    endloop
  endfacet
  facet normal 0 0 1
    outer loop
      vertex 160 1.88163 5
      vertex 55.5236 0.699865 5
      vertex 55.5757 0.699865 5
    endloop
  endfacet
  facet normal -0 0 1
    outer loop
      vertex 0 1.88163 5
      vertex 55.5236 0.699865 5
      vertex 160 1.88163 5
    endloop
  endfacet
  facet normal -0 0 1
    outer loop
      vertex 52.2999 0.573414 5
      vertex 55.236 0.493187 5
      vertex 55.2699 0.699865 5
    endloop
  endfacet
  facet normal 0 0 1
    outer loop
      vertex 55.236 0.493187 5
      vertex 52.2999 0.573414 5
      vertex 55.2212 0.424498 5
    endloop
  endfacet
  facet normal 0 -0 1
    outer loop
      vertex 52.4211 0 5
      vertex 55.2212 0.424498 5
      vertex 52.2999 0.573414 5
    endloop
  endfacet
  facet normal 0 0 1
    outer loop
      vertex 55.2212 0.424498 5
      vertex 52.4211 0 5
      vertex 55.1296 0 5
    endloop
  endfacet
  facet normal 0 0 1
    outer loop
      vertex 55.2699 0.699865 5
      vertex 52.2793 0.699866 5
      vertex 52.2999 0.573414 5
    endloop
  endfacet
  facet normal 0 0 1
    outer loop
      vertex 55.5236 0.699865 5
      vertex 0 1.88163 5
      vertex 55.2699 0.699865 5
    endloop
  endfacet
  facet normal 0 0 1
    outer loop
      vertex 55.2699 0.699865 5
      vertex 0 1.88163 5
      vertex 52.2793 0.699866 5
    endloop
  endfacet
  facet normal 0 0 1
    outer loop
      vertex 52.2793 0.699866 5
      vertex 0 1.88163 5
      vertex 51.9953 0.699865 5
    endloop
  endfacet
  facet normal 0 0 1
    outer loop
      vertex 51.9953 0.699865 5
      vertex 0 1.88163 5
      vertex 51.9005 0.699865 5
    endloop
  endfacet
  facet normal 0 0 1
    outer loop
      vertex 51.9005 0.699865 5
      vertex 0 1.88163 5
      vertex 51.6104 0.699865 5
    endloop
  endfacet
  facet normal 0 0 1
    outer loop
      vertex 51.6104 0.699865 5
      vertex 0 1.88163 5
      vertex 51.3461 0.699865 5
    endloop
  endfacet
  facet normal 0 0 1
    outer loop
      vertex 51.3461 0.699865 5
      vertex 0 1.88163 5
      vertex 51.1362 0.699865 5
    endloop
  endfacet
  facet normal 0 0 1
    outer loop
      vertex 51.1362 0.699865 5
      vertex 0 1.88163 5
      vertex 50.592 0.699865 5
    endloop
  endfacet
  facet normal 0 0 1
    outer loop
      vertex 50.592 0.699865 5
      vertex 0 1.88163 5
      vertex 50.5393 0.699865 5
    endloop
  endfacet
  facet normal 0 0 1
    outer loop
      vertex 50.5393 0.699865 5
      vertex 0 1.88163 5
      vertex 50.3905 0.699865 5
    endloop
  endfacet
  facet normal 0 0 1
    outer loop
      vertex 50.3905 0.699865 5
      vertex 0 1.88163 5
      vertex 48.8922 0.699865 5
    endloop
  endfacet
  facet normal 0 0 1
    outer loop
      vertex 48.8922 0.699865 5
      vertex 0 1.88163 5
      vertex 48.1355 0.699865 5
    endloop
  endfacet
  facet normal 0 0 1
    outer loop
      vertex 48.1355 0.699865 5
      vertex 0 1.88163 5
      vertex 48.0875 0.699865 5
    endloop
  endfacet
  facet normal 0 0 1
    outer loop
      vertex 48.0875 0.699865 5
      vertex 0 1.88163 5
      vertex 48.0334 0.699865 5
    endloop
  endfacet
  facet normal 0 0 1
    outer loop
      vertex 48.0334 0.699865 5
      vertex 0 1.88163 5
      vertex 47.9714 0.699866 5
    endloop
  endfacet
  facet normal 0 0 1
    outer loop
      vertex 47.9714 0.699866 5
      vertex 0 1.88163 5
      vertex 47.899 0.699865 5
    endloop
  endfacet
  facet normal 0 0 1
    outer loop
      vertex 47.899 0.699865 5
      vertex 0 1.88163 5
      vertex 47.8127 0.699865 5
    endloop
  endfacet
  facet normal 0 0 1
    outer loop
      vertex 47.8127 0.699865 5
      vertex 0 1.88163 5
      vertex 47.7066 0.699865 5
    endloop
  endfacet
  facet normal 0 0 1
    outer loop
      vertex 47.7066 0.699865 5
      vertex 0 1.88163 5
      vertex 47.5721 0.699865 5
    endloop
  endfacet
  facet normal 0 0 1
    outer loop
      vertex 47.5721 0.699865 5
      vertex 0 1.88163 5
      vertex 47.5669 0.699865 5
    endloop
  endfacet
  facet normal 0 0 1
    outer loop
      vertex 47.5669 0.699865 5
      vertex 0 1.88163 5
      vertex 46.0508 0.699865 5
    endloop
  endfacet
  facet normal 0 0 1
    outer loop
      vertex 46.0508 0.699865 5
      vertex 0 1.88163 5
      vertex 43.7818 0.699866 5
    endloop
  endfacet
  facet normal 0 0 1
    outer loop
      vertex 43.7818 0.699866 5
      vertex 0 1.88163 5
      vertex 42.8978 0.699866 5
    endloop
  endfacet
  facet normal 0 0 1
    outer loop
      vertex 42.8978 0.699866 5
      vertex 0 1.88163 5
      vertex 42.3605 0.699865 5
    endloop
  endfacet
  facet normal 0 0 1
    outer loop
      vertex 0 0 5
      vertex 42.3605 0.699865 5
      vertex 0 1.88163 5
    endloop
  endfacet
  facet normal 0 0 1
    outer loop
      vertex 42.3605 0.699865 5
      vertex 0 0 5
      vertex 42.3605 0 5
    endloop
  endfacet
  facet normal 0 0 1
    outer loop
      vertex 160 0 5
      vertex 117.896 0.699866 5
      vertex 117.896 0 5
    endloop
  endfacet
  facet normal 0 0 1
    outer loop
      vertex 109.382 0 5
      vertex 110.854 0.699866 5
      vertex 109.382 0.699865 5
    endloop
  endfacet
  facet normal 0 0 1
    outer loop
      vertex 110.854 0.699866 5
      vertex 109.382 0 5
      vertex 110.91 0.0203488 5
    endloop
  endfacet
  facet normal 0 0 1
    outer loop
      vertex 110.91 0.0203488 5
      vertex 109.382 0 5
      vertex 110.913 0 5
    endloop
  endfacet
  facet normal 0 0 1
    outer loop
      vertex 104.271 0 5
      vertex 106.54 0.699865 5
      vertex 104.271 0.699866 5
    endloop
  endfacet
  facet normal 0 0 1
    outer loop
      vertex 106.54 0.699865 5
      vertex 104.271 0 5
      vertex 106.609 0 5
    endloop
  endfacet
  facet normal 0 0 1
    outer loop
      vertex 102.85 0 5
      vertex 101.436 0.699865 5
      vertex 101.436 0 5
    endloop
  endfacet
  facet normal 0 0 1
    outer loop
      vertex 99.8352 0 5
      vertex 96.3628 0.699865 5
      vertex 96.3628 0 5
    endloop
  endfacet
  facet normal -0 0 1
    outer loop
      vertex 87.4835 0.699866 5
      vertex 90.6118 0 5
      vertex 90.5696 0.699866 5
    endloop
  endfacet
  facet normal 0 0 1
    outer loop
      vertex 90.6118 0 5
      vertex 87.4835 0.699866 5
      vertex 87.4413 0 5
    endloop
  endfacet
  facet normal 0 0 1
    outer loop
      vertex 85.8687 0 5
      vertex 80.7303 0.699865 5
      vertex 80.7303 0 5
    endloop
  endfacet
  facet normal 0 0 1
    outer loop
      vertex 79.1299 0 5
      vertex 73.493 0.699865 5
      vertex 73.493 0 5
    endloop
  endfacet
  facet normal 0 0 1
    outer loop
      vertex 71.8926 0 5
      vertex 66.8345 0.699865 5
      vertex 66.8031 0 5
    endloop
  endfacet
  facet normal -0 0 1
    outer loop
      vertex 62.1698 0.699865 5
      vertex 64.1246 0 5
      vertex 64.0962 0.699865 5
    endloop
  endfacet
  facet normal 0 0 1
    outer loop
      vertex 64.1246 0 5
      vertex 62.1698 0.699865 5
      vertex 62.1415 0 5
    endloop
  endfacet
  facet normal -0 0 1
    outer loop
      vertex 57.1261 0.699865 5
      vertex 59.4657 0 5
      vertex 59.4344 0.699865 5
    endloop
  endfacet
  facet normal 0 0 1
    outer loop
      vertex 59.4657 0 5
      vertex 57.1261 0.699865 5
      vertex 57.0566 0 5
    endloop
  endfacet
  facet normal -0 0 1
    outer loop
      vertex 48.8922 0.699865 5
      vertex 50.4156 0.405239 5
      vertex 50.3905 0.699865 5
    endloop
  endfacet
  facet normal 0 0 1
    outer loop
      vertex 48.8922 0 5
      vertex 50.4156 0.405239 5
      vertex 48.8922 0.699865 5
    endloop
  endfacet
  facet normal 0 0 1
    outer loop
      vertex 50.4156 0.405239 5
      vertex 48.8922 0 5
      vertex 50.4307 0.227462 5
    endloop
  endfacet
  facet normal 0 0 1
    outer loop
      vertex 50.4307 0.227462 5
      vertex 48.8922 0 5
      vertex 50.4566 0 5
    endloop
  endfacet
  facet normal 0 0 1
    outer loop
      vertex 43.7818 0 5
      vertex 46.0508 0.699865 5
      vertex 43.7818 0.699866 5
    endloop
  endfacet
  facet normal 0 0 1
    outer loop
      vertex 46.0508 0.699865 5
      vertex 43.7818 0 5
      vertex 46.1195 0 5
    endloop
  endfacet
  facet normal -0 0 1
    outer loop
      vertex 0 127 5
      vertex 18 83.2919 5
      vertex 18 127 5
    endloop
  endfacet
  facet normal 0 0 1
    outer loop
      vertex 18 83.2919 5
      vertex 0 127 5
      vertex 0 83.2919 5
    endloop
  endfacet
  facet normal -0 0 1
    outer loop
      vertex 142 127 5
      vertex 160 83.2919 5
      vertex 160 127 5
    endloop
  endfacet
  facet normal 0 0 1
    outer loop
      vertex 160 83.2919 5
      vertex 142 127 5
      vertex 142 83.2919 5
    endloop
  endfacet
  facet normal -0 0 1
    outer loop
      vertex 0 39.2919 5
      vertex 63 29.2919 5
      vertex 63 39.2919 5
    endloop
  endfacet
  facet normal 0 0 1
    outer loop
      vertex 63 29.2919 5
      vertex 0 39.2919 5
      vertex 0 29.2919 5
    endloop
  endfacet
  facet normal -0 0 1
    outer loop
      vertex 0 57.2919 5
      vertex 63 47.2919 5
      vertex 63 57.2919 5
    endloop
  endfacet
  facet normal 0 0 1
    outer loop
      vertex 63 47.2919 5
      vertex 0 57.2919 5
      vertex 0 47.2919 5
    endloop
  endfacet
  facet normal -0 0 1
    outer loop
      vertex 0 75.2919 5
      vertex 63 65.2919 5
      vertex 63 75.2919 5
    endloop
  endfacet
  facet normal 0 0 1
    outer loop
      vertex 63 65.2919 5
      vertex 0 75.2919 5
      vertex 0 65.2919 5
    endloop
  endfacet
  facet normal 0 0 1
    outer loop
      vertex 95.5 72 5
      vertex 97 75.2919 5
      vertex 97 83 5
    endloop
  endfacet
  facet normal 0 0 1
    outer loop
      vertex 97 75.2919 5
      vertex 95.5 72 5
      vertex 97 65.2919 5
    endloop
  endfacet
  facet normal 0 0 1
    outer loop
      vertex 97 65.2919 5
      vertex 95.5 72 5
      vertex 97 57.2919 5
    endloop
  endfacet
  facet normal 0 0 1
    outer loop
      vertex 97 57.2919 5
      vertex 95.5 72 5
      vertex 97 47.2919 5
    endloop
  endfacet
  facet normal 0 0 1
    outer loop
      vertex 95.5 20 5
      vertex 97 47.2919 5
      vertex 95.5 72 5
    endloop
  endfacet
  facet normal 0 0 1
    outer loop
      vertex 97 47.2919 5
      vertex 95.5 20 5
      vertex 97 39.2919 5
    endloop
  endfacet
  facet normal 0 0 1
    outer loop
      vertex 97 39.2919 5
      vertex 95.5 20 5
      vertex 97 29.2919 5
    endloop
  endfacet
  facet normal 0 0 1
    outer loop
      vertex 97 83 5
      vertex 64.5 72 5
      vertex 95.5 72 5
    endloop
  endfacet
  facet normal -0 0 1
    outer loop
      vertex 63 75.2919 5
      vertex 64.5 72 5
      vertex 63 83 5
    endloop
  endfacet
  facet normal -0 0 1
    outer loop
      vertex 63 83 5
      vertex 64.5 72 5
      vertex 97 83 5
    endloop
  endfacet
  facet normal -0 0 1
    outer loop
      vertex 97 75.2919 5
      vertex 160 65.2919 5
      vertex 160 75.2919 5
    endloop
  endfacet
  facet normal 0 0 1
    outer loop
      vertex 160 65.2919 5
      vertex 97 75.2919 5
      vertex 97 65.2919 5
    endloop
  endfacet
  facet normal -0 0 1
    outer loop
      vertex 97 57.2919 5
      vertex 160 47.2919 5
      vertex 160 57.2919 5
    endloop
  endfacet
  facet normal 0 0 1
    outer loop
      vertex 160 47.2919 5
      vertex 97 57.2919 5
      vertex 97 47.2919 5
    endloop
  endfacet
  facet normal -0 0 1
    outer loop
      vertex 97 39.2919 5
      vertex 160 29.2919 5
      vertex 160 39.2919 5
    endloop
  endfacet
  facet normal 0 0 1
    outer loop
      vertex 160 29.2919 5
      vertex 97 39.2919 5
      vertex 97 29.2919 5
    endloop
  endfacet
  facet normal -0 0 1
    outer loop
      vertex 97 21.2919 5
      vertex 160 11.5 5
      vertex 160 21.2919 5
    endloop
  endfacet
  facet normal 0 0 1
    outer loop
      vertex 97 29.2919 5
      vertex 95.5 20 5
      vertex 97 21.2919 5
    endloop
  endfacet
  facet normal -0 0 1
    outer loop
      vertex 95.5 20 5
      vertex 160 11.5 5
      vertex 97 21.2919 5
    endloop
  endfacet
  facet normal -0 0 1
    outer loop
      vertex 64.5 20 5
      vertex 160 11.5 5
      vertex 95.5 20 5
    endloop
  endfacet
  facet normal 0 0 1
    outer loop
      vertex 63 65.2919 5
      vertex 64.5 72 5
      vertex 63 75.2919 5
    endloop
  endfacet
  facet normal 0 0 1
    outer loop
      vertex 63 57.2919 5
      vertex 64.5 72 5
      vertex 63 65.2919 5
    endloop
  endfacet
  facet normal 0 0 1
    outer loop
      vertex 63 47.2919 5
      vertex 64.5 72 5
      vertex 63 57.2919 5
    endloop
  endfacet
  facet normal 0 0 1
    outer loop
      vertex 64.5 72 5
      vertex 63 47.2919 5
      vertex 64.5 20 5
    endloop
  endfacet
  facet normal -0 0 1
    outer loop
      vertex 63 39.2919 5
      vertex 64.5 20 5
      vertex 63 47.2919 5
    endloop
  endfacet
  facet normal -0 0 1
    outer loop
      vertex 63 29.2919 5
      vertex 64.5 20 5
      vertex 63 39.2919 5
    endloop
  endfacet
  facet normal -0 0 1
    outer loop
      vertex 63 21.2919 5
      vertex 64.5 20 5
      vertex 63 29.2919 5
    endloop
  endfacet
  facet normal 0 0 1
    outer loop
      vertex 0 11.5 5
      vertex 63 21.2919 5
      vertex 0 21.2919 5
    endloop
  endfacet
  facet normal 0 0 1
    outer loop
      vertex 63 21.2919 5
      vertex 0 11.5 5
      vertex 64.5 20 5
    endloop
  endfacet
  facet normal 0 0 1
    outer loop
      vertex 64.5 20 5
      vertex 0 11.5 5
      vertex 160 11.5 5
    endloop
  endfacet
  facet normal 0 0 -1
    outer loop
      vertex 160 0 0
      vertex 142 83 0
      vertex 160 127 0
    endloop
  endfacet
  facet normal 0 0 -1
    outer loop
      vertex 160 0 0
      vertex 95.5 20 0
      vertex 142 83 0
    endloop
  endfacet
  facet normal 0 0 -1
    outer loop
      vertex 160 0 0
      vertex 64.5 20 0
      vertex 95.5 20 0
    endloop
  endfacet
  facet normal 0 0 -1
    outer loop
      vertex 64.5 20 0
      vertex 18 83 0
      vertex 64.5 72 0
    endloop
  endfacet
  facet normal 0 0 -1
    outer loop
      vertex 0 0 0
      vertex 64.5 20 0
      vertex 160 0 0
    endloop
  endfacet
  facet normal 0 0 -1
    outer loop
      vertex 0 0 0
      vertex 18 83 0
      vertex 64.5 20 0
    endloop
  endfacet
  facet normal 0 0 -1
    outer loop
      vertex 0 127 0
      vertex 18 83 0
      vertex 0 0 0
    endloop
  endfacet
  facet normal 0 0 -1
    outer loop
      vertex 18 83 0
      vertex 0 127 0
      vertex 18 127 0
    endloop
  endfacet
  facet normal -0 0 -1
    outer loop
      vertex 160 127 0
      vertex 142 83 0
      vertex 142 127 0
    endloop
  endfacet
  facet normal 0 0 -1
    outer loop
      vertex 95.5 72 0
      vertex 142 83 0
      vertex 95.5 20 0
    endloop
  endfacet
  facet normal 0 0 -1
    outer loop
      vertex 64.5 72 0
      vertex 142 83 0
      vertex 95.5 72 0
    endloop
  endfacet
  facet normal -0 0 -1
    outer loop
      vertex 142 83 0
      vertex 64.5 72 0
      vertex 18 83 0
    endloop
  endfacet
  facet normal -1 0 0
    outer loop
      vertex 0 127 0
      vertex 0 83.2919 5
      vertex 0 127 5
    endloop
  endfacet
  facet normal -1 0 0
    outer loop
      vertex 0 89.2654 42.7153
      vertex 0 82.6255 44.4372
      vertex 0 82.8213 44.45
    endloop
  endfacet
  facet normal -1 0 0
    outer loop
      vertex 0 89.2654 42.7153
      vertex 0 81.3398 43.1846
      vertex 0 82.6255 44.4372
    endloop
  endfacet
  facet normal -1 0 0
    outer loop
      vertex 0 82.6255 44.4372
      vertex 0 81.3398 43.1846
      vertex 0 82.4331 44.3989
    endloop
  endfacet
  facet normal -1 0 0
    outer loop
      vertex 0 82.4331 44.3989
      vertex 0 81.3398 43.1846
      vertex 0 82.2473 44.3358
    endloop
  endfacet
  facet normal -1 0 0
    outer loop
      vertex 0 82.2473 44.3358
      vertex 0 81.3398 43.1846
      vertex 0 82.0713 44.249
    endloop
  endfacet
  facet normal -1 0 0
    outer loop
      vertex 0 82.0713 44.249
      vertex 0 81.3398 43.1846
      vertex 0 81.9082 44.14
    endloop
  endfacet
  facet normal -1 0 0
    outer loop
      vertex 0 81.9082 44.14
      vertex 0 81.3398 43.1846
      vertex 0 81.7607 44.0107
    endloop
  endfacet
  facet normal -1 0 0
    outer loop
      vertex 0 81.7607 44.0107
      vertex 0 81.3398 43.1846
      vertex 0 81.6313 43.8631
    endloop
  endfacet
  facet normal -1 0 0
    outer loop
      vertex 0 81.6313 43.8631
      vertex 0 81.3398 43.1846
      vertex 0 81.5223 43.7
    endloop
  endfacet
  facet normal -1 0 0
    outer loop
      vertex 0 81.5223 43.7
      vertex 0 81.3398 43.1846
      vertex 0 81.4355 43.524
    endloop
  endfacet
  facet normal -1 0 0
    outer loop
      vertex 0 81.4355 43.524
      vertex 0 81.3398 43.1846
      vertex 0 81.3724 43.3382
    endloop
  endfacet
  facet normal -1 0 0
    outer loop
      vertex 0 83.2919 5
      vertex 0 75.2919 5
      vertex 0 81.3398 43.1846
    endloop
  endfacet
  facet normal -1 0 0
    outer loop
      vertex 0 127 0
      vertex 0 75.2919 5
      vertex 0 83.2919 5
    endloop
  endfacet
  facet normal -1 0 0
    outer loop
      vertex 0 127 0
      vertex 0 65.2919 5
      vertex 0 75.2919 5
    endloop
  endfacet
  facet normal -1 0 0
    outer loop
      vertex 0 71.2654 42.7153
      vertex 0 64.6255 44.4372
      vertex 0 64.8213 44.45
    endloop
  endfacet
  facet normal -1 0 0
    outer loop
      vertex 0 71.2654 42.7153
      vertex 0 63.3398 43.1846
      vertex 0 64.6255 44.4372
    endloop
  endfacet
  facet normal -1 0 0
    outer loop
      vertex 0 64.6255 44.4372
      vertex 0 63.3398 43.1846
      vertex 0 64.4331 44.3989
    endloop
  endfacet
  facet normal -1 0 0
    outer loop
      vertex 0 64.4331 44.3989
      vertex 0 63.3398 43.1846
      vertex 0 64.2473 44.3358
    endloop
  endfacet
  facet normal -1 0 0
    outer loop
      vertex 0 64.2473 44.3358
      vertex 0 63.3398 43.1846
      vertex 0 64.0713 44.249
    endloop
  endfacet
  facet normal -1 0 0
    outer loop
      vertex 0 64.0713 44.249
      vertex 0 63.3398 43.1846
      vertex 0 63.9082 44.14
    endloop
  endfacet
  facet normal -1 0 0
    outer loop
      vertex 0 63.9082 44.14
      vertex 0 63.3398 43.1846
      vertex 0 63.7607 44.0107
    endloop
  endfacet
  facet normal -1 0 0
    outer loop
      vertex 0 63.7607 44.0107
      vertex 0 63.3398 43.1846
      vertex 0 63.6313 43.8631
    endloop
  endfacet
  facet normal -1 0 0
    outer loop
      vertex 0 63.6313 43.8631
      vertex 0 63.3398 43.1846
      vertex 0 63.5223 43.7
    endloop
  endfacet
  facet normal -1 0 0
    outer loop
      vertex 0 63.5223 43.7
      vertex 0 63.3398 43.1846
      vertex 0 63.4355 43.524
    endloop
  endfacet
  facet normal -1 0 0
    outer loop
      vertex 0 63.4355 43.524
      vertex 0 63.3398 43.1846
      vertex 0 63.3724 43.3382
    endloop
  endfacet
  facet normal -1 0 0
    outer loop
      vertex 0 65.2919 5
      vertex 0 57.2919 5
      vertex 0 63.3398 43.1846
    endloop
  endfacet
  facet normal -1 0 0
    outer loop
      vertex 0 127 0
      vertex 0 57.2919 5
      vertex 0 65.2919 5
    endloop
  endfacet
  facet normal -1 0 0
    outer loop
      vertex 0 0 0
      vertex 0 57.2919 5
      vertex 0 127 0
    endloop
  endfacet
  facet normal -1 0 0
    outer loop
      vertex 0 53.2654 42.7153
      vertex 0 46.6255 44.4372
      vertex 0 46.8213 44.45
    endloop
  endfacet
  facet normal -1 0 0
    outer loop
      vertex 0 53.2654 42.7153
      vertex 0 45.3398 43.1846
      vertex 0 46.6255 44.4372
    endloop
  endfacet
  facet normal -1 0 0
    outer loop
      vertex 0 46.6255 44.4372
      vertex 0 45.3398 43.1846
      vertex 0 46.4331 44.3989
    endloop
  endfacet
  facet normal -1 0 0
    outer loop
      vertex 0 46.4331 44.3989
      vertex 0 45.3398 43.1846
      vertex 0 46.2473 44.3358
    endloop
  endfacet
  facet normal -1 0 0
    outer loop
      vertex 0 46.2473 44.3358
      vertex 0 45.3398 43.1846
      vertex 0 46.0713 44.249
    endloop
  endfacet
  facet normal -1 0 0
    outer loop
      vertex 0 46.0713 44.249
      vertex 0 45.3398 43.1846
      vertex 0 45.9082 44.14
    endloop
  endfacet
  facet normal -1 0 0
    outer loop
      vertex 0 45.9082 44.14
      vertex 0 45.3398 43.1846
      vertex 0 45.7607 44.0107
    endloop
  endfacet
  facet normal -1 0 0
    outer loop
      vertex 0 45.7607 44.0107
      vertex 0 45.3398 43.1846
      vertex 0 45.6313 43.8631
    endloop
  endfacet
  facet normal -1 0 0
    outer loop
      vertex 0 45.6313 43.8631
      vertex 0 45.3398 43.1846
      vertex 0 45.5223 43.7
    endloop
  endfacet
  facet normal -1 0 0
    outer loop
      vertex 0 45.5223 43.7
      vertex 0 45.3398 43.1846
      vertex 0 45.4355 43.524
    endloop
  endfacet
  facet normal -1 0 0
    outer loop
      vertex 0 45.4355 43.524
      vertex 0 45.3398 43.1846
      vertex 0 45.3724 43.3382
    endloop
  endfacet
  facet normal -1 0 0
    outer loop
      vertex 0 47.2919 5
      vertex 0 39.2919 5
      vertex 0 45.3398 43.1846
    endloop
  endfacet
  facet normal -1 -0 0
    outer loop
      vertex 0 57.2919 5
      vertex 0 0 0
      vertex 0 47.2919 5
    endloop
  endfacet
  facet normal -1 -0 0
    outer loop
      vertex 0 47.2919 5
      vertex 0 0 0
      vertex 0 39.2919 5
    endloop
  endfacet
  facet normal -1 0 0
    outer loop
      vertex 0 35.2654 42.7153
      vertex 0 28.6255 44.4372
      vertex 0 28.8213 44.45
    endloop
  endfacet
  facet normal -1 0 0
    outer loop
      vertex 0 35.2654 42.7153
      vertex 0 27.3398 43.1846
      vertex 0 28.6255 44.4372
    endloop
  endfacet
  facet normal -1 0 0
    outer loop
      vertex 0 28.6255 44.4372
      vertex 0 27.3398 43.1846
      vertex 0 28.4331 44.3989
    endloop
  endfacet
  facet normal -1 0 0
    outer loop
      vertex 0 28.4331 44.3989
      vertex 0 27.3398 43.1846
      vertex 0 28.2473 44.3358
    endloop
  endfacet
  facet normal -1 0 0
    outer loop
      vertex 0 28.2473 44.3358
      vertex 0 27.3398 43.1846
      vertex 0 28.0713 44.249
    endloop
  endfacet
  facet normal -1 0 0
    outer loop
      vertex 0 28.0713 44.249
      vertex 0 27.3398 43.1846
      vertex 0 27.9082 44.14
    endloop
  endfacet
  facet normal -1 0 0
    outer loop
      vertex 0 27.9082 44.14
      vertex 0 27.3398 43.1846
      vertex 0 27.7607 44.0107
    endloop
  endfacet
  facet normal -1 0 0
    outer loop
      vertex 0 27.7607 44.0107
      vertex 0 27.3398 43.1846
      vertex 0 27.6313 43.8631
    endloop
  endfacet
  facet normal -1 0 0
    outer loop
      vertex 0 27.6313 43.8631
      vertex 0 27.3398 43.1846
      vertex 0 27.5223 43.7
    endloop
  endfacet
  facet normal -1 0 0
    outer loop
      vertex 0 27.5223 43.7
      vertex 0 27.3398 43.1846
      vertex 0 27.4355 43.524
    endloop
  endfacet
  facet normal -1 0 0
    outer loop
      vertex 0 27.4355 43.524
      vertex 0 27.3398 43.1846
      vertex 0 27.3724 43.3382
    endloop
  endfacet
  facet normal -1 0 0
    outer loop
      vertex 0 29.2919 5
      vertex 0 21.2919 5
      vertex 0 27.3398 43.1846
    endloop
  endfacet
  facet normal -1 -0 0
    outer loop
      vertex 0 39.2919 5
      vertex 0 0 0
      vertex 0 29.2919 5
    endloop
  endfacet
  facet normal -1 -0 0
    outer loop
      vertex 0 29.2919 5
      vertex 0 0 0
      vertex 0 21.2919 5
    endloop
  endfacet
  facet normal -1 0 0
    outer loop
      vertex 0 5.5 13
      vertex 0 11.5 18.55
      vertex 0 11.5 5
    endloop
  endfacet
  facet normal -1 0 0
    outer loop
      vertex 0 5.5 18.55
      vertex 0 11.5 18.55
      vertex 0 5.5 13
    endloop
  endfacet
  facet normal -1 0 -0
    outer loop
      vertex 0 10.3 19.75
      vertex 0 11.5 18.55
      vertex 0 5.5 18.55
    endloop
  endfacet
  facet normal -1 0 0
    outer loop
      vertex 0 11.5 18.55
      vertex 0 10.3 19.75
      vertex 0 11.4897 18.7066
    endloop
  endfacet
  facet normal -1 0 0
    outer loop
      vertex 0 11.4897 18.7066
      vertex 0 10.3 19.75
      vertex 0 11.4591 18.8606
    endloop
  endfacet
  facet normal -1 0 0
    outer loop
      vertex 0 11.4087 19.0092
      vertex 0 10.3 19.75
      vertex 0 11.3392 19.15
    endloop
  endfacet
  facet normal -1 0 0
    outer loop
      vertex 0 11.3392 19.15
      vertex 0 10.3 19.75
      vertex 0 11.252 19.2805
    endloop
  endfacet
  facet normal -1 0 0
    outer loop
      vertex 0 11.252 19.2805
      vertex 0 10.3 19.75
      vertex 0 11.1485 19.3985
    endloop
  endfacet
  facet normal -1 0 0
    outer loop
      vertex 0 11.1485 19.3985
      vertex 0 10.3 19.75
      vertex 0 11.0305 19.502
    endloop
  endfacet
  facet normal -1 0 0
    outer loop
      vertex 0 11.0305 19.502
      vertex 0 10.3 19.75
      vertex 0 10.9 19.5892
    endloop
  endfacet
  facet normal -1 0 0
    outer loop
      vertex 0 10.9 19.5892
      vertex 0 10.3 19.75
      vertex 0 10.7592 19.6587
    endloop
  endfacet
  facet normal -1 0 0
    outer loop
      vertex 0 10.7592 19.6587
      vertex 0 10.3 19.75
      vertex 0 10.6106 19.7091
    endloop
  endfacet
  facet normal -1 0 0
    outer loop
      vertex 0 10.6106 19.7091
      vertex 0 10.3 19.75
      vertex 0 10.4566 19.7397
    endloop
  endfacet
  facet normal -1 0 0
    outer loop
      vertex 0 11.4591 18.8606
      vertex 0 10.3 19.75
      vertex 0 11.4087 19.0092
    endloop
  endfacet
  facet normal -1 -0 0
    outer loop
      vertex 0 10.3 19.75
      vertex 0 5.5 18.55
      vertex 0 6.7 19.75
    endloop
  endfacet
  facet normal -1 0 0
    outer loop
      vertex 0 6.7 19.75
      vertex 0 5.5 18.55
      vertex 0 6.54337 19.7397
    endloop
  endfacet
  facet normal -1 0 0
    outer loop
      vertex 0 6.54337 19.7397
      vertex 0 5.5 18.55
      vertex 0 6.38942 19.7091
    endloop
  endfacet
  facet normal -1 0 0
    outer loop
      vertex 0 6.38942 19.7091
      vertex 0 5.5 18.55
      vertex 0 6.24078 19.6587
    endloop
  endfacet
  facet normal -1 0 0
    outer loop
      vertex 0 6.24078 19.6587
      vertex 0 5.5 18.55
      vertex 0 6.09999 19.5892
    endloop
  endfacet
  facet normal -1 0 0
    outer loop
      vertex 0 6.09999 19.5892
      vertex 0 5.5 18.55
      vertex 0 5.96948 19.502
    endloop
  endfacet
  facet normal -1 0 0
    outer loop
      vertex 0 5.96948 19.502
      vertex 0 5.5 18.55
      vertex 0 5.85147 19.3985
    endloop
  endfacet
  facet normal -1 0 0
    outer loop
      vertex 0 5.74797 19.2805
      vertex 0 5.5 18.55
      vertex 0 5.66077 19.15
    endloop
  endfacet
  facet normal -1 0 0
    outer loop
      vertex 0 5.66077 19.15
      vertex 0 5.5 18.55
      vertex 0 5.59134 19.0092
    endloop
  endfacet
  facet normal -1 0 0
    outer loop
      vertex 0 5.59134 19.0092
      vertex 0 5.5 18.55
      vertex 0 5.54089 18.8606
    endloop
  endfacet
  facet normal -1 0 0
    outer loop
      vertex 0 5.85147 19.3985
      vertex 0 5.5 18.55
      vertex 0 5.74797 19.2805
    endloop
  endfacet
  facet normal -1 0 0
    outer loop
      vertex 0 1.88163 5
      vertex 0 5.5 13
      vertex 0 11.5 5
    endloop
  endfacet
  facet normal -1 -0 0
    outer loop
      vertex 0 5.5 13
      vertex 0 3.11739 12.0084
      vertex 0 4.29915 13
    endloop
  endfacet
  facet normal -1 0 0
    outer loop
      vertex 0 4.29915 13
      vertex 0 3.11739 12.0084
      vertex 0 4.14252 12.9897
    endloop
  endfacet
  facet normal -1 0 0
    outer loop
      vertex 0 4.14252 12.9897
      vertex 0 3.11739 12.0084
      vertex 0 3.98857 12.9591
    endloop
  endfacet
  facet normal -1 0 0
    outer loop
      vertex 0 3.98857 12.9591
      vertex 0 3.11739 12.0084
      vertex 0 3.83994 12.9087
    endloop
  endfacet
  facet normal -1 0 0
    outer loop
      vertex 0 3.83994 12.9087
      vertex 0 3.11739 12.0084
      vertex 0 3.69914 12.8392
    endloop
  endfacet
  facet normal -1 0 0
    outer loop
      vertex 0 3.69914 12.8392
      vertex 0 3.11739 12.0084
      vertex 0 3.56863 12.752
    endloop
  endfacet
  facet normal -1 0 0
    outer loop
      vertex 0 3.56863 12.752
      vertex 0 3.11739 12.0084
      vertex 0 3.45062 12.6485
    endloop
  endfacet
  facet normal -1 0 0
    outer loop
      vertex 0 3.45062 12.6485
      vertex 0 3.11739 12.0084
      vertex 0 3.34712 12.5305
    endloop
  endfacet
  facet normal -1 0 0
    outer loop
      vertex 0 3.34712 12.5305
      vertex 0 3.11739 12.0084
      vertex 0 3.25992 12.4
    endloop
  endfacet
  facet normal -1 0 0
    outer loop
      vertex 0 3.25992 12.4
      vertex 0 3.11739 12.0084
      vertex 0 3.19049 12.2592
    endloop
  endfacet
  facet normal -1 0 0
    outer loop
      vertex 0 3.19049 12.2592
      vertex 0 3.11739 12.0084
      vertex 0 3.14005 12.1106
    endloop
  endfacet
  facet normal -1 0 0
    outer loop
      vertex 0 5.5 13
      vertex 0 1.88163 5
      vertex 0 3.11739 12.0084
    endloop
  endfacet
  facet normal -1 -0 0
    outer loop
      vertex 0 21.2919 5
      vertex 0 0 0
      vertex 0 11.5 5
    endloop
  endfacet
  facet normal -1 -0 0
    outer loop
      vertex 0 11.5 5
      vertex 0 0 0
      vertex 0 1.88163 5
    endloop
  endfacet
  facet normal -1 -0 0
    outer loop
      vertex 0 1.88163 5
      vertex 0 0 0
      vertex 0 0 5
    endloop
  endfacet
  facet normal -1 0 0
    outer loop
      vertex 0 89.2654 42.7153
      vertex 0 89.2757 43.1068
      vertex 0 89.2834 42.9107
    endloop
  endfacet
  facet normal -1 0 0
    outer loop
      vertex 0 89.2654 42.7153
      vertex 0 89.2425 43.3002
      vertex 0 89.2757 43.1068
    endloop
  endfacet
  facet normal -1 0 0
    outer loop
      vertex 0 89.2654 42.7153
      vertex 0 89.1843 43.4875
      vertex 0 89.2425 43.3002
    endloop
  endfacet
  facet normal -1 0 0
    outer loop
      vertex 0 89.2654 42.7153
      vertex 0 89.1021 43.6657
      vertex 0 89.1843 43.4875
    endloop
  endfacet
  facet normal -1 0 0
    outer loop
      vertex 0 89.2654 42.7153
      vertex 0 88.9974 43.8317
      vertex 0 89.1021 43.6657
    endloop
  endfacet
  facet normal -1 0 0
    outer loop
      vertex 0 89.2654 42.7153
      vertex 0 88.872 43.9825
      vertex 0 88.9974 43.8317
    endloop
  endfacet
  facet normal -1 0 0
    outer loop
      vertex 0 89.2654 42.7153
      vertex 0 88.7279 44.1157
      vertex 0 88.872 43.9825
    endloop
  endfacet
  facet normal -1 0 0
    outer loop
      vertex 0 89.2654 42.7153
      vertex 0 88.5677 44.229
      vertex 0 88.7279 44.1157
    endloop
  endfacet
  facet normal -1 0 0
    outer loop
      vertex 0 89.2654 42.7153
      vertex 0 88.394 44.3203
      vertex 0 88.5677 44.229
    endloop
  endfacet
  facet normal -1 0 0
    outer loop
      vertex 0 89.2654 42.7153
      vertex 0 88.2099 44.3882
      vertex 0 88.394 44.3203
    endloop
  endfacet
  facet normal -1 0 0
    outer loop
      vertex 0 89.2654 42.7153
      vertex 0 88.0186 44.4315
      vertex 0 88.2099 44.3882
    endloop
  endfacet
  facet normal -1 0 0
    outer loop
      vertex 0 89.2654 42.7153
      vertex 0 87.7839 44.45
      vertex 0 88.0186 44.4315
    endloop
  endfacet
  facet normal -1 0 0
    outer loop
      vertex 0 81.3398 43.1846
      vertex 0 89.2654 42.7153
      vertex 0 83.2919 5
    endloop
  endfacet
  facet normal -1 0 0
    outer loop
      vertex 0 89.2654 42.7153
      vertex 0 82.8213 44.45
      vertex 0 87.7839 44.45
    endloop
  endfacet
  facet normal -1 0 0
    outer loop
      vertex 0 71.2654 42.7153
      vertex 0 71.2757 43.1068
      vertex 0 71.2834 42.9107
    endloop
  endfacet
  facet normal -1 0 0
    outer loop
      vertex 0 71.2654 42.7153
      vertex 0 71.2425 43.3002
      vertex 0 71.2757 43.1068
    endloop
  endfacet
  facet normal -1 0 0
    outer loop
      vertex 0 71.2654 42.7153
      vertex 0 71.1843 43.4875
      vertex 0 71.2425 43.3002
    endloop
  endfacet
  facet normal -1 0 0
    outer loop
      vertex 0 71.2654 42.7153
      vertex 0 71.1021 43.6657
      vertex 0 71.1843 43.4875
    endloop
  endfacet
  facet normal -1 0 0
    outer loop
      vertex 0 71.2654 42.7153
      vertex 0 70.9974 43.8317
      vertex 0 71.1021 43.6657
    endloop
  endfacet
  facet normal -1 0 0
    outer loop
      vertex 0 71.2654 42.7153
      vertex 0 70.872 43.9825
      vertex 0 70.9974 43.8317
    endloop
  endfacet
  facet normal -1 0 0
    outer loop
      vertex 0 71.2654 42.7153
      vertex 0 70.7279 44.1157
      vertex 0 70.872 43.9825
    endloop
  endfacet
  facet normal -1 0 0
    outer loop
      vertex 0 71.2654 42.7153
      vertex 0 70.5677 44.229
      vertex 0 70.7279 44.1157
    endloop
  endfacet
  facet normal -1 0 0
    outer loop
      vertex 0 71.2654 42.7153
      vertex 0 70.394 44.3203
      vertex 0 70.5677 44.229
    endloop
  endfacet
  facet normal -1 0 0
    outer loop
      vertex 0 71.2654 42.7153
      vertex 0 70.2099 44.3882
      vertex 0 70.394 44.3203
    endloop
  endfacet
  facet normal -1 0 0
    outer loop
      vertex 0 71.2654 42.7153
      vertex 0 70.0186 44.4315
      vertex 0 70.2099 44.3882
    endloop
  endfacet
  facet normal -1 0 0
    outer loop
      vertex 0 71.2654 42.7153
      vertex 0 69.7839 44.45
      vertex 0 70.0186 44.4315
    endloop
  endfacet
  facet normal -1 0 0
    outer loop
      vertex 0 63.3398 43.1846
      vertex 0 71.2654 42.7153
      vertex 0 65.2919 5
    endloop
  endfacet
  facet normal -1 0 0
    outer loop
      vertex 0 71.2654 42.7153
      vertex 0 64.8213 44.45
      vertex 0 69.7839 44.45
    endloop
  endfacet
  facet normal -1 0 0
    outer loop
      vertex 0 53.2654 42.7153
      vertex 0 53.2757 43.1068
      vertex 0 53.2834 42.9107
    endloop
  endfacet
  facet normal -1 0 0
    outer loop
      vertex 0 53.2654 42.7153
      vertex 0 53.2425 43.3002
      vertex 0 53.2757 43.1068
    endloop
  endfacet
  facet normal -1 0 0
    outer loop
      vertex 0 53.2654 42.7153
      vertex 0 53.1843 43.4875
      vertex 0 53.2425 43.3002
    endloop
  endfacet
  facet normal -1 0 0
    outer loop
      vertex 0 53.2654 42.7153
      vertex 0 53.1021 43.6657
      vertex 0 53.1843 43.4875
    endloop
  endfacet
  facet normal -1 0 0
    outer loop
      vertex 0 53.2654 42.7153
      vertex 0 52.9974 43.8317
      vertex 0 53.1021 43.6657
    endloop
  endfacet
  facet normal -1 0 0
    outer loop
      vertex 0 53.2654 42.7153
      vertex 0 52.872 43.9825
      vertex 0 52.9974 43.8317
    endloop
  endfacet
  facet normal -1 0 0
    outer loop
      vertex 0 53.2654 42.7153
      vertex 0 52.7279 44.1157
      vertex 0 52.872 43.9825
    endloop
  endfacet
  facet normal -1 0 0
    outer loop
      vertex 0 53.2654 42.7153
      vertex 0 52.5677 44.229
      vertex 0 52.7279 44.1157
    endloop
  endfacet
  facet normal -1 0 0
    outer loop
      vertex 0 53.2654 42.7153
      vertex 0 52.394 44.3203
      vertex 0 52.5677 44.229
    endloop
  endfacet
  facet normal -1 0 0
    outer loop
      vertex 0 53.2654 42.7153
      vertex 0 52.2099 44.3882
      vertex 0 52.394 44.3203
    endloop
  endfacet
  facet normal -1 0 0
    outer loop
      vertex 0 53.2654 42.7153
      vertex 0 52.0186 44.4315
      vertex 0 52.2099 44.3882
    endloop
  endfacet
  facet normal -1 0 0
    outer loop
      vertex 0 53.2654 42.7153
      vertex 0 51.7839 44.45
      vertex 0 52.0186 44.4315
    endloop
  endfacet
  facet normal -1 0 0
    outer loop
      vertex 0 45.3398 43.1846
      vertex 0 53.2654 42.7153
      vertex 0 47.2919 5
    endloop
  endfacet
  facet normal -1 0 0
    outer loop
      vertex 0 53.2654 42.7153
      vertex 0 46.8213 44.45
      vertex 0 51.7839 44.45
    endloop
  endfacet
  facet normal -1 0 0
    outer loop
      vertex 0 35.2654 42.7153
      vertex 0 35.2757 43.1068
      vertex 0 35.2834 42.9107
    endloop
  endfacet
  facet normal -1 0 0
    outer loop
      vertex 0 35.2654 42.7153
      vertex 0 35.2425 43.3002
      vertex 0 35.2757 43.1068
    endloop
  endfacet
  facet normal -1 0 0
    outer loop
      vertex 0 35.2654 42.7153
      vertex 0 35.1843 43.4875
      vertex 0 35.2425 43.3002
    endloop
  endfacet
  facet normal -1 0 0
    outer loop
      vertex 0 35.2654 42.7153
      vertex 0 35.1021 43.6657
      vertex 0 35.1843 43.4875
    endloop
  endfacet
  facet normal -1 0 0
    outer loop
      vertex 0 35.2654 42.7153
      vertex 0 34.9974 43.8317
      vertex 0 35.1021 43.6657
    endloop
  endfacet
  facet normal -1 0 0
    outer loop
      vertex 0 35.2654 42.7153
      vertex 0 34.872 43.9825
      vertex 0 34.9974 43.8317
    endloop
  endfacet
  facet normal -1 0 0
    outer loop
      vertex 0 35.2654 42.7153
      vertex 0 34.7279 44.1157
      vertex 0 34.872 43.9825
    endloop
  endfacet
  facet normal -1 0 0
    outer loop
      vertex 0 35.2654 42.7153
      vertex 0 34.5677 44.229
      vertex 0 34.7279 44.1157
    endloop
  endfacet
  facet normal -1 0 0
    outer loop
      vertex 0 35.2654 42.7153
      vertex 0 34.394 44.3203
      vertex 0 34.5677 44.229
    endloop
  endfacet
  facet normal -1 0 0
    outer loop
      vertex 0 35.2654 42.7153
      vertex 0 34.2099 44.3882
      vertex 0 34.394 44.3203
    endloop
  endfacet
  facet normal -1 0 0
    outer loop
      vertex 0 35.2654 42.7153
      vertex 0 34.0186 44.4315
      vertex 0 34.2099 44.3882
    endloop
  endfacet
  facet normal -1 0 0
    outer loop
      vertex 0 35.2654 42.7153
      vertex 0 33.7839 44.45
      vertex 0 34.0186 44.4315
    endloop
  endfacet
  facet normal -1 0 0
    outer loop
      vertex 0 27.3398 43.1846
      vertex 0 35.2654 42.7153
      vertex 0 29.2919 5
    endloop
  endfacet
  facet normal -1 0 0
    outer loop
      vertex 0 35.2654 42.7153
      vertex 0 28.8213 44.45
      vertex 0 33.7839 44.45
    endloop
  endfacet
  facet normal -1 0 0
    outer loop
      vertex 0 5.54089 18.8606
      vertex 0 5.5 18.55
      vertex 0 5.51027 18.7066
    endloop
  endfacet
  facet normal 0 1 -0
    outer loop
      vertex 18 127 0
      vertex 0 127 5
      vertex 18 127 5
    endloop
  endfacet
  facet normal 0 1 0
    outer loop
      vertex 0 127 5
      vertex 18 127 0
      vertex 0 127 0
    endloop
  endfacet
  facet normal 0 1 -0
    outer loop
      vertex 142 83 0
      vertex 97 83 3.15689
      vertex 142 83 3.15689
    endloop
  endfacet
  facet normal 0 1 0
    outer loop
      vertex 97 83 3.15689
      vertex 142 83 0
      vertex 63 83 3.15689
    endloop
  endfacet
  facet normal 0 1 0
    outer loop
      vertex 18 83 0
      vertex 63 83 3.15689
      vertex 142 83 0
    endloop
  endfacet
  facet normal 0 1 0
    outer loop
      vertex 63 83 3.15689
      vertex 18 83 0
      vertex 18 83 3.15689
    endloop
  endfacet
  facet normal 0 1 -0
    outer loop
      vertex 97 83 3.15689
      vertex 63 83 5
      vertex 97 83 5
    endloop
  endfacet
  facet normal 0 1 0
    outer loop
      vertex 63 83 5
      vertex 97 83 3.15689
      vertex 63 83 3.15689
    endloop
  endfacet
  facet normal 1 0 0
    outer loop
      vertex 160 10.3 19.75
      vertex 160 11.5 18.55
      vertex 160 11.4897 18.7066
    endloop
  endfacet
  facet normal 1 0 0
    outer loop
      vertex 160 35.2757 43.1068
      vertex 160 35.2654 42.7153
      vertex 160 35.2834 42.9107
    endloop
  endfacet
  facet normal 1 0 0
    outer loop
      vertex 160 35.2425 43.3002
      vertex 160 35.2654 42.7153
      vertex 160 35.2757 43.1068
    endloop
  endfacet
  facet normal 1 0 0
    outer loop
      vertex 160 35.1843 43.4875
      vertex 160 35.2654 42.7153
      vertex 160 35.2425 43.3002
    endloop
  endfacet
  facet normal 1 0 0
    outer loop
      vertex 160 35.1021 43.6657
      vertex 160 35.2654 42.7153
      vertex 160 35.1843 43.4875
    endloop
  endfacet
  facet normal 1 0 0
    outer loop
      vertex 160 34.9974 43.8317
      vertex 160 35.2654 42.7153
      vertex 160 35.1021 43.6657
    endloop
  endfacet
  facet normal 1 0 0
    outer loop
      vertex 160 34.872 43.9825
      vertex 160 35.2654 42.7153
      vertex 160 34.9974 43.8317
    endloop
  endfacet
  facet normal 1 0 0
    outer loop
      vertex 160 34.7279 44.1157
      vertex 160 35.2654 42.7153
      vertex 160 34.872 43.9825
    endloop
  endfacet
  facet normal 1 0 0
    outer loop
      vertex 160 34.5677 44.229
      vertex 160 35.2654 42.7153
      vertex 160 34.7279 44.1157
    endloop
  endfacet
  facet normal 1 0 0
    outer loop
      vertex 160 34.394 44.3203
      vertex 160 35.2654 42.7153
      vertex 160 34.5677 44.229
    endloop
  endfacet
  facet normal 1 0 0
    outer loop
      vertex 160 34.2099 44.3882
      vertex 160 35.2654 42.7153
      vertex 160 34.394 44.3203
    endloop
  endfacet
  facet normal 1 0 0
    outer loop
      vertex 160 34.0186 44.4315
      vertex 160 35.2654 42.7153
      vertex 160 34.2099 44.3882
    endloop
  endfacet
  facet normal 1 0 0
    outer loop
      vertex 160 33.7839 44.45
      vertex 160 35.2654 42.7153
      vertex 160 34.0186 44.4315
    endloop
  endfacet
  facet normal 1 -0 0
    outer loop
      vertex 160 28.8213 44.45
      vertex 160 35.2654 42.7153
      vertex 160 33.7839 44.45
    endloop
  endfacet
  facet normal 1 0 0
    outer loop
      vertex 160 35.2654 42.7153
      vertex 160 28.8213 44.45
      vertex 160 27.3398 43.1846
    endloop
  endfacet
  facet normal 1 0 0
    outer loop
      vertex 160 53.2757 43.1068
      vertex 160 53.2654 42.7153
      vertex 160 53.2834 42.9107
    endloop
  endfacet
  facet normal 1 0 0
    outer loop
      vertex 160 53.2425 43.3002
      vertex 160 53.2654 42.7153
      vertex 160 53.2757 43.1068
    endloop
  endfacet
  facet normal 1 0 0
    outer loop
      vertex 160 53.1843 43.4875
      vertex 160 53.2654 42.7153
      vertex 160 53.2425 43.3002
    endloop
  endfacet
  facet normal 1 0 0
    outer loop
      vertex 160 53.1021 43.6657
      vertex 160 53.2654 42.7153
      vertex 160 53.1843 43.4875
    endloop
  endfacet
  facet normal 1 0 0
    outer loop
      vertex 160 52.9974 43.8317
      vertex 160 53.2654 42.7153
      vertex 160 53.1021 43.6657
    endloop
  endfacet
  facet normal 1 0 0
    outer loop
      vertex 160 52.872 43.9825
      vertex 160 53.2654 42.7153
      vertex 160 52.9974 43.8317
    endloop
  endfacet
  facet normal 1 0 0
    outer loop
      vertex 160 52.7279 44.1157
      vertex 160 53.2654 42.7153
      vertex 160 52.872 43.9825
    endloop
  endfacet
  facet normal 1 0 0
    outer loop
      vertex 160 52.5677 44.229
      vertex 160 53.2654 42.7153
      vertex 160 52.7279 44.1157
    endloop
  endfacet
  facet normal 1 0 0
    outer loop
      vertex 160 52.394 44.3203
      vertex 160 53.2654 42.7153
      vertex 160 52.5677 44.229
    endloop
  endfacet
  facet normal 1 0 0
    outer loop
      vertex 160 52.2099 44.3882
      vertex 160 53.2654 42.7153
      vertex 160 52.394 44.3203
    endloop
  endfacet
  facet normal 1 0 0
    outer loop
      vertex 160 52.0186 44.4315
      vertex 160 53.2654 42.7153
      vertex 160 52.2099 44.3882
    endloop
  endfacet
  facet normal 1 0 0
    outer loop
      vertex 160 51.7839 44.45
      vertex 160 53.2654 42.7153
      vertex 160 52.0186 44.4315
    endloop
  endfacet
  facet normal 1 -0 0
    outer loop
      vertex 160 46.8213 44.45
      vertex 160 53.2654 42.7153
      vertex 160 51.7839 44.45
    endloop
  endfacet
  facet normal 1 0 0
    outer loop
      vertex 160 53.2654 42.7153
      vertex 160 46.8213 44.45
      vertex 160 45.3398 43.1846
    endloop
  endfacet
  facet normal 1 0 0
    outer loop
      vertex 160 71.2757 43.1068
      vertex 160 71.2654 42.7153
      vertex 160 71.2834 42.9107
    endloop
  endfacet
  facet normal 1 0 0
    outer loop
      vertex 160 71.2425 43.3002
      vertex 160 71.2654 42.7153
      vertex 160 71.2757 43.1068
    endloop
  endfacet
  facet normal 1 0 0
    outer loop
      vertex 160 71.1843 43.4875
      vertex 160 71.2654 42.7153
      vertex 160 71.2425 43.3002
    endloop
  endfacet
  facet normal 1 0 0
    outer loop
      vertex 160 71.1021 43.6657
      vertex 160 71.2654 42.7153
      vertex 160 71.1843 43.4875
    endloop
  endfacet
  facet normal 1 0 0
    outer loop
      vertex 160 70.9974 43.8317
      vertex 160 71.2654 42.7153
      vertex 160 71.1021 43.6657
    endloop
  endfacet
  facet normal 1 0 0
    outer loop
      vertex 160 70.872 43.9825
      vertex 160 71.2654 42.7153
      vertex 160 70.9974 43.8317
    endloop
  endfacet
  facet normal 1 0 0
    outer loop
      vertex 160 70.7279 44.1157
      vertex 160 71.2654 42.7153
      vertex 160 70.872 43.9825
    endloop
  endfacet
  facet normal 1 0 0
    outer loop
      vertex 160 70.5677 44.229
      vertex 160 71.2654 42.7153
      vertex 160 70.7279 44.1157
    endloop
  endfacet
  facet normal 1 0 0
    outer loop
      vertex 160 70.394 44.3203
      vertex 160 71.2654 42.7153
      vertex 160 70.5677 44.229
    endloop
  endfacet
  facet normal 1 0 0
    outer loop
      vertex 160 70.2099 44.3882
      vertex 160 71.2654 42.7153
      vertex 160 70.394 44.3203
    endloop
  endfacet
  facet normal 1 0 0
    outer loop
      vertex 160 70.0186 44.4315
      vertex 160 71.2654 42.7153
      vertex 160 70.2099 44.3882
    endloop
  endfacet
  facet normal 1 0 0
    outer loop
      vertex 160 69.7839 44.45
      vertex 160 71.2654 42.7153
      vertex 160 70.0186 44.4315
    endloop
  endfacet
  facet normal 1 -0 0
    outer loop
      vertex 160 64.8213 44.45
      vertex 160 71.2654 42.7153
      vertex 160 69.7839 44.45
    endloop
  endfacet
  facet normal 1 0 0
    outer loop
      vertex 160 71.2654 42.7153
      vertex 160 64.8213 44.45
      vertex 160 63.3398 43.1846
    endloop
  endfacet
  facet normal 1 0 0
    outer loop
      vertex 160 89.2757 43.1068
      vertex 160 89.2654 42.7153
      vertex 160 89.2834 42.9107
    endloop
  endfacet
  facet normal 1 0 0
    outer loop
      vertex 160 89.2425 43.3002
      vertex 160 89.2654 42.7153
      vertex 160 89.2757 43.1068
    endloop
  endfacet
  facet normal 1 0 0
    outer loop
      vertex 160 89.1843 43.4875
      vertex 160 89.2654 42.7153
      vertex 160 89.2425 43.3002
    endloop
  endfacet
  facet normal 1 0 0
    outer loop
      vertex 160 89.1021 43.6657
      vertex 160 89.2654 42.7153
      vertex 160 89.1843 43.4875
    endloop
  endfacet
  facet normal 1 0 0
    outer loop
      vertex 160 88.9974 43.8317
      vertex 160 89.2654 42.7153
      vertex 160 89.1021 43.6657
    endloop
  endfacet
  facet normal 1 0 0
    outer loop
      vertex 160 88.872 43.9825
      vertex 160 89.2654 42.7153
      vertex 160 88.9974 43.8317
    endloop
  endfacet
  facet normal 1 0 0
    outer loop
      vertex 160 88.7279 44.1157
      vertex 160 89.2654 42.7153
      vertex 160 88.872 43.9825
    endloop
  endfacet
  facet normal 1 0 0
    outer loop
      vertex 160 88.5677 44.229
      vertex 160 89.2654 42.7153
      vertex 160 88.7279 44.1157
    endloop
  endfacet
  facet normal 1 0 0
    outer loop
      vertex 160 88.394 44.3203
      vertex 160 89.2654 42.7153
      vertex 160 88.5677 44.229
    endloop
  endfacet
  facet normal 1 0 0
    outer loop
      vertex 160 88.2099 44.3882
      vertex 160 89.2654 42.7153
      vertex 160 88.394 44.3203
    endloop
  endfacet
  facet normal 1 0 0
    outer loop
      vertex 160 88.0186 44.4315
      vertex 160 89.2654 42.7153
      vertex 160 88.2099 44.3882
    endloop
  endfacet
  facet normal 1 0 0
    outer loop
      vertex 160 87.7839 44.45
      vertex 160 89.2654 42.7153
      vertex 160 88.0186 44.4315
    endloop
  endfacet
  facet normal 1 -0 0
    outer loop
      vertex 160 82.8213 44.45
      vertex 160 89.2654 42.7153
      vertex 160 87.7839 44.45
    endloop
  endfacet
  facet normal 1 0 0
    outer loop
      vertex 160 89.2654 42.7153
      vertex 160 82.8213 44.45
      vertex 160 81.3398 43.1846
    endloop
  endfacet
  facet normal 1 -0 0
    outer loop
      vertex 160 83.2919 5
      vertex 160 127 0
      vertex 160 127 5
    endloop
  endfacet
  facet normal 1 0 0
    outer loop
      vertex 160 81.3398 43.1846
      vertex 160 82.8213 44.45
      vertex 160 82.6255 44.4372
    endloop
  endfacet
  facet normal 1 0 0
    outer loop
      vertex 160 81.3398 43.1846
      vertex 160 82.6255 44.4372
      vertex 160 82.4331 44.3989
    endloop
  endfacet
  facet normal 1 0 0
    outer loop
      vertex 160 81.3398 43.1846
      vertex 160 82.4331 44.3989
      vertex 160 82.2473 44.3358
    endloop
  endfacet
  facet normal 1 0 0
    outer loop
      vertex 160 81.3398 43.1846
      vertex 160 82.2473 44.3358
      vertex 160 82.0713 44.249
    endloop
  endfacet
  facet normal 1 0 0
    outer loop
      vertex 160 81.3398 43.1846
      vertex 160 82.0713 44.249
      vertex 160 81.9082 44.14
    endloop
  endfacet
  facet normal 1 0 0
    outer loop
      vertex 160 81.3398 43.1846
      vertex 160 81.9082 44.14
      vertex 160 81.7607 44.0107
    endloop
  endfacet
  facet normal 1 0 0
    outer loop
      vertex 160 81.3398 43.1846
      vertex 160 81.7607 44.0107
      vertex 160 81.6313 43.8631
    endloop
  endfacet
  facet normal 1 0 0
    outer loop
      vertex 160 81.3398 43.1846
      vertex 160 81.6313 43.8631
      vertex 160 81.5223 43.7
    endloop
  endfacet
  facet normal 1 0 0
    outer loop
      vertex 160 81.3398 43.1846
      vertex 160 81.5223 43.7
      vertex 160 81.4355 43.524
    endloop
  endfacet
  facet normal 1 0 0
    outer loop
      vertex 160 81.3398 43.1846
      vertex 160 81.4355 43.524
      vertex 160 81.3724 43.3382
    endloop
  endfacet
  facet normal 1 0 0
    outer loop
      vertex 160 89.2654 42.7153
      vertex 160 81.3398 43.1846
      vertex 160 83.2919 5
    endloop
  endfacet
  facet normal 1 0 0
    outer loop
      vertex 160 75.2919 5
      vertex 160 83.2919 5
      vertex 160 81.3398 43.1846
    endloop
  endfacet
  facet normal 1 -0 0
    outer loop
      vertex 160 75.2919 5
      vertex 160 127 0
      vertex 160 83.2919 5
    endloop
  endfacet
  facet normal 1 -0 0
    outer loop
      vertex 160 65.2919 5
      vertex 160 127 0
      vertex 160 75.2919 5
    endloop
  endfacet
  facet normal 1 0 0
    outer loop
      vertex 160 63.3398 43.1846
      vertex 160 64.8213 44.45
      vertex 160 64.6255 44.4372
    endloop
  endfacet
  facet normal 1 0 0
    outer loop
      vertex 160 63.3398 43.1846
      vertex 160 64.6255 44.4372
      vertex 160 64.4331 44.3989
    endloop
  endfacet
  facet normal 1 0 0
    outer loop
      vertex 160 63.3398 43.1846
      vertex 160 64.4331 44.3989
      vertex 160 64.2473 44.3358
    endloop
  endfacet
  facet normal 1 0 0
    outer loop
      vertex 160 63.3398 43.1846
      vertex 160 64.2473 44.3358
      vertex 160 64.0713 44.249
    endloop
  endfacet
  facet normal 1 0 0
    outer loop
      vertex 160 63.3398 43.1846
      vertex 160 64.0713 44.249
      vertex 160 63.9082 44.14
    endloop
  endfacet
  facet normal 1 0 0
    outer loop
      vertex 160 63.3398 43.1846
      vertex 160 63.9082 44.14
      vertex 160 63.7607 44.0107
    endloop
  endfacet
  facet normal 1 0 0
    outer loop
      vertex 160 63.3398 43.1846
      vertex 160 63.7607 44.0107
      vertex 160 63.6313 43.8631
    endloop
  endfacet
  facet normal 1 0 0
    outer loop
      vertex 160 63.3398 43.1846
      vertex 160 63.6313 43.8631
      vertex 160 63.5223 43.7
    endloop
  endfacet
  facet normal 1 0 0
    outer loop
      vertex 160 63.3398 43.1846
      vertex 160 63.5223 43.7
      vertex 160 63.4355 43.524
    endloop
  endfacet
  facet normal 1 0 0
    outer loop
      vertex 160 63.3398 43.1846
      vertex 160 63.4355 43.524
      vertex 160 63.3724 43.3382
    endloop
  endfacet
  facet normal 1 0 0
    outer loop
      vertex 160 71.2654 42.7153
      vertex 160 63.3398 43.1846
      vertex 160 65.2919 5
    endloop
  endfacet
  facet normal 1 0 0
    outer loop
      vertex 160 57.2919 5
      vertex 160 65.2919 5
      vertex 160 63.3398 43.1846
    endloop
  endfacet
  facet normal 1 -0 0
    outer loop
      vertex 160 57.2919 5
      vertex 160 127 0
      vertex 160 65.2919 5
    endloop
  endfacet
  facet normal 1 0 0
    outer loop
      vertex 160 0 0
      vertex 160 57.2919 5
      vertex 160 47.2919 5
    endloop
  endfacet
  facet normal 1 0 0
    outer loop
      vertex 160 45.3398 43.1846
      vertex 160 46.8213 44.45
      vertex 160 46.6255 44.4372
    endloop
  endfacet
  facet normal 1 0 0
    outer loop
      vertex 160 45.3398 43.1846
      vertex 160 46.6255 44.4372
      vertex 160 46.4331 44.3989
    endloop
  endfacet
  facet normal 1 0 0
    outer loop
      vertex 160 45.3398 43.1846
      vertex 160 46.4331 44.3989
      vertex 160 46.2473 44.3358
    endloop
  endfacet
  facet normal 1 0 0
    outer loop
      vertex 160 45.3398 43.1846
      vertex 160 46.2473 44.3358
      vertex 160 46.0713 44.249
    endloop
  endfacet
  facet normal 1 0 0
    outer loop
      vertex 160 45.3398 43.1846
      vertex 160 46.0713 44.249
      vertex 160 45.9082 44.14
    endloop
  endfacet
  facet normal 1 0 0
    outer loop
      vertex 160 45.3398 43.1846
      vertex 160 45.9082 44.14
      vertex 160 45.7607 44.0107
    endloop
  endfacet
  facet normal 1 0 0
    outer loop
      vertex 160 45.3398 43.1846
      vertex 160 45.7607 44.0107
      vertex 160 45.6313 43.8631
    endloop
  endfacet
  facet normal 1 0 0
    outer loop
      vertex 160 45.3398 43.1846
      vertex 160 45.6313 43.8631
      vertex 160 45.5223 43.7
    endloop
  endfacet
  facet normal 1 0 0
    outer loop
      vertex 160 45.3398 43.1846
      vertex 160 45.5223 43.7
      vertex 160 45.4355 43.524
    endloop
  endfacet
  facet normal 1 0 0
    outer loop
      vertex 160 45.3398 43.1846
      vertex 160 45.4355 43.524
      vertex 160 45.3724 43.3382
    endloop
  endfacet
  facet normal 1 0 0
    outer loop
      vertex 160 53.2654 42.7153
      vertex 160 45.3398 43.1846
      vertex 160 47.2919 5
    endloop
  endfacet
  facet normal 1 0 0
    outer loop
      vertex 160 39.2919 5
      vertex 160 47.2919 5
      vertex 160 45.3398 43.1846
    endloop
  endfacet
  facet normal 1 0 0
    outer loop
      vertex 160 0 0
      vertex 160 47.2919 5
      vertex 160 39.2919 5
    endloop
  endfacet
  facet normal 1 0 0
    outer loop
      vertex 160 0 0
      vertex 160 39.2919 5
      vertex 160 29.2919 5
    endloop
  endfacet
  facet normal 1 0 0
    outer loop
      vertex 160 27.3398 43.1846
      vertex 160 28.8213 44.45
      vertex 160 28.6255 44.4372
    endloop
  endfacet
  facet normal 1 0 0
    outer loop
      vertex 160 27.3398 43.1846
      vertex 160 28.6255 44.4372
      vertex 160 28.4331 44.3989
    endloop
  endfacet
  facet normal 1 0 0
    outer loop
      vertex 160 27.3398 43.1846
      vertex 160 28.4331 44.3989
      vertex 160 28.2473 44.3358
    endloop
  endfacet
  facet normal 1 0 0
    outer loop
      vertex 160 27.3398 43.1846
      vertex 160 28.2473 44.3358
      vertex 160 28.0713 44.249
    endloop
  endfacet
  facet normal 1 0 0
    outer loop
      vertex 160 27.3398 43.1846
      vertex 160 28.0713 44.249
      vertex 160 27.9082 44.14
    endloop
  endfacet
  facet normal 1 0 0
    outer loop
      vertex 160 27.3398 43.1846
      vertex 160 27.9082 44.14
      vertex 160 27.7607 44.0107
    endloop
  endfacet
  facet normal 1 0 0
    outer loop
      vertex 160 27.3398 43.1846
      vertex 160 27.7607 44.0107
      vertex 160 27.6313 43.8631
    endloop
  endfacet
  facet normal 1 0 0
    outer loop
      vertex 160 27.3398 43.1846
      vertex 160 27.6313 43.8631
      vertex 160 27.5223 43.7
    endloop
  endfacet
  facet normal 1 0 0
    outer loop
      vertex 160 27.3398 43.1846
      vertex 160 27.5223 43.7
      vertex 160 27.4355 43.524
    endloop
  endfacet
  facet normal 1 0 0
    outer loop
      vertex 160 27.3398 43.1846
      vertex 160 27.4355 43.524
      vertex 160 27.3724 43.3382
    endloop
  endfacet
  facet normal 1 0 0
    outer loop
      vertex 160 35.2654 42.7153
      vertex 160 27.3398 43.1846
      vertex 160 29.2919 5
    endloop
  endfacet
  facet normal 1 0 0
    outer loop
      vertex 160 21.2919 5
      vertex 160 29.2919 5
      vertex 160 27.3398 43.1846
    endloop
  endfacet
  facet normal 1 0 0
    outer loop
      vertex 160 0 0
      vertex 160 29.2919 5
      vertex 160 21.2919 5
    endloop
  endfacet
  facet normal 1 0 0
    outer loop
      vertex 160 0 0
      vertex 160 21.2919 5
      vertex 160 11.5 5
    endloop
  endfacet
  facet normal 1 0 0
    outer loop
      vertex 160 10.3 19.75
      vertex 160 11.4897 18.7066
      vertex 160 11.4591 18.8606
    endloop
  endfacet
  facet normal 1 0 0
    outer loop
      vertex 160 10.3 19.75
      vertex 160 11.4591 18.8606
      vertex 160 11.4087 19.0092
    endloop
  endfacet
  facet normal 1 0 0
    outer loop
      vertex 160 10.3 19.75
      vertex 160 11.4087 19.0092
      vertex 160 11.3392 19.15
    endloop
  endfacet
  facet normal 1 0 0
    outer loop
      vertex 160 10.3 19.75
      vertex 160 11.3392 19.15
      vertex 160 11.252 19.2805
    endloop
  endfacet
  facet normal 1 0 0
    outer loop
      vertex 160 10.3 19.75
      vertex 160 11.252 19.2805
      vertex 160 11.1485 19.3985
    endloop
  endfacet
  facet normal 1 0 0
    outer loop
      vertex 160 10.3 19.75
      vertex 160 11.1485 19.3985
      vertex 160 11.0305 19.502
    endloop
  endfacet
  facet normal 1 0 0
    outer loop
      vertex 160 10.3 19.75
      vertex 160 11.0305 19.502
      vertex 160 10.9 19.5892
    endloop
  endfacet
  facet normal 1 0 0
    outer loop
      vertex 160 10.3 19.75
      vertex 160 10.9 19.5892
      vertex 160 10.7592 19.6587
    endloop
  endfacet
  facet normal 1 0 0
    outer loop
      vertex 160 10.3 19.75
      vertex 160 10.7592 19.6587
      vertex 160 10.6106 19.7091
    endloop
  endfacet
  facet normal 1 0 0
    outer loop
      vertex 160 10.3 19.75
      vertex 160 10.6106 19.7091
      vertex 160 10.4566 19.7397
    endloop
  endfacet
  facet normal 1 0 0
    outer loop
      vertex 160 11.5 18.55
      vertex 160 10.3 19.75
      vertex 160 5.5 18.55
    endloop
  endfacet
  facet normal 1 0 0
    outer loop
      vertex 160 5.5 18.55
      vertex 160 10.3 19.75
      vertex 160 6.7 19.75
    endloop
  endfacet
  facet normal 1 0 0
    outer loop
      vertex 160 5.5 18.55
      vertex 160 6.7 19.75
      vertex 160 6.54337 19.7397
    endloop
  endfacet
  facet normal 1 0 0
    outer loop
      vertex 160 5.5 18.55
      vertex 160 6.54337 19.7397
      vertex 160 6.38942 19.7091
    endloop
  endfacet
  facet normal 1 0 0
    outer loop
      vertex 160 5.5 18.55
      vertex 160 6.38942 19.7091
      vertex 160 6.24078 19.6587
    endloop
  endfacet
  facet normal 1 0 0
    outer loop
      vertex 160 5.5 18.55
      vertex 160 6.24078 19.6587
      vertex 160 6.09999 19.5892
    endloop
  endfacet
  facet normal 1 0 0
    outer loop
      vertex 160 5.5 18.55
      vertex 160 6.09999 19.5892
      vertex 160 5.96948 19.502
    endloop
  endfacet
  facet normal 1 0 0
    outer loop
      vertex 160 5.5 18.55
      vertex 160 5.96948 19.502
      vertex 160 5.85147 19.3985
    endloop
  endfacet
  facet normal 1 0 0
    outer loop
      vertex 160 5.5 18.55
      vertex 160 5.85147 19.3985
      vertex 160 5.74797 19.2805
    endloop
  endfacet
  facet normal 1 0 0
    outer loop
      vertex 160 5.5 18.55
      vertex 160 5.74797 19.2805
      vertex 160 5.66077 19.15
    endloop
  endfacet
  facet normal 1 0 0
    outer loop
      vertex 160 5.5 18.55
      vertex 160 5.66077 19.15
      vertex 160 5.59134 19.0092
    endloop
  endfacet
  facet normal 1 0 0
    outer loop
      vertex 160 5.5 18.55
      vertex 160 5.59134 19.0092
      vertex 160 5.54089 18.8606
    endloop
  endfacet
  facet normal 1 0 0
    outer loop
      vertex 160 5.5 18.55
      vertex 160 5.54089 18.8606
      vertex 160 5.51027 18.7066
    endloop
  endfacet
  facet normal 1 0 0
    outer loop
      vertex 160 11.5 18.55
      vertex 160 5.5 18.55
      vertex 160 5.5 13
    endloop
  endfacet
  facet normal 1 0 0
    outer loop
      vertex 160 11.5 18.55
      vertex 160 5.5 13
      vertex 160 11.5 5
    endloop
  endfacet
  facet normal 1 0 0
    outer loop
      vertex 160 3.11739 12.0084
      vertex 160 5.5 13
      vertex 160 4.29915 13
    endloop
  endfacet
  facet normal 1 0 0
    outer loop
      vertex 160 3.11739 12.0084
      vertex 160 4.29915 13
      vertex 160 4.14252 12.9897
    endloop
  endfacet
  facet normal 1 0 0
    outer loop
      vertex 160 3.11739 12.0084
      vertex 160 4.14252 12.9897
      vertex 160 3.98857 12.9591
    endloop
  endfacet
  facet normal 1 0 0
    outer loop
      vertex 160 3.11739 12.0084
      vertex 160 3.98857 12.9591
      vertex 160 3.83994 12.9087
    endloop
  endfacet
  facet normal 1 0 0
    outer loop
      vertex 160 3.11739 12.0084
      vertex 160 3.83994 12.9087
      vertex 160 3.69914 12.8392
    endloop
  endfacet
  facet normal 1 0 0
    outer loop
      vertex 160 3.11739 12.0084
      vertex 160 3.69914 12.8392
      vertex 160 3.56863 12.752
    endloop
  endfacet
  facet normal 1 0 0
    outer loop
      vertex 160 3.11739 12.0084
      vertex 160 3.56863 12.752
      vertex 160 3.45062 12.6485
    endloop
  endfacet
  facet normal 1 0 0
    outer loop
      vertex 160 3.11739 12.0084
      vertex 160 3.45062 12.6485
      vertex 160 3.34712 12.5305
    endloop
  endfacet
  facet normal 1 0 0
    outer loop
      vertex 160 3.11739 12.0084
      vertex 160 3.34712 12.5305
      vertex 160 3.25992 12.4
    endloop
  endfacet
  facet normal 1 0 0
    outer loop
      vertex 160 3.11739 12.0084
      vertex 160 3.25992 12.4
      vertex 160 3.19049 12.2592
    endloop
  endfacet
  facet normal 1 0 0
    outer loop
      vertex 160 3.11739 12.0084
      vertex 160 3.19049 12.2592
      vertex 160 3.14005 12.1106
    endloop
  endfacet
  facet normal 1 0 0
    outer loop
      vertex 160 1.88163 5
      vertex 160 5.5 13
      vertex 160 3.11739 12.0084
    endloop
  endfacet
  facet normal 1 0 0
    outer loop
      vertex 160 5.5 13
      vertex 160 1.88163 5
      vertex 160 11.5 5
    endloop
  endfacet
  facet normal 1 0 0
    outer loop
      vertex 160 0 0
      vertex 160 11.5 5
      vertex 160 1.88163 5
    endloop
  endfacet
  facet normal 1 0 0
    outer loop
      vertex 160 0 0
      vertex 160 1.88163 5
      vertex 160 0 5
    endloop
  endfacet
  facet normal 1 0 0
    outer loop
      vertex 160 57.2919 5
      vertex 160 0 0
      vertex 160 127 0
    endloop
  endfacet
  facet normal -1 0 0
    outer loop
      vertex 142 127 0
      vertex 142 83.2919 5
      vertex 142 127 5
    endloop
  endfacet
  facet normal -1 0 0
    outer loop
      vertex 142 83 0
      vertex 142 83.2919 5
      vertex 142 127 0
    endloop
  endfacet
  facet normal -1 0 0
    outer loop
      vertex 142 83.2919 5
      vertex 142 83 0
      vertex 142 83 3.15689
    endloop
  endfacet
  facet normal 0 1 -0
    outer loop
      vertex 160 127 0
      vertex 142 127 5
      vertex 160 127 5
    endloop
  endfacet
  facet normal 0 1 0
    outer loop
      vertex 142 127 5
      vertex 160 127 0
      vertex 142 127 0
    endloop
  endfacet
  facet normal 0 -0.321574 0.946885
    outer loop
      vertex 0 28.4331 44.3989
      vertex 63 28.2473 44.3358
      vertex 63 28.4331 44.3989
    endloop
  endfacet
  facet normal 0 -0.321574 0.946885
    outer loop
      vertex 63 28.2473 44.3358
      vertex 0 28.4331 44.3989
      vertex 0 28.2473 44.3358
    endloop
  endfacet
  facet normal 0 0.76889 0.639382
    outer loop
      vertex 63 34.9974 43.8317
      vertex 0 34.872 43.9825
      vertex 63 34.872 43.9825
    endloop
  endfacet
  facet normal 0 0.76889 0.639382
    outer loop
      vertex 0 34.872 43.9825
      vertex 63 34.9974 43.8317
      vertex 0 34.9974 43.8317
    endloop
  endfacet
  facet normal 0 0.845816 0.533475
    outer loop
      vertex 63 35.1021 43.6657
      vertex 0 34.9974 43.8317
      vertex 63 34.9974 43.8317
    endloop
  endfacet
  facet normal 0 0.845816 0.533475
    outer loop
      vertex 0 34.9974 43.8317
      vertex 63 35.1021 43.6657
      vertex 0 35.1021 43.6657
    endloop
  endfacet
  facet normal 0 -0.555641 0.831422
    outer loop
      vertex 0 28.0713 44.249
      vertex 63 27.9082 44.14
      vertex 63 28.0713 44.249
    endloop
  endfacet
  facet normal 0 -0.555641 0.831422
    outer loop
      vertex 63 27.9082 44.14
      vertex 0 28.0713 44.249
      vertex 0 27.9082 44.14
    endloop
  endfacet
  facet normal 0 -0.987688 0.156436
    outer loop
      vertex 0 21.2919 5
      vertex 63 27.3398 43.1846
      vertex 0 27.3398 43.1846
    endloop
  endfacet
  facet normal 0 -0.987688 0.156436
    outer loop
      vertex 63 27.3398 43.1846
      vertex 0 21.2919 5
      vertex 63 21.2919 5
    endloop
  endfacet
  facet normal 0 0.995784 -0.0917303
    outer loop
      vertex 63 35.2654 42.7153
      vertex 0 35.2834 42.9107
      vertex 63 35.2834 42.9107
    endloop
  endfacet
  facet normal 0 0.995784 -0.0917303
    outer loop
      vertex 0 35.2834 42.9107
      vertex 63 35.2654 42.7153
      vertex 0 35.2654 42.7153
    endloop
  endfacet
  facet normal -0 0.0785803 0.996908
    outer loop
      vertex 0 34.0186 44.4315
      vertex 63 33.7839 44.45
      vertex 63 34.0186 44.4315
    endloop
  endfacet
  facet normal 0 0.0785803 0.996908
    outer loop
      vertex 63 33.7839 44.45
      vertex 0 34.0186 44.4315
      vertex 0 33.7839 44.45
    endloop
  endfacet
  facet normal -0 0 1
    outer loop
      vertex 0 33.7839 44.45
      vertex 63 28.8213 44.45
      vertex 63 33.7839 44.45
    endloop
  endfacet
  facet normal 0 0 1
    outer loop
      vertex 63 28.8213 44.45
      vertex 0 33.7839 44.45
      vertex 0 28.8213 44.45
    endloop
  endfacet
  facet normal 0 -0.442315 0.89686
    outer loop
      vertex 0 28.2473 44.3358
      vertex 63 28.0713 44.249
      vertex 63 28.2473 44.3358
    endloop
  endfacet
  facet normal 0 -0.442315 0.89686
    outer loop
      vertex 63 28.0713 44.249
      vertex 0 28.2473 44.3358
      vertex 0 28.0713 44.249
    endloop
  endfacet
  facet normal 0 -0.89686 0.442315
    outer loop
      vertex 0 27.4355 43.524
      vertex 63 27.5223 43.7
      vertex 0 27.5223 43.7
    endloop
  endfacet
  facet normal 0 -0.89686 0.442315
    outer loop
      vertex 63 27.5223 43.7
      vertex 0 27.4355 43.524
      vertex 63 27.4355 43.524
    endloop
  endfacet
  facet normal 0 -0.946885 0.321574
    outer loop
      vertex 0 27.3724 43.3382
      vertex 63 27.4355 43.524
      vertex 0 27.4355 43.524
    endloop
  endfacet
  facet normal 0 -0.946885 0.321574
    outer loop
      vertex 63 27.4355 43.524
      vertex 0 27.3724 43.3382
      vertex 63 27.3724 43.3382
    endloop
  endfacet
  facet normal 0 -0.0652336 0.99787
    outer loop
      vertex 0 28.8213 44.45
      vertex 63 28.6255 44.4372
      vertex 63 28.8213 44.45
    endloop
  endfacet
  facet normal 0 -0.0652336 0.99787
    outer loop
      vertex 63 28.6255 44.4372
      vertex 0 28.8213 44.45
      vertex 0 28.6255 44.4372
    endloop
  endfacet
  facet normal 0 0.95496 0.296736
    outer loop
      vertex 63 35.2425 43.3002
      vertex 0 35.1843 43.4875
      vertex 63 35.1843 43.4875
    endloop
  endfacet
  facet normal 0 0.95496 0.296736
    outer loop
      vertex 0 35.1843 43.4875
      vertex 63 35.2425 43.3002
      vertex 0 35.2425 43.3002
    endloop
  endfacet
  facet normal -0 0.678788 0.734334
    outer loop
      vertex 0 34.872 43.9825
      vertex 63 34.7279 44.1157
      vertex 63 34.872 43.9825
    endloop
  endfacet
  facet normal 0 0.678788 0.734334
    outer loop
      vertex 63 34.7279 44.1157
      vertex 0 34.872 43.9825
      vertex 0 34.7279 44.1157
    endloop
  endfacet
  facet normal 0 0.99923 0.0392354
    outer loop
      vertex 63 35.2834 42.9107
      vertex 0 35.2757 43.1068
      vertex 63 35.2757 43.1068
    endloop
  endfacet
  facet normal 0 0.99923 0.0392354
    outer loop
      vertex 0 35.2757 43.1068
      vertex 63 35.2834 42.9107
      vertex 0 35.2834 42.9107
    endloop
  endfacet
  facet normal 0 -0.195234 0.980757
    outer loop
      vertex 0 28.6255 44.4372
      vertex 63 28.4331 44.3989
      vertex 63 28.6255 44.4372
    endloop
  endfacet
  facet normal 0 -0.195234 0.980757
    outer loop
      vertex 63 28.4331 44.3989
      vertex 0 28.6255 44.4372
      vertex 0 28.4331 44.3989
    endloop
  endfacet
  facet normal 0 0.985583 0.16919
    outer loop
      vertex 63 35.2757 43.1068
      vertex 0 35.2425 43.3002
      vertex 63 35.2425 43.3002
    endloop
  endfacet
  facet normal 0 0.985583 0.16919
    outer loop
      vertex 0 35.2425 43.3002
      vertex 63 35.2757 43.1068
      vertex 0 35.2757 43.1068
    endloop
  endfacet
  facet normal 0 0.987688 -0.156434
    outer loop
      vertex 63 29.2919 5
      vertex 0 35.2654 42.7153
      vertex 63 35.2654 42.7153
    endloop
  endfacet
  facet normal 0 0.987688 -0.156434
    outer loop
      vertex 0 35.2654 42.7153
      vertex 63 29.2919 5
      vertex 0 29.2919 5
    endloop
  endfacet
  facet normal -0 0.220762 0.975328
    outer loop
      vertex 0 34.2099 44.3882
      vertex 63 34.0186 44.4315
      vertex 63 34.2099 44.3882
    endloop
  endfacet
  facet normal 0 0.220762 0.975328
    outer loop
      vertex 63 34.0186 44.4315
      vertex 0 34.2099 44.3882
      vertex 0 34.0186 44.4315
    endloop
  endfacet
  facet normal 0 -0.978211 0.207615
    outer loop
      vertex 0 27.3398 43.1846
      vertex 63 27.3724 43.3382
      vertex 0 27.3724 43.3382
    endloop
  endfacet
  facet normal 0 -0.978211 0.207615
    outer loop
      vertex 63 27.3724 43.3382
      vertex 0 27.3398 43.1846
      vertex 63 27.3398 43.1846
    endloop
  endfacet
  facet normal -0 0.346036 0.938221
    outer loop
      vertex 0 34.394 44.3203
      vertex 63 34.2099 44.3882
      vertex 63 34.394 44.3203
    endloop
  endfacet
  facet normal 0 0.346036 0.938221
    outer loop
      vertex 63 34.2099 44.3882
      vertex 0 34.394 44.3203
      vertex 0 34.2099 44.3882
    endloop
  endfacet
  facet normal -0 0.465263 0.885172
    outer loop
      vertex 0 34.5677 44.229
      vertex 63 34.394 44.3203
      vertex 63 34.5677 44.229
    endloop
  endfacet
  facet normal 0 0.465263 0.885172
    outer loop
      vertex 63 34.394 44.3203
      vertex 0 34.5677 44.229
      vertex 0 34.394 44.3203
    endloop
  endfacet
  facet normal 0 0.908049 0.418864
    outer loop
      vertex 63 35.1843 43.4875
      vertex 0 35.1021 43.6657
      vertex 63 35.1021 43.6657
    endloop
  endfacet
  facet normal 0 0.908049 0.418864
    outer loop
      vertex 0 35.1021 43.6657
      vertex 63 35.1843 43.4875
      vertex 0 35.1843 43.4875
    endloop
  endfacet
  facet normal 0 -0.751945 0.659226
    outer loop
      vertex 0 27.6313 43.8631
      vertex 63 27.7607 44.0107
      vertex 0 27.7607 44.0107
    endloop
  endfacet
  facet normal 0 -0.751945 0.659226
    outer loop
      vertex 63 27.7607 44.0107
      vertex 0 27.6313 43.8631
      vertex 63 27.6313 43.8631
    endloop
  endfacet
  facet normal -0 0.577423 0.816445
    outer loop
      vertex 0 34.7279 44.1157
      vertex 63 34.5677 44.229
      vertex 63 34.7279 44.1157
    endloop
  endfacet
  facet normal 0 0.577423 0.816445
    outer loop
      vertex 63 34.5677 44.229
      vertex 0 34.7279 44.1157
      vertex 0 34.5677 44.229
    endloop
  endfacet
  facet normal 0 -0.65919 0.751976
    outer loop
      vertex 0 27.9082 44.14
      vertex 63 27.7607 44.0107
      vertex 63 27.9082 44.14
    endloop
  endfacet
  facet normal 0 -0.65919 0.751976
    outer loop
      vertex 63 27.7607 44.0107
      vertex 0 27.9082 44.14
      vertex 0 27.7607 44.0107
    endloop
  endfacet
  facet normal 0 -0.831422 0.555641
    outer loop
      vertex 0 27.5223 43.7
      vertex 63 27.6313 43.8631
      vertex 0 27.6313 43.8631
    endloop
  endfacet
  facet normal 0 -0.831422 0.555641
    outer loop
      vertex 63 27.6313 43.8631
      vertex 0 27.5223 43.7
      vertex 63 27.5223 43.7
    endloop
  endfacet
  facet normal 1 0 0
    outer loop
      vertex 63 35.2757 43.1068
      vertex 63 35.2654 42.7153
      vertex 63 35.2834 42.9107
    endloop
  endfacet
  facet normal 1 0 0
    outer loop
      vertex 63 35.2425 43.3002
      vertex 63 35.2654 42.7153
      vertex 63 35.2757 43.1068
    endloop
  endfacet
  facet normal 1 0 0
    outer loop
      vertex 63 35.1843 43.4875
      vertex 63 35.2654 42.7153
      vertex 63 35.2425 43.3002
    endloop
  endfacet
  facet normal 1 0 0
    outer loop
      vertex 63 35.1021 43.6657
      vertex 63 35.2654 42.7153
      vertex 63 35.1843 43.4875
    endloop
  endfacet
  facet normal 1 0 0
    outer loop
      vertex 63 34.9974 43.8317
      vertex 63 35.2654 42.7153
      vertex 63 35.1021 43.6657
    endloop
  endfacet
  facet normal 1 0 0
    outer loop
      vertex 63 34.872 43.9825
      vertex 63 35.2654 42.7153
      vertex 63 34.9974 43.8317
    endloop
  endfacet
  facet normal 1 0 0
    outer loop
      vertex 63 34.7279 44.1157
      vertex 63 35.2654 42.7153
      vertex 63 34.872 43.9825
    endloop
  endfacet
  facet normal 1 0 0
    outer loop
      vertex 63 34.5677 44.229
      vertex 63 35.2654 42.7153
      vertex 63 34.7279 44.1157
    endloop
  endfacet
  facet normal 1 0 0
    outer loop
      vertex 63 34.394 44.3203
      vertex 63 35.2654 42.7153
      vertex 63 34.5677 44.229
    endloop
  endfacet
  facet normal 1 0 0
    outer loop
      vertex 63 34.2099 44.3882
      vertex 63 35.2654 42.7153
      vertex 63 34.394 44.3203
    endloop
  endfacet
  facet normal 1 0 0
    outer loop
      vertex 63 34.0186 44.4315
      vertex 63 35.2654 42.7153
      vertex 63 34.2099 44.3882
    endloop
  endfacet
  facet normal 1 0 0
    outer loop
      vertex 63 33.7839 44.45
      vertex 63 35.2654 42.7153
      vertex 63 34.0186 44.4315
    endloop
  endfacet
  facet normal 1 -0 0
    outer loop
      vertex 63 28.8213 44.45
      vertex 63 35.2654 42.7153
      vertex 63 33.7839 44.45
    endloop
  endfacet
  facet normal 1 0 0
    outer loop
      vertex 63 35.2654 42.7153
      vertex 63 28.8213 44.45
      vertex 63 27.3398 43.1846
    endloop
  endfacet
  facet normal 1 0 0
    outer loop
      vertex 63 27.3398 43.1846
      vertex 63 28.8213 44.45
      vertex 63 28.6255 44.4372
    endloop
  endfacet
  facet normal 1 0 0
    outer loop
      vertex 63 27.3398 43.1846
      vertex 63 28.6255 44.4372
      vertex 63 28.4331 44.3989
    endloop
  endfacet
  facet normal 1 0 0
    outer loop
      vertex 63 27.3398 43.1846
      vertex 63 28.4331 44.3989
      vertex 63 28.2473 44.3358
    endloop
  endfacet
  facet normal 1 0 0
    outer loop
      vertex 63 27.3398 43.1846
      vertex 63 28.2473 44.3358
      vertex 63 28.0713 44.249
    endloop
  endfacet
  facet normal 1 0 0
    outer loop
      vertex 63 27.3398 43.1846
      vertex 63 28.0713 44.249
      vertex 63 27.9082 44.14
    endloop
  endfacet
  facet normal 1 0 0
    outer loop
      vertex 63 27.3398 43.1846
      vertex 63 27.9082 44.14
      vertex 63 27.7607 44.0107
    endloop
  endfacet
  facet normal 1 0 0
    outer loop
      vertex 63 27.3398 43.1846
      vertex 63 27.7607 44.0107
      vertex 63 27.6313 43.8631
    endloop
  endfacet
  facet normal 1 0 0
    outer loop
      vertex 63 27.3398 43.1846
      vertex 63 27.6313 43.8631
      vertex 63 27.5223 43.7
    endloop
  endfacet
  facet normal 1 0 0
    outer loop
      vertex 63 27.3398 43.1846
      vertex 63 27.5223 43.7
      vertex 63 27.4355 43.524
    endloop
  endfacet
  facet normal 1 0 0
    outer loop
      vertex 63 27.3398 43.1846
      vertex 63 27.4355 43.524
      vertex 63 27.3724 43.3382
    endloop
  endfacet
  facet normal 1 0 0
    outer loop
      vertex 63 35.2654 42.7153
      vertex 63 27.3398 43.1846
      vertex 63 29.2919 5
    endloop
  endfacet
  facet normal 1 0 0
    outer loop
      vertex 63 29.2919 5
      vertex 63 27.3398 43.1846
      vertex 63 21.2919 5
    endloop
  endfacet
  facet normal 0 -0.321574 0.946885
    outer loop
      vertex 0 46.4331 44.3989
      vertex 63 46.2473 44.3358
      vertex 63 46.4331 44.3989
    endloop
  endfacet
  facet normal 0 -0.321574 0.946885
    outer loop
      vertex 63 46.2473 44.3358
      vertex 0 46.4331 44.3989
      vertex 0 46.2473 44.3358
    endloop
  endfacet
  facet normal 0 0.76889 0.639382
    outer loop
      vertex 63 52.9974 43.8317
      vertex 0 52.872 43.9825
      vertex 63 52.872 43.9825
    endloop
  endfacet
  facet normal 0 0.76889 0.639382
    outer loop
      vertex 0 52.872 43.9825
      vertex 63 52.9974 43.8317
      vertex 0 52.9974 43.8317
    endloop
  endfacet
  facet normal 0 0.845816 0.533475
    outer loop
      vertex 63 53.1021 43.6657
      vertex 0 52.9974 43.8317
      vertex 63 52.9974 43.8317
    endloop
  endfacet
  facet normal 0 0.845816 0.533475
    outer loop
      vertex 0 52.9974 43.8317
      vertex 63 53.1021 43.6657
      vertex 0 53.1021 43.6657
    endloop
  endfacet
  facet normal 0 -0.555641 0.831422
    outer loop
      vertex 0 46.0713 44.249
      vertex 63 45.9082 44.14
      vertex 63 46.0713 44.249
    endloop
  endfacet
  facet normal 0 -0.555641 0.831422
    outer loop
      vertex 63 45.9082 44.14
      vertex 0 46.0713 44.249
      vertex 0 45.9082 44.14
    endloop
  endfacet
  facet normal 0 -0.987688 0.156436
    outer loop
      vertex 0 39.2919 5
      vertex 63 45.3398 43.1846
      vertex 0 45.3398 43.1846
    endloop
  endfacet
  facet normal 0 -0.987688 0.156436
    outer loop
      vertex 63 45.3398 43.1846
      vertex 0 39.2919 5
      vertex 63 39.2919 5
    endloop
  endfacet
  facet normal 0 0.995784 -0.0917303
    outer loop
      vertex 63 53.2654 42.7153
      vertex 0 53.2834 42.9107
      vertex 63 53.2834 42.9107
    endloop
  endfacet
  facet normal 0 0.995784 -0.0917303
    outer loop
      vertex 0 53.2834 42.9107
      vertex 63 53.2654 42.7153
      vertex 0 53.2654 42.7153
    endloop
  endfacet
  facet normal -0 0.0785803 0.996908
    outer loop
      vertex 0 52.0186 44.4315
      vertex 63 51.7839 44.45
      vertex 63 52.0186 44.4315
    endloop
  endfacet
  facet normal 0 0.0785803 0.996908
    outer loop
      vertex 63 51.7839 44.45
      vertex 0 52.0186 44.4315
      vertex 0 51.7839 44.45
    endloop
  endfacet
  facet normal -0 0 1
    outer loop
      vertex 0 51.7839 44.45
      vertex 63 46.8213 44.45
      vertex 63 51.7839 44.45
    endloop
  endfacet
  facet normal 0 0 1
    outer loop
      vertex 63 46.8213 44.45
      vertex 0 51.7839 44.45
      vertex 0 46.8213 44.45
    endloop
  endfacet
  facet normal 0 -0.442315 0.89686
    outer loop
      vertex 0 46.2473 44.3358
      vertex 63 46.0713 44.249
      vertex 63 46.2473 44.3358
    endloop
  endfacet
  facet normal 0 -0.442315 0.89686
    outer loop
      vertex 63 46.0713 44.249
      vertex 0 46.2473 44.3358
      vertex 0 46.0713 44.249
    endloop
  endfacet
  facet normal 0 -0.89686 0.442315
    outer loop
      vertex 0 45.4355 43.524
      vertex 63 45.5223 43.7
      vertex 0 45.5223 43.7
    endloop
  endfacet
  facet normal 0 -0.89686 0.442315
    outer loop
      vertex 63 45.5223 43.7
      vertex 0 45.4355 43.524
      vertex 63 45.4355 43.524
    endloop
  endfacet
  facet normal 0 -0.946885 0.321574
    outer loop
      vertex 0 45.3724 43.3382
      vertex 63 45.4355 43.524
      vertex 0 45.4355 43.524
    endloop
  endfacet
  facet normal 0 -0.946885 0.321574
    outer loop
      vertex 63 45.4355 43.524
      vertex 0 45.3724 43.3382
      vertex 63 45.3724 43.3382
    endloop
  endfacet
  facet normal 0 -0.0652336 0.99787
    outer loop
      vertex 0 46.8213 44.45
      vertex 63 46.6255 44.4372
      vertex 63 46.8213 44.45
    endloop
  endfacet
  facet normal 0 -0.0652336 0.99787
    outer loop
      vertex 63 46.6255 44.4372
      vertex 0 46.8213 44.45
      vertex 0 46.6255 44.4372
    endloop
  endfacet
  facet normal 0 0.95496 0.296736
    outer loop
      vertex 63 53.2425 43.3002
      vertex 0 53.1843 43.4875
      vertex 63 53.1843 43.4875
    endloop
  endfacet
  facet normal 0 0.95496 0.296736
    outer loop
      vertex 0 53.1843 43.4875
      vertex 63 53.2425 43.3002
      vertex 0 53.2425 43.3002
    endloop
  endfacet
  facet normal -0 0.678788 0.734334
    outer loop
      vertex 0 52.872 43.9825
      vertex 63 52.7279 44.1157
      vertex 63 52.872 43.9825
    endloop
  endfacet
  facet normal 0 0.678788 0.734334
    outer loop
      vertex 63 52.7279 44.1157
      vertex 0 52.872 43.9825
      vertex 0 52.7279 44.1157
    endloop
  endfacet
  facet normal 0 -0.831422 0.555641
    outer loop
      vertex 0 45.5223 43.7
      vertex 63 45.6313 43.8631
      vertex 0 45.6313 43.8631
    endloop
  endfacet
  facet normal 0 -0.831422 0.555641
    outer loop
      vertex 63 45.6313 43.8631
      vertex 0 45.5223 43.7
      vertex 63 45.5223 43.7
    endloop
  endfacet
  facet normal 1 0 0
    outer loop
      vertex 63 53.2757 43.1068
      vertex 63 53.2654 42.7153
      vertex 63 53.2834 42.9107
    endloop
  endfacet
  facet normal 1 0 0
    outer loop
      vertex 63 53.2425 43.3002
      vertex 63 53.2654 42.7153
      vertex 63 53.2757 43.1068
    endloop
  endfacet
  facet normal 1 0 0
    outer loop
      vertex 63 53.1843 43.4875
      vertex 63 53.2654 42.7153
      vertex 63 53.2425 43.3002
    endloop
  endfacet
  facet normal 1 0 0
    outer loop
      vertex 63 53.1021 43.6657
      vertex 63 53.2654 42.7153
      vertex 63 53.1843 43.4875
    endloop
  endfacet
  facet normal 1 0 0
    outer loop
      vertex 63 52.9974 43.8317
      vertex 63 53.2654 42.7153
      vertex 63 53.1021 43.6657
    endloop
  endfacet
  facet normal 1 0 0
    outer loop
      vertex 63 52.872 43.9825
      vertex 63 53.2654 42.7153
      vertex 63 52.9974 43.8317
    endloop
  endfacet
  facet normal 1 0 0
    outer loop
      vertex 63 52.7279 44.1157
      vertex 63 53.2654 42.7153
      vertex 63 52.872 43.9825
    endloop
  endfacet
  facet normal 1 0 0
    outer loop
      vertex 63 52.5677 44.229
      vertex 63 53.2654 42.7153
      vertex 63 52.7279 44.1157
    endloop
  endfacet
  facet normal 1 0 0
    outer loop
      vertex 63 52.394 44.3203
      vertex 63 53.2654 42.7153
      vertex 63 52.5677 44.229
    endloop
  endfacet
  facet normal 1 0 0
    outer loop
      vertex 63 52.2099 44.3882
      vertex 63 53.2654 42.7153
      vertex 63 52.394 44.3203
    endloop
  endfacet
  facet normal 1 0 0
    outer loop
      vertex 63 52.0186 44.4315
      vertex 63 53.2654 42.7153
      vertex 63 52.2099 44.3882
    endloop
  endfacet
  facet normal 1 0 0
    outer loop
      vertex 63 51.7839 44.45
      vertex 63 53.2654 42.7153
      vertex 63 52.0186 44.4315
    endloop
  endfacet
  facet normal 1 -0 0
    outer loop
      vertex 63 46.8213 44.45
      vertex 63 53.2654 42.7153
      vertex 63 51.7839 44.45
    endloop
  endfacet
  facet normal 1 0 0
    outer loop
      vertex 63 53.2654 42.7153
      vertex 63 46.8213 44.45
      vertex 63 45.3398 43.1846
    endloop
  endfacet
  facet normal 1 0 0
    outer loop
      vertex 63 45.3398 43.1846
      vertex 63 46.8213 44.45
      vertex 63 46.6255 44.4372
    endloop
  endfacet
  facet normal 1 0 0
    outer loop
      vertex 63 45.3398 43.1846
      vertex 63 46.6255 44.4372
      vertex 63 46.4331 44.3989
    endloop
  endfacet
  facet normal 1 0 0
    outer loop
      vertex 63 45.3398 43.1846
      vertex 63 46.4331 44.3989
      vertex 63 46.2473 44.3358
    endloop
  endfacet
  facet normal 1 0 0
    outer loop
      vertex 63 45.3398 43.1846
      vertex 63 46.2473 44.3358
      vertex 63 46.0713 44.249
    endloop
  endfacet
  facet normal 1 0 0
    outer loop
      vertex 63 45.3398 43.1846
      vertex 63 46.0713 44.249
      vertex 63 45.9082 44.14
    endloop
  endfacet
  facet normal 1 0 0
    outer loop
      vertex 63 45.3398 43.1846
      vertex 63 45.9082 44.14
      vertex 63 45.7607 44.0107
    endloop
  endfacet
  facet normal 1 0 0
    outer loop
      vertex 63 45.3398 43.1846
      vertex 63 45.7607 44.0107
      vertex 63 45.6313 43.8631
    endloop
  endfacet
  facet normal 1 0 0
    outer loop
      vertex 63 45.3398 43.1846
      vertex 63 45.6313 43.8631
      vertex 63 45.5223 43.7
    endloop
  endfacet
  facet normal 1 0 0
    outer loop
      vertex 63 45.3398 43.1846
      vertex 63 45.5223 43.7
      vertex 63 45.4355 43.524
    endloop
  endfacet
  facet normal 1 0 0
    outer loop
      vertex 63 45.3398 43.1846
      vertex 63 45.4355 43.524
      vertex 63 45.3724 43.3382
    endloop
  endfacet
  facet normal 1 0 0
    outer loop
      vertex 63 53.2654 42.7153
      vertex 63 45.3398 43.1846
      vertex 63 47.2919 5
    endloop
  endfacet
  facet normal 1 0 0
    outer loop
      vertex 63 47.2919 5
      vertex 63 45.3398 43.1846
      vertex 63 39.2919 5
    endloop
  endfacet
  facet normal 0 0.99923 0.0392354
    outer loop
      vertex 63 53.2834 42.9107
      vertex 0 53.2757 43.1068
      vertex 63 53.2757 43.1068
    endloop
  endfacet
  facet normal 0 0.99923 0.0392354
    outer loop
      vertex 0 53.2757 43.1068
      vertex 63 53.2834 42.9107
      vertex 0 53.2834 42.9107
    endloop
  endfacet
  facet normal 0 -0.195234 0.980757
    outer loop
      vertex 0 46.6255 44.4372
      vertex 63 46.4331 44.3989
      vertex 63 46.6255 44.4372
    endloop
  endfacet
  facet normal 0 -0.195234 0.980757
    outer loop
      vertex 63 46.4331 44.3989
      vertex 0 46.6255 44.4372
      vertex 0 46.4331 44.3989
    endloop
  endfacet
  facet normal 0 0.985583 0.16919
    outer loop
      vertex 63 53.2757 43.1068
      vertex 0 53.2425 43.3002
      vertex 63 53.2425 43.3002
    endloop
  endfacet
  facet normal 0 0.985583 0.16919
    outer loop
      vertex 0 53.2425 43.3002
      vertex 63 53.2757 43.1068
      vertex 0 53.2757 43.1068
    endloop
  endfacet
  facet normal 0 0.987688 -0.156434
    outer loop
      vertex 63 47.2919 5
      vertex 0 53.2654 42.7153
      vertex 63 53.2654 42.7153
    endloop
  endfacet
  facet normal 0 0.987688 -0.156434
    outer loop
      vertex 0 53.2654 42.7153
      vertex 63 47.2919 5
      vertex 0 47.2919 5
    endloop
  endfacet
  facet normal 0 -0.978211 0.207615
    outer loop
      vertex 0 45.3398 43.1846
      vertex 63 45.3724 43.3382
      vertex 0 45.3724 43.3382
    endloop
  endfacet
  facet normal 0 -0.978211 0.207615
    outer loop
      vertex 63 45.3724 43.3382
      vertex 0 45.3398 43.1846
      vertex 63 45.3398 43.1846
    endloop
  endfacet
  facet normal -0 0.346036 0.938221
    outer loop
      vertex 0 52.394 44.3203
      vertex 63 52.2099 44.3882
      vertex 63 52.394 44.3203
    endloop
  endfacet
  facet normal 0 0.346036 0.938221
    outer loop
      vertex 63 52.2099 44.3882
      vertex 0 52.394 44.3203
      vertex 0 52.2099 44.3882
    endloop
  endfacet
  facet normal -0 0.465263 0.885172
    outer loop
      vertex 0 52.5677 44.229
      vertex 63 52.394 44.3203
      vertex 63 52.5677 44.229
    endloop
  endfacet
  facet normal 0 0.465263 0.885172
    outer loop
      vertex 63 52.394 44.3203
      vertex 0 52.5677 44.229
      vertex 0 52.394 44.3203
    endloop
  endfacet
  facet normal 0 0.908049 0.418864
    outer loop
      vertex 63 53.1843 43.4875
      vertex 0 53.1021 43.6657
      vertex 63 53.1021 43.6657
    endloop
  endfacet
  facet normal 0 0.908049 0.418864
    outer loop
      vertex 0 53.1021 43.6657
      vertex 63 53.1843 43.4875
      vertex 0 53.1843 43.4875
    endloop
  endfacet
  facet normal 0 -0.751945 0.659226
    outer loop
      vertex 0 45.6313 43.8631
      vertex 63 45.7607 44.0107
      vertex 0 45.7607 44.0107
    endloop
  endfacet
  facet normal 0 -0.751945 0.659226
    outer loop
      vertex 63 45.7607 44.0107
      vertex 0 45.6313 43.8631
      vertex 63 45.6313 43.8631
    endloop
  endfacet
  facet normal -0 0.577423 0.816445
    outer loop
      vertex 0 52.7279 44.1157
      vertex 63 52.5677 44.229
      vertex 63 52.7279 44.1157
    endloop
  endfacet
  facet normal 0 0.577423 0.816445
    outer loop
      vertex 63 52.5677 44.229
      vertex 0 52.7279 44.1157
      vertex 0 52.5677 44.229
    endloop
  endfacet
  facet normal 0 -0.65919 0.751976
    outer loop
      vertex 0 45.9082 44.14
      vertex 63 45.7607 44.0107
      vertex 63 45.9082 44.14
    endloop
  endfacet
  facet normal 0 -0.65919 0.751976
    outer loop
      vertex 63 45.7607 44.0107
      vertex 0 45.9082 44.14
      vertex 0 45.7607 44.0107
    endloop
  endfacet
  facet normal -0 0.220762 0.975328
    outer loop
      vertex 0 52.2099 44.3882
      vertex 63 52.0186 44.4315
      vertex 63 52.2099 44.3882
    endloop
  endfacet
  facet normal 0 0.220762 0.975328
    outer loop
      vertex 63 52.0186 44.4315
      vertex 0 52.2099 44.3882
      vertex 0 52.0186 44.4315
    endloop
  endfacet
  facet normal 0 -0.321574 0.946885
    outer loop
      vertex 0 64.4331 44.3989
      vertex 63 64.2473 44.3358
      vertex 63 64.4331 44.3989
    endloop
  endfacet
  facet normal 0 -0.321574 0.946885
    outer loop
      vertex 63 64.2473 44.3358
      vertex 0 64.4331 44.3989
      vertex 0 64.2473 44.3358
    endloop
  endfacet
  facet normal 0 0.76889 0.639382
    outer loop
      vertex 63 70.9974 43.8317
      vertex 0 70.872 43.9825
      vertex 63 70.872 43.9825
    endloop
  endfacet
  facet normal 0 0.76889 0.639382
    outer loop
      vertex 0 70.872 43.9825
      vertex 63 70.9974 43.8317
      vertex 0 70.9974 43.8317
    endloop
  endfacet
  facet normal 0 0.845816 0.533475
    outer loop
      vertex 63 71.1021 43.6657
      vertex 0 70.9974 43.8317
      vertex 63 70.9974 43.8317
    endloop
  endfacet
  facet normal 0 0.845816 0.533475
    outer loop
      vertex 0 70.9974 43.8317
      vertex 63 71.1021 43.6657
      vertex 0 71.1021 43.6657
    endloop
  endfacet
  facet normal 0 -0.555641 0.831422
    outer loop
      vertex 0 64.0713 44.249
      vertex 63 63.9082 44.14
      vertex 63 64.0713 44.249
    endloop
  endfacet
  facet normal 0 -0.555641 0.831422
    outer loop
      vertex 63 63.9082 44.14
      vertex 0 64.0713 44.249
      vertex 0 63.9082 44.14
    endloop
  endfacet
  facet normal 0 -0.987688 0.156436
    outer loop
      vertex 0 57.2919 5
      vertex 63 63.3398 43.1846
      vertex 0 63.3398 43.1846
    endloop
  endfacet
  facet normal 0 -0.987688 0.156436
    outer loop
      vertex 63 63.3398 43.1846
      vertex 0 57.2919 5
      vertex 63 57.2919 5
    endloop
  endfacet
  facet normal 0 0.995784 -0.0917303
    outer loop
      vertex 63 71.2654 42.7153
      vertex 0 71.2834 42.9107
      vertex 63 71.2834 42.9107
    endloop
  endfacet
  facet normal 0 0.995784 -0.0917303
    outer loop
      vertex 0 71.2834 42.9107
      vertex 63 71.2654 42.7153
      vertex 0 71.2654 42.7153
    endloop
  endfacet
  facet normal -0 0.0785803 0.996908
    outer loop
      vertex 0 70.0186 44.4315
      vertex 63 69.7839 44.45
      vertex 63 70.0186 44.4315
    endloop
  endfacet
  facet normal 0 0.0785803 0.996908
    outer loop
      vertex 63 69.7839 44.45
      vertex 0 70.0186 44.4315
      vertex 0 69.7839 44.45
    endloop
  endfacet
  facet normal -0 0 1
    outer loop
      vertex 0 69.7839 44.45
      vertex 63 64.8213 44.45
      vertex 63 69.7839 44.45
    endloop
  endfacet
  facet normal 0 0 1
    outer loop
      vertex 63 64.8213 44.45
      vertex 0 69.7839 44.45
      vertex 0 64.8213 44.45
    endloop
  endfacet
  facet normal 0 -0.442315 0.89686
    outer loop
      vertex 0 64.2473 44.3358
      vertex 63 64.0713 44.249
      vertex 63 64.2473 44.3358
    endloop
  endfacet
  facet normal 0 -0.442315 0.89686
    outer loop
      vertex 63 64.0713 44.249
      vertex 0 64.2473 44.3358
      vertex 0 64.0713 44.249
    endloop
  endfacet
  facet normal 0 -0.89686 0.442315
    outer loop
      vertex 0 63.4355 43.524
      vertex 63 63.5223 43.7
      vertex 0 63.5223 43.7
    endloop
  endfacet
  facet normal 0 -0.89686 0.442315
    outer loop
      vertex 63 63.5223 43.7
      vertex 0 63.4355 43.524
      vertex 63 63.4355 43.524
    endloop
  endfacet
  facet normal 0 -0.946885 0.321574
    outer loop
      vertex 0 63.3724 43.3382
      vertex 63 63.4355 43.524
      vertex 0 63.4355 43.524
    endloop
  endfacet
  facet normal 0 -0.946885 0.321574
    outer loop
      vertex 63 63.4355 43.524
      vertex 0 63.3724 43.3382
      vertex 63 63.3724 43.3382
    endloop
  endfacet
  facet normal 0 -0.0652336 0.99787
    outer loop
      vertex 0 64.8213 44.45
      vertex 63 64.6255 44.4372
      vertex 63 64.8213 44.45
    endloop
  endfacet
  facet normal 0 -0.0652336 0.99787
    outer loop
      vertex 63 64.6255 44.4372
      vertex 0 64.8213 44.45
      vertex 0 64.6255 44.4372
    endloop
  endfacet
  facet normal 0 0.95496 0.296736
    outer loop
      vertex 63 71.2425 43.3002
      vertex 0 71.1843 43.4875
      vertex 63 71.1843 43.4875
    endloop
  endfacet
  facet normal 0 0.95496 0.296736
    outer loop
      vertex 0 71.1843 43.4875
      vertex 63 71.2425 43.3002
      vertex 0 71.2425 43.3002
    endloop
  endfacet
  facet normal -0 0.678788 0.734334
    outer loop
      vertex 0 70.872 43.9825
      vertex 63 70.7279 44.1157
      vertex 63 70.872 43.9825
    endloop
  endfacet
  facet normal 0 0.678788 0.734334
    outer loop
      vertex 63 70.7279 44.1157
      vertex 0 70.872 43.9825
      vertex 0 70.7279 44.1157
    endloop
  endfacet
  facet normal 0 -0.831422 0.555641
    outer loop
      vertex 0 63.5223 43.7
      vertex 63 63.6313 43.8631
      vertex 0 63.6313 43.8631
    endloop
  endfacet
  facet normal 0 -0.831422 0.555641
    outer loop
      vertex 63 63.6313 43.8631
      vertex 0 63.5223 43.7
      vertex 63 63.5223 43.7
    endloop
  endfacet
  facet normal 1 0 0
    outer loop
      vertex 63 71.2757 43.1068
      vertex 63 71.2654 42.7153
      vertex 63 71.2834 42.9107
    endloop
  endfacet
  facet normal 1 0 0
    outer loop
      vertex 63 71.2425 43.3002
      vertex 63 71.2654 42.7153
      vertex 63 71.2757 43.1068
    endloop
  endfacet
  facet normal 1 0 0
    outer loop
      vertex 63 71.1843 43.4875
      vertex 63 71.2654 42.7153
      vertex 63 71.2425 43.3002
    endloop
  endfacet
  facet normal 1 0 0
    outer loop
      vertex 63 71.1021 43.6657
      vertex 63 71.2654 42.7153
      vertex 63 71.1843 43.4875
    endloop
  endfacet
  facet normal 1 0 0
    outer loop
      vertex 63 70.9974 43.8317
      vertex 63 71.2654 42.7153
      vertex 63 71.1021 43.6657
    endloop
  endfacet
  facet normal 1 0 0
    outer loop
      vertex 63 70.872 43.9825
      vertex 63 71.2654 42.7153
      vertex 63 70.9974 43.8317
    endloop
  endfacet
  facet normal 1 0 0
    outer loop
      vertex 63 70.7279 44.1157
      vertex 63 71.2654 42.7153
      vertex 63 70.872 43.9825
    endloop
  endfacet
  facet normal 1 0 0
    outer loop
      vertex 63 70.5677 44.229
      vertex 63 71.2654 42.7153
      vertex 63 70.7279 44.1157
    endloop
  endfacet
  facet normal 1 0 0
    outer loop
      vertex 63 70.394 44.3203
      vertex 63 71.2654 42.7153
      vertex 63 70.5677 44.229
    endloop
  endfacet
  facet normal 1 0 0
    outer loop
      vertex 63 70.2099 44.3882
      vertex 63 71.2654 42.7153
      vertex 63 70.394 44.3203
    endloop
  endfacet
  facet normal 1 0 0
    outer loop
      vertex 63 70.0186 44.4315
      vertex 63 71.2654 42.7153
      vertex 63 70.2099 44.3882
    endloop
  endfacet
  facet normal 1 0 0
    outer loop
      vertex 63 69.7839 44.45
      vertex 63 71.2654 42.7153
      vertex 63 70.0186 44.4315
    endloop
  endfacet
  facet normal 1 -0 0
    outer loop
      vertex 63 64.8213 44.45
      vertex 63 71.2654 42.7153
      vertex 63 69.7839 44.45
    endloop
  endfacet
  facet normal 1 0 0
    outer loop
      vertex 63 71.2654 42.7153
      vertex 63 64.8213 44.45
      vertex 63 63.3398 43.1846
    endloop
  endfacet
  facet normal 1 0 0
    outer loop
      vertex 63 63.3398 43.1846
      vertex 63 64.8213 44.45
      vertex 63 64.6255 44.4372
    endloop
  endfacet
  facet normal 1 0 0
    outer loop
      vertex 63 63.3398 43.1846
      vertex 63 64.6255 44.4372
      vertex 63 64.4331 44.3989
    endloop
  endfacet
  facet normal 1 0 0
    outer loop
      vertex 63 63.3398 43.1846
      vertex 63 64.4331 44.3989
      vertex 63 64.2473 44.3358
    endloop
  endfacet
  facet normal 1 0 0
    outer loop
      vertex 63 63.3398 43.1846
      vertex 63 64.2473 44.3358
      vertex 63 64.0713 44.249
    endloop
  endfacet
  facet normal 1 0 0
    outer loop
      vertex 63 63.3398 43.1846
      vertex 63 64.0713 44.249
      vertex 63 63.9082 44.14
    endloop
  endfacet
  facet normal 1 0 0
    outer loop
      vertex 63 63.3398 43.1846
      vertex 63 63.9082 44.14
      vertex 63 63.7607 44.0107
    endloop
  endfacet
  facet normal 1 0 0
    outer loop
      vertex 63 63.3398 43.1846
      vertex 63 63.7607 44.0107
      vertex 63 63.6313 43.8631
    endloop
  endfacet
  facet normal 1 0 0
    outer loop
      vertex 63 63.3398 43.1846
      vertex 63 63.6313 43.8631
      vertex 63 63.5223 43.7
    endloop
  endfacet
  facet normal 1 0 0
    outer loop
      vertex 63 63.3398 43.1846
      vertex 63 63.5223 43.7
      vertex 63 63.4355 43.524
    endloop
  endfacet
  facet normal 1 0 0
    outer loop
      vertex 63 63.3398 43.1846
      vertex 63 63.4355 43.524
      vertex 63 63.3724 43.3382
    endloop
  endfacet
  facet normal 1 0 0
    outer loop
      vertex 63 71.2654 42.7153
      vertex 63 63.3398 43.1846
      vertex 63 65.2919 5
    endloop
  endfacet
  facet normal 1 0 0
    outer loop
      vertex 63 65.2919 5
      vertex 63 63.3398 43.1846
      vertex 63 57.2919 5
    endloop
  endfacet
  facet normal 0 0.99923 0.0392354
    outer loop
      vertex 63 71.2834 42.9107
      vertex 0 71.2757 43.1068
      vertex 63 71.2757 43.1068
    endloop
  endfacet
  facet normal 0 0.99923 0.0392354
    outer loop
      vertex 0 71.2757 43.1068
      vertex 63 71.2834 42.9107
      vertex 0 71.2834 42.9107
    endloop
  endfacet
  facet normal 0 -0.195234 0.980757
    outer loop
      vertex 0 64.6255 44.4372
      vertex 63 64.4331 44.3989
      vertex 63 64.6255 44.4372
    endloop
  endfacet
  facet normal 0 -0.195234 0.980757
    outer loop
      vertex 63 64.4331 44.3989
      vertex 0 64.6255 44.4372
      vertex 0 64.4331 44.3989
    endloop
  endfacet
  facet normal 0 0.985583 0.16919
    outer loop
      vertex 63 71.2757 43.1068
      vertex 0 71.2425 43.3002
      vertex 63 71.2425 43.3002
    endloop
  endfacet
  facet normal 0 0.985583 0.16919
    outer loop
      vertex 0 71.2425 43.3002
      vertex 63 71.2757 43.1068
      vertex 0 71.2757 43.1068
    endloop
  endfacet
  facet normal 0 0.987688 -0.156434
    outer loop
      vertex 63 65.2919 5
      vertex 0 71.2654 42.7153
      vertex 63 71.2654 42.7153
    endloop
  endfacet
  facet normal 0 0.987688 -0.156434
    outer loop
      vertex 0 71.2654 42.7153
      vertex 63 65.2919 5
      vertex 0 65.2919 5
    endloop
  endfacet
  facet normal 0 -0.978211 0.207615
    outer loop
      vertex 0 63.3398 43.1846
      vertex 63 63.3724 43.3382
      vertex 0 63.3724 43.3382
    endloop
  endfacet
  facet normal 0 -0.978211 0.207615
    outer loop
      vertex 63 63.3724 43.3382
      vertex 0 63.3398 43.1846
      vertex 63 63.3398 43.1846
    endloop
  endfacet
  facet normal -0 0.346036 0.938221
    outer loop
      vertex 0 70.394 44.3203
      vertex 63 70.2099 44.3882
      vertex 63 70.394 44.3203
    endloop
  endfacet
  facet normal 0 0.346036 0.938221
    outer loop
      vertex 63 70.2099 44.3882
      vertex 0 70.394 44.3203
      vertex 0 70.2099 44.3882
    endloop
  endfacet
  facet normal -0 0.465263 0.885172
    outer loop
      vertex 0 70.5677 44.229
      vertex 63 70.394 44.3203
      vertex 63 70.5677 44.229
    endloop
  endfacet
  facet normal 0 0.465263 0.885172
    outer loop
      vertex 63 70.394 44.3203
      vertex 0 70.5677 44.229
      vertex 0 70.394 44.3203
    endloop
  endfacet
  facet normal 0 0.908049 0.418864
    outer loop
      vertex 63 71.1843 43.4875
      vertex 0 71.1021 43.6657
      vertex 63 71.1021 43.6657
    endloop
  endfacet
  facet normal 0 0.908049 0.418864
    outer loop
      vertex 0 71.1021 43.6657
      vertex 63 71.1843 43.4875
      vertex 0 71.1843 43.4875
    endloop
  endfacet
  facet normal 0 -0.751945 0.659226
    outer loop
      vertex 0 63.6313 43.8631
      vertex 63 63.7607 44.0107
      vertex 0 63.7607 44.0107
    endloop
  endfacet
  facet normal 0 -0.751945 0.659226
    outer loop
      vertex 63 63.7607 44.0107
      vertex 0 63.6313 43.8631
      vertex 63 63.6313 43.8631
    endloop
  endfacet
  facet normal -0 0.577423 0.816445
    outer loop
      vertex 0 70.7279 44.1157
      vertex 63 70.5677 44.229
      vertex 63 70.7279 44.1157
    endloop
  endfacet
  facet normal 0 0.577423 0.816445
    outer loop
      vertex 63 70.5677 44.229
      vertex 0 70.7279 44.1157
      vertex 0 70.5677 44.229
    endloop
  endfacet
  facet normal 0 -0.65919 0.751976
    outer loop
      vertex 0 63.9082 44.14
      vertex 63 63.7607 44.0107
      vertex 63 63.9082 44.14
    endloop
  endfacet
  facet normal 0 -0.65919 0.751976
    outer loop
      vertex 63 63.7607 44.0107
      vertex 0 63.9082 44.14
      vertex 0 63.7607 44.0107
    endloop
  endfacet
  facet normal -0 0.220762 0.975328
    outer loop
      vertex 0 70.2099 44.3882
      vertex 63 70.0186 44.4315
      vertex 63 70.2099 44.3882
    endloop
  endfacet
  facet normal 0 0.220762 0.975328
    outer loop
      vertex 63 70.0186 44.4315
      vertex 0 70.2099 44.3882
      vertex 0 70.0186 44.4315
    endloop
  endfacet
  facet normal 0 -0.321574 0.946885
    outer loop
      vertex 0 82.4331 44.3989
      vertex 63 82.2473 44.3358
      vertex 63 82.4331 44.3989
    endloop
  endfacet
  facet normal 0 -0.321574 0.946885
    outer loop
      vertex 63 82.2473 44.3358
      vertex 0 82.4331 44.3989
      vertex 0 82.2473 44.3358
    endloop
  endfacet
  facet normal 0 0.76889 0.639382
    outer loop
      vertex 63 88.9974 43.8317
      vertex 0 88.872 43.9825
      vertex 63 88.872 43.9825
    endloop
  endfacet
  facet normal 0 0.76889 0.639382
    outer loop
      vertex 0 88.872 43.9825
      vertex 63 88.9974 43.8317
      vertex 0 88.9974 43.8317
    endloop
  endfacet
  facet normal 0 0.845816 0.533475
    outer loop
      vertex 63 89.1021 43.6657
      vertex 0 88.9974 43.8317
      vertex 63 88.9974 43.8317
    endloop
  endfacet
  facet normal 0 0.845816 0.533475
    outer loop
      vertex 0 88.9974 43.8317
      vertex 63 89.1021 43.6657
      vertex 0 89.1021 43.6657
    endloop
  endfacet
  facet normal 0 -0.555641 0.831422
    outer loop
      vertex 0 82.0713 44.249
      vertex 63 81.9082 44.14
      vertex 63 82.0713 44.249
    endloop
  endfacet
  facet normal 0 -0.555641 0.831422
    outer loop
      vertex 63 81.9082 44.14
      vertex 0 82.0713 44.249
      vertex 0 81.9082 44.14
    endloop
  endfacet
  facet normal 0 -0.987688 0.156436
    outer loop
      vertex 0 75.2919 5
      vertex 63 81.3398 43.1846
      vertex 0 81.3398 43.1846
    endloop
  endfacet
  facet normal 0 -0.987688 0.156436
    outer loop
      vertex 63 81.3398 43.1846
      vertex 0 75.2919 5
      vertex 63 75.2919 5
    endloop
  endfacet
  facet normal 0 0.995784 -0.0917303
    outer loop
      vertex 63 89.2654 42.7153
      vertex 0 89.2834 42.9107
      vertex 63 89.2834 42.9107
    endloop
  endfacet
  facet normal 0 0.995784 -0.0917303
    outer loop
      vertex 0 89.2834 42.9107
      vertex 63 89.2654 42.7153
      vertex 0 89.2654 42.7153
    endloop
  endfacet
  facet normal -0 0.0785803 0.996908
    outer loop
      vertex 0 88.0186 44.4315
      vertex 63 87.7839 44.45
      vertex 63 88.0186 44.4315
    endloop
  endfacet
  facet normal 0 0.0785803 0.996908
    outer loop
      vertex 63 87.7839 44.45
      vertex 0 88.0186 44.4315
      vertex 0 87.7839 44.45
    endloop
  endfacet
  facet normal -0 0 1
    outer loop
      vertex 0 87.7839 44.45
      vertex 63 82.8213 44.45
      vertex 63 87.7839 44.45
    endloop
  endfacet
  facet normal 0 0 1
    outer loop
      vertex 63 82.8213 44.45
      vertex 0 87.7839 44.45
      vertex 0 82.8213 44.45
    endloop
  endfacet
  facet normal 0 -0.442315 0.89686
    outer loop
      vertex 0 82.2473 44.3358
      vertex 63 82.0713 44.249
      vertex 63 82.2473 44.3358
    endloop
  endfacet
  facet normal 0 -0.442315 0.89686
    outer loop
      vertex 63 82.0713 44.249
      vertex 0 82.2473 44.3358
      vertex 0 82.0713 44.249
    endloop
  endfacet
  facet normal 0 -0.89686 0.442315
    outer loop
      vertex 0 81.4355 43.524
      vertex 63 81.5223 43.7
      vertex 0 81.5223 43.7
    endloop
  endfacet
  facet normal 0 -0.89686 0.442315
    outer loop
      vertex 63 81.5223 43.7
      vertex 0 81.4355 43.524
      vertex 63 81.4355 43.524
    endloop
  endfacet
  facet normal 0 -0.946885 0.321574
    outer loop
      vertex 0 81.3724 43.3382
      vertex 63 81.4355 43.524
      vertex 0 81.4355 43.524
    endloop
  endfacet
  facet normal 0 -0.946885 0.321574
    outer loop
      vertex 63 81.4355 43.524
      vertex 0 81.3724 43.3382
      vertex 63 81.3724 43.3382
    endloop
  endfacet
  facet normal 0 -0.0652336 0.99787
    outer loop
      vertex 0 82.8213 44.45
      vertex 63 82.6255 44.4372
      vertex 63 82.8213 44.45
    endloop
  endfacet
  facet normal 0 -0.0652336 0.99787
    outer loop
      vertex 63 82.6255 44.4372
      vertex 0 82.8213 44.45
      vertex 0 82.6255 44.4372
    endloop
  endfacet
  facet normal 0 0.95496 0.296736
    outer loop
      vertex 63 89.2425 43.3002
      vertex 0 89.1843 43.4875
      vertex 63 89.1843 43.4875
    endloop
  endfacet
  facet normal 0 0.95496 0.296736
    outer loop
      vertex 0 89.1843 43.4875
      vertex 63 89.2425 43.3002
      vertex 0 89.2425 43.3002
    endloop
  endfacet
  facet normal -0 0.678788 0.734334
    outer loop
      vertex 0 88.872 43.9825
      vertex 63 88.7279 44.1157
      vertex 63 88.872 43.9825
    endloop
  endfacet
  facet normal 0 0.678788 0.734334
    outer loop
      vertex 63 88.7279 44.1157
      vertex 0 88.872 43.9825
      vertex 0 88.7279 44.1157
    endloop
  endfacet
  facet normal 0 -0.831422 0.555641
    outer loop
      vertex 0 81.5223 43.7
      vertex 63 81.6313 43.8631
      vertex 0 81.6313 43.8631
    endloop
  endfacet
  facet normal 0 -0.831422 0.555641
    outer loop
      vertex 63 81.6313 43.8631
      vertex 0 81.5223 43.7
      vertex 63 81.5223 43.7
    endloop
  endfacet
  facet normal 1 -0 0
    outer loop
      vertex 63 81.3398 43.1846
      vertex 63 89.2654 42.7153
      vertex 63 82.8213 44.45
    endloop
  endfacet
  facet normal 1 0 0
    outer loop
      vertex 63 81.3398 43.1846
      vertex 63 82.8213 44.45
      vertex 63 82.6255 44.4372
    endloop
  endfacet
  facet normal 1 0 0
    outer loop
      vertex 63 81.3398 43.1846
      vertex 63 82.6255 44.4372
      vertex 63 82.4331 44.3989
    endloop
  endfacet
  facet normal 1 0 0
    outer loop
      vertex 63 81.3398 43.1846
      vertex 63 82.4331 44.3989
      vertex 63 82.2473 44.3358
    endloop
  endfacet
  facet normal 1 0 0
    outer loop
      vertex 63 81.3398 43.1846
      vertex 63 82.2473 44.3358
      vertex 63 82.0713 44.249
    endloop
  endfacet
  facet normal 1 0 0
    outer loop
      vertex 63 81.3398 43.1846
      vertex 63 82.0713 44.249
      vertex 63 81.9082 44.14
    endloop
  endfacet
  facet normal 1 0 0
    outer loop
      vertex 63 81.3398 43.1846
      vertex 63 81.9082 44.14
      vertex 63 81.7607 44.0107
    endloop
  endfacet
  facet normal 1 0 0
    outer loop
      vertex 63 81.3398 43.1846
      vertex 63 81.7607 44.0107
      vertex 63 81.6313 43.8631
    endloop
  endfacet
  facet normal 1 0 0
    outer loop
      vertex 63 81.3398 43.1846
      vertex 63 81.6313 43.8631
      vertex 63 81.5223 43.7
    endloop
  endfacet
  facet normal 1 0 0
    outer loop
      vertex 63 81.3398 43.1846
      vertex 63 81.5223 43.7
      vertex 63 81.4355 43.524
    endloop
  endfacet
  facet normal 1 0 0
    outer loop
      vertex 63 81.3398 43.1846
      vertex 63 81.4355 43.524
      vertex 63 81.3724 43.3382
    endloop
  endfacet
  facet normal 1 0 0
    outer loop
      vertex 63 89.2654 42.7153
      vertex 63 81.3398 43.1846
      vertex 63 83 5
    endloop
  endfacet
  facet normal 1 0 0
    outer loop
      vertex 63 83 5
      vertex 63 81.3398 43.1846
      vertex 63 75.2919 5
    endloop
  endfacet
  facet normal 1 0 0
    outer loop
      vertex 63 89.2757 43.1068
      vertex 63 89.2654 42.7153
      vertex 63 89.2834 42.9107
    endloop
  endfacet
  facet normal 1 0 0
    outer loop
      vertex 63 89.2425 43.3002
      vertex 63 89.2654 42.7153
      vertex 63 89.2757 43.1068
    endloop
  endfacet
  facet normal 1 0 0
    outer loop
      vertex 63 89.1843 43.4875
      vertex 63 89.2654 42.7153
      vertex 63 89.2425 43.3002
    endloop
  endfacet
  facet normal 1 0 0
    outer loop
      vertex 63 89.1021 43.6657
      vertex 63 89.2654 42.7153
      vertex 63 89.1843 43.4875
    endloop
  endfacet
  facet normal 1 0 0
    outer loop
      vertex 63 88.9974 43.8317
      vertex 63 89.2654 42.7153
      vertex 63 89.1021 43.6657
    endloop
  endfacet
  facet normal 1 0 0
    outer loop
      vertex 63 88.872 43.9825
      vertex 63 89.2654 42.7153
      vertex 63 88.9974 43.8317
    endloop
  endfacet
  facet normal 1 0 0
    outer loop
      vertex 63 88.7279 44.1157
      vertex 63 89.2654 42.7153
      vertex 63 88.872 43.9825
    endloop
  endfacet
  facet normal 1 0 0
    outer loop
      vertex 63 88.5677 44.229
      vertex 63 89.2654 42.7153
      vertex 63 88.7279 44.1157
    endloop
  endfacet
  facet normal 1 0 0
    outer loop
      vertex 63 88.394 44.3203
      vertex 63 89.2654 42.7153
      vertex 63 88.5677 44.229
    endloop
  endfacet
  facet normal 1 0 0
    outer loop
      vertex 63 88.2099 44.3882
      vertex 63 89.2654 42.7153
      vertex 63 88.394 44.3203
    endloop
  endfacet
  facet normal 1 0 0
    outer loop
      vertex 63 88.0186 44.4315
      vertex 63 89.2654 42.7153
      vertex 63 88.2099 44.3882
    endloop
  endfacet
  facet normal 1 0 0
    outer loop
      vertex 63 87.7839 44.45
      vertex 63 89.2654 42.7153
      vertex 63 88.0186 44.4315
    endloop
  endfacet
  facet normal 1 -0 0
    outer loop
      vertex 63 82.8213 44.45
      vertex 63 89.2654 42.7153
      vertex 63 87.7839 44.45
    endloop
  endfacet
  facet normal 1 0 0
    outer loop
      vertex 63 89.2654 42.7153
      vertex 63 83 5
      vertex 63 83 3.15689
    endloop
  endfacet
  facet normal 0 0.99923 0.0392354
    outer loop
      vertex 63 89.2834 42.9107
      vertex 0 89.2757 43.1068
      vertex 63 89.2757 43.1068
    endloop
  endfacet
  facet normal 0 0.99923 0.0392354
    outer loop
      vertex 0 89.2757 43.1068
      vertex 63 89.2834 42.9107
      vertex 0 89.2834 42.9107
    endloop
  endfacet
  facet normal 0 0.985583 0.16919
    outer loop
      vertex 63 89.2757 43.1068
      vertex 0 89.2425 43.3002
      vertex 63 89.2425 43.3002
    endloop
  endfacet
  facet normal 0 0.985583 0.16919
    outer loop
      vertex 0 89.2425 43.3002
      vertex 63 89.2757 43.1068
      vertex 0 89.2757 43.1068
    endloop
  endfacet
  facet normal 0 0.987688 -0.156434
    outer loop
      vertex 63 89.2654 42.7153
      vertex 18 83.2919 5
      vertex 0 89.2654 42.7153
    endloop
  endfacet
  facet normal -4.00326e-07 0.987688 -0.156434
    outer loop
      vertex 63 83 3.15689
      vertex 18 83.2919 5
      vertex 63 89.2654 42.7153
    endloop
  endfacet
  facet normal 0 0.98769 -0.156424
    outer loop
      vertex 18 83.2919 5
      vertex 63 83 3.15689
      vertex 18 83 3.15689
    endloop
  endfacet
  facet normal 0 0.987688 -0.156434
    outer loop
      vertex 0 89.2654 42.7153
      vertex 18 83.2919 5
      vertex 0 83.2919 5
    endloop
  endfacet
  facet normal -0 0.220762 0.975328
    outer loop
      vertex 0 88.2099 44.3882
      vertex 63 88.0186 44.4315
      vertex 63 88.2099 44.3882
    endloop
  endfacet
  facet normal 0 0.220762 0.975328
    outer loop
      vertex 63 88.0186 44.4315
      vertex 0 88.2099 44.3882
      vertex 0 88.0186 44.4315
    endloop
  endfacet
  facet normal 0 -0.978211 0.207615
    outer loop
      vertex 0 81.3398 43.1846
      vertex 63 81.3724 43.3382
      vertex 0 81.3724 43.3382
    endloop
  endfacet
  facet normal 0 -0.978211 0.207615
    outer loop
      vertex 63 81.3724 43.3382
      vertex 0 81.3398 43.1846
      vertex 63 81.3398 43.1846
    endloop
  endfacet
  facet normal 0 -0.195234 0.980757
    outer loop
      vertex 0 82.6255 44.4372
      vertex 63 82.4331 44.3989
      vertex 63 82.6255 44.4372
    endloop
  endfacet
  facet normal 0 -0.195234 0.980757
    outer loop
      vertex 63 82.4331 44.3989
      vertex 0 82.6255 44.4372
      vertex 0 82.4331 44.3989
    endloop
  endfacet
  facet normal -0 0.346036 0.938221
    outer loop
      vertex 0 88.394 44.3203
      vertex 63 88.2099 44.3882
      vertex 63 88.394 44.3203
    endloop
  endfacet
  facet normal 0 0.346036 0.938221
    outer loop
      vertex 63 88.2099 44.3882
      vertex 0 88.394 44.3203
      vertex 0 88.2099 44.3882
    endloop
  endfacet
  facet normal -0 0.465263 0.885172
    outer loop
      vertex 0 88.5677 44.229
      vertex 63 88.394 44.3203
      vertex 63 88.5677 44.229
    endloop
  endfacet
  facet normal 0 0.465263 0.885172
    outer loop
      vertex 63 88.394 44.3203
      vertex 0 88.5677 44.229
      vertex 0 88.394 44.3203
    endloop
  endfacet
  facet normal 0 0.908049 0.418864
    outer loop
      vertex 63 89.1843 43.4875
      vertex 0 89.1021 43.6657
      vertex 63 89.1021 43.6657
    endloop
  endfacet
  facet normal 0 0.908049 0.418864
    outer loop
      vertex 0 89.1021 43.6657
      vertex 63 89.1843 43.4875
      vertex 0 89.1843 43.4875
    endloop
  endfacet
  facet normal 0 -0.751945 0.659226
    outer loop
      vertex 0 81.6313 43.8631
      vertex 63 81.7607 44.0107
      vertex 0 81.7607 44.0107
    endloop
  endfacet
  facet normal 0 -0.751945 0.659226
    outer loop
      vertex 63 81.7607 44.0107
      vertex 0 81.6313 43.8631
      vertex 63 81.6313 43.8631
    endloop
  endfacet
  facet normal -0 0.577423 0.816445
    outer loop
      vertex 0 88.7279 44.1157
      vertex 63 88.5677 44.229
      vertex 63 88.7279 44.1157
    endloop
  endfacet
  facet normal 0 0.577423 0.816445
    outer loop
      vertex 63 88.5677 44.229
      vertex 0 88.7279 44.1157
      vertex 0 88.5677 44.229
    endloop
  endfacet
  facet normal 0 -0.65919 0.751976
    outer loop
      vertex 0 81.9082 44.14
      vertex 63 81.7607 44.0107
      vertex 63 81.9082 44.14
    endloop
  endfacet
  facet normal 0 -0.65919 0.751976
    outer loop
      vertex 63 81.7607 44.0107
      vertex 0 81.9082 44.14
      vertex 0 81.7607 44.0107
    endloop
  endfacet
  facet normal 0 -0.321574 0.946885
    outer loop
      vertex 97 28.4331 44.3989
      vertex 160 28.2473 44.3358
      vertex 160 28.4331 44.3989
    endloop
  endfacet
  facet normal 0 -0.321574 0.946885
    outer loop
      vertex 160 28.2473 44.3358
      vertex 97 28.4331 44.3989
      vertex 97 28.2473 44.3358
    endloop
  endfacet
  facet normal 0 0.76889 0.639382
    outer loop
      vertex 160 34.9974 43.8317
      vertex 97 34.872 43.9825
      vertex 160 34.872 43.9825
    endloop
  endfacet
  facet normal 0 0.76889 0.639382
    outer loop
      vertex 97 34.872 43.9825
      vertex 160 34.9974 43.8317
      vertex 97 34.9974 43.8317
    endloop
  endfacet
  facet normal 0 0.845816 0.533475
    outer loop
      vertex 160 35.1021 43.6657
      vertex 97 34.9974 43.8317
      vertex 160 34.9974 43.8317
    endloop
  endfacet
  facet normal 0 0.845816 0.533475
    outer loop
      vertex 97 34.9974 43.8317
      vertex 160 35.1021 43.6657
      vertex 97 35.1021 43.6657
    endloop
  endfacet
  facet normal 0 -0.555641 0.831422
    outer loop
      vertex 97 28.0713 44.249
      vertex 160 27.9082 44.14
      vertex 160 28.0713 44.249
    endloop
  endfacet
  facet normal 0 -0.555641 0.831422
    outer loop
      vertex 160 27.9082 44.14
      vertex 97 28.0713 44.249
      vertex 97 27.9082 44.14
    endloop
  endfacet
  facet normal 0 -0.987688 0.156436
    outer loop
      vertex 97 21.2919 5
      vertex 160 27.3398 43.1846
      vertex 97 27.3398 43.1846
    endloop
  endfacet
  facet normal 0 -0.987688 0.156436
    outer loop
      vertex 160 27.3398 43.1846
      vertex 97 21.2919 5
      vertex 160 21.2919 5
    endloop
  endfacet
  facet normal 0 0.995784 -0.0917303
    outer loop
      vertex 160 35.2654 42.7153
      vertex 97 35.2834 42.9107
      vertex 160 35.2834 42.9107
    endloop
  endfacet
  facet normal 0 0.995784 -0.0917303
    outer loop
      vertex 97 35.2834 42.9107
      vertex 160 35.2654 42.7153
      vertex 97 35.2654 42.7153
    endloop
  endfacet
  facet normal -0 0.0785803 0.996908
    outer loop
      vertex 97 34.0186 44.4315
      vertex 160 33.7839 44.45
      vertex 160 34.0186 44.4315
    endloop
  endfacet
  facet normal 0 0.0785803 0.996908
    outer loop
      vertex 160 33.7839 44.45
      vertex 97 34.0186 44.4315
      vertex 97 33.7839 44.45
    endloop
  endfacet
  facet normal -0 0 1
    outer loop
      vertex 97 33.7839 44.45
      vertex 160 28.8213 44.45
      vertex 160 33.7839 44.45
    endloop
  endfacet
  facet normal 0 0 1
    outer loop
      vertex 160 28.8213 44.45
      vertex 97 33.7839 44.45
      vertex 97 28.8213 44.45
    endloop
  endfacet
  facet normal 0 -0.442315 0.89686
    outer loop
      vertex 97 28.2473 44.3358
      vertex 160 28.0713 44.249
      vertex 160 28.2473 44.3358
    endloop
  endfacet
  facet normal 0 -0.442315 0.89686
    outer loop
      vertex 160 28.0713 44.249
      vertex 97 28.2473 44.3358
      vertex 97 28.0713 44.249
    endloop
  endfacet
  facet normal 0 -0.89686 0.442315
    outer loop
      vertex 97 27.4355 43.524
      vertex 160 27.5223 43.7
      vertex 97 27.5223 43.7
    endloop
  endfacet
  facet normal 0 -0.89686 0.442315
    outer loop
      vertex 160 27.5223 43.7
      vertex 97 27.4355 43.524
      vertex 160 27.4355 43.524
    endloop
  endfacet
  facet normal 0 -0.946885 0.321574
    outer loop
      vertex 97 27.3724 43.3382
      vertex 160 27.4355 43.524
      vertex 97 27.4355 43.524
    endloop
  endfacet
  facet normal 0 -0.946885 0.321574
    outer loop
      vertex 160 27.4355 43.524
      vertex 97 27.3724 43.3382
      vertex 160 27.3724 43.3382
    endloop
  endfacet
  facet normal 0 -0.0652336 0.99787
    outer loop
      vertex 97 28.8213 44.45
      vertex 160 28.6255 44.4372
      vertex 160 28.8213 44.45
    endloop
  endfacet
  facet normal 0 -0.0652336 0.99787
    outer loop
      vertex 160 28.6255 44.4372
      vertex 97 28.8213 44.45
      vertex 97 28.6255 44.4372
    endloop
  endfacet
  facet normal 0 0.95496 0.296736
    outer loop
      vertex 160 35.2425 43.3002
      vertex 97 35.1843 43.4875
      vertex 160 35.1843 43.4875
    endloop
  endfacet
  facet normal 0 0.95496 0.296736
    outer loop
      vertex 97 35.1843 43.4875
      vertex 160 35.2425 43.3002
      vertex 97 35.2425 43.3002
    endloop
  endfacet
  facet normal -0 0.678788 0.734334
    outer loop
      vertex 97 34.872 43.9825
      vertex 160 34.7279 44.1157
      vertex 160 34.872 43.9825
    endloop
  endfacet
  facet normal 0 0.678788 0.734334
    outer loop
      vertex 160 34.7279 44.1157
      vertex 97 34.872 43.9825
      vertex 97 34.7279 44.1157
    endloop
  endfacet
  facet normal 0 -0.831422 0.555641
    outer loop
      vertex 97 27.5223 43.7
      vertex 160 27.6313 43.8631
      vertex 97 27.6313 43.8631
    endloop
  endfacet
  facet normal 0 -0.831422 0.555641
    outer loop
      vertex 160 27.6313 43.8631
      vertex 97 27.5223 43.7
      vertex 160 27.5223 43.7
    endloop
  endfacet
  facet normal 0 0.99923 0.0392354
    outer loop
      vertex 160 35.2834 42.9107
      vertex 97 35.2757 43.1068
      vertex 160 35.2757 43.1068
    endloop
  endfacet
  facet normal 0 0.99923 0.0392354
    outer loop
      vertex 97 35.2757 43.1068
      vertex 160 35.2834 42.9107
      vertex 97 35.2834 42.9107
    endloop
  endfacet
  facet normal 0 -0.195234 0.980757
    outer loop
      vertex 97 28.6255 44.4372
      vertex 160 28.4331 44.3989
      vertex 160 28.6255 44.4372
    endloop
  endfacet
  facet normal 0 -0.195234 0.980757
    outer loop
      vertex 160 28.4331 44.3989
      vertex 97 28.6255 44.4372
      vertex 97 28.4331 44.3989
    endloop
  endfacet
  facet normal 0 0.985583 0.16919
    outer loop
      vertex 160 35.2757 43.1068
      vertex 97 35.2425 43.3002
      vertex 160 35.2425 43.3002
    endloop
  endfacet
  facet normal 0 0.985583 0.16919
    outer loop
      vertex 97 35.2425 43.3002
      vertex 160 35.2757 43.1068
      vertex 97 35.2757 43.1068
    endloop
  endfacet
  facet normal -1 0 0
    outer loop
      vertex 97 35.2654 42.7153
      vertex 97 35.2757 43.1068
      vertex 97 35.2834 42.9107
    endloop
  endfacet
  facet normal -1 0 0
    outer loop
      vertex 97 35.2654 42.7153
      vertex 97 35.2425 43.3002
      vertex 97 35.2757 43.1068
    endloop
  endfacet
  facet normal -1 0 0
    outer loop
      vertex 97 35.2654 42.7153
      vertex 97 35.1843 43.4875
      vertex 97 35.2425 43.3002
    endloop
  endfacet
  facet normal -1 0 0
    outer loop
      vertex 97 35.2654 42.7153
      vertex 97 35.1021 43.6657
      vertex 97 35.1843 43.4875
    endloop
  endfacet
  facet normal -1 0 0
    outer loop
      vertex 97 35.2654 42.7153
      vertex 97 34.9974 43.8317
      vertex 97 35.1021 43.6657
    endloop
  endfacet
  facet normal -1 0 0
    outer loop
      vertex 97 35.2654 42.7153
      vertex 97 34.872 43.9825
      vertex 97 34.9974 43.8317
    endloop
  endfacet
  facet normal -1 0 0
    outer loop
      vertex 97 35.2654 42.7153
      vertex 97 34.7279 44.1157
      vertex 97 34.872 43.9825
    endloop
  endfacet
  facet normal -1 0 0
    outer loop
      vertex 97 35.2654 42.7153
      vertex 97 34.5677 44.229
      vertex 97 34.7279 44.1157
    endloop
  endfacet
  facet normal -1 0 0
    outer loop
      vertex 97 35.2654 42.7153
      vertex 97 34.394 44.3203
      vertex 97 34.5677 44.229
    endloop
  endfacet
  facet normal -1 0 0
    outer loop
      vertex 97 35.2654 42.7153
      vertex 97 34.2099 44.3882
      vertex 97 34.394 44.3203
    endloop
  endfacet
  facet normal -1 0 0
    outer loop
      vertex 97 35.2654 42.7153
      vertex 97 34.0186 44.4315
      vertex 97 34.2099 44.3882
    endloop
  endfacet
  facet normal -1 0 0
    outer loop
      vertex 97 35.2654 42.7153
      vertex 97 33.7839 44.45
      vertex 97 34.0186 44.4315
    endloop
  endfacet
  facet normal -1 0 0
    outer loop
      vertex 97 27.3398 43.1846
      vertex 97 35.2654 42.7153
      vertex 97 29.2919 5
    endloop
  endfacet
  facet normal -1 0 -0
    outer loop
      vertex 97 28.8213 44.45
      vertex 97 35.2654 42.7153
      vertex 97 27.3398 43.1846
    endloop
  endfacet
  facet normal -1 0 0
    outer loop
      vertex 97 35.2654 42.7153
      vertex 97 28.8213 44.45
      vertex 97 33.7839 44.45
    endloop
  endfacet
  facet normal -1 0 0
    outer loop
      vertex 97 28.8213 44.45
      vertex 97 27.3398 43.1846
      vertex 97 28.6255 44.4372
    endloop
  endfacet
  facet normal -1 0 0
    outer loop
      vertex 97 28.6255 44.4372
      vertex 97 27.3398 43.1846
      vertex 97 28.4331 44.3989
    endloop
  endfacet
  facet normal -1 0 0
    outer loop
      vertex 97 28.4331 44.3989
      vertex 97 27.3398 43.1846
      vertex 97 28.2473 44.3358
    endloop
  endfacet
  facet normal -1 0 0
    outer loop
      vertex 97 28.2473 44.3358
      vertex 97 27.3398 43.1846
      vertex 97 28.0713 44.249
    endloop
  endfacet
  facet normal -1 0 0
    outer loop
      vertex 97 28.0713 44.249
      vertex 97 27.3398 43.1846
      vertex 97 27.9082 44.14
    endloop
  endfacet
  facet normal -1 0 0
    outer loop
      vertex 97 27.9082 44.14
      vertex 97 27.3398 43.1846
      vertex 97 27.7607 44.0107
    endloop
  endfacet
  facet normal -1 0 0
    outer loop
      vertex 97 27.7607 44.0107
      vertex 97 27.3398 43.1846
      vertex 97 27.6313 43.8631
    endloop
  endfacet
  facet normal -1 0 0
    outer loop
      vertex 97 27.6313 43.8631
      vertex 97 27.3398 43.1846
      vertex 97 27.5223 43.7
    endloop
  endfacet
  facet normal -1 0 0
    outer loop
      vertex 97 27.5223 43.7
      vertex 97 27.3398 43.1846
      vertex 97 27.4355 43.524
    endloop
  endfacet
  facet normal -1 0 0
    outer loop
      vertex 97 27.4355 43.524
      vertex 97 27.3398 43.1846
      vertex 97 27.3724 43.3382
    endloop
  endfacet
  facet normal -1 0 -0
    outer loop
      vertex 97 27.3398 43.1846
      vertex 97 29.2919 5
      vertex 97 21.2919 5
    endloop
  endfacet
  facet normal 0 0.987688 -0.156434
    outer loop
      vertex 160 29.2919 5
      vertex 97 35.2654 42.7153
      vertex 160 35.2654 42.7153
    endloop
  endfacet
  facet normal 0 0.987688 -0.156434
    outer loop
      vertex 97 35.2654 42.7153
      vertex 160 29.2919 5
      vertex 97 29.2919 5
    endloop
  endfacet
  facet normal 0 -0.978211 0.207615
    outer loop
      vertex 97 27.3398 43.1846
      vertex 160 27.3724 43.3382
      vertex 97 27.3724 43.3382
    endloop
  endfacet
  facet normal 0 -0.978211 0.207615
    outer loop
      vertex 160 27.3724 43.3382
      vertex 97 27.3398 43.1846
      vertex 160 27.3398 43.1846
    endloop
  endfacet
  facet normal -0 0.346036 0.938221
    outer loop
      vertex 97 34.394 44.3203
      vertex 160 34.2099 44.3882
      vertex 160 34.394 44.3203
    endloop
  endfacet
  facet normal 0 0.346036 0.938221
    outer loop
      vertex 160 34.2099 44.3882
      vertex 97 34.394 44.3203
      vertex 97 34.2099 44.3882
    endloop
  endfacet
  facet normal -0 0.465263 0.885172
    outer loop
      vertex 97 34.5677 44.229
      vertex 160 34.394 44.3203
      vertex 160 34.5677 44.229
    endloop
  endfacet
  facet normal 0 0.465263 0.885172
    outer loop
      vertex 160 34.394 44.3203
      vertex 97 34.5677 44.229
      vertex 97 34.394 44.3203
    endloop
  endfacet
  facet normal 0 0.908049 0.418864
    outer loop
      vertex 160 35.1843 43.4875
      vertex 97 35.1021 43.6657
      vertex 160 35.1021 43.6657
    endloop
  endfacet
  facet normal 0 0.908049 0.418864
    outer loop
      vertex 97 35.1021 43.6657
      vertex 160 35.1843 43.4875
      vertex 97 35.1843 43.4875
    endloop
  endfacet
  facet normal 0 -0.751945 0.659226
    outer loop
      vertex 97 27.6313 43.8631
      vertex 160 27.7607 44.0107
      vertex 97 27.7607 44.0107
    endloop
  endfacet
  facet normal 0 -0.751945 0.659226
    outer loop
      vertex 160 27.7607 44.0107
      vertex 97 27.6313 43.8631
      vertex 160 27.6313 43.8631
    endloop
  endfacet
  facet normal -0 0.577423 0.816445
    outer loop
      vertex 97 34.7279 44.1157
      vertex 160 34.5677 44.229
      vertex 160 34.7279 44.1157
    endloop
  endfacet
  facet normal 0 0.577423 0.816445
    outer loop
      vertex 160 34.5677 44.229
      vertex 97 34.7279 44.1157
      vertex 97 34.5677 44.229
    endloop
  endfacet
  facet normal 0 -0.65919 0.751976
    outer loop
      vertex 97 27.9082 44.14
      vertex 160 27.7607 44.0107
      vertex 160 27.9082 44.14
    endloop
  endfacet
  facet normal 0 -0.65919 0.751976
    outer loop
      vertex 160 27.7607 44.0107
      vertex 97 27.9082 44.14
      vertex 97 27.7607 44.0107
    endloop
  endfacet
  facet normal -0 0.220762 0.975328
    outer loop
      vertex 97 34.2099 44.3882
      vertex 160 34.0186 44.4315
      vertex 160 34.2099 44.3882
    endloop
  endfacet
  facet normal 0 0.220762 0.975328
    outer loop
      vertex 160 34.0186 44.4315
      vertex 97 34.2099 44.3882
      vertex 97 34.0186 44.4315
    endloop
  endfacet
  facet normal 0 -0.321574 0.946885
    outer loop
      vertex 97 46.4331 44.3989
      vertex 160 46.2473 44.3358
      vertex 160 46.4331 44.3989
    endloop
  endfacet
  facet normal 0 -0.321574 0.946885
    outer loop
      vertex 160 46.2473 44.3358
      vertex 97 46.4331 44.3989
      vertex 97 46.2473 44.3358
    endloop
  endfacet
  facet normal 0 0.76889 0.639382
    outer loop
      vertex 160 52.9974 43.8317
      vertex 97 52.872 43.9825
      vertex 160 52.872 43.9825
    endloop
  endfacet
  facet normal 0 0.76889 0.639382
    outer loop
      vertex 97 52.872 43.9825
      vertex 160 52.9974 43.8317
      vertex 97 52.9974 43.8317
    endloop
  endfacet
  facet normal 0 0.845816 0.533475
    outer loop
      vertex 160 53.1021 43.6657
      vertex 97 52.9974 43.8317
      vertex 160 52.9974 43.8317
    endloop
  endfacet
  facet normal 0 0.845816 0.533475
    outer loop
      vertex 97 52.9974 43.8317
      vertex 160 53.1021 43.6657
      vertex 97 53.1021 43.6657
    endloop
  endfacet
  facet normal 0 -0.555641 0.831422
    outer loop
      vertex 97 46.0713 44.249
      vertex 160 45.9082 44.14
      vertex 160 46.0713 44.249
    endloop
  endfacet
  facet normal 0 -0.555641 0.831422
    outer loop
      vertex 160 45.9082 44.14
      vertex 97 46.0713 44.249
      vertex 97 45.9082 44.14
    endloop
  endfacet
  facet normal 0 -0.987688 0.156436
    outer loop
      vertex 97 39.2919 5
      vertex 160 45.3398 43.1846
      vertex 97 45.3398 43.1846
    endloop
  endfacet
  facet normal 0 -0.987688 0.156436
    outer loop
      vertex 160 45.3398 43.1846
      vertex 97 39.2919 5
      vertex 160 39.2919 5
    endloop
  endfacet
  facet normal 0 0.995784 -0.0917303
    outer loop
      vertex 160 53.2654 42.7153
      vertex 97 53.2834 42.9107
      vertex 160 53.2834 42.9107
    endloop
  endfacet
  facet normal 0 0.995784 -0.0917303
    outer loop
      vertex 97 53.2834 42.9107
      vertex 160 53.2654 42.7153
      vertex 97 53.2654 42.7153
    endloop
  endfacet
  facet normal -0 0.0785803 0.996908
    outer loop
      vertex 97 52.0186 44.4315
      vertex 160 51.7839 44.45
      vertex 160 52.0186 44.4315
    endloop
  endfacet
  facet normal 0 0.0785803 0.996908
    outer loop
      vertex 160 51.7839 44.45
      vertex 97 52.0186 44.4315
      vertex 97 51.7839 44.45
    endloop
  endfacet
  facet normal -0 0 1
    outer loop
      vertex 97 51.7839 44.45
      vertex 160 46.8213 44.45
      vertex 160 51.7839 44.45
    endloop
  endfacet
  facet normal 0 0 1
    outer loop
      vertex 160 46.8213 44.45
      vertex 97 51.7839 44.45
      vertex 97 46.8213 44.45
    endloop
  endfacet
  facet normal 0 -0.442315 0.89686
    outer loop
      vertex 97 46.2473 44.3358
      vertex 160 46.0713 44.249
      vertex 160 46.2473 44.3358
    endloop
  endfacet
  facet normal 0 -0.442315 0.89686
    outer loop
      vertex 160 46.0713 44.249
      vertex 97 46.2473 44.3358
      vertex 97 46.0713 44.249
    endloop
  endfacet
  facet normal 0 -0.89686 0.442315
    outer loop
      vertex 97 45.4355 43.524
      vertex 160 45.5223 43.7
      vertex 97 45.5223 43.7
    endloop
  endfacet
  facet normal 0 -0.89686 0.442315
    outer loop
      vertex 160 45.5223 43.7
      vertex 97 45.4355 43.524
      vertex 160 45.4355 43.524
    endloop
  endfacet
  facet normal 0 -0.946885 0.321574
    outer loop
      vertex 97 45.3724 43.3382
      vertex 160 45.4355 43.524
      vertex 97 45.4355 43.524
    endloop
  endfacet
  facet normal 0 -0.946885 0.321574
    outer loop
      vertex 160 45.4355 43.524
      vertex 97 45.3724 43.3382
      vertex 160 45.3724 43.3382
    endloop
  endfacet
  facet normal 0 -0.0652336 0.99787
    outer loop
      vertex 97 46.8213 44.45
      vertex 160 46.6255 44.4372
      vertex 160 46.8213 44.45
    endloop
  endfacet
  facet normal 0 -0.0652336 0.99787
    outer loop
      vertex 160 46.6255 44.4372
      vertex 97 46.8213 44.45
      vertex 97 46.6255 44.4372
    endloop
  endfacet
  facet normal 0 0.95496 0.296736
    outer loop
      vertex 160 53.2425 43.3002
      vertex 97 53.1843 43.4875
      vertex 160 53.1843 43.4875
    endloop
  endfacet
  facet normal 0 0.95496 0.296736
    outer loop
      vertex 97 53.1843 43.4875
      vertex 160 53.2425 43.3002
      vertex 97 53.2425 43.3002
    endloop
  endfacet
  facet normal -0 0.678788 0.734334
    outer loop
      vertex 97 52.872 43.9825
      vertex 160 52.7279 44.1157
      vertex 160 52.872 43.9825
    endloop
  endfacet
  facet normal 0 0.678788 0.734334
    outer loop
      vertex 160 52.7279 44.1157
      vertex 97 52.872 43.9825
      vertex 97 52.7279 44.1157
    endloop
  endfacet
  facet normal 0 0.99923 0.0392354
    outer loop
      vertex 160 53.2834 42.9107
      vertex 97 53.2757 43.1068
      vertex 160 53.2757 43.1068
    endloop
  endfacet
  facet normal 0 0.99923 0.0392354
    outer loop
      vertex 97 53.2757 43.1068
      vertex 160 53.2834 42.9107
      vertex 97 53.2834 42.9107
    endloop
  endfacet
  facet normal 0 0.985583 0.16919
    outer loop
      vertex 160 53.2757 43.1068
      vertex 97 53.2425 43.3002
      vertex 160 53.2425 43.3002
    endloop
  endfacet
  facet normal 0 0.985583 0.16919
    outer loop
      vertex 97 53.2425 43.3002
      vertex 160 53.2757 43.1068
      vertex 97 53.2757 43.1068
    endloop
  endfacet
  facet normal -1 0 0
    outer loop
      vertex 97 53.2654 42.7153
      vertex 97 53.2757 43.1068
      vertex 97 53.2834 42.9107
    endloop
  endfacet
  facet normal -1 0 0
    outer loop
      vertex 97 53.2654 42.7153
      vertex 97 53.2425 43.3002
      vertex 97 53.2757 43.1068
    endloop
  endfacet
  facet normal -1 0 0
    outer loop
      vertex 97 53.2654 42.7153
      vertex 97 53.1843 43.4875
      vertex 97 53.2425 43.3002
    endloop
  endfacet
  facet normal -1 0 0
    outer loop
      vertex 97 53.2654 42.7153
      vertex 97 53.1021 43.6657
      vertex 97 53.1843 43.4875
    endloop
  endfacet
  facet normal -1 0 0
    outer loop
      vertex 97 53.2654 42.7153
      vertex 97 52.9974 43.8317
      vertex 97 53.1021 43.6657
    endloop
  endfacet
  facet normal -1 0 0
    outer loop
      vertex 97 53.2654 42.7153
      vertex 97 52.872 43.9825
      vertex 97 52.9974 43.8317
    endloop
  endfacet
  facet normal -1 0 0
    outer loop
      vertex 97 53.2654 42.7153
      vertex 97 52.7279 44.1157
      vertex 97 52.872 43.9825
    endloop
  endfacet
  facet normal -1 0 0
    outer loop
      vertex 97 53.2654 42.7153
      vertex 97 52.5677 44.229
      vertex 97 52.7279 44.1157
    endloop
  endfacet
  facet normal -1 0 0
    outer loop
      vertex 97 53.2654 42.7153
      vertex 97 52.394 44.3203
      vertex 97 52.5677 44.229
    endloop
  endfacet
  facet normal -1 0 0
    outer loop
      vertex 97 53.2654 42.7153
      vertex 97 52.2099 44.3882
      vertex 97 52.394 44.3203
    endloop
  endfacet
  facet normal -1 0 0
    outer loop
      vertex 97 53.2654 42.7153
      vertex 97 52.0186 44.4315
      vertex 97 52.2099 44.3882
    endloop
  endfacet
  facet normal -1 0 0
    outer loop
      vertex 97 53.2654 42.7153
      vertex 97 51.7839 44.45
      vertex 97 52.0186 44.4315
    endloop
  endfacet
  facet normal -1 0 0
    outer loop
      vertex 97 45.3398 43.1846
      vertex 97 53.2654 42.7153
      vertex 97 47.2919 5
    endloop
  endfacet
  facet normal -1 0 -0
    outer loop
      vertex 97 46.8213 44.45
      vertex 97 53.2654 42.7153
      vertex 97 45.3398 43.1846
    endloop
  endfacet
  facet normal -1 0 0
    outer loop
      vertex 97 53.2654 42.7153
      vertex 97 46.8213 44.45
      vertex 97 51.7839 44.45
    endloop
  endfacet
  facet normal -1 0 0
    outer loop
      vertex 97 46.8213 44.45
      vertex 97 45.3398 43.1846
      vertex 97 46.6255 44.4372
    endloop
  endfacet
  facet normal -1 0 0
    outer loop
      vertex 97 46.6255 44.4372
      vertex 97 45.3398 43.1846
      vertex 97 46.4331 44.3989
    endloop
  endfacet
  facet normal -1 0 0
    outer loop
      vertex 97 46.4331 44.3989
      vertex 97 45.3398 43.1846
      vertex 97 46.2473 44.3358
    endloop
  endfacet
  facet normal -1 0 0
    outer loop
      vertex 97 46.2473 44.3358
      vertex 97 45.3398 43.1846
      vertex 97 46.0713 44.249
    endloop
  endfacet
  facet normal -1 0 0
    outer loop
      vertex 97 46.0713 44.249
      vertex 97 45.3398 43.1846
      vertex 97 45.9082 44.14
    endloop
  endfacet
  facet normal -1 0 0
    outer loop
      vertex 97 45.9082 44.14
      vertex 97 45.3398 43.1846
      vertex 97 45.7607 44.0107
    endloop
  endfacet
  facet normal -1 0 0
    outer loop
      vertex 97 45.7607 44.0107
      vertex 97 45.3398 43.1846
      vertex 97 45.6313 43.8631
    endloop
  endfacet
  facet normal -1 0 0
    outer loop
      vertex 97 45.6313 43.8631
      vertex 97 45.3398 43.1846
      vertex 97 45.5223 43.7
    endloop
  endfacet
  facet normal -1 0 0
    outer loop
      vertex 97 45.5223 43.7
      vertex 97 45.3398 43.1846
      vertex 97 45.4355 43.524
    endloop
  endfacet
  facet normal -1 0 0
    outer loop
      vertex 97 45.4355 43.524
      vertex 97 45.3398 43.1846
      vertex 97 45.3724 43.3382
    endloop
  endfacet
  facet normal -1 0 -0
    outer loop
      vertex 97 45.3398 43.1846
      vertex 97 47.2919 5
      vertex 97 39.2919 5
    endloop
  endfacet
  facet normal 0 0.987688 -0.156434
    outer loop
      vertex 160 47.2919 5
      vertex 97 53.2654 42.7153
      vertex 160 53.2654 42.7153
    endloop
  endfacet
  facet normal 0 0.987688 -0.156434
    outer loop
      vertex 97 53.2654 42.7153
      vertex 160 47.2919 5
      vertex 97 47.2919 5
    endloop
  endfacet
  facet normal -0 0.220762 0.975328
    outer loop
      vertex 97 52.2099 44.3882
      vertex 160 52.0186 44.4315
      vertex 160 52.2099 44.3882
    endloop
  endfacet
  facet normal 0 0.220762 0.975328
    outer loop
      vertex 160 52.0186 44.4315
      vertex 97 52.2099 44.3882
      vertex 97 52.0186 44.4315
    endloop
  endfacet
  facet normal 0 -0.978211 0.207615
    outer loop
      vertex 97 45.3398 43.1846
      vertex 160 45.3724 43.3382
      vertex 97 45.3724 43.3382
    endloop
  endfacet
  facet normal 0 -0.978211 0.207615
    outer loop
      vertex 160 45.3724 43.3382
      vertex 97 45.3398 43.1846
      vertex 160 45.3398 43.1846
    endloop
  endfacet
  facet normal 0 -0.195234 0.980757
    outer loop
      vertex 97 46.6255 44.4372
      vertex 160 46.4331 44.3989
      vertex 160 46.6255 44.4372
    endloop
  endfacet
  facet normal 0 -0.195234 0.980757
    outer loop
      vertex 160 46.4331 44.3989
      vertex 97 46.6255 44.4372
      vertex 97 46.4331 44.3989
    endloop
  endfacet
  facet normal -0 0.346036 0.938221
    outer loop
      vertex 97 52.394 44.3203
      vertex 160 52.2099 44.3882
      vertex 160 52.394 44.3203
    endloop
  endfacet
  facet normal 0 0.346036 0.938221
    outer loop
      vertex 160 52.2099 44.3882
      vertex 97 52.394 44.3203
      vertex 97 52.2099 44.3882
    endloop
  endfacet
  facet normal -0 0.465263 0.885172
    outer loop
      vertex 97 52.5677 44.229
      vertex 160 52.394 44.3203
      vertex 160 52.5677 44.229
    endloop
  endfacet
  facet normal 0 0.465263 0.885172
    outer loop
      vertex 160 52.394 44.3203
      vertex 97 52.5677 44.229
      vertex 97 52.394 44.3203
    endloop
  endfacet
  facet normal 0 0.908049 0.418864
    outer loop
      vertex 160 53.1843 43.4875
      vertex 97 53.1021 43.6657
      vertex 160 53.1021 43.6657
    endloop
  endfacet
  facet normal 0 0.908049 0.418864
    outer loop
      vertex 97 53.1021 43.6657
      vertex 160 53.1843 43.4875
      vertex 97 53.1843 43.4875
    endloop
  endfacet
  facet normal 0 -0.751945 0.659226
    outer loop
      vertex 97 45.6313 43.8631
      vertex 160 45.7607 44.0107
      vertex 97 45.7607 44.0107
    endloop
  endfacet
  facet normal 0 -0.751945 0.659226
    outer loop
      vertex 160 45.7607 44.0107
      vertex 97 45.6313 43.8631
      vertex 160 45.6313 43.8631
    endloop
  endfacet
  facet normal -0 0.577423 0.816445
    outer loop
      vertex 97 52.7279 44.1157
      vertex 160 52.5677 44.229
      vertex 160 52.7279 44.1157
    endloop
  endfacet
  facet normal 0 0.577423 0.816445
    outer loop
      vertex 160 52.5677 44.229
      vertex 97 52.7279 44.1157
      vertex 97 52.5677 44.229
    endloop
  endfacet
  facet normal 0 -0.65919 0.751976
    outer loop
      vertex 97 45.9082 44.14
      vertex 160 45.7607 44.0107
      vertex 160 45.9082 44.14
    endloop
  endfacet
  facet normal 0 -0.65919 0.751976
    outer loop
      vertex 160 45.7607 44.0107
      vertex 97 45.9082 44.14
      vertex 97 45.7607 44.0107
    endloop
  endfacet
  facet normal 0 -0.831422 0.555641
    outer loop
      vertex 97 45.5223 43.7
      vertex 160 45.6313 43.8631
      vertex 97 45.6313 43.8631
    endloop
  endfacet
  facet normal 0 -0.831422 0.555641
    outer loop
      vertex 160 45.6313 43.8631
      vertex 97 45.5223 43.7
      vertex 160 45.5223 43.7
    endloop
  endfacet
  facet normal 0 -0.321574 0.946885
    outer loop
      vertex 97 64.4331 44.3989
      vertex 160 64.2473 44.3358
      vertex 160 64.4331 44.3989
    endloop
  endfacet
  facet normal 0 -0.321574 0.946885
    outer loop
      vertex 160 64.2473 44.3358
      vertex 97 64.4331 44.3989
      vertex 97 64.2473 44.3358
    endloop
  endfacet
  facet normal 0 0.76889 0.639382
    outer loop
      vertex 160 70.9974 43.8317
      vertex 97 70.872 43.9825
      vertex 160 70.872 43.9825
    endloop
  endfacet
  facet normal 0 0.76889 0.639382
    outer loop
      vertex 97 70.872 43.9825
      vertex 160 70.9974 43.8317
      vertex 97 70.9974 43.8317
    endloop
  endfacet
  facet normal 0 0.845816 0.533475
    outer loop
      vertex 160 71.1021 43.6657
      vertex 97 70.9974 43.8317
      vertex 160 70.9974 43.8317
    endloop
  endfacet
  facet normal 0 0.845816 0.533475
    outer loop
      vertex 97 70.9974 43.8317
      vertex 160 71.1021 43.6657
      vertex 97 71.1021 43.6657
    endloop
  endfacet
  facet normal 0 -0.555641 0.831422
    outer loop
      vertex 97 64.0713 44.249
      vertex 160 63.9082 44.14
      vertex 160 64.0713 44.249
    endloop
  endfacet
  facet normal 0 -0.555641 0.831422
    outer loop
      vertex 160 63.9082 44.14
      vertex 97 64.0713 44.249
      vertex 97 63.9082 44.14
    endloop
  endfacet
  facet normal 0 -0.987688 0.156436
    outer loop
      vertex 97 57.2919 5
      vertex 160 63.3398 43.1846
      vertex 97 63.3398 43.1846
    endloop
  endfacet
  facet normal 0 -0.987688 0.156436
    outer loop
      vertex 160 63.3398 43.1846
      vertex 97 57.2919 5
      vertex 160 57.2919 5
    endloop
  endfacet
  facet normal 0 0.995784 -0.0917303
    outer loop
      vertex 160 71.2654 42.7153
      vertex 97 71.2834 42.9107
      vertex 160 71.2834 42.9107
    endloop
  endfacet
  facet normal 0 0.995784 -0.0917303
    outer loop
      vertex 97 71.2834 42.9107
      vertex 160 71.2654 42.7153
      vertex 97 71.2654 42.7153
    endloop
  endfacet
  facet normal -0 0.0785803 0.996908
    outer loop
      vertex 97 70.0186 44.4315
      vertex 160 69.7839 44.45
      vertex 160 70.0186 44.4315
    endloop
  endfacet
  facet normal 0 0.0785803 0.996908
    outer loop
      vertex 160 69.7839 44.45
      vertex 97 70.0186 44.4315
      vertex 97 69.7839 44.45
    endloop
  endfacet
  facet normal -0 0 1
    outer loop
      vertex 97 69.7839 44.45
      vertex 160 64.8213 44.45
      vertex 160 69.7839 44.45
    endloop
  endfacet
  facet normal 0 0 1
    outer loop
      vertex 160 64.8213 44.45
      vertex 97 69.7839 44.45
      vertex 97 64.8213 44.45
    endloop
  endfacet
  facet normal 0 -0.442315 0.89686
    outer loop
      vertex 97 64.2473 44.3358
      vertex 160 64.0713 44.249
      vertex 160 64.2473 44.3358
    endloop
  endfacet
  facet normal 0 -0.442315 0.89686
    outer loop
      vertex 160 64.0713 44.249
      vertex 97 64.2473 44.3358
      vertex 97 64.0713 44.249
    endloop
  endfacet
  facet normal 0 -0.89686 0.442315
    outer loop
      vertex 97 63.4355 43.524
      vertex 160 63.5223 43.7
      vertex 97 63.5223 43.7
    endloop
  endfacet
  facet normal 0 -0.89686 0.442315
    outer loop
      vertex 160 63.5223 43.7
      vertex 97 63.4355 43.524
      vertex 160 63.4355 43.524
    endloop
  endfacet
  facet normal 0 -0.946885 0.321574
    outer loop
      vertex 97 63.3724 43.3382
      vertex 160 63.4355 43.524
      vertex 97 63.4355 43.524
    endloop
  endfacet
  facet normal 0 -0.946885 0.321574
    outer loop
      vertex 160 63.4355 43.524
      vertex 97 63.3724 43.3382
      vertex 160 63.3724 43.3382
    endloop
  endfacet
  facet normal 0 -0.0652336 0.99787
    outer loop
      vertex 97 64.8213 44.45
      vertex 160 64.6255 44.4372
      vertex 160 64.8213 44.45
    endloop
  endfacet
  facet normal 0 -0.0652336 0.99787
    outer loop
      vertex 160 64.6255 44.4372
      vertex 97 64.8213 44.45
      vertex 97 64.6255 44.4372
    endloop
  endfacet
  facet normal 0 0.95496 0.296736
    outer loop
      vertex 160 71.2425 43.3002
      vertex 97 71.1843 43.4875
      vertex 160 71.1843 43.4875
    endloop
  endfacet
  facet normal 0 0.95496 0.296736
    outer loop
      vertex 97 71.1843 43.4875
      vertex 160 71.2425 43.3002
      vertex 97 71.2425 43.3002
    endloop
  endfacet
  facet normal -0 0.678788 0.734334
    outer loop
      vertex 97 70.872 43.9825
      vertex 160 70.7279 44.1157
      vertex 160 70.872 43.9825
    endloop
  endfacet
  facet normal 0 0.678788 0.734334
    outer loop
      vertex 160 70.7279 44.1157
      vertex 97 70.872 43.9825
      vertex 97 70.7279 44.1157
    endloop
  endfacet
  facet normal 0 -0.831422 0.555641
    outer loop
      vertex 97 63.5223 43.7
      vertex 160 63.6313 43.8631
      vertex 97 63.6313 43.8631
    endloop
  endfacet
  facet normal 0 -0.831422 0.555641
    outer loop
      vertex 160 63.6313 43.8631
      vertex 97 63.5223 43.7
      vertex 160 63.5223 43.7
    endloop
  endfacet
  facet normal 0 0.99923 0.0392354
    outer loop
      vertex 160 71.2834 42.9107
      vertex 97 71.2757 43.1068
      vertex 160 71.2757 43.1068
    endloop
  endfacet
  facet normal 0 0.99923 0.0392354
    outer loop
      vertex 97 71.2757 43.1068
      vertex 160 71.2834 42.9107
      vertex 97 71.2834 42.9107
    endloop
  endfacet
  facet normal 0 0.985583 0.16919
    outer loop
      vertex 160 71.2757 43.1068
      vertex 97 71.2425 43.3002
      vertex 160 71.2425 43.3002
    endloop
  endfacet
  facet normal 0 0.985583 0.16919
    outer loop
      vertex 97 71.2425 43.3002
      vertex 160 71.2757 43.1068
      vertex 97 71.2757 43.1068
    endloop
  endfacet
  facet normal 0 0.987688 -0.156434
    outer loop
      vertex 160 65.2919 5
      vertex 97 71.2654 42.7153
      vertex 160 71.2654 42.7153
    endloop
  endfacet
  facet normal 0 0.987688 -0.156434
    outer loop
      vertex 97 71.2654 42.7153
      vertex 160 65.2919 5
      vertex 97 65.2919 5
    endloop
  endfacet
  facet normal -0 0.220762 0.975328
    outer loop
      vertex 97 70.2099 44.3882
      vertex 160 70.0186 44.4315
      vertex 160 70.2099 44.3882
    endloop
  endfacet
  facet normal 0 0.220762 0.975328
    outer loop
      vertex 160 70.0186 44.4315
      vertex 97 70.2099 44.3882
      vertex 97 70.0186 44.4315
    endloop
  endfacet
  facet normal 0 -0.978211 0.207615
    outer loop
      vertex 97 63.3398 43.1846
      vertex 160 63.3724 43.3382
      vertex 97 63.3724 43.3382
    endloop
  endfacet
  facet normal 0 -0.978211 0.207615
    outer loop
      vertex 160 63.3724 43.3382
      vertex 97 63.3398 43.1846
      vertex 160 63.3398 43.1846
    endloop
  endfacet
  facet normal 0 -0.195234 0.980757
    outer loop
      vertex 97 64.6255 44.4372
      vertex 160 64.4331 44.3989
      vertex 160 64.6255 44.4372
    endloop
  endfacet
  facet normal 0 -0.195234 0.980757
    outer loop
      vertex 160 64.4331 44.3989
      vertex 97 64.6255 44.4372
      vertex 97 64.4331 44.3989
    endloop
  endfacet
  facet normal -0 0.346036 0.938221
    outer loop
      vertex 97 70.394 44.3203
      vertex 160 70.2099 44.3882
      vertex 160 70.394 44.3203
    endloop
  endfacet
  facet normal 0 0.346036 0.938221
    outer loop
      vertex 160 70.2099 44.3882
      vertex 97 70.394 44.3203
      vertex 97 70.2099 44.3882
    endloop
  endfacet
  facet normal -0 0.465263 0.885172
    outer loop
      vertex 97 70.5677 44.229
      vertex 160 70.394 44.3203
      vertex 160 70.5677 44.229
    endloop
  endfacet
  facet normal 0 0.465263 0.885172
    outer loop
      vertex 160 70.394 44.3203
      vertex 97 70.5677 44.229
      vertex 97 70.394 44.3203
    endloop
  endfacet
  facet normal 0 0.908049 0.418864
    outer loop
      vertex 160 71.1843 43.4875
      vertex 97 71.1021 43.6657
      vertex 160 71.1021 43.6657
    endloop
  endfacet
  facet normal 0 0.908049 0.418864
    outer loop
      vertex 97 71.1021 43.6657
      vertex 160 71.1843 43.4875
      vertex 97 71.1843 43.4875
    endloop
  endfacet
  facet normal 0 -0.751945 0.659226
    outer loop
      vertex 97 63.6313 43.8631
      vertex 160 63.7607 44.0107
      vertex 97 63.7607 44.0107
    endloop
  endfacet
  facet normal 0 -0.751945 0.659226
    outer loop
      vertex 160 63.7607 44.0107
      vertex 97 63.6313 43.8631
      vertex 160 63.6313 43.8631
    endloop
  endfacet
  facet normal -1 0 0
    outer loop
      vertex 97 71.2654 42.7153
      vertex 97 71.2757 43.1068
      vertex 97 71.2834 42.9107
    endloop
  endfacet
  facet normal -1 0 0
    outer loop
      vertex 97 71.2654 42.7153
      vertex 97 71.2425 43.3002
      vertex 97 71.2757 43.1068
    endloop
  endfacet
  facet normal -1 0 0
    outer loop
      vertex 97 71.2654 42.7153
      vertex 97 71.1843 43.4875
      vertex 97 71.2425 43.3002
    endloop
  endfacet
  facet normal -1 0 0
    outer loop
      vertex 97 71.2654 42.7153
      vertex 97 71.1021 43.6657
      vertex 97 71.1843 43.4875
    endloop
  endfacet
  facet normal -1 0 0
    outer loop
      vertex 97 71.2654 42.7153
      vertex 97 70.9974 43.8317
      vertex 97 71.1021 43.6657
    endloop
  endfacet
  facet normal -1 0 0
    outer loop
      vertex 97 71.2654 42.7153
      vertex 97 70.872 43.9825
      vertex 97 70.9974 43.8317
    endloop
  endfacet
  facet normal -1 0 0
    outer loop
      vertex 97 71.2654 42.7153
      vertex 97 70.7279 44.1157
      vertex 97 70.872 43.9825
    endloop
  endfacet
  facet normal -1 0 0
    outer loop
      vertex 97 71.2654 42.7153
      vertex 97 70.5677 44.229
      vertex 97 70.7279 44.1157
    endloop
  endfacet
  facet normal -1 0 0
    outer loop
      vertex 97 71.2654 42.7153
      vertex 97 70.394 44.3203
      vertex 97 70.5677 44.229
    endloop
  endfacet
  facet normal -1 0 0
    outer loop
      vertex 97 71.2654 42.7153
      vertex 97 70.2099 44.3882
      vertex 97 70.394 44.3203
    endloop
  endfacet
  facet normal -1 0 0
    outer loop
      vertex 97 71.2654 42.7153
      vertex 97 70.0186 44.4315
      vertex 97 70.2099 44.3882
    endloop
  endfacet
  facet normal -1 0 0
    outer loop
      vertex 97 71.2654 42.7153
      vertex 97 69.7839 44.45
      vertex 97 70.0186 44.4315
    endloop
  endfacet
  facet normal -1 0 0
    outer loop
      vertex 97 63.3398 43.1846
      vertex 97 71.2654 42.7153
      vertex 97 65.2919 5
    endloop
  endfacet
  facet normal -1 0 -0
    outer loop
      vertex 97 64.8213 44.45
      vertex 97 71.2654 42.7153
      vertex 97 63.3398 43.1846
    endloop
  endfacet
  facet normal -1 0 0
    outer loop
      vertex 97 71.2654 42.7153
      vertex 97 64.8213 44.45
      vertex 97 69.7839 44.45
    endloop
  endfacet
  facet normal -1 0 0
    outer loop
      vertex 97 64.8213 44.45
      vertex 97 63.3398 43.1846
      vertex 97 64.6255 44.4372
    endloop
  endfacet
  facet normal -1 0 0
    outer loop
      vertex 97 64.6255 44.4372
      vertex 97 63.3398 43.1846
      vertex 97 64.4331 44.3989
    endloop
  endfacet
  facet normal -1 0 0
    outer loop
      vertex 97 64.4331 44.3989
      vertex 97 63.3398 43.1846
      vertex 97 64.2473 44.3358
    endloop
  endfacet
  facet normal -1 0 0
    outer loop
      vertex 97 64.2473 44.3358
      vertex 97 63.3398 43.1846
      vertex 97 64.0713 44.249
    endloop
  endfacet
  facet normal -1 0 0
    outer loop
      vertex 97 64.0713 44.249
      vertex 97 63.3398 43.1846
      vertex 97 63.9082 44.14
    endloop
  endfacet
  facet normal -1 0 0
    outer loop
      vertex 97 63.9082 44.14
      vertex 97 63.3398 43.1846
      vertex 97 63.7607 44.0107
    endloop
  endfacet
  facet normal -1 0 0
    outer loop
      vertex 97 63.7607 44.0107
      vertex 97 63.3398 43.1846
      vertex 97 63.6313 43.8631
    endloop
  endfacet
  facet normal -1 0 0
    outer loop
      vertex 97 63.6313 43.8631
      vertex 97 63.3398 43.1846
      vertex 97 63.5223 43.7
    endloop
  endfacet
  facet normal -1 0 0
    outer loop
      vertex 97 63.5223 43.7
      vertex 97 63.3398 43.1846
      vertex 97 63.4355 43.524
    endloop
  endfacet
  facet normal -1 0 0
    outer loop
      vertex 97 63.4355 43.524
      vertex 97 63.3398 43.1846
      vertex 97 63.3724 43.3382
    endloop
  endfacet
  facet normal -1 0 -0
    outer loop
      vertex 97 63.3398 43.1846
      vertex 97 65.2919 5
      vertex 97 57.2919 5
    endloop
  endfacet
  facet normal -0 0.577423 0.816445
    outer loop
      vertex 97 70.7279 44.1157
      vertex 160 70.5677 44.229
      vertex 160 70.7279 44.1157
    endloop
  endfacet
  facet normal 0 0.577423 0.816445
    outer loop
      vertex 160 70.5677 44.229
      vertex 97 70.7279 44.1157
      vertex 97 70.5677 44.229
    endloop
  endfacet
  facet normal 0 -0.65919 0.751976
    outer loop
      vertex 97 63.9082 44.14
      vertex 160 63.7607 44.0107
      vertex 160 63.9082 44.14
    endloop
  endfacet
  facet normal 0 -0.65919 0.751976
    outer loop
      vertex 160 63.7607 44.0107
      vertex 97 63.9082 44.14
      vertex 97 63.7607 44.0107
    endloop
  endfacet
  facet normal 0 -0.321574 0.946885
    outer loop
      vertex 97 82.4331 44.3989
      vertex 160 82.2473 44.3358
      vertex 160 82.4331 44.3989
    endloop
  endfacet
  facet normal 0 -0.321574 0.946885
    outer loop
      vertex 160 82.2473 44.3358
      vertex 97 82.4331 44.3989
      vertex 97 82.2473 44.3358
    endloop
  endfacet
  facet normal 0 0.76889 0.639382
    outer loop
      vertex 160 88.9974 43.8317
      vertex 97 88.872 43.9825
      vertex 160 88.872 43.9825
    endloop
  endfacet
  facet normal 0 0.76889 0.639382
    outer loop
      vertex 97 88.872 43.9825
      vertex 160 88.9974 43.8317
      vertex 97 88.9974 43.8317
    endloop
  endfacet
  facet normal 0 0.845816 0.533475
    outer loop
      vertex 160 89.1021 43.6657
      vertex 97 88.9974 43.8317
      vertex 160 88.9974 43.8317
    endloop
  endfacet
  facet normal 0 0.845816 0.533475
    outer loop
      vertex 97 88.9974 43.8317
      vertex 160 89.1021 43.6657
      vertex 97 89.1021 43.6657
    endloop
  endfacet
  facet normal 0 -0.555641 0.831422
    outer loop
      vertex 97 82.0713 44.249
      vertex 160 81.9082 44.14
      vertex 160 82.0713 44.249
    endloop
  endfacet
  facet normal 0 -0.555641 0.831422
    outer loop
      vertex 160 81.9082 44.14
      vertex 97 82.0713 44.249
      vertex 97 81.9082 44.14
    endloop
  endfacet
  facet normal 0 -0.987688 0.156436
    outer loop
      vertex 97 75.2919 5
      vertex 160 81.3398 43.1846
      vertex 97 81.3398 43.1846
    endloop
  endfacet
  facet normal 0 -0.987688 0.156436
    outer loop
      vertex 160 81.3398 43.1846
      vertex 97 75.2919 5
      vertex 160 75.2919 5
    endloop
  endfacet
  facet normal 0 0.995784 -0.0917303
    outer loop
      vertex 160 89.2654 42.7153
      vertex 97 89.2834 42.9107
      vertex 160 89.2834 42.9107
    endloop
  endfacet
  facet normal 0 0.995784 -0.0917303
    outer loop
      vertex 97 89.2834 42.9107
      vertex 160 89.2654 42.7153
      vertex 97 89.2654 42.7153
    endloop
  endfacet
  facet normal -0 0.0785803 0.996908
    outer loop
      vertex 97 88.0186 44.4315
      vertex 160 87.7839 44.45
      vertex 160 88.0186 44.4315
    endloop
  endfacet
  facet normal 0 0.0785803 0.996908
    outer loop
      vertex 160 87.7839 44.45
      vertex 97 88.0186 44.4315
      vertex 97 87.7839 44.45
    endloop
  endfacet
  facet normal -0 0 1
    outer loop
      vertex 97 87.7839 44.45
      vertex 160 82.8213 44.45
      vertex 160 87.7839 44.45
    endloop
  endfacet
  facet normal 0 0 1
    outer loop
      vertex 160 82.8213 44.45
      vertex 97 87.7839 44.45
      vertex 97 82.8213 44.45
    endloop
  endfacet
  facet normal 0 -0.442315 0.89686
    outer loop
      vertex 97 82.2473 44.3358
      vertex 160 82.0713 44.249
      vertex 160 82.2473 44.3358
    endloop
  endfacet
  facet normal 0 -0.442315 0.89686
    outer loop
      vertex 160 82.0713 44.249
      vertex 97 82.2473 44.3358
      vertex 97 82.0713 44.249
    endloop
  endfacet
  facet normal 0 -0.89686 0.442315
    outer loop
      vertex 97 81.4355 43.524
      vertex 160 81.5223 43.7
      vertex 97 81.5223 43.7
    endloop
  endfacet
  facet normal 0 -0.89686 0.442315
    outer loop
      vertex 160 81.5223 43.7
      vertex 97 81.4355 43.524
      vertex 160 81.4355 43.524
    endloop
  endfacet
  facet normal 0 -0.946885 0.321574
    outer loop
      vertex 97 81.3724 43.3382
      vertex 160 81.4355 43.524
      vertex 97 81.4355 43.524
    endloop
  endfacet
  facet normal 0 -0.946885 0.321574
    outer loop
      vertex 160 81.4355 43.524
      vertex 97 81.3724 43.3382
      vertex 160 81.3724 43.3382
    endloop
  endfacet
  facet normal 0 -0.0652336 0.99787
    outer loop
      vertex 97 82.8213 44.45
      vertex 160 82.6255 44.4372
      vertex 160 82.8213 44.45
    endloop
  endfacet
  facet normal 0 -0.0652336 0.99787
    outer loop
      vertex 160 82.6255 44.4372
      vertex 97 82.8213 44.45
      vertex 97 82.6255 44.4372
    endloop
  endfacet
  facet normal 0 0.95496 0.296736
    outer loop
      vertex 160 89.2425 43.3002
      vertex 97 89.1843 43.4875
      vertex 160 89.1843 43.4875
    endloop
  endfacet
  facet normal 0 0.95496 0.296736
    outer loop
      vertex 97 89.1843 43.4875
      vertex 160 89.2425 43.3002
      vertex 97 89.2425 43.3002
    endloop
  endfacet
  facet normal -0 0.678788 0.734334
    outer loop
      vertex 97 88.872 43.9825
      vertex 160 88.7279 44.1157
      vertex 160 88.872 43.9825
    endloop
  endfacet
  facet normal 0 0.678788 0.734334
    outer loop
      vertex 160 88.7279 44.1157
      vertex 97 88.872 43.9825
      vertex 97 88.7279 44.1157
    endloop
  endfacet
  facet normal 0 0.99923 0.0392354
    outer loop
      vertex 160 89.2834 42.9107
      vertex 97 89.2757 43.1068
      vertex 160 89.2757 43.1068
    endloop
  endfacet
  facet normal 0 0.99923 0.0392354
    outer loop
      vertex 97 89.2757 43.1068
      vertex 160 89.2834 42.9107
      vertex 97 89.2834 42.9107
    endloop
  endfacet
  facet normal 0 0.985583 0.16919
    outer loop
      vertex 160 89.2757 43.1068
      vertex 97 89.2425 43.3002
      vertex 160 89.2425 43.3002
    endloop
  endfacet
  facet normal 0 0.985583 0.16919
    outer loop
      vertex 97 89.2425 43.3002
      vertex 160 89.2757 43.1068
      vertex 97 89.2757 43.1068
    endloop
  endfacet
  facet normal -1 0 0
    outer loop
      vertex 97 89.2654 42.7153
      vertex 97 89.2757 43.1068
      vertex 97 89.2834 42.9107
    endloop
  endfacet
  facet normal -1 0 0
    outer loop
      vertex 97 89.2654 42.7153
      vertex 97 89.2425 43.3002
      vertex 97 89.2757 43.1068
    endloop
  endfacet
  facet normal -1 0 0
    outer loop
      vertex 97 89.2654 42.7153
      vertex 97 89.1843 43.4875
      vertex 97 89.2425 43.3002
    endloop
  endfacet
  facet normal -1 0 0
    outer loop
      vertex 97 89.2654 42.7153
      vertex 97 89.1021 43.6657
      vertex 97 89.1843 43.4875
    endloop
  endfacet
  facet normal -1 0 0
    outer loop
      vertex 97 89.2654 42.7153
      vertex 97 88.9974 43.8317
      vertex 97 89.1021 43.6657
    endloop
  endfacet
  facet normal -1 0 0
    outer loop
      vertex 97 89.2654 42.7153
      vertex 97 88.872 43.9825
      vertex 97 88.9974 43.8317
    endloop
  endfacet
  facet normal -1 0 0
    outer loop
      vertex 97 89.2654 42.7153
      vertex 97 88.7279 44.1157
      vertex 97 88.872 43.9825
    endloop
  endfacet
  facet normal -1 0 0
    outer loop
      vertex 97 89.2654 42.7153
      vertex 97 88.5677 44.229
      vertex 97 88.7279 44.1157
    endloop
  endfacet
  facet normal -1 0 0
    outer loop
      vertex 97 89.2654 42.7153
      vertex 97 88.394 44.3203
      vertex 97 88.5677 44.229
    endloop
  endfacet
  facet normal -1 0 0
    outer loop
      vertex 97 89.2654 42.7153
      vertex 97 88.2099 44.3882
      vertex 97 88.394 44.3203
    endloop
  endfacet
  facet normal -1 0 0
    outer loop
      vertex 97 89.2654 42.7153
      vertex 97 88.0186 44.4315
      vertex 97 88.2099 44.3882
    endloop
  endfacet
  facet normal -1 0 0
    outer loop
      vertex 97 89.2654 42.7153
      vertex 97 87.7839 44.45
      vertex 97 88.0186 44.4315
    endloop
  endfacet
  facet normal -1 0 0
    outer loop
      vertex 97 83 5
      vertex 97 89.2654 42.7153
      vertex 97 83 3.15689
    endloop
  endfacet
  facet normal -1 0 0
    outer loop
      vertex 97 81.3398 43.1846
      vertex 97 89.2654 42.7153
      vertex 97 83 5
    endloop
  endfacet
  facet normal -1 0 -0
    outer loop
      vertex 97 82.8213 44.45
      vertex 97 89.2654 42.7153
      vertex 97 81.3398 43.1846
    endloop
  endfacet
  facet normal -1 0 0
    outer loop
      vertex 97 89.2654 42.7153
      vertex 97 82.8213 44.45
      vertex 97 87.7839 44.45
    endloop
  endfacet
  facet normal -1 0 0
    outer loop
      vertex 97 82.8213 44.45
      vertex 97 81.3398 43.1846
      vertex 97 82.6255 44.4372
    endloop
  endfacet
  facet normal -1 0 0
    outer loop
      vertex 97 82.6255 44.4372
      vertex 97 81.3398 43.1846
      vertex 97 82.4331 44.3989
    endloop
  endfacet
  facet normal -1 0 0
    outer loop
      vertex 97 82.4331 44.3989
      vertex 97 81.3398 43.1846
      vertex 97 82.2473 44.3358
    endloop
  endfacet
  facet normal -1 0 0
    outer loop
      vertex 97 82.2473 44.3358
      vertex 97 81.3398 43.1846
      vertex 97 82.0713 44.249
    endloop
  endfacet
  facet normal -1 0 0
    outer loop
      vertex 97 82.0713 44.249
      vertex 97 81.3398 43.1846
      vertex 97 81.9082 44.14
    endloop
  endfacet
  facet normal -1 0 0
    outer loop
      vertex 97 81.9082 44.14
      vertex 97 81.3398 43.1846
      vertex 97 81.7607 44.0107
    endloop
  endfacet
  facet normal -1 0 0
    outer loop
      vertex 97 81.7607 44.0107
      vertex 97 81.3398 43.1846
      vertex 97 81.6313 43.8631
    endloop
  endfacet
  facet normal -1 0 0
    outer loop
      vertex 97 81.6313 43.8631
      vertex 97 81.3398 43.1846
      vertex 97 81.5223 43.7
    endloop
  endfacet
  facet normal -1 0 0
    outer loop
      vertex 97 81.5223 43.7
      vertex 97 81.3398 43.1846
      vertex 97 81.4355 43.524
    endloop
  endfacet
  facet normal -1 0 0
    outer loop
      vertex 97 81.4355 43.524
      vertex 97 81.3398 43.1846
      vertex 97 81.3724 43.3382
    endloop
  endfacet
  facet normal -1 0 -0
    outer loop
      vertex 97 81.3398 43.1846
      vertex 97 83 5
      vertex 97 75.2919 5
    endloop
  endfacet
  facet normal 0 0.987688 -0.156434
    outer loop
      vertex 142 83.2919 5
      vertex 160 89.2654 42.7153
      vertex 160 83.2919 5
    endloop
  endfacet
  facet normal 0 0.987688 -0.156434
    outer loop
      vertex 160 89.2654 42.7153
      vertex 142 83.2919 5
      vertex 97 89.2654 42.7153
    endloop
  endfacet
  facet normal 0 0.98769 -0.156424
    outer loop
      vertex 97 83 3.15689
      vertex 142 83.2919 5
      vertex 142 83 3.15689
    endloop
  endfacet
  facet normal 4.00326e-07 0.987688 -0.156434
    outer loop
      vertex 142 83.2919 5
      vertex 97 83 3.15689
      vertex 97 89.2654 42.7153
    endloop
  endfacet
  facet normal 0 -0.978211 0.207615
    outer loop
      vertex 97 81.3398 43.1846
      vertex 160 81.3724 43.3382
      vertex 97 81.3724 43.3382
    endloop
  endfacet
  facet normal 0 -0.978211 0.207615
    outer loop
      vertex 160 81.3724 43.3382
      vertex 97 81.3398 43.1846
      vertex 160 81.3398 43.1846
    endloop
  endfacet
  facet normal 0 -0.195234 0.980757
    outer loop
      vertex 97 82.6255 44.4372
      vertex 160 82.4331 44.3989
      vertex 160 82.6255 44.4372
    endloop
  endfacet
  facet normal 0 -0.195234 0.980757
    outer loop
      vertex 160 82.4331 44.3989
      vertex 97 82.6255 44.4372
      vertex 97 82.4331 44.3989
    endloop
  endfacet
  facet normal -0 0.346036 0.938221
    outer loop
      vertex 97 88.394 44.3203
      vertex 160 88.2099 44.3882
      vertex 160 88.394 44.3203
    endloop
  endfacet
  facet normal 0 0.346036 0.938221
    outer loop
      vertex 160 88.2099 44.3882
      vertex 97 88.394 44.3203
      vertex 97 88.2099 44.3882
    endloop
  endfacet
  facet normal -0 0.465263 0.885172
    outer loop
      vertex 97 88.5677 44.229
      vertex 160 88.394 44.3203
      vertex 160 88.5677 44.229
    endloop
  endfacet
  facet normal 0 0.465263 0.885172
    outer loop
      vertex 160 88.394 44.3203
      vertex 97 88.5677 44.229
      vertex 97 88.394 44.3203
    endloop
  endfacet
  facet normal 0 0.908049 0.418864
    outer loop
      vertex 160 89.1843 43.4875
      vertex 97 89.1021 43.6657
      vertex 160 89.1021 43.6657
    endloop
  endfacet
  facet normal 0 0.908049 0.418864
    outer loop
      vertex 97 89.1021 43.6657
      vertex 160 89.1843 43.4875
      vertex 97 89.1843 43.4875
    endloop
  endfacet
  facet normal 0 -0.751945 0.659226
    outer loop
      vertex 97 81.6313 43.8631
      vertex 160 81.7607 44.0107
      vertex 97 81.7607 44.0107
    endloop
  endfacet
  facet normal 0 -0.751945 0.659226
    outer loop
      vertex 160 81.7607 44.0107
      vertex 97 81.6313 43.8631
      vertex 160 81.6313 43.8631
    endloop
  endfacet
  facet normal -0 0.577423 0.816445
    outer loop
      vertex 97 88.7279 44.1157
      vertex 160 88.5677 44.229
      vertex 160 88.7279 44.1157
    endloop
  endfacet
  facet normal 0 0.577423 0.816445
    outer loop
      vertex 160 88.5677 44.229
      vertex 97 88.7279 44.1157
      vertex 97 88.5677 44.229
    endloop
  endfacet
  facet normal 0 -0.65919 0.751976
    outer loop
      vertex 97 81.9082 44.14
      vertex 160 81.7607 44.0107
      vertex 160 81.9082 44.14
    endloop
  endfacet
  facet normal 0 -0.65919 0.751976
    outer loop
      vertex 160 81.7607 44.0107
      vertex 97 81.9082 44.14
      vertex 97 81.7607 44.0107
    endloop
  endfacet
  facet normal -0 0.220762 0.975328
    outer loop
      vertex 97 88.2099 44.3882
      vertex 160 88.0186 44.4315
      vertex 160 88.2099 44.3882
    endloop
  endfacet
  facet normal 0 0.220762 0.975328
    outer loop
      vertex 160 88.0186 44.4315
      vertex 97 88.2099 44.3882
      vertex 97 88.0186 44.4315
    endloop
  endfacet
  facet normal 0 -0.831422 0.555641
    outer loop
      vertex 97 81.5223 43.7
      vertex 160 81.6313 43.8631
      vertex 97 81.6313 43.8631
    endloop
  endfacet
  facet normal 0 -0.831422 0.555641
    outer loop
      vertex 160 81.6313 43.8631
      vertex 97 81.5223 43.7
      vertex 160 81.5223 43.7
    endloop
  endfacet
  facet normal 0 -1 0
    outer loop
      vertex 0 0 5
      vertex 42.3605 0 3.39298
      vertex 42.3605 0 5
    endloop
  endfacet
  facet normal 0 0 0
    outer loop
      vertex 42.3605 0 3.39298
      vertex 47.0151 0 3.39298
      vertex 43.7818 0 3.39298
    endloop
  endfacet
  facet normal 0 -1 0
    outer loop
      vertex 53.7553 0 3.28282
      vertex 47.0151 0 3.39298
      vertex 42.3605 0 3.39298
    endloop
  endfacet
  facet normal 0 -1 0
    outer loop
      vertex 47.0151 0 3.39298
      vertex 53.7553 0 3.28282
      vertex 48.8922 0 3.39298
    endloop
  endfacet
  facet normal 0 -1 0
    outer loop
      vertex 48.8922 0 3.39298
      vertex 53.2566 0 3.30481
      vertex 52.7897 0 3.37073
    endloop
  endfacet
  facet normal 0 -1 0
    outer loop
      vertex 48.8922 0 3.39298
      vertex 53.7553 0 3.28282
      vertex 53.2566 0 3.30481
    endloop
  endfacet
  facet normal 0 -1 0
    outer loop
      vertex 102.85 0 3.39298
      vertex 160 0 0
      vertex 104.271 0 3.39298
    endloop
  endfacet
  facet normal 0 -1 -0
    outer loop
      vertex 42.3605 0 3.39298
      vertex 0 0 0
      vertex 53.7553 0 3.28282
    endloop
  endfacet
  facet normal 0 -1 0
    outer loop
      vertex 0 0 0
      vertex 42.3605 0 3.39298
      vertex 0 0 5
    endloop
  endfacet
  facet normal 0 -1 0
    outer loop
      vertex 43.7818 0 3.39298
      vertex 46.1195 0 5
      vertex 43.7818 0 5
    endloop
  endfacet
  facet normal 0 -1 -0
    outer loop
      vertex 46.1195 0 5
      vertex 43.7818 0 3.39298
      vertex 46.4819 0 4.34985
    endloop
  endfacet
  facet normal 0 -1 -0
    outer loop
      vertex 46.4819 0 4.34985
      vertex 43.7818 0 3.39298
      vertex 47.0151 0 3.39298
    endloop
  endfacet
  facet normal 0 -1 0
    outer loop
      vertex 48.8922 0 5
      vertex 50.6603 0 4.68368
      vertex 50.4566 0 5
    endloop
  endfacet
  facet normal 0 -1 0
    outer loop
      vertex 48.8922 0 3.39298
      vertex 50.6603 0 4.68368
      vertex 48.8922 0 5
    endloop
  endfacet
  facet normal 0 -1 -0
    outer loop
      vertex 50.6603 0 4.68368
      vertex 48.8922 0 3.39298
      vertex 50.9316 0 4.35974
    endloop
  endfacet
  facet normal 0 -1 -0
    outer loop
      vertex 50.9316 0 4.35974
      vertex 48.8922 0 3.39298
      vertex 51.2397 0 4.07403
    endloop
  endfacet
  facet normal 0 -1 -0
    outer loop
      vertex 51.2397 0 4.07403
      vertex 48.8922 0 3.39298
      vertex 51.5795 0 3.83227
    endloop
  endfacet
  facet normal 0 -1 -0
    outer loop
      vertex 51.5795 0 3.83227
      vertex 48.8922 0 3.39298
      vertex 51.904 0 3.65956
    endloop
  endfacet
  facet normal 0 -1 -0
    outer loop
      vertex 51.904 0 3.65956
      vertex 48.8922 0 3.39298
      vertex 51.9511 0 3.63448
    endloop
  endfacet
  facet normal 0 -1 0
    outer loop
      vertex 48.8922 0 3.39298
      vertex 52.3065 0 3.49894
      vertex 51.9511 0 3.63448
    endloop
  endfacet
  facet normal 0 -1 0
    outer loop
      vertex 48.8922 0 3.39298
      vertex 52.3545 0 3.48062
      vertex 52.3065 0 3.49894
    endloop
  endfacet
  facet normal 0 -1 -0
    outer loop
      vertex 52.3545 0 3.48062
      vertex 48.8922 0 3.39298
      vertex 52.7897 0 3.37073
    endloop
  endfacet
  facet normal 0 -1 0
    outer loop
      vertex 57.0136 0 4.92376
      vertex 59.4657 0 5
      vertex 57.0566 0 5
    endloop
  endfacet
  facet normal 0 -1 0
    outer loop
      vertex 56.9839 0 4.87988
      vertex 59.4657 0 5
      vertex 57.0136 0 4.92376
    endloop
  endfacet
  facet normal 0 -1 0
    outer loop
      vertex 56.8538 0 4.68741
      vertex 59.4657 0 5
      vertex 56.9839 0 4.87988
    endloop
  endfacet
  facet normal 0 -1 0
    outer loop
      vertex 59.8734 0 3.39298
      vertex 56.8538 0 4.68741
      vertex 56.6775 0 4.4687
    endloop
  endfacet
  facet normal 0 -1 0
    outer loop
      vertex 59.8734 0 3.39298
      vertex 56.6775 0 4.4687
      vertex 56.4845 0 4.26763
    endloop
  endfacet
  facet normal 0 -1 0
    outer loop
      vertex 59.8734 0 3.39298
      vertex 56.4845 0 4.26763
      vertex 56.4521 0 4.23924
    endloop
  endfacet
  facet normal 0 -1 0
    outer loop
      vertex 59.8734 0 3.39298
      vertex 56.4521 0 4.23924
      vertex 56.2749 0 4.08421
    endloop
  endfacet
  facet normal 0 -1 0
    outer loop
      vertex 59.8734 0 3.39298
      vertex 56.2749 0 4.08421
      vertex 56.2419 0 4.05999
    endloop
  endfacet
  facet normal 0 -1 0
    outer loop
      vertex 59.8734 0 3.39298
      vertex 56.2419 0 4.05999
      vertex 56.0487 0 3.91844
    endloop
  endfacet
  facet normal 0 -1 0
    outer loop
      vertex 59.8734 0 3.39298
      vertex 56.0487 0 3.91844
      vertex 56.0152 0 3.89795
    endloop
  endfacet
  facet normal 0 -1 0
    outer loop
      vertex 59.8734 0 3.39298
      vertex 56.0152 0 3.89795
      vertex 55.8059 0 3.77031
    endloop
  endfacet
  facet normal 0 -1 0
    outer loop
      vertex 59.8734 0 3.39298
      vertex 55.8059 0 3.77031
      vertex 55.5489 0 3.64098
    endloop
  endfacet
  facet normal 0 -1 0
    outer loop
      vertex 59.8734 0 3.39298
      vertex 55.5489 0 3.64098
      vertex 55.5152 0 3.62728
    endloop
  endfacet
  facet normal 0 -1 0
    outer loop
      vertex 59.8734 0 3.39298
      vertex 55.5152 0 3.62728
      vertex 55.2798 0 3.53155
    endloop
  endfacet
  facet normal 0 -1 0
    outer loop
      vertex 56.8538 0 4.68741
      vertex 59.8734 0 3.39298
      vertex 59.4657 0 5
    endloop
  endfacet
  facet normal 0 -1 0
    outer loop
      vertex 55.2461 0 3.52079
      vertex 59.8734 0 3.39298
      vertex 55.2798 0 3.53155
    endloop
  endfacet
  facet normal 0 -1 0
    outer loop
      vertex 54.9989 0 3.44201
      vertex 59.8734 0 3.39298
      vertex 55.2461 0 3.52079
    endloop
  endfacet
  facet normal 0 -1 0
    outer loop
      vertex 54.9649 0 3.43393
      vertex 59.8734 0 3.39298
      vertex 54.9989 0 3.44201
    endloop
  endfacet
  facet normal 0 0 0
    outer loop
      vertex 59.8734 0 3.39298
      vertex 64.4955 0 3.39298
      vertex 61.7722 0 3.39298
    endloop
  endfacet
  facet normal 0 0 0
    outer loop
      vertex 59.8734 0 3.39298
      vertex 66.3942 0 3.39298
      vertex 64.4955 0 3.39298
    endloop
  endfacet
  facet normal 0 0 0
    outer loop
      vertex 59.8734 0 3.39298
      vertex 71.8926 0 3.39298
      vertex 66.3942 0 3.39298
    endloop
  endfacet
  facet normal 0 -1 0
    outer loop
      vertex 0 0 0
      vertex 71.8926 0 3.39298
      vertex 59.8734 0 3.39298
    endloop
  endfacet
  facet normal 0 -1 -0
    outer loop
      vertex 71.8926 0 3.39298
      vertex 0 0 0
      vertex 73.493 0 3.39298
    endloop
  endfacet
  facet normal 0 -1 -0
    outer loop
      vertex 73.493 0 3.39298
      vertex 0 0 0
      vertex 79.1299 0 3.39298
    endloop
  endfacet
  facet normal 0 -1 -0
    outer loop
      vertex 79.1299 0 3.39298
      vertex 0 0 0
      vertex 84.8316 0 3.39298
    endloop
  endfacet
  facet normal 0 -1 -0
    outer loop
      vertex 84.8316 0 3.39298
      vertex 0 0 0
      vertex 85.2914 0 3.39298
    endloop
  endfacet
  facet normal 0 -1 -0
    outer loop
      vertex 85.2914 0 3.39298
      vertex 0 0 0
      vertex 86.8918 0 3.39298
    endloop
  endfacet
  facet normal 0 -1 0
    outer loop
      vertex 160 0 0
      vertex 86.8918 0 3.39298
      vertex 0 0 0
    endloop
  endfacet
  facet normal 0 -1 0
    outer loop
      vertex 86.8918 0 3.39298
      vertex 160 0 0
      vertex 91.1613 0 3.39298
    endloop
  endfacet
  facet normal 0 -1 0
    outer loop
      vertex 91.1613 0 3.39298
      vertex 160 0 0
      vertex 92.7454 0 3.39298
    endloop
  endfacet
  facet normal 0 -1 0
    outer loop
      vertex 92.7454 0 3.39298
      vertex 160 0 0
      vertex 94.7679 0 3.39298
    endloop
  endfacet
  facet normal 0 -1 0
    outer loop
      vertex 94.7679 0 3.39298
      vertex 160 0 0
      vertex 96.3628 0 3.39298
    endloop
  endfacet
  facet normal 0 -1 0
    outer loop
      vertex 96.3628 0 3.39298
      vertex 160 0 0
      vertex 99.8352 0 3.39298
    endloop
  endfacet
  facet normal 0 -1 0
    outer loop
      vertex 99.8352 0 3.39298
      vertex 160 0 0
      vertex 101.436 0 3.39298
    endloop
  endfacet
  facet normal 0 -1 0
    outer loop
      vertex 101.436 0 3.39298
      vertex 160 0 0
      vertex 102.85 0 3.39298
    endloop
  endfacet
  facet normal 0 -1 0
    outer loop
      vertex 104.271 0 3.39298
      vertex 114.272 0 3.28282
      vertex 107.505 0 3.39298
    endloop
  endfacet
  facet normal 0 -1 0
    outer loop
      vertex 107.505 0 3.39298
      vertex 114.272 0 3.28282
      vertex 109.382 0 3.39298
    endloop
  endfacet
  facet normal 0 -1 0
    outer loop
      vertex 54.7059 0 3.37236
      vertex 59.8734 0 3.39298
      vertex 54.9649 0 3.43393
    endloop
  endfacet
  facet normal 0 -1 0
    outer loop
      vertex 54.401 0 3.32262
      vertex 59.8734 0 3.39298
      vertex 54.7059 0 3.37236
    endloop
  endfacet
  facet normal 0 -1 0
    outer loop
      vertex 109.382 0 3.39298
      vertex 113.276 0 3.36849
      vertex 113.225 0 3.38062
    endloop
  endfacet
  facet normal 0 -1 0
    outer loop
      vertex 54.0841 0 3.29277
      vertex 59.8734 0 3.39298
      vertex 54.401 0 3.32262
    endloop
  endfacet
  facet normal 0 -1 0
    outer loop
      vertex 109.382 0 3.39298
      vertex 113.756 0 3.30423
      vertex 113.276 0 3.36849
    endloop
  endfacet
  facet normal 0 -1 0
    outer loop
      vertex 53.7553 0 3.28282
      vertex 59.8734 0 3.39298
      vertex 54.0841 0 3.29277
    endloop
  endfacet
  facet normal 0 -1 0
    outer loop
      vertex 0 0 0
      vertex 59.8734 0 3.39298
      vertex 53.7553 0 3.28282
    endloop
  endfacet
  facet normal 0 -1 0
    outer loop
      vertex 109.382 0 3.39298
      vertex 114.272 0 3.28282
      vertex 113.756 0 3.30423
    endloop
  endfacet
  facet normal 0 -1 0
    outer loop
      vertex 62.0588 0 4.64002
      vertex 64.1246 0 5
      vertex 62.1415 0 5
    endloop
  endfacet
  facet normal 0 -1 0
    outer loop
      vertex 64.4955 0 3.39298
      vertex 62.0588 0 4.64002
      vertex 61.7722 0 3.39298
    endloop
  endfacet
  facet normal 0 -1 0
    outer loop
      vertex 62.0588 0 4.64002
      vertex 64.4955 0 3.39298
      vertex 64.1246 0 5
    endloop
  endfacet
  facet normal 0 -1 0
    outer loop
      vertex 71.8926 0 3.39298
      vertex 66.8031 0 5
      vertex 66.3942 0 3.39298
    endloop
  endfacet
  facet normal 0 -1 0
    outer loop
      vertex 66.8031 0 5
      vertex 71.8926 0 3.39298
      vertex 71.8926 0 5
    endloop
  endfacet
  facet normal 0 -1 0
    outer loop
      vertex 73.493 0 3.39298
      vertex 79.1299 0 5
      vertex 73.493 0 5
    endloop
  endfacet
  facet normal 0 -1 -0
    outer loop
      vertex 79.1299 0 5
      vertex 73.493 0 3.39298
      vertex 79.1299 0 3.39298
    endloop
  endfacet
  facet normal 0 -1 0
    outer loop
      vertex 84.8316 0 4.64894
      vertex 80.7303 0 5
      vertex 80.7303 0 4.64894
    endloop
  endfacet
  facet normal 0 -1 0
    outer loop
      vertex 80.7303 0 5
      vertex 84.8316 0 4.64894
      vertex 85.8687 0 5
    endloop
  endfacet
  facet normal 0 -1 0
    outer loop
      vertex 85.2914 0 3.39298
      vertex 84.8316 0 4.64894
      vertex 84.8316 0 3.39298
    endloop
  endfacet
  facet normal 0 -1 0
    outer loop
      vertex 84.8316 0 4.64894
      vertex 85.2914 0 3.39298
      vertex 85.8687 0 5
    endloop
  endfacet
  facet normal 0 -1 0
    outer loop
      vertex 86.8918 0 3.39298
      vertex 90.6118 0 5
      vertex 87.4413 0 5
    endloop
  endfacet
  facet normal 0 -1 -0
    outer loop
      vertex 90.6118 0 5
      vertex 86.8918 0 3.39298
      vertex 91.1613 0 3.39298
    endloop
  endfacet
  facet normal 0 -1 0
    outer loop
      vertex 92.7454 0 3.39298
      vertex 94.7679 0 5
      vertex 92.1703 0 5
    endloop
  endfacet
  facet normal 0 -1 -0
    outer loop
      vertex 94.7679 0 5
      vertex 92.7454 0 3.39298
      vertex 94.7679 0 3.39298
    endloop
  endfacet
  facet normal 0 -1 0
    outer loop
      vertex 96.3628 0 3.39298
      vertex 99.8352 0 5
      vertex 96.3628 0 5
    endloop
  endfacet
  facet normal 0 -1 -0
    outer loop
      vertex 99.8352 0 5
      vertex 96.3628 0 3.39298
      vertex 99.8352 0 3.39298
    endloop
  endfacet
  facet normal 0 -1 0
    outer loop
      vertex 101.436 0 3.39298
      vertex 102.85 0 5
      vertex 101.436 0 5
    endloop
  endfacet
  facet normal 0 -1 -0
    outer loop
      vertex 102.85 0 5
      vertex 101.436 0 3.39298
      vertex 102.85 0 3.39298
    endloop
  endfacet
  facet normal 0 -1 0
    outer loop
      vertex 104.271 0 3.39298
      vertex 106.609 0 5
      vertex 104.271 0 5
    endloop
  endfacet
  facet normal 0 -1 -0
    outer loop
      vertex 106.609 0 5
      vertex 104.271 0 3.39298
      vertex 106.971 0 4.34985
    endloop
  endfacet
  facet normal 0 -1 -0
    outer loop
      vertex 106.971 0 4.34985
      vertex 104.271 0 3.39298
      vertex 107.505 0 3.39298
    endloop
  endfacet
  facet normal 0 -1 0
    outer loop
      vertex 109.382 0 5
      vertex 111.136 0 4.64996
      vertex 110.913 0 5
    endloop
  endfacet
  facet normal 0 -1 0
    outer loop
      vertex 109.382 0 3.39298
      vertex 111.136 0 4.64996
      vertex 109.382 0 5
    endloop
  endfacet
  facet normal 0 -1 -0
    outer loop
      vertex 111.136 0 4.64996
      vertex 109.382 0 3.39298
      vertex 111.402 0 4.33221
    endloop
  endfacet
  facet normal 0 -1 -0
    outer loop
      vertex 111.402 0 4.33221
      vertex 109.382 0 3.39298
      vertex 111.661 0 4.09494
    endloop
  endfacet
  facet normal 0 -1 -0
    outer loop
      vertex 111.661 0 4.09494
      vertex 109.382 0 3.39298
      vertex 111.706 0 4.05379
    endloop
  endfacet
  facet normal 0 -1 -0
    outer loop
      vertex 111.706 0 4.05379
      vertex 109.382 0 3.39298
      vertex 112 0 3.85026
    endloop
  endfacet
  facet normal 0 -1 -0
    outer loop
      vertex 112 0 3.85026
      vertex 109.382 0 3.39298
      vertex 112.046 0 3.81822
    endloop
  endfacet
  facet normal 0 -1 -0
    outer loop
      vertex 112.046 0 3.81822
      vertex 109.382 0 3.39298
      vertex 112.421 0 3.62547
    endloop
  endfacet
  facet normal 0 -1 0
    outer loop
      vertex 109.382 0 3.39298
      vertex 112.782 0 3.49337
      vertex 112.421 0 3.62547
    endloop
  endfacet
  facet normal 0 -1 0
    outer loop
      vertex 109.382 0 3.39298
      vertex 112.831 0 3.47557
      vertex 112.782 0 3.49337
    endloop
  endfacet
  facet normal 0 -1 -0
    outer loop
      vertex 112.831 0 3.47557
      vertex 109.382 0 3.39298
      vertex 113.225 0 3.38062
    endloop
  endfacet
  facet normal 0 -1 0
    outer loop
      vertex 117.896 0 4.63244
      vertex 160 0 5
      vertex 117.896 0 5
    endloop
  endfacet
  facet normal 0 -1 0
    outer loop
      vertex 160 0 0
      vertex 117.896 0 4.63244
      vertex 117.715 0 4.45706
    endloop
  endfacet
  facet normal 0 -1 0
    outer loop
      vertex 160 0 0
      vertex 117.715 0 4.45706
      vertex 117.683 0 4.43014
    endloop
  endfacet
  facet normal 0 -1 0
    outer loop
      vertex 160 0 0
      vertex 117.683 0 4.43014
      vertex 117.519 0 4.2929
    endloop
  endfacet
  facet normal 0 -1 0
    outer loop
      vertex 160 0 0
      vertex 117.519 0 4.2929
      vertex 117.486 0 4.26902
    endloop
  endfacet
  facet normal 0 -1 0
    outer loop
      vertex 160 0 0
      vertex 117.486 0 4.26902
      vertex 117.308 0 4.14
    endloop
  endfacet
  facet normal 0 -1 0
    outer loop
      vertex 160 0 0
      vertex 117.308 0 4.14
      vertex 117.274 0 4.1189
    endloop
  endfacet
  facet normal 0 -1 0
    outer loop
      vertex 160 0 0
      vertex 117.274 0 4.1189
      vertex 117.082 0 3.99834
    endloop
  endfacet
  facet normal 0 -1 0
    outer loop
      vertex 160 0 0
      vertex 117.082 0 3.99834
      vertex 116.841 0 3.86793
    endloop
  endfacet
  facet normal 0 -1 0
    outer loop
      vertex 160 0 0
      vertex 116.841 0 3.86793
      vertex 116.585 0 3.74874
    endloop
  endfacet
  facet normal 0 -1 0
    outer loop
      vertex 160 0 0
      vertex 116.585 0 3.74874
      vertex 116.314 0 3.64083
    endloop
  endfacet
  facet normal 0 -1 0
    outer loop
      vertex 160 0 0
      vertex 116.314 0 3.64083
      vertex 116.034 0 3.54585
    endloop
  endfacet
  facet normal 0 -1 0
    outer loop
      vertex 160 0 0
      vertex 116.034 0 3.54585
      vertex 115.75 0 3.46548
    endloop
  endfacet
  facet normal 0 -1 0
    outer loop
      vertex 160 0 0
      vertex 115.75 0 3.46548
      vertex 115.716 0 3.45778
    endloop
  endfacet
  facet normal 0 -1 0
    outer loop
      vertex 160 0 0
      vertex 115.716 0 3.45778
      vertex 115.462 0 3.39972
    endloop
  endfacet
  facet normal 0 -1 0
    outer loop
      vertex 160 0 0
      vertex 115.462 0 3.39972
      vertex 115.429 0 3.39389
    endloop
  endfacet
  facet normal 0 -1 0
    outer loop
      vertex 160 0 0
      vertex 115.429 0 3.39389
      vertex 115.17 0 3.34858
    endloop
  endfacet
  facet normal 0 -1 0
    outer loop
      vertex 160 0 0
      vertex 115.17 0 3.34858
      vertex 114.875 0 3.31204
    endloop
  endfacet
  facet normal 0 -1 0
    outer loop
      vertex 160 0 0
      vertex 114.875 0 3.31204
      vertex 114.575 0 3.29013
    endloop
  endfacet
  facet normal 0 -1 0
    outer loop
      vertex 104.271 0 3.39298
      vertex 160 0 0
      vertex 114.272 0 3.28282
    endloop
  endfacet
  facet normal 0 -1 0
    outer loop
      vertex 117.896 0 4.63244
      vertex 160 0 0
      vertex 160 0 5
    endloop
  endfacet
  facet normal 0 -1 0
    outer loop
      vertex 114.272 0 3.28282
      vertex 160 0 0
      vertex 114.575 0 3.29013
    endloop
  endfacet
  facet normal 0 -1 0
    outer loop
      vertex 52.9059 0 4.71454
      vertex 52.4211 0 5
      vertex 52.4603 0 4.96735
    endloop
  endfacet
  facet normal 0 -1 0
    outer loop
      vertex 52.7137 0 4.80094
      vertex 52.4603 0 4.96735
      vertex 52.4979 0 4.936
    endloop
  endfacet
  facet normal 0 -1 0
    outer loop
      vertex 52.4211 0 5
      vertex 54.0014 0 4.57291
      vertex 55.1296 0 5
    endloop
  endfacet
  facet normal 0 -1 0
    outer loop
      vertex 55.1296 0 5
      vertex 54.9988 0 4.90162
      vertex 55.0393 0 4.92618
    endloop
  endfacet
  facet normal 0 -1 0
    outer loop
      vertex 52.4603 0 4.96735
      vertex 52.7137 0 4.80094
      vertex 52.9059 0 4.71454
    endloop
  endfacet
  facet normal -0 -1 0
    outer loop
      vertex 54.2812 0 4.61168
      vertex 55.1296 0 5
      vertex 54.0014 0 4.57291
    endloop
  endfacet
  facet normal 0 -1 0
    outer loop
      vertex 54.9988 0 4.90162
      vertex 54.7798 0 4.77617
      vertex 54.8226 0 4.79465
    endloop
  endfacet
  facet normal 0 -1 0
    outer loop
      vertex 52.4211 0 5
      vertex 52.9059 0 4.71454
      vertex 53.7064 0 4.56335
    endloop
  endfacet
  facet normal 0 -1 0
    outer loop
      vertex 53.1989 0 4.62084
      vertex 52.9059 0 4.71454
      vertex 52.9474 0 4.69587
    endloop
  endfacet
  facet normal -0 -1 0
    outer loop
      vertex 54.7798 0 4.77617
      vertex 55.1296 0 5
      vertex 54.2812 0 4.61168
    endloop
  endfacet
  facet normal 0 -1 0
    outer loop
      vertex 52.9059 0 4.71454
      vertex 53.1989 0 4.62084
      vertex 53.7064 0 4.56335
    endloop
  endfacet
  facet normal 0 -1 0
    outer loop
      vertex 54.7798 0 4.77617
      vertex 54.2812 0 4.61168
      vertex 54.5858 0 4.69234
    endloop
  endfacet
  facet normal 0 -1 0
    outer loop
      vertex 54.5858 0 4.69234
      vertex 54.2812 0 4.61168
      vertex 54.329 0 4.61926
    endloop
  endfacet
  facet normal 0 -1 0
    outer loop
      vertex 53.7064 0 4.56335
      vertex 53.1989 0 4.62084
      vertex 53.4682 0 4.57581
    endloop
  endfacet
  facet normal 0 -1 0
    outer loop
      vertex 55.1296 0 5
      vertex 54.7798 0 4.77617
      vertex 54.9988 0 4.90162
    endloop
  endfacet
  facet normal 0 -1 0
    outer loop
      vertex 54.2812 0 4.61168
      vertex 54.0014 0 4.57291
      vertex 54.0522 0 4.57541
    endloop
  endfacet
  facet normal 0 -1 0
    outer loop
      vertex 52.4211 0 5
      vertex 53.7064 0 4.56335
      vertex 54.0014 0 4.57291
    endloop
  endfacet
  facet normal 0 -1 0
    outer loop
      vertex 54.0014 0 4.57291
      vertex 53.7064 0 4.56335
      vertex 53.7553 0 4.5608
    endloop
  endfacet
  facet normal -0 -1 0
    outer loop
      vertex 60.8964 0 5
      vertex 60.8681 0 5
      vertex 60.8825 0 4.92993
    endloop
  endfacet
  facet normal -0 -1 0
    outer loop
      vertex 65.4164 0 5
      vertex 65.3898 0 5
      vertex 65.4015 0 4.92993
    endloop
  endfacet
  facet normal 0 -1 0
    outer loop
      vertex 115.715 0 4.80539
      vertex 116.134 0 5
      vertex 112.902 0 5
    endloop
  endfacet
  facet normal 0 -1 0
    outer loop
      vertex 116.134 0 5
      vertex 116.003 0 4.9294
      vertex 116.108 0 4.98403
    endloop
  endfacet
  facet normal 0 -1 0
    outer loop
      vertex 113.042 0 4.89745
      vertex 112.902 0 5
      vertex 113 0 4.92207
    endloop
  endfacet
  facet normal 0 -1 0
    outer loop
      vertex 116.134 0 5
      vertex 115.715 0 4.80539
      vertex 116.003 0 4.9294
    endloop
  endfacet
  facet normal 0 -1 0
    outer loop
      vertex 113.267 0 4.7715
      vertex 112.902 0 5
      vertex 113.042 0 4.89745
    endloop
  endfacet
  facet normal 0 -1 0
    outer loop
      vertex 116.003 0 4.9294
      vertex 115.838 0 4.85362
      vertex 115.978 0 4.91674
    endloop
  endfacet
  facet normal 0 -1 0
    outer loop
      vertex 116.003 0 4.9294
      vertex 115.715 0 4.80539
      vertex 115.838 0 4.85362
    endloop
  endfacet
  facet normal 0 -1 0
    outer loop
      vertex 112.902 0 5
      vertex 115.525 0 4.73983
      vertex 115.715 0 4.80539
    endloop
  endfacet
  facet normal 0 -1 0
    outer loop
      vertex 113.267 0 4.7715
      vertex 113.042 0 4.89745
      vertex 113.223 0 4.79003
    endloop
  endfacet
  facet normal 0 -1 0
    outer loop
      vertex 112.902 0 5
      vertex 113.267 0 4.7715
      vertex 113.778 0 4.60637
    endloop
  endfacet
  facet normal 0 -1 0
    outer loop
      vertex 115.715 0 4.80539
      vertex 115.525 0 4.73983
      vertex 115.687 0 4.79465
    endloop
  endfacet
  facet normal 0 -1 0
    outer loop
      vertex 112.902 0 5
      vertex 115.387 0 4.69953
      vertex 115.525 0 4.73983
    endloop
  endfacet
  facet normal 0 -1 0
    outer loop
      vertex 112.902 0 5
      vertex 115.217 0 4.65668
      vertex 115.387 0 4.69953
    endloop
  endfacet
  facet normal 0 -1 0
    outer loop
      vertex 113.778 0 4.60637
      vertex 113.267 0 4.7715
      vertex 113.466 0 4.68732
    endloop
  endfacet
  facet normal 0 -1 0
    outer loop
      vertex 115.387 0 4.69953
      vertex 115.217 0 4.65668
      vertex 115.357 0 4.69087
    endloop
  endfacet
  facet normal 0 -1 0
    outer loop
      vertex 112.902 0 5
      vertex 115.016 0 4.61554
      vertex 115.217 0 4.65668
    endloop
  endfacet
  facet normal 0 -1 0
    outer loop
      vertex 115.217 0 4.65668
      vertex 115.016 0 4.61554
      vertex 115.187 0 4.64944
    endloop
  endfacet
  facet normal 0 -1 0
    outer loop
      vertex 113.778 0 4.60637
      vertex 113.466 0 4.68732
      vertex 113.729 0 4.61396
    endloop
  endfacet
  facet normal 0 -1 0
    outer loop
      vertex 112.902 0 5
      vertex 113.778 0 4.60637
      vertex 114.064 0 4.56745
    endloop
  endfacet
  facet normal 0 -1 0
    outer loop
      vertex 112.902 0 5
      vertex 114.843 0 4.58918
      vertex 115.016 0 4.61554
    endloop
  endfacet
  facet normal 0 -1 0
    outer loop
      vertex 112.902 0 5
      vertex 114.698 0 4.57356
      vertex 114.843 0 4.58918
    endloop
  endfacet
  facet normal 0 -1 0
    outer loop
      vertex 112.902 0 5
      vertex 114.523 0 4.56097
      vertex 114.698 0 4.57356
    endloop
  endfacet
  facet normal 0 -1 0
    outer loop
      vertex 114.064 0 4.56745
      vertex 113.778 0 4.60637
      vertex 114.012 0 4.56995
    endloop
  endfacet
  facet normal 0 -1 0
    outer loop
      vertex 112.902 0 5
      vertex 114.064 0 4.56745
      vertex 114.345 0 4.55592
    endloop
  endfacet
  facet normal 0 -1 0
    outer loop
      vertex 114.698 0 4.57356
      vertex 114.523 0 4.56097
      vertex 114.669 0 4.57034
    endloop
  endfacet
  facet normal 0 -1 0
    outer loop
      vertex 112.902 0 5
      vertex 114.345 0 4.55592
      vertex 114.523 0 4.56097
    endloop
  endfacet
  facet normal 0 -1 0
    outer loop
      vertex 114.523 0 4.56097
      vertex 114.345 0 4.55592
      vertex 114.493 0 4.55904
    endloop
  endfacet
  facet normal -0 -1 0
    outer loop
      vertex 114.345 0 4.55592
      vertex 114.064 0 4.56745
      vertex 114.315 0 4.55528
    endloop
  endfacet
  facet normal 0 1 -0
    outer loop
      vertex 160 11.5 5
      vertex 0 11.5 18.55
      vertex 160 11.5 18.55
    endloop
  endfacet
  facet normal 0 1 0
    outer loop
      vertex 0 11.5 18.55
      vertex 160 11.5 5
      vertex 0 11.5 5
    endloop
  endfacet
  facet normal 0 0.997844 0.0656309
    outer loop
      vertex 160 11.5 18.55
      vertex 0 11.4897 18.7066
      vertex 160 11.4897 18.7066
    endloop
  endfacet
  facet normal 0 0.997844 0.0656309
    outer loop
      vertex 0 11.4897 18.7066
      vertex 160 11.5 18.55
      vertex 0 11.5 18.55
    endloop
  endfacet
  facet normal 0 0.980825 0.194891
    outer loop
      vertex 160 11.4897 18.7066
      vertex 0 11.4591 18.8606
      vertex 160 11.4591 18.8606
    endloop
  endfacet
  facet normal 0 0.980825 0.194891
    outer loop
      vertex 0 11.4591 18.8606
      vertex 160 11.4897 18.7066
      vertex 0 11.4897 18.7066
    endloop
  endfacet
  facet normal 0 0.947013 0.321194
    outer loop
      vertex 160 11.4591 18.8606
      vertex 0 11.4087 19.0092
      vertex 160 11.4087 19.0092
    endloop
  endfacet
  facet normal 0 0.947013 0.321194
    outer loop
      vertex 0 11.4087 19.0092
      vertex 160 11.4591 18.8606
      vertex 0 11.4591 18.8606
    endloop
  endfacet
  facet normal 0 0.896708 0.442622
    outer loop
      vertex 160 11.4087 19.0092
      vertex 0 11.3392 19.15
      vertex 160 11.3392 19.15
    endloop
  endfacet
  facet normal 0 0.896708 0.442622
    outer loop
      vertex 0 11.3392 19.15
      vertex 160 11.4087 19.0092
      vertex 0 11.4087 19.0092
    endloop
  endfacet
  facet normal 0 0.831462 0.555582
    outer loop
      vertex 160 11.3392 19.15
      vertex 0 11.252 19.2805
      vertex 160 11.252 19.2805
    endloop
  endfacet
  facet normal 0 0.831462 0.555582
    outer loop
      vertex 0 11.252 19.2805
      vertex 160 11.3392 19.15
      vertex 0 11.3392 19.15
    endloop
  endfacet
  facet normal 0 0.751787 0.659406
    outer loop
      vertex 160 11.252 19.2805
      vertex 0 11.1485 19.3985
      vertex 160 11.1485 19.3985
    endloop
  endfacet
  facet normal 0 0.751787 0.659406
    outer loop
      vertex 0 11.1485 19.3985
      vertex 160 11.252 19.2805
      vertex 0 11.252 19.2805
    endloop
  endfacet
  facet normal -0 0.659406 0.751787
    outer loop
      vertex 0 11.1485 19.3985
      vertex 160 11.0305 19.502
      vertex 160 11.1485 19.3985
    endloop
  endfacet
  facet normal 0 0.659406 0.751787
    outer loop
      vertex 160 11.0305 19.502
      vertex 0 11.1485 19.3985
      vertex 0 11.0305 19.502
    endloop
  endfacet
  facet normal -0 0.555582 0.831462
    outer loop
      vertex 0 11.0305 19.502
      vertex 160 10.9 19.5892
      vertex 160 11.0305 19.502
    endloop
  endfacet
  facet normal 0 0.555582 0.831462
    outer loop
      vertex 160 10.9 19.5892
      vertex 0 11.0305 19.502
      vertex 0 10.9 19.5892
    endloop
  endfacet
  facet normal -0 0.442622 0.896708
    outer loop
      vertex 0 10.9 19.5892
      vertex 160 10.7592 19.6587
      vertex 160 10.9 19.5892
    endloop
  endfacet
  facet normal 0 0.442622 0.896708
    outer loop
      vertex 160 10.7592 19.6587
      vertex 0 10.9 19.5892
      vertex 0 10.7592 19.6587
    endloop
  endfacet
  facet normal -0 0.321194 0.947013
    outer loop
      vertex 0 10.7592 19.6587
      vertex 160 10.6106 19.7091
      vertex 160 10.7592 19.6587
    endloop
  endfacet
  facet normal 0 0.321194 0.947013
    outer loop
      vertex 160 10.6106 19.7091
      vertex 0 10.7592 19.6587
      vertex 0 10.6106 19.7091
    endloop
  endfacet
  facet normal -0 0.194891 0.980825
    outer loop
      vertex 0 10.6106 19.7091
      vertex 160 10.4566 19.7397
      vertex 160 10.6106 19.7091
    endloop
  endfacet
  facet normal 0 0.194891 0.980825
    outer loop
      vertex 160 10.4566 19.7397
      vertex 0 10.6106 19.7091
      vertex 0 10.4566 19.7397
    endloop
  endfacet
  facet normal -0 0.0656309 0.997844
    outer loop
      vertex 0 10.4566 19.7397
      vertex 160 10.3 19.75
      vertex 160 10.4566 19.7397
    endloop
  endfacet
  facet normal 0 0.0656309 0.997844
    outer loop
      vertex 160 10.3 19.75
      vertex 0 10.4566 19.7397
      vertex 0 10.3 19.75
    endloop
  endfacet
  facet normal -0 0 1
    outer loop
      vertex 0 10.3 19.75
      vertex 160 6.7 19.75
      vertex 160 10.3 19.75
    endloop
  endfacet
  facet normal 0 0 1
    outer loop
      vertex 160 6.7 19.75
      vertex 0 10.3 19.75
      vertex 0 6.7 19.75
    endloop
  endfacet
  facet normal 0 -0.0656183 0.997845
    outer loop
      vertex 0 6.7 19.75
      vertex 160 6.54337 19.7397
      vertex 160 6.7 19.75
    endloop
  endfacet
  facet normal 0 -0.0656183 0.997845
    outer loop
      vertex 160 6.54337 19.7397
      vertex 0 6.7 19.75
      vertex 0 6.54337 19.7397
    endloop
  endfacet
  facet normal 0 -0.194952 0.980813
    outer loop
      vertex 0 6.54337 19.7397
      vertex 160 6.38942 19.7091
      vertex 160 6.54337 19.7397
    endloop
  endfacet
  facet normal 0 -0.194952 0.980813
    outer loop
      vertex 160 6.38942 19.7091
      vertex 0 6.54337 19.7397
      vertex 0 6.38942 19.7091
    endloop
  endfacet
  facet normal 0 -0.321117 0.94704
    outer loop
      vertex 0 6.38942 19.7091
      vertex 160 6.24078 19.6587
      vertex 160 6.38942 19.7091
    endloop
  endfacet
  facet normal 0 -0.321117 0.94704
    outer loop
      vertex 160 6.24078 19.6587
      vertex 0 6.38942 19.7091
      vertex 0 6.24078 19.6587
    endloop
  endfacet
  facet normal 0 -0.442648 0.896696
    outer loop
      vertex 0 6.24078 19.6587
      vertex 160 6.09999 19.5892
      vertex 160 6.24078 19.6587
    endloop
  endfacet
  facet normal 0 -0.442648 0.896696
    outer loop
      vertex 160 6.09999 19.5892
      vertex 0 6.24078 19.6587
      vertex 0 6.09999 19.5892
    endloop
  endfacet
  facet normal 0 -0.555553 0.831481
    outer loop
      vertex 0 6.09999 19.5892
      vertex 160 5.96948 19.502
      vertex 160 6.09999 19.5892
    endloop
  endfacet
  facet normal 0 -0.555553 0.831481
    outer loop
      vertex 160 5.96948 19.502
      vertex 0 6.09999 19.5892
      vertex 0 5.96948 19.502
    endloop
  endfacet
  facet normal 0 -0.659375 0.751815
    outer loop
      vertex 0 5.96948 19.502
      vertex 160 5.85147 19.3985
      vertex 160 5.96948 19.502
    endloop
  endfacet
  facet normal 0 -0.659375 0.751815
    outer loop
      vertex 160 5.85147 19.3985
      vertex 0 5.96948 19.502
      vertex 0 5.85147 19.3985
    endloop
  endfacet
  facet normal 0 -0.751787 0.659406
    outer loop
      vertex 0 5.74797 19.2805
      vertex 160 5.85147 19.3985
      vertex 0 5.85147 19.3985
    endloop
  endfacet
  facet normal 0 -0.751787 0.659406
    outer loop
      vertex 160 5.85147 19.3985
      vertex 0 5.74797 19.2805
      vertex 160 5.74797 19.2805
    endloop
  endfacet
  facet normal 0 -0.831462 0.555582
    outer loop
      vertex 0 5.66077 19.15
      vertex 160 5.74797 19.2805
      vertex 0 5.74797 19.2805
    endloop
  endfacet
  facet normal 0 -0.831462 0.555582
    outer loop
      vertex 160 5.74797 19.2805
      vertex 0 5.66077 19.15
      vertex 160 5.66077 19.15
    endloop
  endfacet
  facet normal 0 -0.896885 0.442264
    outer loop
      vertex 0 5.59134 19.0092
      vertex 160 5.66077 19.15
      vertex 0 5.66077 19.15
    endloop
  endfacet
  facet normal 0 -0.896885 0.442264
    outer loop
      vertex 160 5.66077 19.15
      vertex 0 5.59134 19.0092
      vertex 160 5.59134 19.0092
    endloop
  endfacet
  facet normal 0 -0.946916 0.32148
    outer loop
      vertex 0 5.54089 18.8606
      vertex 160 5.59134 19.0092
      vertex 0 5.59134 19.0092
    endloop
  endfacet
  facet normal 0 -0.946916 0.32148
    outer loop
      vertex 160 5.59134 19.0092
      vertex 0 5.54089 18.8606
      vertex 160 5.54089 18.8606
    endloop
  endfacet
  facet normal 0 -0.980801 0.195014
    outer loop
      vertex 0 5.51027 18.7066
      vertex 160 5.54089 18.8606
      vertex 0 5.54089 18.8606
    endloop
  endfacet
  facet normal 0 -0.980801 0.195014
    outer loop
      vertex 160 5.54089 18.8606
      vertex 0 5.51027 18.7066
      vertex 160 5.51027 18.7066
    endloop
  endfacet
  facet normal 0 -0.997856 0.0654405
    outer loop
      vertex 0 5.5 18.55
      vertex 160 5.51027 18.7066
      vertex 0 5.51027 18.7066
    endloop
  endfacet
  facet normal 0 -0.997856 0.0654405
    outer loop
      vertex 160 5.51027 18.7066
      vertex 0 5.5 18.55
      vertex 160 5.5 18.55
    endloop
  endfacet
  facet normal 0 -1 0
    outer loop
      vertex 0 5.5 13
      vertex 160 5.5 18.55
      vertex 0 5.5 18.55
    endloop
  endfacet
  facet normal 0 -1 -0
    outer loop
      vertex 160 5.5 18.55
      vertex 0 5.5 13
      vertex 160 5.5 13
    endloop
  endfacet
  facet normal -0 0 1
    outer loop
      vertex 0 5.5 13
      vertex 160 4.29915 13
      vertex 160 5.5 13
    endloop
  endfacet
  facet normal 0 0 1
    outer loop
      vertex 160 4.29915 13
      vertex 0 5.5 13
      vertex 0 4.29915 13
    endloop
  endfacet
  facet normal 0 -0.0656183 0.997845
    outer loop
      vertex 0 4.29915 13
      vertex 160 4.14252 12.9897
      vertex 160 4.29915 13
    endloop
  endfacet
  facet normal 0 -0.0656183 0.997845
    outer loop
      vertex 160 4.14252 12.9897
      vertex 0 4.29915 13
      vertex 0 4.14252 12.9897
    endloop
  endfacet
  facet normal 0 -0.194952 0.980813
    outer loop
      vertex 0 4.14252 12.9897
      vertex 160 3.98857 12.9591
      vertex 160 4.14252 12.9897
    endloop
  endfacet
  facet normal 0 -0.194952 0.980813
    outer loop
      vertex 160 3.98857 12.9591
      vertex 0 4.14252 12.9897
      vertex 0 3.98857 12.9591
    endloop
  endfacet
  facet normal 0 -0.321136 0.947033
    outer loop
      vertex 0 3.98857 12.9591
      vertex 160 3.83994 12.9087
      vertex 160 3.98857 12.9591
    endloop
  endfacet
  facet normal 0 -0.321136 0.947033
    outer loop
      vertex 160 3.83994 12.9087
      vertex 0 3.98857 12.9591
      vertex 0 3.83994 12.9087
    endloop
  endfacet
  facet normal 0 -0.442622 0.896708
    outer loop
      vertex 0 3.83994 12.9087
      vertex 160 3.69914 12.8392
      vertex 160 3.83994 12.9087
    endloop
  endfacet
  facet normal 0 -0.442622 0.896708
    outer loop
      vertex 160 3.69914 12.8392
      vertex 0 3.83994 12.9087
      vertex 0 3.69914 12.8392
    endloop
  endfacet
  facet normal 0 -0.555553 0.831481
    outer loop
      vertex 0 3.69914 12.8392
      vertex 160 3.56863 12.752
      vertex 160 3.69914 12.8392
    endloop
  endfacet
  facet normal 0 -0.555553 0.831481
    outer loop
      vertex 160 3.56863 12.752
      vertex 0 3.69914 12.8392
      vertex 0 3.56863 12.752
    endloop
  endfacet
  facet normal 0 -0.659375 0.751815
    outer loop
      vertex 0 3.56863 12.752
      vertex 160 3.45062 12.6485
      vertex 160 3.56863 12.752
    endloop
  endfacet
  facet normal 0 -0.659375 0.751815
    outer loop
      vertex 160 3.45062 12.6485
      vertex 0 3.56863 12.752
      vertex 0 3.45062 12.6485
    endloop
  endfacet
  facet normal 0 -0.751787 0.659406
    outer loop
      vertex 0 3.34712 12.5305
      vertex 160 3.45062 12.6485
      vertex 0 3.45062 12.6485
    endloop
  endfacet
  facet normal 0 -0.751787 0.659406
    outer loop
      vertex 160 3.45062 12.6485
      vertex 0 3.34712 12.5305
      vertex 160 3.34712 12.5305
    endloop
  endfacet
  facet normal 0 -0.831462 0.555582
    outer loop
      vertex 0 3.25992 12.4
      vertex 160 3.34712 12.5305
      vertex 0 3.34712 12.5305
    endloop
  endfacet
  facet normal 0 -0.831462 0.555582
    outer loop
      vertex 160 3.34712 12.5305
      vertex 0 3.25992 12.4
      vertex 160 3.25992 12.4
    endloop
  endfacet
  facet normal 0 -0.896885 0.442264
    outer loop
      vertex 0 3.19049 12.2592
      vertex 160 3.25992 12.4
      vertex 0 3.25992 12.4
    endloop
  endfacet
  facet normal 0 -0.896885 0.442264
    outer loop
      vertex 160 3.25992 12.4
      vertex 0 3.19049 12.2592
      vertex 160 3.19049 12.2592
    endloop
  endfacet
  facet normal 0 -0.946936 0.321423
    outer loop
      vertex 0 3.14005 12.1106
      vertex 160 3.19049 12.2592
      vertex 0 3.19049 12.2592
    endloop
  endfacet
  facet normal 0 -0.946936 0.321423
    outer loop
      vertex 160 3.19049 12.2592
      vertex 0 3.14005 12.1106
      vertex 160 3.14005 12.1106
    endloop
  endfacet
  facet normal 0 -0.97629 0.216465
    outer loop
      vertex 0 3.11739 12.0084
      vertex 160 3.14005 12.1106
      vertex 0 3.14005 12.1106
    endloop
  endfacet
  facet normal 0 -0.97629 0.216465
    outer loop
      vertex 160 3.14005 12.1106
      vertex 0 3.11739 12.0084
      vertex 160 3.11739 12.0084
    endloop
  endfacet
  facet normal 0 -0.984808 0.173647
    outer loop
      vertex 0 1.88163 5
      vertex 160 3.11739 12.0084
      vertex 0 3.11739 12.0084
    endloop
  endfacet
  facet normal 0 -0.984808 0.173647
    outer loop
      vertex 160 3.11739 12.0084
      vertex 0 1.88163 5
      vertex 160 1.88163 5
    endloop
  endfacet
  facet normal -1 0 0
    outer loop
      vertex 95.5 20 0
      vertex 95.5 72 5
      vertex 95.5 72 0
    endloop
  endfacet
  facet normal -1 -0 0
    outer loop
      vertex 95.5 72 5
      vertex 95.5 20 0
      vertex 95.5 20 5
    endloop
  endfacet
  facet normal 1 -0 0
    outer loop
      vertex 64.5 20 5
      vertex 64.5 72 0
      vertex 64.5 72 5
    endloop
  endfacet
  facet normal 1 0 0
    outer loop
      vertex 64.5 72 0
      vertex 64.5 20 5
      vertex 64.5 20 0
    endloop
  endfacet
  facet normal 0 -1 0
    outer loop
      vertex 64.5 72 0
      vertex 95.5 72 5
      vertex 64.5 72 5
    endloop
  endfacet
  facet normal 0 -1 -0
    outer loop
      vertex 95.5 72 5
      vertex 64.5 72 0
      vertex 95.5 72 0
    endloop
  endfacet
  facet normal 0 1 -0
    outer loop
      vertex 95.5 20 0
      vertex 64.5 20 5
      vertex 95.5 20 5
    endloop
  endfacet
  facet normal 0 1 0
    outer loop
      vertex 64.5 20 5
      vertex 95.5 20 0
      vertex 64.5 20 0
    endloop
  endfacet
  facet normal 0 -0.984807 0.173651
    outer loop
      vertex 57.1261 0.699865 5
      vertex 56.69 0.699865 5
      vertex 57.0136 0.665724 4.80638
    endloop
  endfacet
  facet normal -8.85615e-07 -0.984808 0.173648
    outer loop
      vertex 114.012 0.605219 4.46324
      vertex 113.756 0.388768 3.23568
      vertex 114.272 0.385107 3.21492
    endloop
  endfacet
  facet normal -3.91597e-06 -0.984808 0.173648
    outer loop
      vertex 114.012 0.605219 4.46324
      vertex 113.729 0.612744 4.50591
      vertex 113.756 0.388768 3.23568
    endloop
  endfacet
  facet normal 1.63042e-06 -0.984808 0.173648
    outer loop
      vertex 113.466 0.625291 4.57707
      vertex 113.276 0.399756 3.298
      vertex 113.729 0.612744 4.50591
    endloop
  endfacet
  facet normal 0 -0.984807 0.17365
    outer loop
      vertex 56.373 0.699865 5
      vertex 56.1583 0.699865 5
      vertex 56.8538 0.625306 4.57716
    endloop
  endfacet
  facet normal 4.07821e-07 -0.984808 0.173648
    outer loop
      vertex 113.223 0.642855 4.67668
      vertex 112.421 0.443704 3.54724
      vertex 112.831 0.418068 3.40185
    endloop
  endfacet
  facet normal -1.68754e-06 -0.984808 0.17365
    outer loop
      vertex 113 0.665436 4.80474
      vertex 112.421 0.443704 3.54724
      vertex 113.223 0.642855 4.67668
    endloop
  endfacet
  facet normal 0 -0.984808 0.173649
    outer loop
      vertex 55.9685 0.699865 5
      vertex 55.6529 0.699865 5
      vertex 56.6775 0.587904 4.36504
    endloop
  endfacet
  facet normal 0 -0.984808 0.173648
    outer loop
      vertex 56.2749 0.522152 3.99214
      vertex 55.5757 0.699865 5
      vertex 55.5236 0.699865 5
    endloop
  endfacet
  facet normal 5.25373e-07 -0.984808 0.173649
    outer loop
      vertex 55.5757 0.699865 5
      vertex 56.2749 0.522152 3.99214
      vertex 56.4845 0.553519 4.17003
    endloop
  endfacet
  facet normal -4.29724e-06 -0.984808 0.173645
    outer loop
      vertex 55.236 0.693633 4.96466
      vertex 55.0393 0.666138 4.80872
      vertex 56.0487 0.493804 3.83137
    endloop
  endfacet
  facet normal -2.53528e-06 -0.984808 0.173648
    outer loop
      vertex 55.8059 0.468472 3.68771
      vertex 55.0393 0.666138 4.80872
      vertex 55.5489 0.446356 3.56228
    endloop
  endfacet
  facet normal -6.70632e-07 -0.984808 0.173648
    outer loop
      vertex 111.706 0.516951 3.96264
      vertex 112.42 0.699865 5
      vertex 111.402 0.564563 4.23266
    endloop
  endfacet
  facet normal 0 -0.984808 0.173648
    outer loop
      vertex 112.42 0.699865 5
      vertex 111.706 0.516951 3.96264
      vertex 112.502 0.699865 5
    endloop
  endfacet
  facet normal -1.6092e-07 -0.984808 0.173649
    outer loop
      vertex 113 0.665436 4.80474
      vertex 112.046 0.476665 3.73417
      vertex 112.421 0.443704 3.54724
    endloop
  endfacet
  facet normal -6.32233e-06 -0.984808 0.173644
    outer loop
      vertex 54.8226 0.643644 4.68116
      vertex 54.5858 0.626149 4.58193
      vertex 55.2798 0.427642 3.45614
    endloop
  endfacet
  facet normal 0 -0.984807 0.17365
    outer loop
      vertex 111.652 0.699865 5
      vertex 111.136 0.618902 4.54084
      vertex 111.877 0.699865 5
    endloop
  endfacet
  facet normal -2.28818e-07 -0.984808 0.173648
    outer loop
      vertex 113.223 0.642855 4.67668
      vertex 112.831 0.418068 3.40185
      vertex 113.466 0.625291 4.57707
    endloop
  endfacet
  facet normal 5.9126e-06 -0.984807 0.17365
    outer loop
      vertex 54.9989 0.41233 3.3693
      vertex 54.5858 0.626149 4.58193
      vertex 54.7059 0.400419 3.30176
    endloop
  endfacet
  facet normal 1.45298e-06 -0.984808 0.173648
    outer loop
      vertex 113.729 0.612744 4.50591
      vertex 113.276 0.399756 3.298
      vertex 113.756 0.388768 3.23568
    endloop
  endfacet
  facet normal 0 -0.984807 0.173655
    outer loop
      vertex 111.141 0.699866 5
      vertex 110.854 0.699866 5
      vertex 110.91 0.679376 4.8838
    endloop
  endfacet
  facet normal 1.97076e-06 -0.984808 0.173649
    outer loop
      vertex 54.329 0.61365 4.51105
      vertex 54.0522 0.606152 4.46853
      vertex 54.401 0.391913 3.25352
    endloop
  endfacet
  facet normal 4.17755e-07 -0.984808 0.173648
    outer loop
      vertex 114.315 0.60271 4.44901
      vertex 114.012 0.605219 4.46324
      vertex 114.272 0.385107 3.21492
    endloop
  endfacet
  facet normal 1.83391e-06 -0.984808 0.173648
    outer loop
      vertex 102.85 0.699865 5
      vertex 102.85 0.403946 3.32176
      vertex 103.387 0.699866 5
    endloop
  endfacet
  facet normal 1.86597e-06 -0.984808 0.173649
    outer loop
      vertex 116.226 0.688249 4.93412
      vertex 116.108 0.676031 4.86483
      vertex 116.841 0.485166 3.78238
    endloop
  endfacet
  facet normal 0 -0.984808 0.173649
    outer loop
      vertex 117.519 0.55784 4.19454
      vertex 116.58 0.699865 5
      vertex 116.535 0.699865 5
    endloop
  endfacet
  facet normal 2.19086e-06 -0.984807 0.173651
    outer loop
      vertex 116.58 0.699865 5
      vertex 117.519 0.55784 4.19454
      vertex 117.715 0.585914 4.35375
    endloop
  endfacet
  facet normal 0 -0.984808 0.173646
    outer loop
      vertex 117.461 0.699865 5
      vertex 116.652 0.699865 5
      vertex 117.896 0.615906 4.52384
    endloop
  endfacet
  facet normal 0 -0.984809 0.173643
    outer loop
      vertex 50.5393 0.699865 5
      vertex 50.4307 0.68562 4.91921
      vertex 50.592 0.699865 5
    endloop
  endfacet
  facet normal 6.3932e-07 -0.984808 0.173648
    outer loop
      vertex 53.7553 0.603653 4.45436
      vertex 53.7553 0.385107 3.21492
      vertex 54.0841 0.386807 3.22456
    endloop
  endfacet
  facet normal 0 -0.984808 0.173649
    outer loop
      vertex 51.6104 0.699865 5
      vertex 50.9316 0.569271 4.25937
      vertex 51.9005 0.699865 5
    endloop
  endfacet
  facet normal -5.5322e-06 -0.984808 0.173649
    outer loop
      vertex 53.4682 0.606221 4.46892
      vertex 53.1989 0.613921 4.51258
      vertex 53.2566 0.388866 3.23624
    endloop
  endfacet
  facet normal -1.19194e-06 -0.984808 0.173649
    outer loop
      vertex 53.1989 0.613921 4.51258
      vertex 52.7897 0.400141 3.30018
      vertex 53.2566 0.388866 3.23624
    endloop
  endfacet
  facet normal 3.8198e-07 -0.984808 0.173648
    outer loop
      vertex 52.9474 0.626753 4.58536
      vertex 52.3545 0.418932 3.40675
      vertex 52.7897 0.400141 3.30018
    endloop
  endfacet
  facet normal 4.09459e-06 -0.984808 0.173648
    outer loop
      vertex 52.9474 0.626753 4.58536
      vertex 52.7897 0.400141 3.30018
      vertex 53.1989 0.613921 4.51258
    endloop
  endfacet
  facet normal 2.56285e-06 -0.984808 0.173647
    outer loop
      vertex 52.7137 0.64472 4.68726
      vertex 52.3545 0.418932 3.40675
      vertex 52.9474 0.626753 4.58536
    endloop
  endfacet
  facet normal 1.01347e-06 -0.984808 0.173648
    outer loop
      vertex 52.7137 0.64472 4.68726
      vertex 51.9511 0.445243 3.55597
      vertex 52.3545 0.418932 3.40675
    endloop
  endfacet
  facet normal -2.5958e-06 -0.984808 0.173649
    outer loop
      vertex 52.4979 0.667817 4.81825
      vertex 51.5795 0.479069 3.7478
      vertex 51.9511 0.445243 3.55597
    endloop
  endfacet
  facet normal -2.76768e-06 -0.984808 0.173649
    outer loop
      vertex 52.2999 0.696053 4.97838
      vertex 51.5795 0.479069 3.7478
      vertex 52.4979 0.667817 4.81825
    endloop
  endfacet
  facet normal 3.46761e-06 -0.984801 0.173687
    outer loop
      vertex 51.9953 0.699865 5
      vertex 52.2999 0.696053 4.97838
      vertex 52.2793 0.699866 5
    endloop
  endfacet
  facet normal 6.29868e-07 -0.984808 0.173648
    outer loop
      vertex 52.2999 0.696053 4.97838
      vertex 51.9953 0.699865 5
      vertex 51.2397 0.520411 3.98227
    endloop
  endfacet
  facet normal 5.79642e-07 -0.984808 0.173648
    outer loop
      vertex 53.4682 0.606221 4.46892
      vertex 53.2566 0.388866 3.23624
      vertex 53.7553 0.385107 3.21492
    endloop
  endfacet
  facet normal -2.35838e-06 -0.984808 0.173648
    outer loop
      vertex 53.7553 0.603653 4.45436
      vertex 53.4682 0.606221 4.46892
      vertex 53.7553 0.385107 3.21492
    endloop
  endfacet
  facet normal 0 -0.984808 0.173646
    outer loop
      vertex 51.1362 0.699865 5
      vertex 50.6603 0.624668 4.57353
      vertex 51.3461 0.699865 5
    endloop
  endfacet
  facet normal 2.49333e-07 -0.984808 0.173648
    outer loop
      vertex 52.4979 0.667817 4.81825
      vertex 51.9511 0.445243 3.55597
      vertex 52.7137 0.64472 4.68726
    endloop
  endfacet
  facet normal 2.68423e-06 -0.984808 0.173646
    outer loop
      vertex 52.2999 0.696053 4.97838
      vertex 51.2397 0.520411 3.98227
      vertex 51.5795 0.479069 3.7478
    endloop
  endfacet
  facet normal 8.2406e-07 -0.984808 0.173648
    outer loop
      vertex 51.2397 0.520411 3.98227
      vertex 51.9005 0.699865 5
      vertex 50.9316 0.569271 4.25937
    endloop
  endfacet
  facet normal 0 -0.984808 0.173649
    outer loop
      vertex 51.9005 0.699865 5
      vertex 51.2397 0.520411 3.98227
      vertex 51.9953 0.699865 5
    endloop
  endfacet
  facet normal -3.77406e-06 -0.984807 0.173651
    outer loop
      vertex 50.9316 0.569271 4.25937
      vertex 51.3461 0.699865 5
      vertex 50.6603 0.624668 4.57353
    endloop
  endfacet
  facet normal 0 -0.984808 0.173649
    outer loop
      vertex 51.3461 0.699865 5
      vertex 50.9316 0.569271 4.25937
      vertex 51.6104 0.699865 5
    endloop
  endfacet
  facet normal -1.33168e-06 -0.984808 0.173645
    outer loop
      vertex 50.6603 0.624668 4.57353
      vertex 50.592 0.699865 5
      vertex 50.4307 0.68562 4.91921
    endloop
  endfacet
  facet normal 0 -0.984808 0.173646
    outer loop
      vertex 50.592 0.699865 5
      vertex 50.6603 0.624668 4.57353
      vertex 51.1362 0.699865 5
    endloop
  endfacet
  facet normal 0 -0.984809 0.173643
    outer loop
      vertex 50.5393 0.699865 5
      vertex 50.3905 0.699865 5
      vertex 50.4307 0.68562 4.91921
    endloop
  endfacet
  facet normal 0 -0.984807 0.17365
    outer loop
      vertex 56.8538 0.625306 4.57716
      vertex 56.69 0.699865 5
      vertex 56.373 0.699865 5
    endloop
  endfacet
  facet normal -6.26395e-07 -0.984807 0.17365
    outer loop
      vertex 56.69 0.699865 5
      vertex 56.8538 0.625306 4.57716
      vertex 57.0136 0.665724 4.80638
    endloop
  endfacet
  facet normal 0 -0.984808 0.173649
    outer loop
      vertex 56.6775 0.587904 4.36504
      vertex 56.1583 0.699865 5
      vertex 55.9685 0.699865 5
    endloop
  endfacet
  facet normal -1.74455e-06 -0.984808 0.173647
    outer loop
      vertex 56.1583 0.699865 5
      vertex 56.6775 0.587904 4.36504
      vertex 56.8538 0.625306 4.57716
    endloop
  endfacet
  facet normal 0 -0.984808 0.173648
    outer loop
      vertex 56.4845 0.553519 4.17003
      vertex 55.6529 0.699865 5
      vertex 55.5757 0.699865 5
    endloop
  endfacet
  facet normal -1.26787e-06 -0.984808 0.173647
    outer loop
      vertex 55.6529 0.699865 5
      vertex 56.4845 0.553519 4.17003
      vertex 56.6775 0.587904 4.36504
    endloop
  endfacet
  facet normal 0 -0.984805 0.173665
    outer loop
      vertex 55.236 0.693633 4.96466
      vertex 55.5236 0.699865 5
      vertex 55.2699 0.699865 5
    endloop
  endfacet
  facet normal 1.88644e-06 -0.984807 0.17365
    outer loop
      vertex 55.5236 0.699865 5
      vertex 55.236 0.693633 4.96466
      vertex 56.2749 0.522152 3.99214
    endloop
  endfacet
  facet normal -8.67733e-09 -0.984808 0.173648
    outer loop
      vertex 56.2749 0.522152 3.99214
      vertex 55.236 0.693633 4.96466
      vertex 56.0487 0.493804 3.83137
    endloop
  endfacet
  facet normal 1.87466e-06 -0.984807 0.173651
    outer loop
      vertex 56.0487 0.493804 3.83137
      vertex 55.0393 0.666138 4.80872
      vertex 55.8059 0.468472 3.68771
    endloop
  endfacet
  facet normal 5.96407e-06 -0.984807 0.173651
    outer loop
      vertex 55.0393 0.666138 4.80872
      vertex 54.8226 0.643644 4.68116
      vertex 55.5489 0.446356 3.56228
    endloop
  endfacet
  facet normal -3.71862e-06 -0.984808 0.173645
    outer loop
      vertex 55.5489 0.446356 3.56228
      vertex 54.8226 0.643644 4.68116
      vertex 55.2798 0.427642 3.45614
    endloop
  endfacet
  facet normal -6.57582e-07 -0.984808 0.173648
    outer loop
      vertex 55.2798 0.427642 3.45614
      vertex 54.5858 0.626149 4.58193
      vertex 54.9989 0.41233 3.3693
    endloop
  endfacet
  facet normal 3.21912e-06 -0.984808 0.17365
    outer loop
      vertex 54.5858 0.626149 4.58193
      vertex 54.329 0.61365 4.51105
      vertex 54.7059 0.400419 3.30176
    endloop
  endfacet
  facet normal -1.08689e-07 -0.984808 0.173649
    outer loop
      vertex 54.7059 0.400419 3.30176
      vertex 54.329 0.61365 4.51105
      vertex 54.401 0.391913 3.25352
    endloop
  endfacet
  facet normal -1.29695e-06 -0.984808 0.173648
    outer loop
      vertex 54.401 0.391913 3.25352
      vertex 54.0522 0.606152 4.46853
      vertex 54.0841 0.386807 3.22456
    endloop
  endfacet
  facet normal 1.49772e-06 -0.984808 0.173648
    outer loop
      vertex 54.0522 0.606152 4.46853
      vertex 53.7553 0.603653 4.45436
      vertex 54.0841 0.386807 3.22456
    endloop
  endfacet
  facet normal 2.27251e-06 -0.984808 0.173647
    outer loop
      vertex 112.797 0.693034 4.96126
      vertex 112.046 0.476665 3.73417
      vertex 113 0.665436 4.80474
    endloop
  endfacet
  facet normal 0 -0.984808 0.173648
    outer loop
      vertex 117.715 0.585914 4.35375
      vertex 116.652 0.699865 5
      vertex 116.58 0.699865 5
    endloop
  endfacet
  facet normal 1.33746e-06 -0.984807 0.17365
    outer loop
      vertex 116.652 0.699865 5
      vertex 117.715 0.585914 4.35375
      vertex 117.896 0.615906 4.52384
    endloop
  endfacet
  facet normal 0 -0.984808 0.173648
    outer loop
      vertex 117.308 0.531693 4.04625
      vertex 116.535 0.699865 5
      vertex 116.503 0.699865 5
    endloop
  endfacet
  facet normal -1.63568e-06 -0.984808 0.173647
    outer loop
      vertex 116.535 0.699865 5
      vertex 117.308 0.531693 4.04625
      vertex 117.519 0.55784 4.19454
    endloop
  endfacet
  facet normal 0 -0.984808 0.173648
    outer loop
      vertex 117.082 0.507468 3.90886
      vertex 116.503 0.699865 5
      vertex 116.478 0.699865 5
    endloop
  endfacet
  facet normal -1.68287e-06 -0.984808 0.173647
    outer loop
      vertex 116.503 0.699865 5
      vertex 117.082 0.507468 3.90886
      vertex 117.308 0.531693 4.04625
    endloop
  endfacet
  facet normal 0 -0.984808 0.173648
    outer loop
      vertex 116.478 0.699865 5
      vertex 116.339 0.699865 5
      vertex 117.082 0.507468 3.90886
    endloop
  endfacet
  facet normal 0 -0.984809 0.173642
    outer loop
      vertex 116.226 0.688249 4.93412
      vertex 116.339 0.699865 5
      vertex 116.323 0.699865 5
    endloop
  endfacet
  facet normal -2.4706e-06 -0.984808 0.173646
    outer loop
      vertex 116.339 0.699865 5
      vertex 116.226 0.688249 4.93412
      vertex 117.082 0.507468 3.90886
    endloop
  endfacet
  facet normal -1.82871e-06 -0.984808 0.173647
    outer loop
      vertex 116.841 0.485166 3.78238
      vertex 116.108 0.676031 4.86483
      vertex 116.585 0.464785 3.66679
    endloop
  endfacet
  facet normal -3.56667e-07 -0.984808 0.173647
    outer loop
      vertex 116.108 0.676031 4.86483
      vertex 115.978 0.664524 4.79957
      vertex 116.585 0.464785 3.66679
    endloop
  endfacet
  facet normal 2.04972e-06 -0.984808 0.173649
    outer loop
      vertex 116.585 0.464785 3.66679
      vertex 115.978 0.664524 4.79957
      vertex 116.314 0.44633 3.56213
    endloop
  endfacet
  facet normal -4.28304e-07 -0.984808 0.173647
    outer loop
      vertex 116.314 0.44633 3.56213
      vertex 115.687 0.643644 4.68116
      vertex 116.034 0.430087 3.47001
    endloop
  endfacet
  facet normal -1.5884e-05 -0.984809 0.17364
    outer loop
      vertex 108.523 0.699865 5
      vertex 108.461 0.699866 5
      vertex 109.382 0.403946 3.32176
    endloop
  endfacet
  facet normal 5.55598e-06 -0.984808 0.173649
    outer loop
      vertex 115.525 0.63427 4.62799
      vertex 115.357 0.625897 4.58051
      vertex 115.75 0.416344 3.39207
    endloop
  endfacet
  facet normal -8.76907e-06 -0.984808 0.173647
    outer loop
      vertex 115.357 0.625897 4.58051
      vertex 115.187 0.618812 4.54032
      vertex 115.462 0.405098 3.32829
    endloop
  endfacet
  facet normal 2.26393e-06 -0.984808 0.173648
    outer loop
      vertex 117.896 0.699866 5
      vertex 117.461 0.699865 5
      vertex 117.896 0.615906 4.52384
    endloop
  endfacet
  facet normal 4.64587e-07 -0.984808 0.173649
    outer loop
      vertex 117.082 0.507468 3.90886
      vertex 116.226 0.688249 4.93412
      vertex 116.841 0.485166 3.78238
    endloop
  endfacet
  facet normal 1.66726e-06 -0.984808 0.173649
    outer loop
      vertex 115.978 0.664524 4.79957
      vertex 115.838 0.653729 4.73835
      vertex 116.314 0.44633 3.56213
    endloop
  endfacet
  facet normal 4.95159e-06 -0.984807 0.17365
    outer loop
      vertex 115.838 0.653729 4.73835
      vertex 115.687 0.643644 4.68116
      vertex 116.314 0.44633 3.56213
    endloop
  endfacet
  facet normal -6.9074e-06 -0.984808 0.173645
    outer loop
      vertex 115.687 0.643644 4.68116
      vertex 115.525 0.63427 4.62799
      vertex 116.034 0.430087 3.47001
    endloop
  endfacet
  facet normal 2.56852e-07 -0.984808 0.173648
    outer loop
      vertex 116.034 0.430087 3.47001
      vertex 115.525 0.63427 4.62799
      vertex 115.75 0.416344 3.39207
    endloop
  endfacet
  facet normal -2.52277e-07 -0.984808 0.173647
    outer loop
      vertex 115.75 0.416344 3.39207
      vertex 115.357 0.625897 4.58051
      vertex 115.462 0.405098 3.32829
    endloop
  endfacet
  facet normal 1.17048e-05 -0.984807 0.173651
    outer loop
      vertex 115.187 0.618812 4.54032
      vertex 115.016 0.613014 4.50745
      vertex 115.462 0.405098 3.32829
    endloop
  endfacet
  facet normal 8.05613e-07 -0.984808 0.173647
    outer loop
      vertex 115.462 0.405098 3.32829
      vertex 115.016 0.613014 4.50745
      vertex 115.17 0.396352 3.27869
    endloop
  endfacet
  facet normal -9.21533e-06 -0.984808 0.173646
    outer loop
      vertex 115.016 0.613014 4.50745
      vertex 114.843 0.608507 4.48188
      vertex 115.17 0.396352 3.27869
    endloop
  endfacet
  facet normal 2.36302e-06 -0.984808 0.173649
    outer loop
      vertex 115.17 0.396352 3.27869
      vertex 114.843 0.608507 4.48188
      vertex 114.875 0.390104 3.24326
    endloop
  endfacet
  facet normal -2.8609e-06 -0.984808 0.173649
    outer loop
      vertex 114.843 0.608507 4.48188
      vertex 114.669 0.605286 4.46361
      vertex 114.875 0.390104 3.24326
    endloop
  endfacet
  facet normal 9.02451e-08 -0.984808 0.173649
    outer loop
      vertex 114.669 0.605286 4.46361
      vertex 114.575 0.386357 3.22201
      vertex 114.875 0.390104 3.24326
    endloop
  endfacet
  facet normal 6.7859e-06 -0.984808 0.173649
    outer loop
      vertex 114.669 0.605286 4.46361
      vertex 114.493 0.603354 4.45266
      vertex 114.575 0.386357 3.22201
    endloop
  endfacet
  facet normal 2.24276e-06 -0.984808 0.173648
    outer loop
      vertex 114.493 0.603354 4.45266
      vertex 114.315 0.60271 4.44901
      vertex 114.575 0.386357 3.22201
    endloop
  endfacet
  facet normal -5.08108e-07 -0.984808 0.173648
    outer loop
      vertex 114.315 0.60271 4.44901
      vertex 114.272 0.385107 3.21492
      vertex 114.575 0.386357 3.22201
    endloop
  endfacet
  facet normal 1.60206e-06 -0.984807 0.173652
    outer loop
      vertex 111.136 0.618902 4.54084
      vertex 111.141 0.699866 5
      vertex 110.91 0.679376 4.8838
    endloop
  endfacet
  facet normal -1.92722e-06 -0.984807 0.173652
    outer loop
      vertex 111.141 0.699866 5
      vertex 111.136 0.618902 4.54084
      vertex 111.652 0.699865 5
    endloop
  endfacet
  facet normal 2.47847e-06 -0.984808 0.173646
    outer loop
      vertex 111.402 0.564563 4.23266
      vertex 111.877 0.699865 5
      vertex 111.136 0.618902 4.54084
    endloop
  endfacet
  facet normal 0 -0.984808 0.173647
    outer loop
      vertex 111.877 0.699865 5
      vertex 111.402 0.564563 4.23266
      vertex 112.12 0.699865 5
    endloop
  endfacet
  facet normal 0 -0.984808 0.173647
    outer loop
      vertex 112.12 0.699865 5
      vertex 111.402 0.564563 4.23266
      vertex 112.42 0.699865 5
    endloop
  endfacet
  facet normal 0 -0.984807 0.17365
    outer loop
      vertex 112.502 0.699865 5
      vertex 112.797 0.693034 4.96126
      vertex 112.759 0.699865 5
    endloop
  endfacet
  facet normal -3.44389e-07 -0.984808 0.173648
    outer loop
      vertex 112.797 0.693034 4.96126
      vertex 112.502 0.699865 5
      vertex 111.706 0.516951 3.96264
    endloop
  endfacet
  facet normal -1.20813e-06 -0.984808 0.173649
    outer loop
      vertex 112.797 0.693034 4.96126
      vertex 111.706 0.516951 3.96264
      vertex 112.046 0.476665 3.73417
    endloop
  endfacet
  facet normal -8.69712e-07 -0.984808 0.173649
    outer loop
      vertex 113.466 0.625291 4.57707
      vertex 112.831 0.418068 3.40185
      vertex 113.276 0.399756 3.298
    endloop
  endfacet
  facet normal 0 -0.984808 0.173648
    outer loop
      vertex 48.8922 0.699865 5
      vertex 48.1355 0.699865 5
      vertex 48.8922 0.403946 3.32176
    endloop
  endfacet
  facet normal -1.5884e-05 -0.984809 0.17364
    outer loop
      vertex 48.0334 0.699865 5
      vertex 47.9714 0.699866 5
      vertex 48.8922 0.403946 3.32176
    endloop
  endfacet
  facet normal 1.83288e-06 -0.984808 0.173648
    outer loop
      vertex 42.3605 0.699865 5
      vertex 42.3605 0.403946 3.32176
      vertex 42.8978 0.699866 5
    endloop
  endfacet
  facet normal 0 -0.984808 0.173648
    outer loop
      vertex 48.0875 0.699865 5
      vertex 48.0334 0.699865 5
      vertex 48.8922 0.403946 3.32176
    endloop
  endfacet
  facet normal 0 -0.984808 0.173648
    outer loop
      vertex 48.1355 0.699865 5
      vertex 48.0875 0.699865 5
      vertex 48.8922 0.403946 3.32176
    endloop
  endfacet
  facet normal 1.36023e-05 -0.984806 0.173656
    outer loop
      vertex 47.9714 0.699866 5
      vertex 47.899 0.699865 5
      vertex 48.8922 0.403946 3.32176
    endloop
  endfacet
  facet normal 0 -0.984808 0.173648
    outer loop
      vertex 47.899 0.699865 5
      vertex 47.8127 0.699865 5
      vertex 48.8922 0.403946 3.32176
    endloop
  endfacet
  facet normal 0 -0.984808 0.173648
    outer loop
      vertex 47.8127 0.699865 5
      vertex 47.7066 0.699865 5
      vertex 48.8922 0.403946 3.32176
    endloop
  endfacet
  facet normal 0 -0.984808 0.173649
    outer loop
      vertex 43.7818 0.403946 3.32176
      vertex 42.8978 0.699866 5
      vertex 42.3605 0.403946 3.32176
    endloop
  endfacet
  facet normal 0 -0.984808 0.173649
    outer loop
      vertex 42.8978 0.699866 5
      vertex 43.7818 0.403946 3.32176
      vertex 43.7818 0.699866 5
    endloop
  endfacet
  facet normal 0 -0.984808 0.173648
    outer loop
      vertex 47.7066 0.699865 5
      vertex 47.5721 0.699865 5
      vertex 48.8922 0.403946 3.32176
    endloop
  endfacet
  facet normal 0 -0.984808 0.173648
    outer loop
      vertex 47.0151 0.403946 3.32176
      vertex 47.5721 0.699865 5
      vertex 47.5669 0.699865 5
    endloop
  endfacet
  facet normal 0 -0.984808 0.173648
    outer loop
      vertex 47.5721 0.699865 5
      vertex 47.0151 0.403946 3.32176
      vertex 48.8922 0.403946 3.32176
    endloop
  endfacet
  facet normal 0 -0.984808 0.173648
    outer loop
      vertex 47.5669 0.699865 5
      vertex 46.0508 0.699865 5
      vertex 47.0151 0.403946 3.32176
    endloop
  endfacet
  facet normal 0 -0.984808 0.173648
    outer loop
      vertex 109.382 0.699865 5
      vertex 108.625 0.699865 5
      vertex 109.382 0.403946 3.32176
    endloop
  endfacet
  facet normal 0 -0.984808 0.173648
    outer loop
      vertex 60.8825 0.666779 4.81236
      vertex 59.8734 0.403946 3.32176
      vertex 61.7722 0.403946 3.32176
    endloop
  endfacet
  facet normal 0 -0.984808 0.173649
    outer loop
      vertex 104.271 0.403946 3.32176
      vertex 103.387 0.699866 5
      vertex 102.85 0.403946 3.32176
    endloop
  endfacet
  facet normal 0 -0.984808 0.173649
    outer loop
      vertex 103.387 0.699866 5
      vertex 104.271 0.403946 3.32176
      vertex 104.271 0.699866 5
    endloop
  endfacet
  facet normal 0 -0.984808 0.173648
    outer loop
      vertex 108.577 0.699865 5
      vertex 108.523 0.699865 5
      vertex 109.382 0.403946 3.32176
    endloop
  endfacet
  facet normal 0 -0.984808 0.173648
    outer loop
      vertex 108.625 0.699865 5
      vertex 108.577 0.699865 5
      vertex 109.382 0.403946 3.32176
    endloop
  endfacet
  facet normal 1.34905e-05 -0.984806 0.173656
    outer loop
      vertex 108.461 0.699866 5
      vertex 108.388 0.699865 5
      vertex 109.382 0.403946 3.32176
    endloop
  endfacet
  facet normal 0 -0.984808 0.173648
    outer loop
      vertex 108.388 0.699865 5
      vertex 108.302 0.699865 5
      vertex 109.382 0.403946 3.32176
    endloop
  endfacet
  facet normal 0 -0.984808 0.173648
    outer loop
      vertex 108.302 0.699865 5
      vertex 108.196 0.699865 5
      vertex 109.382 0.403946 3.32176
    endloop
  endfacet
  facet normal 0 -0.984808 0.173648
    outer loop
      vertex 108.196 0.699865 5
      vertex 108.062 0.699865 5
      vertex 109.382 0.403946 3.32176
    endloop
  endfacet
  facet normal 0 -0.984808 0.173648
    outer loop
      vertex 107.505 0.403946 3.32176
      vertex 108.062 0.699865 5
      vertex 108.056 0.699865 5
    endloop
  endfacet
  facet normal 0 -0.984808 0.173648
    outer loop
      vertex 108.062 0.699865 5
      vertex 107.505 0.403946 3.32176
      vertex 109.382 0.403946 3.32176
    endloop
  endfacet
  facet normal 0 -0.984808 0.173648
    outer loop
      vertex 108.056 0.699865 5
      vertex 106.54 0.699865 5
      vertex 107.505 0.403946 3.32176
    endloop
  endfacet
  facet normal 0 -0.984808 0.173648
    outer loop
      vertex 73.493 0.403946 3.32176
      vertex 72.9061 0.699865 5
      vertex 71.8926 0.403946 3.32176
    endloop
  endfacet
  facet normal 0 -0.984808 0.173648
    outer loop
      vertex 72.9061 0.699865 5
      vertex 73.493 0.403946 3.32176
      vertex 73.493 0.699865 5
    endloop
  endfacet
  facet normal 0 -0.984808 0.173648
    outer loop
      vertex 66.108 0.699865 5
      vertex 65.7126 0.699865 5
      vertex 66.3942 0.403946 3.32176
    endloop
  endfacet
  facet normal 0 -0.984808 0.173648
    outer loop
      vertex 65.2228 0.699865 5
      vertex 65.4015 0.666779 4.81236
      vertex 65.369 0.699865 5
    endloop
  endfacet
  facet normal -1.68809e-08 -0.984808 0.173648
    outer loop
      vertex 65.4015 0.666779 4.81236
      vertex 65.2228 0.699865 5
      vertex 64.4955 0.403946 3.32176
    endloop
  endfacet
  facet normal 0 -0.984808 0.173648
    outer loop
      vertex 66.8345 0.699865 5
      vertex 66.108 0.699865 5
      vertex 66.3942 0.403946 3.32176
    endloop
  endfacet
  facet normal 0 -0.984808 0.173648
    outer loop
      vertex 65.4015 0.666779 4.81236
      vertex 65.7126 0.699865 5
      vertex 65.4426 0.699865 5
    endloop
  endfacet
  facet normal 1.13329e-08 -0.984808 0.173648
    outer loop
      vertex 65.7126 0.699865 5
      vertex 65.4015 0.666779 4.81236
      vertex 66.3942 0.403946 3.32176
    endloop
  endfacet
  facet normal 0 -0.984808 0.173648
    outer loop
      vertex 65.4015 0.666779 4.81236
      vertex 64.4955 0.403946 3.32176
      vertex 66.3942 0.403946 3.32176
    endloop
  endfacet
  facet normal 0 -0.984808 0.173648
    outer loop
      vertex 65.0524 0.699865 5
      vertex 64.4955 0.403946 3.32176
      vertex 65.2228 0.699865 5
    endloop
  endfacet
  facet normal 0 -0.984808 0.173648
    outer loop
      vertex 65.0524 0.699865 5
      vertex 64.0962 0.699865 5
      vertex 64.4955 0.403946 3.32176
    endloop
  endfacet
  facet normal 0 -0.984808 0.173648
    outer loop
      vertex 62.1698 0.699865 5
      vertex 61.3287 0.699865 5
      vertex 62.0588 0.617201 4.53119
    endloop
  endfacet
  facet normal 0 -0.984808 0.173648
    outer loop
      vertex 61.3287 0.699865 5
      vertex 60.9791 0.699865 5
      vertex 62.0588 0.617201 4.53119
    endloop
  endfacet
  facet normal 0 -0.984808 0.173648
    outer loop
      vertex 60.8825 0.666779 4.81236
      vertex 60.9791 0.699865 5
      vertex 60.921 0.699865 5
    endloop
  endfacet
  facet normal -1.00514e-07 -0.984808 0.173648
    outer loop
      vertex 60.9791 0.699865 5
      vertex 60.8825 0.666779 4.81236
      vertex 62.0588 0.617201 4.53119
    endloop
  endfacet
  facet normal -1.39011e-07 -0.984808 0.173648
    outer loop
      vertex 62.0588 0.617201 4.53119
      vertex 60.8825 0.666779 4.81236
      vertex 61.7722 0.403946 3.32176
    endloop
  endfacet
  facet normal 0 -0.984808 0.173648
    outer loop
      vertex 60.3515 0.699865 5
      vertex 59.4344 0.699865 5
      vertex 59.8734 0.403946 3.32176
    endloop
  endfacet
  facet normal 0 -0.984808 0.173648
    outer loop
      vertex 60.3515 0.699865 5
      vertex 60.8825 0.666779 4.81236
      vertex 60.8426 0.699865 5
    endloop
  endfacet
  facet normal -7.51014e-09 -0.984808 0.173648
    outer loop
      vertex 60.8825 0.666779 4.81236
      vertex 60.3515 0.699865 5
      vertex 59.8734 0.403946 3.32176
    endloop
  endfacet
  facet normal 0 -0.984808 0.173648
    outer loop
      vertex 99.8352 0.403946 3.32176
      vertex 101.436 0.699865 5
      vertex 99.8352 0.699865 5
    endloop
  endfacet
  facet normal 0 -0.984808 0.173648
    outer loop
      vertex 101.436 0.699865 5
      vertex 99.8352 0.403946 3.32176
      vertex 101.436 0.403946 3.32176
    endloop
  endfacet
  facet normal 0 -0.984808 0.173648
    outer loop
      vertex 85.9131 0.699865 5
      vertex 85.2914 0.403946 3.32176
      vertex 86.7144 0.699865 5
    endloop
  endfacet
  facet normal 0 -0.984808 0.173648
    outer loop
      vertex 72.5879 0.699865 5
      vertex 71.8926 0.403946 3.32176
      vertex 72.9061 0.699865 5
    endloop
  endfacet
  facet normal 0 -0.984808 0.173648
    outer loop
      vertex 71.8926 0.699865 5
      vertex 71.8926 0.403946 3.32176
      vertex 72.5879 0.699865 5
    endloop
  endfacet
  facet normal -1.75984e-06 -0.984808 0.173647
    outer loop
      vertex 91.3311 0.699865 5
      vertex 90.7715 0.699866 5
      vertex 92.7454 0.403946 3.32176
    endloop
  endfacet
  facet normal 0 -0.984808 0.173649
    outer loop
      vertex 84.8316 0.403946 3.32176
      vertex 80.7303 0.618727 4.53984
      vertex 79.1299 0.403946 3.32176
    endloop
  endfacet
  facet normal 0 -0.984808 0.173649
    outer loop
      vertex 80.7303 0.618727 4.53984
      vertex 84.8316 0.403946 3.32176
      vertex 84.8316 0.618727 4.53984
    endloop
  endfacet
  facet normal 0 -0.984808 0.173647
    outer loop
      vertex 80.7303 0.699865 5
      vertex 80.6136 0.699865 5
      vertex 80.7303 0.618727 4.53984
    endloop
  endfacet
  facet normal 0 -0.984808 0.173647
    outer loop
      vertex 79.1299 0.699865 5
      vertex 80.7303 0.618727 4.53984
      vertex 80.6136 0.699865 5
    endloop
  endfacet
  facet normal 3.84968e-07 -0.984808 0.173648
    outer loop
      vertex 80.7303 0.618727 4.53984
      vertex 79.1299 0.699865 5
      vertex 79.1299 0.403946 3.32176
    endloop
  endfacet
  facet normal 0 -0.984808 0.173649
    outer loop
      vertex 91.1613 0.403946 3.32176
      vertex 90.7715 0.699866 5
      vertex 90.5696 0.699866 5
    endloop
  endfacet
  facet normal 0 -0.984808 0.173649
    outer loop
      vertex 90.7715 0.699866 5
      vertex 91.1613 0.403946 3.32176
      vertex 92.7454 0.403946 3.32176
    endloop
  endfacet
  facet normal 0 -0.984808 0.173648
    outer loop
      vertex 92.1262 0.699865 5
      vertex 91.3311 0.699865 5
      vertex 92.7454 0.403946 3.32176
    endloop
  endfacet
  facet normal 1.74241e-06 -0.984808 0.173647
    outer loop
      vertex 86.7144 0.699865 5
      vertex 85.2914 0.403946 3.32176
      vertex 87.2796 0.699866 5
    endloop
  endfacet
  facet normal 0 -0.984808 0.173649
    outer loop
      vertex 86.8918 0.403946 3.32176
      vertex 87.2796 0.699866 5
      vertex 85.2914 0.403946 3.32176
    endloop
  endfacet
  facet normal 0 -0.984808 0.173649
    outer loop
      vertex 87.2796 0.699866 5
      vertex 86.8918 0.403946 3.32176
      vertex 87.4835 0.699866 5
    endloop
  endfacet
  facet normal 0 -0.984808 0.173648
    outer loop
      vertex 94.7679 0.403946 3.32176
      vertex 96.3628 0.699865 5
      vertex 94.7679 0.699865 5
    endloop
  endfacet
  facet normal 0 -0.984808 0.173648
    outer loop
      vertex 96.3628 0.699865 5
      vertex 94.7679 0.403946 3.32176
      vertex 96.3628 0.403946 3.32176
    endloop
  endfacet
  facet normal -0.0923979 0.172894 0.980597
    outer loop
      vertex 54.0841 0.386807 3.22456
      vertex 54.401 0 3.32262
      vertex 54.401 0.391913 3.25352
    endloop
  endfacet
  facet normal -0.092366 0.172919 0.980595
    outer loop
      vertex 54.401 0 3.32262
      vertex 54.0841 0.386807 3.22456
      vertex 54.0841 0 3.29277
    endloop
  endfacet
  facet normal -0.158623 0.171439 0.972341
    outer loop
      vertex 54.401 0.391913 3.25352
      vertex 54.7059 0 3.37236
      vertex 54.7059 0.400419 3.30176
    endloop
  endfacet
  facet normal -0.158623 0.171438 0.972341
    outer loop
      vertex 54.7059 0 3.37236
      vertex 54.401 0.391913 3.25352
      vertex 54.401 0 3.32262
    endloop
  endfacet
  facet normal -0.227909 0.169092 0.958888
    outer loop
      vertex 54.7059 0.400419 3.30176
      vertex 54.9649 0 3.43393
      vertex 54.9989 0.41233 3.3693
    endloop
  endfacet
  facet normal -0.227948 0.169066 0.958883
    outer loop
      vertex 54.9649 0 3.43393
      vertex 54.7059 0.400419 3.30176
      vertex 54.7059 0 3.37236
    endloop
  endfacet
  facet normal -0.227879 0.169091 0.958895
    outer loop
      vertex 54.9989 0.41233 3.3693
      vertex 54.9649 0 3.43393
      vertex 54.9989 0 3.44201
    endloop
  endfacet
  facet normal -0.299507 0.16565 0.939604
    outer loop
      vertex 54.9989 0.41233 3.3693
      vertex 55.2461 0 3.52079
      vertex 55.2798 0.427642 3.45614
    endloop
  endfacet
  facet normal -0.299446 0.165691 0.939616
    outer loop
      vertex 55.2461 0 3.52079
      vertex 54.9989 0.41233 3.3693
      vertex 54.9989 0 3.44201
    endloop
  endfacet
  facet normal -0.299957 0.165663 0.939458
    outer loop
      vertex 55.2798 0.427642 3.45614
      vertex 55.2461 0 3.52079
      vertex 55.2798 0 3.53155
    endloop
  endfacet
  facet normal -0.371798 0.161202 0.91421
    outer loop
      vertex 55.2798 0.427642 3.45614
      vertex 55.5152 0 3.62728
      vertex 55.5489 0.446356 3.56228
    endloop
  endfacet
  facet normal -0.371783 0.161212 0.914214
    outer loop
      vertex 55.5152 0 3.62728
      vertex 55.2798 0.427642 3.45614
      vertex 55.2798 0 3.53155
    endloop
  endfacet
  facet normal -0.371673 0.1612 0.914261
    outer loop
      vertex 55.5489 0.446356 3.56228
      vertex 55.5152 0 3.62728
      vertex 55.5489 0 3.64098
    endloop
  endfacet
  facet normal -0.444045 0.155582 0.882394
    outer loop
      vertex 55.5489 0.446356 3.56228
      vertex 55.8059 0 3.77031
      vertex 55.8059 0.468472 3.68771
    endloop
  endfacet
  facet normal -0.444046 0.155581 0.882393
    outer loop
      vertex 55.8059 0 3.77031
      vertex 55.5489 0.446356 3.56228
      vertex 55.5489 0 3.64098
    endloop
  endfacet
  facet normal -0.515005 0.14876 0.84418
    outer loop
      vertex 55.8059 0.468472 3.68771
      vertex 56.0152 0 3.89795
      vertex 56.0487 0.493804 3.83137
    endloop
  endfacet
  facet normal -0.51486 0.148857 0.844251
    outer loop
      vertex 56.0152 0 3.89795
      vertex 55.8059 0.468472 3.68771
      vertex 55.8059 0 3.77031
    endloop
  endfacet
  facet normal -0.515975 0.148746 0.84359
    outer loop
      vertex 56.0487 0.493804 3.83137
      vertex 56.0152 0 3.89795
      vertex 56.0487 0 3.91844
    endloop
  endfacet
  facet normal -0.585216 0.140754 0.798568
    outer loop
      vertex 56.0487 0.493804 3.83137
      vertex 56.2419 0 4.05999
      vertex 56.2749 0.522152 3.99214
    endloop
  endfacet
  facet normal -0.585122 0.140818 0.798626
    outer loop
      vertex 56.2419 0 4.05999
      vertex 56.0487 0.493804 3.83137
      vertex 56.0487 0 3.91844
    endloop
  endfacet
  facet normal -0.585792 0.140736 0.798148
    outer loop
      vertex 56.2749 0.522152 3.99214
      vertex 56.2419 0 4.05999
      vertex 56.2749 0 4.08421
    endloop
  endfacet
  facet normal -0.652825 0.131491 0.746009
    outer loop
      vertex 56.2749 0.522152 3.99214
      vertex 56.4521 0 4.23924
      vertex 56.4845 0.553519 4.17003
    endloop
  endfacet
  facet normal -0.652734 0.131554 0.746078
    outer loop
      vertex 56.4521 0 4.23924
      vertex 56.2749 0.522152 3.99214
      vertex 56.2749 0 4.08421
    endloop
  endfacet
  facet normal -0.65331 0.131467 0.745588
    outer loop
      vertex 56.4845 0.553519 4.17003
      vertex 56.4521 0 4.23924
      vertex 56.4845 0 4.26763
    endloop
  endfacet
  facet normal -0.716123 0.121202 0.687371
    outer loop
      vertex 56.4845 0 4.26763
      vertex 56.6775 0.587904 4.36504
      vertex 56.4845 0.553519 4.17003
    endloop
  endfacet
  facet normal -0.716118 0.121199 0.687376
    outer loop
      vertex 56.6775 0.587904 4.36504
      vertex 56.4845 0 4.26763
      vertex 56.6775 0 4.4687
    endloop
  endfacet
  facet normal -0.773834 0.109983 0.623766
    outer loop
      vertex 56.6775 0 4.4687
      vertex 56.8538 0.625306 4.57716
      vertex 56.6775 0.587904 4.36504
    endloop
  endfacet
  facet normal -0.773828 0.10998 0.623775
    outer loop
      vertex 56.8538 0.625306 4.57716
      vertex 56.6775 0 4.4687
      vertex 56.8538 0 4.68741
    endloop
  endfacet
  facet normal -0.824405 0.0982777 0.557402
    outer loop
      vertex 56.8538 0 4.68741
      vertex 57.0136 0.665724 4.80638
      vertex 56.8538 0.625306 4.57716
    endloop
  endfacet
  facet normal -0.82447 0.0983115 0.5573
    outer loop
      vertex 57.0136 0.665724 4.80638
      vertex 56.8538 0 4.68741
      vertex 56.9839 0 4.87988
    endloop
  endfacet
  facet normal -0.824124 0.0983518 0.557805
    outer loop
      vertex 57.0136 0.665724 4.80638
      vertex 56.9839 0 4.87988
      vertex 57.0136 0 4.92376
    endloop
  endfacet
  facet normal -0.867952 0.0862385 0.489104
    outer loop
      vertex 57.0136 0 4.92376
      vertex 57.1261 0.699865 5
      vertex 57.0136 0.665724 4.80638
    endloop
  endfacet
  facet normal -0.867773 0.0861741 0.489432
    outer loop
      vertex 57.1261 0.699865 5
      vertex 57.0136 0 4.92376
      vertex 57.0566 0 5
    endloop
  endfacet
  facet normal 0.897981 0.0765014 0.433334
    outer loop
      vertex 50.4307 0.68562 4.91921
      vertex 50.3905 0.699865 5
      vertex 50.4156 0.405239 5
    endloop
  endfacet
  facet normal 0.898305 0.0763001 0.432696
    outer loop
      vertex 50.4307 0.68562 4.91921
      vertex 50.4156 0.405239 5
      vertex 50.4307 0.227462 5
    endloop
  endfacet
  facet normal 0.836869 0.0950605 0.539086
    outer loop
      vertex 50.4307 0.227462 5
      vertex 50.6603 0.624668 4.57353
      vertex 50.4307 0.68562 4.91921
    endloop
  endfacet
  facet normal 0.836927 0.0952968 0.538954
    outer loop
      vertex 50.6603 0 4.68368
      vertex 50.4307 0.227462 5
      vertex 50.4566 0 5
    endloop
  endfacet
  facet normal 0.83687 0.0950587 0.539084
    outer loop
      vertex 50.4307 0.227462 5
      vertex 50.6603 0 4.68368
      vertex 50.6603 0.624668 4.57353
    endloop
  endfacet
  facet normal 0.761781 0.112499 0.637992
    outer loop
      vertex 50.9316 0 4.35974
      vertex 50.6603 0.624668 4.57353
      vertex 50.6603 0 4.68368
    endloop
  endfacet
  facet normal 0.761769 0.112489 0.638008
    outer loop
      vertex 50.6603 0.624668 4.57353
      vertex 50.9316 0 4.35974
      vertex 50.9316 0.569271 4.25937
    endloop
  endfacet
  facet normal 0.674356 0.128213 0.72719
    outer loop
      vertex 50.9316 0 4.35974
      vertex 51.2397 0.520411 3.98227
      vertex 50.9316 0.569271 4.25937
    endloop
  endfacet
  facet normal 0.674349 0.128221 0.727195
    outer loop
      vertex 51.2397 0.520411 3.98227
      vertex 50.9316 0 4.35974
      vertex 51.2397 0 4.07403
    endloop
  endfacet
  facet normal 0.573829 0.14221 0.806534
    outer loop
      vertex 51.2397 0 4.07403
      vertex 51.5795 0.479069 3.7478
      vertex 51.2397 0.520411 3.98227
    endloop
  endfacet
  facet normal 0.57383 0.142209 0.806533
    outer loop
      vertex 51.5795 0.479069 3.7478
      vertex 51.2397 0 4.07403
      vertex 51.5795 0 3.83227
    endloop
  endfacet
  facet normal 0.464272 0.15382 0.872233
    outer loop
      vertex 51.5795 0.479069 3.7478
      vertex 51.904 0 3.65956
      vertex 51.9511 0.445243 3.55597
    endloop
  endfacet
  facet normal 0.464243 0.153797 0.872253
    outer loop
      vertex 51.904 0 3.65956
      vertex 51.5795 0.479069 3.7478
      vertex 51.5795 0 3.83227
    endloop
  endfacet
  facet normal 0.464413 0.153789 0.872164
    outer loop
      vertex 51.9511 0.445243 3.55597
      vertex 51.904 0 3.65956
      vertex 51.9511 0 3.63448
    endloop
  endfacet
  facet normal 0.351626 0.162588 0.921914
    outer loop
      vertex 51.9511 0.445243 3.55597
      vertex 52.3065 0 3.49894
      vertex 52.3545 0.418932 3.40675
    endloop
  endfacet
  facet normal 0.351599 0.162564 0.921928
    outer loop
      vertex 52.3065 0 3.49894
      vertex 51.9511 0.445243 3.55597
      vertex 51.9511 0 3.63448
    endloop
  endfacet
  facet normal 0.351836 0.162548 0.92184
    outer loop
      vertex 52.3545 0.418932 3.40675
      vertex 52.3065 0 3.49894
      vertex 52.3545 0 3.48062
    endloop
  endfacet
  facet normal 0.241306 0.168519 0.955706
    outer loop
      vertex 52.3545 0 3.48062
      vertex 52.7897 0.400141 3.30018
      vertex 52.3545 0.418932 3.40675
    endloop
  endfacet
  facet normal 0.24132 0.168503 0.955705
    outer loop
      vertex 52.7897 0.400141 3.30018
      vertex 52.3545 0 3.48062
      vertex 52.7897 0 3.37073
    endloop
  endfacet
  facet normal 0.137733 0.17198 0.975424
    outer loop
      vertex 52.7897 0 3.37073
      vertex 53.2566 0.388866 3.23624
      vertex 52.7897 0.400141 3.30018
    endloop
  endfacet
  facet normal 0.137717 0.172 0.975423
    outer loop
      vertex 53.2566 0.388866 3.23624
      vertex 52.7897 0 3.37073
      vertex 53.2566 0 3.30481
    endloop
  endfacet
  facet normal 0.0433697 0.173473 0.983883
    outer loop
      vertex 53.2566 0.388866 3.23624
      vertex 53.7553 0 3.28282
      vertex 53.7553 0.385107 3.21492
    endloop
  endfacet
  facet normal 0.0433838 0.173491 0.983879
    outer loop
      vertex 53.7553 0 3.28282
      vertex 53.2566 0.388866 3.23624
      vertex 53.2566 0 3.30481
    endloop
  endfacet
  facet normal -0.0297579 0.173585 0.984369
    outer loop
      vertex 53.7553 0.385107 3.21492
      vertex 54.0841 0 3.29277
      vertex 54.0841 0.386807 3.22456
    endloop
  endfacet
  facet normal -0.0297887 0.173559 0.984373
    outer loop
      vertex 54.0841 0 3.29277
      vertex 53.7553 0.385107 3.21492
      vertex 53.7553 0 3.28282
    endloop
  endfacet
  facet normal -0.162483 -0.171336 -0.971722
    outer loop
      vertex 53.1989 0 4.62084
      vertex 53.4682 0.606221 4.46892
      vertex 53.4682 0 4.57581
    endloop
  endfacet
  facet normal -0.16244 -0.171356 -0.971726
    outer loop
      vertex 53.4682 0.606221 4.46892
      vertex 53.1989 0 4.62084
      vertex 53.1989 0.613921 4.51258
    endloop
  endfacet
  facet normal -0.281883 -0.16662 -0.94487
    outer loop
      vertex 52.9474 0 4.69587
      vertex 53.1989 0.613921 4.51258
      vertex 53.1989 0 4.62084
    endloop
  endfacet
  facet normal -0.281927 -0.166599 -0.944861
    outer loop
      vertex 53.1989 0.613921 4.51258
      vertex 52.9474 0 4.69587
      vertex 52.9474 0.626753 4.58536
    endloop
  endfacet
  facet normal -0.404807 -0.1588 -0.900508
    outer loop
      vertex 52.7137 0 4.80094
      vertex 52.9474 0.626753 4.58536
      vertex 52.9059 0 4.71454
    endloop
  endfacet
  facet normal -0.404848 -0.158779 -0.900493
    outer loop
      vertex 52.9474 0.626753 4.58536
      vertex 52.7137 0 4.80094
      vertex 52.7137 0.64472 4.68726
    endloop
  endfacet
  facet normal -0.40507 -0.158759 -0.900396
    outer loop
      vertex 52.9474 0 4.69587
      vertex 52.9059 0 4.71454
      vertex 52.9474 0.626753 4.58536
    endloop
  endfacet
  facet normal -0.524693 -0.147823 -0.838359
    outer loop
      vertex 52.4979 0 4.936
      vertex 52.7137 0.64472 4.68726
      vertex 52.7137 0 4.80094
    endloop
  endfacet
  facet normal -0.5247 -0.147819 -0.838355
    outer loop
      vertex 52.7137 0.64472 4.68726
      vertex 52.4979 0 4.936
      vertex 52.4979 0.667817 4.81825
    endloop
  endfacet
  facet normal -0.634215 -0.134051 -0.761447
    outer loop
      vertex 52.2999 0.573414 5
      vertex 52.4603 0 4.96735
      vertex 52.4211 0 5
    endloop
  endfacet
  facet normal -0.634633 -0.134189 -0.761074
    outer loop
      vertex 52.4603 0 4.96735
      vertex 52.2999 0.573414 5
      vertex 52.4979 0.667817 4.81825
    endloop
  endfacet
  facet normal -0.63464 -0.134169 -0.761072
    outer loop
      vertex 52.4979 0.667817 4.81825
      vertex 52.2999 0.573414 5
      vertex 52.2999 0.696053 4.97838
    endloop
  endfacet
  facet normal -0.634593 -0.134199 -0.761106
    outer loop
      vertex 52.4979 0 4.936
      vertex 52.4603 0 4.96735
      vertex 52.4979 0.667817 4.81825
    endloop
  endfacet
  facet normal -0.729232 -0.118797 -0.673876
    outer loop
      vertex 52.2999 0.573414 5
      vertex 52.2793 0.699866 5
      vertex 52.2999 0.696053 4.97838
    endloop
  endfacet
  facet normal 0.726929 -0.119233 -0.676282
    outer loop
      vertex 55.2699 0.699865 5
      vertex 55.236 0.493187 5
      vertex 55.236 0.693633 4.96466
    endloop
  endfacet
  facet normal 0.627099 -0.135318 -0.767096
    outer loop
      vertex 55.0393 0 4.92618
      vertex 55.2212 0.424498 5
      vertex 55.1296 0 5
    endloop
  endfacet
  facet normal 0.627024 -0.135274 -0.767165
    outer loop
      vertex 55.2212 0.424498 5
      vertex 55.0393 0 4.92618
      vertex 55.0393 0.666138 4.80872
    endloop
  endfacet
  facet normal 0.627072 -0.135216 -0.767136
    outer loop
      vertex 55.2212 0.424498 5
      vertex 55.0393 0.666138 4.80872
      vertex 55.236 0.693633 4.96466
    endloop
  endfacet
  facet normal 0.627463 -0.135196 -0.76682
    outer loop
      vertex 55.236 0.493187 5
      vertex 55.2212 0.424498 5
      vertex 55.236 0.693633 4.96466
    endloop
  endfacet
  facet normal 0.513152 -0.14904 -0.845259
    outer loop
      vertex 54.8226 0.643644 4.68116
      vertex 54.9988 0 4.90162
      vertex 54.8226 0 4.79465
    endloop
  endfacet
  facet normal 0.513062 -0.14908 -0.845306
    outer loop
      vertex 54.9988 0 4.90162
      vertex 54.8226 0.643644 4.68116
      vertex 55.0393 0.666138 4.80872
    endloop
  endfacet
  facet normal 0.512731 -0.149088 -0.845505
    outer loop
      vertex 55.0393 0 4.92618
      vertex 54.9988 0 4.90162
      vertex 55.0393 0.666138 4.80872
    endloop
  endfacet
  facet normal 0.391568 -0.159786 -0.906169
    outer loop
      vertex 54.5858 0.626149 4.58193
      vertex 54.7798 0 4.77617
      vertex 54.5858 0 4.69234
    endloop
  endfacet
  facet normal 0.391537 -0.159799 -0.90618
    outer loop
      vertex 54.7798 0 4.77617
      vertex 54.5858 0.626149 4.58193
      vertex 54.8226 0.643644 4.68116
    endloop
  endfacet
  facet normal 0.391309 -0.159799 -0.906279
    outer loop
      vertex 54.8226 0 4.79465
      vertex 54.7798 0 4.77617
      vertex 54.8226 0.643644 4.68116
    endloop
  endfacet
  facet normal 0.269858 -0.167216 -0.94827
    outer loop
      vertex 54.329 0.61365 4.51105
      vertex 54.5858 0 4.69234
      vertex 54.329 0 4.61926
    endloop
  endfacet
  facet normal 0.269872 -0.16721 -0.948267
    outer loop
      vertex 54.5858 0 4.69234
      vertex 54.329 0.61365 4.51105
      vertex 54.5858 0.626149 4.58193
    endloop
  endfacet
  facet normal 0.154115 -0.171572 -0.973042
    outer loop
      vertex 54.0522 0.606152 4.46853
      vertex 54.2812 0 4.61168
      vertex 54.0522 0 4.57541
    endloop
  endfacet
  facet normal 0.154119 -0.17157 -0.973042
    outer loop
      vertex 54.2812 0 4.61168
      vertex 54.0522 0.606152 4.46853
      vertex 54.329 0.61365 4.51105
    endloop
  endfacet
  facet normal 0.154298 -0.171579 -0.973012
    outer loop
      vertex 54.329 0 4.61926
      vertex 54.2812 0 4.61168
      vertex 54.329 0.61365 4.51105
    endloop
  endfacet
  facet normal 0.0484033 -0.173444 -0.983654
    outer loop
      vertex 53.7553 0.603653 4.45436
      vertex 54.0014 0 4.57291
      vertex 53.7553 0 4.5608
    endloop
  endfacet
  facet normal 0.0484062 -0.173443 -0.983654
    outer loop
      vertex 54.0014 0 4.57291
      vertex 53.7553 0.603653 4.45436
      vertex 54.0522 0.606152 4.46853
    endloop
  endfacet
  facet normal 0.0484081 -0.173443 -0.983653
    outer loop
      vertex 54.0522 0 4.57541
      vertex 54.0014 0 4.57291
      vertex 54.0522 0.606152 4.46853
    endloop
  endfacet
  facet normal -0.0514461 -0.173413 -0.983505
    outer loop
      vertex 53.4682 0.606221 4.46892
      vertex 53.7064 0 4.56335
      vertex 53.4682 0 4.57581
    endloop
  endfacet
  facet normal -0.0514286 -0.173407 -0.983507
    outer loop
      vertex 53.7064 0 4.56335
      vertex 53.4682 0.606221 4.46892
      vertex 53.7553 0.603653 4.45436
    endloop
  endfacet
  facet normal -0.0512874 -0.173419 -0.983512
    outer loop
      vertex 53.7553 0 4.5608
      vertex 53.7064 0 4.56335
      vertex 53.7553 0.603653 4.45436
    endloop
  endfacet
  facet normal -0.0717408 0.173186 0.982273
    outer loop
      vertex 114.575 0.386357 3.22201
      vertex 114.875 0 3.31204
      vertex 114.875 0.390104 3.24326
    endloop
  endfacet
  facet normal -0.0717386 0.173188 0.982273
    outer loop
      vertex 114.875 0 3.31204
      vertex 114.575 0.386357 3.22201
      vertex 114.575 0 3.29013
    endloop
  endfacet
  facet normal -0.121058 0.172377 0.977564
    outer loop
      vertex 114.875 0.390104 3.24326
      vertex 115.17 0 3.34858
      vertex 115.17 0.396352 3.27869
    endloop
  endfacet
  facet normal -0.121085 0.172356 0.977564
    outer loop
      vertex 115.17 0 3.34858
      vertex 114.875 0.390104 3.24326
      vertex 114.875 0 3.31204
    endloop
  endfacet
  facet normal -0.169974 0.171005 0.970498
    outer loop
      vertex 115.17 0.396352 3.27869
      vertex 115.429 0 3.39389
      vertex 115.462 0.405098 3.32829
    endloop
  endfacet
  facet normal -0.169783 0.171133 0.970509
    outer loop
      vertex 115.429 0 3.39389
      vertex 115.17 0.396352 3.27869
      vertex 115.17 0 3.34858
    endloop
  endfacet
  facet normal -0.171408 0.171079 0.970233
    outer loop
      vertex 115.462 0.405098 3.32829
      vertex 115.429 0 3.39389
      vertex 115.462 0 3.39972
    endloop
  endfacet
  facet normal -0.219396 0.169554 0.96079
    outer loop
      vertex 115.462 0.405098 3.32829
      vertex 115.716 0 3.45778
      vertex 115.75 0.416344 3.39207
    endloop
  endfacet
  facet normal -0.219614 0.16941 0.960765
    outer loop
      vertex 115.716 0 3.45778
      vertex 115.462 0.405098 3.32829
      vertex 115.462 0 3.39972
    endloop
  endfacet
  facet normal -0.217682 0.169478 0.961193
    outer loop
      vertex 115.75 0.416344 3.39207
      vertex 115.716 0 3.45778
      vertex 115.75 0 3.46548
    endloop
  endfacet
  facet normal -0.268442 0.167283 0.94866
    outer loop
      vertex 115.75 0.416344 3.39207
      vertex 116.034 0 3.54585
      vertex 116.034 0.430087 3.47001
    endloop
  endfacet
  facet normal -0.268463 0.167268 0.948656
    outer loop
      vertex 116.034 0 3.54585
      vertex 115.75 0.416344 3.39207
      vertex 115.75 0 3.46548
    endloop
  endfacet
  facet normal -0.316861 0.1647 0.934063
    outer loop
      vertex 116.034 0.430087 3.47001
      vertex 116.314 0 3.64083
      vertex 116.314 0.44633 3.56213
    endloop
  endfacet
  facet normal -0.316848 0.16471 0.934065
    outer loop
      vertex 116.314 0 3.64083
      vertex 116.034 0.430087 3.47001
      vertex 116.034 0 3.54585
    endloop
  endfacet
  facet normal -0.365088 0.161654 0.916831
    outer loop
      vertex 116.314 0.44633 3.56213
      vertex 116.585 0 3.74874
      vertex 116.585 0.464785 3.66679
    endloop
  endfacet
  facet normal -0.365076 0.161663 0.916834
    outer loop
      vertex 116.585 0 3.74874
      vertex 116.314 0.44633 3.56213
      vertex 116.314 0 3.64083
    endloop
  endfacet
  facet normal -0.416771 0.157852 0.895201
    outer loop
      vertex 116.585 0.464785 3.66679
      vertex 116.841 0 3.86793
      vertex 116.841 0.485166 3.78238
    endloop
  endfacet
  facet normal -0.41679 0.157839 0.895194
    outer loop
      vertex 116.841 0 3.86793
      vertex 116.585 0.464785 3.66679
      vertex 116.585 0 3.74874
    endloop
  endfacet
  facet normal -0.470297 0.153245 0.869101
    outer loop
      vertex 116.841 0.485166 3.78238
      vertex 117.082 0 3.99834
      vertex 117.082 0.507468 3.90886
    endloop
  endfacet
  facet normal -0.47029 0.15325 0.869104
    outer loop
      vertex 117.082 0 3.99834
      vertex 116.841 0.485166 3.78238
      vertex 116.841 0 3.86793
    endloop
  endfacet
  facet normal -0.525278 0.148086 0.837946
    outer loop
      vertex 117.082 0.507468 3.90886
      vertex 117.274 0 4.1189
      vertex 117.308 0.531693 4.04625
    endloop
  endfacet
  facet normal -0.525942 0.147691 0.837599
    outer loop
      vertex 117.274 0 4.1189
      vertex 117.082 0.507468 3.90886
      vertex 117.082 0 3.99834
    endloop
  endfacet
  facet normal -0.521481 0.148165 0.840301
    outer loop
      vertex 117.308 0.531693 4.04625
      vertex 117.274 0 4.1189
      vertex 117.308 0 4.14
    endloop
  endfacet
  facet normal -0.580889 0.14139 0.801609
    outer loop
      vertex 117.308 0.531693 4.04625
      vertex 117.486 0 4.26902
      vertex 117.519 0.55784 4.19454
    endloop
  endfacet
  facet normal -0.580987 0.141332 0.801548
    outer loop
      vertex 117.486 0 4.26902
      vertex 117.308 0.531693 4.04625
      vertex 117.308 0 4.14
    endloop
  endfacet
  facet normal -0.580352 0.14141 0.801994
    outer loop
      vertex 117.519 0.55784 4.19454
      vertex 117.486 0 4.26902
      vertex 117.519 0 4.2929
    endloop
  endfacet
  facet normal -0.636304 0.133806 0.759746
    outer loop
      vertex 117.519 0.55784 4.19454
      vertex 117.683 0 4.43014
      vertex 117.715 0.585914 4.35375
    endloop
  endfacet
  facet normal -0.635977 0.134003 0.759984
    outer loop
      vertex 117.683 0 4.43014
      vertex 117.519 0.55784 4.19454
      vertex 117.519 0 4.2929
    endloop
  endfacet
  facet normal -0.637972 0.133716 0.758361
    outer loop
      vertex 117.715 0.585914 4.35375
      vertex 117.683 0 4.43014
      vertex 117.715 0 4.45706
    endloop
  endfacet
  facet normal -0.690353 0.125629 0.712482
    outer loop
      vertex 117.715 0.585914 4.35375
      vertex 117.896 0 4.63244
      vertex 117.896 0.615906 4.52384
    endloop
  endfacet
  facet normal -0.690356 0.125626 0.712479
    outer loop
      vertex 117.896 0 4.63244
      vertex 117.715 0.585914 4.35375
      vertex 117.715 0 4.45706
    endloop
  endfacet
  facet normal -1 0 0
    outer loop
      vertex 117.896 0 4.63244
      vertex 117.896 0.699866 5
      vertex 117.896 0.615906 4.52384
    endloop
  endfacet
  facet normal -1 -0 0
    outer loop
      vertex 117.896 0.699866 5
      vertex 117.896 0 4.63244
      vertex 117.896 0 5
    endloop
  endfacet
  facet normal 0.567731 -0.141605 -0.810944
    outer loop
      vertex 116.237 0.355069 5
      vertex 116.226 0.688249 4.93412
      vertex 116.323 0.699865 5
    endloop
  endfacet
  facet normal 0.53808 -0.146369 -0.830088
    outer loop
      vertex 116.237 0.355069 5
      vertex 116.226 0.314631 5
      vertex 116.226 0.688249 4.93412
    endloop
  endfacet
  facet normal 0.517361 -0.151279 -0.84229
    outer loop
      vertex 116.108 0 4.98403
      vertex 116.226 0.314631 5
      vertex 116.134 0 5
    endloop
  endfacet
  facet normal 0.512146 -0.149143 -0.84585
    outer loop
      vertex 116.226 0.314631 5
      vertex 116.108 0 4.98403
      vertex 116.108 0.676031 4.86483
    endloop
  endfacet
  facet normal 0.512133 -0.14915 -0.845857
    outer loop
      vertex 116.226 0.314631 5
      vertex 116.108 0.676031 4.86483
      vertex 116.226 0.688249 4.93412
    endloop
  endfacet
  facet normal 0.45604 -0.154091 -0.876518
    outer loop
      vertex 115.978 0.664524 4.79957
      vertex 116.108 0 4.98403
      vertex 116.003 0 4.9294
    endloop
  endfacet
  facet normal 0.454145 -0.154705 -0.877393
    outer loop
      vertex 116.108 0 4.98403
      vertex 115.978 0.664524 4.79957
      vertex 116.108 0.676031 4.86483
    endloop
  endfacet
  facet normal 0.446288 -0.155391 -0.881295
    outer loop
      vertex 116.003 0 4.9294
      vertex 115.978 0 4.91674
      vertex 115.978 0.664524 4.79957
    endloop
  endfacet
  facet normal 0.405805 -0.158707 -0.900075
    outer loop
      vertex 115.838 0.653729 4.73835
      vertex 115.978 0 4.91674
      vertex 115.838 0 4.85362
    endloop
  endfacet
  facet normal 0.405824 -0.158701 -0.900067
    outer loop
      vertex 115.978 0 4.91674
      vertex 115.838 0.653729 4.73835
      vertex 115.978 0.664524 4.79957
    endloop
  endfacet
  facet normal 0.360251 -0.161655 -0.918742
    outer loop
      vertex 115.687 0.643644 4.68116
      vertex 115.838 0 4.85362
      vertex 115.715 0 4.80539
    endloop
  endfacet
  facet normal 0.358955 -0.162075 -0.919175
    outer loop
      vertex 115.838 0 4.85362
      vertex 115.687 0.643644 4.68116
      vertex 115.838 0.653729 4.73835
    endloop
  endfacet
  facet normal 0.353373 -0.162442 -0.921271
    outer loop
      vertex 115.715 0 4.80539
      vertex 115.687 0 4.79465
      vertex 115.687 0.643644 4.68116
    endloop
  endfacet
  facet normal 0.31616 -0.164743 -0.934293
    outer loop
      vertex 115.525 0.63427 4.62799
      vertex 115.687 0 4.79465
      vertex 115.525 0 4.73983
    endloop
  endfacet
  facet normal 0.316175 -0.164738 -0.934288
    outer loop
      vertex 115.687 0 4.79465
      vertex 115.525 0.63427 4.62799
      vertex 115.687 0.643644 4.68116
    endloop
  endfacet
  facet normal 0.276389 -0.166885 -0.946445
    outer loop
      vertex 115.387 0 4.69953
      vertex 115.525 0.63427 4.62799
      vertex 115.525 0 4.73983
    endloop
  endfacet
  facet normal 0.275846 -0.166787 -0.946621
    outer loop
      vertex 115.525 0.63427 4.62799
      vertex 115.387 0 4.69953
      vertex 115.357 0.625897 4.58051
    endloop
  endfacet
  facet normal 0.273447 -0.167026 -0.947275
    outer loop
      vertex 115.387 0 4.69953
      vertex 115.357 0 4.69087
      vertex 115.357 0.625897 4.58051
    endloop
  endfacet
  facet normal 0.233837 -0.16883 -0.957506
    outer loop
      vertex 115.217 0 4.65668
      vertex 115.357 0.625897 4.58051
      vertex 115.357 0 4.69087
    endloop
  endfacet
  facet normal 0.233426 -0.168752 -0.95762
    outer loop
      vertex 115.357 0.625897 4.58051
      vertex 115.217 0 4.65668
      vertex 115.187 0.618812 4.54032
    endloop
  endfacet
  facet normal 0.231226 -0.168952 -0.958118
    outer loop
      vertex 115.217 0 4.65668
      vertex 115.187 0 4.64944
      vertex 115.187 0.618812 4.54032
    endloop
  endfacet
  facet normal 0.191616 -0.170429 -0.966559
    outer loop
      vertex 115.016 0.613014 4.50745
      vertex 115.187 0 4.64944
      vertex 115.016 0 4.61554
    endloop
  endfacet
  facet normal 0.191574 -0.170442 -0.966565
    outer loop
      vertex 115.187 0 4.64944
      vertex 115.016 0.613014 4.50745
      vertex 115.187 0.618812 4.54032
    endloop
  endfacet
  facet normal 0.148394 -0.171732 -0.973903
    outer loop
      vertex 114.843 0.608507 4.48188
      vertex 115.016 0 4.61554
      vertex 114.843 0 4.58918
    endloop
  endfacet
  facet normal 0.14842 -0.171724 -0.973901
    outer loop
      vertex 115.016 0 4.61554
      vertex 114.843 0.608507 4.48188
      vertex 115.016 0.613014 4.50745
    endloop
  endfacet
  facet normal 0.105495 -0.172685 -0.979311
    outer loop
      vertex 114.698 0 4.57356
      vertex 114.843 0.608507 4.48188
      vertex 114.843 0 4.58918
    endloop
  endfacet
  facet normal 0.106018 -0.172798 -0.979235
    outer loop
      vertex 114.843 0.608507 4.48188
      vertex 114.698 0 4.57356
      vertex 114.669 0.605286 4.46361
    endloop
  endfacet
  facet normal 0.1087 -0.172622 -0.978972
    outer loop
      vertex 114.698 0 4.57356
      vertex 114.669 0 4.57034
      vertex 114.669 0.605286 4.46361
    endloop
  endfacet
  facet normal 0.0630772 -0.173305 -0.982846
    outer loop
      vertex 114.523 0 4.56097
      vertex 114.669 0.605286 4.46361
      vertex 114.669 0 4.57034
    endloop
  endfacet
  facet normal 0.0630512 -0.173299 -0.982849
    outer loop
      vertex 114.669 0.605286 4.46361
      vertex 114.523 0 4.56097
      vertex 114.493 0.603354 4.45266
    endloop
  endfacet
  facet normal 0.0632293 -0.173289 -0.982839
    outer loop
      vertex 114.523 0 4.56097
      vertex 114.493 0 4.55904
      vertex 114.493 0.603354 4.45266
    endloop
  endfacet
  facet normal 0.0207564 -0.173599 -0.984598
    outer loop
      vertex 114.345 0 4.55592
      vertex 114.493 0.603354 4.45266
      vertex 114.493 0 4.55904
    endloop
  endfacet
  facet normal 0.0208178 -0.173613 -0.984594
    outer loop
      vertex 114.493 0.603354 4.45266
      vertex 114.345 0 4.55592
      vertex 114.315 0.60271 4.44901
    endloop
  endfacet
  facet normal 0.0210046 -0.173603 -0.984592
    outer loop
      vertex 114.345 0 4.55592
      vertex 114.315 0 4.55528
      vertex 114.315 0.60271 4.44901
    endloop
  endfacet
  facet normal -0.0476952 -0.173444 -0.983688
    outer loop
      vertex 114.064 0 4.56745
      vertex 114.315 0.60271 4.44901
      vertex 114.315 0 4.55528
    endloop
  endfacet
  facet normal -0.047634 -0.173469 -0.983687
    outer loop
      vertex 114.315 0.60271 4.44901
      vertex 114.064 0 4.56745
      vertex 114.012 0.605219 4.46324
    endloop
  endfacet
  facet normal -0.0472936 -0.173444 -0.983708
    outer loop
      vertex 114.064 0 4.56745
      vertex 114.012 0 4.56995
      vertex 114.012 0.605219 4.46324
    endloop
  endfacet
  facet normal -0.151507 -0.171634 -0.973441
    outer loop
      vertex 113.778 0 4.60637
      vertex 114.012 0.605219 4.46324
      vertex 114.012 0 4.56995
    endloop
  endfacet
  facet normal -0.151341 -0.171701 -0.973455
    outer loop
      vertex 114.012 0.605219 4.46324
      vertex 113.778 0 4.60637
      vertex 113.729 0.612744 4.50591
    endloop
  endfacet
  facet normal -0.1508 -0.171673 -0.973544
    outer loop
      vertex 113.778 0 4.60637
      vertex 113.729 0 4.61396
      vertex 113.729 0.612744 4.50591
    endloop
  endfacet
  facet normal -0.264885 -0.167456 -0.949629
    outer loop
      vertex 113.466 0 4.68732
      vertex 113.729 0.612744 4.50591
      vertex 113.729 0 4.61396
    endloop
  endfacet
  facet normal -0.264927 -0.167435 -0.949621
    outer loop
      vertex 113.729 0.612744 4.50591
      vertex 113.466 0 4.68732
      vertex 113.466 0.625291 4.57707
    endloop
  endfacet
  facet normal -0.384554 -0.160287 -0.90908
    outer loop
      vertex 113.267 0 4.7715
      vertex 113.466 0.625291 4.57707
      vertex 113.466 0 4.68732
    endloop
  endfacet
  facet normal -0.384281 -0.160404 -0.909175
    outer loop
      vertex 113.466 0.625291 4.57707
      vertex 113.267 0 4.7715
      vertex 113.223 0.642855 4.67668
    endloop
  endfacet
  facet normal -0.383097 -0.160397 -0.909675
    outer loop
      vertex 113.267 0 4.7715
      vertex 113.223 0 4.79003
      vertex 113.223 0.642855 4.67668
    endloop
  endfacet
  facet normal -0.5046 -0.149916 -0.850238
    outer loop
      vertex 113.042 0 4.89745
      vertex 113.223 0.642855 4.67668
      vertex 113.223 0 4.79003
    endloop
  endfacet
  facet normal -0.503733 -0.150313 -0.850682
    outer loop
      vertex 113.223 0.642855 4.67668
      vertex 113.042 0 4.89745
      vertex 113 0.665436 4.80474
    endloop
  endfacet
  facet normal -0.499958 -0.150383 -0.852893
    outer loop
      vertex 113.042 0 4.89745
      vertex 113 0 4.92207
      vertex 113 0.665436 4.80474
    endloop
  endfacet
  facet normal -0.616554 -0.136772 -0.775341
    outer loop
      vertex 112.797 0.473328 5
      vertex 113 0 4.92207
      vertex 112.902 0 5
    endloop
  endfacet
  facet normal -0.616467 -0.136722 -0.775419
    outer loop
      vertex 113 0 4.92207
      vertex 112.797 0.473328 5
      vertex 113 0.665436 4.80474
    endloop
  endfacet
  facet normal -0.616464 -0.136727 -0.775421
    outer loop
      vertex 113 0.665436 4.80474
      vertex 112.797 0.473328 5
      vertex 112.797 0.693034 4.96126
    endloop
  endfacet
  facet normal -0.719229 -0.120646 -0.684218
    outer loop
      vertex 112.797 0.473328 5
      vertex 112.759 0.699865 5
      vertex 112.797 0.693034 4.96126
    endloop
  endfacet
  facet normal 0.903416 0.0744518 0.422253
    outer loop
      vertex 110.91 0.679376 4.8838
      vertex 110.854 0.699866 5
      vertex 110.91 0.0203488 5
    endloop
  endfacet
  facet normal 0.838847 0.0945251 0.536098
    outer loop
      vertex 111.136 0 4.64996
      vertex 110.91 0.679376 4.8838
      vertex 110.91 0.0203488 5
    endloop
  endfacet
  facet normal 0.836947 0.12339 0.533194
    outer loop
      vertex 111.136 0 4.64996
      vertex 110.91 0.0203488 5
      vertex 110.913 0 5
    endloop
  endfacet
  facet normal 0.838843 0.0945218 0.536105
    outer loop
      vertex 110.91 0.679376 4.8838
      vertex 111.136 0 4.64996
      vertex 111.136 0.618902 4.54084
    endloop
  endfacet
  facet normal 0.761921 0.112458 0.637832
    outer loop
      vertex 111.402 0 4.33221
      vertex 111.136 0.618902 4.54084
      vertex 111.136 0 4.64996
    endloop
  endfacet
  facet normal 0.761932 0.112467 0.637817
    outer loop
      vertex 111.136 0.618902 4.54084
      vertex 111.402 0 4.33221
      vertex 111.402 0.564563 4.23266
    endloop
  endfacet
  facet normal 0.669755 0.128951 0.731301
    outer loop
      vertex 111.402 0 4.33221
      vertex 111.706 0.516951 3.96264
      vertex 111.402 0.564563 4.23266
    endloop
  endfacet
  facet normal 0.669869 0.128825 0.731218
    outer loop
      vertex 111.706 0.516951 3.96264
      vertex 111.402 0 4.33221
      vertex 111.661 0 4.09494
    endloop
  endfacet
  facet normal 0.669192 0.129033 0.731801
    outer loop
      vertex 111.706 0.516951 3.96264
      vertex 111.661 0 4.09494
      vertex 111.706 0 4.05379
    endloop
  endfacet
  facet normal 0.563629 0.143435 0.813479
    outer loop
      vertex 111.706 0 4.05379
      vertex 112.046 0.476665 3.73417
      vertex 111.706 0.516951 3.96264
    endloop
  endfacet
  facet normal 0.563278 0.143805 0.813657
    outer loop
      vertex 112.046 0.476665 3.73417
      vertex 111.706 0 4.05379
      vertex 112 0 3.85026
    endloop
  endfacet
  facet normal 0.565655 0.143199 0.812114
    outer loop
      vertex 112.046 0.476665 3.73417
      vertex 112 0 3.85026
      vertex 112.046 0 3.81822
    endloop
  endfacet
  facet normal 0.451612 0.154933 0.878659
    outer loop
      vertex 112.046 0 3.81822
      vertex 112.421 0.443704 3.54724
      vertex 112.046 0.476665 3.73417
    endloop
  endfacet
  facet normal 0.451628 0.154917 0.878654
    outer loop
      vertex 112.421 0.443704 3.54724
      vertex 112.046 0 3.81822
      vertex 112.421 0 3.62547
    endloop
  endfacet
  facet normal 0.338786 0.163139 0.926612
    outer loop
      vertex 112.421 0.443704 3.54724
      vertex 112.782 0 3.49337
      vertex 112.831 0.418068 3.40185
    endloop
  endfacet
  facet normal 0.339027 0.16335 0.926487
    outer loop
      vertex 112.782 0 3.49337
      vertex 112.421 0.443704 3.54724
      vertex 112.421 0 3.62547
    endloop
  endfacet
  facet normal 0.33684 0.163508 0.927256
    outer loop
      vertex 112.831 0.418068 3.40185
      vertex 112.782 0 3.49337
      vertex 112.831 0 3.47557
    endloop
  endfacet
  facet normal 0.230585 0.168646 0.958326
    outer loop
      vertex 112.831 0.418068 3.40185
      vertex 113.225 0 3.38062
      vertex 113.276 0.399756 3.298
    endloop
  endfacet
  facet normal 0.230914 0.168963 0.958191
    outer loop
      vertex 113.225 0 3.38062
      vertex 112.831 0.418068 3.40185
      vertex 112.831 0 3.47557
    endloop
  endfacet
  facet normal 0.228057 0.169077 0.958855
    outer loop
      vertex 113.276 0.399756 3.298
      vertex 113.225 0 3.38062
      vertex 113.276 0 3.36849
    endloop
  endfacet
  facet normal 0.130705 0.172164 0.976358
    outer loop
      vertex 113.276 0 3.36849
      vertex 113.756 0.388768 3.23568
      vertex 113.276 0.399756 3.298
    endloop
  endfacet
  facet normal 0.13071 0.172158 0.976359
    outer loop
      vertex 113.756 0.388768 3.23568
      vertex 113.276 0 3.36849
      vertex 113.756 0 3.30423
    endloop
  endfacet
  facet normal 0.0408193 0.173492 0.983989
    outer loop
      vertex 113.756 0.388768 3.23568
      vertex 114.272 0 3.28282
      vertex 114.272 0.385107 3.21492
    endloop
  endfacet
  facet normal 0.0408278 0.173503 0.983987
    outer loop
      vertex 114.272 0 3.28282
      vertex 113.756 0.388768 3.23568
      vertex 113.756 0 3.30423
    endloop
  endfacet
  facet normal -0.0237535 0.173586 0.984532
    outer loop
      vertex 114.272 0.385107 3.21492
      vertex 114.575 0 3.29013
      vertex 114.575 0.386357 3.22201
    endloop
  endfacet
  facet normal -0.0237522 0.173587 0.984532
    outer loop
      vertex 114.575 0 3.29013
      vertex 114.272 0.385107 3.21492
      vertex 114.272 0 3.28282
    endloop
  endfacet
  facet normal 0.870276 0.0854278 0.4851
    outer loop
      vertex 46.4819 0 4.34985
      vertex 46.0508 0.699865 5
      vertex 46.1195 0 5
    endloop
  endfacet
  facet normal 0.870323 0.0855566 0.484993
    outer loop
      vertex 46.0508 0.699865 5
      vertex 46.4819 0 4.34985
      vertex 47.0151 0.403946 3.32176
    endloop
  endfacet
  facet normal 0.870335 0.0855071 0.48498
    outer loop
      vertex 47.0151 0.403946 3.32176
      vertex 46.4819 0 4.34985
      vertex 47.0151 0 3.39298
    endloop
  endfacet
  facet normal -0 0.173633 0.98481
    outer loop
      vertex 47.0151 0.403946 3.32176
      vertex 48.8922 0 3.39298
      vertex 48.8922 0.403946 3.32176
    endloop
  endfacet
  facet normal 0 0.173633 0.98481
    outer loop
      vertex 48.8922 0 3.39298
      vertex 47.0151 0.403946 3.32176
      vertex 47.0151 0 3.39298
    endloop
  endfacet
  facet normal -1 0 0
    outer loop
      vertex 48.8922 0 3.39298
      vertex 48.8922 0.699865 5
      vertex 48.8922 0.403946 3.32176
    endloop
  endfacet
  facet normal -1 -0 0
    outer loop
      vertex 48.8922 0.699865 5
      vertex 48.8922 0 3.39298
      vertex 48.8922 0 5
    endloop
  endfacet
  facet normal 1 -0 0
    outer loop
      vertex 42.3605 0 5
      vertex 42.3605 0.403946 3.32176
      vertex 42.3605 0.699865 5
    endloop
  endfacet
  facet normal 1 0 0
    outer loop
      vertex 42.3605 0.403946 3.32176
      vertex 42.3605 0 5
      vertex 42.3605 0 3.39298
    endloop
  endfacet
  facet normal -0 0.173633 0.98481
    outer loop
      vertex 42.3605 0.403946 3.32176
      vertex 43.7818 0 3.39298
      vertex 43.7818 0.403946 3.32176
    endloop
  endfacet
  facet normal 0 0.173633 0.98481
    outer loop
      vertex 43.7818 0 3.39298
      vertex 42.3605 0.403946 3.32176
      vertex 42.3605 0 3.39298
    endloop
  endfacet
  facet normal -1 0 0
    outer loop
      vertex 43.7818 0 3.39298
      vertex 43.7818 0.699866 5
      vertex 43.7818 0.403946 3.32176
    endloop
  endfacet
  facet normal -1 -0 0
    outer loop
      vertex 43.7818 0.699866 5
      vertex 43.7818 0 3.39298
      vertex 43.7818 0 5
    endloop
  endfacet
  facet normal 0.870474 0.0858204 0.484675
    outer loop
      vertex 106.971 0 4.34985
      vertex 106.54 0.699865 5
      vertex 106.609 0 5
    endloop
  endfacet
  facet normal 0.870169 0.0849896 0.485368
    outer loop
      vertex 106.54 0.699865 5
      vertex 106.971 0 4.34985
      vertex 107.505 0.403946 3.32176
    endloop
  endfacet
  facet normal 0.870018 0.0856043 0.485531
    outer loop
      vertex 107.505 0.403946 3.32176
      vertex 106.971 0 4.34985
      vertex 107.505 0 3.39298
    endloop
  endfacet
  facet normal -0 0.173633 0.98481
    outer loop
      vertex 107.505 0.403946 3.32176
      vertex 109.382 0 3.39298
      vertex 109.382 0.403946 3.32176
    endloop
  endfacet
  facet normal 0 0.173633 0.98481
    outer loop
      vertex 109.382 0 3.39298
      vertex 107.505 0.403946 3.32176
      vertex 107.505 0 3.39298
    endloop
  endfacet
  facet normal -1 0 0
    outer loop
      vertex 109.382 0 3.39298
      vertex 109.382 0.699865 5
      vertex 109.382 0.403946 3.32176
    endloop
  endfacet
  facet normal -1 -0 0
    outer loop
      vertex 109.382 0.699865 5
      vertex 109.382 0 3.39298
      vertex 109.382 0 5
    endloop
  endfacet
  facet normal 1 -0 0
    outer loop
      vertex 102.85 0 5
      vertex 102.85 0.403946 3.32176
      vertex 102.85 0.699865 5
    endloop
  endfacet
  facet normal 1 0 0
    outer loop
      vertex 102.85 0.403946 3.32176
      vertex 102.85 0 5
      vertex 102.85 0 3.39298
    endloop
  endfacet
  facet normal -0 0.173633 0.98481
    outer loop
      vertex 102.85 0.403946 3.32176
      vertex 104.271 0 3.39298
      vertex 104.271 0.403946 3.32176
    endloop
  endfacet
  facet normal 0 0.173633 0.98481
    outer loop
      vertex 104.271 0 3.39298
      vertex 102.85 0.403946 3.32176
      vertex 102.85 0 3.39298
    endloop
  endfacet
  facet normal -1 0 0
    outer loop
      vertex 104.271 0 3.39298
      vertex 104.271 0.699866 5
      vertex 104.271 0.403946 3.32176
    endloop
  endfacet
  facet normal -1 -0 0
    outer loop
      vertex 104.271 0.699866 5
      vertex 104.271 0 3.39298
      vertex 104.271 0 5
    endloop
  endfacet
  facet normal -0.973876 0.0394325 0.223631
    outer loop
      vertex 62.0588 0 4.64002
      vertex 62.1698 0.699865 5
      vertex 62.0588 0.617201 4.53119
    endloop
  endfacet
  facet normal -0.973856 0.0393792 0.223729
    outer loop
      vertex 62.1698 0.699865 5
      vertex 62.0588 0 4.64002
      vertex 62.1415 0 5
    endloop
  endfacet
  facet normal 0.97363 0.0395092 0.224687
    outer loop
      vertex 64.1246 0 5
      vertex 64.4955 0.403946 3.32176
      vertex 64.0962 0.699865 5
    endloop
  endfacet
  facet normal 0.97362 0.039619 0.224711
    outer loop
      vertex 64.4955 0.403946 3.32176
      vertex 64.1246 0 5
      vertex 64.4955 0 3.39298
    endloop
  endfacet
  facet normal -0 0.173633 0.98481
    outer loop
      vertex 64.4955 0.403946 3.32176
      vertex 66.3942 0 3.39298
      vertex 66.3942 0.403946 3.32176
    endloop
  endfacet
  facet normal 0 0.173633 0.98481
    outer loop
      vertex 66.3942 0 3.39298
      vertex 64.4955 0.403946 3.32176
      vertex 64.4955 0 3.39298
    endloop
  endfacet
  facet normal -0.968205 0.0434355 0.246358
    outer loop
      vertex 66.3942 0 3.39298
      vertex 66.8345 0.699865 5
      vertex 66.3942 0.403946 3.32176
    endloop
  endfacet
  facet normal -0.968205 0.0434393 0.246356
    outer loop
      vertex 66.8345 0.699865 5
      vertex 66.3942 0 3.39298
      vertex 66.8031 0 5
    endloop
  endfacet
  facet normal 0.977517 -0.0365941 -0.207659
    outer loop
      vertex 65.4164 0 5
      vertex 65.4015 0.666779 4.81236
      vertex 65.4426 0.699865 5
    endloop
  endfacet
  facet normal 0.977473 -0.03665 -0.207854
    outer loop
      vertex 65.4015 0.666779 4.81236
      vertex 65.4164 0 5
      vertex 65.4015 0 4.92993
    endloop
  endfacet
  facet normal -0.985762 -0.0291976 -0.16559
    outer loop
      vertex 65.4015 0 4.92993
      vertex 65.369 0.699865 5
      vertex 65.4015 0.666779 4.81236
    endloop
  endfacet
  facet normal -0.985921 -0.0293016 -0.164625
    outer loop
      vertex 65.369 0.699865 5
      vertex 65.4015 0 4.92993
      vertex 65.3898 0 5
    endloop
  endfacet
  facet normal 0.98019 -0.0344533 -0.19504
    outer loop
      vertex 60.8964 0 5
      vertex 60.8825 0.666779 4.81236
      vertex 60.921 0.699865 5
    endloop
  endfacet
  facet normal 0.98031 -0.0342895 -0.194467
    outer loop
      vertex 60.8825 0.666779 4.81236
      vertex 60.8964 0 5
      vertex 60.8825 0 4.92993
    endloop
  endfacet
  facet normal -0.978769 -0.0355914 -0.201851
    outer loop
      vertex 60.8825 0 4.92993
      vertex 60.8426 0.699865 5
      vertex 60.8825 0.666779 4.81236
    endloop
  endfacet
  facet normal -0.978906 -0.035667 -0.201174
    outer loop
      vertex 60.8426 0.699865 5
      vertex 60.8825 0 4.92993
      vertex 60.8681 0 5
    endloop
  endfacet
  facet normal 0.968384 0.0433089 0.245677
    outer loop
      vertex 59.4657 0 5
      vertex 59.8734 0.403946 3.32176
      vertex 59.4344 0.699865 5
    endloop
  endfacet
  facet normal 0.968383 0.0433157 0.245678
    outer loop
      vertex 59.8734 0.403946 3.32176
      vertex 59.4657 0 5
      vertex 59.8734 0 3.39298
    endloop
  endfacet
  facet normal -0 0.173633 0.98481
    outer loop
      vertex 59.8734 0.403946 3.32176
      vertex 61.7722 0 3.39298
      vertex 61.7722 0.403946 3.32176
    endloop
  endfacet
  facet normal 0 0.173633 0.98481
    outer loop
      vertex 61.7722 0 3.39298
      vertex 59.8734 0.403946 3.32176
      vertex 59.8734 0 3.39298
    endloop
  endfacet
  facet normal -0.973833 0.0394605 0.223812
    outer loop
      vertex 61.7722 0 3.39298
      vertex 62.0588 0.617201 4.53119
      vertex 61.7722 0.403946 3.32176
    endloop
  endfacet
  facet normal -0.973833 0.0394641 0.22381
    outer loop
      vertex 62.0588 0.617201 4.53119
      vertex 61.7722 0 3.39298
      vertex 62.0588 0 4.64002
    endloop
  endfacet
  facet normal 1 -0 0
    outer loop
      vertex 71.8926 0 5
      vertex 71.8926 0.403946 3.32176
      vertex 71.8926 0.699865 5
    endloop
  endfacet
  facet normal 1 0 0
    outer loop
      vertex 71.8926 0.403946 3.32176
      vertex 71.8926 0 5
      vertex 71.8926 0 3.39298
    endloop
  endfacet
  facet normal -0 0.173633 0.98481
    outer loop
      vertex 71.8926 0.403946 3.32176
      vertex 73.493 0 3.39298
      vertex 73.493 0.403946 3.32176
    endloop
  endfacet
  facet normal 0 0.173633 0.98481
    outer loop
      vertex 73.493 0 3.39298
      vertex 71.8926 0.403946 3.32176
      vertex 71.8926 0 3.39298
    endloop
  endfacet
  facet normal -1 0 0
    outer loop
      vertex 73.493 0 3.39298
      vertex 73.493 0.699865 5
      vertex 73.493 0.403946 3.32176
    endloop
  endfacet
  facet normal -1 -0 0
    outer loop
      vertex 73.493 0.699865 5
      vertex 73.493 0 3.39298
      vertex 73.493 0 5
    endloop
  endfacet
  facet normal 0 -0.173651 -0.984807
    outer loop
      vertex 80.7303 0 4.64894
      vertex 84.8316 0.618727 4.53984
      vertex 84.8316 0 4.64894
    endloop
  endfacet
  facet normal -0 -0.173651 -0.984807
    outer loop
      vertex 84.8316 0.618727 4.53984
      vertex 80.7303 0 4.64894
      vertex 80.7303 0.618727 4.53984
    endloop
  endfacet
  facet normal -1 0 0
    outer loop
      vertex 80.7303 0 4.64894
      vertex 80.7303 0.699865 5
      vertex 80.7303 0.618727 4.53984
    endloop
  endfacet
  facet normal -1 -0 0
    outer loop
      vertex 80.7303 0.699865 5
      vertex 80.7303 0 4.64894
      vertex 80.7303 0 5
    endloop
  endfacet
  facet normal 1 -0 0
    outer loop
      vertex 79.1299 0 5
      vertex 79.1299 0.403946 3.32176
      vertex 79.1299 0.699865 5
    endloop
  endfacet
  facet normal 1 0 0
    outer loop
      vertex 79.1299 0.403946 3.32176
      vertex 79.1299 0 5
      vertex 79.1299 0 3.39298
    endloop
  endfacet
  facet normal -0 0.173633 0.98481
    outer loop
      vertex 79.1299 0.403946 3.32176
      vertex 84.8316 0 3.39298
      vertex 84.8316 0.403946 3.32176
    endloop
  endfacet
  facet normal 0 0.173633 0.98481
    outer loop
      vertex 84.8316 0 3.39298
      vertex 79.1299 0.403946 3.32176
      vertex 79.1299 0 3.39298
    endloop
  endfacet
  facet normal -1 0 0
    outer loop
      vertex 84.8316 0 3.39298
      vertex 84.8316 0.618727 4.53984
      vertex 84.8316 0.403946 3.32176
    endloop
  endfacet
  facet normal -1 -0 0
    outer loop
      vertex 84.8316 0.618727 4.53984
      vertex 84.8316 0 3.39298
      vertex 84.8316 0 4.64894
    endloop
  endfacet
  facet normal 1 -0 0
    outer loop
      vertex 99.8352 0 5
      vertex 99.8352 0.403946 3.32176
      vertex 99.8352 0.699865 5
    endloop
  endfacet
  facet normal 1 0 0
    outer loop
      vertex 99.8352 0.403946 3.32176
      vertex 99.8352 0 5
      vertex 99.8352 0 3.39298
    endloop
  endfacet
  facet normal -0 0.173633 0.98481
    outer loop
      vertex 99.8352 0.403946 3.32176
      vertex 101.436 0 3.39298
      vertex 101.436 0.403946 3.32176
    endloop
  endfacet
  facet normal 0 0.173633 0.98481
    outer loop
      vertex 101.436 0 3.39298
      vertex 99.8352 0.403946 3.32176
      vertex 99.8352 0 3.39298
    endloop
  endfacet
  facet normal -1 0 0
    outer loop
      vertex 101.436 0 3.39298
      vertex 101.436 0.699865 5
      vertex 101.436 0.403946 3.32176
    endloop
  endfacet
  facet normal -1 -0 0
    outer loop
      vertex 101.436 0.699865 5
      vertex 101.436 0 3.39298
      vertex 101.436 0 5
    endloop
  endfacet
  facet normal 0.944676 0.0569614 0.323022
    outer loop
      vertex 90.6118 0 5
      vertex 91.1613 0.403946 3.32176
      vertex 90.5696 0.699866 5
    endloop
  endfacet
  facet normal 0.944677 0.0569519 0.32302
    outer loop
      vertex 91.1613 0.403946 3.32176
      vertex 90.6118 0 5
      vertex 91.1613 0 3.39298
    endloop
  endfacet
  facet normal -0 0.173633 0.98481
    outer loop
      vertex 91.1613 0.403946 3.32176
      vertex 92.7454 0 3.39298
      vertex 92.7454 0.403946 3.32176
    endloop
  endfacet
  facet normal 0 0.173633 0.98481
    outer loop
      vertex 92.7454 0 3.39298
      vertex 91.1613 0.403946 3.32176
      vertex 91.1613 0 3.39298
    endloop
  endfacet
  facet normal -0.939879 -0.0592969 -0.33632
    outer loop
      vertex 92.7454 0 3.39298
      vertex 92.1262 0.699865 5
      vertex 92.7454 0.403946 3.32176
    endloop
  endfacet
  facet normal -0.939873 -0.0592234 -0.33635
    outer loop
      vertex 92.1262 0.699865 5
      vertex 92.7454 0 3.39298
      vertex 92.1703 0 5
    endloop
  endfacet
  facet normal 0.939436 -0.0595986 -0.337503
    outer loop
      vertex 85.8687 0 5
      vertex 85.2914 0.403946 3.32176
      vertex 85.9131 0.699865 5
    endloop
  endfacet
  facet normal 0.939449 -0.0595021 -0.337484
    outer loop
      vertex 85.2914 0.403946 3.32176
      vertex 85.8687 0 5
      vertex 85.2914 0 3.39298
    endloop
  endfacet
  facet normal -0 0.173633 0.98481
    outer loop
      vertex 85.2914 0.403946 3.32176
      vertex 86.8918 0 3.39298
      vertex 86.8918 0.403946 3.32176
    endloop
  endfacet
  facet normal 0 0.173633 0.98481
    outer loop
      vertex 86.8918 0 3.39298
      vertex 85.2914 0.403946 3.32176
      vertex 85.2914 0 3.39298
    endloop
  endfacet
  facet normal -0.944676 0.0569525 0.323024
    outer loop
      vertex 86.8918 0 3.39298
      vertex 87.4835 0.699866 5
      vertex 86.8918 0.403946 3.32176
    endloop
  endfacet
  facet normal -0.944676 0.0569614 0.32302
    outer loop
      vertex 87.4835 0.699866 5
      vertex 86.8918 0 3.39298
      vertex 87.4413 0 5
    endloop
  endfacet
  facet normal 1 -0 0
    outer loop
      vertex 94.7679 0 5
      vertex 94.7679 0.403946 3.32176
      vertex 94.7679 0.699865 5
    endloop
  endfacet
  facet normal 1 0 0
    outer loop
      vertex 94.7679 0.403946 3.32176
      vertex 94.7679 0 5
      vertex 94.7679 0 3.39298
    endloop
  endfacet
  facet normal -0 0.173633 0.98481
    outer loop
      vertex 94.7679 0.403946 3.32176
      vertex 96.3628 0 3.39298
      vertex 96.3628 0.403946 3.32176
    endloop
  endfacet
  facet normal 0 0.173633 0.98481
    outer loop
      vertex 96.3628 0 3.39298
      vertex 94.7679 0.403946 3.32176
      vertex 94.7679 0 3.39298
    endloop
  endfacet
  facet normal -1 0 0
    outer loop
      vertex 96.3628 0 3.39298
      vertex 96.3628 0.699865 5
      vertex 96.3628 0.403946 3.32176
    endloop
  endfacet
  facet normal -1 -0 0
    outer loop
      vertex 96.3628 0.699865 5
      vertex 96.3628 0 3.39298
      vertex 96.3628 0 5
    endloop
  endfacet
endsolid OpenSCAD_Model
