solid OpenSCAD_Model
  facet normal 1 -0 0
    outer loop
      vertex 3 2 53
      vertex 3 6 50
      vertex 3 6 57
    endloop
  endfacet
  facet normal 1 0 0
    outer loop
      vertex 3 6 50
      vertex 3 2 53
      vertex 3 2 50
    endloop
  endfacet
  facet normal 1 0 0
    outer loop
      vertex 3 131.5 49.6
      vertex 3 202 57
      vertex 3 202 60
    endloop
  endfacet
  facet normal 1 0 0
    outer loop
      vertex 3 202 57
      vertex 3 131.5 49.6
      vertex 3 202 50
    endloop
  endfacet
  facet normal 1 0 0
    outer loop
      vertex 3 202 50
      vertex 3 131.5 49.6
      vertex 3 202 3
    endloop
  endfacet
  facet normal 1 0 0
    outer loop
      vertex 3 202 60
      vertex 3 129 49.6
      vertex 3 131.5 49.6
    endloop
  endfacet
  facet normal 1 0 0
    outer loop
      vertex 3 129 49.6
      vertex 3 58.5 49.6
      vertex 3 129 3
    endloop
  endfacet
  facet normal 1 -0 0
    outer loop
      vertex 3 6 60
      vertex 3 129 49.6
      vertex 3 202 60
    endloop
  endfacet
  facet normal 1 0 0
    outer loop
      vertex 3 129 49.6
      vertex 3 6 60
      vertex 3 58.5 49.6
    endloop
  endfacet
  facet normal 1 0 0
    outer loop
      vertex 3 58.5 49.6
      vertex 3 6 60
      vertex 3 56 49.6
    endloop
  endfacet
  facet normal 1 -0 0
    outer loop
      vertex 3 6 57
      vertex 3 56 49.6
      vertex 3 6 60
    endloop
  endfacet
  facet normal 1 -0 0
    outer loop
      vertex 3 6 50
      vertex 3 56 49.6
      vertex 3 6 57
    endloop
  endfacet
  facet normal 1 0 0
    outer loop
      vertex 3 56 49.6
      vertex 3 6 50
      vertex 3 56 3
    endloop
  endfacet
  facet normal 1 0 0
    outer loop
      vertex 3 56 3
      vertex 3 6 50
      vertex 3 6 3
    endloop
  endfacet
  facet normal 1 0 0
    outer loop
      vertex 3 202 50
      vertex 3 206 53
      vertex 3 202 57
    endloop
  endfacet
  facet normal 1 0 0
    outer loop
      vertex 3 206 53
      vertex 3 202 50
      vertex 3 206 50
    endloop
  endfacet
  facet normal 1 0 0
    outer loop
      vertex 3 202 3
      vertex 3 131.5 49.6
      vertex 3 131.5 3
    endloop
  endfacet
  facet normal 1 0 0
    outer loop
      vertex 3 129 3
      vertex 3 58.5 49.6
      vertex 3 58.5 3
    endloop
  endfacet
  facet normal 0 1 -0
    outer loop
      vertex 203 6 49.6
      vertex 198 6 50
      vertex 204 6 49.6
    endloop
  endfacet
  facet normal 0 1 -0
    outer loop
      vertex 203 6 3
      vertex 198 6 50
      vertex 203 6 49.6
    endloop
  endfacet
  facet normal 0 1 0
    outer loop
      vertex 3 6 3
      vertex 198 6 50
      vertex 203 6 3
    endloop
  endfacet
  facet normal 0 1 0
    outer loop
      vertex 198 6 50
      vertex 3 6 3
      vertex 3 6 50
    endloop
  endfacet
  facet normal 0 1 -0
    outer loop
      vertex 206 6 57
      vertex 3 6 60
      vertex 206 6 60
    endloop
  endfacet
  facet normal 0 1 0
    outer loop
      vertex 3 6 60
      vertex 206 6 57
      vertex 3 6 57
    endloop
  endfacet
  facet normal 0 -1 0
    outer loop
      vertex 206 6 49.4667
      vertex 206 6 49.6
      vertex 204 6 49.6
    endloop
  endfacet
  facet normal 0 0 1
    outer loop
      vertex 198 6 50
      vertex 15 5.2 50
      vertex 198 2 50
    endloop
  endfacet
  facet normal -0 0 1
    outer loop
      vertex 3 6 50
      vertex 15 5.2 50
      vertex 198 6 50
    endloop
  endfacet
  facet normal 0 0 1
    outer loop
      vertex 3 2 50
      vertex 9 5.2 50
      vertex 3 6 50
    endloop
  endfacet
  facet normal 0 0 1
    outer loop
      vertex 15 5.2 50
      vertex 3 6 50
      vertex 9 5.2 50
    endloop
  endfacet
  facet normal -0 0 1
    outer loop
      vertex 15 2.4 50
      vertex 198 2 50
      vertex 15 5.2 50
    endloop
  endfacet
  facet normal 0 0 1
    outer loop
      vertex 3 2 50
      vertex 15 2.4 50
      vertex 9 2.4 50
    endloop
  endfacet
  facet normal 0 0 1
    outer loop
      vertex 15 2.4 50
      vertex 3 2 50
      vertex 198 2 50
    endloop
  endfacet
  facet normal 0 0 1
    outer loop
      vertex 9 5.2 50
      vertex 3 2 50
      vertex 9 2.4 50
    endloop
  endfacet
  facet normal 0 1 0
    outer loop
      vertex 206 2 53
      vertex 198 2 50
      vertex 3 2 53
    endloop
  endfacet
  facet normal -0 1 0
    outer loop
      vertex 198 2 50
      vertex 206 2 53
      vertex 206 2 49.4667
    endloop
  endfacet
  facet normal 0 1 0
    outer loop
      vertex 3 2 53
      vertex 198 2 50
      vertex 3 2 50
    endloop
  endfacet
  facet normal 0 0.707107 -0.707107
    outer loop
      vertex 206 2 53
      vertex 3 6 57
      vertex 206 6 57
    endloop
  endfacet
  facet normal 0 0.707107 -0.707107
    outer loop
      vertex 3 6 57
      vertex 206 2 53
      vertex 3 2 53
    endloop
  endfacet
  facet normal 0.0665025 0 0.997786
    outer loop
      vertex 204 6 49.6
      vertex 206 2 49.4667
      vertex 206 6 49.4667
    endloop
  endfacet
  facet normal 0.066519 -0 0.997785
    outer loop
      vertex 198 2 50
      vertex 204 6 49.6
      vertex 198 6 50
    endloop
  endfacet
  facet normal 0.0665149 6.23616e-06 0.997785
    outer loop
      vertex 204 6 49.6
      vertex 198 2 50
      vertex 206 2 49.4667
    endloop
  endfacet
  facet normal 0 -1 0
    outer loop
      vertex 203 202 3
      vertex 198 202 50
      vertex 138 202 3
    endloop
  endfacet
  facet normal 0 -1 0
    outer loop
      vertex 198 202 50
      vertex 203 202 3
      vertex 203 202 49.6
    endloop
  endfacet
  facet normal 0 -1 0
    outer loop
      vertex 70.5 202 3
      vertex 135.5 202 49.6
      vertex 70.5 202 49.6
    endloop
  endfacet
  facet normal 0 -1 -0
    outer loop
      vertex 135.5 202 49.6
      vertex 70.5 202 3
      vertex 135.5 202 3
    endloop
  endfacet
  facet normal 0 -1 0
    outer loop
      vertex 3 202 50
      vertex 68 202 49.6
      vertex 198 202 50
    endloop
  endfacet
  facet normal 0 -1 0
    outer loop
      vertex 3 202 3
      vertex 68 202 49.6
      vertex 3 202 50
    endloop
  endfacet
  facet normal 0 -1 -0
    outer loop
      vertex 68 202 49.6
      vertex 3 202 3
      vertex 68 202 3
    endloop
  endfacet
  facet normal 0 -1 0
    outer loop
      vertex 70.5 202 49.6
      vertex 198 202 50
      vertex 68 202 49.6
    endloop
  endfacet
  facet normal 0 -1 0
    outer loop
      vertex 135.5 202 49.6
      vertex 198 202 50
      vertex 70.5 202 49.6
    endloop
  endfacet
  facet normal 0 -1 0
    outer loop
      vertex 138 202 49.6
      vertex 198 202 50
      vertex 135.5 202 49.6
    endloop
  endfacet
  facet normal 0 -1 0
    outer loop
      vertex 138 202 3
      vertex 198 202 50
      vertex 138 202 49.6
    endloop
  endfacet
  facet normal 0 -1 0
    outer loop
      vertex 198 202 50
      vertex 203 202 49.6
      vertex 204 202 49.6
    endloop
  endfacet
  facet normal 0 -1 0
    outer loop
      vertex 3 202 57
      vertex 206 202 60
      vertex 3 202 60
    endloop
  endfacet
  facet normal 0 -1 -0
    outer loop
      vertex 206 202 60
      vertex 3 202 57
      vertex 206 202 57
    endloop
  endfacet
  facet normal 0 1 -0
    outer loop
      vertex 206 202 49.4667
      vertex 204 202 49.6
      vertex 206 202 49.6
    endloop
  endfacet
  facet normal 0 0 1
    outer loop
      vertex 198 206 50
      vertex 15 205.6 50
      vertex 198 202 50
    endloop
  endfacet
  facet normal -0 0 1
    outer loop
      vertex 3 206 50
      vertex 15 205.6 50
      vertex 198 206 50
    endloop
  endfacet
  facet normal 0 0 1
    outer loop
      vertex 9 205.6 50
      vertex 3 206 50
      vertex 9 202.8 50
    endloop
  endfacet
  facet normal 0 0 1
    outer loop
      vertex 15 205.6 50
      vertex 3 206 50
      vertex 9 205.6 50
    endloop
  endfacet
  facet normal -0 0 1
    outer loop
      vertex 15 202.8 50
      vertex 198 202 50
      vertex 15 205.6 50
    endloop
  endfacet
  facet normal 0 0 1
    outer loop
      vertex 3 202 50
      vertex 15 202.8 50
      vertex 9 202.8 50
    endloop
  endfacet
  facet normal 0 0 1
    outer loop
      vertex 15 202.8 50
      vertex 3 202 50
      vertex 198 202 50
    endloop
  endfacet
  facet normal 0 0 1
    outer loop
      vertex 3 202 50
      vertex 9 202.8 50
      vertex 3 206 50
    endloop
  endfacet
  facet normal 0 -1 0
    outer loop
      vertex 198 206 50
      vertex 3 206 53
      vertex 3 206 50
    endloop
  endfacet
  facet normal 0 -1 0
    outer loop
      vertex 3 206 53
      vertex 198 206 50
      vertex 206 206 53
    endloop
  endfacet
  facet normal 0 -1 -0
    outer loop
      vertex 206 206 53
      vertex 198 206 50
      vertex 206 206 49.4667
    endloop
  endfacet
  facet normal 0 -0.707107 -0.707107
    outer loop
      vertex 3 206 53
      vertex 206 202 57
      vertex 3 202 57
    endloop
  endfacet
  facet normal 0 -0.707107 -0.707107
    outer loop
      vertex 206 202 57
      vertex 3 206 53
      vertex 206 206 53
    endloop
  endfacet
  facet normal 0.0665025 0 0.997786
    outer loop
      vertex 206 206 49.4667
      vertex 204 202 49.6
      vertex 206 202 49.4667
    endloop
  endfacet
  facet normal 0.0665149 -6.23616e-06 0.997785
    outer loop
      vertex 198 206 50
      vertex 204 202 49.6
      vertex 206 206 49.4667
    endloop
  endfacet
  facet normal 0.066519 0 0.997785
    outer loop
      vertex 204 202 49.6
      vertex 198 206 50
      vertex 198 202 50
    endloop
  endfacet
  facet normal 0 -1 0
    outer loop
      vertex 188.752 1.01 36.7517
      vertex 197.412 1.01 36.7517
      vertex 193.082 1.01 39.2517
    endloop
  endfacet
  facet normal 0 -1 0
    outer loop
      vertex 188.752 1.01 31.7517
      vertex 197.412 1.01 36.7517
      vertex 188.752 1.01 36.7517
    endloop
  endfacet
  facet normal 0 -1 0
    outer loop
      vertex 188.752 1.01 31.7517
      vertex 197.412 1.01 31.7517
      vertex 197.412 1.01 36.7517
    endloop
  endfacet
  facet normal -0 -1 0
    outer loop
      vertex 197.412 1.01 31.7517
      vertex 188.752 1.01 31.7517
      vertex 193.082 1.01 29.2517
    endloop
  endfacet
  facet normal 0 -1 0
    outer loop
      vertex 8.58783 1.01 36.7517
      vertex 17.2481 1.01 36.7517
      vertex 12.918 1.01 39.2517
    endloop
  endfacet
  facet normal 0 -1 0
    outer loop
      vertex 8.58783 1.01 31.7517
      vertex 17.2481 1.01 36.7517
      vertex 8.58783 1.01 36.7517
    endloop
  endfacet
  facet normal 0 -1 0
    outer loop
      vertex 8.58783 1.01 31.7517
      vertex 17.2481 1.01 31.7517
      vertex 17.2481 1.01 36.7517
    endloop
  endfacet
  facet normal -0 -1 0
    outer loop
      vertex 17.2481 1.01 31.7517
      vertex 8.58783 1.01 31.7517
      vertex 12.918 1.01 29.2517
    endloop
  endfacet
  facet normal 0 -1 0
    outer loop
      vertex 19.8481 1.01 36.7517
      vertex 28.5083 1.01 36.7517
      vertex 24.1782 1.01 39.2517
    endloop
  endfacet
  facet normal 0 -1 0
    outer loop
      vertex 19.8481 1.01 31.7517
      vertex 28.5083 1.01 36.7517
      vertex 19.8481 1.01 36.7517
    endloop
  endfacet
  facet normal 0 -1 0
    outer loop
      vertex 19.8481 1.01 31.7517
      vertex 28.5083 1.01 31.7517
      vertex 28.5083 1.01 36.7517
    endloop
  endfacet
  facet normal -0 -1 0
    outer loop
      vertex 28.5083 1.01 31.7517
      vertex 19.8481 1.01 31.7517
      vertex 24.1782 1.01 29.2517
    endloop
  endfacet
  facet normal 0 -1 0
    outer loop
      vertex 31.1083 1.01 36.7517
      vertex 39.7686 1.01 36.7517
      vertex 35.4385 1.01 39.2517
    endloop
  endfacet
  facet normal 0 -1 0
    outer loop
      vertex 31.1083 1.01 31.7517
      vertex 39.7686 1.01 36.7517
      vertex 31.1083 1.01 36.7517
    endloop
  endfacet
  facet normal 0 -1 0
    outer loop
      vertex 31.1083 1.01 31.7517
      vertex 39.7686 1.01 31.7517
      vertex 39.7686 1.01 36.7517
    endloop
  endfacet
  facet normal -0 -1 0
    outer loop
      vertex 39.7686 1.01 31.7517
      vertex 31.1083 1.01 31.7517
      vertex 35.4385 1.01 29.2517
    endloop
  endfacet
  facet normal 0 -1 0
    outer loop
      vertex 42.3686 1.01 36.7517
      vertex 51.0288 1.01 36.7517
      vertex 46.6987 1.01 39.2517
    endloop
  endfacet
  facet normal 0 -1 0
    outer loop
      vertex 42.3686 1.01 31.7517
      vertex 51.0288 1.01 36.7517
      vertex 42.3686 1.01 36.7517
    endloop
  endfacet
  facet normal 0 -1 0
    outer loop
      vertex 42.3686 1.01 31.7517
      vertex 51.0288 1.01 31.7517
      vertex 51.0288 1.01 36.7517
    endloop
  endfacet
  facet normal -0 -1 0
    outer loop
      vertex 51.0288 1.01 31.7517
      vertex 42.3686 1.01 31.7517
      vertex 46.6987 1.01 29.2517
    endloop
  endfacet
  facet normal 0 -1 0
    outer loop
      vertex 53.6288 1.01 36.7517
      vertex 62.2891 1.01 36.7517
      vertex 57.959 1.01 39.2517
    endloop
  endfacet
  facet normal 0 -1 0
    outer loop
      vertex 53.6288 1.01 31.7517
      vertex 62.2891 1.01 36.7517
      vertex 53.6288 1.01 36.7517
    endloop
  endfacet
  facet normal 0 -1 0
    outer loop
      vertex 53.6288 1.01 31.7517
      vertex 62.2891 1.01 31.7517
      vertex 62.2891 1.01 36.7517
    endloop
  endfacet
  facet normal -0 -1 0
    outer loop
      vertex 62.2891 1.01 31.7517
      vertex 53.6288 1.01 31.7517
      vertex 57.959 1.01 29.2517
    endloop
  endfacet
  facet normal 0 -1 0
    outer loop
      vertex 36.7385 1.01 27
      vertex 45.3987 1.01 27
      vertex 41.0686 1.01 29.5
    endloop
  endfacet
  facet normal 0 -1 0
    outer loop
      vertex 36.7385 1.01 22
      vertex 45.3987 1.01 27
      vertex 36.7385 1.01 27
    endloop
  endfacet
  facet normal 0 -1 0
    outer loop
      vertex 36.7385 1.01 22
      vertex 45.3987 1.01 22
      vertex 45.3987 1.01 27
    endloop
  endfacet
  facet normal -0 -1 0
    outer loop
      vertex 45.3987 1.01 22
      vertex 36.7385 1.01 22
      vertex 41.0686 1.01 19.5
    endloop
  endfacet
  facet normal 0 -1 0
    outer loop
      vertex 64.8891 1.01 36.7517
      vertex 73.5493 1.01 36.7517
      vertex 69.2192 1.01 39.2517
    endloop
  endfacet
  facet normal 0 -1 0
    outer loop
      vertex 64.8891 1.01 31.7517
      vertex 73.5493 1.01 36.7517
      vertex 64.8891 1.01 36.7517
    endloop
  endfacet
  facet normal 0 -1 0
    outer loop
      vertex 64.8891 1.01 31.7517
      vertex 73.5493 1.01 31.7517
      vertex 73.5493 1.01 36.7517
    endloop
  endfacet
  facet normal -0 -1 0
    outer loop
      vertex 73.5493 1.01 31.7517
      vertex 64.8891 1.01 31.7517
      vertex 69.2192 1.01 29.2517
    endloop
  endfacet
  facet normal 0 -1 0
    outer loop
      vertex 76.1494 1.01 36.7517
      vertex 84.8096 1.01 36.7517
      vertex 80.4795 1.01 39.2517
    endloop
  endfacet
  facet normal 0 -1 0
    outer loop
      vertex 76.1494 1.01 31.7517
      vertex 84.8096 1.01 36.7517
      vertex 76.1494 1.01 36.7517
    endloop
  endfacet
  facet normal 0 -1 0
    outer loop
      vertex 76.1494 1.01 31.7517
      vertex 84.8096 1.01 31.7517
      vertex 84.8096 1.01 36.7517
    endloop
  endfacet
  facet normal -0 -1 0
    outer loop
      vertex 84.8096 1.01 31.7517
      vertex 76.1494 1.01 31.7517
      vertex 80.4795 1.01 29.2517
    endloop
  endfacet
  facet normal 0 -1 0
    outer loop
      vertex 87.4096 1.01 36.7517
      vertex 96.0699 1.01 36.7517
      vertex 91.7397 1.01 39.2517
    endloop
  endfacet
  facet normal 0 -1 0
    outer loop
      vertex 87.4096 1.01 31.7517
      vertex 96.0699 1.01 36.7517
      vertex 87.4096 1.01 36.7517
    endloop
  endfacet
  facet normal 0 -1 0
    outer loop
      vertex 87.4096 1.01 31.7517
      vertex 96.0699 1.01 31.7517
      vertex 96.0699 1.01 36.7517
    endloop
  endfacet
  facet normal -0 -1 0
    outer loop
      vertex 96.0699 1.01 31.7517
      vertex 87.4096 1.01 31.7517
      vertex 91.7397 1.01 29.2517
    endloop
  endfacet
  facet normal 0 -1 0
    outer loop
      vertex 98.6699 1.01 36.7517
      vertex 107.33 1.01 36.7517
      vertex 103 1.01 39.2517
    endloop
  endfacet
  facet normal 0 -1 0
    outer loop
      vertex 98.6699 1.01 31.7517
      vertex 107.33 1.01 36.7517
      vertex 98.6699 1.01 36.7517
    endloop
  endfacet
  facet normal 0 -1 0
    outer loop
      vertex 98.6699 1.01 31.7517
      vertex 107.33 1.01 31.7517
      vertex 107.33 1.01 36.7517
    endloop
  endfacet
  facet normal -0 -1 0
    outer loop
      vertex 107.33 1.01 31.7517
      vertex 98.6699 1.01 31.7517
      vertex 103 1.01 29.2517
    endloop
  endfacet
  facet normal 0 -1 0
    outer loop
      vertex 109.93 1.01 36.7517
      vertex 118.59 1.01 36.7517
      vertex 114.26 1.01 39.2517
    endloop
  endfacet
  facet normal 0 -1 0
    outer loop
      vertex 109.93 1.01 31.7517
      vertex 118.59 1.01 36.7517
      vertex 109.93 1.01 36.7517
    endloop
  endfacet
  facet normal 0 -1 0
    outer loop
      vertex 109.93 1.01 31.7517
      vertex 118.59 1.01 31.7517
      vertex 118.59 1.01 36.7517
    endloop
  endfacet
  facet normal -0 -1 0
    outer loop
      vertex 118.59 1.01 31.7517
      vertex 109.93 1.01 31.7517
      vertex 114.26 1.01 29.2517
    endloop
  endfacet
  facet normal 0 -1 0
    outer loop
      vertex 121.19 1.01 36.7517
      vertex 129.851 1.01 36.7517
      vertex 125.521 1.01 39.2517
    endloop
  endfacet
  facet normal 0 -1 0
    outer loop
      vertex 121.19 1.01 31.7517
      vertex 129.851 1.01 36.7517
      vertex 121.19 1.01 36.7517
    endloop
  endfacet
  facet normal 0 -1 0
    outer loop
      vertex 121.19 1.01 31.7517
      vertex 129.851 1.01 31.7517
      vertex 129.851 1.01 36.7517
    endloop
  endfacet
  facet normal -0 -1 0
    outer loop
      vertex 129.851 1.01 31.7517
      vertex 121.19 1.01 31.7517
      vertex 125.521 1.01 29.2517
    endloop
  endfacet
  facet normal 0 -1 0
    outer loop
      vertex 132.451 1.01 36.7517
      vertex 141.111 1.01 36.7517
      vertex 136.781 1.01 39.2517
    endloop
  endfacet
  facet normal 0 -1 0
    outer loop
      vertex 132.451 1.01 31.7517
      vertex 141.111 1.01 36.7517
      vertex 132.451 1.01 36.7517
    endloop
  endfacet
  facet normal 0 -1 0
    outer loop
      vertex 132.451 1.01 31.7517
      vertex 141.111 1.01 31.7517
      vertex 141.111 1.01 36.7517
    endloop
  endfacet
  facet normal -0 -1 0
    outer loop
      vertex 141.111 1.01 31.7517
      vertex 132.451 1.01 31.7517
      vertex 136.781 1.01 29.2517
    endloop
  endfacet
  facet normal 0 -1 0
    outer loop
      vertex 143.711 1.01 36.7517
      vertex 152.371 1.01 36.7517
      vertex 148.041 1.01 39.2517
    endloop
  endfacet
  facet normal 0 -1 0
    outer loop
      vertex 143.711 1.01 31.7517
      vertex 152.371 1.01 36.7517
      vertex 143.711 1.01 36.7517
    endloop
  endfacet
  facet normal 0 -1 0
    outer loop
      vertex 143.711 1.01 31.7517
      vertex 152.371 1.01 31.7517
      vertex 152.371 1.01 36.7517
    endloop
  endfacet
  facet normal -0 -1 0
    outer loop
      vertex 152.371 1.01 31.7517
      vertex 143.711 1.01 31.7517
      vertex 148.041 1.01 29.2517
    endloop
  endfacet
  facet normal 0 -1 0
    outer loop
      vertex 154.971 1.01 36.7517
      vertex 163.631 1.01 36.7517
      vertex 159.301 1.01 39.2517
    endloop
  endfacet
  facet normal 0 -1 0
    outer loop
      vertex 154.971 1.01 31.7517
      vertex 163.631 1.01 36.7517
      vertex 154.971 1.01 36.7517
    endloop
  endfacet
  facet normal 0 -1 0
    outer loop
      vertex 154.971 1.01 31.7517
      vertex 163.631 1.01 31.7517
      vertex 163.631 1.01 36.7517
    endloop
  endfacet
  facet normal -0 -1 0
    outer loop
      vertex 163.631 1.01 31.7517
      vertex 154.971 1.01 31.7517
      vertex 159.301 1.01 29.2517
    endloop
  endfacet
  facet normal 0 -1 0
    outer loop
      vertex 166.231 1.01 36.7517
      vertex 174.892 1.01 36.7517
      vertex 170.562 1.01 39.2517
    endloop
  endfacet
  facet normal 0 -1 0
    outer loop
      vertex 166.231 1.01 31.7517
      vertex 174.892 1.01 36.7517
      vertex 166.231 1.01 36.7517
    endloop
  endfacet
  facet normal 0 -1 0
    outer loop
      vertex 166.231 1.01 31.7517
      vertex 174.892 1.01 31.7517
      vertex 174.892 1.01 36.7517
    endloop
  endfacet
  facet normal -0 -1 0
    outer loop
      vertex 174.892 1.01 31.7517
      vertex 166.231 1.01 31.7517
      vertex 170.562 1.01 29.2517
    endloop
  endfacet
  facet normal 0 -1 0
    outer loop
      vertex 177.492 1.01 36.7517
      vertex 186.152 1.01 36.7517
      vertex 181.822 1.01 39.2517
    endloop
  endfacet
  facet normal 0 -1 0
    outer loop
      vertex 177.492 1.01 31.7517
      vertex 186.152 1.01 36.7517
      vertex 177.492 1.01 36.7517
    endloop
  endfacet
  facet normal 0 -1 0
    outer loop
      vertex 177.492 1.01 31.7517
      vertex 186.152 1.01 31.7517
      vertex 186.152 1.01 36.7517
    endloop
  endfacet
  facet normal -0 -1 0
    outer loop
      vertex 186.152 1.01 31.7517
      vertex 177.492 1.01 31.7517
      vertex 181.822 1.01 29.2517
    endloop
  endfacet
  facet normal 0 -1 0
    outer loop
      vertex 104.3 1.01 27
      vertex 112.96 1.01 27
      vertex 108.63 1.01 29.5
    endloop
  endfacet
  facet normal 0 -1 0
    outer loop
      vertex 104.3 1.01 22
      vertex 112.96 1.01 27
      vertex 104.3 1.01 27
    endloop
  endfacet
  facet normal 0 -1 0
    outer loop
      vertex 104.3 1.01 22
      vertex 112.96 1.01 22
      vertex 112.96 1.01 27
    endloop
  endfacet
  facet normal -0 -1 0
    outer loop
      vertex 112.96 1.01 22
      vertex 104.3 1.01 22
      vertex 108.63 1.01 19.5
    endloop
  endfacet
  facet normal 0 -1 0
    outer loop
      vertex 183.122 1.01 27
      vertex 191.782 1.01 27
      vertex 187.452 1.01 29.5
    endloop
  endfacet
  facet normal 0 -1 0
    outer loop
      vertex 183.122 1.01 22
      vertex 191.782 1.01 27
      vertex 183.122 1.01 27
    endloop
  endfacet
  facet normal 0 -1 0
    outer loop
      vertex 183.122 1.01 22
      vertex 191.782 1.01 22
      vertex 191.782 1.01 27
    endloop
  endfacet
  facet normal -0 -1 0
    outer loop
      vertex 191.782 1.01 22
      vertex 183.122 1.01 22
      vertex 187.452 1.01 19.5
    endloop
  endfacet
  facet normal 0 -1 0
    outer loop
      vertex 171.862 1.01 27
      vertex 180.522 1.01 27
      vertex 176.192 1.01 29.5
    endloop
  endfacet
  facet normal 0 -1 0
    outer loop
      vertex 171.862 1.01 22
      vertex 180.522 1.01 27
      vertex 171.862 1.01 27
    endloop
  endfacet
  facet normal 0 -1 0
    outer loop
      vertex 171.862 1.01 22
      vertex 180.522 1.01 22
      vertex 180.522 1.01 27
    endloop
  endfacet
  facet normal -0 -1 0
    outer loop
      vertex 180.522 1.01 22
      vertex 171.862 1.01 22
      vertex 176.192 1.01 19.5
    endloop
  endfacet
  facet normal 0 -1 0
    outer loop
      vertex 160.601 1.01 27
      vertex 169.262 1.01 27
      vertex 164.931 1.01 29.5
    endloop
  endfacet
  facet normal 0 -1 0
    outer loop
      vertex 160.601 1.01 22
      vertex 169.262 1.01 27
      vertex 160.601 1.01 27
    endloop
  endfacet
  facet normal 0 -1 0
    outer loop
      vertex 160.601 1.01 22
      vertex 169.262 1.01 22
      vertex 169.262 1.01 27
    endloop
  endfacet
  facet normal -0 -1 0
    outer loop
      vertex 169.262 1.01 22
      vertex 160.601 1.01 22
      vertex 164.931 1.01 19.5
    endloop
  endfacet
  facet normal 0 -1 0
    outer loop
      vertex 149.341 1.01 27
      vertex 158.001 1.01 27
      vertex 153.671 1.01 29.5
    endloop
  endfacet
  facet normal 0 -1 0
    outer loop
      vertex 149.341 1.01 22
      vertex 158.001 1.01 27
      vertex 149.341 1.01 27
    endloop
  endfacet
  facet normal 0 -1 0
    outer loop
      vertex 149.341 1.01 22
      vertex 158.001 1.01 22
      vertex 158.001 1.01 27
    endloop
  endfacet
  facet normal -0 -1 0
    outer loop
      vertex 158.001 1.01 22
      vertex 149.341 1.01 22
      vertex 153.671 1.01 19.5
    endloop
  endfacet
  facet normal 0 -1 0
    outer loop
      vertex 138.081 1.01 27
      vertex 146.741 1.01 27
      vertex 142.411 1.01 29.5
    endloop
  endfacet
  facet normal 0 -1 0
    outer loop
      vertex 138.081 1.01 22
      vertex 146.741 1.01 27
      vertex 138.081 1.01 27
    endloop
  endfacet
  facet normal 0 -1 0
    outer loop
      vertex 138.081 1.01 22
      vertex 146.741 1.01 22
      vertex 146.741 1.01 27
    endloop
  endfacet
  facet normal -0 -1 0
    outer loop
      vertex 146.741 1.01 22
      vertex 138.081 1.01 22
      vertex 142.411 1.01 19.5
    endloop
  endfacet
  facet normal 0 -1 0
    outer loop
      vertex 126.821 1.01 27
      vertex 135.481 1.01 27
      vertex 131.151 1.01 29.5
    endloop
  endfacet
  facet normal 0 -1 0
    outer loop
      vertex 126.821 1.01 22
      vertex 135.481 1.01 27
      vertex 126.821 1.01 27
    endloop
  endfacet
  facet normal 0 -1 0
    outer loop
      vertex 126.821 1.01 22
      vertex 135.481 1.01 22
      vertex 135.481 1.01 27
    endloop
  endfacet
  facet normal -0 -1 0
    outer loop
      vertex 135.481 1.01 22
      vertex 126.821 1.01 22
      vertex 131.151 1.01 19.5
    endloop
  endfacet
  facet normal 0 -1 0
    outer loop
      vertex 115.56 1.01 27
      vertex 124.221 1.01 27
      vertex 119.89 1.01 29.5
    endloop
  endfacet
  facet normal 0 -1 0
    outer loop
      vertex 115.56 1.01 22
      vertex 124.221 1.01 27
      vertex 115.56 1.01 27
    endloop
  endfacet
  facet normal 0 -1 0
    outer loop
      vertex 115.56 1.01 22
      vertex 124.221 1.01 22
      vertex 124.221 1.01 27
    endloop
  endfacet
  facet normal -0 -1 0
    outer loop
      vertex 124.221 1.01 22
      vertex 115.56 1.01 22
      vertex 119.89 1.01 19.5
    endloop
  endfacet
  facet normal 0 -1 0
    outer loop
      vertex 98.6699 1.01 17.2483
      vertex 107.33 1.01 17.2483
      vertex 103 1.01 19.7483
    endloop
  endfacet
  facet normal 0 -1 0
    outer loop
      vertex 98.6699 1.01 12.2483
      vertex 107.33 1.01 17.2483
      vertex 98.6699 1.01 17.2483
    endloop
  endfacet
  facet normal 0 -1 0
    outer loop
      vertex 98.6699 1.01 12.2483
      vertex 107.33 1.01 12.2483
      vertex 107.33 1.01 17.2483
    endloop
  endfacet
  facet normal -0 -1 0
    outer loop
      vertex 107.33 1.01 12.2483
      vertex 98.6699 1.01 12.2483
      vertex 103 1.01 9.74832
    endloop
  endfacet
  facet normal 0 -1 0
    outer loop
      vertex 93.0397 1.01 27
      vertex 101.7 1.01 27
      vertex 97.3699 1.01 29.5
    endloop
  endfacet
  facet normal 0 -1 0
    outer loop
      vertex 93.0397 1.01 22
      vertex 101.7 1.01 27
      vertex 93.0397 1.01 27
    endloop
  endfacet
  facet normal 0 -1 0
    outer loop
      vertex 93.0397 1.01 22
      vertex 101.7 1.01 22
      vertex 101.7 1.01 27
    endloop
  endfacet
  facet normal -0 -1 0
    outer loop
      vertex 101.7 1.01 22
      vertex 93.0397 1.01 22
      vertex 97.3699 1.01 19.5
    endloop
  endfacet
  facet normal 0 -1 0
    outer loop
      vertex 14.218 1.01 27
      vertex 22.8782 1.01 27
      vertex 18.5481 1.01 29.5
    endloop
  endfacet
  facet normal 0 -1 0
    outer loop
      vertex 14.218 1.01 22
      vertex 22.8782 1.01 27
      vertex 14.218 1.01 27
    endloop
  endfacet
  facet normal 0 -1 0
    outer loop
      vertex 14.218 1.01 22
      vertex 22.8782 1.01 22
      vertex 22.8782 1.01 27
    endloop
  endfacet
  facet normal -0 -1 0
    outer loop
      vertex 22.8782 1.01 22
      vertex 14.218 1.01 22
      vertex 18.5481 1.01 19.5
    endloop
  endfacet
  facet normal 0 -1 0
    outer loop
      vertex 25.4782 1.01 27
      vertex 34.1385 1.01 27
      vertex 29.8083 1.01 29.5
    endloop
  endfacet
  facet normal 0 -1 0
    outer loop
      vertex 25.4782 1.01 22
      vertex 34.1385 1.01 27
      vertex 25.4782 1.01 27
    endloop
  endfacet
  facet normal 0 -1 0
    outer loop
      vertex 25.4782 1.01 22
      vertex 34.1385 1.01 22
      vertex 34.1385 1.01 27
    endloop
  endfacet
  facet normal -0 -1 0
    outer loop
      vertex 34.1385 1.01 22
      vertex 25.4782 1.01 22
      vertex 29.8083 1.01 19.5
    endloop
  endfacet
  facet normal 0 -1 0
    outer loop
      vertex 59.259 1.01 27
      vertex 67.9192 1.01 27
      vertex 63.5891 1.01 29.5
    endloop
  endfacet
  facet normal 0 -1 0
    outer loop
      vertex 59.259 1.01 22
      vertex 67.9192 1.01 27
      vertex 59.259 1.01 27
    endloop
  endfacet
  facet normal 0 -1 0
    outer loop
      vertex 59.259 1.01 22
      vertex 67.9192 1.01 22
      vertex 67.9192 1.01 27
    endloop
  endfacet
  facet normal -0 -1 0
    outer loop
      vertex 67.9192 1.01 22
      vertex 59.259 1.01 22
      vertex 63.5891 1.01 19.5
    endloop
  endfacet
  facet normal 0 -1 0
    outer loop
      vertex 70.5192 1.01 27
      vertex 79.1795 1.01 27
      vertex 74.8493 1.01 29.5
    endloop
  endfacet
  facet normal 0 -1 0
    outer loop
      vertex 70.5192 1.01 22
      vertex 79.1795 1.01 27
      vertex 70.5192 1.01 27
    endloop
  endfacet
  facet normal 0 -1 0
    outer loop
      vertex 70.5192 1.01 22
      vertex 79.1795 1.01 22
      vertex 79.1795 1.01 27
    endloop
  endfacet
  facet normal -0 -1 0
    outer loop
      vertex 79.1795 1.01 22
      vertex 70.5192 1.01 22
      vertex 74.8493 1.01 19.5
    endloop
  endfacet
  facet normal 0 -1 0
    outer loop
      vertex 47.9987 1.01 27
      vertex 56.659 1.01 27
      vertex 52.3288 1.01 29.5
    endloop
  endfacet
  facet normal 0 -1 0
    outer loop
      vertex 47.9987 1.01 22
      vertex 56.659 1.01 27
      vertex 47.9987 1.01 27
    endloop
  endfacet
  facet normal 0 -1 0
    outer loop
      vertex 47.9987 1.01 22
      vertex 56.659 1.01 22
      vertex 56.659 1.01 27
    endloop
  endfacet
  facet normal -0 -1 0
    outer loop
      vertex 56.659 1.01 22
      vertex 47.9987 1.01 22
      vertex 52.3288 1.01 19.5
    endloop
  endfacet
  facet normal 0 -1 0
    outer loop
      vertex 81.7795 1.01 27
      vertex 90.4397 1.01 27
      vertex 86.1096 1.01 29.5
    endloop
  endfacet
  facet normal 0 -1 0
    outer loop
      vertex 81.7795 1.01 22
      vertex 90.4397 1.01 27
      vertex 81.7795 1.01 27
    endloop
  endfacet
  facet normal 0 -1 0
    outer loop
      vertex 81.7795 1.01 22
      vertex 90.4397 1.01 22
      vertex 90.4397 1.01 27
    endloop
  endfacet
  facet normal -0 -1 0
    outer loop
      vertex 90.4397 1.01 22
      vertex 81.7795 1.01 22
      vertex 86.1096 1.01 19.5
    endloop
  endfacet
  facet normal 0 -1 0
    outer loop
      vertex 19.8481 1.01 17.2483
      vertex 28.5083 1.01 17.2483
      vertex 24.1782 1.01 19.7483
    endloop
  endfacet
  facet normal 0 -1 0
    outer loop
      vertex 19.8481 1.01 12.2483
      vertex 28.5083 1.01 17.2483
      vertex 19.8481 1.01 17.2483
    endloop
  endfacet
  facet normal 0 -1 0
    outer loop
      vertex 19.8481 1.01 12.2483
      vertex 28.5083 1.01 12.2483
      vertex 28.5083 1.01 17.2483
    endloop
  endfacet
  facet normal -0 -1 0
    outer loop
      vertex 28.5083 1.01 12.2483
      vertex 19.8481 1.01 12.2483
      vertex 24.1782 1.01 9.74832
    endloop
  endfacet
  facet normal 0 -1 0
    outer loop
      vertex 8.58783 1.01 17.2483
      vertex 17.2481 1.01 17.2483
      vertex 12.918 1.01 19.7483
    endloop
  endfacet
  facet normal 0 -1 0
    outer loop
      vertex 8.58783 1.01 12.2483
      vertex 17.2481 1.01 17.2483
      vertex 8.58783 1.01 17.2483
    endloop
  endfacet
  facet normal 0 -1 0
    outer loop
      vertex 8.58783 1.01 12.2483
      vertex 17.2481 1.01 12.2483
      vertex 17.2481 1.01 17.2483
    endloop
  endfacet
  facet normal -0 -1 0
    outer loop
      vertex 17.2481 1.01 12.2483
      vertex 8.58783 1.01 12.2483
      vertex 12.918 1.01 9.74832
    endloop
  endfacet
  facet normal 0 -1 0
    outer loop
      vertex 42.3686 1.01 17.2483
      vertex 51.0288 1.01 17.2483
      vertex 46.6987 1.01 19.7483
    endloop
  endfacet
  facet normal 0 -1 0
    outer loop
      vertex 42.3686 1.01 12.2483
      vertex 51.0288 1.01 17.2483
      vertex 42.3686 1.01 17.2483
    endloop
  endfacet
  facet normal 0 -1 0
    outer loop
      vertex 42.3686 1.01 12.2483
      vertex 51.0288 1.01 12.2483
      vertex 51.0288 1.01 17.2483
    endloop
  endfacet
  facet normal -0 -1 0
    outer loop
      vertex 51.0288 1.01 12.2483
      vertex 42.3686 1.01 12.2483
      vertex 46.6987 1.01 9.74832
    endloop
  endfacet
  facet normal 0 -1 0
    outer loop
      vertex 31.1083 1.01 17.2483
      vertex 39.7686 1.01 17.2483
      vertex 35.4385 1.01 19.7483
    endloop
  endfacet
  facet normal 0 -1 0
    outer loop
      vertex 31.1083 1.01 12.2483
      vertex 39.7686 1.01 17.2483
      vertex 31.1083 1.01 17.2483
    endloop
  endfacet
  facet normal 0 -1 0
    outer loop
      vertex 31.1083 1.01 12.2483
      vertex 39.7686 1.01 12.2483
      vertex 39.7686 1.01 17.2483
    endloop
  endfacet
  facet normal -0 -1 0
    outer loop
      vertex 39.7686 1.01 12.2483
      vertex 31.1083 1.01 12.2483
      vertex 35.4385 1.01 9.74832
    endloop
  endfacet
  facet normal 0 -1 0
    outer loop
      vertex 53.6288 1.01 17.2483
      vertex 62.2891 1.01 17.2483
      vertex 57.959 1.01 19.7483
    endloop
  endfacet
  facet normal 0 -1 0
    outer loop
      vertex 53.6288 1.01 12.2483
      vertex 62.2891 1.01 17.2483
      vertex 53.6288 1.01 17.2483
    endloop
  endfacet
  facet normal 0 -1 0
    outer loop
      vertex 53.6288 1.01 12.2483
      vertex 62.2891 1.01 12.2483
      vertex 62.2891 1.01 17.2483
    endloop
  endfacet
  facet normal -0 -1 0
    outer loop
      vertex 62.2891 1.01 12.2483
      vertex 53.6288 1.01 12.2483
      vertex 57.959 1.01 9.74832
    endloop
  endfacet
  facet normal 0 -1 0
    outer loop
      vertex 64.8891 1.01 17.2483
      vertex 73.5493 1.01 17.2483
      vertex 69.2192 1.01 19.7483
    endloop
  endfacet
  facet normal 0 -1 0
    outer loop
      vertex 64.8891 1.01 12.2483
      vertex 73.5493 1.01 17.2483
      vertex 64.8891 1.01 17.2483
    endloop
  endfacet
  facet normal 0 -1 0
    outer loop
      vertex 64.8891 1.01 12.2483
      vertex 73.5493 1.01 12.2483
      vertex 73.5493 1.01 17.2483
    endloop
  endfacet
  facet normal -0 -1 0
    outer loop
      vertex 73.5493 1.01 12.2483
      vertex 64.8891 1.01 12.2483
      vertex 69.2192 1.01 9.74832
    endloop
  endfacet
  facet normal 0 -1 0
    outer loop
      vertex 76.1494 1.01 17.2483
      vertex 84.8096 1.01 17.2483
      vertex 80.4795 1.01 19.7483
    endloop
  endfacet
  facet normal 0 -1 0
    outer loop
      vertex 76.1494 1.01 12.2483
      vertex 84.8096 1.01 17.2483
      vertex 76.1494 1.01 17.2483
    endloop
  endfacet
  facet normal 0 -1 0
    outer loop
      vertex 76.1494 1.01 12.2483
      vertex 84.8096 1.01 12.2483
      vertex 84.8096 1.01 17.2483
    endloop
  endfacet
  facet normal -0 -1 0
    outer loop
      vertex 84.8096 1.01 12.2483
      vertex 76.1494 1.01 12.2483
      vertex 80.4795 1.01 9.74832
    endloop
  endfacet
  facet normal 0 -1 0
    outer loop
      vertex 87.4096 1.01 17.2483
      vertex 96.0699 1.01 17.2483
      vertex 91.7397 1.01 19.7483
    endloop
  endfacet
  facet normal 0 -1 0
    outer loop
      vertex 87.4096 1.01 12.2483
      vertex 96.0699 1.01 17.2483
      vertex 87.4096 1.01 17.2483
    endloop
  endfacet
  facet normal 0 -1 0
    outer loop
      vertex 87.4096 1.01 12.2483
      vertex 96.0699 1.01 12.2483
      vertex 96.0699 1.01 17.2483
    endloop
  endfacet
  facet normal -0 -1 0
    outer loop
      vertex 96.0699 1.01 12.2483
      vertex 87.4096 1.01 12.2483
      vertex 91.7397 1.01 9.74832
    endloop
  endfacet
  facet normal 0 -1 0
    outer loop
      vertex 109.93 1.01 17.2483
      vertex 118.59 1.01 17.2483
      vertex 114.26 1.01 19.7483
    endloop
  endfacet
  facet normal 0 -1 0
    outer loop
      vertex 109.93 1.01 12.2483
      vertex 118.59 1.01 17.2483
      vertex 109.93 1.01 17.2483
    endloop
  endfacet
  facet normal 0 -1 0
    outer loop
      vertex 109.93 1.01 12.2483
      vertex 118.59 1.01 12.2483
      vertex 118.59 1.01 17.2483
    endloop
  endfacet
  facet normal -0 -1 0
    outer loop
      vertex 118.59 1.01 12.2483
      vertex 109.93 1.01 12.2483
      vertex 114.26 1.01 9.74832
    endloop
  endfacet
  facet normal 0 -1 0
    outer loop
      vertex 132.451 1.01 17.2483
      vertex 141.111 1.01 17.2483
      vertex 136.781 1.01 19.7483
    endloop
  endfacet
  facet normal 0 -1 0
    outer loop
      vertex 132.451 1.01 12.2483
      vertex 141.111 1.01 17.2483
      vertex 132.451 1.01 17.2483
    endloop
  endfacet
  facet normal 0 -1 0
    outer loop
      vertex 132.451 1.01 12.2483
      vertex 141.111 1.01 12.2483
      vertex 141.111 1.01 17.2483
    endloop
  endfacet
  facet normal -0 -1 0
    outer loop
      vertex 141.111 1.01 12.2483
      vertex 132.451 1.01 12.2483
      vertex 136.781 1.01 9.74832
    endloop
  endfacet
  facet normal 0 -1 0
    outer loop
      vertex 121.19 1.01 17.2483
      vertex 129.851 1.01 17.2483
      vertex 125.521 1.01 19.7483
    endloop
  endfacet
  facet normal 0 -1 0
    outer loop
      vertex 121.19 1.01 12.2483
      vertex 129.851 1.01 17.2483
      vertex 121.19 1.01 17.2483
    endloop
  endfacet
  facet normal 0 -1 0
    outer loop
      vertex 121.19 1.01 12.2483
      vertex 129.851 1.01 12.2483
      vertex 129.851 1.01 17.2483
    endloop
  endfacet
  facet normal -0 -1 0
    outer loop
      vertex 129.851 1.01 12.2483
      vertex 121.19 1.01 12.2483
      vertex 125.521 1.01 9.74832
    endloop
  endfacet
  facet normal 0 -1 0
    outer loop
      vertex 143.711 1.01 17.2483
      vertex 152.371 1.01 17.2483
      vertex 148.041 1.01 19.7483
    endloop
  endfacet
  facet normal 0 -1 0
    outer loop
      vertex 143.711 1.01 12.2483
      vertex 152.371 1.01 17.2483
      vertex 143.711 1.01 17.2483
    endloop
  endfacet
  facet normal 0 -1 0
    outer loop
      vertex 143.711 1.01 12.2483
      vertex 152.371 1.01 12.2483
      vertex 152.371 1.01 17.2483
    endloop
  endfacet
  facet normal -0 -1 0
    outer loop
      vertex 152.371 1.01 12.2483
      vertex 143.711 1.01 12.2483
      vertex 148.041 1.01 9.74832
    endloop
  endfacet
  facet normal 0 -1 0
    outer loop
      vertex 166.231 1.01 17.2483
      vertex 174.892 1.01 17.2483
      vertex 170.562 1.01 19.7483
    endloop
  endfacet
  facet normal 0 -1 0
    outer loop
      vertex 166.231 1.01 12.2483
      vertex 174.892 1.01 17.2483
      vertex 166.231 1.01 17.2483
    endloop
  endfacet
  facet normal 0 -1 0
    outer loop
      vertex 166.231 1.01 12.2483
      vertex 174.892 1.01 12.2483
      vertex 174.892 1.01 17.2483
    endloop
  endfacet
  facet normal -0 -1 0
    outer loop
      vertex 174.892 1.01 12.2483
      vertex 166.231 1.01 12.2483
      vertex 170.562 1.01 9.74832
    endloop
  endfacet
  facet normal 0 -1 0
    outer loop
      vertex 154.971 1.01 17.2483
      vertex 163.631 1.01 17.2483
      vertex 159.301 1.01 19.7483
    endloop
  endfacet
  facet normal 0 -1 0
    outer loop
      vertex 154.971 1.01 12.2483
      vertex 163.631 1.01 17.2483
      vertex 154.971 1.01 17.2483
    endloop
  endfacet
  facet normal 0 -1 0
    outer loop
      vertex 154.971 1.01 12.2483
      vertex 163.631 1.01 12.2483
      vertex 163.631 1.01 17.2483
    endloop
  endfacet
  facet normal -0 -1 0
    outer loop
      vertex 163.631 1.01 12.2483
      vertex 154.971 1.01 12.2483
      vertex 159.301 1.01 9.74832
    endloop
  endfacet
  facet normal 0 -1 0
    outer loop
      vertex 177.492 1.01 17.2483
      vertex 186.152 1.01 17.2483
      vertex 181.822 1.01 19.7483
    endloop
  endfacet
  facet normal 0 -1 0
    outer loop
      vertex 177.492 1.01 12.2483
      vertex 186.152 1.01 17.2483
      vertex 177.492 1.01 17.2483
    endloop
  endfacet
  facet normal 0 -1 0
    outer loop
      vertex 177.492 1.01 12.2483
      vertex 186.152 1.01 12.2483
      vertex 186.152 1.01 17.2483
    endloop
  endfacet
  facet normal -0 -1 0
    outer loop
      vertex 186.152 1.01 12.2483
      vertex 177.492 1.01 12.2483
      vertex 181.822 1.01 9.74832
    endloop
  endfacet
  facet normal 0 -1 0
    outer loop
      vertex 188.752 1.01 17.2483
      vertex 197.412 1.01 17.2483
      vertex 193.082 1.01 19.7483
    endloop
  endfacet
  facet normal 0 -1 0
    outer loop
      vertex 188.752 1.01 12.2483
      vertex 197.412 1.01 17.2483
      vertex 188.752 1.01 17.2483
    endloop
  endfacet
  facet normal 0 -1 0
    outer loop
      vertex 188.752 1.01 12.2483
      vertex 197.412 1.01 12.2483
      vertex 197.412 1.01 17.2483
    endloop
  endfacet
  facet normal -0 -1 0
    outer loop
      vertex 197.412 1.01 12.2483
      vertex 188.752 1.01 12.2483
      vertex 193.082 1.01 9.74832
    endloop
  endfacet
  facet normal -1 0 0
    outer loop
      vertex 197.412 0 31.7517
      vertex 197.412 1.01 36.7517
      vertex 197.412 1.01 31.7517
    endloop
  endfacet
  facet normal -1 -0 0
    outer loop
      vertex 197.412 1.01 36.7517
      vertex 197.412 0 31.7517
      vertex 197.412 0 36.7517
    endloop
  endfacet
  facet normal -0.500011 0 -0.866019
    outer loop
      vertex 193.082 0 39.2517
      vertex 197.412 1.01 36.7517
      vertex 197.412 0 36.7517
    endloop
  endfacet
  facet normal -0.500011 0 -0.866019
    outer loop
      vertex 197.412 1.01 36.7517
      vertex 193.082 0 39.2517
      vertex 193.082 1.01 39.2517
    endloop
  endfacet
  facet normal 0.500011 0 -0.866019
    outer loop
      vertex 188.752 0 36.7517
      vertex 193.082 1.01 39.2517
      vertex 193.082 0 39.2517
    endloop
  endfacet
  facet normal 0.500011 0 -0.866019
    outer loop
      vertex 193.082 1.01 39.2517
      vertex 188.752 0 36.7517
      vertex 188.752 1.01 36.7517
    endloop
  endfacet
  facet normal 1 -0 0
    outer loop
      vertex 188.752 0 36.7517
      vertex 188.752 1.01 31.7517
      vertex 188.752 1.01 36.7517
    endloop
  endfacet
  facet normal 1 0 0
    outer loop
      vertex 188.752 1.01 31.7517
      vertex 188.752 0 36.7517
      vertex 188.752 0 31.7517
    endloop
  endfacet
  facet normal 0.500011 0 0.866019
    outer loop
      vertex 188.752 1.01 31.7517
      vertex 193.082 0 29.2517
      vertex 193.082 1.01 29.2517
    endloop
  endfacet
  facet normal 0.500011 0 0.866019
    outer loop
      vertex 193.082 0 29.2517
      vertex 188.752 1.01 31.7517
      vertex 188.752 0 31.7517
    endloop
  endfacet
  facet normal -0.500011 0 0.866019
    outer loop
      vertex 193.082 1.01 29.2517
      vertex 197.412 0 31.7517
      vertex 197.412 1.01 31.7517
    endloop
  endfacet
  facet normal -0.500011 0 0.866019
    outer loop
      vertex 197.412 0 31.7517
      vertex 193.082 1.01 29.2517
      vertex 193.082 0 29.2517
    endloop
  endfacet
  facet normal -1 0 0
    outer loop
      vertex 17.2481 0 31.7517
      vertex 17.2481 1.01 36.7517
      vertex 17.2481 1.01 31.7517
    endloop
  endfacet
  facet normal -1 -0 0
    outer loop
      vertex 17.2481 1.01 36.7517
      vertex 17.2481 0 31.7517
      vertex 17.2481 0 36.7517
    endloop
  endfacet
  facet normal -0.500002 0 -0.866024
    outer loop
      vertex 12.918 0 39.2517
      vertex 17.2481 1.01 36.7517
      vertex 17.2481 0 36.7517
    endloop
  endfacet
  facet normal -0.500002 0 -0.866024
    outer loop
      vertex 17.2481 1.01 36.7517
      vertex 12.918 0 39.2517
      vertex 12.918 1.01 39.2517
    endloop
  endfacet
  facet normal 0.499996 0 -0.866028
    outer loop
      vertex 8.58783 0 36.7517
      vertex 12.918 1.01 39.2517
      vertex 12.918 0 39.2517
    endloop
  endfacet
  facet normal 0.499996 0 -0.866028
    outer loop
      vertex 12.918 1.01 39.2517
      vertex 8.58783 0 36.7517
      vertex 8.58783 1.01 36.7517
    endloop
  endfacet
  facet normal 1 -0 0
    outer loop
      vertex 8.58783 0 36.7517
      vertex 8.58783 1.01 31.7517
      vertex 8.58783 1.01 36.7517
    endloop
  endfacet
  facet normal 1 0 0
    outer loop
      vertex 8.58783 1.01 31.7517
      vertex 8.58783 0 36.7517
      vertex 8.58783 0 31.7517
    endloop
  endfacet
  facet normal 0.499996 0 0.866028
    outer loop
      vertex 8.58783 1.01 31.7517
      vertex 12.918 0 29.2517
      vertex 12.918 1.01 29.2517
    endloop
  endfacet
  facet normal 0.499996 0 0.866028
    outer loop
      vertex 12.918 0 29.2517
      vertex 8.58783 1.01 31.7517
      vertex 8.58783 0 31.7517
    endloop
  endfacet
  facet normal -0.500002 0 0.866024
    outer loop
      vertex 12.918 1.01 29.2517
      vertex 17.2481 0 31.7517
      vertex 17.2481 1.01 31.7517
    endloop
  endfacet
  facet normal -0.500002 0 0.866024
    outer loop
      vertex 17.2481 0 31.7517
      vertex 12.918 1.01 29.2517
      vertex 12.918 0 29.2517
    endloop
  endfacet
  facet normal -1 0 0
    outer loop
      vertex 28.5083 0 31.7517
      vertex 28.5083 1.01 36.7517
      vertex 28.5083 1.01 31.7517
    endloop
  endfacet
  facet normal -1 -0 0
    outer loop
      vertex 28.5083 1.01 36.7517
      vertex 28.5083 0 31.7517
      vertex 28.5083 0 36.7517
    endloop
  endfacet
  facet normal -0.500002 0 -0.866024
    outer loop
      vertex 24.1782 0 39.2517
      vertex 28.5083 1.01 36.7517
      vertex 28.5083 0 36.7517
    endloop
  endfacet
  facet normal -0.500002 0 -0.866024
    outer loop
      vertex 28.5083 1.01 36.7517
      vertex 24.1782 0 39.2517
      vertex 24.1782 1.01 39.2517
    endloop
  endfacet
  facet normal 0.500002 0 -0.866024
    outer loop
      vertex 19.8481 0 36.7517
      vertex 24.1782 1.01 39.2517
      vertex 24.1782 0 39.2517
    endloop
  endfacet
  facet normal 0.500002 0 -0.866024
    outer loop
      vertex 24.1782 1.01 39.2517
      vertex 19.8481 0 36.7517
      vertex 19.8481 1.01 36.7517
    endloop
  endfacet
  facet normal 1 -0 0
    outer loop
      vertex 19.8481 0 36.7517
      vertex 19.8481 1.01 31.7517
      vertex 19.8481 1.01 36.7517
    endloop
  endfacet
  facet normal 1 0 0
    outer loop
      vertex 19.8481 1.01 31.7517
      vertex 19.8481 0 36.7517
      vertex 19.8481 0 31.7517
    endloop
  endfacet
  facet normal 0.500002 0 0.866024
    outer loop
      vertex 19.8481 1.01 31.7517
      vertex 24.1782 0 29.2517
      vertex 24.1782 1.01 29.2517
    endloop
  endfacet
  facet normal 0.500002 0 0.866024
    outer loop
      vertex 24.1782 0 29.2517
      vertex 19.8481 1.01 31.7517
      vertex 19.8481 0 31.7517
    endloop
  endfacet
  facet normal -0.500002 0 0.866024
    outer loop
      vertex 24.1782 1.01 29.2517
      vertex 28.5083 0 31.7517
      vertex 28.5083 1.01 31.7517
    endloop
  endfacet
  facet normal -0.500002 0 0.866024
    outer loop
      vertex 28.5083 0 31.7517
      vertex 24.1782 1.01 29.2517
      vertex 24.1782 0 29.2517
    endloop
  endfacet
  facet normal -1 0 0
    outer loop
      vertex 39.7686 0 31.7517
      vertex 39.7686 1.01 36.7517
      vertex 39.7686 1.01 31.7517
    endloop
  endfacet
  facet normal -1 -0 0
    outer loop
      vertex 39.7686 1.01 36.7517
      vertex 39.7686 0 31.7517
      vertex 39.7686 0 36.7517
    endloop
  endfacet
  facet normal -0.500002 0 -0.866024
    outer loop
      vertex 35.4385 0 39.2517
      vertex 39.7686 1.01 36.7517
      vertex 39.7686 0 36.7517
    endloop
  endfacet
  facet normal -0.500002 0 -0.866024
    outer loop
      vertex 39.7686 1.01 36.7517
      vertex 35.4385 0 39.2517
      vertex 35.4385 1.01 39.2517
    endloop
  endfacet
  facet normal 0.499994 0 -0.866029
    outer loop
      vertex 31.1083 0 36.7517
      vertex 35.4385 1.01 39.2517
      vertex 35.4385 0 39.2517
    endloop
  endfacet
  facet normal 0.499994 0 -0.866029
    outer loop
      vertex 35.4385 1.01 39.2517
      vertex 31.1083 0 36.7517
      vertex 31.1083 1.01 36.7517
    endloop
  endfacet
  facet normal 1 -0 0
    outer loop
      vertex 31.1083 0 36.7517
      vertex 31.1083 1.01 31.7517
      vertex 31.1083 1.01 36.7517
    endloop
  endfacet
  facet normal 1 0 0
    outer loop
      vertex 31.1083 1.01 31.7517
      vertex 31.1083 0 36.7517
      vertex 31.1083 0 31.7517
    endloop
  endfacet
  facet normal 0.499994 0 0.866029
    outer loop
      vertex 31.1083 1.01 31.7517
      vertex 35.4385 0 29.2517
      vertex 35.4385 1.01 29.2517
    endloop
  endfacet
  facet normal 0.499994 0 0.866029
    outer loop
      vertex 35.4385 0 29.2517
      vertex 31.1083 1.01 31.7517
      vertex 31.1083 0 31.7517
    endloop
  endfacet
  facet normal -0.500002 0 0.866024
    outer loop
      vertex 35.4385 1.01 29.2517
      vertex 39.7686 0 31.7517
      vertex 39.7686 1.01 31.7517
    endloop
  endfacet
  facet normal -0.500002 0 0.866024
    outer loop
      vertex 39.7686 0 31.7517
      vertex 35.4385 1.01 29.2517
      vertex 35.4385 0 29.2517
    endloop
  endfacet
  facet normal -1 0 0
    outer loop
      vertex 51.0288 0 31.7517
      vertex 51.0288 1.01 36.7517
      vertex 51.0288 1.01 31.7517
    endloop
  endfacet
  facet normal -1 -0 0
    outer loop
      vertex 51.0288 1.01 36.7517
      vertex 51.0288 0 31.7517
      vertex 51.0288 0 36.7517
    endloop
  endfacet
  facet normal -0.500002 0 -0.866024
    outer loop
      vertex 46.6987 0 39.2517
      vertex 51.0288 1.01 36.7517
      vertex 51.0288 0 36.7517
    endloop
  endfacet
  facet normal -0.500002 0 -0.866024
    outer loop
      vertex 51.0288 1.01 36.7517
      vertex 46.6987 0 39.2517
      vertex 46.6987 1.01 39.2517
    endloop
  endfacet
  facet normal 0.500002 0 -0.866024
    outer loop
      vertex 42.3686 0 36.7517
      vertex 46.6987 1.01 39.2517
      vertex 46.6987 0 39.2517
    endloop
  endfacet
  facet normal 0.500002 0 -0.866024
    outer loop
      vertex 46.6987 1.01 39.2517
      vertex 42.3686 0 36.7517
      vertex 42.3686 1.01 36.7517
    endloop
  endfacet
  facet normal 1 -0 0
    outer loop
      vertex 42.3686 0 36.7517
      vertex 42.3686 1.01 31.7517
      vertex 42.3686 1.01 36.7517
    endloop
  endfacet
  facet normal 1 0 0
    outer loop
      vertex 42.3686 1.01 31.7517
      vertex 42.3686 0 36.7517
      vertex 42.3686 0 31.7517
    endloop
  endfacet
  facet normal 0.500002 0 0.866024
    outer loop
      vertex 42.3686 1.01 31.7517
      vertex 46.6987 0 29.2517
      vertex 46.6987 1.01 29.2517
    endloop
  endfacet
  facet normal 0.500002 0 0.866024
    outer loop
      vertex 46.6987 0 29.2517
      vertex 42.3686 1.01 31.7517
      vertex 42.3686 0 31.7517
    endloop
  endfacet
  facet normal -0.500002 0 0.866024
    outer loop
      vertex 46.6987 1.01 29.2517
      vertex 51.0288 0 31.7517
      vertex 51.0288 1.01 31.7517
    endloop
  endfacet
  facet normal -0.500002 0 0.866024
    outer loop
      vertex 51.0288 0 31.7517
      vertex 46.6987 1.01 29.2517
      vertex 46.6987 0 29.2517
    endloop
  endfacet
  facet normal -1 0 0
    outer loop
      vertex 62.2891 0 31.7517
      vertex 62.2891 1.01 36.7517
      vertex 62.2891 1.01 31.7517
    endloop
  endfacet
  facet normal -1 -0 0
    outer loop
      vertex 62.2891 1.01 36.7517
      vertex 62.2891 0 31.7517
      vertex 62.2891 0 36.7517
    endloop
  endfacet
  facet normal -0.500002 0 -0.866024
    outer loop
      vertex 57.959 0 39.2517
      vertex 62.2891 1.01 36.7517
      vertex 62.2891 0 36.7517
    endloop
  endfacet
  facet normal -0.500002 0 -0.866024
    outer loop
      vertex 62.2891 1.01 36.7517
      vertex 57.959 0 39.2517
      vertex 57.959 1.01 39.2517
    endloop
  endfacet
  facet normal 0.499994 0 -0.866029
    outer loop
      vertex 53.6288 0 36.7517
      vertex 57.959 1.01 39.2517
      vertex 57.959 0 39.2517
    endloop
  endfacet
  facet normal 0.499994 0 -0.866029
    outer loop
      vertex 57.959 1.01 39.2517
      vertex 53.6288 0 36.7517
      vertex 53.6288 1.01 36.7517
    endloop
  endfacet
  facet normal 1 -0 0
    outer loop
      vertex 53.6288 0 36.7517
      vertex 53.6288 1.01 31.7517
      vertex 53.6288 1.01 36.7517
    endloop
  endfacet
  facet normal 1 0 0
    outer loop
      vertex 53.6288 1.01 31.7517
      vertex 53.6288 0 36.7517
      vertex 53.6288 0 31.7517
    endloop
  endfacet
  facet normal 0.499994 0 0.866029
    outer loop
      vertex 53.6288 1.01 31.7517
      vertex 57.959 0 29.2517
      vertex 57.959 1.01 29.2517
    endloop
  endfacet
  facet normal 0.499994 0 0.866029
    outer loop
      vertex 57.959 0 29.2517
      vertex 53.6288 1.01 31.7517
      vertex 53.6288 0 31.7517
    endloop
  endfacet
  facet normal -0.500002 0 0.866024
    outer loop
      vertex 57.959 1.01 29.2517
      vertex 62.2891 0 31.7517
      vertex 62.2891 1.01 31.7517
    endloop
  endfacet
  facet normal -0.500002 0 0.866024
    outer loop
      vertex 62.2891 0 31.7517
      vertex 57.959 1.01 29.2517
      vertex 57.959 0 29.2517
    endloop
  endfacet
  facet normal -1 0 0
    outer loop
      vertex 73.5493 0 31.7517
      vertex 73.5493 1.01 36.7517
      vertex 73.5493 1.01 31.7517
    endloop
  endfacet
  facet normal -1 -0 0
    outer loop
      vertex 73.5493 1.01 36.7517
      vertex 73.5493 0 31.7517
      vertex 73.5493 0 36.7517
    endloop
  endfacet
  facet normal -0.500002 0 -0.866024
    outer loop
      vertex 69.2192 0 39.2517
      vertex 73.5493 1.01 36.7517
      vertex 73.5493 0 36.7517
    endloop
  endfacet
  facet normal -0.500002 0 -0.866024
    outer loop
      vertex 73.5493 1.01 36.7517
      vertex 69.2192 0 39.2517
      vertex 69.2192 1.01 39.2517
    endloop
  endfacet
  facet normal 0.500002 0 -0.866024
    outer loop
      vertex 64.8891 0 36.7517
      vertex 69.2192 1.01 39.2517
      vertex 69.2192 0 39.2517
    endloop
  endfacet
  facet normal 0.500002 0 -0.866024
    outer loop
      vertex 69.2192 1.01 39.2517
      vertex 64.8891 0 36.7517
      vertex 64.8891 1.01 36.7517
    endloop
  endfacet
  facet normal 1 -0 0
    outer loop
      vertex 64.8891 0 36.7517
      vertex 64.8891 1.01 31.7517
      vertex 64.8891 1.01 36.7517
    endloop
  endfacet
  facet normal 1 0 0
    outer loop
      vertex 64.8891 1.01 31.7517
      vertex 64.8891 0 36.7517
      vertex 64.8891 0 31.7517
    endloop
  endfacet
  facet normal 0.500002 0 0.866024
    outer loop
      vertex 64.8891 1.01 31.7517
      vertex 69.2192 0 29.2517
      vertex 69.2192 1.01 29.2517
    endloop
  endfacet
  facet normal 0.500002 0 0.866024
    outer loop
      vertex 69.2192 0 29.2517
      vertex 64.8891 1.01 31.7517
      vertex 64.8891 0 31.7517
    endloop
  endfacet
  facet normal -0.500002 0 0.866024
    outer loop
      vertex 69.2192 1.01 29.2517
      vertex 73.5493 0 31.7517
      vertex 73.5493 1.01 31.7517
    endloop
  endfacet
  facet normal -0.500002 0 0.866024
    outer loop
      vertex 73.5493 0 31.7517
      vertex 69.2192 1.01 29.2517
      vertex 69.2192 0 29.2517
    endloop
  endfacet
  facet normal -1 0 0
    outer loop
      vertex 84.8096 0 31.7517
      vertex 84.8096 1.01 36.7517
      vertex 84.8096 1.01 31.7517
    endloop
  endfacet
  facet normal -1 -0 0
    outer loop
      vertex 84.8096 1.01 36.7517
      vertex 84.8096 0 31.7517
      vertex 84.8096 0 36.7517
    endloop
  endfacet
  facet normal -0.500002 0 -0.866024
    outer loop
      vertex 80.4795 0 39.2517
      vertex 84.8096 1.01 36.7517
      vertex 84.8096 0 36.7517
    endloop
  endfacet
  facet normal -0.500002 0 -0.866024
    outer loop
      vertex 84.8096 1.01 36.7517
      vertex 80.4795 0 39.2517
      vertex 80.4795 1.01 39.2517
    endloop
  endfacet
  facet normal 0.500002 0 -0.866024
    outer loop
      vertex 76.1494 0 36.7517
      vertex 80.4795 1.01 39.2517
      vertex 80.4795 0 39.2517
    endloop
  endfacet
  facet normal 0.500002 0 -0.866024
    outer loop
      vertex 80.4795 1.01 39.2517
      vertex 76.1494 0 36.7517
      vertex 76.1494 1.01 36.7517
    endloop
  endfacet
  facet normal 1 -0 0
    outer loop
      vertex 76.1494 0 36.7517
      vertex 76.1494 1.01 31.7517
      vertex 76.1494 1.01 36.7517
    endloop
  endfacet
  facet normal 1 0 0
    outer loop
      vertex 76.1494 1.01 31.7517
      vertex 76.1494 0 36.7517
      vertex 76.1494 0 31.7517
    endloop
  endfacet
  facet normal 0.500002 0 0.866024
    outer loop
      vertex 76.1494 1.01 31.7517
      vertex 80.4795 0 29.2517
      vertex 80.4795 1.01 29.2517
    endloop
  endfacet
  facet normal 0.500002 0 0.866024
    outer loop
      vertex 80.4795 0 29.2517
      vertex 76.1494 1.01 31.7517
      vertex 76.1494 0 31.7517
    endloop
  endfacet
  facet normal -0.500002 0 0.866024
    outer loop
      vertex 80.4795 1.01 29.2517
      vertex 84.8096 0 31.7517
      vertex 84.8096 1.01 31.7517
    endloop
  endfacet
  facet normal -0.500002 0 0.866024
    outer loop
      vertex 84.8096 0 31.7517
      vertex 80.4795 1.01 29.2517
      vertex 80.4795 0 29.2517
    endloop
  endfacet
  facet normal -1 0 0
    outer loop
      vertex 96.0699 0 31.7517
      vertex 96.0699 1.01 36.7517
      vertex 96.0699 1.01 31.7517
    endloop
  endfacet
  facet normal -1 -0 0
    outer loop
      vertex 96.0699 1.01 36.7517
      vertex 96.0699 0 31.7517
      vertex 96.0699 0 36.7517
    endloop
  endfacet
  facet normal -0.499994 0 -0.866029
    outer loop
      vertex 91.7397 0 39.2517
      vertex 96.0699 1.01 36.7517
      vertex 96.0699 0 36.7517
    endloop
  endfacet
  facet normal -0.499994 0 -0.866029
    outer loop
      vertex 96.0699 1.01 36.7517
      vertex 91.7397 0 39.2517
      vertex 91.7397 1.01 39.2517
    endloop
  endfacet
  facet normal 0.500002 0 -0.866024
    outer loop
      vertex 87.4096 0 36.7517
      vertex 91.7397 1.01 39.2517
      vertex 91.7397 0 39.2517
    endloop
  endfacet
  facet normal 0.500002 0 -0.866024
    outer loop
      vertex 91.7397 1.01 39.2517
      vertex 87.4096 0 36.7517
      vertex 87.4096 1.01 36.7517
    endloop
  endfacet
  facet normal 1 -0 0
    outer loop
      vertex 87.4096 0 36.7517
      vertex 87.4096 1.01 31.7517
      vertex 87.4096 1.01 36.7517
    endloop
  endfacet
  facet normal 1 0 0
    outer loop
      vertex 87.4096 1.01 31.7517
      vertex 87.4096 0 36.7517
      vertex 87.4096 0 31.7517
    endloop
  endfacet
  facet normal 0.500002 0 0.866024
    outer loop
      vertex 87.4096 1.01 31.7517
      vertex 91.7397 0 29.2517
      vertex 91.7397 1.01 29.2517
    endloop
  endfacet
  facet normal 0.500002 0 0.866024
    outer loop
      vertex 91.7397 0 29.2517
      vertex 87.4096 1.01 31.7517
      vertex 87.4096 0 31.7517
    endloop
  endfacet
  facet normal -0.499994 0 0.866029
    outer loop
      vertex 91.7397 1.01 29.2517
      vertex 96.0699 0 31.7517
      vertex 96.0699 1.01 31.7517
    endloop
  endfacet
  facet normal -0.499994 0 0.866029
    outer loop
      vertex 96.0699 0 31.7517
      vertex 91.7397 1.01 29.2517
      vertex 91.7397 0 29.2517
    endloop
  endfacet
  facet normal -1 0 0
    outer loop
      vertex 107.33 0 31.7517
      vertex 107.33 1.01 36.7517
      vertex 107.33 1.01 31.7517
    endloop
  endfacet
  facet normal -1 -0 0
    outer loop
      vertex 107.33 1.01 36.7517
      vertex 107.33 0 31.7517
      vertex 107.33 0 36.7517
    endloop
  endfacet
  facet normal -0.500011 0 -0.866019
    outer loop
      vertex 103 0 39.2517
      vertex 107.33 1.01 36.7517
      vertex 107.33 0 36.7517
    endloop
  endfacet
  facet normal -0.500011 0 -0.866019
    outer loop
      vertex 107.33 1.01 36.7517
      vertex 103 0 39.2517
      vertex 103 1.01 39.2517
    endloop
  endfacet
  facet normal 0.500002 0 -0.866024
    outer loop
      vertex 98.6699 0 36.7517
      vertex 103 1.01 39.2517
      vertex 103 0 39.2517
    endloop
  endfacet
  facet normal 0.500002 0 -0.866024
    outer loop
      vertex 103 1.01 39.2517
      vertex 98.6699 0 36.7517
      vertex 98.6699 1.01 36.7517
    endloop
  endfacet
  facet normal 1 -0 0
    outer loop
      vertex 98.6699 0 36.7517
      vertex 98.6699 1.01 31.7517
      vertex 98.6699 1.01 36.7517
    endloop
  endfacet
  facet normal 1 0 0
    outer loop
      vertex 98.6699 1.01 31.7517
      vertex 98.6699 0 36.7517
      vertex 98.6699 0 31.7517
    endloop
  endfacet
  facet normal 0.500002 0 0.866024
    outer loop
      vertex 98.6699 1.01 31.7517
      vertex 103 0 29.2517
      vertex 103 1.01 29.2517
    endloop
  endfacet
  facet normal 0.500002 0 0.866024
    outer loop
      vertex 103 0 29.2517
      vertex 98.6699 1.01 31.7517
      vertex 98.6699 0 31.7517
    endloop
  endfacet
  facet normal -0.500011 0 0.866019
    outer loop
      vertex 103 1.01 29.2517
      vertex 107.33 0 31.7517
      vertex 107.33 1.01 31.7517
    endloop
  endfacet
  facet normal -0.500011 0 0.866019
    outer loop
      vertex 107.33 0 31.7517
      vertex 103 1.01 29.2517
      vertex 103 0 29.2517
    endloop
  endfacet
  facet normal -1 0 0
    outer loop
      vertex 118.59 0 31.7517
      vertex 118.59 1.01 36.7517
      vertex 118.59 1.01 31.7517
    endloop
  endfacet
  facet normal -1 -0 0
    outer loop
      vertex 118.59 1.01 36.7517
      vertex 118.59 0 31.7517
      vertex 118.59 0 36.7517
    endloop
  endfacet
  facet normal -0.500011 0 -0.866019
    outer loop
      vertex 114.26 0 39.2517
      vertex 118.59 1.01 36.7517
      vertex 118.59 0 36.7517
    endloop
  endfacet
  facet normal -0.500011 0 -0.866019
    outer loop
      vertex 118.59 1.01 36.7517
      vertex 114.26 0 39.2517
      vertex 114.26 1.01 39.2517
    endloop
  endfacet
  facet normal 0.500011 0 -0.866019
    outer loop
      vertex 109.93 0 36.7517
      vertex 114.26 1.01 39.2517
      vertex 114.26 0 39.2517
    endloop
  endfacet
  facet normal 0.500011 0 -0.866019
    outer loop
      vertex 114.26 1.01 39.2517
      vertex 109.93 0 36.7517
      vertex 109.93 1.01 36.7517
    endloop
  endfacet
  facet normal 1 -0 0
    outer loop
      vertex 109.93 0 36.7517
      vertex 109.93 1.01 31.7517
      vertex 109.93 1.01 36.7517
    endloop
  endfacet
  facet normal 1 0 0
    outer loop
      vertex 109.93 1.01 31.7517
      vertex 109.93 0 36.7517
      vertex 109.93 0 31.7517
    endloop
  endfacet
  facet normal 0.500011 0 0.866019
    outer loop
      vertex 109.93 1.01 31.7517
      vertex 114.26 0 29.2517
      vertex 114.26 1.01 29.2517
    endloop
  endfacet
  facet normal 0.500011 0 0.866019
    outer loop
      vertex 114.26 0 29.2517
      vertex 109.93 1.01 31.7517
      vertex 109.93 0 31.7517
    endloop
  endfacet
  facet normal -0.500011 0 0.866019
    outer loop
      vertex 114.26 1.01 29.2517
      vertex 118.59 0 31.7517
      vertex 118.59 1.01 31.7517
    endloop
  endfacet
  facet normal -0.500011 0 0.866019
    outer loop
      vertex 118.59 0 31.7517
      vertex 114.26 1.01 29.2517
      vertex 114.26 0 29.2517
    endloop
  endfacet
  facet normal -1 0 0
    outer loop
      vertex 129.851 0 31.7517
      vertex 129.851 1.01 36.7517
      vertex 129.851 1.01 31.7517
    endloop
  endfacet
  facet normal -1 -0 0
    outer loop
      vertex 129.851 1.01 36.7517
      vertex 129.851 0 31.7517
      vertex 129.851 0 36.7517
    endloop
  endfacet
  facet normal -0.500011 0 -0.866019
    outer loop
      vertex 125.521 0 39.2517
      vertex 129.851 1.01 36.7517
      vertex 129.851 0 36.7517
    endloop
  endfacet
  facet normal -0.500011 0 -0.866019
    outer loop
      vertex 129.851 1.01 36.7517
      vertex 125.521 0 39.2517
      vertex 125.521 1.01 39.2517
    endloop
  endfacet
  facet normal 0.499924 0 -0.866069
    outer loop
      vertex 121.19 0 36.7517
      vertex 125.521 1.01 39.2517
      vertex 125.521 0 39.2517
    endloop
  endfacet
  facet normal 0.499924 0 -0.866069
    outer loop
      vertex 125.521 1.01 39.2517
      vertex 121.19 0 36.7517
      vertex 121.19 1.01 36.7517
    endloop
  endfacet
  facet normal 1 -0 0
    outer loop
      vertex 121.19 0 36.7517
      vertex 121.19 1.01 31.7517
      vertex 121.19 1.01 36.7517
    endloop
  endfacet
  facet normal 1 0 0
    outer loop
      vertex 121.19 1.01 31.7517
      vertex 121.19 0 36.7517
      vertex 121.19 0 31.7517
    endloop
  endfacet
  facet normal 0.499924 0 0.866069
    outer loop
      vertex 121.19 1.01 31.7517
      vertex 125.521 0 29.2517
      vertex 125.521 1.01 29.2517
    endloop
  endfacet
  facet normal 0.499924 0 0.866069
    outer loop
      vertex 125.521 0 29.2517
      vertex 121.19 1.01 31.7517
      vertex 121.19 0 31.7517
    endloop
  endfacet
  facet normal -0.500011 0 0.866019
    outer loop
      vertex 125.521 1.01 29.2517
      vertex 129.851 0 31.7517
      vertex 129.851 1.01 31.7517
    endloop
  endfacet
  facet normal -0.500011 0 0.866019
    outer loop
      vertex 129.851 0 31.7517
      vertex 125.521 1.01 29.2517
      vertex 125.521 0 29.2517
    endloop
  endfacet
  facet normal -1 0 0
    outer loop
      vertex 141.111 0 31.7517
      vertex 141.111 1.01 36.7517
      vertex 141.111 1.01 31.7517
    endloop
  endfacet
  facet normal -1 -0 0
    outer loop
      vertex 141.111 1.01 36.7517
      vertex 141.111 0 31.7517
      vertex 141.111 0 36.7517
    endloop
  endfacet
  facet normal -0.500011 0 -0.866019
    outer loop
      vertex 136.781 0 39.2517
      vertex 141.111 1.01 36.7517
      vertex 141.111 0 36.7517
    endloop
  endfacet
  facet normal -0.500011 0 -0.866019
    outer loop
      vertex 141.111 1.01 36.7517
      vertex 136.781 0 39.2517
      vertex 136.781 1.01 39.2517
    endloop
  endfacet
  facet normal 0.500011 0 -0.866019
    outer loop
      vertex 132.451 0 36.7517
      vertex 136.781 1.01 39.2517
      vertex 136.781 0 39.2517
    endloop
  endfacet
  facet normal 0.500011 0 -0.866019
    outer loop
      vertex 136.781 1.01 39.2517
      vertex 132.451 0 36.7517
      vertex 132.451 1.01 36.7517
    endloop
  endfacet
  facet normal 1 -0 0
    outer loop
      vertex 132.451 0 36.7517
      vertex 132.451 1.01 31.7517
      vertex 132.451 1.01 36.7517
    endloop
  endfacet
  facet normal 1 0 0
    outer loop
      vertex 132.451 1.01 31.7517
      vertex 132.451 0 36.7517
      vertex 132.451 0 31.7517
    endloop
  endfacet
  facet normal 0.500011 0 0.866019
    outer loop
      vertex 132.451 1.01 31.7517
      vertex 136.781 0 29.2517
      vertex 136.781 1.01 29.2517
    endloop
  endfacet
  facet normal 0.500011 0 0.866019
    outer loop
      vertex 136.781 0 29.2517
      vertex 132.451 1.01 31.7517
      vertex 132.451 0 31.7517
    endloop
  endfacet
  facet normal -0.500011 0 0.866019
    outer loop
      vertex 136.781 1.01 29.2517
      vertex 141.111 0 31.7517
      vertex 141.111 1.01 31.7517
    endloop
  endfacet
  facet normal -0.500011 0 0.866019
    outer loop
      vertex 141.111 0 31.7517
      vertex 136.781 1.01 29.2517
      vertex 136.781 0 29.2517
    endloop
  endfacet
  facet normal -1 0 0
    outer loop
      vertex 152.371 0 31.7517
      vertex 152.371 1.01 36.7517
      vertex 152.371 1.01 31.7517
    endloop
  endfacet
  facet normal -1 -0 0
    outer loop
      vertex 152.371 1.01 36.7517
      vertex 152.371 0 31.7517
      vertex 152.371 0 36.7517
    endloop
  endfacet
  facet normal -0.500011 0 -0.866019
    outer loop
      vertex 148.041 0 39.2517
      vertex 152.371 1.01 36.7517
      vertex 152.371 0 36.7517
    endloop
  endfacet
  facet normal -0.500011 0 -0.866019
    outer loop
      vertex 152.371 1.01 36.7517
      vertex 148.041 0 39.2517
      vertex 148.041 1.01 39.2517
    endloop
  endfacet
  facet normal 0.500011 0 -0.866019
    outer loop
      vertex 143.711 0 36.7517
      vertex 148.041 1.01 39.2517
      vertex 148.041 0 39.2517
    endloop
  endfacet
  facet normal 0.500011 0 -0.866019
    outer loop
      vertex 148.041 1.01 39.2517
      vertex 143.711 0 36.7517
      vertex 143.711 1.01 36.7517
    endloop
  endfacet
  facet normal 1 -0 0
    outer loop
      vertex 143.711 0 36.7517
      vertex 143.711 1.01 31.7517
      vertex 143.711 1.01 36.7517
    endloop
  endfacet
  facet normal 1 0 0
    outer loop
      vertex 143.711 1.01 31.7517
      vertex 143.711 0 36.7517
      vertex 143.711 0 31.7517
    endloop
  endfacet
  facet normal 0.500011 0 0.866019
    outer loop
      vertex 143.711 1.01 31.7517
      vertex 148.041 0 29.2517
      vertex 148.041 1.01 29.2517
    endloop
  endfacet
  facet normal 0.500011 0 0.866019
    outer loop
      vertex 148.041 0 29.2517
      vertex 143.711 1.01 31.7517
      vertex 143.711 0 31.7517
    endloop
  endfacet
  facet normal -0.500011 0 0.866019
    outer loop
      vertex 148.041 1.01 29.2517
      vertex 152.371 0 31.7517
      vertex 152.371 1.01 31.7517
    endloop
  endfacet
  facet normal -0.500011 0 0.866019
    outer loop
      vertex 152.371 0 31.7517
      vertex 148.041 1.01 29.2517
      vertex 148.041 0 29.2517
    endloop
  endfacet
  facet normal -1 0 0
    outer loop
      vertex 163.631 0 31.7517
      vertex 163.631 1.01 36.7517
      vertex 163.631 1.01 31.7517
    endloop
  endfacet
  facet normal -1 -0 0
    outer loop
      vertex 163.631 1.01 36.7517
      vertex 163.631 0 31.7517
      vertex 163.631 0 36.7517
    endloop
  endfacet
  facet normal -0.500011 0 -0.866019
    outer loop
      vertex 159.301 0 39.2517
      vertex 163.631 1.01 36.7517
      vertex 163.631 0 36.7517
    endloop
  endfacet
  facet normal -0.500011 0 -0.866019
    outer loop
      vertex 163.631 1.01 36.7517
      vertex 159.301 0 39.2517
      vertex 159.301 1.01 39.2517
    endloop
  endfacet
  facet normal 0.500011 0 -0.866019
    outer loop
      vertex 154.971 0 36.7517
      vertex 159.301 1.01 39.2517
      vertex 159.301 0 39.2517
    endloop
  endfacet
  facet normal 0.500011 0 -0.866019
    outer loop
      vertex 159.301 1.01 39.2517
      vertex 154.971 0 36.7517
      vertex 154.971 1.01 36.7517
    endloop
  endfacet
  facet normal 1 -0 0
    outer loop
      vertex 154.971 0 36.7517
      vertex 154.971 1.01 31.7517
      vertex 154.971 1.01 36.7517
    endloop
  endfacet
  facet normal 1 0 0
    outer loop
      vertex 154.971 1.01 31.7517
      vertex 154.971 0 36.7517
      vertex 154.971 0 31.7517
    endloop
  endfacet
  facet normal 0.500011 0 0.866019
    outer loop
      vertex 154.971 1.01 31.7517
      vertex 159.301 0 29.2517
      vertex 159.301 1.01 29.2517
    endloop
  endfacet
  facet normal 0.500011 0 0.866019
    outer loop
      vertex 159.301 0 29.2517
      vertex 154.971 1.01 31.7517
      vertex 154.971 0 31.7517
    endloop
  endfacet
  facet normal -0.500011 0 0.866019
    outer loop
      vertex 159.301 1.01 29.2517
      vertex 163.631 0 31.7517
      vertex 163.631 1.01 31.7517
    endloop
  endfacet
  facet normal -0.500011 0 0.866019
    outer loop
      vertex 163.631 0 31.7517
      vertex 159.301 1.01 29.2517
      vertex 159.301 0 29.2517
    endloop
  endfacet
  facet normal -1 0 0
    outer loop
      vertex 174.892 0 31.7517
      vertex 174.892 1.01 36.7517
      vertex 174.892 1.01 31.7517
    endloop
  endfacet
  facet normal -1 -0 0
    outer loop
      vertex 174.892 1.01 36.7517
      vertex 174.892 0 31.7517
      vertex 174.892 0 36.7517
    endloop
  endfacet
  facet normal -0.500011 0 -0.866019
    outer loop
      vertex 170.562 0 39.2517
      vertex 174.892 1.01 36.7517
      vertex 174.892 0 36.7517
    endloop
  endfacet
  facet normal -0.500011 0 -0.866019
    outer loop
      vertex 174.892 1.01 36.7517
      vertex 170.562 0 39.2517
      vertex 170.562 1.01 39.2517
    endloop
  endfacet
  facet normal 0.499924 0 -0.866069
    outer loop
      vertex 166.231 0 36.7517
      vertex 170.562 1.01 39.2517
      vertex 170.562 0 39.2517
    endloop
  endfacet
  facet normal 0.499924 0 -0.866069
    outer loop
      vertex 170.562 1.01 39.2517
      vertex 166.231 0 36.7517
      vertex 166.231 1.01 36.7517
    endloop
  endfacet
  facet normal 1 -0 0
    outer loop
      vertex 166.231 0 36.7517
      vertex 166.231 1.01 31.7517
      vertex 166.231 1.01 36.7517
    endloop
  endfacet
  facet normal 1 0 0
    outer loop
      vertex 166.231 1.01 31.7517
      vertex 166.231 0 36.7517
      vertex 166.231 0 31.7517
    endloop
  endfacet
  facet normal 0.499924 0 0.866069
    outer loop
      vertex 166.231 1.01 31.7517
      vertex 170.562 0 29.2517
      vertex 170.562 1.01 29.2517
    endloop
  endfacet
  facet normal 0.499924 0 0.866069
    outer loop
      vertex 170.562 0 29.2517
      vertex 166.231 1.01 31.7517
      vertex 166.231 0 31.7517
    endloop
  endfacet
  facet normal -0.500011 0 0.866019
    outer loop
      vertex 170.562 1.01 29.2517
      vertex 174.892 0 31.7517
      vertex 174.892 1.01 31.7517
    endloop
  endfacet
  facet normal -0.500011 0 0.866019
    outer loop
      vertex 174.892 0 31.7517
      vertex 170.562 1.01 29.2517
      vertex 170.562 0 29.2517
    endloop
  endfacet
  facet normal -1 0 0
    outer loop
      vertex 186.152 0 31.7517
      vertex 186.152 1.01 36.7517
      vertex 186.152 1.01 31.7517
    endloop
  endfacet
  facet normal -1 -0 0
    outer loop
      vertex 186.152 1.01 36.7517
      vertex 186.152 0 31.7517
      vertex 186.152 0 36.7517
    endloop
  endfacet
  facet normal -0.500011 0 -0.866019
    outer loop
      vertex 181.822 0 39.2517
      vertex 186.152 1.01 36.7517
      vertex 186.152 0 36.7517
    endloop
  endfacet
  facet normal -0.500011 0 -0.866019
    outer loop
      vertex 186.152 1.01 36.7517
      vertex 181.822 0 39.2517
      vertex 181.822 1.01 39.2517
    endloop
  endfacet
  facet normal 0.500011 0 -0.866019
    outer loop
      vertex 177.492 0 36.7517
      vertex 181.822 1.01 39.2517
      vertex 181.822 0 39.2517
    endloop
  endfacet
  facet normal 0.500011 0 -0.866019
    outer loop
      vertex 181.822 1.01 39.2517
      vertex 177.492 0 36.7517
      vertex 177.492 1.01 36.7517
    endloop
  endfacet
  facet normal 1 -0 0
    outer loop
      vertex 177.492 0 36.7517
      vertex 177.492 1.01 31.7517
      vertex 177.492 1.01 36.7517
    endloop
  endfacet
  facet normal 1 0 0
    outer loop
      vertex 177.492 1.01 31.7517
      vertex 177.492 0 36.7517
      vertex 177.492 0 31.7517
    endloop
  endfacet
  facet normal 0.500011 0 0.866019
    outer loop
      vertex 177.492 1.01 31.7517
      vertex 181.822 0 29.2517
      vertex 181.822 1.01 29.2517
    endloop
  endfacet
  facet normal 0.500011 0 0.866019
    outer loop
      vertex 181.822 0 29.2517
      vertex 177.492 1.01 31.7517
      vertex 177.492 0 31.7517
    endloop
  endfacet
  facet normal -0.500011 0 0.866019
    outer loop
      vertex 181.822 1.01 29.2517
      vertex 186.152 0 31.7517
      vertex 186.152 1.01 31.7517
    endloop
  endfacet
  facet normal -0.500011 0 0.866019
    outer loop
      vertex 186.152 0 31.7517
      vertex 181.822 1.01 29.2517
      vertex 181.822 0 29.2517
    endloop
  endfacet
  facet normal -1 0 0
    outer loop
      vertex 112.96 0 22
      vertex 112.96 1.01 27
      vertex 112.96 1.01 22
    endloop
  endfacet
  facet normal -1 -0 0
    outer loop
      vertex 112.96 1.01 27
      vertex 112.96 0 22
      vertex 112.96 0 27
    endloop
  endfacet
  facet normal -0.500011 0 -0.866019
    outer loop
      vertex 108.63 0 29.5
      vertex 112.96 1.01 27
      vertex 112.96 0 27
    endloop
  endfacet
  facet normal -0.500011 0 -0.866019
    outer loop
      vertex 112.96 1.01 27
      vertex 108.63 0 29.5
      vertex 108.63 1.01 29.5
    endloop
  endfacet
  facet normal 0.500011 0 -0.866019
    outer loop
      vertex 104.3 0 27
      vertex 108.63 1.01 29.5
      vertex 108.63 0 29.5
    endloop
  endfacet
  facet normal 0.500011 0 -0.866019
    outer loop
      vertex 108.63 1.01 29.5
      vertex 104.3 0 27
      vertex 104.3 1.01 27
    endloop
  endfacet
  facet normal 1 -0 0
    outer loop
      vertex 104.3 0 27
      vertex 104.3 1.01 22
      vertex 104.3 1.01 27
    endloop
  endfacet
  facet normal 1 0 0
    outer loop
      vertex 104.3 1.01 22
      vertex 104.3 0 27
      vertex 104.3 0 22
    endloop
  endfacet
  facet normal 0.500011 0 0.866019
    outer loop
      vertex 104.3 1.01 22
      vertex 108.63 0 19.5
      vertex 108.63 1.01 19.5
    endloop
  endfacet
  facet normal 0.500011 0 0.866019
    outer loop
      vertex 108.63 0 19.5
      vertex 104.3 1.01 22
      vertex 104.3 0 22
    endloop
  endfacet
  facet normal -0.500011 0 0.866019
    outer loop
      vertex 108.63 1.01 19.5
      vertex 112.96 0 22
      vertex 112.96 1.01 22
    endloop
  endfacet
  facet normal -0.500011 0 0.866019
    outer loop
      vertex 112.96 0 22
      vertex 108.63 1.01 19.5
      vertex 108.63 0 19.5
    endloop
  endfacet
  facet normal -1 0 0
    outer loop
      vertex 191.782 0 22
      vertex 191.782 1.01 27
      vertex 191.782 1.01 22
    endloop
  endfacet
  facet normal -1 -0 0
    outer loop
      vertex 191.782 1.01 27
      vertex 191.782 0 22
      vertex 191.782 0 27
    endloop
  endfacet
  facet normal -0.500011 0 -0.866019
    outer loop
      vertex 187.452 0 29.5
      vertex 191.782 1.01 27
      vertex 191.782 0 27
    endloop
  endfacet
  facet normal -0.500011 0 -0.866019
    outer loop
      vertex 191.782 1.01 27
      vertex 187.452 0 29.5
      vertex 187.452 1.01 29.5
    endloop
  endfacet
  facet normal 0.500011 0 -0.866019
    outer loop
      vertex 183.122 0 27
      vertex 187.452 1.01 29.5
      vertex 187.452 0 29.5
    endloop
  endfacet
  facet normal 0.500011 0 -0.866019
    outer loop
      vertex 187.452 1.01 29.5
      vertex 183.122 0 27
      vertex 183.122 1.01 27
    endloop
  endfacet
  facet normal 1 -0 0
    outer loop
      vertex 183.122 0 27
      vertex 183.122 1.01 22
      vertex 183.122 1.01 27
    endloop
  endfacet
  facet normal 1 0 0
    outer loop
      vertex 183.122 1.01 22
      vertex 183.122 0 27
      vertex 183.122 0 22
    endloop
  endfacet
  facet normal 0.500011 0 0.866019
    outer loop
      vertex 183.122 1.01 22
      vertex 187.452 0 19.5
      vertex 187.452 1.01 19.5
    endloop
  endfacet
  facet normal 0.500011 0 0.866019
    outer loop
      vertex 187.452 0 19.5
      vertex 183.122 1.01 22
      vertex 183.122 0 22
    endloop
  endfacet
  facet normal -0.500011 0 0.866019
    outer loop
      vertex 187.452 1.01 19.5
      vertex 191.782 0 22
      vertex 191.782 1.01 22
    endloop
  endfacet
  facet normal -0.500011 0 0.866019
    outer loop
      vertex 191.782 0 22
      vertex 187.452 1.01 19.5
      vertex 187.452 0 19.5
    endloop
  endfacet
  facet normal -1 0 0
    outer loop
      vertex 180.522 0 22
      vertex 180.522 1.01 27
      vertex 180.522 1.01 22
    endloop
  endfacet
  facet normal -1 -0 0
    outer loop
      vertex 180.522 1.01 27
      vertex 180.522 0 22
      vertex 180.522 0 27
    endloop
  endfacet
  facet normal -0.500011 0 -0.866019
    outer loop
      vertex 176.192 0 29.5
      vertex 180.522 1.01 27
      vertex 180.522 0 27
    endloop
  endfacet
  facet normal -0.500011 0 -0.866019
    outer loop
      vertex 180.522 1.01 27
      vertex 176.192 0 29.5
      vertex 176.192 1.01 29.5
    endloop
  endfacet
  facet normal 0.500011 0 -0.866019
    outer loop
      vertex 171.862 0 27
      vertex 176.192 1.01 29.5
      vertex 176.192 0 29.5
    endloop
  endfacet
  facet normal 0.500011 0 -0.866019
    outer loop
      vertex 176.192 1.01 29.5
      vertex 171.862 0 27
      vertex 171.862 1.01 27
    endloop
  endfacet
  facet normal 1 -0 0
    outer loop
      vertex 171.862 0 27
      vertex 171.862 1.01 22
      vertex 171.862 1.01 27
    endloop
  endfacet
  facet normal 1 0 0
    outer loop
      vertex 171.862 1.01 22
      vertex 171.862 0 27
      vertex 171.862 0 22
    endloop
  endfacet
  facet normal 0.500011 0 0.866019
    outer loop
      vertex 171.862 1.01 22
      vertex 176.192 0 19.5
      vertex 176.192 1.01 19.5
    endloop
  endfacet
  facet normal 0.500011 0 0.866019
    outer loop
      vertex 176.192 0 19.5
      vertex 171.862 1.01 22
      vertex 171.862 0 22
    endloop
  endfacet
  facet normal -0.500011 0 0.866019
    outer loop
      vertex 176.192 1.01 19.5
      vertex 180.522 0 22
      vertex 180.522 1.01 22
    endloop
  endfacet
  facet normal -0.500011 0 0.866019
    outer loop
      vertex 180.522 0 22
      vertex 176.192 1.01 19.5
      vertex 176.192 0 19.5
    endloop
  endfacet
  facet normal -1 0 0
    outer loop
      vertex 169.262 0 22
      vertex 169.262 1.01 27
      vertex 169.262 1.01 22
    endloop
  endfacet
  facet normal -1 -0 0
    outer loop
      vertex 169.262 1.01 27
      vertex 169.262 0 22
      vertex 169.262 0 27
    endloop
  endfacet
  facet normal -0.499924 0 -0.866069
    outer loop
      vertex 164.931 0 29.5
      vertex 169.262 1.01 27
      vertex 169.262 0 27
    endloop
  endfacet
  facet normal -0.499924 0 -0.866069
    outer loop
      vertex 169.262 1.01 27
      vertex 164.931 0 29.5
      vertex 164.931 1.01 29.5
    endloop
  endfacet
  facet normal 0.500011 0 -0.866019
    outer loop
      vertex 160.601 0 27
      vertex 164.931 1.01 29.5
      vertex 164.931 0 29.5
    endloop
  endfacet
  facet normal 0.500011 0 -0.866019
    outer loop
      vertex 164.931 1.01 29.5
      vertex 160.601 0 27
      vertex 160.601 1.01 27
    endloop
  endfacet
  facet normal 1 -0 0
    outer loop
      vertex 160.601 0 27
      vertex 160.601 1.01 22
      vertex 160.601 1.01 27
    endloop
  endfacet
  facet normal 1 0 0
    outer loop
      vertex 160.601 1.01 22
      vertex 160.601 0 27
      vertex 160.601 0 22
    endloop
  endfacet
  facet normal 0.500011 0 0.866019
    outer loop
      vertex 160.601 1.01 22
      vertex 164.931 0 19.5
      vertex 164.931 1.01 19.5
    endloop
  endfacet
  facet normal 0.500011 0 0.866019
    outer loop
      vertex 164.931 0 19.5
      vertex 160.601 1.01 22
      vertex 160.601 0 22
    endloop
  endfacet
  facet normal -0.499924 0 0.866069
    outer loop
      vertex 164.931 1.01 19.5
      vertex 169.262 0 22
      vertex 169.262 1.01 22
    endloop
  endfacet
  facet normal -0.499924 0 0.866069
    outer loop
      vertex 169.262 0 22
      vertex 164.931 1.01 19.5
      vertex 164.931 0 19.5
    endloop
  endfacet
  facet normal -1 0 0
    outer loop
      vertex 158.001 0 22
      vertex 158.001 1.01 27
      vertex 158.001 1.01 22
    endloop
  endfacet
  facet normal -1 -0 0
    outer loop
      vertex 158.001 1.01 27
      vertex 158.001 0 22
      vertex 158.001 0 27
    endloop
  endfacet
  facet normal -0.500011 0 -0.866019
    outer loop
      vertex 153.671 0 29.5
      vertex 158.001 1.01 27
      vertex 158.001 0 27
    endloop
  endfacet
  facet normal -0.500011 0 -0.866019
    outer loop
      vertex 158.001 1.01 27
      vertex 153.671 0 29.5
      vertex 153.671 1.01 29.5
    endloop
  endfacet
  facet normal 0.500011 0 -0.866019
    outer loop
      vertex 149.341 0 27
      vertex 153.671 1.01 29.5
      vertex 153.671 0 29.5
    endloop
  endfacet
  facet normal 0.500011 0 -0.866019
    outer loop
      vertex 153.671 1.01 29.5
      vertex 149.341 0 27
      vertex 149.341 1.01 27
    endloop
  endfacet
  facet normal 1 -0 0
    outer loop
      vertex 149.341 0 27
      vertex 149.341 1.01 22
      vertex 149.341 1.01 27
    endloop
  endfacet
  facet normal 1 0 0
    outer loop
      vertex 149.341 1.01 22
      vertex 149.341 0 27
      vertex 149.341 0 22
    endloop
  endfacet
  facet normal 0.500011 0 0.866019
    outer loop
      vertex 149.341 1.01 22
      vertex 153.671 0 19.5
      vertex 153.671 1.01 19.5
    endloop
  endfacet
  facet normal 0.500011 0 0.866019
    outer loop
      vertex 153.671 0 19.5
      vertex 149.341 1.01 22
      vertex 149.341 0 22
    endloop
  endfacet
  facet normal -0.500011 0 0.866019
    outer loop
      vertex 153.671 1.01 19.5
      vertex 158.001 0 22
      vertex 158.001 1.01 22
    endloop
  endfacet
  facet normal -0.500011 0 0.866019
    outer loop
      vertex 158.001 0 22
      vertex 153.671 1.01 19.5
      vertex 153.671 0 19.5
    endloop
  endfacet
  facet normal -1 0 0
    outer loop
      vertex 146.741 0 22
      vertex 146.741 1.01 27
      vertex 146.741 1.01 22
    endloop
  endfacet
  facet normal -1 -0 0
    outer loop
      vertex 146.741 1.01 27
      vertex 146.741 0 22
      vertex 146.741 0 27
    endloop
  endfacet
  facet normal -0.500011 0 -0.866019
    outer loop
      vertex 142.411 0 29.5
      vertex 146.741 1.01 27
      vertex 146.741 0 27
    endloop
  endfacet
  facet normal -0.500011 0 -0.866019
    outer loop
      vertex 146.741 1.01 27
      vertex 142.411 0 29.5
      vertex 142.411 1.01 29.5
    endloop
  endfacet
  facet normal 0.500011 0 -0.866019
    outer loop
      vertex 138.081 0 27
      vertex 142.411 1.01 29.5
      vertex 142.411 0 29.5
    endloop
  endfacet
  facet normal 0.500011 0 -0.866019
    outer loop
      vertex 142.411 1.01 29.5
      vertex 138.081 0 27
      vertex 138.081 1.01 27
    endloop
  endfacet
  facet normal 1 -0 0
    outer loop
      vertex 138.081 0 27
      vertex 138.081 1.01 22
      vertex 138.081 1.01 27
    endloop
  endfacet
  facet normal 1 0 0
    outer loop
      vertex 138.081 1.01 22
      vertex 138.081 0 27
      vertex 138.081 0 22
    endloop
  endfacet
  facet normal 0.500011 0 0.866019
    outer loop
      vertex 138.081 1.01 22
      vertex 142.411 0 19.5
      vertex 142.411 1.01 19.5
    endloop
  endfacet
  facet normal 0.500011 0 0.866019
    outer loop
      vertex 142.411 0 19.5
      vertex 138.081 1.01 22
      vertex 138.081 0 22
    endloop
  endfacet
  facet normal -0.500011 0 0.866019
    outer loop
      vertex 142.411 1.01 19.5
      vertex 146.741 0 22
      vertex 146.741 1.01 22
    endloop
  endfacet
  facet normal -0.500011 0 0.866019
    outer loop
      vertex 146.741 0 22
      vertex 142.411 1.01 19.5
      vertex 142.411 0 19.5
    endloop
  endfacet
  facet normal -1 0 0
    outer loop
      vertex 135.481 0 22
      vertex 135.481 1.01 27
      vertex 135.481 1.01 22
    endloop
  endfacet
  facet normal -1 -0 0
    outer loop
      vertex 135.481 1.01 27
      vertex 135.481 0 22
      vertex 135.481 0 27
    endloop
  endfacet
  facet normal -0.500011 0 -0.866019
    outer loop
      vertex 131.151 0 29.5
      vertex 135.481 1.01 27
      vertex 135.481 0 27
    endloop
  endfacet
  facet normal -0.500011 0 -0.866019
    outer loop
      vertex 135.481 1.01 27
      vertex 131.151 0 29.5
      vertex 131.151 1.01 29.5
    endloop
  endfacet
  facet normal 0.500011 0 -0.866019
    outer loop
      vertex 126.821 0 27
      vertex 131.151 1.01 29.5
      vertex 131.151 0 29.5
    endloop
  endfacet
  facet normal 0.500011 0 -0.866019
    outer loop
      vertex 131.151 1.01 29.5
      vertex 126.821 0 27
      vertex 126.821 1.01 27
    endloop
  endfacet
  facet normal 1 -0 0
    outer loop
      vertex 126.821 0 27
      vertex 126.821 1.01 22
      vertex 126.821 1.01 27
    endloop
  endfacet
  facet normal 1 0 0
    outer loop
      vertex 126.821 1.01 22
      vertex 126.821 0 27
      vertex 126.821 0 22
    endloop
  endfacet
  facet normal 0.500011 0 0.866019
    outer loop
      vertex 126.821 1.01 22
      vertex 131.151 0 19.5
      vertex 131.151 1.01 19.5
    endloop
  endfacet
  facet normal 0.500011 0 0.866019
    outer loop
      vertex 131.151 0 19.5
      vertex 126.821 1.01 22
      vertex 126.821 0 22
    endloop
  endfacet
  facet normal -0.500011 0 0.866019
    outer loop
      vertex 131.151 1.01 19.5
      vertex 135.481 0 22
      vertex 135.481 1.01 22
    endloop
  endfacet
  facet normal -0.500011 0 0.866019
    outer loop
      vertex 135.481 0 22
      vertex 131.151 1.01 19.5
      vertex 131.151 0 19.5
    endloop
  endfacet
  facet normal -1 0 0
    outer loop
      vertex 124.221 0 22
      vertex 124.221 1.01 27
      vertex 124.221 1.01 22
    endloop
  endfacet
  facet normal -1 -0 0
    outer loop
      vertex 124.221 1.01 27
      vertex 124.221 0 22
      vertex 124.221 0 27
    endloop
  endfacet
  facet normal -0.499924 0 -0.866069
    outer loop
      vertex 119.89 0 29.5
      vertex 124.221 1.01 27
      vertex 124.221 0 27
    endloop
  endfacet
  facet normal -0.499924 0 -0.866069
    outer loop
      vertex 124.221 1.01 27
      vertex 119.89 0 29.5
      vertex 119.89 1.01 29.5
    endloop
  endfacet
  facet normal 0.500011 0 -0.866019
    outer loop
      vertex 115.56 0 27
      vertex 119.89 1.01 29.5
      vertex 119.89 0 29.5
    endloop
  endfacet
  facet normal 0.500011 0 -0.866019
    outer loop
      vertex 119.89 1.01 29.5
      vertex 115.56 0 27
      vertex 115.56 1.01 27
    endloop
  endfacet
  facet normal 1 -0 0
    outer loop
      vertex 115.56 0 27
      vertex 115.56 1.01 22
      vertex 115.56 1.01 27
    endloop
  endfacet
  facet normal 1 0 0
    outer loop
      vertex 115.56 1.01 22
      vertex 115.56 0 27
      vertex 115.56 0 22
    endloop
  endfacet
  facet normal 0.500011 0 0.866019
    outer loop
      vertex 115.56 1.01 22
      vertex 119.89 0 19.5
      vertex 119.89 1.01 19.5
    endloop
  endfacet
  facet normal 0.500011 0 0.866019
    outer loop
      vertex 119.89 0 19.5
      vertex 115.56 1.01 22
      vertex 115.56 0 22
    endloop
  endfacet
  facet normal -0.499924 0 0.866069
    outer loop
      vertex 119.89 1.01 19.5
      vertex 124.221 0 22
      vertex 124.221 1.01 22
    endloop
  endfacet
  facet normal -0.499924 0 0.866069
    outer loop
      vertex 124.221 0 22
      vertex 119.89 1.01 19.5
      vertex 119.89 0 19.5
    endloop
  endfacet
  facet normal -1 0 0
    outer loop
      vertex 101.7 0 22
      vertex 101.7 1.01 27
      vertex 101.7 1.01 22
    endloop
  endfacet
  facet normal -1 -0 0
    outer loop
      vertex 101.7 1.01 27
      vertex 101.7 0 22
      vertex 101.7 0 27
    endloop
  endfacet
  facet normal -0.500002 0 -0.866024
    outer loop
      vertex 97.3699 0 29.5
      vertex 101.7 1.01 27
      vertex 101.7 0 27
    endloop
  endfacet
  facet normal -0.500002 0 -0.866024
    outer loop
      vertex 101.7 1.01 27
      vertex 97.3699 0 29.5
      vertex 97.3699 1.01 29.5
    endloop
  endfacet
  facet normal 0.499994 0 -0.866029
    outer loop
      vertex 93.0397 0 27
      vertex 97.3699 1.01 29.5
      vertex 97.3699 0 29.5
    endloop
  endfacet
  facet normal 0.499994 0 -0.866029
    outer loop
      vertex 97.3699 1.01 29.5
      vertex 93.0397 0 27
      vertex 93.0397 1.01 27
    endloop
  endfacet
  facet normal 1 -0 0
    outer loop
      vertex 93.0397 0 27
      vertex 93.0397 1.01 22
      vertex 93.0397 1.01 27
    endloop
  endfacet
  facet normal 1 0 0
    outer loop
      vertex 93.0397 1.01 22
      vertex 93.0397 0 27
      vertex 93.0397 0 22
    endloop
  endfacet
  facet normal 0.499994 0 0.866029
    outer loop
      vertex 93.0397 1.01 22
      vertex 97.3699 0 19.5
      vertex 97.3699 1.01 19.5
    endloop
  endfacet
  facet normal 0.499994 0 0.866029
    outer loop
      vertex 97.3699 0 19.5
      vertex 93.0397 1.01 22
      vertex 93.0397 0 22
    endloop
  endfacet
  facet normal -0.500002 0 0.866024
    outer loop
      vertex 97.3699 1.01 19.5
      vertex 101.7 0 22
      vertex 101.7 1.01 22
    endloop
  endfacet
  facet normal -0.500002 0 0.866024
    outer loop
      vertex 101.7 0 22
      vertex 97.3699 1.01 19.5
      vertex 97.3699 0 19.5
    endloop
  endfacet
  facet normal -1 0 0
    outer loop
      vertex 22.8782 0 22
      vertex 22.8782 1.01 27
      vertex 22.8782 1.01 22
    endloop
  endfacet
  facet normal -1 -0 0
    outer loop
      vertex 22.8782 1.01 27
      vertex 22.8782 0 22
      vertex 22.8782 0 27
    endloop
  endfacet
  facet normal -0.500002 0 -0.866024
    outer loop
      vertex 18.5481 0 29.5
      vertex 22.8782 1.01 27
      vertex 22.8782 0 27
    endloop
  endfacet
  facet normal -0.500002 0 -0.866024
    outer loop
      vertex 22.8782 1.01 27
      vertex 18.5481 0 29.5
      vertex 18.5481 1.01 29.5
    endloop
  endfacet
  facet normal 0.500002 0 -0.866024
    outer loop
      vertex 14.218 0 27
      vertex 18.5481 1.01 29.5
      vertex 18.5481 0 29.5
    endloop
  endfacet
  facet normal 0.500002 0 -0.866024
    outer loop
      vertex 18.5481 1.01 29.5
      vertex 14.218 0 27
      vertex 14.218 1.01 27
    endloop
  endfacet
  facet normal 1 -0 0
    outer loop
      vertex 14.218 0 27
      vertex 14.218 1.01 22
      vertex 14.218 1.01 27
    endloop
  endfacet
  facet normal 1 0 0
    outer loop
      vertex 14.218 1.01 22
      vertex 14.218 0 27
      vertex 14.218 0 22
    endloop
  endfacet
  facet normal 0.500002 0 0.866024
    outer loop
      vertex 14.218 1.01 22
      vertex 18.5481 0 19.5
      vertex 18.5481 1.01 19.5
    endloop
  endfacet
  facet normal 0.500002 0 0.866024
    outer loop
      vertex 18.5481 0 19.5
      vertex 14.218 1.01 22
      vertex 14.218 0 22
    endloop
  endfacet
  facet normal -0.500002 0 0.866024
    outer loop
      vertex 18.5481 1.01 19.5
      vertex 22.8782 0 22
      vertex 22.8782 1.01 22
    endloop
  endfacet
  facet normal -0.500002 0 0.866024
    outer loop
      vertex 22.8782 0 22
      vertex 18.5481 1.01 19.5
      vertex 18.5481 0 19.5
    endloop
  endfacet
  facet normal -1 0 0
    outer loop
      vertex 34.1385 0 22
      vertex 34.1385 1.01 27
      vertex 34.1385 1.01 22
    endloop
  endfacet
  facet normal -1 -0 0
    outer loop
      vertex 34.1385 1.01 27
      vertex 34.1385 0 22
      vertex 34.1385 0 27
    endloop
  endfacet
  facet normal -0.499994 0 -0.866029
    outer loop
      vertex 29.8083 0 29.5
      vertex 34.1385 1.01 27
      vertex 34.1385 0 27
    endloop
  endfacet
  facet normal -0.499994 0 -0.866029
    outer loop
      vertex 34.1385 1.01 27
      vertex 29.8083 0 29.5
      vertex 29.8083 1.01 29.5
    endloop
  endfacet
  facet normal 0.500002 0 -0.866024
    outer loop
      vertex 25.4782 0 27
      vertex 29.8083 1.01 29.5
      vertex 29.8083 0 29.5
    endloop
  endfacet
  facet normal 0.500002 0 -0.866024
    outer loop
      vertex 29.8083 1.01 29.5
      vertex 25.4782 0 27
      vertex 25.4782 1.01 27
    endloop
  endfacet
  facet normal 1 -0 0
    outer loop
      vertex 25.4782 0 27
      vertex 25.4782 1.01 22
      vertex 25.4782 1.01 27
    endloop
  endfacet
  facet normal 1 0 0
    outer loop
      vertex 25.4782 1.01 22
      vertex 25.4782 0 27
      vertex 25.4782 0 22
    endloop
  endfacet
  facet normal 0.500002 0 0.866024
    outer loop
      vertex 25.4782 1.01 22
      vertex 29.8083 0 19.5
      vertex 29.8083 1.01 19.5
    endloop
  endfacet
  facet normal 0.500002 0 0.866024
    outer loop
      vertex 29.8083 0 19.5
      vertex 25.4782 1.01 22
      vertex 25.4782 0 22
    endloop
  endfacet
  facet normal -0.499994 0 0.866029
    outer loop
      vertex 29.8083 1.01 19.5
      vertex 34.1385 0 22
      vertex 34.1385 1.01 22
    endloop
  endfacet
  facet normal -0.499994 0 0.866029
    outer loop
      vertex 34.1385 0 22
      vertex 29.8083 1.01 19.5
      vertex 29.8083 0 19.5
    endloop
  endfacet
  facet normal -1 0 0
    outer loop
      vertex 45.3987 0 22
      vertex 45.3987 1.01 27
      vertex 45.3987 1.01 22
    endloop
  endfacet
  facet normal -1 -0 0
    outer loop
      vertex 45.3987 1.01 27
      vertex 45.3987 0 22
      vertex 45.3987 0 27
    endloop
  endfacet
  facet normal -0.500002 0 -0.866024
    outer loop
      vertex 41.0686 0 29.5
      vertex 45.3987 1.01 27
      vertex 45.3987 0 27
    endloop
  endfacet
  facet normal -0.500002 0 -0.866024
    outer loop
      vertex 45.3987 1.01 27
      vertex 41.0686 0 29.5
      vertex 41.0686 1.01 29.5
    endloop
  endfacet
  facet normal 0.500002 0 -0.866024
    outer loop
      vertex 36.7385 0 27
      vertex 41.0686 1.01 29.5
      vertex 41.0686 0 29.5
    endloop
  endfacet
  facet normal 0.500002 0 -0.866024
    outer loop
      vertex 41.0686 1.01 29.5
      vertex 36.7385 0 27
      vertex 36.7385 1.01 27
    endloop
  endfacet
  facet normal 1 -0 0
    outer loop
      vertex 36.7385 0 27
      vertex 36.7385 1.01 22
      vertex 36.7385 1.01 27
    endloop
  endfacet
  facet normal 1 0 0
    outer loop
      vertex 36.7385 1.01 22
      vertex 36.7385 0 27
      vertex 36.7385 0 22
    endloop
  endfacet
  facet normal 0.500002 0 0.866024
    outer loop
      vertex 36.7385 1.01 22
      vertex 41.0686 0 19.5
      vertex 41.0686 1.01 19.5
    endloop
  endfacet
  facet normal 0.500002 0 0.866024
    outer loop
      vertex 41.0686 0 19.5
      vertex 36.7385 1.01 22
      vertex 36.7385 0 22
    endloop
  endfacet
  facet normal -0.500002 0 0.866024
    outer loop
      vertex 41.0686 1.01 19.5
      vertex 45.3987 0 22
      vertex 45.3987 1.01 22
    endloop
  endfacet
  facet normal -0.500002 0 0.866024
    outer loop
      vertex 45.3987 0 22
      vertex 41.0686 1.01 19.5
      vertex 41.0686 0 19.5
    endloop
  endfacet
  facet normal -1 0 0
    outer loop
      vertex 56.659 0 22
      vertex 56.659 1.01 27
      vertex 56.659 1.01 22
    endloop
  endfacet
  facet normal -1 -0 0
    outer loop
      vertex 56.659 1.01 27
      vertex 56.659 0 22
      vertex 56.659 0 27
    endloop
  endfacet
  facet normal -0.499994 0 -0.866029
    outer loop
      vertex 52.3288 0 29.5
      vertex 56.659 1.01 27
      vertex 56.659 0 27
    endloop
  endfacet
  facet normal -0.499994 0 -0.866029
    outer loop
      vertex 56.659 1.01 27
      vertex 52.3288 0 29.5
      vertex 52.3288 1.01 29.5
    endloop
  endfacet
  facet normal 0.500002 0 -0.866024
    outer loop
      vertex 47.9987 0 27
      vertex 52.3288 1.01 29.5
      vertex 52.3288 0 29.5
    endloop
  endfacet
  facet normal 0.500002 0 -0.866024
    outer loop
      vertex 52.3288 1.01 29.5
      vertex 47.9987 0 27
      vertex 47.9987 1.01 27
    endloop
  endfacet
  facet normal 1 -0 0
    outer loop
      vertex 47.9987 0 27
      vertex 47.9987 1.01 22
      vertex 47.9987 1.01 27
    endloop
  endfacet
  facet normal 1 0 0
    outer loop
      vertex 47.9987 1.01 22
      vertex 47.9987 0 27
      vertex 47.9987 0 22
    endloop
  endfacet
  facet normal 0.500002 0 0.866024
    outer loop
      vertex 47.9987 1.01 22
      vertex 52.3288 0 19.5
      vertex 52.3288 1.01 19.5
    endloop
  endfacet
  facet normal 0.500002 0 0.866024
    outer loop
      vertex 52.3288 0 19.5
      vertex 47.9987 1.01 22
      vertex 47.9987 0 22
    endloop
  endfacet
  facet normal -0.499994 0 0.866029
    outer loop
      vertex 52.3288 1.01 19.5
      vertex 56.659 0 22
      vertex 56.659 1.01 22
    endloop
  endfacet
  facet normal -0.499994 0 0.866029
    outer loop
      vertex 56.659 0 22
      vertex 52.3288 1.01 19.5
      vertex 52.3288 0 19.5
    endloop
  endfacet
  facet normal -1 0 0
    outer loop
      vertex 67.9192 0 22
      vertex 67.9192 1.01 27
      vertex 67.9192 1.01 22
    endloop
  endfacet
  facet normal -1 -0 0
    outer loop
      vertex 67.9192 1.01 27
      vertex 67.9192 0 22
      vertex 67.9192 0 27
    endloop
  endfacet
  facet normal -0.500002 0 -0.866024
    outer loop
      vertex 63.5891 0 29.5
      vertex 67.9192 1.01 27
      vertex 67.9192 0 27
    endloop
  endfacet
  facet normal -0.500002 0 -0.866024
    outer loop
      vertex 67.9192 1.01 27
      vertex 63.5891 0 29.5
      vertex 63.5891 1.01 29.5
    endloop
  endfacet
  facet normal 0.500002 0 -0.866024
    outer loop
      vertex 59.259 0 27
      vertex 63.5891 1.01 29.5
      vertex 63.5891 0 29.5
    endloop
  endfacet
  facet normal 0.500002 0 -0.866024
    outer loop
      vertex 63.5891 1.01 29.5
      vertex 59.259 0 27
      vertex 59.259 1.01 27
    endloop
  endfacet
  facet normal 1 -0 0
    outer loop
      vertex 59.259 0 27
      vertex 59.259 1.01 22
      vertex 59.259 1.01 27
    endloop
  endfacet
  facet normal 1 0 0
    outer loop
      vertex 59.259 1.01 22
      vertex 59.259 0 27
      vertex 59.259 0 22
    endloop
  endfacet
  facet normal 0.500002 0 0.866024
    outer loop
      vertex 59.259 1.01 22
      vertex 63.5891 0 19.5
      vertex 63.5891 1.01 19.5
    endloop
  endfacet
  facet normal 0.500002 0 0.866024
    outer loop
      vertex 63.5891 0 19.5
      vertex 59.259 1.01 22
      vertex 59.259 0 22
    endloop
  endfacet
  facet normal -0.500002 0 0.866024
    outer loop
      vertex 63.5891 1.01 19.5
      vertex 67.9192 0 22
      vertex 67.9192 1.01 22
    endloop
  endfacet
  facet normal -0.500002 0 0.866024
    outer loop
      vertex 67.9192 0 22
      vertex 63.5891 1.01 19.5
      vertex 63.5891 0 19.5
    endloop
  endfacet
  facet normal -1 0 0
    outer loop
      vertex 79.1795 0 22
      vertex 79.1795 1.01 27
      vertex 79.1795 1.01 22
    endloop
  endfacet
  facet normal -1 -0 0
    outer loop
      vertex 79.1795 1.01 27
      vertex 79.1795 0 22
      vertex 79.1795 0 27
    endloop
  endfacet
  facet normal -0.499994 0 -0.866029
    outer loop
      vertex 74.8493 0 29.5
      vertex 79.1795 1.01 27
      vertex 79.1795 0 27
    endloop
  endfacet
  facet normal -0.499994 0 -0.866029
    outer loop
      vertex 79.1795 1.01 27
      vertex 74.8493 0 29.5
      vertex 74.8493 1.01 29.5
    endloop
  endfacet
  facet normal 0.500002 0 -0.866024
    outer loop
      vertex 70.5192 0 27
      vertex 74.8493 1.01 29.5
      vertex 74.8493 0 29.5
    endloop
  endfacet
  facet normal 0.500002 0 -0.866024
    outer loop
      vertex 74.8493 1.01 29.5
      vertex 70.5192 0 27
      vertex 70.5192 1.01 27
    endloop
  endfacet
  facet normal 1 -0 0
    outer loop
      vertex 70.5192 0 27
      vertex 70.5192 1.01 22
      vertex 70.5192 1.01 27
    endloop
  endfacet
  facet normal 1 0 0
    outer loop
      vertex 70.5192 1.01 22
      vertex 70.5192 0 27
      vertex 70.5192 0 22
    endloop
  endfacet
  facet normal 0.500002 0 0.866024
    outer loop
      vertex 70.5192 1.01 22
      vertex 74.8493 0 19.5
      vertex 74.8493 1.01 19.5
    endloop
  endfacet
  facet normal 0.500002 0 0.866024
    outer loop
      vertex 74.8493 0 19.5
      vertex 70.5192 1.01 22
      vertex 70.5192 0 22
    endloop
  endfacet
  facet normal -0.499994 0 0.866029
    outer loop
      vertex 74.8493 1.01 19.5
      vertex 79.1795 0 22
      vertex 79.1795 1.01 22
    endloop
  endfacet
  facet normal -0.499994 0 0.866029
    outer loop
      vertex 79.1795 0 22
      vertex 74.8493 1.01 19.5
      vertex 74.8493 0 19.5
    endloop
  endfacet
  facet normal -1 0 0
    outer loop
      vertex 90.4397 0 22
      vertex 90.4397 1.01 27
      vertex 90.4397 1.01 22
    endloop
  endfacet
  facet normal -1 -0 0
    outer loop
      vertex 90.4397 1.01 27
      vertex 90.4397 0 22
      vertex 90.4397 0 27
    endloop
  endfacet
  facet normal -0.500002 0 -0.866024
    outer loop
      vertex 86.1096 0 29.5
      vertex 90.4397 1.01 27
      vertex 90.4397 0 27
    endloop
  endfacet
  facet normal -0.500002 0 -0.866024
    outer loop
      vertex 90.4397 1.01 27
      vertex 86.1096 0 29.5
      vertex 86.1096 1.01 29.5
    endloop
  endfacet
  facet normal 0.500002 0 -0.866024
    outer loop
      vertex 81.7795 0 27
      vertex 86.1096 1.01 29.5
      vertex 86.1096 0 29.5
    endloop
  endfacet
  facet normal 0.500002 0 -0.866024
    outer loop
      vertex 86.1096 1.01 29.5
      vertex 81.7795 0 27
      vertex 81.7795 1.01 27
    endloop
  endfacet
  facet normal 1 -0 0
    outer loop
      vertex 81.7795 0 27
      vertex 81.7795 1.01 22
      vertex 81.7795 1.01 27
    endloop
  endfacet
  facet normal 1 0 0
    outer loop
      vertex 81.7795 1.01 22
      vertex 81.7795 0 27
      vertex 81.7795 0 22
    endloop
  endfacet
  facet normal 0.500002 0 0.866024
    outer loop
      vertex 81.7795 1.01 22
      vertex 86.1096 0 19.5
      vertex 86.1096 1.01 19.5
    endloop
  endfacet
  facet normal 0.500002 0 0.866024
    outer loop
      vertex 86.1096 0 19.5
      vertex 81.7795 1.01 22
      vertex 81.7795 0 22
    endloop
  endfacet
  facet normal -0.500002 0 0.866024
    outer loop
      vertex 86.1096 1.01 19.5
      vertex 90.4397 0 22
      vertex 90.4397 1.01 22
    endloop
  endfacet
  facet normal -0.500002 0 0.866024
    outer loop
      vertex 90.4397 0 22
      vertex 86.1096 1.01 19.5
      vertex 86.1096 0 19.5
    endloop
  endfacet
  facet normal -1 0 0
    outer loop
      vertex 28.5083 0 12.2483
      vertex 28.5083 1.01 17.2483
      vertex 28.5083 1.01 12.2483
    endloop
  endfacet
  facet normal -1 -0 0
    outer loop
      vertex 28.5083 1.01 17.2483
      vertex 28.5083 0 12.2483
      vertex 28.5083 0 17.2483
    endloop
  endfacet
  facet normal -0.500002 0 -0.866024
    outer loop
      vertex 24.1782 0 19.7483
      vertex 28.5083 1.01 17.2483
      vertex 28.5083 0 17.2483
    endloop
  endfacet
  facet normal -0.500002 0 -0.866024
    outer loop
      vertex 28.5083 1.01 17.2483
      vertex 24.1782 0 19.7483
      vertex 24.1782 1.01 19.7483
    endloop
  endfacet
  facet normal 0.500002 0 -0.866024
    outer loop
      vertex 19.8481 0 17.2483
      vertex 24.1782 1.01 19.7483
      vertex 24.1782 0 19.7483
    endloop
  endfacet
  facet normal 0.500002 0 -0.866024
    outer loop
      vertex 24.1782 1.01 19.7483
      vertex 19.8481 0 17.2483
      vertex 19.8481 1.01 17.2483
    endloop
  endfacet
  facet normal 1 -0 0
    outer loop
      vertex 19.8481 0 17.2483
      vertex 19.8481 1.01 12.2483
      vertex 19.8481 1.01 17.2483
    endloop
  endfacet
  facet normal 1 0 0
    outer loop
      vertex 19.8481 1.01 12.2483
      vertex 19.8481 0 17.2483
      vertex 19.8481 0 12.2483
    endloop
  endfacet
  facet normal 0.499999 0 0.866026
    outer loop
      vertex 19.8481 1.01 12.2483
      vertex 24.1782 0 9.74832
      vertex 24.1782 1.01 9.74832
    endloop
  endfacet
  facet normal 0.499999 0 0.866026
    outer loop
      vertex 24.1782 0 9.74832
      vertex 19.8481 1.01 12.2483
      vertex 19.8481 0 12.2483
    endloop
  endfacet
  facet normal -0.499999 0 0.866026
    outer loop
      vertex 24.1782 1.01 9.74832
      vertex 28.5083 0 12.2483
      vertex 28.5083 1.01 12.2483
    endloop
  endfacet
  facet normal -0.499999 0 0.866026
    outer loop
      vertex 28.5083 0 12.2483
      vertex 24.1782 1.01 9.74832
      vertex 24.1782 0 9.74832
    endloop
  endfacet
  facet normal -1 0 0
    outer loop
      vertex 17.2481 0 12.2483
      vertex 17.2481 1.01 17.2483
      vertex 17.2481 1.01 12.2483
    endloop
  endfacet
  facet normal -1 -0 0
    outer loop
      vertex 17.2481 1.01 17.2483
      vertex 17.2481 0 12.2483
      vertex 17.2481 0 17.2483
    endloop
  endfacet
  facet normal -0.500002 0 -0.866024
    outer loop
      vertex 12.918 0 19.7483
      vertex 17.2481 1.01 17.2483
      vertex 17.2481 0 17.2483
    endloop
  endfacet
  facet normal -0.500002 0 -0.866024
    outer loop
      vertex 17.2481 1.01 17.2483
      vertex 12.918 0 19.7483
      vertex 12.918 1.01 19.7483
    endloop
  endfacet
  facet normal 0.499996 0 -0.866028
    outer loop
      vertex 8.58783 0 17.2483
      vertex 12.918 1.01 19.7483
      vertex 12.918 0 19.7483
    endloop
  endfacet
  facet normal 0.499996 0 -0.866028
    outer loop
      vertex 12.918 1.01 19.7483
      vertex 8.58783 0 17.2483
      vertex 8.58783 1.01 17.2483
    endloop
  endfacet
  facet normal 1 -0 0
    outer loop
      vertex 8.58783 0 17.2483
      vertex 8.58783 1.01 12.2483
      vertex 8.58783 1.01 17.2483
    endloop
  endfacet
  facet normal 1 0 0
    outer loop
      vertex 8.58783 1.01 12.2483
      vertex 8.58783 0 17.2483
      vertex 8.58783 0 12.2483
    endloop
  endfacet
  facet normal 0.499993 0 0.866029
    outer loop
      vertex 8.58783 1.01 12.2483
      vertex 12.918 0 9.74832
      vertex 12.918 1.01 9.74832
    endloop
  endfacet
  facet normal 0.499993 0 0.866029
    outer loop
      vertex 12.918 0 9.74832
      vertex 8.58783 1.01 12.2483
      vertex 8.58783 0 12.2483
    endloop
  endfacet
  facet normal -0.499999 0 0.866026
    outer loop
      vertex 12.918 1.01 9.74832
      vertex 17.2481 0 12.2483
      vertex 17.2481 1.01 12.2483
    endloop
  endfacet
  facet normal -0.499999 0 0.866026
    outer loop
      vertex 17.2481 0 12.2483
      vertex 12.918 1.01 9.74832
      vertex 12.918 0 9.74832
    endloop
  endfacet
  facet normal -1 0 0
    outer loop
      vertex 39.7686 0 12.2483
      vertex 39.7686 1.01 17.2483
      vertex 39.7686 1.01 12.2483
    endloop
  endfacet
  facet normal -1 -0 0
    outer loop
      vertex 39.7686 1.01 17.2483
      vertex 39.7686 0 12.2483
      vertex 39.7686 0 17.2483
    endloop
  endfacet
  facet normal -0.500002 0 -0.866024
    outer loop
      vertex 35.4385 0 19.7483
      vertex 39.7686 1.01 17.2483
      vertex 39.7686 0 17.2483
    endloop
  endfacet
  facet normal -0.500002 0 -0.866024
    outer loop
      vertex 39.7686 1.01 17.2483
      vertex 35.4385 0 19.7483
      vertex 35.4385 1.01 19.7483
    endloop
  endfacet
  facet normal 0.499994 0 -0.866029
    outer loop
      vertex 31.1083 0 17.2483
      vertex 35.4385 1.01 19.7483
      vertex 35.4385 0 19.7483
    endloop
  endfacet
  facet normal 0.499994 0 -0.866029
    outer loop
      vertex 35.4385 1.01 19.7483
      vertex 31.1083 0 17.2483
      vertex 31.1083 1.01 17.2483
    endloop
  endfacet
  facet normal 1 -0 0
    outer loop
      vertex 31.1083 0 17.2483
      vertex 31.1083 1.01 12.2483
      vertex 31.1083 1.01 17.2483
    endloop
  endfacet
  facet normal 1 0 0
    outer loop
      vertex 31.1083 1.01 12.2483
      vertex 31.1083 0 17.2483
      vertex 31.1083 0 12.2483
    endloop
  endfacet
  facet normal 0.499991 0 0.866031
    outer loop
      vertex 31.1083 1.01 12.2483
      vertex 35.4385 0 9.74832
      vertex 35.4385 1.01 9.74832
    endloop
  endfacet
  facet normal 0.499991 0 0.866031
    outer loop
      vertex 35.4385 0 9.74832
      vertex 31.1083 1.01 12.2483
      vertex 31.1083 0 12.2483
    endloop
  endfacet
  facet normal -0.499999 0 0.866026
    outer loop
      vertex 35.4385 1.01 9.74832
      vertex 39.7686 0 12.2483
      vertex 39.7686 1.01 12.2483
    endloop
  endfacet
  facet normal -0.499999 0 0.866026
    outer loop
      vertex 39.7686 0 12.2483
      vertex 35.4385 1.01 9.74832
      vertex 35.4385 0 9.74832
    endloop
  endfacet
  facet normal -1 0 0
    outer loop
      vertex 51.0288 0 12.2483
      vertex 51.0288 1.01 17.2483
      vertex 51.0288 1.01 12.2483
    endloop
  endfacet
  facet normal -1 -0 0
    outer loop
      vertex 51.0288 1.01 17.2483
      vertex 51.0288 0 12.2483
      vertex 51.0288 0 17.2483
    endloop
  endfacet
  facet normal -0.500002 0 -0.866024
    outer loop
      vertex 46.6987 0 19.7483
      vertex 51.0288 1.01 17.2483
      vertex 51.0288 0 17.2483
    endloop
  endfacet
  facet normal -0.500002 0 -0.866024
    outer loop
      vertex 51.0288 1.01 17.2483
      vertex 46.6987 0 19.7483
      vertex 46.6987 1.01 19.7483
    endloop
  endfacet
  facet normal 0.500002 0 -0.866024
    outer loop
      vertex 42.3686 0 17.2483
      vertex 46.6987 1.01 19.7483
      vertex 46.6987 0 19.7483
    endloop
  endfacet
  facet normal 0.500002 0 -0.866024
    outer loop
      vertex 46.6987 1.01 19.7483
      vertex 42.3686 0 17.2483
      vertex 42.3686 1.01 17.2483
    endloop
  endfacet
  facet normal 1 -0 0
    outer loop
      vertex 42.3686 0 17.2483
      vertex 42.3686 1.01 12.2483
      vertex 42.3686 1.01 17.2483
    endloop
  endfacet
  facet normal 1 0 0
    outer loop
      vertex 42.3686 1.01 12.2483
      vertex 42.3686 0 17.2483
      vertex 42.3686 0 12.2483
    endloop
  endfacet
  facet normal 0.499999 0 0.866026
    outer loop
      vertex 42.3686 1.01 12.2483
      vertex 46.6987 0 9.74832
      vertex 46.6987 1.01 9.74832
    endloop
  endfacet
  facet normal 0.499999 0 0.866026
    outer loop
      vertex 46.6987 0 9.74832
      vertex 42.3686 1.01 12.2483
      vertex 42.3686 0 12.2483
    endloop
  endfacet
  facet normal -0.499999 0 0.866026
    outer loop
      vertex 46.6987 1.01 9.74832
      vertex 51.0288 0 12.2483
      vertex 51.0288 1.01 12.2483
    endloop
  endfacet
  facet normal -0.499999 0 0.866026
    outer loop
      vertex 51.0288 0 12.2483
      vertex 46.6987 1.01 9.74832
      vertex 46.6987 0 9.74832
    endloop
  endfacet
  facet normal -1 0 0
    outer loop
      vertex 62.2891 0 12.2483
      vertex 62.2891 1.01 17.2483
      vertex 62.2891 1.01 12.2483
    endloop
  endfacet
  facet normal -1 -0 0
    outer loop
      vertex 62.2891 1.01 17.2483
      vertex 62.2891 0 12.2483
      vertex 62.2891 0 17.2483
    endloop
  endfacet
  facet normal -0.500002 0 -0.866024
    outer loop
      vertex 57.959 0 19.7483
      vertex 62.2891 1.01 17.2483
      vertex 62.2891 0 17.2483
    endloop
  endfacet
  facet normal -0.500002 0 -0.866024
    outer loop
      vertex 62.2891 1.01 17.2483
      vertex 57.959 0 19.7483
      vertex 57.959 1.01 19.7483
    endloop
  endfacet
  facet normal 0.499994 0 -0.866029
    outer loop
      vertex 53.6288 0 17.2483
      vertex 57.959 1.01 19.7483
      vertex 57.959 0 19.7483
    endloop
  endfacet
  facet normal 0.499994 0 -0.866029
    outer loop
      vertex 57.959 1.01 19.7483
      vertex 53.6288 0 17.2483
      vertex 53.6288 1.01 17.2483
    endloop
  endfacet
  facet normal 1 -0 0
    outer loop
      vertex 53.6288 0 17.2483
      vertex 53.6288 1.01 12.2483
      vertex 53.6288 1.01 17.2483
    endloop
  endfacet
  facet normal 1 0 0
    outer loop
      vertex 53.6288 1.01 12.2483
      vertex 53.6288 0 17.2483
      vertex 53.6288 0 12.2483
    endloop
  endfacet
  facet normal 0.499991 0 0.866031
    outer loop
      vertex 53.6288 1.01 12.2483
      vertex 57.959 0 9.74832
      vertex 57.959 1.01 9.74832
    endloop
  endfacet
  facet normal 0.499991 0 0.866031
    outer loop
      vertex 57.959 0 9.74832
      vertex 53.6288 1.01 12.2483
      vertex 53.6288 0 12.2483
    endloop
  endfacet
  facet normal -0.499999 0 0.866026
    outer loop
      vertex 57.959 1.01 9.74832
      vertex 62.2891 0 12.2483
      vertex 62.2891 1.01 12.2483
    endloop
  endfacet
  facet normal -0.499999 0 0.866026
    outer loop
      vertex 62.2891 0 12.2483
      vertex 57.959 1.01 9.74832
      vertex 57.959 0 9.74832
    endloop
  endfacet
  facet normal -1 0 0
    outer loop
      vertex 73.5493 0 12.2483
      vertex 73.5493 1.01 17.2483
      vertex 73.5493 1.01 12.2483
    endloop
  endfacet
  facet normal -1 -0 0
    outer loop
      vertex 73.5493 1.01 17.2483
      vertex 73.5493 0 12.2483
      vertex 73.5493 0 17.2483
    endloop
  endfacet
  facet normal -0.500002 0 -0.866024
    outer loop
      vertex 69.2192 0 19.7483
      vertex 73.5493 1.01 17.2483
      vertex 73.5493 0 17.2483
    endloop
  endfacet
  facet normal -0.500002 0 -0.866024
    outer loop
      vertex 73.5493 1.01 17.2483
      vertex 69.2192 0 19.7483
      vertex 69.2192 1.01 19.7483
    endloop
  endfacet
  facet normal 0.500002 0 -0.866024
    outer loop
      vertex 64.8891 0 17.2483
      vertex 69.2192 1.01 19.7483
      vertex 69.2192 0 19.7483
    endloop
  endfacet
  facet normal 0.500002 0 -0.866024
    outer loop
      vertex 69.2192 1.01 19.7483
      vertex 64.8891 0 17.2483
      vertex 64.8891 1.01 17.2483
    endloop
  endfacet
  facet normal 1 -0 0
    outer loop
      vertex 64.8891 0 17.2483
      vertex 64.8891 1.01 12.2483
      vertex 64.8891 1.01 17.2483
    endloop
  endfacet
  facet normal 1 0 0
    outer loop
      vertex 64.8891 1.01 12.2483
      vertex 64.8891 0 17.2483
      vertex 64.8891 0 12.2483
    endloop
  endfacet
  facet normal 0.499999 0 0.866026
    outer loop
      vertex 64.8891 1.01 12.2483
      vertex 69.2192 0 9.74832
      vertex 69.2192 1.01 9.74832
    endloop
  endfacet
  facet normal 0.499999 0 0.866026
    outer loop
      vertex 69.2192 0 9.74832
      vertex 64.8891 1.01 12.2483
      vertex 64.8891 0 12.2483
    endloop
  endfacet
  facet normal -0.499999 0 0.866026
    outer loop
      vertex 69.2192 1.01 9.74832
      vertex 73.5493 0 12.2483
      vertex 73.5493 1.01 12.2483
    endloop
  endfacet
  facet normal -0.499999 0 0.866026
    outer loop
      vertex 73.5493 0 12.2483
      vertex 69.2192 1.01 9.74832
      vertex 69.2192 0 9.74832
    endloop
  endfacet
  facet normal -1 0 0
    outer loop
      vertex 84.8096 0 12.2483
      vertex 84.8096 1.01 17.2483
      vertex 84.8096 1.01 12.2483
    endloop
  endfacet
  facet normal -1 -0 0
    outer loop
      vertex 84.8096 1.01 17.2483
      vertex 84.8096 0 12.2483
      vertex 84.8096 0 17.2483
    endloop
  endfacet
  facet normal -0.500002 0 -0.866024
    outer loop
      vertex 80.4795 0 19.7483
      vertex 84.8096 1.01 17.2483
      vertex 84.8096 0 17.2483
    endloop
  endfacet
  facet normal -0.500002 0 -0.866024
    outer loop
      vertex 84.8096 1.01 17.2483
      vertex 80.4795 0 19.7483
      vertex 80.4795 1.01 19.7483
    endloop
  endfacet
  facet normal 0.500002 0 -0.866024
    outer loop
      vertex 76.1494 0 17.2483
      vertex 80.4795 1.01 19.7483
      vertex 80.4795 0 19.7483
    endloop
  endfacet
  facet normal 0.500002 0 -0.866024
    outer loop
      vertex 80.4795 1.01 19.7483
      vertex 76.1494 0 17.2483
      vertex 76.1494 1.01 17.2483
    endloop
  endfacet
  facet normal 1 -0 0
    outer loop
      vertex 76.1494 0 17.2483
      vertex 76.1494 1.01 12.2483
      vertex 76.1494 1.01 17.2483
    endloop
  endfacet
  facet normal 1 0 0
    outer loop
      vertex 76.1494 1.01 12.2483
      vertex 76.1494 0 17.2483
      vertex 76.1494 0 12.2483
    endloop
  endfacet
  facet normal 0.499999 0 0.866026
    outer loop
      vertex 76.1494 1.01 12.2483
      vertex 80.4795 0 9.74832
      vertex 80.4795 1.01 9.74832
    endloop
  endfacet
  facet normal 0.499999 0 0.866026
    outer loop
      vertex 80.4795 0 9.74832
      vertex 76.1494 1.01 12.2483
      vertex 76.1494 0 12.2483
    endloop
  endfacet
  facet normal -0.499999 0 0.866026
    outer loop
      vertex 80.4795 1.01 9.74832
      vertex 84.8096 0 12.2483
      vertex 84.8096 1.01 12.2483
    endloop
  endfacet
  facet normal -0.499999 0 0.866026
    outer loop
      vertex 84.8096 0 12.2483
      vertex 80.4795 1.01 9.74832
      vertex 80.4795 0 9.74832
    endloop
  endfacet
  facet normal -1 0 0
    outer loop
      vertex 96.0699 0 12.2483
      vertex 96.0699 1.01 17.2483
      vertex 96.0699 1.01 12.2483
    endloop
  endfacet
  facet normal -1 -0 0
    outer loop
      vertex 96.0699 1.01 17.2483
      vertex 96.0699 0 12.2483
      vertex 96.0699 0 17.2483
    endloop
  endfacet
  facet normal -0.499994 0 -0.866029
    outer loop
      vertex 91.7397 0 19.7483
      vertex 96.0699 1.01 17.2483
      vertex 96.0699 0 17.2483
    endloop
  endfacet
  facet normal -0.499994 0 -0.866029
    outer loop
      vertex 96.0699 1.01 17.2483
      vertex 91.7397 0 19.7483
      vertex 91.7397 1.01 19.7483
    endloop
  endfacet
  facet normal 0.500002 0 -0.866024
    outer loop
      vertex 87.4096 0 17.2483
      vertex 91.7397 1.01 19.7483
      vertex 91.7397 0 19.7483
    endloop
  endfacet
  facet normal 0.500002 0 -0.866024
    outer loop
      vertex 91.7397 1.01 19.7483
      vertex 87.4096 0 17.2483
      vertex 87.4096 1.01 17.2483
    endloop
  endfacet
  facet normal 1 -0 0
    outer loop
      vertex 87.4096 0 17.2483
      vertex 87.4096 1.01 12.2483
      vertex 87.4096 1.01 17.2483
    endloop
  endfacet
  facet normal 1 0 0
    outer loop
      vertex 87.4096 1.01 12.2483
      vertex 87.4096 0 17.2483
      vertex 87.4096 0 12.2483
    endloop
  endfacet
  facet normal 0.499999 0 0.866026
    outer loop
      vertex 87.4096 1.01 12.2483
      vertex 91.7397 0 9.74832
      vertex 91.7397 1.01 9.74832
    endloop
  endfacet
  facet normal 0.499999 0 0.866026
    outer loop
      vertex 91.7397 0 9.74832
      vertex 87.4096 1.01 12.2483
      vertex 87.4096 0 12.2483
    endloop
  endfacet
  facet normal -0.499991 0 0.866031
    outer loop
      vertex 91.7397 1.01 9.74832
      vertex 96.0699 0 12.2483
      vertex 96.0699 1.01 12.2483
    endloop
  endfacet
  facet normal -0.499991 0 0.866031
    outer loop
      vertex 96.0699 0 12.2483
      vertex 91.7397 1.01 9.74832
      vertex 91.7397 0 9.74832
    endloop
  endfacet
  facet normal -1 0 0
    outer loop
      vertex 107.33 0 12.2483
      vertex 107.33 1.01 17.2483
      vertex 107.33 1.01 12.2483
    endloop
  endfacet
  facet normal -1 -0 0
    outer loop
      vertex 107.33 1.01 17.2483
      vertex 107.33 0 12.2483
      vertex 107.33 0 17.2483
    endloop
  endfacet
  facet normal -0.500011 0 -0.866019
    outer loop
      vertex 103 0 19.7483
      vertex 107.33 1.01 17.2483
      vertex 107.33 0 17.2483
    endloop
  endfacet
  facet normal -0.500011 0 -0.866019
    outer loop
      vertex 107.33 1.01 17.2483
      vertex 103 0 19.7483
      vertex 103 1.01 19.7483
    endloop
  endfacet
  facet normal 0.500002 0 -0.866024
    outer loop
      vertex 98.6699 0 17.2483
      vertex 103 1.01 19.7483
      vertex 103 0 19.7483
    endloop
  endfacet
  facet normal 0.500002 0 -0.866024
    outer loop
      vertex 103 1.01 19.7483
      vertex 98.6699 0 17.2483
      vertex 98.6699 1.01 17.2483
    endloop
  endfacet
  facet normal 1 -0 0
    outer loop
      vertex 98.6699 0 17.2483
      vertex 98.6699 1.01 12.2483
      vertex 98.6699 1.01 17.2483
    endloop
  endfacet
  facet normal 1 0 0
    outer loop
      vertex 98.6699 1.01 12.2483
      vertex 98.6699 0 17.2483
      vertex 98.6699 0 12.2483
    endloop
  endfacet
  facet normal 0.499999 0 0.866026
    outer loop
      vertex 98.6699 1.01 12.2483
      vertex 103 0 9.74832
      vertex 103 1.01 9.74832
    endloop
  endfacet
  facet normal 0.499999 0 0.866026
    outer loop
      vertex 103 0 9.74832
      vertex 98.6699 1.01 12.2483
      vertex 98.6699 0 12.2483
    endloop
  endfacet
  facet normal -0.500008 0 0.866021
    outer loop
      vertex 103 1.01 9.74832
      vertex 107.33 0 12.2483
      vertex 107.33 1.01 12.2483
    endloop
  endfacet
  facet normal -0.500008 0 0.866021
    outer loop
      vertex 107.33 0 12.2483
      vertex 103 1.01 9.74832
      vertex 103 0 9.74832
    endloop
  endfacet
  facet normal -1 0 0
    outer loop
      vertex 118.59 0 12.2483
      vertex 118.59 1.01 17.2483
      vertex 118.59 1.01 12.2483
    endloop
  endfacet
  facet normal -1 -0 0
    outer loop
      vertex 118.59 1.01 17.2483
      vertex 118.59 0 12.2483
      vertex 118.59 0 17.2483
    endloop
  endfacet
  facet normal -0.500011 0 -0.866019
    outer loop
      vertex 114.26 0 19.7483
      vertex 118.59 1.01 17.2483
      vertex 118.59 0 17.2483
    endloop
  endfacet
  facet normal -0.500011 0 -0.866019
    outer loop
      vertex 118.59 1.01 17.2483
      vertex 114.26 0 19.7483
      vertex 114.26 1.01 19.7483
    endloop
  endfacet
  facet normal 0.500011 0 -0.866019
    outer loop
      vertex 109.93 0 17.2483
      vertex 114.26 1.01 19.7483
      vertex 114.26 0 19.7483
    endloop
  endfacet
  facet normal 0.500011 0 -0.866019
    outer loop
      vertex 114.26 1.01 19.7483
      vertex 109.93 0 17.2483
      vertex 109.93 1.01 17.2483
    endloop
  endfacet
  facet normal 1 -0 0
    outer loop
      vertex 109.93 0 17.2483
      vertex 109.93 1.01 12.2483
      vertex 109.93 1.01 17.2483
    endloop
  endfacet
  facet normal 1 0 0
    outer loop
      vertex 109.93 1.01 12.2483
      vertex 109.93 0 17.2483
      vertex 109.93 0 12.2483
    endloop
  endfacet
  facet normal 0.500008 0 0.866021
    outer loop
      vertex 109.93 1.01 12.2483
      vertex 114.26 0 9.74832
      vertex 114.26 1.01 9.74832
    endloop
  endfacet
  facet normal 0.500008 0 0.866021
    outer loop
      vertex 114.26 0 9.74832
      vertex 109.93 1.01 12.2483
      vertex 109.93 0 12.2483
    endloop
  endfacet
  facet normal -0.500008 0 0.866021
    outer loop
      vertex 114.26 1.01 9.74832
      vertex 118.59 0 12.2483
      vertex 118.59 1.01 12.2483
    endloop
  endfacet
  facet normal -0.500008 0 0.866021
    outer loop
      vertex 118.59 0 12.2483
      vertex 114.26 1.01 9.74832
      vertex 114.26 0 9.74832
    endloop
  endfacet
  facet normal -1 0 0
    outer loop
      vertex 129.851 0 12.2483
      vertex 129.851 1.01 17.2483
      vertex 129.851 1.01 12.2483
    endloop
  endfacet
  facet normal -1 -0 0
    outer loop
      vertex 129.851 1.01 17.2483
      vertex 129.851 0 12.2483
      vertex 129.851 0 17.2483
    endloop
  endfacet
  facet normal -0.500011 0 -0.866019
    outer loop
      vertex 125.521 0 19.7483
      vertex 129.851 1.01 17.2483
      vertex 129.851 0 17.2483
    endloop
  endfacet
  facet normal -0.500011 0 -0.866019
    outer loop
      vertex 129.851 1.01 17.2483
      vertex 125.521 0 19.7483
      vertex 125.521 1.01 19.7483
    endloop
  endfacet
  facet normal 0.499924 0 -0.866069
    outer loop
      vertex 121.19 0 17.2483
      vertex 125.521 1.01 19.7483
      vertex 125.521 0 19.7483
    endloop
  endfacet
  facet normal 0.499924 0 -0.866069
    outer loop
      vertex 125.521 1.01 19.7483
      vertex 121.19 0 17.2483
      vertex 121.19 1.01 17.2483
    endloop
  endfacet
  facet normal 1 -0 0
    outer loop
      vertex 121.19 0 17.2483
      vertex 121.19 1.01 12.2483
      vertex 121.19 1.01 17.2483
    endloop
  endfacet
  facet normal 1 0 0
    outer loop
      vertex 121.19 1.01 12.2483
      vertex 121.19 0 17.2483
      vertex 121.19 0 12.2483
    endloop
  endfacet
  facet normal 0.499921 0 0.866071
    outer loop
      vertex 121.19 1.01 12.2483
      vertex 125.521 0 9.74832
      vertex 125.521 1.01 9.74832
    endloop
  endfacet
  facet normal 0.499921 0 0.866071
    outer loop
      vertex 125.521 0 9.74832
      vertex 121.19 1.01 12.2483
      vertex 121.19 0 12.2483
    endloop
  endfacet
  facet normal -0.500008 0 0.866021
    outer loop
      vertex 125.521 1.01 9.74832
      vertex 129.851 0 12.2483
      vertex 129.851 1.01 12.2483
    endloop
  endfacet
  facet normal -0.500008 0 0.866021
    outer loop
      vertex 129.851 0 12.2483
      vertex 125.521 1.01 9.74832
      vertex 125.521 0 9.74832
    endloop
  endfacet
  facet normal -1 0 0
    outer loop
      vertex 141.111 0 12.2483
      vertex 141.111 1.01 17.2483
      vertex 141.111 1.01 12.2483
    endloop
  endfacet
  facet normal -1 -0 0
    outer loop
      vertex 141.111 1.01 17.2483
      vertex 141.111 0 12.2483
      vertex 141.111 0 17.2483
    endloop
  endfacet
  facet normal -0.500011 0 -0.866019
    outer loop
      vertex 136.781 0 19.7483
      vertex 141.111 1.01 17.2483
      vertex 141.111 0 17.2483
    endloop
  endfacet
  facet normal -0.500011 0 -0.866019
    outer loop
      vertex 141.111 1.01 17.2483
      vertex 136.781 0 19.7483
      vertex 136.781 1.01 19.7483
    endloop
  endfacet
  facet normal 0.500011 0 -0.866019
    outer loop
      vertex 132.451 0 17.2483
      vertex 136.781 1.01 19.7483
      vertex 136.781 0 19.7483
    endloop
  endfacet
  facet normal 0.500011 0 -0.866019
    outer loop
      vertex 136.781 1.01 19.7483
      vertex 132.451 0 17.2483
      vertex 132.451 1.01 17.2483
    endloop
  endfacet
  facet normal 1 -0 0
    outer loop
      vertex 132.451 0 17.2483
      vertex 132.451 1.01 12.2483
      vertex 132.451 1.01 17.2483
    endloop
  endfacet
  facet normal 1 0 0
    outer loop
      vertex 132.451 1.01 12.2483
      vertex 132.451 0 17.2483
      vertex 132.451 0 12.2483
    endloop
  endfacet
  facet normal 0.500008 0 0.866021
    outer loop
      vertex 132.451 1.01 12.2483
      vertex 136.781 0 9.74832
      vertex 136.781 1.01 9.74832
    endloop
  endfacet
  facet normal 0.500008 0 0.866021
    outer loop
      vertex 136.781 0 9.74832
      vertex 132.451 1.01 12.2483
      vertex 132.451 0 12.2483
    endloop
  endfacet
  facet normal -0.500008 0 0.866021
    outer loop
      vertex 136.781 1.01 9.74832
      vertex 141.111 0 12.2483
      vertex 141.111 1.01 12.2483
    endloop
  endfacet
  facet normal -0.500008 0 0.866021
    outer loop
      vertex 141.111 0 12.2483
      vertex 136.781 1.01 9.74832
      vertex 136.781 0 9.74832
    endloop
  endfacet
  facet normal -1 0 0
    outer loop
      vertex 152.371 0 12.2483
      vertex 152.371 1.01 17.2483
      vertex 152.371 1.01 12.2483
    endloop
  endfacet
  facet normal -1 -0 0
    outer loop
      vertex 152.371 1.01 17.2483
      vertex 152.371 0 12.2483
      vertex 152.371 0 17.2483
    endloop
  endfacet
  facet normal -0.500011 0 -0.866019
    outer loop
      vertex 148.041 0 19.7483
      vertex 152.371 1.01 17.2483
      vertex 152.371 0 17.2483
    endloop
  endfacet
  facet normal -0.500011 0 -0.866019
    outer loop
      vertex 152.371 1.01 17.2483
      vertex 148.041 0 19.7483
      vertex 148.041 1.01 19.7483
    endloop
  endfacet
  facet normal 0.500011 0 -0.866019
    outer loop
      vertex 143.711 0 17.2483
      vertex 148.041 1.01 19.7483
      vertex 148.041 0 19.7483
    endloop
  endfacet
  facet normal 0.500011 0 -0.866019
    outer loop
      vertex 148.041 1.01 19.7483
      vertex 143.711 0 17.2483
      vertex 143.711 1.01 17.2483
    endloop
  endfacet
  facet normal 1 -0 0
    outer loop
      vertex 143.711 0 17.2483
      vertex 143.711 1.01 12.2483
      vertex 143.711 1.01 17.2483
    endloop
  endfacet
  facet normal 1 0 0
    outer loop
      vertex 143.711 1.01 12.2483
      vertex 143.711 0 17.2483
      vertex 143.711 0 12.2483
    endloop
  endfacet
  facet normal 0.500008 0 0.866021
    outer loop
      vertex 143.711 1.01 12.2483
      vertex 148.041 0 9.74832
      vertex 148.041 1.01 9.74832
    endloop
  endfacet
  facet normal 0.500008 0 0.866021
    outer loop
      vertex 148.041 0 9.74832
      vertex 143.711 1.01 12.2483
      vertex 143.711 0 12.2483
    endloop
  endfacet
  facet normal -0.500008 0 0.866021
    outer loop
      vertex 148.041 1.01 9.74832
      vertex 152.371 0 12.2483
      vertex 152.371 1.01 12.2483
    endloop
  endfacet
  facet normal -0.500008 0 0.866021
    outer loop
      vertex 152.371 0 12.2483
      vertex 148.041 1.01 9.74832
      vertex 148.041 0 9.74832
    endloop
  endfacet
  facet normal -1 0 0
    outer loop
      vertex 163.631 0 12.2483
      vertex 163.631 1.01 17.2483
      vertex 163.631 1.01 12.2483
    endloop
  endfacet
  facet normal -1 -0 0
    outer loop
      vertex 163.631 1.01 17.2483
      vertex 163.631 0 12.2483
      vertex 163.631 0 17.2483
    endloop
  endfacet
  facet normal -0.500011 0 -0.866019
    outer loop
      vertex 159.301 0 19.7483
      vertex 163.631 1.01 17.2483
      vertex 163.631 0 17.2483
    endloop
  endfacet
  facet normal -0.500011 0 -0.866019
    outer loop
      vertex 163.631 1.01 17.2483
      vertex 159.301 0 19.7483
      vertex 159.301 1.01 19.7483
    endloop
  endfacet
  facet normal 0.500011 0 -0.866019
    outer loop
      vertex 154.971 0 17.2483
      vertex 159.301 1.01 19.7483
      vertex 159.301 0 19.7483
    endloop
  endfacet
  facet normal 0.500011 0 -0.866019
    outer loop
      vertex 159.301 1.01 19.7483
      vertex 154.971 0 17.2483
      vertex 154.971 1.01 17.2483
    endloop
  endfacet
  facet normal 1 -0 0
    outer loop
      vertex 154.971 0 17.2483
      vertex 154.971 1.01 12.2483
      vertex 154.971 1.01 17.2483
    endloop
  endfacet
  facet normal 1 0 0
    outer loop
      vertex 154.971 1.01 12.2483
      vertex 154.971 0 17.2483
      vertex 154.971 0 12.2483
    endloop
  endfacet
  facet normal 0.500008 0 0.866021
    outer loop
      vertex 154.971 1.01 12.2483
      vertex 159.301 0 9.74832
      vertex 159.301 1.01 9.74832
    endloop
  endfacet
  facet normal 0.500008 0 0.866021
    outer loop
      vertex 159.301 0 9.74832
      vertex 154.971 1.01 12.2483
      vertex 154.971 0 12.2483
    endloop
  endfacet
  facet normal -0.500008 0 0.866021
    outer loop
      vertex 159.301 1.01 9.74832
      vertex 163.631 0 12.2483
      vertex 163.631 1.01 12.2483
    endloop
  endfacet
  facet normal -0.500008 0 0.866021
    outer loop
      vertex 163.631 0 12.2483
      vertex 159.301 1.01 9.74832
      vertex 159.301 0 9.74832
    endloop
  endfacet
  facet normal -1 0 0
    outer loop
      vertex 174.892 0 12.2483
      vertex 174.892 1.01 17.2483
      vertex 174.892 1.01 12.2483
    endloop
  endfacet
  facet normal -1 -0 0
    outer loop
      vertex 174.892 1.01 17.2483
      vertex 174.892 0 12.2483
      vertex 174.892 0 17.2483
    endloop
  endfacet
  facet normal -0.500011 0 -0.866019
    outer loop
      vertex 170.562 0 19.7483
      vertex 174.892 1.01 17.2483
      vertex 174.892 0 17.2483
    endloop
  endfacet
  facet normal -0.500011 0 -0.866019
    outer loop
      vertex 174.892 1.01 17.2483
      vertex 170.562 0 19.7483
      vertex 170.562 1.01 19.7483
    endloop
  endfacet
  facet normal 0.499924 0 -0.866069
    outer loop
      vertex 166.231 0 17.2483
      vertex 170.562 1.01 19.7483
      vertex 170.562 0 19.7483
    endloop
  endfacet
  facet normal 0.499924 0 -0.866069
    outer loop
      vertex 170.562 1.01 19.7483
      vertex 166.231 0 17.2483
      vertex 166.231 1.01 17.2483
    endloop
  endfacet
  facet normal 1 -0 0
    outer loop
      vertex 166.231 0 17.2483
      vertex 166.231 1.01 12.2483
      vertex 166.231 1.01 17.2483
    endloop
  endfacet
  facet normal 1 0 0
    outer loop
      vertex 166.231 1.01 12.2483
      vertex 166.231 0 17.2483
      vertex 166.231 0 12.2483
    endloop
  endfacet
  facet normal 0.499921 0 0.866071
    outer loop
      vertex 166.231 1.01 12.2483
      vertex 170.562 0 9.74832
      vertex 170.562 1.01 9.74832
    endloop
  endfacet
  facet normal 0.499921 0 0.866071
    outer loop
      vertex 170.562 0 9.74832
      vertex 166.231 1.01 12.2483
      vertex 166.231 0 12.2483
    endloop
  endfacet
  facet normal -0.500008 0 0.866021
    outer loop
      vertex 170.562 1.01 9.74832
      vertex 174.892 0 12.2483
      vertex 174.892 1.01 12.2483
    endloop
  endfacet
  facet normal -0.500008 0 0.866021
    outer loop
      vertex 174.892 0 12.2483
      vertex 170.562 1.01 9.74832
      vertex 170.562 0 9.74832
    endloop
  endfacet
  facet normal -1 0 0
    outer loop
      vertex 186.152 0 12.2483
      vertex 186.152 1.01 17.2483
      vertex 186.152 1.01 12.2483
    endloop
  endfacet
  facet normal -1 -0 0
    outer loop
      vertex 186.152 1.01 17.2483
      vertex 186.152 0 12.2483
      vertex 186.152 0 17.2483
    endloop
  endfacet
  facet normal -0.500011 0 -0.866019
    outer loop
      vertex 181.822 0 19.7483
      vertex 186.152 1.01 17.2483
      vertex 186.152 0 17.2483
    endloop
  endfacet
  facet normal -0.500011 0 -0.866019
    outer loop
      vertex 186.152 1.01 17.2483
      vertex 181.822 0 19.7483
      vertex 181.822 1.01 19.7483
    endloop
  endfacet
  facet normal 0.500011 0 -0.866019
    outer loop
      vertex 177.492 0 17.2483
      vertex 181.822 1.01 19.7483
      vertex 181.822 0 19.7483
    endloop
  endfacet
  facet normal 0.500011 0 -0.866019
    outer loop
      vertex 181.822 1.01 19.7483
      vertex 177.492 0 17.2483
      vertex 177.492 1.01 17.2483
    endloop
  endfacet
  facet normal 1 -0 0
    outer loop
      vertex 177.492 0 17.2483
      vertex 177.492 1.01 12.2483
      vertex 177.492 1.01 17.2483
    endloop
  endfacet
  facet normal 1 0 0
    outer loop
      vertex 177.492 1.01 12.2483
      vertex 177.492 0 17.2483
      vertex 177.492 0 12.2483
    endloop
  endfacet
  facet normal 0.500008 0 0.866021
    outer loop
      vertex 177.492 1.01 12.2483
      vertex 181.822 0 9.74832
      vertex 181.822 1.01 9.74832
    endloop
  endfacet
  facet normal 0.500008 0 0.866021
    outer loop
      vertex 181.822 0 9.74832
      vertex 177.492 1.01 12.2483
      vertex 177.492 0 12.2483
    endloop
  endfacet
  facet normal -0.500008 0 0.866021
    outer loop
      vertex 181.822 1.01 9.74832
      vertex 186.152 0 12.2483
      vertex 186.152 1.01 12.2483
    endloop
  endfacet
  facet normal -0.500008 0 0.866021
    outer loop
      vertex 186.152 0 12.2483
      vertex 181.822 1.01 9.74832
      vertex 181.822 0 9.74832
    endloop
  endfacet
  facet normal -1 0 0
    outer loop
      vertex 197.412 0 12.2483
      vertex 197.412 1.01 17.2483
      vertex 197.412 1.01 12.2483
    endloop
  endfacet
  facet normal -1 -0 0
    outer loop
      vertex 197.412 1.01 17.2483
      vertex 197.412 0 12.2483
      vertex 197.412 0 17.2483
    endloop
  endfacet
  facet normal -0.500011 0 -0.866019
    outer loop
      vertex 193.082 0 19.7483
      vertex 197.412 1.01 17.2483
      vertex 197.412 0 17.2483
    endloop
  endfacet
  facet normal -0.500011 0 -0.866019
    outer loop
      vertex 197.412 1.01 17.2483
      vertex 193.082 0 19.7483
      vertex 193.082 1.01 19.7483
    endloop
  endfacet
  facet normal 0.500011 0 -0.866019
    outer loop
      vertex 188.752 0 17.2483
      vertex 193.082 1.01 19.7483
      vertex 193.082 0 19.7483
    endloop
  endfacet
  facet normal 0.500011 0 -0.866019
    outer loop
      vertex 193.082 1.01 19.7483
      vertex 188.752 0 17.2483
      vertex 188.752 1.01 17.2483
    endloop
  endfacet
  facet normal 1 -0 0
    outer loop
      vertex 188.752 0 17.2483
      vertex 188.752 1.01 12.2483
      vertex 188.752 1.01 17.2483
    endloop
  endfacet
  facet normal 1 0 0
    outer loop
      vertex 188.752 1.01 12.2483
      vertex 188.752 0 17.2483
      vertex 188.752 0 12.2483
    endloop
  endfacet
  facet normal 0.500008 0 0.866021
    outer loop
      vertex 188.752 1.01 12.2483
      vertex 193.082 0 9.74832
      vertex 193.082 1.01 9.74832
    endloop
  endfacet
  facet normal 0.500008 0 0.866021
    outer loop
      vertex 193.082 0 9.74832
      vertex 188.752 1.01 12.2483
      vertex 188.752 0 12.2483
    endloop
  endfacet
  facet normal -0.500008 0 0.866021
    outer loop
      vertex 193.082 1.01 9.74832
      vertex 197.412 0 12.2483
      vertex 197.412 1.01 12.2483
    endloop
  endfacet
  facet normal -0.500008 0 0.866021
    outer loop
      vertex 197.412 0 12.2483
      vertex 193.082 1.01 9.74832
      vertex 193.082 0 9.74832
    endloop
  endfacet
  facet normal 0 1 0
    outer loop
      vertex 197.412 206.99 36.7517
      vertex 188.752 206.99 36.7517
      vertex 193.082 206.99 39.2517
    endloop
  endfacet
  facet normal 0 1 -0
    outer loop
      vertex 197.412 206.99 31.7517
      vertex 188.752 206.99 36.7517
      vertex 197.412 206.99 36.7517
    endloop
  endfacet
  facet normal 0 1 0
    outer loop
      vertex 197.412 206.99 31.7517
      vertex 188.752 206.99 31.7517
      vertex 188.752 206.99 36.7517
    endloop
  endfacet
  facet normal -0 1 0
    outer loop
      vertex 188.752 206.99 31.7517
      vertex 197.412 206.99 31.7517
      vertex 193.082 206.99 29.2517
    endloop
  endfacet
  facet normal 0 1 0
    outer loop
      vertex 191.782 206.99 27
      vertex 183.122 206.99 27
      vertex 187.452 206.99 29.5
    endloop
  endfacet
  facet normal 0 1 -0
    outer loop
      vertex 191.782 206.99 22
      vertex 183.122 206.99 27
      vertex 191.782 206.99 27
    endloop
  endfacet
  facet normal 0 1 0
    outer loop
      vertex 191.782 206.99 22
      vertex 183.122 206.99 22
      vertex 183.122 206.99 27
    endloop
  endfacet
  facet normal -0 1 0
    outer loop
      vertex 183.122 206.99 22
      vertex 191.782 206.99 22
      vertex 187.452 206.99 19.5
    endloop
  endfacet
  facet normal 0 1 0
    outer loop
      vertex 17.2481 206.99 36.7517
      vertex 8.58783 206.99 36.7517
      vertex 12.918 206.99 39.2517
    endloop
  endfacet
  facet normal 0 1 -0
    outer loop
      vertex 17.2481 206.99 31.7517
      vertex 8.58783 206.99 36.7517
      vertex 17.2481 206.99 36.7517
    endloop
  endfacet
  facet normal 0 1 0
    outer loop
      vertex 17.2481 206.99 31.7517
      vertex 8.58783 206.99 31.7517
      vertex 8.58783 206.99 36.7517
    endloop
  endfacet
  facet normal -0 1 0
    outer loop
      vertex 8.58783 206.99 31.7517
      vertex 17.2481 206.99 31.7517
      vertex 12.918 206.99 29.2517
    endloop
  endfacet
  facet normal 0 1 0
    outer loop
      vertex 22.8782 206.99 27
      vertex 14.218 206.99 27
      vertex 18.5481 206.99 29.5
    endloop
  endfacet
  facet normal 0 1 -0
    outer loop
      vertex 22.8782 206.99 22
      vertex 14.218 206.99 27
      vertex 22.8782 206.99 27
    endloop
  endfacet
  facet normal 0 1 0
    outer loop
      vertex 22.8782 206.99 22
      vertex 14.218 206.99 22
      vertex 14.218 206.99 27
    endloop
  endfacet
  facet normal -0 1 0
    outer loop
      vertex 14.218 206.99 22
      vertex 22.8782 206.99 22
      vertex 18.5481 206.99 19.5
    endloop
  endfacet
  facet normal 0 1 0
    outer loop
      vertex 28.5083 206.99 36.7517
      vertex 19.8481 206.99 36.7517
      vertex 24.1782 206.99 39.2517
    endloop
  endfacet
  facet normal 0 1 -0
    outer loop
      vertex 28.5083 206.99 31.7517
      vertex 19.8481 206.99 36.7517
      vertex 28.5083 206.99 36.7517
    endloop
  endfacet
  facet normal 0 1 0
    outer loop
      vertex 28.5083 206.99 31.7517
      vertex 19.8481 206.99 31.7517
      vertex 19.8481 206.99 36.7517
    endloop
  endfacet
  facet normal -0 1 0
    outer loop
      vertex 19.8481 206.99 31.7517
      vertex 28.5083 206.99 31.7517
      vertex 24.1782 206.99 29.2517
    endloop
  endfacet
  facet normal 0 1 0
    outer loop
      vertex 39.7686 206.99 36.7517
      vertex 31.1083 206.99 36.7517
      vertex 35.4385 206.99 39.2517
    endloop
  endfacet
  facet normal 0 1 -0
    outer loop
      vertex 39.7686 206.99 31.7517
      vertex 31.1083 206.99 36.7517
      vertex 39.7686 206.99 36.7517
    endloop
  endfacet
  facet normal 0 1 0
    outer loop
      vertex 39.7686 206.99 31.7517
      vertex 31.1083 206.99 31.7517
      vertex 31.1083 206.99 36.7517
    endloop
  endfacet
  facet normal -0 1 0
    outer loop
      vertex 31.1083 206.99 31.7517
      vertex 39.7686 206.99 31.7517
      vertex 35.4385 206.99 29.2517
    endloop
  endfacet
  facet normal 0 1 0
    outer loop
      vertex 62.2891 206.99 36.7517
      vertex 53.6288 206.99 36.7517
      vertex 57.959 206.99 39.2517
    endloop
  endfacet
  facet normal 0 1 -0
    outer loop
      vertex 62.2891 206.99 31.7517
      vertex 53.6288 206.99 36.7517
      vertex 62.2891 206.99 36.7517
    endloop
  endfacet
  facet normal 0 1 0
    outer loop
      vertex 62.2891 206.99 31.7517
      vertex 53.6288 206.99 31.7517
      vertex 53.6288 206.99 36.7517
    endloop
  endfacet
  facet normal -0 1 0
    outer loop
      vertex 53.6288 206.99 31.7517
      vertex 62.2891 206.99 31.7517
      vertex 57.959 206.99 29.2517
    endloop
  endfacet
  facet normal 0 1 0
    outer loop
      vertex 51.0288 206.99 36.7517
      vertex 42.3686 206.99 36.7517
      vertex 46.6987 206.99 39.2517
    endloop
  endfacet
  facet normal 0 1 -0
    outer loop
      vertex 51.0288 206.99 31.7517
      vertex 42.3686 206.99 36.7517
      vertex 51.0288 206.99 36.7517
    endloop
  endfacet
  facet normal 0 1 0
    outer loop
      vertex 51.0288 206.99 31.7517
      vertex 42.3686 206.99 31.7517
      vertex 42.3686 206.99 36.7517
    endloop
  endfacet
  facet normal -0 1 0
    outer loop
      vertex 42.3686 206.99 31.7517
      vertex 51.0288 206.99 31.7517
      vertex 46.6987 206.99 29.2517
    endloop
  endfacet
  facet normal 0 1 0
    outer loop
      vertex 73.5493 206.99 36.7517
      vertex 64.8891 206.99 36.7517
      vertex 69.2192 206.99 39.2517
    endloop
  endfacet
  facet normal 0 1 -0
    outer loop
      vertex 73.5493 206.99 31.7517
      vertex 64.8891 206.99 36.7517
      vertex 73.5493 206.99 36.7517
    endloop
  endfacet
  facet normal 0 1 0
    outer loop
      vertex 73.5493 206.99 31.7517
      vertex 64.8891 206.99 31.7517
      vertex 64.8891 206.99 36.7517
    endloop
  endfacet
  facet normal -0 1 0
    outer loop
      vertex 64.8891 206.99 31.7517
      vertex 73.5493 206.99 31.7517
      vertex 69.2192 206.99 29.2517
    endloop
  endfacet
  facet normal 0 1 0
    outer loop
      vertex 84.8096 206.99 36.7517
      vertex 76.1494 206.99 36.7517
      vertex 80.4795 206.99 39.2517
    endloop
  endfacet
  facet normal 0 1 -0
    outer loop
      vertex 84.8096 206.99 31.7517
      vertex 76.1494 206.99 36.7517
      vertex 84.8096 206.99 36.7517
    endloop
  endfacet
  facet normal 0 1 0
    outer loop
      vertex 84.8096 206.99 31.7517
      vertex 76.1494 206.99 31.7517
      vertex 76.1494 206.99 36.7517
    endloop
  endfacet
  facet normal -0 1 0
    outer loop
      vertex 76.1494 206.99 31.7517
      vertex 84.8096 206.99 31.7517
      vertex 80.4795 206.99 29.2517
    endloop
  endfacet
  facet normal 0 1 0
    outer loop
      vertex 96.0699 206.99 36.7517
      vertex 87.4096 206.99 36.7517
      vertex 91.7397 206.99 39.2517
    endloop
  endfacet
  facet normal 0 1 -0
    outer loop
      vertex 96.0699 206.99 31.7517
      vertex 87.4096 206.99 36.7517
      vertex 96.0699 206.99 36.7517
    endloop
  endfacet
  facet normal 0 1 0
    outer loop
      vertex 96.0699 206.99 31.7517
      vertex 87.4096 206.99 31.7517
      vertex 87.4096 206.99 36.7517
    endloop
  endfacet
  facet normal -0 1 0
    outer loop
      vertex 87.4096 206.99 31.7517
      vertex 96.0699 206.99 31.7517
      vertex 91.7397 206.99 29.2517
    endloop
  endfacet
  facet normal 0 1 0
    outer loop
      vertex 107.33 206.99 36.7517
      vertex 98.6699 206.99 36.7517
      vertex 103 206.99 39.2517
    endloop
  endfacet
  facet normal 0 1 -0
    outer loop
      vertex 107.33 206.99 31.7517
      vertex 98.6699 206.99 36.7517
      vertex 107.33 206.99 36.7517
    endloop
  endfacet
  facet normal 0 1 0
    outer loop
      vertex 107.33 206.99 31.7517
      vertex 98.6699 206.99 31.7517
      vertex 98.6699 206.99 36.7517
    endloop
  endfacet
  facet normal -0 1 0
    outer loop
      vertex 98.6699 206.99 31.7517
      vertex 107.33 206.99 31.7517
      vertex 103 206.99 29.2517
    endloop
  endfacet
  facet normal 0 1 0
    outer loop
      vertex 118.59 206.99 36.7517
      vertex 109.93 206.99 36.7517
      vertex 114.26 206.99 39.2517
    endloop
  endfacet
  facet normal 0 1 -0
    outer loop
      vertex 118.59 206.99 31.7517
      vertex 109.93 206.99 36.7517
      vertex 118.59 206.99 36.7517
    endloop
  endfacet
  facet normal 0 1 0
    outer loop
      vertex 118.59 206.99 31.7517
      vertex 109.93 206.99 31.7517
      vertex 109.93 206.99 36.7517
    endloop
  endfacet
  facet normal -0 1 0
    outer loop
      vertex 109.93 206.99 31.7517
      vertex 118.59 206.99 31.7517
      vertex 114.26 206.99 29.2517
    endloop
  endfacet
  facet normal 0 1 0
    outer loop
      vertex 129.851 206.99 36.7517
      vertex 121.19 206.99 36.7517
      vertex 125.521 206.99 39.2517
    endloop
  endfacet
  facet normal 0 1 -0
    outer loop
      vertex 129.851 206.99 31.7517
      vertex 121.19 206.99 36.7517
      vertex 129.851 206.99 36.7517
    endloop
  endfacet
  facet normal 0 1 0
    outer loop
      vertex 129.851 206.99 31.7517
      vertex 121.19 206.99 31.7517
      vertex 121.19 206.99 36.7517
    endloop
  endfacet
  facet normal -0 1 0
    outer loop
      vertex 121.19 206.99 31.7517
      vertex 129.851 206.99 31.7517
      vertex 125.521 206.99 29.2517
    endloop
  endfacet
  facet normal 0 1 0
    outer loop
      vertex 141.111 206.99 36.7517
      vertex 132.451 206.99 36.7517
      vertex 136.781 206.99 39.2517
    endloop
  endfacet
  facet normal 0 1 -0
    outer loop
      vertex 141.111 206.99 31.7517
      vertex 132.451 206.99 36.7517
      vertex 141.111 206.99 36.7517
    endloop
  endfacet
  facet normal 0 1 0
    outer loop
      vertex 141.111 206.99 31.7517
      vertex 132.451 206.99 31.7517
      vertex 132.451 206.99 36.7517
    endloop
  endfacet
  facet normal -0 1 0
    outer loop
      vertex 132.451 206.99 31.7517
      vertex 141.111 206.99 31.7517
      vertex 136.781 206.99 29.2517
    endloop
  endfacet
  facet normal 0 1 0
    outer loop
      vertex 152.371 206.99 36.7517
      vertex 143.711 206.99 36.7517
      vertex 148.041 206.99 39.2517
    endloop
  endfacet
  facet normal 0 1 -0
    outer loop
      vertex 152.371 206.99 31.7517
      vertex 143.711 206.99 36.7517
      vertex 152.371 206.99 36.7517
    endloop
  endfacet
  facet normal 0 1 0
    outer loop
      vertex 152.371 206.99 31.7517
      vertex 143.711 206.99 31.7517
      vertex 143.711 206.99 36.7517
    endloop
  endfacet
  facet normal -0 1 0
    outer loop
      vertex 143.711 206.99 31.7517
      vertex 152.371 206.99 31.7517
      vertex 148.041 206.99 29.2517
    endloop
  endfacet
  facet normal 0 1 0
    outer loop
      vertex 163.631 206.99 36.7517
      vertex 154.971 206.99 36.7517
      vertex 159.301 206.99 39.2517
    endloop
  endfacet
  facet normal 0 1 -0
    outer loop
      vertex 163.631 206.99 31.7517
      vertex 154.971 206.99 36.7517
      vertex 163.631 206.99 36.7517
    endloop
  endfacet
  facet normal 0 1 0
    outer loop
      vertex 163.631 206.99 31.7517
      vertex 154.971 206.99 31.7517
      vertex 154.971 206.99 36.7517
    endloop
  endfacet
  facet normal -0 1 0
    outer loop
      vertex 154.971 206.99 31.7517
      vertex 163.631 206.99 31.7517
      vertex 159.301 206.99 29.2517
    endloop
  endfacet
  facet normal 0 1 0
    outer loop
      vertex 174.892 206.99 36.7517
      vertex 166.231 206.99 36.7517
      vertex 170.562 206.99 39.2517
    endloop
  endfacet
  facet normal 0 1 -0
    outer loop
      vertex 174.892 206.99 31.7517
      vertex 166.231 206.99 36.7517
      vertex 174.892 206.99 36.7517
    endloop
  endfacet
  facet normal 0 1 0
    outer loop
      vertex 174.892 206.99 31.7517
      vertex 166.231 206.99 31.7517
      vertex 166.231 206.99 36.7517
    endloop
  endfacet
  facet normal -0 1 0
    outer loop
      vertex 166.231 206.99 31.7517
      vertex 174.892 206.99 31.7517
      vertex 170.562 206.99 29.2517
    endloop
  endfacet
  facet normal 0 1 0
    outer loop
      vertex 186.152 206.99 36.7517
      vertex 177.492 206.99 36.7517
      vertex 181.822 206.99 39.2517
    endloop
  endfacet
  facet normal 0 1 -0
    outer loop
      vertex 186.152 206.99 31.7517
      vertex 177.492 206.99 36.7517
      vertex 186.152 206.99 36.7517
    endloop
  endfacet
  facet normal 0 1 0
    outer loop
      vertex 186.152 206.99 31.7517
      vertex 177.492 206.99 31.7517
      vertex 177.492 206.99 36.7517
    endloop
  endfacet
  facet normal -0 1 0
    outer loop
      vertex 177.492 206.99 31.7517
      vertex 186.152 206.99 31.7517
      vertex 181.822 206.99 29.2517
    endloop
  endfacet
  facet normal 0 1 0
    outer loop
      vertex 112.96 206.99 27
      vertex 104.3 206.99 27
      vertex 108.63 206.99 29.5
    endloop
  endfacet
  facet normal 0 1 -0
    outer loop
      vertex 112.96 206.99 22
      vertex 104.3 206.99 27
      vertex 112.96 206.99 27
    endloop
  endfacet
  facet normal 0 1 0
    outer loop
      vertex 112.96 206.99 22
      vertex 104.3 206.99 22
      vertex 104.3 206.99 27
    endloop
  endfacet
  facet normal -0 1 0
    outer loop
      vertex 104.3 206.99 22
      vertex 112.96 206.99 22
      vertex 108.63 206.99 19.5
    endloop
  endfacet
  facet normal 0 1 0
    outer loop
      vertex 180.522 206.99 27
      vertex 171.862 206.99 27
      vertex 176.192 206.99 29.5
    endloop
  endfacet
  facet normal 0 1 -0
    outer loop
      vertex 180.522 206.99 22
      vertex 171.862 206.99 27
      vertex 180.522 206.99 27
    endloop
  endfacet
  facet normal 0 1 0
    outer loop
      vertex 180.522 206.99 22
      vertex 171.862 206.99 22
      vertex 171.862 206.99 27
    endloop
  endfacet
  facet normal -0 1 0
    outer loop
      vertex 171.862 206.99 22
      vertex 180.522 206.99 22
      vertex 176.192 206.99 19.5
    endloop
  endfacet
  facet normal 0 1 0
    outer loop
      vertex 158.001 206.99 27
      vertex 149.341 206.99 27
      vertex 153.671 206.99 29.5
    endloop
  endfacet
  facet normal 0 1 -0
    outer loop
      vertex 158.001 206.99 22
      vertex 149.341 206.99 27
      vertex 158.001 206.99 27
    endloop
  endfacet
  facet normal 0 1 0
    outer loop
      vertex 158.001 206.99 22
      vertex 149.341 206.99 22
      vertex 149.341 206.99 27
    endloop
  endfacet
  facet normal -0 1 0
    outer loop
      vertex 149.341 206.99 22
      vertex 158.001 206.99 22
      vertex 153.671 206.99 19.5
    endloop
  endfacet
  facet normal 0 1 0
    outer loop
      vertex 169.262 206.99 27
      vertex 160.601 206.99 27
      vertex 164.931 206.99 29.5
    endloop
  endfacet
  facet normal 0 1 -0
    outer loop
      vertex 169.262 206.99 22
      vertex 160.601 206.99 27
      vertex 169.262 206.99 27
    endloop
  endfacet
  facet normal 0 1 0
    outer loop
      vertex 169.262 206.99 22
      vertex 160.601 206.99 22
      vertex 160.601 206.99 27
    endloop
  endfacet
  facet normal -0 1 0
    outer loop
      vertex 160.601 206.99 22
      vertex 169.262 206.99 22
      vertex 164.931 206.99 19.5
    endloop
  endfacet
  facet normal 0 1 0
    outer loop
      vertex 146.741 206.99 27
      vertex 138.081 206.99 27
      vertex 142.411 206.99 29.5
    endloop
  endfacet
  facet normal 0 1 -0
    outer loop
      vertex 146.741 206.99 22
      vertex 138.081 206.99 27
      vertex 146.741 206.99 27
    endloop
  endfacet
  facet normal 0 1 0
    outer loop
      vertex 146.741 206.99 22
      vertex 138.081 206.99 22
      vertex 138.081 206.99 27
    endloop
  endfacet
  facet normal -0 1 0
    outer loop
      vertex 138.081 206.99 22
      vertex 146.741 206.99 22
      vertex 142.411 206.99 19.5
    endloop
  endfacet
  facet normal 0 1 0
    outer loop
      vertex 135.481 206.99 27
      vertex 126.821 206.99 27
      vertex 131.151 206.99 29.5
    endloop
  endfacet
  facet normal 0 1 -0
    outer loop
      vertex 135.481 206.99 22
      vertex 126.821 206.99 27
      vertex 135.481 206.99 27
    endloop
  endfacet
  facet normal 0 1 0
    outer loop
      vertex 135.481 206.99 22
      vertex 126.821 206.99 22
      vertex 126.821 206.99 27
    endloop
  endfacet
  facet normal -0 1 0
    outer loop
      vertex 126.821 206.99 22
      vertex 135.481 206.99 22
      vertex 131.151 206.99 19.5
    endloop
  endfacet
  facet normal 0 1 0
    outer loop
      vertex 124.221 206.99 27
      vertex 115.56 206.99 27
      vertex 119.89 206.99 29.5
    endloop
  endfacet
  facet normal 0 1 -0
    outer loop
      vertex 124.221 206.99 22
      vertex 115.56 206.99 27
      vertex 124.221 206.99 27
    endloop
  endfacet
  facet normal 0 1 0
    outer loop
      vertex 124.221 206.99 22
      vertex 115.56 206.99 22
      vertex 115.56 206.99 27
    endloop
  endfacet
  facet normal -0 1 0
    outer loop
      vertex 115.56 206.99 22
      vertex 124.221 206.99 22
      vertex 119.89 206.99 19.5
    endloop
  endfacet
  facet normal 0 1 0
    outer loop
      vertex 101.7 206.99 27
      vertex 93.0397 206.99 27
      vertex 97.3699 206.99 29.5
    endloop
  endfacet
  facet normal 0 1 -0
    outer loop
      vertex 101.7 206.99 22
      vertex 93.0397 206.99 27
      vertex 101.7 206.99 27
    endloop
  endfacet
  facet normal 0 1 0
    outer loop
      vertex 101.7 206.99 22
      vertex 93.0397 206.99 22
      vertex 93.0397 206.99 27
    endloop
  endfacet
  facet normal -0 1 0
    outer loop
      vertex 93.0397 206.99 22
      vertex 101.7 206.99 22
      vertex 97.3699 206.99 19.5
    endloop
  endfacet
  facet normal 0 1 0
    outer loop
      vertex 34.1385 206.99 27
      vertex 25.4782 206.99 27
      vertex 29.8083 206.99 29.5
    endloop
  endfacet
  facet normal 0 1 -0
    outer loop
      vertex 34.1385 206.99 22
      vertex 25.4782 206.99 27
      vertex 34.1385 206.99 27
    endloop
  endfacet
  facet normal 0 1 0
    outer loop
      vertex 34.1385 206.99 22
      vertex 25.4782 206.99 22
      vertex 25.4782 206.99 27
    endloop
  endfacet
  facet normal -0 1 0
    outer loop
      vertex 25.4782 206.99 22
      vertex 34.1385 206.99 22
      vertex 29.8083 206.99 19.5
    endloop
  endfacet
  facet normal 0 1 0
    outer loop
      vertex 56.659 206.99 27
      vertex 47.9987 206.99 27
      vertex 52.3288 206.99 29.5
    endloop
  endfacet
  facet normal 0 1 -0
    outer loop
      vertex 56.659 206.99 22
      vertex 47.9987 206.99 27
      vertex 56.659 206.99 27
    endloop
  endfacet
  facet normal 0 1 0
    outer loop
      vertex 56.659 206.99 22
      vertex 47.9987 206.99 22
      vertex 47.9987 206.99 27
    endloop
  endfacet
  facet normal -0 1 0
    outer loop
      vertex 47.9987 206.99 22
      vertex 56.659 206.99 22
      vertex 52.3288 206.99 19.5
    endloop
  endfacet
  facet normal 0 1 0
    outer loop
      vertex 45.3987 206.99 27
      vertex 36.7385 206.99 27
      vertex 41.0686 206.99 29.5
    endloop
  endfacet
  facet normal 0 1 -0
    outer loop
      vertex 45.3987 206.99 22
      vertex 36.7385 206.99 27
      vertex 45.3987 206.99 27
    endloop
  endfacet
  facet normal 0 1 0
    outer loop
      vertex 45.3987 206.99 22
      vertex 36.7385 206.99 22
      vertex 36.7385 206.99 27
    endloop
  endfacet
  facet normal -0 1 0
    outer loop
      vertex 36.7385 206.99 22
      vertex 45.3987 206.99 22
      vertex 41.0686 206.99 19.5
    endloop
  endfacet
  facet normal 0 1 0
    outer loop
      vertex 67.9192 206.99 27
      vertex 59.259 206.99 27
      vertex 63.5891 206.99 29.5
    endloop
  endfacet
  facet normal 0 1 -0
    outer loop
      vertex 67.9192 206.99 22
      vertex 59.259 206.99 27
      vertex 67.9192 206.99 27
    endloop
  endfacet
  facet normal 0 1 0
    outer loop
      vertex 67.9192 206.99 22
      vertex 59.259 206.99 22
      vertex 59.259 206.99 27
    endloop
  endfacet
  facet normal -0 1 0
    outer loop
      vertex 59.259 206.99 22
      vertex 67.9192 206.99 22
      vertex 63.5891 206.99 19.5
    endloop
  endfacet
  facet normal 0 1 0
    outer loop
      vertex 90.4397 206.99 27
      vertex 81.7795 206.99 27
      vertex 86.1096 206.99 29.5
    endloop
  endfacet
  facet normal 0 1 -0
    outer loop
      vertex 90.4397 206.99 22
      vertex 81.7795 206.99 27
      vertex 90.4397 206.99 27
    endloop
  endfacet
  facet normal 0 1 0
    outer loop
      vertex 90.4397 206.99 22
      vertex 81.7795 206.99 22
      vertex 81.7795 206.99 27
    endloop
  endfacet
  facet normal -0 1 0
    outer loop
      vertex 81.7795 206.99 22
      vertex 90.4397 206.99 22
      vertex 86.1096 206.99 19.5
    endloop
  endfacet
  facet normal 0 1 0
    outer loop
      vertex 79.1795 206.99 27
      vertex 70.5192 206.99 27
      vertex 74.8493 206.99 29.5
    endloop
  endfacet
  facet normal 0 1 -0
    outer loop
      vertex 79.1795 206.99 22
      vertex 70.5192 206.99 27
      vertex 79.1795 206.99 27
    endloop
  endfacet
  facet normal 0 1 0
    outer loop
      vertex 79.1795 206.99 22
      vertex 70.5192 206.99 22
      vertex 70.5192 206.99 27
    endloop
  endfacet
  facet normal -0 1 0
    outer loop
      vertex 70.5192 206.99 22
      vertex 79.1795 206.99 22
      vertex 74.8493 206.99 19.5
    endloop
  endfacet
  facet normal 0 1 0
    outer loop
      vertex 28.5083 206.99 17.2483
      vertex 19.8481 206.99 17.2483
      vertex 24.1782 206.99 19.7483
    endloop
  endfacet
  facet normal 0 1 -0
    outer loop
      vertex 28.5083 206.99 12.2483
      vertex 19.8481 206.99 17.2483
      vertex 28.5083 206.99 17.2483
    endloop
  endfacet
  facet normal 0 1 0
    outer loop
      vertex 28.5083 206.99 12.2483
      vertex 19.8481 206.99 12.2483
      vertex 19.8481 206.99 17.2483
    endloop
  endfacet
  facet normal -0 1 0
    outer loop
      vertex 19.8481 206.99 12.2483
      vertex 28.5083 206.99 12.2483
      vertex 24.1782 206.99 9.74832
    endloop
  endfacet
  facet normal 0 1 0
    outer loop
      vertex 39.7686 206.99 17.2483
      vertex 31.1083 206.99 17.2483
      vertex 35.4385 206.99 19.7483
    endloop
  endfacet
  facet normal 0 1 -0
    outer loop
      vertex 39.7686 206.99 12.2483
      vertex 31.1083 206.99 17.2483
      vertex 39.7686 206.99 17.2483
    endloop
  endfacet
  facet normal 0 1 0
    outer loop
      vertex 39.7686 206.99 12.2483
      vertex 31.1083 206.99 12.2483
      vertex 31.1083 206.99 17.2483
    endloop
  endfacet
  facet normal -0 1 0
    outer loop
      vertex 31.1083 206.99 12.2483
      vertex 39.7686 206.99 12.2483
      vertex 35.4385 206.99 9.74832
    endloop
  endfacet
  facet normal 0 1 0
    outer loop
      vertex 17.2481 206.99 17.2483
      vertex 8.58783 206.99 17.2483
      vertex 12.918 206.99 19.7483
    endloop
  endfacet
  facet normal 0 1 -0
    outer loop
      vertex 17.2481 206.99 12.2483
      vertex 8.58783 206.99 17.2483
      vertex 17.2481 206.99 17.2483
    endloop
  endfacet
  facet normal 0 1 0
    outer loop
      vertex 17.2481 206.99 12.2483
      vertex 8.58783 206.99 12.2483
      vertex 8.58783 206.99 17.2483
    endloop
  endfacet
  facet normal -0 1 0
    outer loop
      vertex 8.58783 206.99 12.2483
      vertex 17.2481 206.99 12.2483
      vertex 12.918 206.99 9.74832
    endloop
  endfacet
  facet normal 0 1 0
    outer loop
      vertex 51.0288 206.99 17.2483
      vertex 42.3686 206.99 17.2483
      vertex 46.6987 206.99 19.7483
    endloop
  endfacet
  facet normal 0 1 -0
    outer loop
      vertex 51.0288 206.99 12.2483
      vertex 42.3686 206.99 17.2483
      vertex 51.0288 206.99 17.2483
    endloop
  endfacet
  facet normal 0 1 0
    outer loop
      vertex 51.0288 206.99 12.2483
      vertex 42.3686 206.99 12.2483
      vertex 42.3686 206.99 17.2483
    endloop
  endfacet
  facet normal -0 1 0
    outer loop
      vertex 42.3686 206.99 12.2483
      vertex 51.0288 206.99 12.2483
      vertex 46.6987 206.99 9.74832
    endloop
  endfacet
  facet normal 0 1 0
    outer loop
      vertex 62.2891 206.99 17.2483
      vertex 53.6288 206.99 17.2483
      vertex 57.959 206.99 19.7483
    endloop
  endfacet
  facet normal 0 1 -0
    outer loop
      vertex 62.2891 206.99 12.2483
      vertex 53.6288 206.99 17.2483
      vertex 62.2891 206.99 17.2483
    endloop
  endfacet
  facet normal 0 1 0
    outer loop
      vertex 62.2891 206.99 12.2483
      vertex 53.6288 206.99 12.2483
      vertex 53.6288 206.99 17.2483
    endloop
  endfacet
  facet normal -0 1 0
    outer loop
      vertex 53.6288 206.99 12.2483
      vertex 62.2891 206.99 12.2483
      vertex 57.959 206.99 9.74832
    endloop
  endfacet
  facet normal 0 1 0
    outer loop
      vertex 73.5493 206.99 17.2483
      vertex 64.8891 206.99 17.2483
      vertex 69.2192 206.99 19.7483
    endloop
  endfacet
  facet normal 0 1 -0
    outer loop
      vertex 73.5493 206.99 12.2483
      vertex 64.8891 206.99 17.2483
      vertex 73.5493 206.99 17.2483
    endloop
  endfacet
  facet normal 0 1 0
    outer loop
      vertex 73.5493 206.99 12.2483
      vertex 64.8891 206.99 12.2483
      vertex 64.8891 206.99 17.2483
    endloop
  endfacet
  facet normal -0 1 0
    outer loop
      vertex 64.8891 206.99 12.2483
      vertex 73.5493 206.99 12.2483
      vertex 69.2192 206.99 9.74832
    endloop
  endfacet
  facet normal 0 1 0
    outer loop
      vertex 96.0699 206.99 17.2483
      vertex 87.4096 206.99 17.2483
      vertex 91.7397 206.99 19.7483
    endloop
  endfacet
  facet normal 0 1 -0
    outer loop
      vertex 96.0699 206.99 12.2483
      vertex 87.4096 206.99 17.2483
      vertex 96.0699 206.99 17.2483
    endloop
  endfacet
  facet normal 0 1 0
    outer loop
      vertex 96.0699 206.99 12.2483
      vertex 87.4096 206.99 12.2483
      vertex 87.4096 206.99 17.2483
    endloop
  endfacet
  facet normal -0 1 0
    outer loop
      vertex 87.4096 206.99 12.2483
      vertex 96.0699 206.99 12.2483
      vertex 91.7397 206.99 9.74832
    endloop
  endfacet
  facet normal 0 1 0
    outer loop
      vertex 84.8096 206.99 17.2483
      vertex 76.1494 206.99 17.2483
      vertex 80.4795 206.99 19.7483
    endloop
  endfacet
  facet normal 0 1 -0
    outer loop
      vertex 84.8096 206.99 12.2483
      vertex 76.1494 206.99 17.2483
      vertex 84.8096 206.99 17.2483
    endloop
  endfacet
  facet normal 0 1 0
    outer loop
      vertex 84.8096 206.99 12.2483
      vertex 76.1494 206.99 12.2483
      vertex 76.1494 206.99 17.2483
    endloop
  endfacet
  facet normal -0 1 0
    outer loop
      vertex 76.1494 206.99 12.2483
      vertex 84.8096 206.99 12.2483
      vertex 80.4795 206.99 9.74832
    endloop
  endfacet
  facet normal 0 1 0
    outer loop
      vertex 107.33 206.99 17.2483
      vertex 98.6699 206.99 17.2483
      vertex 103 206.99 19.7483
    endloop
  endfacet
  facet normal 0 1 -0
    outer loop
      vertex 107.33 206.99 12.2483
      vertex 98.6699 206.99 17.2483
      vertex 107.33 206.99 17.2483
    endloop
  endfacet
  facet normal 0 1 0
    outer loop
      vertex 107.33 206.99 12.2483
      vertex 98.6699 206.99 12.2483
      vertex 98.6699 206.99 17.2483
    endloop
  endfacet
  facet normal -0 1 0
    outer loop
      vertex 98.6699 206.99 12.2483
      vertex 107.33 206.99 12.2483
      vertex 103 206.99 9.74832
    endloop
  endfacet
  facet normal 0 1 0
    outer loop
      vertex 129.851 206.99 17.2483
      vertex 121.19 206.99 17.2483
      vertex 125.521 206.99 19.7483
    endloop
  endfacet
  facet normal 0 1 -0
    outer loop
      vertex 129.851 206.99 12.2483
      vertex 121.19 206.99 17.2483
      vertex 129.851 206.99 17.2483
    endloop
  endfacet
  facet normal 0 1 0
    outer loop
      vertex 129.851 206.99 12.2483
      vertex 121.19 206.99 12.2483
      vertex 121.19 206.99 17.2483
    endloop
  endfacet
  facet normal -0 1 0
    outer loop
      vertex 121.19 206.99 12.2483
      vertex 129.851 206.99 12.2483
      vertex 125.521 206.99 9.74832
    endloop
  endfacet
  facet normal 0 1 0
    outer loop
      vertex 118.59 206.99 17.2483
      vertex 109.93 206.99 17.2483
      vertex 114.26 206.99 19.7483
    endloop
  endfacet
  facet normal 0 1 -0
    outer loop
      vertex 118.59 206.99 12.2483
      vertex 109.93 206.99 17.2483
      vertex 118.59 206.99 17.2483
    endloop
  endfacet
  facet normal 0 1 0
    outer loop
      vertex 118.59 206.99 12.2483
      vertex 109.93 206.99 12.2483
      vertex 109.93 206.99 17.2483
    endloop
  endfacet
  facet normal -0 1 0
    outer loop
      vertex 109.93 206.99 12.2483
      vertex 118.59 206.99 12.2483
      vertex 114.26 206.99 9.74832
    endloop
  endfacet
  facet normal 0 1 0
    outer loop
      vertex 141.111 206.99 17.2483
      vertex 132.451 206.99 17.2483
      vertex 136.781 206.99 19.7483
    endloop
  endfacet
  facet normal 0 1 -0
    outer loop
      vertex 141.111 206.99 12.2483
      vertex 132.451 206.99 17.2483
      vertex 141.111 206.99 17.2483
    endloop
  endfacet
  facet normal 0 1 0
    outer loop
      vertex 141.111 206.99 12.2483
      vertex 132.451 206.99 12.2483
      vertex 132.451 206.99 17.2483
    endloop
  endfacet
  facet normal -0 1 0
    outer loop
      vertex 132.451 206.99 12.2483
      vertex 141.111 206.99 12.2483
      vertex 136.781 206.99 9.74832
    endloop
  endfacet
  facet normal 0 1 0
    outer loop
      vertex 163.631 206.99 17.2483
      vertex 154.971 206.99 17.2483
      vertex 159.301 206.99 19.7483
    endloop
  endfacet
  facet normal 0 1 -0
    outer loop
      vertex 163.631 206.99 12.2483
      vertex 154.971 206.99 17.2483
      vertex 163.631 206.99 17.2483
    endloop
  endfacet
  facet normal 0 1 0
    outer loop
      vertex 163.631 206.99 12.2483
      vertex 154.971 206.99 12.2483
      vertex 154.971 206.99 17.2483
    endloop
  endfacet
  facet normal -0 1 0
    outer loop
      vertex 154.971 206.99 12.2483
      vertex 163.631 206.99 12.2483
      vertex 159.301 206.99 9.74832
    endloop
  endfacet
  facet normal 0 1 0
    outer loop
      vertex 152.371 206.99 17.2483
      vertex 143.711 206.99 17.2483
      vertex 148.041 206.99 19.7483
    endloop
  endfacet
  facet normal 0 1 -0
    outer loop
      vertex 152.371 206.99 12.2483
      vertex 143.711 206.99 17.2483
      vertex 152.371 206.99 17.2483
    endloop
  endfacet
  facet normal 0 1 0
    outer loop
      vertex 152.371 206.99 12.2483
      vertex 143.711 206.99 12.2483
      vertex 143.711 206.99 17.2483
    endloop
  endfacet
  facet normal -0 1 0
    outer loop
      vertex 143.711 206.99 12.2483
      vertex 152.371 206.99 12.2483
      vertex 148.041 206.99 9.74832
    endloop
  endfacet
  facet normal 0 1 0
    outer loop
      vertex 174.892 206.99 17.2483
      vertex 166.231 206.99 17.2483
      vertex 170.562 206.99 19.7483
    endloop
  endfacet
  facet normal 0 1 -0
    outer loop
      vertex 174.892 206.99 12.2483
      vertex 166.231 206.99 17.2483
      vertex 174.892 206.99 17.2483
    endloop
  endfacet
  facet normal 0 1 0
    outer loop
      vertex 174.892 206.99 12.2483
      vertex 166.231 206.99 12.2483
      vertex 166.231 206.99 17.2483
    endloop
  endfacet
  facet normal -0 1 0
    outer loop
      vertex 166.231 206.99 12.2483
      vertex 174.892 206.99 12.2483
      vertex 170.562 206.99 9.74832
    endloop
  endfacet
  facet normal 0 1 0
    outer loop
      vertex 186.152 206.99 17.2483
      vertex 177.492 206.99 17.2483
      vertex 181.822 206.99 19.7483
    endloop
  endfacet
  facet normal 0 1 -0
    outer loop
      vertex 186.152 206.99 12.2483
      vertex 177.492 206.99 17.2483
      vertex 186.152 206.99 17.2483
    endloop
  endfacet
  facet normal 0 1 0
    outer loop
      vertex 186.152 206.99 12.2483
      vertex 177.492 206.99 12.2483
      vertex 177.492 206.99 17.2483
    endloop
  endfacet
  facet normal -0 1 0
    outer loop
      vertex 177.492 206.99 12.2483
      vertex 186.152 206.99 12.2483
      vertex 181.822 206.99 9.74832
    endloop
  endfacet
  facet normal 0 1 0
    outer loop
      vertex 197.412 206.99 17.2483
      vertex 188.752 206.99 17.2483
      vertex 193.082 206.99 19.7483
    endloop
  endfacet
  facet normal 0 1 -0
    outer loop
      vertex 197.412 206.99 12.2483
      vertex 188.752 206.99 17.2483
      vertex 197.412 206.99 17.2483
    endloop
  endfacet
  facet normal 0 1 0
    outer loop
      vertex 197.412 206.99 12.2483
      vertex 188.752 206.99 12.2483
      vertex 188.752 206.99 17.2483
    endloop
  endfacet
  facet normal -0 1 0
    outer loop
      vertex 188.752 206.99 12.2483
      vertex 197.412 206.99 12.2483
      vertex 193.082 206.99 9.74832
    endloop
  endfacet
  facet normal -1 0 0
    outer loop
      vertex 197.412 206.99 31.7517
      vertex 197.412 208 36.7517
      vertex 197.412 208 31.7517
    endloop
  endfacet
  facet normal -1 -0 0
    outer loop
      vertex 197.412 208 36.7517
      vertex 197.412 206.99 31.7517
      vertex 197.412 206.99 36.7517
    endloop
  endfacet
  facet normal -0.500011 0 -0.866019
    outer loop
      vertex 193.082 206.99 39.2517
      vertex 197.412 208 36.7517
      vertex 197.412 206.99 36.7517
    endloop
  endfacet
  facet normal -0.500011 0 -0.866019
    outer loop
      vertex 197.412 208 36.7517
      vertex 193.082 206.99 39.2517
      vertex 193.082 208 39.2517
    endloop
  endfacet
  facet normal 0.500011 0 -0.866019
    outer loop
      vertex 188.752 206.99 36.7517
      vertex 193.082 208 39.2517
      vertex 193.082 206.99 39.2517
    endloop
  endfacet
  facet normal 0.500011 0 -0.866019
    outer loop
      vertex 193.082 208 39.2517
      vertex 188.752 206.99 36.7517
      vertex 188.752 208 36.7517
    endloop
  endfacet
  facet normal 1 -0 0
    outer loop
      vertex 188.752 206.99 36.7517
      vertex 188.752 208 31.7517
      vertex 188.752 208 36.7517
    endloop
  endfacet
  facet normal 1 0 0
    outer loop
      vertex 188.752 208 31.7517
      vertex 188.752 206.99 36.7517
      vertex 188.752 206.99 31.7517
    endloop
  endfacet
  facet normal 0.500011 0 0.866019
    outer loop
      vertex 188.752 208 31.7517
      vertex 193.082 206.99 29.2517
      vertex 193.082 208 29.2517
    endloop
  endfacet
  facet normal 0.500011 0 0.866019
    outer loop
      vertex 193.082 206.99 29.2517
      vertex 188.752 208 31.7517
      vertex 188.752 206.99 31.7517
    endloop
  endfacet
  facet normal -0.500011 0 0.866019
    outer loop
      vertex 193.082 208 29.2517
      vertex 197.412 206.99 31.7517
      vertex 197.412 208 31.7517
    endloop
  endfacet
  facet normal -0.500011 0 0.866019
    outer loop
      vertex 197.412 206.99 31.7517
      vertex 193.082 208 29.2517
      vertex 193.082 206.99 29.2517
    endloop
  endfacet
  facet normal -1 0 0
    outer loop
      vertex 17.2481 206.99 31.7517
      vertex 17.2481 208 36.7517
      vertex 17.2481 208 31.7517
    endloop
  endfacet
  facet normal -1 -0 0
    outer loop
      vertex 17.2481 208 36.7517
      vertex 17.2481 206.99 31.7517
      vertex 17.2481 206.99 36.7517
    endloop
  endfacet
  facet normal -0.500002 0 -0.866024
    outer loop
      vertex 12.918 206.99 39.2517
      vertex 17.2481 208 36.7517
      vertex 17.2481 206.99 36.7517
    endloop
  endfacet
  facet normal -0.500002 0 -0.866024
    outer loop
      vertex 17.2481 208 36.7517
      vertex 12.918 206.99 39.2517
      vertex 12.918 208 39.2517
    endloop
  endfacet
  facet normal 0.499996 0 -0.866028
    outer loop
      vertex 8.58783 206.99 36.7517
      vertex 12.918 208 39.2517
      vertex 12.918 206.99 39.2517
    endloop
  endfacet
  facet normal 0.499996 0 -0.866028
    outer loop
      vertex 12.918 208 39.2517
      vertex 8.58783 206.99 36.7517
      vertex 8.58783 208 36.7517
    endloop
  endfacet
  facet normal 1 -0 0
    outer loop
      vertex 8.58783 206.99 36.7517
      vertex 8.58783 208 31.7517
      vertex 8.58783 208 36.7517
    endloop
  endfacet
  facet normal 1 0 0
    outer loop
      vertex 8.58783 208 31.7517
      vertex 8.58783 206.99 36.7517
      vertex 8.58783 206.99 31.7517
    endloop
  endfacet
  facet normal 0.499996 0 0.866028
    outer loop
      vertex 8.58783 208 31.7517
      vertex 12.918 206.99 29.2517
      vertex 12.918 208 29.2517
    endloop
  endfacet
  facet normal 0.499996 0 0.866028
    outer loop
      vertex 12.918 206.99 29.2517
      vertex 8.58783 208 31.7517
      vertex 8.58783 206.99 31.7517
    endloop
  endfacet
  facet normal -0.500002 0 0.866024
    outer loop
      vertex 12.918 208 29.2517
      vertex 17.2481 206.99 31.7517
      vertex 17.2481 208 31.7517
    endloop
  endfacet
  facet normal -0.500002 0 0.866024
    outer loop
      vertex 17.2481 206.99 31.7517
      vertex 12.918 208 29.2517
      vertex 12.918 206.99 29.2517
    endloop
  endfacet
  facet normal -1 0 0
    outer loop
      vertex 28.5083 206.99 31.7517
      vertex 28.5083 208 36.7517
      vertex 28.5083 208 31.7517
    endloop
  endfacet
  facet normal -1 -0 0
    outer loop
      vertex 28.5083 208 36.7517
      vertex 28.5083 206.99 31.7517
      vertex 28.5083 206.99 36.7517
    endloop
  endfacet
  facet normal -0.500002 0 -0.866024
    outer loop
      vertex 24.1782 206.99 39.2517
      vertex 28.5083 208 36.7517
      vertex 28.5083 206.99 36.7517
    endloop
  endfacet
  facet normal -0.500002 0 -0.866024
    outer loop
      vertex 28.5083 208 36.7517
      vertex 24.1782 206.99 39.2517
      vertex 24.1782 208 39.2517
    endloop
  endfacet
  facet normal 0.500002 0 -0.866024
    outer loop
      vertex 19.8481 206.99 36.7517
      vertex 24.1782 208 39.2517
      vertex 24.1782 206.99 39.2517
    endloop
  endfacet
  facet normal 0.500002 0 -0.866024
    outer loop
      vertex 24.1782 208 39.2517
      vertex 19.8481 206.99 36.7517
      vertex 19.8481 208 36.7517
    endloop
  endfacet
  facet normal 1 -0 0
    outer loop
      vertex 19.8481 206.99 36.7517
      vertex 19.8481 208 31.7517
      vertex 19.8481 208 36.7517
    endloop
  endfacet
  facet normal 1 0 0
    outer loop
      vertex 19.8481 208 31.7517
      vertex 19.8481 206.99 36.7517
      vertex 19.8481 206.99 31.7517
    endloop
  endfacet
  facet normal 0.500002 0 0.866024
    outer loop
      vertex 19.8481 208 31.7517
      vertex 24.1782 206.99 29.2517
      vertex 24.1782 208 29.2517
    endloop
  endfacet
  facet normal 0.500002 0 0.866024
    outer loop
      vertex 24.1782 206.99 29.2517
      vertex 19.8481 208 31.7517
      vertex 19.8481 206.99 31.7517
    endloop
  endfacet
  facet normal -0.500002 0 0.866024
    outer loop
      vertex 24.1782 208 29.2517
      vertex 28.5083 206.99 31.7517
      vertex 28.5083 208 31.7517
    endloop
  endfacet
  facet normal -0.500002 0 0.866024
    outer loop
      vertex 28.5083 206.99 31.7517
      vertex 24.1782 208 29.2517
      vertex 24.1782 206.99 29.2517
    endloop
  endfacet
  facet normal -1 0 0
    outer loop
      vertex 39.7686 206.99 31.7517
      vertex 39.7686 208 36.7517
      vertex 39.7686 208 31.7517
    endloop
  endfacet
  facet normal -1 -0 0
    outer loop
      vertex 39.7686 208 36.7517
      vertex 39.7686 206.99 31.7517
      vertex 39.7686 206.99 36.7517
    endloop
  endfacet
  facet normal -0.500002 0 -0.866024
    outer loop
      vertex 35.4385 206.99 39.2517
      vertex 39.7686 208 36.7517
      vertex 39.7686 206.99 36.7517
    endloop
  endfacet
  facet normal -0.500002 0 -0.866024
    outer loop
      vertex 39.7686 208 36.7517
      vertex 35.4385 206.99 39.2517
      vertex 35.4385 208 39.2517
    endloop
  endfacet
  facet normal 0.499994 0 -0.866029
    outer loop
      vertex 31.1083 206.99 36.7517
      vertex 35.4385 208 39.2517
      vertex 35.4385 206.99 39.2517
    endloop
  endfacet
  facet normal 0.499994 0 -0.866029
    outer loop
      vertex 35.4385 208 39.2517
      vertex 31.1083 206.99 36.7517
      vertex 31.1083 208 36.7517
    endloop
  endfacet
  facet normal 1 -0 0
    outer loop
      vertex 31.1083 206.99 36.7517
      vertex 31.1083 208 31.7517
      vertex 31.1083 208 36.7517
    endloop
  endfacet
  facet normal 1 0 0
    outer loop
      vertex 31.1083 208 31.7517
      vertex 31.1083 206.99 36.7517
      vertex 31.1083 206.99 31.7517
    endloop
  endfacet
  facet normal 0.499994 0 0.866029
    outer loop
      vertex 31.1083 208 31.7517
      vertex 35.4385 206.99 29.2517
      vertex 35.4385 208 29.2517
    endloop
  endfacet
  facet normal 0.499994 0 0.866029
    outer loop
      vertex 35.4385 206.99 29.2517
      vertex 31.1083 208 31.7517
      vertex 31.1083 206.99 31.7517
    endloop
  endfacet
  facet normal -0.500002 0 0.866024
    outer loop
      vertex 35.4385 208 29.2517
      vertex 39.7686 206.99 31.7517
      vertex 39.7686 208 31.7517
    endloop
  endfacet
  facet normal -0.500002 0 0.866024
    outer loop
      vertex 39.7686 206.99 31.7517
      vertex 35.4385 208 29.2517
      vertex 35.4385 206.99 29.2517
    endloop
  endfacet
  facet normal -1 0 0
    outer loop
      vertex 51.0288 206.99 31.7517
      vertex 51.0288 208 36.7517
      vertex 51.0288 208 31.7517
    endloop
  endfacet
  facet normal -1 -0 0
    outer loop
      vertex 51.0288 208 36.7517
      vertex 51.0288 206.99 31.7517
      vertex 51.0288 206.99 36.7517
    endloop
  endfacet
  facet normal -0.500002 0 -0.866024
    outer loop
      vertex 46.6987 206.99 39.2517
      vertex 51.0288 208 36.7517
      vertex 51.0288 206.99 36.7517
    endloop
  endfacet
  facet normal -0.500002 0 -0.866024
    outer loop
      vertex 51.0288 208 36.7517
      vertex 46.6987 206.99 39.2517
      vertex 46.6987 208 39.2517
    endloop
  endfacet
  facet normal 0.500002 0 -0.866024
    outer loop
      vertex 42.3686 206.99 36.7517
      vertex 46.6987 208 39.2517
      vertex 46.6987 206.99 39.2517
    endloop
  endfacet
  facet normal 0.500002 0 -0.866024
    outer loop
      vertex 46.6987 208 39.2517
      vertex 42.3686 206.99 36.7517
      vertex 42.3686 208 36.7517
    endloop
  endfacet
  facet normal 1 -0 0
    outer loop
      vertex 42.3686 206.99 36.7517
      vertex 42.3686 208 31.7517
      vertex 42.3686 208 36.7517
    endloop
  endfacet
  facet normal 1 0 0
    outer loop
      vertex 42.3686 208 31.7517
      vertex 42.3686 206.99 36.7517
      vertex 42.3686 206.99 31.7517
    endloop
  endfacet
  facet normal 0.500002 0 0.866024
    outer loop
      vertex 42.3686 208 31.7517
      vertex 46.6987 206.99 29.2517
      vertex 46.6987 208 29.2517
    endloop
  endfacet
  facet normal 0.500002 0 0.866024
    outer loop
      vertex 46.6987 206.99 29.2517
      vertex 42.3686 208 31.7517
      vertex 42.3686 206.99 31.7517
    endloop
  endfacet
  facet normal -0.500002 0 0.866024
    outer loop
      vertex 46.6987 208 29.2517
      vertex 51.0288 206.99 31.7517
      vertex 51.0288 208 31.7517
    endloop
  endfacet
  facet normal -0.500002 0 0.866024
    outer loop
      vertex 51.0288 206.99 31.7517
      vertex 46.6987 208 29.2517
      vertex 46.6987 206.99 29.2517
    endloop
  endfacet
  facet normal -1 0 0
    outer loop
      vertex 62.2891 206.99 31.7517
      vertex 62.2891 208 36.7517
      vertex 62.2891 208 31.7517
    endloop
  endfacet
  facet normal -1 -0 0
    outer loop
      vertex 62.2891 208 36.7517
      vertex 62.2891 206.99 31.7517
      vertex 62.2891 206.99 36.7517
    endloop
  endfacet
  facet normal -0.500002 0 -0.866024
    outer loop
      vertex 57.959 206.99 39.2517
      vertex 62.2891 208 36.7517
      vertex 62.2891 206.99 36.7517
    endloop
  endfacet
  facet normal -0.500002 0 -0.866024
    outer loop
      vertex 62.2891 208 36.7517
      vertex 57.959 206.99 39.2517
      vertex 57.959 208 39.2517
    endloop
  endfacet
  facet normal 0.499994 0 -0.866029
    outer loop
      vertex 53.6288 206.99 36.7517
      vertex 57.959 208 39.2517
      vertex 57.959 206.99 39.2517
    endloop
  endfacet
  facet normal 0.499994 0 -0.866029
    outer loop
      vertex 57.959 208 39.2517
      vertex 53.6288 206.99 36.7517
      vertex 53.6288 208 36.7517
    endloop
  endfacet
  facet normal 1 -0 0
    outer loop
      vertex 53.6288 206.99 36.7517
      vertex 53.6288 208 31.7517
      vertex 53.6288 208 36.7517
    endloop
  endfacet
  facet normal 1 0 0
    outer loop
      vertex 53.6288 208 31.7517
      vertex 53.6288 206.99 36.7517
      vertex 53.6288 206.99 31.7517
    endloop
  endfacet
  facet normal 0.499994 0 0.866029
    outer loop
      vertex 53.6288 208 31.7517
      vertex 57.959 206.99 29.2517
      vertex 57.959 208 29.2517
    endloop
  endfacet
  facet normal 0.499994 0 0.866029
    outer loop
      vertex 57.959 206.99 29.2517
      vertex 53.6288 208 31.7517
      vertex 53.6288 206.99 31.7517
    endloop
  endfacet
  facet normal -0.500002 0 0.866024
    outer loop
      vertex 57.959 208 29.2517
      vertex 62.2891 206.99 31.7517
      vertex 62.2891 208 31.7517
    endloop
  endfacet
  facet normal -0.500002 0 0.866024
    outer loop
      vertex 62.2891 206.99 31.7517
      vertex 57.959 208 29.2517
      vertex 57.959 206.99 29.2517
    endloop
  endfacet
  facet normal -1 0 0
    outer loop
      vertex 73.5493 206.99 31.7517
      vertex 73.5493 208 36.7517
      vertex 73.5493 208 31.7517
    endloop
  endfacet
  facet normal -1 -0 0
    outer loop
      vertex 73.5493 208 36.7517
      vertex 73.5493 206.99 31.7517
      vertex 73.5493 206.99 36.7517
    endloop
  endfacet
  facet normal -0.500002 0 -0.866024
    outer loop
      vertex 69.2192 206.99 39.2517
      vertex 73.5493 208 36.7517
      vertex 73.5493 206.99 36.7517
    endloop
  endfacet
  facet normal -0.500002 0 -0.866024
    outer loop
      vertex 73.5493 208 36.7517
      vertex 69.2192 206.99 39.2517
      vertex 69.2192 208 39.2517
    endloop
  endfacet
  facet normal 0.500002 0 -0.866024
    outer loop
      vertex 64.8891 206.99 36.7517
      vertex 69.2192 208 39.2517
      vertex 69.2192 206.99 39.2517
    endloop
  endfacet
  facet normal 0.500002 0 -0.866024
    outer loop
      vertex 69.2192 208 39.2517
      vertex 64.8891 206.99 36.7517
      vertex 64.8891 208 36.7517
    endloop
  endfacet
  facet normal 1 -0 0
    outer loop
      vertex 64.8891 206.99 36.7517
      vertex 64.8891 208 31.7517
      vertex 64.8891 208 36.7517
    endloop
  endfacet
  facet normal 1 0 0
    outer loop
      vertex 64.8891 208 31.7517
      vertex 64.8891 206.99 36.7517
      vertex 64.8891 206.99 31.7517
    endloop
  endfacet
  facet normal 0.500002 0 0.866024
    outer loop
      vertex 64.8891 208 31.7517
      vertex 69.2192 206.99 29.2517
      vertex 69.2192 208 29.2517
    endloop
  endfacet
  facet normal 0.500002 0 0.866024
    outer loop
      vertex 69.2192 206.99 29.2517
      vertex 64.8891 208 31.7517
      vertex 64.8891 206.99 31.7517
    endloop
  endfacet
  facet normal -0.500002 0 0.866024
    outer loop
      vertex 69.2192 208 29.2517
      vertex 73.5493 206.99 31.7517
      vertex 73.5493 208 31.7517
    endloop
  endfacet
  facet normal -0.500002 0 0.866024
    outer loop
      vertex 73.5493 206.99 31.7517
      vertex 69.2192 208 29.2517
      vertex 69.2192 206.99 29.2517
    endloop
  endfacet
  facet normal -1 0 0
    outer loop
      vertex 84.8096 206.99 31.7517
      vertex 84.8096 208 36.7517
      vertex 84.8096 208 31.7517
    endloop
  endfacet
  facet normal -1 -0 0
    outer loop
      vertex 84.8096 208 36.7517
      vertex 84.8096 206.99 31.7517
      vertex 84.8096 206.99 36.7517
    endloop
  endfacet
  facet normal -0.500002 0 -0.866024
    outer loop
      vertex 80.4795 206.99 39.2517
      vertex 84.8096 208 36.7517
      vertex 84.8096 206.99 36.7517
    endloop
  endfacet
  facet normal -0.500002 0 -0.866024
    outer loop
      vertex 84.8096 208 36.7517
      vertex 80.4795 206.99 39.2517
      vertex 80.4795 208 39.2517
    endloop
  endfacet
  facet normal 0.500002 0 -0.866024
    outer loop
      vertex 76.1494 206.99 36.7517
      vertex 80.4795 208 39.2517
      vertex 80.4795 206.99 39.2517
    endloop
  endfacet
  facet normal 0.500002 0 -0.866024
    outer loop
      vertex 80.4795 208 39.2517
      vertex 76.1494 206.99 36.7517
      vertex 76.1494 208 36.7517
    endloop
  endfacet
  facet normal 1 -0 0
    outer loop
      vertex 76.1494 206.99 36.7517
      vertex 76.1494 208 31.7517
      vertex 76.1494 208 36.7517
    endloop
  endfacet
  facet normal 1 0 0
    outer loop
      vertex 76.1494 208 31.7517
      vertex 76.1494 206.99 36.7517
      vertex 76.1494 206.99 31.7517
    endloop
  endfacet
  facet normal 0.500002 0 0.866024
    outer loop
      vertex 76.1494 208 31.7517
      vertex 80.4795 206.99 29.2517
      vertex 80.4795 208 29.2517
    endloop
  endfacet
  facet normal 0.500002 0 0.866024
    outer loop
      vertex 80.4795 206.99 29.2517
      vertex 76.1494 208 31.7517
      vertex 76.1494 206.99 31.7517
    endloop
  endfacet
  facet normal -0.500002 0 0.866024
    outer loop
      vertex 80.4795 208 29.2517
      vertex 84.8096 206.99 31.7517
      vertex 84.8096 208 31.7517
    endloop
  endfacet
  facet normal -0.500002 0 0.866024
    outer loop
      vertex 84.8096 206.99 31.7517
      vertex 80.4795 208 29.2517
      vertex 80.4795 206.99 29.2517
    endloop
  endfacet
  facet normal -1 0 0
    outer loop
      vertex 96.0699 206.99 31.7517
      vertex 96.0699 208 36.7517
      vertex 96.0699 208 31.7517
    endloop
  endfacet
  facet normal -1 -0 0
    outer loop
      vertex 96.0699 208 36.7517
      vertex 96.0699 206.99 31.7517
      vertex 96.0699 206.99 36.7517
    endloop
  endfacet
  facet normal -0.499994 0 -0.866029
    outer loop
      vertex 91.7397 206.99 39.2517
      vertex 96.0699 208 36.7517
      vertex 96.0699 206.99 36.7517
    endloop
  endfacet
  facet normal -0.499994 0 -0.866029
    outer loop
      vertex 96.0699 208 36.7517
      vertex 91.7397 206.99 39.2517
      vertex 91.7397 208 39.2517
    endloop
  endfacet
  facet normal 0.500002 0 -0.866024
    outer loop
      vertex 87.4096 206.99 36.7517
      vertex 91.7397 208 39.2517
      vertex 91.7397 206.99 39.2517
    endloop
  endfacet
  facet normal 0.500002 0 -0.866024
    outer loop
      vertex 91.7397 208 39.2517
      vertex 87.4096 206.99 36.7517
      vertex 87.4096 208 36.7517
    endloop
  endfacet
  facet normal 1 -0 0
    outer loop
      vertex 87.4096 206.99 36.7517
      vertex 87.4096 208 31.7517
      vertex 87.4096 208 36.7517
    endloop
  endfacet
  facet normal 1 0 0
    outer loop
      vertex 87.4096 208 31.7517
      vertex 87.4096 206.99 36.7517
      vertex 87.4096 206.99 31.7517
    endloop
  endfacet
  facet normal 0.500002 0 0.866024
    outer loop
      vertex 87.4096 208 31.7517
      vertex 91.7397 206.99 29.2517
      vertex 91.7397 208 29.2517
    endloop
  endfacet
  facet normal 0.500002 0 0.866024
    outer loop
      vertex 91.7397 206.99 29.2517
      vertex 87.4096 208 31.7517
      vertex 87.4096 206.99 31.7517
    endloop
  endfacet
  facet normal -0.499994 0 0.866029
    outer loop
      vertex 91.7397 208 29.2517
      vertex 96.0699 206.99 31.7517
      vertex 96.0699 208 31.7517
    endloop
  endfacet
  facet normal -0.499994 0 0.866029
    outer loop
      vertex 96.0699 206.99 31.7517
      vertex 91.7397 208 29.2517
      vertex 91.7397 206.99 29.2517
    endloop
  endfacet
  facet normal -1 0 0
    outer loop
      vertex 107.33 206.99 31.7517
      vertex 107.33 208 36.7517
      vertex 107.33 208 31.7517
    endloop
  endfacet
  facet normal -1 -0 0
    outer loop
      vertex 107.33 208 36.7517
      vertex 107.33 206.99 31.7517
      vertex 107.33 206.99 36.7517
    endloop
  endfacet
  facet normal -0.500011 0 -0.866019
    outer loop
      vertex 103 206.99 39.2517
      vertex 107.33 208 36.7517
      vertex 107.33 206.99 36.7517
    endloop
  endfacet
  facet normal -0.500011 0 -0.866019
    outer loop
      vertex 107.33 208 36.7517
      vertex 103 206.99 39.2517
      vertex 103 208 39.2517
    endloop
  endfacet
  facet normal 0.500002 0 -0.866024
    outer loop
      vertex 98.6699 206.99 36.7517
      vertex 103 208 39.2517
      vertex 103 206.99 39.2517
    endloop
  endfacet
  facet normal 0.500002 0 -0.866024
    outer loop
      vertex 103 208 39.2517
      vertex 98.6699 206.99 36.7517
      vertex 98.6699 208 36.7517
    endloop
  endfacet
  facet normal 1 -0 0
    outer loop
      vertex 98.6699 206.99 36.7517
      vertex 98.6699 208 31.7517
      vertex 98.6699 208 36.7517
    endloop
  endfacet
  facet normal 1 0 0
    outer loop
      vertex 98.6699 208 31.7517
      vertex 98.6699 206.99 36.7517
      vertex 98.6699 206.99 31.7517
    endloop
  endfacet
  facet normal 0.500002 0 0.866024
    outer loop
      vertex 98.6699 208 31.7517
      vertex 103 206.99 29.2517
      vertex 103 208 29.2517
    endloop
  endfacet
  facet normal 0.500002 0 0.866024
    outer loop
      vertex 103 206.99 29.2517
      vertex 98.6699 208 31.7517
      vertex 98.6699 206.99 31.7517
    endloop
  endfacet
  facet normal -0.500011 0 0.866019
    outer loop
      vertex 103 208 29.2517
      vertex 107.33 206.99 31.7517
      vertex 107.33 208 31.7517
    endloop
  endfacet
  facet normal -0.500011 0 0.866019
    outer loop
      vertex 107.33 206.99 31.7517
      vertex 103 208 29.2517
      vertex 103 206.99 29.2517
    endloop
  endfacet
  facet normal -1 0 0
    outer loop
      vertex 118.59 206.99 31.7517
      vertex 118.59 208 36.7517
      vertex 118.59 208 31.7517
    endloop
  endfacet
  facet normal -1 -0 0
    outer loop
      vertex 118.59 208 36.7517
      vertex 118.59 206.99 31.7517
      vertex 118.59 206.99 36.7517
    endloop
  endfacet
  facet normal -0.500011 0 -0.866019
    outer loop
      vertex 114.26 206.99 39.2517
      vertex 118.59 208 36.7517
      vertex 118.59 206.99 36.7517
    endloop
  endfacet
  facet normal -0.500011 0 -0.866019
    outer loop
      vertex 118.59 208 36.7517
      vertex 114.26 206.99 39.2517
      vertex 114.26 208 39.2517
    endloop
  endfacet
  facet normal 0.500011 0 -0.866019
    outer loop
      vertex 109.93 206.99 36.7517
      vertex 114.26 208 39.2517
      vertex 114.26 206.99 39.2517
    endloop
  endfacet
  facet normal 0.500011 0 -0.866019
    outer loop
      vertex 114.26 208 39.2517
      vertex 109.93 206.99 36.7517
      vertex 109.93 208 36.7517
    endloop
  endfacet
  facet normal 1 -0 0
    outer loop
      vertex 109.93 206.99 36.7517
      vertex 109.93 208 31.7517
      vertex 109.93 208 36.7517
    endloop
  endfacet
  facet normal 1 0 0
    outer loop
      vertex 109.93 208 31.7517
      vertex 109.93 206.99 36.7517
      vertex 109.93 206.99 31.7517
    endloop
  endfacet
  facet normal 0.500011 0 0.866019
    outer loop
      vertex 109.93 208 31.7517
      vertex 114.26 206.99 29.2517
      vertex 114.26 208 29.2517
    endloop
  endfacet
  facet normal 0.500011 0 0.866019
    outer loop
      vertex 114.26 206.99 29.2517
      vertex 109.93 208 31.7517
      vertex 109.93 206.99 31.7517
    endloop
  endfacet
  facet normal -0.500011 0 0.866019
    outer loop
      vertex 114.26 208 29.2517
      vertex 118.59 206.99 31.7517
      vertex 118.59 208 31.7517
    endloop
  endfacet
  facet normal -0.500011 0 0.866019
    outer loop
      vertex 118.59 206.99 31.7517
      vertex 114.26 208 29.2517
      vertex 114.26 206.99 29.2517
    endloop
  endfacet
  facet normal -1 0 0
    outer loop
      vertex 129.851 206.99 31.7517
      vertex 129.851 208 36.7517
      vertex 129.851 208 31.7517
    endloop
  endfacet
  facet normal -1 -0 0
    outer loop
      vertex 129.851 208 36.7517
      vertex 129.851 206.99 31.7517
      vertex 129.851 206.99 36.7517
    endloop
  endfacet
  facet normal -0.500011 0 -0.866019
    outer loop
      vertex 125.521 206.99 39.2517
      vertex 129.851 208 36.7517
      vertex 129.851 206.99 36.7517
    endloop
  endfacet
  facet normal -0.500011 0 -0.866019
    outer loop
      vertex 129.851 208 36.7517
      vertex 125.521 206.99 39.2517
      vertex 125.521 208 39.2517
    endloop
  endfacet
  facet normal 0.499924 0 -0.866069
    outer loop
      vertex 121.19 206.99 36.7517
      vertex 125.521 208 39.2517
      vertex 125.521 206.99 39.2517
    endloop
  endfacet
  facet normal 0.499924 0 -0.866069
    outer loop
      vertex 125.521 208 39.2517
      vertex 121.19 206.99 36.7517
      vertex 121.19 208 36.7517
    endloop
  endfacet
  facet normal 1 -0 0
    outer loop
      vertex 121.19 206.99 36.7517
      vertex 121.19 208 31.7517
      vertex 121.19 208 36.7517
    endloop
  endfacet
  facet normal 1 0 0
    outer loop
      vertex 121.19 208 31.7517
      vertex 121.19 206.99 36.7517
      vertex 121.19 206.99 31.7517
    endloop
  endfacet
  facet normal 0.499924 0 0.866069
    outer loop
      vertex 121.19 208 31.7517
      vertex 125.521 206.99 29.2517
      vertex 125.521 208 29.2517
    endloop
  endfacet
  facet normal 0.499924 0 0.866069
    outer loop
      vertex 125.521 206.99 29.2517
      vertex 121.19 208 31.7517
      vertex 121.19 206.99 31.7517
    endloop
  endfacet
  facet normal -0.500011 0 0.866019
    outer loop
      vertex 125.521 208 29.2517
      vertex 129.851 206.99 31.7517
      vertex 129.851 208 31.7517
    endloop
  endfacet
  facet normal -0.500011 0 0.866019
    outer loop
      vertex 129.851 206.99 31.7517
      vertex 125.521 208 29.2517
      vertex 125.521 206.99 29.2517
    endloop
  endfacet
  facet normal -1 0 0
    outer loop
      vertex 141.111 206.99 31.7517
      vertex 141.111 208 36.7517
      vertex 141.111 208 31.7517
    endloop
  endfacet
  facet normal -1 -0 0
    outer loop
      vertex 141.111 208 36.7517
      vertex 141.111 206.99 31.7517
      vertex 141.111 206.99 36.7517
    endloop
  endfacet
  facet normal -0.500011 0 -0.866019
    outer loop
      vertex 136.781 206.99 39.2517
      vertex 141.111 208 36.7517
      vertex 141.111 206.99 36.7517
    endloop
  endfacet
  facet normal -0.500011 0 -0.866019
    outer loop
      vertex 141.111 208 36.7517
      vertex 136.781 206.99 39.2517
      vertex 136.781 208 39.2517
    endloop
  endfacet
  facet normal 0.500011 0 -0.866019
    outer loop
      vertex 132.451 206.99 36.7517
      vertex 136.781 208 39.2517
      vertex 136.781 206.99 39.2517
    endloop
  endfacet
  facet normal 0.500011 0 -0.866019
    outer loop
      vertex 136.781 208 39.2517
      vertex 132.451 206.99 36.7517
      vertex 132.451 208 36.7517
    endloop
  endfacet
  facet normal 1 -0 0
    outer loop
      vertex 132.451 206.99 36.7517
      vertex 132.451 208 31.7517
      vertex 132.451 208 36.7517
    endloop
  endfacet
  facet normal 1 0 0
    outer loop
      vertex 132.451 208 31.7517
      vertex 132.451 206.99 36.7517
      vertex 132.451 206.99 31.7517
    endloop
  endfacet
  facet normal 0.500011 0 0.866019
    outer loop
      vertex 132.451 208 31.7517
      vertex 136.781 206.99 29.2517
      vertex 136.781 208 29.2517
    endloop
  endfacet
  facet normal 0.500011 0 0.866019
    outer loop
      vertex 136.781 206.99 29.2517
      vertex 132.451 208 31.7517
      vertex 132.451 206.99 31.7517
    endloop
  endfacet
  facet normal -0.500011 0 0.866019
    outer loop
      vertex 136.781 208 29.2517
      vertex 141.111 206.99 31.7517
      vertex 141.111 208 31.7517
    endloop
  endfacet
  facet normal -0.500011 0 0.866019
    outer loop
      vertex 141.111 206.99 31.7517
      vertex 136.781 208 29.2517
      vertex 136.781 206.99 29.2517
    endloop
  endfacet
  facet normal -1 0 0
    outer loop
      vertex 152.371 206.99 31.7517
      vertex 152.371 208 36.7517
      vertex 152.371 208 31.7517
    endloop
  endfacet
  facet normal -1 -0 0
    outer loop
      vertex 152.371 208 36.7517
      vertex 152.371 206.99 31.7517
      vertex 152.371 206.99 36.7517
    endloop
  endfacet
  facet normal -0.500011 0 -0.866019
    outer loop
      vertex 148.041 206.99 39.2517
      vertex 152.371 208 36.7517
      vertex 152.371 206.99 36.7517
    endloop
  endfacet
  facet normal -0.500011 0 -0.866019
    outer loop
      vertex 152.371 208 36.7517
      vertex 148.041 206.99 39.2517
      vertex 148.041 208 39.2517
    endloop
  endfacet
  facet normal 0.500011 0 -0.866019
    outer loop
      vertex 143.711 206.99 36.7517
      vertex 148.041 208 39.2517
      vertex 148.041 206.99 39.2517
    endloop
  endfacet
  facet normal 0.500011 0 -0.866019
    outer loop
      vertex 148.041 208 39.2517
      vertex 143.711 206.99 36.7517
      vertex 143.711 208 36.7517
    endloop
  endfacet
  facet normal 1 -0 0
    outer loop
      vertex 143.711 206.99 36.7517
      vertex 143.711 208 31.7517
      vertex 143.711 208 36.7517
    endloop
  endfacet
  facet normal 1 0 0
    outer loop
      vertex 143.711 208 31.7517
      vertex 143.711 206.99 36.7517
      vertex 143.711 206.99 31.7517
    endloop
  endfacet
  facet normal 0.500011 0 0.866019
    outer loop
      vertex 143.711 208 31.7517
      vertex 148.041 206.99 29.2517
      vertex 148.041 208 29.2517
    endloop
  endfacet
  facet normal 0.500011 0 0.866019
    outer loop
      vertex 148.041 206.99 29.2517
      vertex 143.711 208 31.7517
      vertex 143.711 206.99 31.7517
    endloop
  endfacet
  facet normal -0.500011 0 0.866019
    outer loop
      vertex 148.041 208 29.2517
      vertex 152.371 206.99 31.7517
      vertex 152.371 208 31.7517
    endloop
  endfacet
  facet normal -0.500011 0 0.866019
    outer loop
      vertex 152.371 206.99 31.7517
      vertex 148.041 208 29.2517
      vertex 148.041 206.99 29.2517
    endloop
  endfacet
  facet normal -1 0 0
    outer loop
      vertex 163.631 206.99 31.7517
      vertex 163.631 208 36.7517
      vertex 163.631 208 31.7517
    endloop
  endfacet
  facet normal -1 -0 0
    outer loop
      vertex 163.631 208 36.7517
      vertex 163.631 206.99 31.7517
      vertex 163.631 206.99 36.7517
    endloop
  endfacet
  facet normal -0.500011 0 -0.866019
    outer loop
      vertex 159.301 206.99 39.2517
      vertex 163.631 208 36.7517
      vertex 163.631 206.99 36.7517
    endloop
  endfacet
  facet normal -0.500011 0 -0.866019
    outer loop
      vertex 163.631 208 36.7517
      vertex 159.301 206.99 39.2517
      vertex 159.301 208 39.2517
    endloop
  endfacet
  facet normal 0.500011 0 -0.866019
    outer loop
      vertex 154.971 206.99 36.7517
      vertex 159.301 208 39.2517
      vertex 159.301 206.99 39.2517
    endloop
  endfacet
  facet normal 0.500011 0 -0.866019
    outer loop
      vertex 159.301 208 39.2517
      vertex 154.971 206.99 36.7517
      vertex 154.971 208 36.7517
    endloop
  endfacet
  facet normal 1 -0 0
    outer loop
      vertex 154.971 206.99 36.7517
      vertex 154.971 208 31.7517
      vertex 154.971 208 36.7517
    endloop
  endfacet
  facet normal 1 0 0
    outer loop
      vertex 154.971 208 31.7517
      vertex 154.971 206.99 36.7517
      vertex 154.971 206.99 31.7517
    endloop
  endfacet
  facet normal 0.500011 0 0.866019
    outer loop
      vertex 154.971 208 31.7517
      vertex 159.301 206.99 29.2517
      vertex 159.301 208 29.2517
    endloop
  endfacet
  facet normal 0.500011 0 0.866019
    outer loop
      vertex 159.301 206.99 29.2517
      vertex 154.971 208 31.7517
      vertex 154.971 206.99 31.7517
    endloop
  endfacet
  facet normal -0.500011 0 0.866019
    outer loop
      vertex 159.301 208 29.2517
      vertex 163.631 206.99 31.7517
      vertex 163.631 208 31.7517
    endloop
  endfacet
  facet normal -0.500011 0 0.866019
    outer loop
      vertex 163.631 206.99 31.7517
      vertex 159.301 208 29.2517
      vertex 159.301 206.99 29.2517
    endloop
  endfacet
  facet normal -1 0 0
    outer loop
      vertex 174.892 206.99 31.7517
      vertex 174.892 208 36.7517
      vertex 174.892 208 31.7517
    endloop
  endfacet
  facet normal -1 -0 0
    outer loop
      vertex 174.892 208 36.7517
      vertex 174.892 206.99 31.7517
      vertex 174.892 206.99 36.7517
    endloop
  endfacet
  facet normal -0.500011 0 -0.866019
    outer loop
      vertex 170.562 206.99 39.2517
      vertex 174.892 208 36.7517
      vertex 174.892 206.99 36.7517
    endloop
  endfacet
  facet normal -0.500011 0 -0.866019
    outer loop
      vertex 174.892 208 36.7517
      vertex 170.562 206.99 39.2517
      vertex 170.562 208 39.2517
    endloop
  endfacet
  facet normal 0.499924 0 -0.866069
    outer loop
      vertex 166.231 206.99 36.7517
      vertex 170.562 208 39.2517
      vertex 170.562 206.99 39.2517
    endloop
  endfacet
  facet normal 0.499924 0 -0.866069
    outer loop
      vertex 170.562 208 39.2517
      vertex 166.231 206.99 36.7517
      vertex 166.231 208 36.7517
    endloop
  endfacet
  facet normal 1 -0 0
    outer loop
      vertex 166.231 206.99 36.7517
      vertex 166.231 208 31.7517
      vertex 166.231 208 36.7517
    endloop
  endfacet
  facet normal 1 0 0
    outer loop
      vertex 166.231 208 31.7517
      vertex 166.231 206.99 36.7517
      vertex 166.231 206.99 31.7517
    endloop
  endfacet
  facet normal 0.499924 0 0.866069
    outer loop
      vertex 166.231 208 31.7517
      vertex 170.562 206.99 29.2517
      vertex 170.562 208 29.2517
    endloop
  endfacet
  facet normal 0.499924 0 0.866069
    outer loop
      vertex 170.562 206.99 29.2517
      vertex 166.231 208 31.7517
      vertex 166.231 206.99 31.7517
    endloop
  endfacet
  facet normal -0.500011 0 0.866019
    outer loop
      vertex 170.562 208 29.2517
      vertex 174.892 206.99 31.7517
      vertex 174.892 208 31.7517
    endloop
  endfacet
  facet normal -0.500011 0 0.866019
    outer loop
      vertex 174.892 206.99 31.7517
      vertex 170.562 208 29.2517
      vertex 170.562 206.99 29.2517
    endloop
  endfacet
  facet normal -1 0 0
    outer loop
      vertex 186.152 206.99 31.7517
      vertex 186.152 208 36.7517
      vertex 186.152 208 31.7517
    endloop
  endfacet
  facet normal -1 -0 0
    outer loop
      vertex 186.152 208 36.7517
      vertex 186.152 206.99 31.7517
      vertex 186.152 206.99 36.7517
    endloop
  endfacet
  facet normal -0.500011 0 -0.866019
    outer loop
      vertex 181.822 206.99 39.2517
      vertex 186.152 208 36.7517
      vertex 186.152 206.99 36.7517
    endloop
  endfacet
  facet normal -0.500011 0 -0.866019
    outer loop
      vertex 186.152 208 36.7517
      vertex 181.822 206.99 39.2517
      vertex 181.822 208 39.2517
    endloop
  endfacet
  facet normal 0.500011 0 -0.866019
    outer loop
      vertex 177.492 206.99 36.7517
      vertex 181.822 208 39.2517
      vertex 181.822 206.99 39.2517
    endloop
  endfacet
  facet normal 0.500011 0 -0.866019
    outer loop
      vertex 181.822 208 39.2517
      vertex 177.492 206.99 36.7517
      vertex 177.492 208 36.7517
    endloop
  endfacet
  facet normal 1 -0 0
    outer loop
      vertex 177.492 206.99 36.7517
      vertex 177.492 208 31.7517
      vertex 177.492 208 36.7517
    endloop
  endfacet
  facet normal 1 0 0
    outer loop
      vertex 177.492 208 31.7517
      vertex 177.492 206.99 36.7517
      vertex 177.492 206.99 31.7517
    endloop
  endfacet
  facet normal 0.500011 0 0.866019
    outer loop
      vertex 177.492 208 31.7517
      vertex 181.822 206.99 29.2517
      vertex 181.822 208 29.2517
    endloop
  endfacet
  facet normal 0.500011 0 0.866019
    outer loop
      vertex 181.822 206.99 29.2517
      vertex 177.492 208 31.7517
      vertex 177.492 206.99 31.7517
    endloop
  endfacet
  facet normal -0.500011 0 0.866019
    outer loop
      vertex 181.822 208 29.2517
      vertex 186.152 206.99 31.7517
      vertex 186.152 208 31.7517
    endloop
  endfacet
  facet normal -0.500011 0 0.866019
    outer loop
      vertex 186.152 206.99 31.7517
      vertex 181.822 208 29.2517
      vertex 181.822 206.99 29.2517
    endloop
  endfacet
  facet normal -1 0 0
    outer loop
      vertex 112.96 206.99 22
      vertex 112.96 208 27
      vertex 112.96 208 22
    endloop
  endfacet
  facet normal -1 -0 0
    outer loop
      vertex 112.96 208 27
      vertex 112.96 206.99 22
      vertex 112.96 206.99 27
    endloop
  endfacet
  facet normal -0.500011 0 -0.866019
    outer loop
      vertex 108.63 206.99 29.5
      vertex 112.96 208 27
      vertex 112.96 206.99 27
    endloop
  endfacet
  facet normal -0.500011 0 -0.866019
    outer loop
      vertex 112.96 208 27
      vertex 108.63 206.99 29.5
      vertex 108.63 208 29.5
    endloop
  endfacet
  facet normal 0.500011 0 -0.866019
    outer loop
      vertex 104.3 206.99 27
      vertex 108.63 208 29.5
      vertex 108.63 206.99 29.5
    endloop
  endfacet
  facet normal 0.500011 0 -0.866019
    outer loop
      vertex 108.63 208 29.5
      vertex 104.3 206.99 27
      vertex 104.3 208 27
    endloop
  endfacet
  facet normal 1 -0 0
    outer loop
      vertex 104.3 206.99 27
      vertex 104.3 208 22
      vertex 104.3 208 27
    endloop
  endfacet
  facet normal 1 0 0
    outer loop
      vertex 104.3 208 22
      vertex 104.3 206.99 27
      vertex 104.3 206.99 22
    endloop
  endfacet
  facet normal 0.500011 0 0.866019
    outer loop
      vertex 104.3 208 22
      vertex 108.63 206.99 19.5
      vertex 108.63 208 19.5
    endloop
  endfacet
  facet normal 0.500011 0 0.866019
    outer loop
      vertex 108.63 206.99 19.5
      vertex 104.3 208 22
      vertex 104.3 206.99 22
    endloop
  endfacet
  facet normal -0.500011 0 0.866019
    outer loop
      vertex 108.63 208 19.5
      vertex 112.96 206.99 22
      vertex 112.96 208 22
    endloop
  endfacet
  facet normal -0.500011 0 0.866019
    outer loop
      vertex 112.96 206.99 22
      vertex 108.63 208 19.5
      vertex 108.63 206.99 19.5
    endloop
  endfacet
  facet normal -1 0 0
    outer loop
      vertex 191.782 206.99 22
      vertex 191.782 208 27
      vertex 191.782 208 22
    endloop
  endfacet
  facet normal -1 -0 0
    outer loop
      vertex 191.782 208 27
      vertex 191.782 206.99 22
      vertex 191.782 206.99 27
    endloop
  endfacet
  facet normal -0.500011 0 -0.866019
    outer loop
      vertex 187.452 206.99 29.5
      vertex 191.782 208 27
      vertex 191.782 206.99 27
    endloop
  endfacet
  facet normal -0.500011 0 -0.866019
    outer loop
      vertex 191.782 208 27
      vertex 187.452 206.99 29.5
      vertex 187.452 208 29.5
    endloop
  endfacet
  facet normal 0.500011 0 -0.866019
    outer loop
      vertex 183.122 206.99 27
      vertex 187.452 208 29.5
      vertex 187.452 206.99 29.5
    endloop
  endfacet
  facet normal 0.500011 0 -0.866019
    outer loop
      vertex 187.452 208 29.5
      vertex 183.122 206.99 27
      vertex 183.122 208 27
    endloop
  endfacet
  facet normal 1 -0 0
    outer loop
      vertex 183.122 206.99 27
      vertex 183.122 208 22
      vertex 183.122 208 27
    endloop
  endfacet
  facet normal 1 0 0
    outer loop
      vertex 183.122 208 22
      vertex 183.122 206.99 27
      vertex 183.122 206.99 22
    endloop
  endfacet
  facet normal 0.500011 0 0.866019
    outer loop
      vertex 183.122 208 22
      vertex 187.452 206.99 19.5
      vertex 187.452 208 19.5
    endloop
  endfacet
  facet normal 0.500011 0 0.866019
    outer loop
      vertex 187.452 206.99 19.5
      vertex 183.122 208 22
      vertex 183.122 206.99 22
    endloop
  endfacet
  facet normal -0.500011 0 0.866019
    outer loop
      vertex 187.452 208 19.5
      vertex 191.782 206.99 22
      vertex 191.782 208 22
    endloop
  endfacet
  facet normal -0.500011 0 0.866019
    outer loop
      vertex 191.782 206.99 22
      vertex 187.452 208 19.5
      vertex 187.452 206.99 19.5
    endloop
  endfacet
  facet normal -1 0 0
    outer loop
      vertex 180.522 206.99 22
      vertex 180.522 208 27
      vertex 180.522 208 22
    endloop
  endfacet
  facet normal -1 -0 0
    outer loop
      vertex 180.522 208 27
      vertex 180.522 206.99 22
      vertex 180.522 206.99 27
    endloop
  endfacet
  facet normal -0.500011 0 -0.866019
    outer loop
      vertex 176.192 206.99 29.5
      vertex 180.522 208 27
      vertex 180.522 206.99 27
    endloop
  endfacet
  facet normal -0.500011 0 -0.866019
    outer loop
      vertex 180.522 208 27
      vertex 176.192 206.99 29.5
      vertex 176.192 208 29.5
    endloop
  endfacet
  facet normal 0.500011 0 -0.866019
    outer loop
      vertex 171.862 206.99 27
      vertex 176.192 208 29.5
      vertex 176.192 206.99 29.5
    endloop
  endfacet
  facet normal 0.500011 0 -0.866019
    outer loop
      vertex 176.192 208 29.5
      vertex 171.862 206.99 27
      vertex 171.862 208 27
    endloop
  endfacet
  facet normal 1 -0 0
    outer loop
      vertex 171.862 206.99 27
      vertex 171.862 208 22
      vertex 171.862 208 27
    endloop
  endfacet
  facet normal 1 0 0
    outer loop
      vertex 171.862 208 22
      vertex 171.862 206.99 27
      vertex 171.862 206.99 22
    endloop
  endfacet
  facet normal 0.500011 0 0.866019
    outer loop
      vertex 171.862 208 22
      vertex 176.192 206.99 19.5
      vertex 176.192 208 19.5
    endloop
  endfacet
  facet normal 0.500011 0 0.866019
    outer loop
      vertex 176.192 206.99 19.5
      vertex 171.862 208 22
      vertex 171.862 206.99 22
    endloop
  endfacet
  facet normal -0.500011 0 0.866019
    outer loop
      vertex 176.192 208 19.5
      vertex 180.522 206.99 22
      vertex 180.522 208 22
    endloop
  endfacet
  facet normal -0.500011 0 0.866019
    outer loop
      vertex 180.522 206.99 22
      vertex 176.192 208 19.5
      vertex 176.192 206.99 19.5
    endloop
  endfacet
  facet normal -1 0 0
    outer loop
      vertex 169.262 206.99 22
      vertex 169.262 208 27
      vertex 169.262 208 22
    endloop
  endfacet
  facet normal -1 -0 0
    outer loop
      vertex 169.262 208 27
      vertex 169.262 206.99 22
      vertex 169.262 206.99 27
    endloop
  endfacet
  facet normal -0.499924 0 -0.866069
    outer loop
      vertex 164.931 206.99 29.5
      vertex 169.262 208 27
      vertex 169.262 206.99 27
    endloop
  endfacet
  facet normal -0.499924 0 -0.866069
    outer loop
      vertex 169.262 208 27
      vertex 164.931 206.99 29.5
      vertex 164.931 208 29.5
    endloop
  endfacet
  facet normal 0.500011 0 -0.866019
    outer loop
      vertex 160.601 206.99 27
      vertex 164.931 208 29.5
      vertex 164.931 206.99 29.5
    endloop
  endfacet
  facet normal 0.500011 0 -0.866019
    outer loop
      vertex 164.931 208 29.5
      vertex 160.601 206.99 27
      vertex 160.601 208 27
    endloop
  endfacet
  facet normal 1 -0 0
    outer loop
      vertex 160.601 206.99 27
      vertex 160.601 208 22
      vertex 160.601 208 27
    endloop
  endfacet
  facet normal 1 0 0
    outer loop
      vertex 160.601 208 22
      vertex 160.601 206.99 27
      vertex 160.601 206.99 22
    endloop
  endfacet
  facet normal 0.500011 0 0.866019
    outer loop
      vertex 160.601 208 22
      vertex 164.931 206.99 19.5
      vertex 164.931 208 19.5
    endloop
  endfacet
  facet normal 0.500011 0 0.866019
    outer loop
      vertex 164.931 206.99 19.5
      vertex 160.601 208 22
      vertex 160.601 206.99 22
    endloop
  endfacet
  facet normal -0.499924 0 0.866069
    outer loop
      vertex 164.931 208 19.5
      vertex 169.262 206.99 22
      vertex 169.262 208 22
    endloop
  endfacet
  facet normal -0.499924 0 0.866069
    outer loop
      vertex 169.262 206.99 22
      vertex 164.931 208 19.5
      vertex 164.931 206.99 19.5
    endloop
  endfacet
  facet normal -1 0 0
    outer loop
      vertex 158.001 206.99 22
      vertex 158.001 208 27
      vertex 158.001 208 22
    endloop
  endfacet
  facet normal -1 -0 0
    outer loop
      vertex 158.001 208 27
      vertex 158.001 206.99 22
      vertex 158.001 206.99 27
    endloop
  endfacet
  facet normal -0.500011 0 -0.866019
    outer loop
      vertex 153.671 206.99 29.5
      vertex 158.001 208 27
      vertex 158.001 206.99 27
    endloop
  endfacet
  facet normal -0.500011 0 -0.866019
    outer loop
      vertex 158.001 208 27
      vertex 153.671 206.99 29.5
      vertex 153.671 208 29.5
    endloop
  endfacet
  facet normal 0.500011 0 -0.866019
    outer loop
      vertex 149.341 206.99 27
      vertex 153.671 208 29.5
      vertex 153.671 206.99 29.5
    endloop
  endfacet
  facet normal 0.500011 0 -0.866019
    outer loop
      vertex 153.671 208 29.5
      vertex 149.341 206.99 27
      vertex 149.341 208 27
    endloop
  endfacet
  facet normal 1 -0 0
    outer loop
      vertex 149.341 206.99 27
      vertex 149.341 208 22
      vertex 149.341 208 27
    endloop
  endfacet
  facet normal 1 0 0
    outer loop
      vertex 149.341 208 22
      vertex 149.341 206.99 27
      vertex 149.341 206.99 22
    endloop
  endfacet
  facet normal 0.500011 0 0.866019
    outer loop
      vertex 149.341 208 22
      vertex 153.671 206.99 19.5
      vertex 153.671 208 19.5
    endloop
  endfacet
  facet normal 0.500011 0 0.866019
    outer loop
      vertex 153.671 206.99 19.5
      vertex 149.341 208 22
      vertex 149.341 206.99 22
    endloop
  endfacet
  facet normal -0.500011 0 0.866019
    outer loop
      vertex 153.671 208 19.5
      vertex 158.001 206.99 22
      vertex 158.001 208 22
    endloop
  endfacet
  facet normal -0.500011 0 0.866019
    outer loop
      vertex 158.001 206.99 22
      vertex 153.671 208 19.5
      vertex 153.671 206.99 19.5
    endloop
  endfacet
  facet normal -1 0 0
    outer loop
      vertex 146.741 206.99 22
      vertex 146.741 208 27
      vertex 146.741 208 22
    endloop
  endfacet
  facet normal -1 -0 0
    outer loop
      vertex 146.741 208 27
      vertex 146.741 206.99 22
      vertex 146.741 206.99 27
    endloop
  endfacet
  facet normal -0.500011 0 -0.866019
    outer loop
      vertex 142.411 206.99 29.5
      vertex 146.741 208 27
      vertex 146.741 206.99 27
    endloop
  endfacet
  facet normal -0.500011 0 -0.866019
    outer loop
      vertex 146.741 208 27
      vertex 142.411 206.99 29.5
      vertex 142.411 208 29.5
    endloop
  endfacet
  facet normal 0.500011 0 -0.866019
    outer loop
      vertex 138.081 206.99 27
      vertex 142.411 208 29.5
      vertex 142.411 206.99 29.5
    endloop
  endfacet
  facet normal 0.500011 0 -0.866019
    outer loop
      vertex 142.411 208 29.5
      vertex 138.081 206.99 27
      vertex 138.081 208 27
    endloop
  endfacet
  facet normal 1 -0 0
    outer loop
      vertex 138.081 206.99 27
      vertex 138.081 208 22
      vertex 138.081 208 27
    endloop
  endfacet
  facet normal 1 0 0
    outer loop
      vertex 138.081 208 22
      vertex 138.081 206.99 27
      vertex 138.081 206.99 22
    endloop
  endfacet
  facet normal 0.500011 0 0.866019
    outer loop
      vertex 138.081 208 22
      vertex 142.411 206.99 19.5
      vertex 142.411 208 19.5
    endloop
  endfacet
  facet normal 0.500011 0 0.866019
    outer loop
      vertex 142.411 206.99 19.5
      vertex 138.081 208 22
      vertex 138.081 206.99 22
    endloop
  endfacet
  facet normal -0.500011 0 0.866019
    outer loop
      vertex 142.411 208 19.5
      vertex 146.741 206.99 22
      vertex 146.741 208 22
    endloop
  endfacet
  facet normal -0.500011 0 0.866019
    outer loop
      vertex 146.741 206.99 22
      vertex 142.411 208 19.5
      vertex 142.411 206.99 19.5
    endloop
  endfacet
  facet normal -1 0 0
    outer loop
      vertex 135.481 206.99 22
      vertex 135.481 208 27
      vertex 135.481 208 22
    endloop
  endfacet
  facet normal -1 -0 0
    outer loop
      vertex 135.481 208 27
      vertex 135.481 206.99 22
      vertex 135.481 206.99 27
    endloop
  endfacet
  facet normal -0.500011 0 -0.866019
    outer loop
      vertex 131.151 206.99 29.5
      vertex 135.481 208 27
      vertex 135.481 206.99 27
    endloop
  endfacet
  facet normal -0.500011 0 -0.866019
    outer loop
      vertex 135.481 208 27
      vertex 131.151 206.99 29.5
      vertex 131.151 208 29.5
    endloop
  endfacet
  facet normal 0.500011 0 -0.866019
    outer loop
      vertex 126.821 206.99 27
      vertex 131.151 208 29.5
      vertex 131.151 206.99 29.5
    endloop
  endfacet
  facet normal 0.500011 0 -0.866019
    outer loop
      vertex 131.151 208 29.5
      vertex 126.821 206.99 27
      vertex 126.821 208 27
    endloop
  endfacet
  facet normal 1 -0 0
    outer loop
      vertex 126.821 206.99 27
      vertex 126.821 208 22
      vertex 126.821 208 27
    endloop
  endfacet
  facet normal 1 0 0
    outer loop
      vertex 126.821 208 22
      vertex 126.821 206.99 27
      vertex 126.821 206.99 22
    endloop
  endfacet
  facet normal 0.500011 0 0.866019
    outer loop
      vertex 126.821 208 22
      vertex 131.151 206.99 19.5
      vertex 131.151 208 19.5
    endloop
  endfacet
  facet normal 0.500011 0 0.866019
    outer loop
      vertex 131.151 206.99 19.5
      vertex 126.821 208 22
      vertex 126.821 206.99 22
    endloop
  endfacet
  facet normal -0.500011 0 0.866019
    outer loop
      vertex 131.151 208 19.5
      vertex 135.481 206.99 22
      vertex 135.481 208 22
    endloop
  endfacet
  facet normal -0.500011 0 0.866019
    outer loop
      vertex 135.481 206.99 22
      vertex 131.151 208 19.5
      vertex 131.151 206.99 19.5
    endloop
  endfacet
  facet normal -1 0 0
    outer loop
      vertex 124.221 206.99 22
      vertex 124.221 208 27
      vertex 124.221 208 22
    endloop
  endfacet
  facet normal -1 -0 0
    outer loop
      vertex 124.221 208 27
      vertex 124.221 206.99 22
      vertex 124.221 206.99 27
    endloop
  endfacet
  facet normal -0.499924 0 -0.866069
    outer loop
      vertex 119.89 206.99 29.5
      vertex 124.221 208 27
      vertex 124.221 206.99 27
    endloop
  endfacet
  facet normal -0.499924 0 -0.866069
    outer loop
      vertex 124.221 208 27
      vertex 119.89 206.99 29.5
      vertex 119.89 208 29.5
    endloop
  endfacet
  facet normal 0.500011 0 -0.866019
    outer loop
      vertex 115.56 206.99 27
      vertex 119.89 208 29.5
      vertex 119.89 206.99 29.5
    endloop
  endfacet
  facet normal 0.500011 0 -0.866019
    outer loop
      vertex 119.89 208 29.5
      vertex 115.56 206.99 27
      vertex 115.56 208 27
    endloop
  endfacet
  facet normal 1 -0 0
    outer loop
      vertex 115.56 206.99 27
      vertex 115.56 208 22
      vertex 115.56 208 27
    endloop
  endfacet
  facet normal 1 0 0
    outer loop
      vertex 115.56 208 22
      vertex 115.56 206.99 27
      vertex 115.56 206.99 22
    endloop
  endfacet
  facet normal 0.500011 0 0.866019
    outer loop
      vertex 115.56 208 22
      vertex 119.89 206.99 19.5
      vertex 119.89 208 19.5
    endloop
  endfacet
  facet normal 0.500011 0 0.866019
    outer loop
      vertex 119.89 206.99 19.5
      vertex 115.56 208 22
      vertex 115.56 206.99 22
    endloop
  endfacet
  facet normal -0.499924 0 0.866069
    outer loop
      vertex 119.89 208 19.5
      vertex 124.221 206.99 22
      vertex 124.221 208 22
    endloop
  endfacet
  facet normal -0.499924 0 0.866069
    outer loop
      vertex 124.221 206.99 22
      vertex 119.89 208 19.5
      vertex 119.89 206.99 19.5
    endloop
  endfacet
  facet normal -1 0 0
    outer loop
      vertex 101.7 206.99 22
      vertex 101.7 208 27
      vertex 101.7 208 22
    endloop
  endfacet
  facet normal -1 -0 0
    outer loop
      vertex 101.7 208 27
      vertex 101.7 206.99 22
      vertex 101.7 206.99 27
    endloop
  endfacet
  facet normal -0.500002 0 -0.866024
    outer loop
      vertex 97.3699 206.99 29.5
      vertex 101.7 208 27
      vertex 101.7 206.99 27
    endloop
  endfacet
  facet normal -0.500002 0 -0.866024
    outer loop
      vertex 101.7 208 27
      vertex 97.3699 206.99 29.5
      vertex 97.3699 208 29.5
    endloop
  endfacet
  facet normal 0.499994 0 -0.866029
    outer loop
      vertex 93.0397 206.99 27
      vertex 97.3699 208 29.5
      vertex 97.3699 206.99 29.5
    endloop
  endfacet
  facet normal 0.499994 0 -0.866029
    outer loop
      vertex 97.3699 208 29.5
      vertex 93.0397 206.99 27
      vertex 93.0397 208 27
    endloop
  endfacet
  facet normal 1 -0 0
    outer loop
      vertex 93.0397 206.99 27
      vertex 93.0397 208 22
      vertex 93.0397 208 27
    endloop
  endfacet
  facet normal 1 0 0
    outer loop
      vertex 93.0397 208 22
      vertex 93.0397 206.99 27
      vertex 93.0397 206.99 22
    endloop
  endfacet
  facet normal 0.499994 0 0.866029
    outer loop
      vertex 93.0397 208 22
      vertex 97.3699 206.99 19.5
      vertex 97.3699 208 19.5
    endloop
  endfacet
  facet normal 0.499994 0 0.866029
    outer loop
      vertex 97.3699 206.99 19.5
      vertex 93.0397 208 22
      vertex 93.0397 206.99 22
    endloop
  endfacet
  facet normal -0.500002 0 0.866024
    outer loop
      vertex 97.3699 208 19.5
      vertex 101.7 206.99 22
      vertex 101.7 208 22
    endloop
  endfacet
  facet normal -0.500002 0 0.866024
    outer loop
      vertex 101.7 206.99 22
      vertex 97.3699 208 19.5
      vertex 97.3699 206.99 19.5
    endloop
  endfacet
  facet normal -1 0 0
    outer loop
      vertex 22.8782 206.99 22
      vertex 22.8782 208 27
      vertex 22.8782 208 22
    endloop
  endfacet
  facet normal -1 -0 0
    outer loop
      vertex 22.8782 208 27
      vertex 22.8782 206.99 22
      vertex 22.8782 206.99 27
    endloop
  endfacet
  facet normal -0.500002 0 -0.866024
    outer loop
      vertex 18.5481 206.99 29.5
      vertex 22.8782 208 27
      vertex 22.8782 206.99 27
    endloop
  endfacet
  facet normal -0.500002 0 -0.866024
    outer loop
      vertex 22.8782 208 27
      vertex 18.5481 206.99 29.5
      vertex 18.5481 208 29.5
    endloop
  endfacet
  facet normal 0.500002 0 -0.866024
    outer loop
      vertex 14.218 206.99 27
      vertex 18.5481 208 29.5
      vertex 18.5481 206.99 29.5
    endloop
  endfacet
  facet normal 0.500002 0 -0.866024
    outer loop
      vertex 18.5481 208 29.5
      vertex 14.218 206.99 27
      vertex 14.218 208 27
    endloop
  endfacet
  facet normal 1 -0 0
    outer loop
      vertex 14.218 206.99 27
      vertex 14.218 208 22
      vertex 14.218 208 27
    endloop
  endfacet
  facet normal 1 0 0
    outer loop
      vertex 14.218 208 22
      vertex 14.218 206.99 27
      vertex 14.218 206.99 22
    endloop
  endfacet
  facet normal 0.500002 0 0.866024
    outer loop
      vertex 14.218 208 22
      vertex 18.5481 206.99 19.5
      vertex 18.5481 208 19.5
    endloop
  endfacet
  facet normal 0.500002 0 0.866024
    outer loop
      vertex 18.5481 206.99 19.5
      vertex 14.218 208 22
      vertex 14.218 206.99 22
    endloop
  endfacet
  facet normal -0.500002 0 0.866024
    outer loop
      vertex 18.5481 208 19.5
      vertex 22.8782 206.99 22
      vertex 22.8782 208 22
    endloop
  endfacet
  facet normal -0.500002 0 0.866024
    outer loop
      vertex 22.8782 206.99 22
      vertex 18.5481 208 19.5
      vertex 18.5481 206.99 19.5
    endloop
  endfacet
  facet normal -1 0 0
    outer loop
      vertex 34.1385 206.99 22
      vertex 34.1385 208 27
      vertex 34.1385 208 22
    endloop
  endfacet
  facet normal -1 -0 0
    outer loop
      vertex 34.1385 208 27
      vertex 34.1385 206.99 22
      vertex 34.1385 206.99 27
    endloop
  endfacet
  facet normal -0.499994 0 -0.866029
    outer loop
      vertex 29.8083 206.99 29.5
      vertex 34.1385 208 27
      vertex 34.1385 206.99 27
    endloop
  endfacet
  facet normal -0.499994 0 -0.866029
    outer loop
      vertex 34.1385 208 27
      vertex 29.8083 206.99 29.5
      vertex 29.8083 208 29.5
    endloop
  endfacet
  facet normal 0.500002 0 -0.866024
    outer loop
      vertex 25.4782 206.99 27
      vertex 29.8083 208 29.5
      vertex 29.8083 206.99 29.5
    endloop
  endfacet
  facet normal 0.500002 0 -0.866024
    outer loop
      vertex 29.8083 208 29.5
      vertex 25.4782 206.99 27
      vertex 25.4782 208 27
    endloop
  endfacet
  facet normal 1 -0 0
    outer loop
      vertex 25.4782 206.99 27
      vertex 25.4782 208 22
      vertex 25.4782 208 27
    endloop
  endfacet
  facet normal 1 0 0
    outer loop
      vertex 25.4782 208 22
      vertex 25.4782 206.99 27
      vertex 25.4782 206.99 22
    endloop
  endfacet
  facet normal 0.500002 0 0.866024
    outer loop
      vertex 25.4782 208 22
      vertex 29.8083 206.99 19.5
      vertex 29.8083 208 19.5
    endloop
  endfacet
  facet normal 0.500002 0 0.866024
    outer loop
      vertex 29.8083 206.99 19.5
      vertex 25.4782 208 22
      vertex 25.4782 206.99 22
    endloop
  endfacet
  facet normal -0.499994 0 0.866029
    outer loop
      vertex 29.8083 208 19.5
      vertex 34.1385 206.99 22
      vertex 34.1385 208 22
    endloop
  endfacet
  facet normal -0.499994 0 0.866029
    outer loop
      vertex 34.1385 206.99 22
      vertex 29.8083 208 19.5
      vertex 29.8083 206.99 19.5
    endloop
  endfacet
  facet normal -1 0 0
    outer loop
      vertex 45.3987 206.99 22
      vertex 45.3987 208 27
      vertex 45.3987 208 22
    endloop
  endfacet
  facet normal -1 -0 0
    outer loop
      vertex 45.3987 208 27
      vertex 45.3987 206.99 22
      vertex 45.3987 206.99 27
    endloop
  endfacet
  facet normal -0.500002 0 -0.866024
    outer loop
      vertex 41.0686 206.99 29.5
      vertex 45.3987 208 27
      vertex 45.3987 206.99 27
    endloop
  endfacet
  facet normal -0.500002 0 -0.866024
    outer loop
      vertex 45.3987 208 27
      vertex 41.0686 206.99 29.5
      vertex 41.0686 208 29.5
    endloop
  endfacet
  facet normal 0.500002 0 -0.866024
    outer loop
      vertex 36.7385 206.99 27
      vertex 41.0686 208 29.5
      vertex 41.0686 206.99 29.5
    endloop
  endfacet
  facet normal 0.500002 0 -0.866024
    outer loop
      vertex 41.0686 208 29.5
      vertex 36.7385 206.99 27
      vertex 36.7385 208 27
    endloop
  endfacet
  facet normal 1 -0 0
    outer loop
      vertex 36.7385 206.99 27
      vertex 36.7385 208 22
      vertex 36.7385 208 27
    endloop
  endfacet
  facet normal 1 0 0
    outer loop
      vertex 36.7385 208 22
      vertex 36.7385 206.99 27
      vertex 36.7385 206.99 22
    endloop
  endfacet
  facet normal 0.500002 0 0.866024
    outer loop
      vertex 36.7385 208 22
      vertex 41.0686 206.99 19.5
      vertex 41.0686 208 19.5
    endloop
  endfacet
  facet normal 0.500002 0 0.866024
    outer loop
      vertex 41.0686 206.99 19.5
      vertex 36.7385 208 22
      vertex 36.7385 206.99 22
    endloop
  endfacet
  facet normal -0.500002 0 0.866024
    outer loop
      vertex 41.0686 208 19.5
      vertex 45.3987 206.99 22
      vertex 45.3987 208 22
    endloop
  endfacet
  facet normal -0.500002 0 0.866024
    outer loop
      vertex 45.3987 206.99 22
      vertex 41.0686 208 19.5
      vertex 41.0686 206.99 19.5
    endloop
  endfacet
  facet normal -1 0 0
    outer loop
      vertex 56.659 206.99 22
      vertex 56.659 208 27
      vertex 56.659 208 22
    endloop
  endfacet
  facet normal -1 -0 0
    outer loop
      vertex 56.659 208 27
      vertex 56.659 206.99 22
      vertex 56.659 206.99 27
    endloop
  endfacet
  facet normal -0.499994 0 -0.866029
    outer loop
      vertex 52.3288 206.99 29.5
      vertex 56.659 208 27
      vertex 56.659 206.99 27
    endloop
  endfacet
  facet normal -0.499994 0 -0.866029
    outer loop
      vertex 56.659 208 27
      vertex 52.3288 206.99 29.5
      vertex 52.3288 208 29.5
    endloop
  endfacet
  facet normal 0.500002 0 -0.866024
    outer loop
      vertex 47.9987 206.99 27
      vertex 52.3288 208 29.5
      vertex 52.3288 206.99 29.5
    endloop
  endfacet
  facet normal 0.500002 0 -0.866024
    outer loop
      vertex 52.3288 208 29.5
      vertex 47.9987 206.99 27
      vertex 47.9987 208 27
    endloop
  endfacet
  facet normal 1 -0 0
    outer loop
      vertex 47.9987 206.99 27
      vertex 47.9987 208 22
      vertex 47.9987 208 27
    endloop
  endfacet
  facet normal 1 0 0
    outer loop
      vertex 47.9987 208 22
      vertex 47.9987 206.99 27
      vertex 47.9987 206.99 22
    endloop
  endfacet
  facet normal 0.500002 0 0.866024
    outer loop
      vertex 47.9987 208 22
      vertex 52.3288 206.99 19.5
      vertex 52.3288 208 19.5
    endloop
  endfacet
  facet normal 0.500002 0 0.866024
    outer loop
      vertex 52.3288 206.99 19.5
      vertex 47.9987 208 22
      vertex 47.9987 206.99 22
    endloop
  endfacet
  facet normal -0.499994 0 0.866029
    outer loop
      vertex 52.3288 208 19.5
      vertex 56.659 206.99 22
      vertex 56.659 208 22
    endloop
  endfacet
  facet normal -0.499994 0 0.866029
    outer loop
      vertex 56.659 206.99 22
      vertex 52.3288 208 19.5
      vertex 52.3288 206.99 19.5
    endloop
  endfacet
  facet normal -1 0 0
    outer loop
      vertex 67.9192 206.99 22
      vertex 67.9192 208 27
      vertex 67.9192 208 22
    endloop
  endfacet
  facet normal -1 -0 0
    outer loop
      vertex 67.9192 208 27
      vertex 67.9192 206.99 22
      vertex 67.9192 206.99 27
    endloop
  endfacet
  facet normal -0.500002 0 -0.866024
    outer loop
      vertex 63.5891 206.99 29.5
      vertex 67.9192 208 27
      vertex 67.9192 206.99 27
    endloop
  endfacet
  facet normal -0.500002 0 -0.866024
    outer loop
      vertex 67.9192 208 27
      vertex 63.5891 206.99 29.5
      vertex 63.5891 208 29.5
    endloop
  endfacet
  facet normal 0.500002 0 -0.866024
    outer loop
      vertex 59.259 206.99 27
      vertex 63.5891 208 29.5
      vertex 63.5891 206.99 29.5
    endloop
  endfacet
  facet normal 0.500002 0 -0.866024
    outer loop
      vertex 63.5891 208 29.5
      vertex 59.259 206.99 27
      vertex 59.259 208 27
    endloop
  endfacet
  facet normal 1 -0 0
    outer loop
      vertex 59.259 206.99 27
      vertex 59.259 208 22
      vertex 59.259 208 27
    endloop
  endfacet
  facet normal 1 0 0
    outer loop
      vertex 59.259 208 22
      vertex 59.259 206.99 27
      vertex 59.259 206.99 22
    endloop
  endfacet
  facet normal 0.500002 0 0.866024
    outer loop
      vertex 59.259 208 22
      vertex 63.5891 206.99 19.5
      vertex 63.5891 208 19.5
    endloop
  endfacet
  facet normal 0.500002 0 0.866024
    outer loop
      vertex 63.5891 206.99 19.5
      vertex 59.259 208 22
      vertex 59.259 206.99 22
    endloop
  endfacet
  facet normal -0.500002 0 0.866024
    outer loop
      vertex 63.5891 208 19.5
      vertex 67.9192 206.99 22
      vertex 67.9192 208 22
    endloop
  endfacet
  facet normal -0.500002 0 0.866024
    outer loop
      vertex 67.9192 206.99 22
      vertex 63.5891 208 19.5
      vertex 63.5891 206.99 19.5
    endloop
  endfacet
  facet normal -1 0 0
    outer loop
      vertex 79.1795 206.99 22
      vertex 79.1795 208 27
      vertex 79.1795 208 22
    endloop
  endfacet
  facet normal -1 -0 0
    outer loop
      vertex 79.1795 208 27
      vertex 79.1795 206.99 22
      vertex 79.1795 206.99 27
    endloop
  endfacet
  facet normal -0.499994 0 -0.866029
    outer loop
      vertex 74.8493 206.99 29.5
      vertex 79.1795 208 27
      vertex 79.1795 206.99 27
    endloop
  endfacet
  facet normal -0.499994 0 -0.866029
    outer loop
      vertex 79.1795 208 27
      vertex 74.8493 206.99 29.5
      vertex 74.8493 208 29.5
    endloop
  endfacet
  facet normal 0.500002 0 -0.866024
    outer loop
      vertex 70.5192 206.99 27
      vertex 74.8493 208 29.5
      vertex 74.8493 206.99 29.5
    endloop
  endfacet
  facet normal 0.500002 0 -0.866024
    outer loop
      vertex 74.8493 208 29.5
      vertex 70.5192 206.99 27
      vertex 70.5192 208 27
    endloop
  endfacet
  facet normal 1 -0 0
    outer loop
      vertex 70.5192 206.99 27
      vertex 70.5192 208 22
      vertex 70.5192 208 27
    endloop
  endfacet
  facet normal 1 0 0
    outer loop
      vertex 70.5192 208 22
      vertex 70.5192 206.99 27
      vertex 70.5192 206.99 22
    endloop
  endfacet
  facet normal 0.500002 0 0.866024
    outer loop
      vertex 70.5192 208 22
      vertex 74.8493 206.99 19.5
      vertex 74.8493 208 19.5
    endloop
  endfacet
  facet normal 0.500002 0 0.866024
    outer loop
      vertex 74.8493 206.99 19.5
      vertex 70.5192 208 22
      vertex 70.5192 206.99 22
    endloop
  endfacet
  facet normal -0.499994 0 0.866029
    outer loop
      vertex 74.8493 208 19.5
      vertex 79.1795 206.99 22
      vertex 79.1795 208 22
    endloop
  endfacet
  facet normal -0.499994 0 0.866029
    outer loop
      vertex 79.1795 206.99 22
      vertex 74.8493 208 19.5
      vertex 74.8493 206.99 19.5
    endloop
  endfacet
  facet normal -1 0 0
    outer loop
      vertex 90.4397 206.99 22
      vertex 90.4397 208 27
      vertex 90.4397 208 22
    endloop
  endfacet
  facet normal -1 -0 0
    outer loop
      vertex 90.4397 208 27
      vertex 90.4397 206.99 22
      vertex 90.4397 206.99 27
    endloop
  endfacet
  facet normal -0.500002 0 -0.866024
    outer loop
      vertex 86.1096 206.99 29.5
      vertex 90.4397 208 27
      vertex 90.4397 206.99 27
    endloop
  endfacet
  facet normal -0.500002 0 -0.866024
    outer loop
      vertex 90.4397 208 27
      vertex 86.1096 206.99 29.5
      vertex 86.1096 208 29.5
    endloop
  endfacet
  facet normal 0.500002 0 -0.866024
    outer loop
      vertex 81.7795 206.99 27
      vertex 86.1096 208 29.5
      vertex 86.1096 206.99 29.5
    endloop
  endfacet
  facet normal 0.500002 0 -0.866024
    outer loop
      vertex 86.1096 208 29.5
      vertex 81.7795 206.99 27
      vertex 81.7795 208 27
    endloop
  endfacet
  facet normal 1 -0 0
    outer loop
      vertex 81.7795 206.99 27
      vertex 81.7795 208 22
      vertex 81.7795 208 27
    endloop
  endfacet
  facet normal 1 0 0
    outer loop
      vertex 81.7795 208 22
      vertex 81.7795 206.99 27
      vertex 81.7795 206.99 22
    endloop
  endfacet
  facet normal 0.500002 0 0.866024
    outer loop
      vertex 81.7795 208 22
      vertex 86.1096 206.99 19.5
      vertex 86.1096 208 19.5
    endloop
  endfacet
  facet normal 0.500002 0 0.866024
    outer loop
      vertex 86.1096 206.99 19.5
      vertex 81.7795 208 22
      vertex 81.7795 206.99 22
    endloop
  endfacet
  facet normal -0.500002 0 0.866024
    outer loop
      vertex 86.1096 208 19.5
      vertex 90.4397 206.99 22
      vertex 90.4397 208 22
    endloop
  endfacet
  facet normal -0.500002 0 0.866024
    outer loop
      vertex 90.4397 206.99 22
      vertex 86.1096 208 19.5
      vertex 86.1096 206.99 19.5
    endloop
  endfacet
  facet normal -1 0 0
    outer loop
      vertex 28.5083 206.99 12.2483
      vertex 28.5083 208 17.2483
      vertex 28.5083 208 12.2483
    endloop
  endfacet
  facet normal -1 -0 0
    outer loop
      vertex 28.5083 208 17.2483
      vertex 28.5083 206.99 12.2483
      vertex 28.5083 206.99 17.2483
    endloop
  endfacet
  facet normal -0.500002 0 -0.866024
    outer loop
      vertex 24.1782 206.99 19.7483
      vertex 28.5083 208 17.2483
      vertex 28.5083 206.99 17.2483
    endloop
  endfacet
  facet normal -0.500002 0 -0.866024
    outer loop
      vertex 28.5083 208 17.2483
      vertex 24.1782 206.99 19.7483
      vertex 24.1782 208 19.7483
    endloop
  endfacet
  facet normal 0.500002 0 -0.866024
    outer loop
      vertex 19.8481 206.99 17.2483
      vertex 24.1782 208 19.7483
      vertex 24.1782 206.99 19.7483
    endloop
  endfacet
  facet normal 0.500002 0 -0.866024
    outer loop
      vertex 24.1782 208 19.7483
      vertex 19.8481 206.99 17.2483
      vertex 19.8481 208 17.2483
    endloop
  endfacet
  facet normal 1 -0 0
    outer loop
      vertex 19.8481 206.99 17.2483
      vertex 19.8481 208 12.2483
      vertex 19.8481 208 17.2483
    endloop
  endfacet
  facet normal 1 0 0
    outer loop
      vertex 19.8481 208 12.2483
      vertex 19.8481 206.99 17.2483
      vertex 19.8481 206.99 12.2483
    endloop
  endfacet
  facet normal 0.499999 0 0.866026
    outer loop
      vertex 19.8481 208 12.2483
      vertex 24.1782 206.99 9.74832
      vertex 24.1782 208 9.74832
    endloop
  endfacet
  facet normal 0.499999 0 0.866026
    outer loop
      vertex 24.1782 206.99 9.74832
      vertex 19.8481 208 12.2483
      vertex 19.8481 206.99 12.2483
    endloop
  endfacet
  facet normal -0.499999 0 0.866026
    outer loop
      vertex 24.1782 208 9.74832
      vertex 28.5083 206.99 12.2483
      vertex 28.5083 208 12.2483
    endloop
  endfacet
  facet normal -0.499999 0 0.866026
    outer loop
      vertex 28.5083 206.99 12.2483
      vertex 24.1782 208 9.74832
      vertex 24.1782 206.99 9.74832
    endloop
  endfacet
  facet normal -1 0 0
    outer loop
      vertex 17.2481 206.99 12.2483
      vertex 17.2481 208 17.2483
      vertex 17.2481 208 12.2483
    endloop
  endfacet
  facet normal -1 -0 0
    outer loop
      vertex 17.2481 208 17.2483
      vertex 17.2481 206.99 12.2483
      vertex 17.2481 206.99 17.2483
    endloop
  endfacet
  facet normal -0.500002 0 -0.866024
    outer loop
      vertex 12.918 206.99 19.7483
      vertex 17.2481 208 17.2483
      vertex 17.2481 206.99 17.2483
    endloop
  endfacet
  facet normal -0.500002 0 -0.866024
    outer loop
      vertex 17.2481 208 17.2483
      vertex 12.918 206.99 19.7483
      vertex 12.918 208 19.7483
    endloop
  endfacet
  facet normal 0.499996 0 -0.866028
    outer loop
      vertex 8.58783 206.99 17.2483
      vertex 12.918 208 19.7483
      vertex 12.918 206.99 19.7483
    endloop
  endfacet
  facet normal 0.499996 0 -0.866028
    outer loop
      vertex 12.918 208 19.7483
      vertex 8.58783 206.99 17.2483
      vertex 8.58783 208 17.2483
    endloop
  endfacet
  facet normal 1 -0 0
    outer loop
      vertex 8.58783 206.99 17.2483
      vertex 8.58783 208 12.2483
      vertex 8.58783 208 17.2483
    endloop
  endfacet
  facet normal 1 0 0
    outer loop
      vertex 8.58783 208 12.2483
      vertex 8.58783 206.99 17.2483
      vertex 8.58783 206.99 12.2483
    endloop
  endfacet
  facet normal 0.499993 0 0.866029
    outer loop
      vertex 8.58783 208 12.2483
      vertex 12.918 206.99 9.74832
      vertex 12.918 208 9.74832
    endloop
  endfacet
  facet normal 0.499993 0 0.866029
    outer loop
      vertex 12.918 206.99 9.74832
      vertex 8.58783 208 12.2483
      vertex 8.58783 206.99 12.2483
    endloop
  endfacet
  facet normal -0.499999 0 0.866026
    outer loop
      vertex 12.918 208 9.74832
      vertex 17.2481 206.99 12.2483
      vertex 17.2481 208 12.2483
    endloop
  endfacet
  facet normal -0.499999 0 0.866026
    outer loop
      vertex 17.2481 206.99 12.2483
      vertex 12.918 208 9.74832
      vertex 12.918 206.99 9.74832
    endloop
  endfacet
  facet normal -1 0 0
    outer loop
      vertex 39.7686 206.99 12.2483
      vertex 39.7686 208 17.2483
      vertex 39.7686 208 12.2483
    endloop
  endfacet
  facet normal -1 -0 0
    outer loop
      vertex 39.7686 208 17.2483
      vertex 39.7686 206.99 12.2483
      vertex 39.7686 206.99 17.2483
    endloop
  endfacet
  facet normal -0.500002 0 -0.866024
    outer loop
      vertex 35.4385 206.99 19.7483
      vertex 39.7686 208 17.2483
      vertex 39.7686 206.99 17.2483
    endloop
  endfacet
  facet normal -0.500002 0 -0.866024
    outer loop
      vertex 39.7686 208 17.2483
      vertex 35.4385 206.99 19.7483
      vertex 35.4385 208 19.7483
    endloop
  endfacet
  facet normal 0.499994 0 -0.866029
    outer loop
      vertex 31.1083 206.99 17.2483
      vertex 35.4385 208 19.7483
      vertex 35.4385 206.99 19.7483
    endloop
  endfacet
  facet normal 0.499994 0 -0.866029
    outer loop
      vertex 35.4385 208 19.7483
      vertex 31.1083 206.99 17.2483
      vertex 31.1083 208 17.2483
    endloop
  endfacet
  facet normal 1 -0 0
    outer loop
      vertex 31.1083 206.99 17.2483
      vertex 31.1083 208 12.2483
      vertex 31.1083 208 17.2483
    endloop
  endfacet
  facet normal 1 0 0
    outer loop
      vertex 31.1083 208 12.2483
      vertex 31.1083 206.99 17.2483
      vertex 31.1083 206.99 12.2483
    endloop
  endfacet
  facet normal 0.499991 0 0.866031
    outer loop
      vertex 31.1083 208 12.2483
      vertex 35.4385 206.99 9.74832
      vertex 35.4385 208 9.74832
    endloop
  endfacet
  facet normal 0.499991 0 0.866031
    outer loop
      vertex 35.4385 206.99 9.74832
      vertex 31.1083 208 12.2483
      vertex 31.1083 206.99 12.2483
    endloop
  endfacet
  facet normal -0.499999 0 0.866026
    outer loop
      vertex 35.4385 208 9.74832
      vertex 39.7686 206.99 12.2483
      vertex 39.7686 208 12.2483
    endloop
  endfacet
  facet normal -0.499999 0 0.866026
    outer loop
      vertex 39.7686 206.99 12.2483
      vertex 35.4385 208 9.74832
      vertex 35.4385 206.99 9.74832
    endloop
  endfacet
  facet normal -1 0 0
    outer loop
      vertex 51.0288 206.99 12.2483
      vertex 51.0288 208 17.2483
      vertex 51.0288 208 12.2483
    endloop
  endfacet
  facet normal -1 -0 0
    outer loop
      vertex 51.0288 208 17.2483
      vertex 51.0288 206.99 12.2483
      vertex 51.0288 206.99 17.2483
    endloop
  endfacet
  facet normal -0.500002 0 -0.866024
    outer loop
      vertex 46.6987 206.99 19.7483
      vertex 51.0288 208 17.2483
      vertex 51.0288 206.99 17.2483
    endloop
  endfacet
  facet normal -0.500002 0 -0.866024
    outer loop
      vertex 51.0288 208 17.2483
      vertex 46.6987 206.99 19.7483
      vertex 46.6987 208 19.7483
    endloop
  endfacet
  facet normal 0.500002 0 -0.866024
    outer loop
      vertex 42.3686 206.99 17.2483
      vertex 46.6987 208 19.7483
      vertex 46.6987 206.99 19.7483
    endloop
  endfacet
  facet normal 0.500002 0 -0.866024
    outer loop
      vertex 46.6987 208 19.7483
      vertex 42.3686 206.99 17.2483
      vertex 42.3686 208 17.2483
    endloop
  endfacet
  facet normal 1 -0 0
    outer loop
      vertex 42.3686 206.99 17.2483
      vertex 42.3686 208 12.2483
      vertex 42.3686 208 17.2483
    endloop
  endfacet
  facet normal 1 0 0
    outer loop
      vertex 42.3686 208 12.2483
      vertex 42.3686 206.99 17.2483
      vertex 42.3686 206.99 12.2483
    endloop
  endfacet
  facet normal 0.499999 0 0.866026
    outer loop
      vertex 42.3686 208 12.2483
      vertex 46.6987 206.99 9.74832
      vertex 46.6987 208 9.74832
    endloop
  endfacet
  facet normal 0.499999 0 0.866026
    outer loop
      vertex 46.6987 206.99 9.74832
      vertex 42.3686 208 12.2483
      vertex 42.3686 206.99 12.2483
    endloop
  endfacet
  facet normal -0.499999 0 0.866026
    outer loop
      vertex 46.6987 208 9.74832
      vertex 51.0288 206.99 12.2483
      vertex 51.0288 208 12.2483
    endloop
  endfacet
  facet normal -0.499999 0 0.866026
    outer loop
      vertex 51.0288 206.99 12.2483
      vertex 46.6987 208 9.74832
      vertex 46.6987 206.99 9.74832
    endloop
  endfacet
  facet normal -1 0 0
    outer loop
      vertex 62.2891 206.99 12.2483
      vertex 62.2891 208 17.2483
      vertex 62.2891 208 12.2483
    endloop
  endfacet
  facet normal -1 -0 0
    outer loop
      vertex 62.2891 208 17.2483
      vertex 62.2891 206.99 12.2483
      vertex 62.2891 206.99 17.2483
    endloop
  endfacet
  facet normal -0.500002 0 -0.866024
    outer loop
      vertex 57.959 206.99 19.7483
      vertex 62.2891 208 17.2483
      vertex 62.2891 206.99 17.2483
    endloop
  endfacet
  facet normal -0.500002 0 -0.866024
    outer loop
      vertex 62.2891 208 17.2483
      vertex 57.959 206.99 19.7483
      vertex 57.959 208 19.7483
    endloop
  endfacet
  facet normal 0.499994 0 -0.866029
    outer loop
      vertex 53.6288 206.99 17.2483
      vertex 57.959 208 19.7483
      vertex 57.959 206.99 19.7483
    endloop
  endfacet
  facet normal 0.499994 0 -0.866029
    outer loop
      vertex 57.959 208 19.7483
      vertex 53.6288 206.99 17.2483
      vertex 53.6288 208 17.2483
    endloop
  endfacet
  facet normal 1 -0 0
    outer loop
      vertex 53.6288 206.99 17.2483
      vertex 53.6288 208 12.2483
      vertex 53.6288 208 17.2483
    endloop
  endfacet
  facet normal 1 0 0
    outer loop
      vertex 53.6288 208 12.2483
      vertex 53.6288 206.99 17.2483
      vertex 53.6288 206.99 12.2483
    endloop
  endfacet
  facet normal 0.499991 0 0.866031
    outer loop
      vertex 53.6288 208 12.2483
      vertex 57.959 206.99 9.74832
      vertex 57.959 208 9.74832
    endloop
  endfacet
  facet normal 0.499991 0 0.866031
    outer loop
      vertex 57.959 206.99 9.74832
      vertex 53.6288 208 12.2483
      vertex 53.6288 206.99 12.2483
    endloop
  endfacet
  facet normal -0.499999 0 0.866026
    outer loop
      vertex 57.959 208 9.74832
      vertex 62.2891 206.99 12.2483
      vertex 62.2891 208 12.2483
    endloop
  endfacet
  facet normal -0.499999 0 0.866026
    outer loop
      vertex 62.2891 206.99 12.2483
      vertex 57.959 208 9.74832
      vertex 57.959 206.99 9.74832
    endloop
  endfacet
  facet normal -1 0 0
    outer loop
      vertex 73.5493 206.99 12.2483
      vertex 73.5493 208 17.2483
      vertex 73.5493 208 12.2483
    endloop
  endfacet
  facet normal -1 -0 0
    outer loop
      vertex 73.5493 208 17.2483
      vertex 73.5493 206.99 12.2483
      vertex 73.5493 206.99 17.2483
    endloop
  endfacet
  facet normal -0.500002 0 -0.866024
    outer loop
      vertex 69.2192 206.99 19.7483
      vertex 73.5493 208 17.2483
      vertex 73.5493 206.99 17.2483
    endloop
  endfacet
  facet normal -0.500002 0 -0.866024
    outer loop
      vertex 73.5493 208 17.2483
      vertex 69.2192 206.99 19.7483
      vertex 69.2192 208 19.7483
    endloop
  endfacet
  facet normal 0.500002 0 -0.866024
    outer loop
      vertex 64.8891 206.99 17.2483
      vertex 69.2192 208 19.7483
      vertex 69.2192 206.99 19.7483
    endloop
  endfacet
  facet normal 0.500002 0 -0.866024
    outer loop
      vertex 69.2192 208 19.7483
      vertex 64.8891 206.99 17.2483
      vertex 64.8891 208 17.2483
    endloop
  endfacet
  facet normal 1 -0 0
    outer loop
      vertex 64.8891 206.99 17.2483
      vertex 64.8891 208 12.2483
      vertex 64.8891 208 17.2483
    endloop
  endfacet
  facet normal 1 0 0
    outer loop
      vertex 64.8891 208 12.2483
      vertex 64.8891 206.99 17.2483
      vertex 64.8891 206.99 12.2483
    endloop
  endfacet
  facet normal 0.499999 0 0.866026
    outer loop
      vertex 64.8891 208 12.2483
      vertex 69.2192 206.99 9.74832
      vertex 69.2192 208 9.74832
    endloop
  endfacet
  facet normal 0.499999 0 0.866026
    outer loop
      vertex 69.2192 206.99 9.74832
      vertex 64.8891 208 12.2483
      vertex 64.8891 206.99 12.2483
    endloop
  endfacet
  facet normal -0.499999 0 0.866026
    outer loop
      vertex 69.2192 208 9.74832
      vertex 73.5493 206.99 12.2483
      vertex 73.5493 208 12.2483
    endloop
  endfacet
  facet normal -0.499999 0 0.866026
    outer loop
      vertex 73.5493 206.99 12.2483
      vertex 69.2192 208 9.74832
      vertex 69.2192 206.99 9.74832
    endloop
  endfacet
  facet normal -1 0 0
    outer loop
      vertex 84.8096 206.99 12.2483
      vertex 84.8096 208 17.2483
      vertex 84.8096 208 12.2483
    endloop
  endfacet
  facet normal -1 -0 0
    outer loop
      vertex 84.8096 208 17.2483
      vertex 84.8096 206.99 12.2483
      vertex 84.8096 206.99 17.2483
    endloop
  endfacet
  facet normal -0.500002 0 -0.866024
    outer loop
      vertex 80.4795 206.99 19.7483
      vertex 84.8096 208 17.2483
      vertex 84.8096 206.99 17.2483
    endloop
  endfacet
  facet normal -0.500002 0 -0.866024
    outer loop
      vertex 84.8096 208 17.2483
      vertex 80.4795 206.99 19.7483
      vertex 80.4795 208 19.7483
    endloop
  endfacet
  facet normal 0.500002 0 -0.866024
    outer loop
      vertex 76.1494 206.99 17.2483
      vertex 80.4795 208 19.7483
      vertex 80.4795 206.99 19.7483
    endloop
  endfacet
  facet normal 0.500002 0 -0.866024
    outer loop
      vertex 80.4795 208 19.7483
      vertex 76.1494 206.99 17.2483
      vertex 76.1494 208 17.2483
    endloop
  endfacet
  facet normal 1 -0 0
    outer loop
      vertex 76.1494 206.99 17.2483
      vertex 76.1494 208 12.2483
      vertex 76.1494 208 17.2483
    endloop
  endfacet
  facet normal 1 0 0
    outer loop
      vertex 76.1494 208 12.2483
      vertex 76.1494 206.99 17.2483
      vertex 76.1494 206.99 12.2483
    endloop
  endfacet
  facet normal 0.499999 0 0.866026
    outer loop
      vertex 76.1494 208 12.2483
      vertex 80.4795 206.99 9.74832
      vertex 80.4795 208 9.74832
    endloop
  endfacet
  facet normal 0.499999 0 0.866026
    outer loop
      vertex 80.4795 206.99 9.74832
      vertex 76.1494 208 12.2483
      vertex 76.1494 206.99 12.2483
    endloop
  endfacet
  facet normal -0.499999 0 0.866026
    outer loop
      vertex 80.4795 208 9.74832
      vertex 84.8096 206.99 12.2483
      vertex 84.8096 208 12.2483
    endloop
  endfacet
  facet normal -0.499999 0 0.866026
    outer loop
      vertex 84.8096 206.99 12.2483
      vertex 80.4795 208 9.74832
      vertex 80.4795 206.99 9.74832
    endloop
  endfacet
  facet normal -1 0 0
    outer loop
      vertex 96.0699 206.99 12.2483
      vertex 96.0699 208 17.2483
      vertex 96.0699 208 12.2483
    endloop
  endfacet
  facet normal -1 -0 0
    outer loop
      vertex 96.0699 208 17.2483
      vertex 96.0699 206.99 12.2483
      vertex 96.0699 206.99 17.2483
    endloop
  endfacet
  facet normal -0.499994 0 -0.866029
    outer loop
      vertex 91.7397 206.99 19.7483
      vertex 96.0699 208 17.2483
      vertex 96.0699 206.99 17.2483
    endloop
  endfacet
  facet normal -0.499994 0 -0.866029
    outer loop
      vertex 96.0699 208 17.2483
      vertex 91.7397 206.99 19.7483
      vertex 91.7397 208 19.7483
    endloop
  endfacet
  facet normal 0.500002 0 -0.866024
    outer loop
      vertex 87.4096 206.99 17.2483
      vertex 91.7397 208 19.7483
      vertex 91.7397 206.99 19.7483
    endloop
  endfacet
  facet normal 0.500002 0 -0.866024
    outer loop
      vertex 91.7397 208 19.7483
      vertex 87.4096 206.99 17.2483
      vertex 87.4096 208 17.2483
    endloop
  endfacet
  facet normal 1 -0 0
    outer loop
      vertex 87.4096 206.99 17.2483
      vertex 87.4096 208 12.2483
      vertex 87.4096 208 17.2483
    endloop
  endfacet
  facet normal 1 0 0
    outer loop
      vertex 87.4096 208 12.2483
      vertex 87.4096 206.99 17.2483
      vertex 87.4096 206.99 12.2483
    endloop
  endfacet
  facet normal 0.499999 0 0.866026
    outer loop
      vertex 87.4096 208 12.2483
      vertex 91.7397 206.99 9.74832
      vertex 91.7397 208 9.74832
    endloop
  endfacet
  facet normal 0.499999 0 0.866026
    outer loop
      vertex 91.7397 206.99 9.74832
      vertex 87.4096 208 12.2483
      vertex 87.4096 206.99 12.2483
    endloop
  endfacet
  facet normal -0.499991 0 0.866031
    outer loop
      vertex 91.7397 208 9.74832
      vertex 96.0699 206.99 12.2483
      vertex 96.0699 208 12.2483
    endloop
  endfacet
  facet normal -0.499991 0 0.866031
    outer loop
      vertex 96.0699 206.99 12.2483
      vertex 91.7397 208 9.74832
      vertex 91.7397 206.99 9.74832
    endloop
  endfacet
  facet normal -1 0 0
    outer loop
      vertex 107.33 206.99 12.2483
      vertex 107.33 208 17.2483
      vertex 107.33 208 12.2483
    endloop
  endfacet
  facet normal -1 -0 0
    outer loop
      vertex 107.33 208 17.2483
      vertex 107.33 206.99 12.2483
      vertex 107.33 206.99 17.2483
    endloop
  endfacet
  facet normal -0.500011 0 -0.866019
    outer loop
      vertex 103 206.99 19.7483
      vertex 107.33 208 17.2483
      vertex 107.33 206.99 17.2483
    endloop
  endfacet
  facet normal -0.500011 0 -0.866019
    outer loop
      vertex 107.33 208 17.2483
      vertex 103 206.99 19.7483
      vertex 103 208 19.7483
    endloop
  endfacet
  facet normal 0.500002 0 -0.866024
    outer loop
      vertex 98.6699 206.99 17.2483
      vertex 103 208 19.7483
      vertex 103 206.99 19.7483
    endloop
  endfacet
  facet normal 0.500002 0 -0.866024
    outer loop
      vertex 103 208 19.7483
      vertex 98.6699 206.99 17.2483
      vertex 98.6699 208 17.2483
    endloop
  endfacet
  facet normal 1 -0 0
    outer loop
      vertex 98.6699 206.99 17.2483
      vertex 98.6699 208 12.2483
      vertex 98.6699 208 17.2483
    endloop
  endfacet
  facet normal 1 0 0
    outer loop
      vertex 98.6699 208 12.2483
      vertex 98.6699 206.99 17.2483
      vertex 98.6699 206.99 12.2483
    endloop
  endfacet
  facet normal 0.499999 0 0.866026
    outer loop
      vertex 98.6699 208 12.2483
      vertex 103 206.99 9.74832
      vertex 103 208 9.74832
    endloop
  endfacet
  facet normal 0.499999 0 0.866026
    outer loop
      vertex 103 206.99 9.74832
      vertex 98.6699 208 12.2483
      vertex 98.6699 206.99 12.2483
    endloop
  endfacet
  facet normal -0.500008 0 0.866021
    outer loop
      vertex 103 208 9.74832
      vertex 107.33 206.99 12.2483
      vertex 107.33 208 12.2483
    endloop
  endfacet
  facet normal -0.500008 0 0.866021
    outer loop
      vertex 107.33 206.99 12.2483
      vertex 103 208 9.74832
      vertex 103 206.99 9.74832
    endloop
  endfacet
  facet normal -1 0 0
    outer loop
      vertex 118.59 206.99 12.2483
      vertex 118.59 208 17.2483
      vertex 118.59 208 12.2483
    endloop
  endfacet
  facet normal -1 -0 0
    outer loop
      vertex 118.59 208 17.2483
      vertex 118.59 206.99 12.2483
      vertex 118.59 206.99 17.2483
    endloop
  endfacet
  facet normal -0.500011 0 -0.866019
    outer loop
      vertex 114.26 206.99 19.7483
      vertex 118.59 208 17.2483
      vertex 118.59 206.99 17.2483
    endloop
  endfacet
  facet normal -0.500011 0 -0.866019
    outer loop
      vertex 118.59 208 17.2483
      vertex 114.26 206.99 19.7483
      vertex 114.26 208 19.7483
    endloop
  endfacet
  facet normal 0.500011 0 -0.866019
    outer loop
      vertex 109.93 206.99 17.2483
      vertex 114.26 208 19.7483
      vertex 114.26 206.99 19.7483
    endloop
  endfacet
  facet normal 0.500011 0 -0.866019
    outer loop
      vertex 114.26 208 19.7483
      vertex 109.93 206.99 17.2483
      vertex 109.93 208 17.2483
    endloop
  endfacet
  facet normal 1 -0 0
    outer loop
      vertex 109.93 206.99 17.2483
      vertex 109.93 208 12.2483
      vertex 109.93 208 17.2483
    endloop
  endfacet
  facet normal 1 0 0
    outer loop
      vertex 109.93 208 12.2483
      vertex 109.93 206.99 17.2483
      vertex 109.93 206.99 12.2483
    endloop
  endfacet
  facet normal 0.500008 0 0.866021
    outer loop
      vertex 109.93 208 12.2483
      vertex 114.26 206.99 9.74832
      vertex 114.26 208 9.74832
    endloop
  endfacet
  facet normal 0.500008 0 0.866021
    outer loop
      vertex 114.26 206.99 9.74832
      vertex 109.93 208 12.2483
      vertex 109.93 206.99 12.2483
    endloop
  endfacet
  facet normal -0.500008 0 0.866021
    outer loop
      vertex 114.26 208 9.74832
      vertex 118.59 206.99 12.2483
      vertex 118.59 208 12.2483
    endloop
  endfacet
  facet normal -0.500008 0 0.866021
    outer loop
      vertex 118.59 206.99 12.2483
      vertex 114.26 208 9.74832
      vertex 114.26 206.99 9.74832
    endloop
  endfacet
  facet normal -1 0 0
    outer loop
      vertex 129.851 206.99 12.2483
      vertex 129.851 208 17.2483
      vertex 129.851 208 12.2483
    endloop
  endfacet
  facet normal -1 -0 0
    outer loop
      vertex 129.851 208 17.2483
      vertex 129.851 206.99 12.2483
      vertex 129.851 206.99 17.2483
    endloop
  endfacet
  facet normal -0.500011 0 -0.866019
    outer loop
      vertex 125.521 206.99 19.7483
      vertex 129.851 208 17.2483
      vertex 129.851 206.99 17.2483
    endloop
  endfacet
  facet normal -0.500011 0 -0.866019
    outer loop
      vertex 129.851 208 17.2483
      vertex 125.521 206.99 19.7483
      vertex 125.521 208 19.7483
    endloop
  endfacet
  facet normal 0.499924 0 -0.866069
    outer loop
      vertex 121.19 206.99 17.2483
      vertex 125.521 208 19.7483
      vertex 125.521 206.99 19.7483
    endloop
  endfacet
  facet normal 0.499924 0 -0.866069
    outer loop
      vertex 125.521 208 19.7483
      vertex 121.19 206.99 17.2483
      vertex 121.19 208 17.2483
    endloop
  endfacet
  facet normal 1 -0 0
    outer loop
      vertex 121.19 206.99 17.2483
      vertex 121.19 208 12.2483
      vertex 121.19 208 17.2483
    endloop
  endfacet
  facet normal 1 0 0
    outer loop
      vertex 121.19 208 12.2483
      vertex 121.19 206.99 17.2483
      vertex 121.19 206.99 12.2483
    endloop
  endfacet
  facet normal 0.499921 0 0.866071
    outer loop
      vertex 121.19 208 12.2483
      vertex 125.521 206.99 9.74832
      vertex 125.521 208 9.74832
    endloop
  endfacet
  facet normal 0.499921 0 0.866071
    outer loop
      vertex 125.521 206.99 9.74832
      vertex 121.19 208 12.2483
      vertex 121.19 206.99 12.2483
    endloop
  endfacet
  facet normal -0.500008 0 0.866021
    outer loop
      vertex 125.521 208 9.74832
      vertex 129.851 206.99 12.2483
      vertex 129.851 208 12.2483
    endloop
  endfacet
  facet normal -0.500008 0 0.866021
    outer loop
      vertex 129.851 206.99 12.2483
      vertex 125.521 208 9.74832
      vertex 125.521 206.99 9.74832
    endloop
  endfacet
  facet normal -1 0 0
    outer loop
      vertex 141.111 206.99 12.2483
      vertex 141.111 208 17.2483
      vertex 141.111 208 12.2483
    endloop
  endfacet
  facet normal -1 -0 0
    outer loop
      vertex 141.111 208 17.2483
      vertex 141.111 206.99 12.2483
      vertex 141.111 206.99 17.2483
    endloop
  endfacet
  facet normal -0.500011 0 -0.866019
    outer loop
      vertex 136.781 206.99 19.7483
      vertex 141.111 208 17.2483
      vertex 141.111 206.99 17.2483
    endloop
  endfacet
  facet normal -0.500011 0 -0.866019
    outer loop
      vertex 141.111 208 17.2483
      vertex 136.781 206.99 19.7483
      vertex 136.781 208 19.7483
    endloop
  endfacet
  facet normal 0.500011 0 -0.866019
    outer loop
      vertex 132.451 206.99 17.2483
      vertex 136.781 208 19.7483
      vertex 136.781 206.99 19.7483
    endloop
  endfacet
  facet normal 0.500011 0 -0.866019
    outer loop
      vertex 136.781 208 19.7483
      vertex 132.451 206.99 17.2483
      vertex 132.451 208 17.2483
    endloop
  endfacet
  facet normal 1 -0 0
    outer loop
      vertex 132.451 206.99 17.2483
      vertex 132.451 208 12.2483
      vertex 132.451 208 17.2483
    endloop
  endfacet
  facet normal 1 0 0
    outer loop
      vertex 132.451 208 12.2483
      vertex 132.451 206.99 17.2483
      vertex 132.451 206.99 12.2483
    endloop
  endfacet
  facet normal 0.500008 0 0.866021
    outer loop
      vertex 132.451 208 12.2483
      vertex 136.781 206.99 9.74832
      vertex 136.781 208 9.74832
    endloop
  endfacet
  facet normal 0.500008 0 0.866021
    outer loop
      vertex 136.781 206.99 9.74832
      vertex 132.451 208 12.2483
      vertex 132.451 206.99 12.2483
    endloop
  endfacet
  facet normal -0.500008 0 0.866021
    outer loop
      vertex 136.781 208 9.74832
      vertex 141.111 206.99 12.2483
      vertex 141.111 208 12.2483
    endloop
  endfacet
  facet normal -0.500008 0 0.866021
    outer loop
      vertex 141.111 206.99 12.2483
      vertex 136.781 208 9.74832
      vertex 136.781 206.99 9.74832
    endloop
  endfacet
  facet normal -1 0 0
    outer loop
      vertex 152.371 206.99 12.2483
      vertex 152.371 208 17.2483
      vertex 152.371 208 12.2483
    endloop
  endfacet
  facet normal -1 -0 0
    outer loop
      vertex 152.371 208 17.2483
      vertex 152.371 206.99 12.2483
      vertex 152.371 206.99 17.2483
    endloop
  endfacet
  facet normal -0.500011 0 -0.866019
    outer loop
      vertex 148.041 206.99 19.7483
      vertex 152.371 208 17.2483
      vertex 152.371 206.99 17.2483
    endloop
  endfacet
  facet normal -0.500011 0 -0.866019
    outer loop
      vertex 152.371 208 17.2483
      vertex 148.041 206.99 19.7483
      vertex 148.041 208 19.7483
    endloop
  endfacet
  facet normal 0.500011 0 -0.866019
    outer loop
      vertex 143.711 206.99 17.2483
      vertex 148.041 208 19.7483
      vertex 148.041 206.99 19.7483
    endloop
  endfacet
  facet normal 0.500011 0 -0.866019
    outer loop
      vertex 148.041 208 19.7483
      vertex 143.711 206.99 17.2483
      vertex 143.711 208 17.2483
    endloop
  endfacet
  facet normal 1 -0 0
    outer loop
      vertex 143.711 206.99 17.2483
      vertex 143.711 208 12.2483
      vertex 143.711 208 17.2483
    endloop
  endfacet
  facet normal 1 0 0
    outer loop
      vertex 143.711 208 12.2483
      vertex 143.711 206.99 17.2483
      vertex 143.711 206.99 12.2483
    endloop
  endfacet
  facet normal 0.500008 0 0.866021
    outer loop
      vertex 143.711 208 12.2483
      vertex 148.041 206.99 9.74832
      vertex 148.041 208 9.74832
    endloop
  endfacet
  facet normal 0.500008 0 0.866021
    outer loop
      vertex 148.041 206.99 9.74832
      vertex 143.711 208 12.2483
      vertex 143.711 206.99 12.2483
    endloop
  endfacet
  facet normal -0.500008 0 0.866021
    outer loop
      vertex 148.041 208 9.74832
      vertex 152.371 206.99 12.2483
      vertex 152.371 208 12.2483
    endloop
  endfacet
  facet normal -0.500008 0 0.866021
    outer loop
      vertex 152.371 206.99 12.2483
      vertex 148.041 208 9.74832
      vertex 148.041 206.99 9.74832
    endloop
  endfacet
  facet normal -1 0 0
    outer loop
      vertex 163.631 206.99 12.2483
      vertex 163.631 208 17.2483
      vertex 163.631 208 12.2483
    endloop
  endfacet
  facet normal -1 -0 0
    outer loop
      vertex 163.631 208 17.2483
      vertex 163.631 206.99 12.2483
      vertex 163.631 206.99 17.2483
    endloop
  endfacet
  facet normal -0.500011 0 -0.866019
    outer loop
      vertex 159.301 206.99 19.7483
      vertex 163.631 208 17.2483
      vertex 163.631 206.99 17.2483
    endloop
  endfacet
  facet normal -0.500011 0 -0.866019
    outer loop
      vertex 163.631 208 17.2483
      vertex 159.301 206.99 19.7483
      vertex 159.301 208 19.7483
    endloop
  endfacet
  facet normal 0.500011 0 -0.866019
    outer loop
      vertex 154.971 206.99 17.2483
      vertex 159.301 208 19.7483
      vertex 159.301 206.99 19.7483
    endloop
  endfacet
  facet normal 0.500011 0 -0.866019
    outer loop
      vertex 159.301 208 19.7483
      vertex 154.971 206.99 17.2483
      vertex 154.971 208 17.2483
    endloop
  endfacet
  facet normal 1 -0 0
    outer loop
      vertex 154.971 206.99 17.2483
      vertex 154.971 208 12.2483
      vertex 154.971 208 17.2483
    endloop
  endfacet
  facet normal 1 0 0
    outer loop
      vertex 154.971 208 12.2483
      vertex 154.971 206.99 17.2483
      vertex 154.971 206.99 12.2483
    endloop
  endfacet
  facet normal 0.500008 0 0.866021
    outer loop
      vertex 154.971 208 12.2483
      vertex 159.301 206.99 9.74832
      vertex 159.301 208 9.74832
    endloop
  endfacet
  facet normal 0.500008 0 0.866021
    outer loop
      vertex 159.301 206.99 9.74832
      vertex 154.971 208 12.2483
      vertex 154.971 206.99 12.2483
    endloop
  endfacet
  facet normal -0.500008 0 0.866021
    outer loop
      vertex 159.301 208 9.74832
      vertex 163.631 206.99 12.2483
      vertex 163.631 208 12.2483
    endloop
  endfacet
  facet normal -0.500008 0 0.866021
    outer loop
      vertex 163.631 206.99 12.2483
      vertex 159.301 208 9.74832
      vertex 159.301 206.99 9.74832
    endloop
  endfacet
  facet normal -1 0 0
    outer loop
      vertex 174.892 206.99 12.2483
      vertex 174.892 208 17.2483
      vertex 174.892 208 12.2483
    endloop
  endfacet
  facet normal -1 -0 0
    outer loop
      vertex 174.892 208 17.2483
      vertex 174.892 206.99 12.2483
      vertex 174.892 206.99 17.2483
    endloop
  endfacet
  facet normal -0.500011 0 -0.866019
    outer loop
      vertex 170.562 206.99 19.7483
      vertex 174.892 208 17.2483
      vertex 174.892 206.99 17.2483
    endloop
  endfacet
  facet normal -0.500011 0 -0.866019
    outer loop
      vertex 174.892 208 17.2483
      vertex 170.562 206.99 19.7483
      vertex 170.562 208 19.7483
    endloop
  endfacet
  facet normal 0.499924 0 -0.866069
    outer loop
      vertex 166.231 206.99 17.2483
      vertex 170.562 208 19.7483
      vertex 170.562 206.99 19.7483
    endloop
  endfacet
  facet normal 0.499924 0 -0.866069
    outer loop
      vertex 170.562 208 19.7483
      vertex 166.231 206.99 17.2483
      vertex 166.231 208 17.2483
    endloop
  endfacet
  facet normal 1 -0 0
    outer loop
      vertex 166.231 206.99 17.2483
      vertex 166.231 208 12.2483
      vertex 166.231 208 17.2483
    endloop
  endfacet
  facet normal 1 0 0
    outer loop
      vertex 166.231 208 12.2483
      vertex 166.231 206.99 17.2483
      vertex 166.231 206.99 12.2483
    endloop
  endfacet
  facet normal 0.499921 0 0.866071
    outer loop
      vertex 166.231 208 12.2483
      vertex 170.562 206.99 9.74832
      vertex 170.562 208 9.74832
    endloop
  endfacet
  facet normal 0.499921 0 0.866071
    outer loop
      vertex 170.562 206.99 9.74832
      vertex 166.231 208 12.2483
      vertex 166.231 206.99 12.2483
    endloop
  endfacet
  facet normal -0.500008 0 0.866021
    outer loop
      vertex 170.562 208 9.74832
      vertex 174.892 206.99 12.2483
      vertex 174.892 208 12.2483
    endloop
  endfacet
  facet normal -0.500008 0 0.866021
    outer loop
      vertex 174.892 206.99 12.2483
      vertex 170.562 208 9.74832
      vertex 170.562 206.99 9.74832
    endloop
  endfacet
  facet normal -1 0 0
    outer loop
      vertex 186.152 206.99 12.2483
      vertex 186.152 208 17.2483
      vertex 186.152 208 12.2483
    endloop
  endfacet
  facet normal -1 -0 0
    outer loop
      vertex 186.152 208 17.2483
      vertex 186.152 206.99 12.2483
      vertex 186.152 206.99 17.2483
    endloop
  endfacet
  facet normal -0.500011 0 -0.866019
    outer loop
      vertex 181.822 206.99 19.7483
      vertex 186.152 208 17.2483
      vertex 186.152 206.99 17.2483
    endloop
  endfacet
  facet normal -0.500011 0 -0.866019
    outer loop
      vertex 186.152 208 17.2483
      vertex 181.822 206.99 19.7483
      vertex 181.822 208 19.7483
    endloop
  endfacet
  facet normal 0.500011 0 -0.866019
    outer loop
      vertex 177.492 206.99 17.2483
      vertex 181.822 208 19.7483
      vertex 181.822 206.99 19.7483
    endloop
  endfacet
  facet normal 0.500011 0 -0.866019
    outer loop
      vertex 181.822 208 19.7483
      vertex 177.492 206.99 17.2483
      vertex 177.492 208 17.2483
    endloop
  endfacet
  facet normal 1 -0 0
    outer loop
      vertex 177.492 206.99 17.2483
      vertex 177.492 208 12.2483
      vertex 177.492 208 17.2483
    endloop
  endfacet
  facet normal 1 0 0
    outer loop
      vertex 177.492 208 12.2483
      vertex 177.492 206.99 17.2483
      vertex 177.492 206.99 12.2483
    endloop
  endfacet
  facet normal 0.500008 0 0.866021
    outer loop
      vertex 177.492 208 12.2483
      vertex 181.822 206.99 9.74832
      vertex 181.822 208 9.74832
    endloop
  endfacet
  facet normal 0.500008 0 0.866021
    outer loop
      vertex 181.822 206.99 9.74832
      vertex 177.492 208 12.2483
      vertex 177.492 206.99 12.2483
    endloop
  endfacet
  facet normal -0.500008 0 0.866021
    outer loop
      vertex 181.822 208 9.74832
      vertex 186.152 206.99 12.2483
      vertex 186.152 208 12.2483
    endloop
  endfacet
  facet normal -0.500008 0 0.866021
    outer loop
      vertex 186.152 206.99 12.2483
      vertex 181.822 208 9.74832
      vertex 181.822 206.99 9.74832
    endloop
  endfacet
  facet normal -1 0 0
    outer loop
      vertex 197.412 206.99 12.2483
      vertex 197.412 208 17.2483
      vertex 197.412 208 12.2483
    endloop
  endfacet
  facet normal -1 -0 0
    outer loop
      vertex 197.412 208 17.2483
      vertex 197.412 206.99 12.2483
      vertex 197.412 206.99 17.2483
    endloop
  endfacet
  facet normal -0.500011 0 -0.866019
    outer loop
      vertex 193.082 206.99 19.7483
      vertex 197.412 208 17.2483
      vertex 197.412 206.99 17.2483
    endloop
  endfacet
  facet normal -0.500011 0 -0.866019
    outer loop
      vertex 197.412 208 17.2483
      vertex 193.082 206.99 19.7483
      vertex 193.082 208 19.7483
    endloop
  endfacet
  facet normal 0.500011 0 -0.866019
    outer loop
      vertex 188.752 206.99 17.2483
      vertex 193.082 208 19.7483
      vertex 193.082 206.99 19.7483
    endloop
  endfacet
  facet normal 0.500011 0 -0.866019
    outer loop
      vertex 193.082 208 19.7483
      vertex 188.752 206.99 17.2483
      vertex 188.752 208 17.2483
    endloop
  endfacet
  facet normal 1 -0 0
    outer loop
      vertex 188.752 206.99 17.2483
      vertex 188.752 208 12.2483
      vertex 188.752 208 17.2483
    endloop
  endfacet
  facet normal 1 0 0
    outer loop
      vertex 188.752 208 12.2483
      vertex 188.752 206.99 17.2483
      vertex 188.752 206.99 12.2483
    endloop
  endfacet
  facet normal 0.500008 0 0.866021
    outer loop
      vertex 188.752 208 12.2483
      vertex 193.082 206.99 9.74832
      vertex 193.082 208 9.74832
    endloop
  endfacet
  facet normal 0.500008 0 0.866021
    outer loop
      vertex 193.082 206.99 9.74832
      vertex 188.752 208 12.2483
      vertex 188.752 206.99 12.2483
    endloop
  endfacet
  facet normal -0.500008 0 0.866021
    outer loop
      vertex 193.082 208 9.74832
      vertex 197.412 206.99 12.2483
      vertex 197.412 208 12.2483
    endloop
  endfacet
  facet normal -0.500008 0 0.866021
    outer loop
      vertex 197.412 206.99 12.2483
      vertex 193.082 208 9.74832
      vertex 193.082 206.99 9.74832
    endloop
  endfacet
  facet normal -1 0 0
    outer loop
      vertex 1.01 194.082 29.2517
      vertex 1.01 198.412 36.7517
      vertex 1.01 198.412 31.7517
    endloop
  endfacet
  facet normal -1 0 0
    outer loop
      vertex 1.01 194.082 29.2517
      vertex 1.01 194.082 39.2517
      vertex 1.01 198.412 36.7517
    endloop
  endfacet
  facet normal -1 0 0
    outer loop
      vertex 1.01 189.752 31.7517
      vertex 1.01 194.082 39.2517
      vertex 1.01 194.082 29.2517
    endloop
  endfacet
  facet normal -1 0 0
    outer loop
      vertex 1.01 194.082 39.2517
      vertex 1.01 189.752 31.7517
      vertex 1.01 189.752 36.7517
    endloop
  endfacet
  facet normal -1 0 0
    outer loop
      vertex 1.01 188.452 19.5
      vertex 1.01 192.782 27
      vertex 1.01 192.782 22
    endloop
  endfacet
  facet normal -1 0 0
    outer loop
      vertex 1.01 188.452 19.5
      vertex 1.01 188.452 29.5
      vertex 1.01 192.782 27
    endloop
  endfacet
  facet normal -1 0 0
    outer loop
      vertex 1.01 184.122 22
      vertex 1.01 188.452 29.5
      vertex 1.01 188.452 19.5
    endloop
  endfacet
  facet normal -1 0 0
    outer loop
      vertex 1.01 188.452 29.5
      vertex 1.01 184.122 22
      vertex 1.01 184.122 27
    endloop
  endfacet
  facet normal -1 0 0
    outer loop
      vertex 1.01 13.918 29.2517
      vertex 1.01 18.2481 36.7517
      vertex 1.01 18.2481 31.7517
    endloop
  endfacet
  facet normal -1 0 0
    outer loop
      vertex 1.01 13.918 29.2517
      vertex 1.01 13.918 39.2517
      vertex 1.01 18.2481 36.7517
    endloop
  endfacet
  facet normal -1 0 0
    outer loop
      vertex 1.01 9.58783 31.7517
      vertex 1.01 13.918 39.2517
      vertex 1.01 13.918 29.2517
    endloop
  endfacet
  facet normal -1 0 0
    outer loop
      vertex 1.01 13.918 39.2517
      vertex 1.01 9.58783 31.7517
      vertex 1.01 9.58783 36.7517
    endloop
  endfacet
  facet normal -1 0 0
    outer loop
      vertex 1.01 19.5481 19.5
      vertex 1.01 23.8782 27
      vertex 1.01 23.8782 22
    endloop
  endfacet
  facet normal -1 0 0
    outer loop
      vertex 1.01 19.5481 19.5
      vertex 1.01 19.5481 29.5
      vertex 1.01 23.8782 27
    endloop
  endfacet
  facet normal -1 0 0
    outer loop
      vertex 1.01 15.218 22
      vertex 1.01 19.5481 29.5
      vertex 1.01 19.5481 19.5
    endloop
  endfacet
  facet normal -1 0 0
    outer loop
      vertex 1.01 19.5481 29.5
      vertex 1.01 15.218 22
      vertex 1.01 15.218 27
    endloop
  endfacet
  facet normal -1 0 0
    outer loop
      vertex 1.01 25.1782 29.2517
      vertex 1.01 29.5083 36.7517
      vertex 1.01 29.5083 31.7517
    endloop
  endfacet
  facet normal -1 0 0
    outer loop
      vertex 1.01 25.1782 29.2517
      vertex 1.01 25.1782 39.2517
      vertex 1.01 29.5083 36.7517
    endloop
  endfacet
  facet normal -1 0 0
    outer loop
      vertex 1.01 20.8481 31.7517
      vertex 1.01 25.1782 39.2517
      vertex 1.01 25.1782 29.2517
    endloop
  endfacet
  facet normal -1 0 0
    outer loop
      vertex 1.01 25.1782 39.2517
      vertex 1.01 20.8481 31.7517
      vertex 1.01 20.8481 36.7517
    endloop
  endfacet
  facet normal -1 0 0
    outer loop
      vertex 1.01 36.4385 29.2517
      vertex 1.01 40.7686 36.7517
      vertex 1.01 40.7686 31.7517
    endloop
  endfacet
  facet normal -1 0 0
    outer loop
      vertex 1.01 36.4385 29.2517
      vertex 1.01 36.4385 39.2517
      vertex 1.01 40.7686 36.7517
    endloop
  endfacet
  facet normal -1 0 0
    outer loop
      vertex 1.01 32.1083 31.7517
      vertex 1.01 36.4385 39.2517
      vertex 1.01 36.4385 29.2517
    endloop
  endfacet
  facet normal -1 0 0
    outer loop
      vertex 1.01 36.4385 39.2517
      vertex 1.01 32.1083 31.7517
      vertex 1.01 32.1083 36.7517
    endloop
  endfacet
  facet normal -1 0 0
    outer loop
      vertex 1.01 58.959 29.2517
      vertex 1.01 63.2891 36.7517
      vertex 1.01 63.2891 31.7517
    endloop
  endfacet
  facet normal -1 0 0
    outer loop
      vertex 1.01 58.959 29.2517
      vertex 1.01 58.959 39.2517
      vertex 1.01 63.2891 36.7517
    endloop
  endfacet
  facet normal -1 0 0
    outer loop
      vertex 1.01 54.6288 31.7517
      vertex 1.01 58.959 39.2517
      vertex 1.01 58.959 29.2517
    endloop
  endfacet
  facet normal -1 0 0
    outer loop
      vertex 1.01 58.959 39.2517
      vertex 1.01 54.6288 31.7517
      vertex 1.01 54.6288 36.7517
    endloop
  endfacet
  facet normal -1 0 0
    outer loop
      vertex 1.01 47.6987 29.2517
      vertex 1.01 52.0288 36.7517
      vertex 1.01 52.0288 31.7517
    endloop
  endfacet
  facet normal -1 0 0
    outer loop
      vertex 1.01 47.6987 29.2517
      vertex 1.01 47.6987 39.2517
      vertex 1.01 52.0288 36.7517
    endloop
  endfacet
  facet normal -1 0 0
    outer loop
      vertex 1.01 43.3686 31.7517
      vertex 1.01 47.6987 39.2517
      vertex 1.01 47.6987 29.2517
    endloop
  endfacet
  facet normal -1 0 0
    outer loop
      vertex 1.01 47.6987 39.2517
      vertex 1.01 43.3686 31.7517
      vertex 1.01 43.3686 36.7517
    endloop
  endfacet
  facet normal -1 0 0
    outer loop
      vertex 1.01 70.2192 29.2517
      vertex 1.01 74.5493 36.7517
      vertex 1.01 74.5493 31.7517
    endloop
  endfacet
  facet normal -1 0 0
    outer loop
      vertex 1.01 70.2192 29.2517
      vertex 1.01 70.2192 39.2517
      vertex 1.01 74.5493 36.7517
    endloop
  endfacet
  facet normal -1 0 0
    outer loop
      vertex 1.01 65.8891 31.7517
      vertex 1.01 70.2192 39.2517
      vertex 1.01 70.2192 29.2517
    endloop
  endfacet
  facet normal -1 0 0
    outer loop
      vertex 1.01 70.2192 39.2517
      vertex 1.01 65.8891 31.7517
      vertex 1.01 65.8891 36.7517
    endloop
  endfacet
  facet normal -1 0 0
    outer loop
      vertex 1.01 81.4795 29.2517
      vertex 1.01 85.8096 36.7517
      vertex 1.01 85.8096 31.7517
    endloop
  endfacet
  facet normal -1 0 0
    outer loop
      vertex 1.01 81.4795 29.2517
      vertex 1.01 81.4795 39.2517
      vertex 1.01 85.8096 36.7517
    endloop
  endfacet
  facet normal -1 0 0
    outer loop
      vertex 1.01 77.1494 31.7517
      vertex 1.01 81.4795 39.2517
      vertex 1.01 81.4795 29.2517
    endloop
  endfacet
  facet normal -1 0 0
    outer loop
      vertex 1.01 81.4795 39.2517
      vertex 1.01 77.1494 31.7517
      vertex 1.01 77.1494 36.7517
    endloop
  endfacet
  facet normal -1 0 0
    outer loop
      vertex 1.01 92.7397 29.2517
      vertex 1.01 97.0699 36.7517
      vertex 1.01 97.0699 31.7517
    endloop
  endfacet
  facet normal -1 0 0
    outer loop
      vertex 1.01 92.7397 29.2517
      vertex 1.01 92.7397 39.2517
      vertex 1.01 97.0699 36.7517
    endloop
  endfacet
  facet normal -1 0 0
    outer loop
      vertex 1.01 88.4096 31.7517
      vertex 1.01 92.7397 39.2517
      vertex 1.01 92.7397 29.2517
    endloop
  endfacet
  facet normal -1 0 0
    outer loop
      vertex 1.01 92.7397 39.2517
      vertex 1.01 88.4096 31.7517
      vertex 1.01 88.4096 36.7517
    endloop
  endfacet
  facet normal -1 0 0
    outer loop
      vertex 1.01 104 29.2517
      vertex 1.01 108.33 36.7517
      vertex 1.01 108.33 31.7517
    endloop
  endfacet
  facet normal -1 0 0
    outer loop
      vertex 1.01 104 29.2517
      vertex 1.01 104 39.2517
      vertex 1.01 108.33 36.7517
    endloop
  endfacet
  facet normal -1 0 0
    outer loop
      vertex 1.01 99.6699 31.7517
      vertex 1.01 104 39.2517
      vertex 1.01 104 29.2517
    endloop
  endfacet
  facet normal -1 0 0
    outer loop
      vertex 1.01 104 39.2517
      vertex 1.01 99.6699 31.7517
      vertex 1.01 99.6699 36.7517
    endloop
  endfacet
  facet normal -1 0 0
    outer loop
      vertex 1.01 115.26 29.2517
      vertex 1.01 119.59 36.7517
      vertex 1.01 119.59 31.7517
    endloop
  endfacet
  facet normal -1 0 0
    outer loop
      vertex 1.01 115.26 29.2517
      vertex 1.01 115.26 39.2517
      vertex 1.01 119.59 36.7517
    endloop
  endfacet
  facet normal -1 0 0
    outer loop
      vertex 1.01 110.93 31.7517
      vertex 1.01 115.26 39.2517
      vertex 1.01 115.26 29.2517
    endloop
  endfacet
  facet normal -1 0 0
    outer loop
      vertex 1.01 115.26 39.2517
      vertex 1.01 110.93 31.7517
      vertex 1.01 110.93 36.7517
    endloop
  endfacet
  facet normal -1 0 0
    outer loop
      vertex 1.01 126.521 29.2517
      vertex 1.01 130.851 36.7517
      vertex 1.01 130.851 31.7517
    endloop
  endfacet
  facet normal -1 0 0
    outer loop
      vertex 1.01 126.521 29.2517
      vertex 1.01 126.521 39.2517
      vertex 1.01 130.851 36.7517
    endloop
  endfacet
  facet normal -1 0 0
    outer loop
      vertex 1.01 122.19 31.7517
      vertex 1.01 126.521 39.2517
      vertex 1.01 126.521 29.2517
    endloop
  endfacet
  facet normal -1 0 0
    outer loop
      vertex 1.01 126.521 39.2517
      vertex 1.01 122.19 31.7517
      vertex 1.01 122.19 36.7517
    endloop
  endfacet
  facet normal -1 0 0
    outer loop
      vertex 1.01 137.781 29.2517
      vertex 1.01 142.111 36.7517
      vertex 1.01 142.111 31.7517
    endloop
  endfacet
  facet normal -1 0 0
    outer loop
      vertex 1.01 137.781 29.2517
      vertex 1.01 137.781 39.2517
      vertex 1.01 142.111 36.7517
    endloop
  endfacet
  facet normal -1 0 0
    outer loop
      vertex 1.01 133.451 31.7517
      vertex 1.01 137.781 39.2517
      vertex 1.01 137.781 29.2517
    endloop
  endfacet
  facet normal -1 0 0
    outer loop
      vertex 1.01 137.781 39.2517
      vertex 1.01 133.451 31.7517
      vertex 1.01 133.451 36.7517
    endloop
  endfacet
  facet normal -1 0 0
    outer loop
      vertex 1.01 149.041 29.2517
      vertex 1.01 153.371 36.7517
      vertex 1.01 153.371 31.7517
    endloop
  endfacet
  facet normal -1 0 0
    outer loop
      vertex 1.01 149.041 29.2517
      vertex 1.01 149.041 39.2517
      vertex 1.01 153.371 36.7517
    endloop
  endfacet
  facet normal -1 0 0
    outer loop
      vertex 1.01 144.711 31.7517
      vertex 1.01 149.041 39.2517
      vertex 1.01 149.041 29.2517
    endloop
  endfacet
  facet normal -1 0 0
    outer loop
      vertex 1.01 149.041 39.2517
      vertex 1.01 144.711 31.7517
      vertex 1.01 144.711 36.7517
    endloop
  endfacet
  facet normal -1 0 0
    outer loop
      vertex 1.01 160.301 29.2517
      vertex 1.01 164.631 36.7517
      vertex 1.01 164.631 31.7517
    endloop
  endfacet
  facet normal -1 0 0
    outer loop
      vertex 1.01 160.301 29.2517
      vertex 1.01 160.301 39.2517
      vertex 1.01 164.631 36.7517
    endloop
  endfacet
  facet normal -1 0 0
    outer loop
      vertex 1.01 155.971 31.7517
      vertex 1.01 160.301 39.2517
      vertex 1.01 160.301 29.2517
    endloop
  endfacet
  facet normal -1 0 0
    outer loop
      vertex 1.01 160.301 39.2517
      vertex 1.01 155.971 31.7517
      vertex 1.01 155.971 36.7517
    endloop
  endfacet
  facet normal -1 0 0
    outer loop
      vertex 1.01 171.562 29.2517
      vertex 1.01 175.892 36.7517
      vertex 1.01 175.892 31.7517
    endloop
  endfacet
  facet normal -1 0 0
    outer loop
      vertex 1.01 171.562 29.2517
      vertex 1.01 171.562 39.2517
      vertex 1.01 175.892 36.7517
    endloop
  endfacet
  facet normal -1 0 0
    outer loop
      vertex 1.01 167.231 31.7517
      vertex 1.01 171.562 39.2517
      vertex 1.01 171.562 29.2517
    endloop
  endfacet
  facet normal -1 0 0
    outer loop
      vertex 1.01 171.562 39.2517
      vertex 1.01 167.231 31.7517
      vertex 1.01 167.231 36.7517
    endloop
  endfacet
  facet normal -1 0 0
    outer loop
      vertex 1.01 182.822 29.2517
      vertex 1.01 187.152 36.7517
      vertex 1.01 187.152 31.7517
    endloop
  endfacet
  facet normal -1 0 0
    outer loop
      vertex 1.01 182.822 29.2517
      vertex 1.01 182.822 39.2517
      vertex 1.01 187.152 36.7517
    endloop
  endfacet
  facet normal -1 0 0
    outer loop
      vertex 1.01 178.492 31.7517
      vertex 1.01 182.822 39.2517
      vertex 1.01 182.822 29.2517
    endloop
  endfacet
  facet normal -1 0 0
    outer loop
      vertex 1.01 182.822 39.2517
      vertex 1.01 178.492 31.7517
      vertex 1.01 178.492 36.7517
    endloop
  endfacet
  facet normal -1 0 0
    outer loop
      vertex 1.01 109.63 19.5
      vertex 1.01 113.96 27
      vertex 1.01 113.96 22
    endloop
  endfacet
  facet normal -1 0 0
    outer loop
      vertex 1.01 109.63 19.5
      vertex 1.01 109.63 29.5
      vertex 1.01 113.96 27
    endloop
  endfacet
  facet normal -1 0 0
    outer loop
      vertex 1.01 105.3 22
      vertex 1.01 109.63 29.5
      vertex 1.01 109.63 19.5
    endloop
  endfacet
  facet normal -1 0 0
    outer loop
      vertex 1.01 109.63 29.5
      vertex 1.01 105.3 22
      vertex 1.01 105.3 27
    endloop
  endfacet
  facet normal -1 0 0
    outer loop
      vertex 1.01 177.192 19.5
      vertex 1.01 181.522 27
      vertex 1.01 181.522 22
    endloop
  endfacet
  facet normal -1 0 0
    outer loop
      vertex 1.01 177.192 19.5
      vertex 1.01 177.192 29.5
      vertex 1.01 181.522 27
    endloop
  endfacet
  facet normal -1 0 0
    outer loop
      vertex 1.01 172.862 22
      vertex 1.01 177.192 29.5
      vertex 1.01 177.192 19.5
    endloop
  endfacet
  facet normal -1 0 0
    outer loop
      vertex 1.01 177.192 29.5
      vertex 1.01 172.862 22
      vertex 1.01 172.862 27
    endloop
  endfacet
  facet normal -1 0 0
    outer loop
      vertex 1.01 154.671 19.5
      vertex 1.01 159.001 27
      vertex 1.01 159.001 22
    endloop
  endfacet
  facet normal -1 0 0
    outer loop
      vertex 1.01 154.671 19.5
      vertex 1.01 154.671 29.5
      vertex 1.01 159.001 27
    endloop
  endfacet
  facet normal -1 0 0
    outer loop
      vertex 1.01 150.341 22
      vertex 1.01 154.671 29.5
      vertex 1.01 154.671 19.5
    endloop
  endfacet
  facet normal -1 0 0
    outer loop
      vertex 1.01 154.671 29.5
      vertex 1.01 150.341 22
      vertex 1.01 150.341 27
    endloop
  endfacet
  facet normal -1 0 0
    outer loop
      vertex 1.01 165.931 19.5
      vertex 1.01 170.262 27
      vertex 1.01 170.262 22
    endloop
  endfacet
  facet normal -1 0 0
    outer loop
      vertex 1.01 165.931 19.5
      vertex 1.01 165.931 29.5
      vertex 1.01 170.262 27
    endloop
  endfacet
  facet normal -1 0 0
    outer loop
      vertex 1.01 161.601 22
      vertex 1.01 165.931 29.5
      vertex 1.01 165.931 19.5
    endloop
  endfacet
  facet normal -1 0 0
    outer loop
      vertex 1.01 165.931 29.5
      vertex 1.01 161.601 22
      vertex 1.01 161.601 27
    endloop
  endfacet
  facet normal -1 0 0
    outer loop
      vertex 1.01 143.411 19.5
      vertex 1.01 147.741 27
      vertex 1.01 147.741 22
    endloop
  endfacet
  facet normal -1 0 0
    outer loop
      vertex 1.01 143.411 19.5
      vertex 1.01 143.411 29.5
      vertex 1.01 147.741 27
    endloop
  endfacet
  facet normal -1 0 0
    outer loop
      vertex 1.01 139.081 22
      vertex 1.01 143.411 29.5
      vertex 1.01 143.411 19.5
    endloop
  endfacet
  facet normal -1 0 0
    outer loop
      vertex 1.01 143.411 29.5
      vertex 1.01 139.081 22
      vertex 1.01 139.081 27
    endloop
  endfacet
  facet normal -1 0 0
    outer loop
      vertex 1.01 132.151 19.5
      vertex 1.01 136.481 27
      vertex 1.01 136.481 22
    endloop
  endfacet
  facet normal -1 0 0
    outer loop
      vertex 1.01 132.151 19.5
      vertex 1.01 132.151 29.5
      vertex 1.01 136.481 27
    endloop
  endfacet
  facet normal -1 0 0
    outer loop
      vertex 1.01 127.821 22
      vertex 1.01 132.151 29.5
      vertex 1.01 132.151 19.5
    endloop
  endfacet
  facet normal -1 0 0
    outer loop
      vertex 1.01 132.151 29.5
      vertex 1.01 127.821 22
      vertex 1.01 127.821 27
    endloop
  endfacet
  facet normal -1 0 0
    outer loop
      vertex 1.01 120.89 19.5
      vertex 1.01 125.221 27
      vertex 1.01 125.221 22
    endloop
  endfacet
  facet normal -1 0 0
    outer loop
      vertex 1.01 120.89 19.5
      vertex 1.01 120.89 29.5
      vertex 1.01 125.221 27
    endloop
  endfacet
  facet normal -1 0 0
    outer loop
      vertex 1.01 116.56 22
      vertex 1.01 120.89 29.5
      vertex 1.01 120.89 19.5
    endloop
  endfacet
  facet normal -1 0 0
    outer loop
      vertex 1.01 120.89 29.5
      vertex 1.01 116.56 22
      vertex 1.01 116.56 27
    endloop
  endfacet
  facet normal -1 0 0
    outer loop
      vertex 1.01 98.3699 19.5
      vertex 1.01 102.7 27
      vertex 1.01 102.7 22
    endloop
  endfacet
  facet normal -1 0 0
    outer loop
      vertex 1.01 98.3699 19.5
      vertex 1.01 98.3699 29.5
      vertex 1.01 102.7 27
    endloop
  endfacet
  facet normal -1 0 0
    outer loop
      vertex 1.01 94.0397 22
      vertex 1.01 98.3699 29.5
      vertex 1.01 98.3699 19.5
    endloop
  endfacet
  facet normal -1 0 0
    outer loop
      vertex 1.01 98.3699 29.5
      vertex 1.01 94.0397 22
      vertex 1.01 94.0397 27
    endloop
  endfacet
  facet normal -1 0 0
    outer loop
      vertex 1.01 30.8083 19.5
      vertex 1.01 35.1385 27
      vertex 1.01 35.1385 22
    endloop
  endfacet
  facet normal -1 0 0
    outer loop
      vertex 1.01 30.8083 19.5
      vertex 1.01 30.8083 29.5
      vertex 1.01 35.1385 27
    endloop
  endfacet
  facet normal -1 0 0
    outer loop
      vertex 1.01 26.4782 22
      vertex 1.01 30.8083 29.5
      vertex 1.01 30.8083 19.5
    endloop
  endfacet
  facet normal -1 0 0
    outer loop
      vertex 1.01 30.8083 29.5
      vertex 1.01 26.4782 22
      vertex 1.01 26.4782 27
    endloop
  endfacet
  facet normal -1 0 0
    outer loop
      vertex 1.01 53.3288 19.5
      vertex 1.01 57.659 27
      vertex 1.01 57.659 22
    endloop
  endfacet
  facet normal -1 0 0
    outer loop
      vertex 1.01 53.3288 19.5
      vertex 1.01 53.3288 29.5
      vertex 1.01 57.659 27
    endloop
  endfacet
  facet normal -1 0 0
    outer loop
      vertex 1.01 48.9987 22
      vertex 1.01 53.3288 29.5
      vertex 1.01 53.3288 19.5
    endloop
  endfacet
  facet normal -1 0 0
    outer loop
      vertex 1.01 53.3288 29.5
      vertex 1.01 48.9987 22
      vertex 1.01 48.9987 27
    endloop
  endfacet
  facet normal -1 0 0
    outer loop
      vertex 1.01 42.0686 19.5
      vertex 1.01 46.3987 27
      vertex 1.01 46.3987 22
    endloop
  endfacet
  facet normal -1 0 0
    outer loop
      vertex 1.01 42.0686 19.5
      vertex 1.01 42.0686 29.5
      vertex 1.01 46.3987 27
    endloop
  endfacet
  facet normal -1 0 0
    outer loop
      vertex 1.01 37.7385 22
      vertex 1.01 42.0686 29.5
      vertex 1.01 42.0686 19.5
    endloop
  endfacet
  facet normal -1 0 0
    outer loop
      vertex 1.01 42.0686 29.5
      vertex 1.01 37.7385 22
      vertex 1.01 37.7385 27
    endloop
  endfacet
  facet normal -1 0 0
    outer loop
      vertex 1.01 64.5891 19.5
      vertex 1.01 68.9192 27
      vertex 1.01 68.9192 22
    endloop
  endfacet
  facet normal -1 0 0
    outer loop
      vertex 1.01 64.5891 19.5
      vertex 1.01 64.5891 29.5
      vertex 1.01 68.9192 27
    endloop
  endfacet
  facet normal -1 0 0
    outer loop
      vertex 1.01 60.259 22
      vertex 1.01 64.5891 29.5
      vertex 1.01 64.5891 19.5
    endloop
  endfacet
  facet normal -1 0 0
    outer loop
      vertex 1.01 64.5891 29.5
      vertex 1.01 60.259 22
      vertex 1.01 60.259 27
    endloop
  endfacet
  facet normal -1 0 0
    outer loop
      vertex 1.01 87.1096 19.5
      vertex 1.01 91.4397 27
      vertex 1.01 91.4397 22
    endloop
  endfacet
  facet normal -1 0 0
    outer loop
      vertex 1.01 87.1096 19.5
      vertex 1.01 87.1096 29.5
      vertex 1.01 91.4397 27
    endloop
  endfacet
  facet normal -1 0 0
    outer loop
      vertex 1.01 82.7795 22
      vertex 1.01 87.1096 29.5
      vertex 1.01 87.1096 19.5
    endloop
  endfacet
  facet normal -1 0 0
    outer loop
      vertex 1.01 87.1096 29.5
      vertex 1.01 82.7795 22
      vertex 1.01 82.7795 27
    endloop
  endfacet
  facet normal -1 0 0
    outer loop
      vertex 1.01 75.8493 19.5
      vertex 1.01 80.1795 27
      vertex 1.01 80.1795 22
    endloop
  endfacet
  facet normal -1 0 0
    outer loop
      vertex 1.01 75.8493 19.5
      vertex 1.01 75.8493 29.5
      vertex 1.01 80.1795 27
    endloop
  endfacet
  facet normal -1 0 0
    outer loop
      vertex 1.01 71.5192 22
      vertex 1.01 75.8493 29.5
      vertex 1.01 75.8493 19.5
    endloop
  endfacet
  facet normal -1 0 0
    outer loop
      vertex 1.01 75.8493 29.5
      vertex 1.01 71.5192 22
      vertex 1.01 71.5192 27
    endloop
  endfacet
  facet normal -1 0 0
    outer loop
      vertex 1.01 25.1782 9.74832
      vertex 1.01 29.5083 17.2483
      vertex 1.01 29.5083 12.2483
    endloop
  endfacet
  facet normal -1 0 0
    outer loop
      vertex 1.01 25.1782 9.74832
      vertex 1.01 25.1782 19.7483
      vertex 1.01 29.5083 17.2483
    endloop
  endfacet
  facet normal -1 0 0
    outer loop
      vertex 1.01 20.8481 12.2483
      vertex 1.01 25.1782 19.7483
      vertex 1.01 25.1782 9.74832
    endloop
  endfacet
  facet normal -1 0 0
    outer loop
      vertex 1.01 25.1782 19.7483
      vertex 1.01 20.8481 12.2483
      vertex 1.01 20.8481 17.2483
    endloop
  endfacet
  facet normal -1 0 0
    outer loop
      vertex 1.01 36.4385 9.74832
      vertex 1.01 40.7686 17.2483
      vertex 1.01 40.7686 12.2483
    endloop
  endfacet
  facet normal -1 0 0
    outer loop
      vertex 1.01 36.4385 9.74832
      vertex 1.01 36.4385 19.7483
      vertex 1.01 40.7686 17.2483
    endloop
  endfacet
  facet normal -1 0 0
    outer loop
      vertex 1.01 32.1083 12.2483
      vertex 1.01 36.4385 19.7483
      vertex 1.01 36.4385 9.74832
    endloop
  endfacet
  facet normal -1 0 0
    outer loop
      vertex 1.01 36.4385 19.7483
      vertex 1.01 32.1083 12.2483
      vertex 1.01 32.1083 17.2483
    endloop
  endfacet
  facet normal -1 0 0
    outer loop
      vertex 1.01 13.918 9.74832
      vertex 1.01 18.2481 17.2483
      vertex 1.01 18.2481 12.2483
    endloop
  endfacet
  facet normal -1 0 0
    outer loop
      vertex 1.01 13.918 9.74832
      vertex 1.01 13.918 19.7483
      vertex 1.01 18.2481 17.2483
    endloop
  endfacet
  facet normal -1 0 0
    outer loop
      vertex 1.01 9.58783 12.2483
      vertex 1.01 13.918 19.7483
      vertex 1.01 13.918 9.74832
    endloop
  endfacet
  facet normal -1 0 0
    outer loop
      vertex 1.01 13.918 19.7483
      vertex 1.01 9.58783 12.2483
      vertex 1.01 9.58783 17.2483
    endloop
  endfacet
  facet normal -1 0 0
    outer loop
      vertex 1.01 47.6987 9.74832
      vertex 1.01 52.0288 17.2483
      vertex 1.01 52.0288 12.2483
    endloop
  endfacet
  facet normal -1 0 0
    outer loop
      vertex 1.01 47.6987 9.74832
      vertex 1.01 47.6987 19.7483
      vertex 1.01 52.0288 17.2483
    endloop
  endfacet
  facet normal -1 0 0
    outer loop
      vertex 1.01 43.3686 12.2483
      vertex 1.01 47.6987 19.7483
      vertex 1.01 47.6987 9.74832
    endloop
  endfacet
  facet normal -1 0 0
    outer loop
      vertex 1.01 47.6987 19.7483
      vertex 1.01 43.3686 12.2483
      vertex 1.01 43.3686 17.2483
    endloop
  endfacet
  facet normal -1 0 0
    outer loop
      vertex 1.01 58.959 9.74832
      vertex 1.01 63.2891 17.2483
      vertex 1.01 63.2891 12.2483
    endloop
  endfacet
  facet normal -1 0 0
    outer loop
      vertex 1.01 58.959 9.74832
      vertex 1.01 58.959 19.7483
      vertex 1.01 63.2891 17.2483
    endloop
  endfacet
  facet normal -1 0 0
    outer loop
      vertex 1.01 54.6288 12.2483
      vertex 1.01 58.959 19.7483
      vertex 1.01 58.959 9.74832
    endloop
  endfacet
  facet normal -1 0 0
    outer loop
      vertex 1.01 58.959 19.7483
      vertex 1.01 54.6288 12.2483
      vertex 1.01 54.6288 17.2483
    endloop
  endfacet
  facet normal -1 0 0
    outer loop
      vertex 1.01 70.2192 9.74832
      vertex 1.01 74.5493 17.2483
      vertex 1.01 74.5493 12.2483
    endloop
  endfacet
  facet normal -1 0 0
    outer loop
      vertex 1.01 70.2192 9.74832
      vertex 1.01 70.2192 19.7483
      vertex 1.01 74.5493 17.2483
    endloop
  endfacet
  facet normal -1 0 0
    outer loop
      vertex 1.01 65.8891 12.2483
      vertex 1.01 70.2192 19.7483
      vertex 1.01 70.2192 9.74832
    endloop
  endfacet
  facet normal -1 0 0
    outer loop
      vertex 1.01 70.2192 19.7483
      vertex 1.01 65.8891 12.2483
      vertex 1.01 65.8891 17.2483
    endloop
  endfacet
  facet normal -1 0 0
    outer loop
      vertex 1.01 92.7397 9.74832
      vertex 1.01 97.0699 17.2483
      vertex 1.01 97.0699 12.2483
    endloop
  endfacet
  facet normal -1 0 0
    outer loop
      vertex 1.01 92.7397 9.74832
      vertex 1.01 92.7397 19.7483
      vertex 1.01 97.0699 17.2483
    endloop
  endfacet
  facet normal -1 0 0
    outer loop
      vertex 1.01 88.4096 12.2483
      vertex 1.01 92.7397 19.7483
      vertex 1.01 92.7397 9.74832
    endloop
  endfacet
  facet normal -1 0 0
    outer loop
      vertex 1.01 92.7397 19.7483
      vertex 1.01 88.4096 12.2483
      vertex 1.01 88.4096 17.2483
    endloop
  endfacet
  facet normal -1 0 0
    outer loop
      vertex 1.01 81.4795 9.74832
      vertex 1.01 85.8096 17.2483
      vertex 1.01 85.8096 12.2483
    endloop
  endfacet
  facet normal -1 0 0
    outer loop
      vertex 1.01 81.4795 9.74832
      vertex 1.01 81.4795 19.7483
      vertex 1.01 85.8096 17.2483
    endloop
  endfacet
  facet normal -1 0 0
    outer loop
      vertex 1.01 77.1494 12.2483
      vertex 1.01 81.4795 19.7483
      vertex 1.01 81.4795 9.74832
    endloop
  endfacet
  facet normal -1 0 0
    outer loop
      vertex 1.01 81.4795 19.7483
      vertex 1.01 77.1494 12.2483
      vertex 1.01 77.1494 17.2483
    endloop
  endfacet
  facet normal -1 0 0
    outer loop
      vertex 1.01 104 9.74832
      vertex 1.01 108.33 17.2483
      vertex 1.01 108.33 12.2483
    endloop
  endfacet
  facet normal -1 0 0
    outer loop
      vertex 1.01 104 9.74832
      vertex 1.01 104 19.7483
      vertex 1.01 108.33 17.2483
    endloop
  endfacet
  facet normal -1 0 0
    outer loop
      vertex 1.01 99.6699 12.2483
      vertex 1.01 104 19.7483
      vertex 1.01 104 9.74832
    endloop
  endfacet
  facet normal -1 0 0
    outer loop
      vertex 1.01 104 19.7483
      vertex 1.01 99.6699 12.2483
      vertex 1.01 99.6699 17.2483
    endloop
  endfacet
  facet normal -1 0 0
    outer loop
      vertex 1.01 126.521 9.74832
      vertex 1.01 130.851 17.2483
      vertex 1.01 130.851 12.2483
    endloop
  endfacet
  facet normal -1 0 0
    outer loop
      vertex 1.01 126.521 9.74832
      vertex 1.01 126.521 19.7483
      vertex 1.01 130.851 17.2483
    endloop
  endfacet
  facet normal -1 0 0
    outer loop
      vertex 1.01 122.19 12.2483
      vertex 1.01 126.521 19.7483
      vertex 1.01 126.521 9.74832
    endloop
  endfacet
  facet normal -1 0 0
    outer loop
      vertex 1.01 126.521 19.7483
      vertex 1.01 122.19 12.2483
      vertex 1.01 122.19 17.2483
    endloop
  endfacet
  facet normal -1 0 0
    outer loop
      vertex 1.01 115.26 9.74832
      vertex 1.01 119.59 17.2483
      vertex 1.01 119.59 12.2483
    endloop
  endfacet
  facet normal -1 0 0
    outer loop
      vertex 1.01 115.26 9.74832
      vertex 1.01 115.26 19.7483
      vertex 1.01 119.59 17.2483
    endloop
  endfacet
  facet normal -1 0 0
    outer loop
      vertex 1.01 110.93 12.2483
      vertex 1.01 115.26 19.7483
      vertex 1.01 115.26 9.74832
    endloop
  endfacet
  facet normal -1 0 0
    outer loop
      vertex 1.01 115.26 19.7483
      vertex 1.01 110.93 12.2483
      vertex 1.01 110.93 17.2483
    endloop
  endfacet
  facet normal -1 0 0
    outer loop
      vertex 1.01 137.781 9.74832
      vertex 1.01 142.111 17.2483
      vertex 1.01 142.111 12.2483
    endloop
  endfacet
  facet normal -1 0 0
    outer loop
      vertex 1.01 137.781 9.74832
      vertex 1.01 137.781 19.7483
      vertex 1.01 142.111 17.2483
    endloop
  endfacet
  facet normal -1 0 0
    outer loop
      vertex 1.01 133.451 12.2483
      vertex 1.01 137.781 19.7483
      vertex 1.01 137.781 9.74832
    endloop
  endfacet
  facet normal -1 0 0
    outer loop
      vertex 1.01 137.781 19.7483
      vertex 1.01 133.451 12.2483
      vertex 1.01 133.451 17.2483
    endloop
  endfacet
  facet normal -1 0 0
    outer loop
      vertex 1.01 160.301 9.74832
      vertex 1.01 164.631 17.2483
      vertex 1.01 164.631 12.2483
    endloop
  endfacet
  facet normal -1 0 0
    outer loop
      vertex 1.01 160.301 9.74832
      vertex 1.01 160.301 19.7483
      vertex 1.01 164.631 17.2483
    endloop
  endfacet
  facet normal -1 0 0
    outer loop
      vertex 1.01 155.971 12.2483
      vertex 1.01 160.301 19.7483
      vertex 1.01 160.301 9.74832
    endloop
  endfacet
  facet normal -1 0 0
    outer loop
      vertex 1.01 160.301 19.7483
      vertex 1.01 155.971 12.2483
      vertex 1.01 155.971 17.2483
    endloop
  endfacet
  facet normal -1 0 0
    outer loop
      vertex 1.01 149.041 9.74832
      vertex 1.01 153.371 17.2483
      vertex 1.01 153.371 12.2483
    endloop
  endfacet
  facet normal -1 0 0
    outer loop
      vertex 1.01 149.041 9.74832
      vertex 1.01 149.041 19.7483
      vertex 1.01 153.371 17.2483
    endloop
  endfacet
  facet normal -1 0 0
    outer loop
      vertex 1.01 144.711 12.2483
      vertex 1.01 149.041 19.7483
      vertex 1.01 149.041 9.74832
    endloop
  endfacet
  facet normal -1 0 0
    outer loop
      vertex 1.01 149.041 19.7483
      vertex 1.01 144.711 12.2483
      vertex 1.01 144.711 17.2483
    endloop
  endfacet
  facet normal -1 0 0
    outer loop
      vertex 1.01 171.562 9.74832
      vertex 1.01 175.892 17.2483
      vertex 1.01 175.892 12.2483
    endloop
  endfacet
  facet normal -1 0 0
    outer loop
      vertex 1.01 171.562 9.74832
      vertex 1.01 171.562 19.7483
      vertex 1.01 175.892 17.2483
    endloop
  endfacet
  facet normal -1 0 0
    outer loop
      vertex 1.01 167.231 12.2483
      vertex 1.01 171.562 19.7483
      vertex 1.01 171.562 9.74832
    endloop
  endfacet
  facet normal -1 0 0
    outer loop
      vertex 1.01 171.562 19.7483
      vertex 1.01 167.231 12.2483
      vertex 1.01 167.231 17.2483
    endloop
  endfacet
  facet normal -1 0 0
    outer loop
      vertex 1.01 182.822 9.74832
      vertex 1.01 187.152 17.2483
      vertex 1.01 187.152 12.2483
    endloop
  endfacet
  facet normal -1 0 0
    outer loop
      vertex 1.01 182.822 9.74832
      vertex 1.01 182.822 19.7483
      vertex 1.01 187.152 17.2483
    endloop
  endfacet
  facet normal -1 0 0
    outer loop
      vertex 1.01 178.492 12.2483
      vertex 1.01 182.822 19.7483
      vertex 1.01 182.822 9.74832
    endloop
  endfacet
  facet normal -1 0 0
    outer loop
      vertex 1.01 182.822 19.7483
      vertex 1.01 178.492 12.2483
      vertex 1.01 178.492 17.2483
    endloop
  endfacet
  facet normal -1 0 0
    outer loop
      vertex 1.01 194.082 9.74832
      vertex 1.01 198.412 17.2483
      vertex 1.01 198.412 12.2483
    endloop
  endfacet
  facet normal -1 0 0
    outer loop
      vertex 1.01 194.082 9.74832
      vertex 1.01 194.082 19.7483
      vertex 1.01 198.412 17.2483
    endloop
  endfacet
  facet normal -1 0 0
    outer loop
      vertex 1.01 189.752 12.2483
      vertex 1.01 194.082 19.7483
      vertex 1.01 194.082 9.74832
    endloop
  endfacet
  facet normal -1 0 0
    outer loop
      vertex 1.01 194.082 19.7483
      vertex 1.01 189.752 12.2483
      vertex 1.01 189.752 17.2483
    endloop
  endfacet
  facet normal 0 -1 0
    outer loop
      vertex 0 198.412 31.7517
      vertex 1.01 198.412 36.7517
      vertex 0 198.412 36.7517
    endloop
  endfacet
  facet normal 0 -1 -0
    outer loop
      vertex 1.01 198.412 36.7517
      vertex 0 198.412 31.7517
      vertex 1.01 198.412 31.7517
    endloop
  endfacet
  facet normal 0 -0.500011 -0.866019
    outer loop
      vertex 0 194.082 39.2517
      vertex 1.01 198.412 36.7517
      vertex 1.01 194.082 39.2517
    endloop
  endfacet
  facet normal -0 -0.500011 -0.866019
    outer loop
      vertex 1.01 198.412 36.7517
      vertex 0 194.082 39.2517
      vertex 0 198.412 36.7517
    endloop
  endfacet
  facet normal 0 0.500011 -0.866019
    outer loop
      vertex 0 189.752 36.7517
      vertex 1.01 194.082 39.2517
      vertex 1.01 189.752 36.7517
    endloop
  endfacet
  facet normal 0 0.500011 -0.866019
    outer loop
      vertex 1.01 194.082 39.2517
      vertex 0 189.752 36.7517
      vertex 0 194.082 39.2517
    endloop
  endfacet
  facet normal 0 1 -0
    outer loop
      vertex 1.01 189.752 31.7517
      vertex 0 189.752 36.7517
      vertex 1.01 189.752 36.7517
    endloop
  endfacet
  facet normal 0 1 0
    outer loop
      vertex 0 189.752 36.7517
      vertex 1.01 189.752 31.7517
      vertex 0 189.752 31.7517
    endloop
  endfacet
  facet normal -0 0.500011 0.866019
    outer loop
      vertex 0 194.082 29.2517
      vertex 1.01 189.752 31.7517
      vertex 1.01 194.082 29.2517
    endloop
  endfacet
  facet normal 0 0.500011 0.866019
    outer loop
      vertex 1.01 189.752 31.7517
      vertex 0 194.082 29.2517
      vertex 0 189.752 31.7517
    endloop
  endfacet
  facet normal 0 -0.500011 0.866019
    outer loop
      vertex 0 198.412 31.7517
      vertex 1.01 194.082 29.2517
      vertex 1.01 198.412 31.7517
    endloop
  endfacet
  facet normal 0 -0.500011 0.866019
    outer loop
      vertex 1.01 194.082 29.2517
      vertex 0 198.412 31.7517
      vertex 0 194.082 29.2517
    endloop
  endfacet
  facet normal 0 -1 0
    outer loop
      vertex 0 18.2481 31.7517
      vertex 1.01 18.2481 36.7517
      vertex 0 18.2481 36.7517
    endloop
  endfacet
  facet normal 0 -1 -0
    outer loop
      vertex 1.01 18.2481 36.7517
      vertex 0 18.2481 31.7517
      vertex 1.01 18.2481 31.7517
    endloop
  endfacet
  facet normal 0 -0.500002 -0.866024
    outer loop
      vertex 0 13.918 39.2517
      vertex 1.01 18.2481 36.7517
      vertex 1.01 13.918 39.2517
    endloop
  endfacet
  facet normal -0 -0.500002 -0.866024
    outer loop
      vertex 1.01 18.2481 36.7517
      vertex 0 13.918 39.2517
      vertex 0 18.2481 36.7517
    endloop
  endfacet
  facet normal 0 0.499996 -0.866028
    outer loop
      vertex 0 9.58783 36.7517
      vertex 1.01 13.918 39.2517
      vertex 1.01 9.58783 36.7517
    endloop
  endfacet
  facet normal 0 0.499996 -0.866028
    outer loop
      vertex 1.01 13.918 39.2517
      vertex 0 9.58783 36.7517
      vertex 0 13.918 39.2517
    endloop
  endfacet
  facet normal 0 1 -0
    outer loop
      vertex 1.01 9.58783 31.7517
      vertex 0 9.58783 36.7517
      vertex 1.01 9.58783 36.7517
    endloop
  endfacet
  facet normal 0 1 0
    outer loop
      vertex 0 9.58783 36.7517
      vertex 1.01 9.58783 31.7517
      vertex 0 9.58783 31.7517
    endloop
  endfacet
  facet normal -0 0.499996 0.866028
    outer loop
      vertex 0 13.918 29.2517
      vertex 1.01 9.58783 31.7517
      vertex 1.01 13.918 29.2517
    endloop
  endfacet
  facet normal 0 0.499996 0.866028
    outer loop
      vertex 1.01 9.58783 31.7517
      vertex 0 13.918 29.2517
      vertex 0 9.58783 31.7517
    endloop
  endfacet
  facet normal 0 -0.500002 0.866024
    outer loop
      vertex 0 18.2481 31.7517
      vertex 1.01 13.918 29.2517
      vertex 1.01 18.2481 31.7517
    endloop
  endfacet
  facet normal 0 -0.500002 0.866024
    outer loop
      vertex 1.01 13.918 29.2517
      vertex 0 18.2481 31.7517
      vertex 0 13.918 29.2517
    endloop
  endfacet
  facet normal 0 -1 0
    outer loop
      vertex 0 29.5083 31.7517
      vertex 1.01 29.5083 36.7517
      vertex 0 29.5083 36.7517
    endloop
  endfacet
  facet normal 0 -1 -0
    outer loop
      vertex 1.01 29.5083 36.7517
      vertex 0 29.5083 31.7517
      vertex 1.01 29.5083 31.7517
    endloop
  endfacet
  facet normal 0 -0.500002 -0.866024
    outer loop
      vertex 0 25.1782 39.2517
      vertex 1.01 29.5083 36.7517
      vertex 1.01 25.1782 39.2517
    endloop
  endfacet
  facet normal -0 -0.500002 -0.866024
    outer loop
      vertex 1.01 29.5083 36.7517
      vertex 0 25.1782 39.2517
      vertex 0 29.5083 36.7517
    endloop
  endfacet
  facet normal 0 0.500002 -0.866024
    outer loop
      vertex 0 20.8481 36.7517
      vertex 1.01 25.1782 39.2517
      vertex 1.01 20.8481 36.7517
    endloop
  endfacet
  facet normal 0 0.500002 -0.866024
    outer loop
      vertex 1.01 25.1782 39.2517
      vertex 0 20.8481 36.7517
      vertex 0 25.1782 39.2517
    endloop
  endfacet
  facet normal 0 1 -0
    outer loop
      vertex 1.01 20.8481 31.7517
      vertex 0 20.8481 36.7517
      vertex 1.01 20.8481 36.7517
    endloop
  endfacet
  facet normal 0 1 0
    outer loop
      vertex 0 20.8481 36.7517
      vertex 1.01 20.8481 31.7517
      vertex 0 20.8481 31.7517
    endloop
  endfacet
  facet normal -0 0.500002 0.866024
    outer loop
      vertex 0 25.1782 29.2517
      vertex 1.01 20.8481 31.7517
      vertex 1.01 25.1782 29.2517
    endloop
  endfacet
  facet normal 0 0.500002 0.866024
    outer loop
      vertex 1.01 20.8481 31.7517
      vertex 0 25.1782 29.2517
      vertex 0 20.8481 31.7517
    endloop
  endfacet
  facet normal 0 -0.500002 0.866024
    outer loop
      vertex 0 29.5083 31.7517
      vertex 1.01 25.1782 29.2517
      vertex 1.01 29.5083 31.7517
    endloop
  endfacet
  facet normal 0 -0.500002 0.866024
    outer loop
      vertex 1.01 25.1782 29.2517
      vertex 0 29.5083 31.7517
      vertex 0 25.1782 29.2517
    endloop
  endfacet
  facet normal 0 -1 0
    outer loop
      vertex 0 40.7686 31.7517
      vertex 1.01 40.7686 36.7517
      vertex 0 40.7686 36.7517
    endloop
  endfacet
  facet normal 0 -1 -0
    outer loop
      vertex 1.01 40.7686 36.7517
      vertex 0 40.7686 31.7517
      vertex 1.01 40.7686 31.7517
    endloop
  endfacet
  facet normal 0 -0.500002 -0.866024
    outer loop
      vertex 0 36.4385 39.2517
      vertex 1.01 40.7686 36.7517
      vertex 1.01 36.4385 39.2517
    endloop
  endfacet
  facet normal -0 -0.500002 -0.866024
    outer loop
      vertex 1.01 40.7686 36.7517
      vertex 0 36.4385 39.2517
      vertex 0 40.7686 36.7517
    endloop
  endfacet
  facet normal 0 0.499994 -0.866029
    outer loop
      vertex 0 32.1083 36.7517
      vertex 1.01 36.4385 39.2517
      vertex 1.01 32.1083 36.7517
    endloop
  endfacet
  facet normal 0 0.499994 -0.866029
    outer loop
      vertex 1.01 36.4385 39.2517
      vertex 0 32.1083 36.7517
      vertex 0 36.4385 39.2517
    endloop
  endfacet
  facet normal 0 1 -0
    outer loop
      vertex 1.01 32.1083 31.7517
      vertex 0 32.1083 36.7517
      vertex 1.01 32.1083 36.7517
    endloop
  endfacet
  facet normal 0 1 0
    outer loop
      vertex 0 32.1083 36.7517
      vertex 1.01 32.1083 31.7517
      vertex 0 32.1083 31.7517
    endloop
  endfacet
  facet normal -0 0.499994 0.866029
    outer loop
      vertex 0 36.4385 29.2517
      vertex 1.01 32.1083 31.7517
      vertex 1.01 36.4385 29.2517
    endloop
  endfacet
  facet normal 0 0.499994 0.866029
    outer loop
      vertex 1.01 32.1083 31.7517
      vertex 0 36.4385 29.2517
      vertex 0 32.1083 31.7517
    endloop
  endfacet
  facet normal 0 -0.500002 0.866024
    outer loop
      vertex 0 40.7686 31.7517
      vertex 1.01 36.4385 29.2517
      vertex 1.01 40.7686 31.7517
    endloop
  endfacet
  facet normal 0 -0.500002 0.866024
    outer loop
      vertex 1.01 36.4385 29.2517
      vertex 0 40.7686 31.7517
      vertex 0 36.4385 29.2517
    endloop
  endfacet
  facet normal 0 -1 0
    outer loop
      vertex 0 52.0288 31.7517
      vertex 1.01 52.0288 36.7517
      vertex 0 52.0288 36.7517
    endloop
  endfacet
  facet normal 0 -1 -0
    outer loop
      vertex 1.01 52.0288 36.7517
      vertex 0 52.0288 31.7517
      vertex 1.01 52.0288 31.7517
    endloop
  endfacet
  facet normal 0 -0.500002 -0.866024
    outer loop
      vertex 0 47.6987 39.2517
      vertex 1.01 52.0288 36.7517
      vertex 1.01 47.6987 39.2517
    endloop
  endfacet
  facet normal -0 -0.500002 -0.866024
    outer loop
      vertex 1.01 52.0288 36.7517
      vertex 0 47.6987 39.2517
      vertex 0 52.0288 36.7517
    endloop
  endfacet
  facet normal 0 0.500002 -0.866024
    outer loop
      vertex 0 43.3686 36.7517
      vertex 1.01 47.6987 39.2517
      vertex 1.01 43.3686 36.7517
    endloop
  endfacet
  facet normal 0 0.500002 -0.866024
    outer loop
      vertex 1.01 47.6987 39.2517
      vertex 0 43.3686 36.7517
      vertex 0 47.6987 39.2517
    endloop
  endfacet
  facet normal 0 1 -0
    outer loop
      vertex 1.01 43.3686 31.7517
      vertex 0 43.3686 36.7517
      vertex 1.01 43.3686 36.7517
    endloop
  endfacet
  facet normal 0 1 0
    outer loop
      vertex 0 43.3686 36.7517
      vertex 1.01 43.3686 31.7517
      vertex 0 43.3686 31.7517
    endloop
  endfacet
  facet normal -0 0.500002 0.866024
    outer loop
      vertex 0 47.6987 29.2517
      vertex 1.01 43.3686 31.7517
      vertex 1.01 47.6987 29.2517
    endloop
  endfacet
  facet normal 0 0.500002 0.866024
    outer loop
      vertex 1.01 43.3686 31.7517
      vertex 0 47.6987 29.2517
      vertex 0 43.3686 31.7517
    endloop
  endfacet
  facet normal 0 -0.500002 0.866024
    outer loop
      vertex 0 52.0288 31.7517
      vertex 1.01 47.6987 29.2517
      vertex 1.01 52.0288 31.7517
    endloop
  endfacet
  facet normal 0 -0.500002 0.866024
    outer loop
      vertex 1.01 47.6987 29.2517
      vertex 0 52.0288 31.7517
      vertex 0 47.6987 29.2517
    endloop
  endfacet
  facet normal 0 -1 0
    outer loop
      vertex 0 63.2891 31.7517
      vertex 1.01 63.2891 36.7517
      vertex 0 63.2891 36.7517
    endloop
  endfacet
  facet normal 0 -1 -0
    outer loop
      vertex 1.01 63.2891 36.7517
      vertex 0 63.2891 31.7517
      vertex 1.01 63.2891 31.7517
    endloop
  endfacet
  facet normal 0 -0.500002 -0.866024
    outer loop
      vertex 0 58.959 39.2517
      vertex 1.01 63.2891 36.7517
      vertex 1.01 58.959 39.2517
    endloop
  endfacet
  facet normal -0 -0.500002 -0.866024
    outer loop
      vertex 1.01 63.2891 36.7517
      vertex 0 58.959 39.2517
      vertex 0 63.2891 36.7517
    endloop
  endfacet
  facet normal 0 0.499994 -0.866029
    outer loop
      vertex 0 54.6288 36.7517
      vertex 1.01 58.959 39.2517
      vertex 1.01 54.6288 36.7517
    endloop
  endfacet
  facet normal 0 0.499994 -0.866029
    outer loop
      vertex 1.01 58.959 39.2517
      vertex 0 54.6288 36.7517
      vertex 0 58.959 39.2517
    endloop
  endfacet
  facet normal 0 1 -0
    outer loop
      vertex 1.01 54.6288 31.7517
      vertex 0 54.6288 36.7517
      vertex 1.01 54.6288 36.7517
    endloop
  endfacet
  facet normal 0 1 0
    outer loop
      vertex 0 54.6288 36.7517
      vertex 1.01 54.6288 31.7517
      vertex 0 54.6288 31.7517
    endloop
  endfacet
  facet normal -0 0.499994 0.866029
    outer loop
      vertex 0 58.959 29.2517
      vertex 1.01 54.6288 31.7517
      vertex 1.01 58.959 29.2517
    endloop
  endfacet
  facet normal 0 0.499994 0.866029
    outer loop
      vertex 1.01 54.6288 31.7517
      vertex 0 58.959 29.2517
      vertex 0 54.6288 31.7517
    endloop
  endfacet
  facet normal 0 -0.500002 0.866024
    outer loop
      vertex 0 63.2891 31.7517
      vertex 1.01 58.959 29.2517
      vertex 1.01 63.2891 31.7517
    endloop
  endfacet
  facet normal 0 -0.500002 0.866024
    outer loop
      vertex 1.01 58.959 29.2517
      vertex 0 63.2891 31.7517
      vertex 0 58.959 29.2517
    endloop
  endfacet
  facet normal 0 -1 0
    outer loop
      vertex 0 74.5493 31.7517
      vertex 1.01 74.5493 36.7517
      vertex 0 74.5493 36.7517
    endloop
  endfacet
  facet normal 0 -1 -0
    outer loop
      vertex 1.01 74.5493 36.7517
      vertex 0 74.5493 31.7517
      vertex 1.01 74.5493 31.7517
    endloop
  endfacet
  facet normal 0 -0.500002 -0.866024
    outer loop
      vertex 0 70.2192 39.2517
      vertex 1.01 74.5493 36.7517
      vertex 1.01 70.2192 39.2517
    endloop
  endfacet
  facet normal -0 -0.500002 -0.866024
    outer loop
      vertex 1.01 74.5493 36.7517
      vertex 0 70.2192 39.2517
      vertex 0 74.5493 36.7517
    endloop
  endfacet
  facet normal 0 0.500002 -0.866024
    outer loop
      vertex 0 65.8891 36.7517
      vertex 1.01 70.2192 39.2517
      vertex 1.01 65.8891 36.7517
    endloop
  endfacet
  facet normal 0 0.500002 -0.866024
    outer loop
      vertex 1.01 70.2192 39.2517
      vertex 0 65.8891 36.7517
      vertex 0 70.2192 39.2517
    endloop
  endfacet
  facet normal 0 1 -0
    outer loop
      vertex 1.01 65.8891 31.7517
      vertex 0 65.8891 36.7517
      vertex 1.01 65.8891 36.7517
    endloop
  endfacet
  facet normal 0 1 0
    outer loop
      vertex 0 65.8891 36.7517
      vertex 1.01 65.8891 31.7517
      vertex 0 65.8891 31.7517
    endloop
  endfacet
  facet normal -0 0.500002 0.866024
    outer loop
      vertex 0 70.2192 29.2517
      vertex 1.01 65.8891 31.7517
      vertex 1.01 70.2192 29.2517
    endloop
  endfacet
  facet normal 0 0.500002 0.866024
    outer loop
      vertex 1.01 65.8891 31.7517
      vertex 0 70.2192 29.2517
      vertex 0 65.8891 31.7517
    endloop
  endfacet
  facet normal 0 -0.500002 0.866024
    outer loop
      vertex 0 74.5493 31.7517
      vertex 1.01 70.2192 29.2517
      vertex 1.01 74.5493 31.7517
    endloop
  endfacet
  facet normal 0 -0.500002 0.866024
    outer loop
      vertex 1.01 70.2192 29.2517
      vertex 0 74.5493 31.7517
      vertex 0 70.2192 29.2517
    endloop
  endfacet
  facet normal 0 -1 0
    outer loop
      vertex 0 85.8096 31.7517
      vertex 1.01 85.8096 36.7517
      vertex 0 85.8096 36.7517
    endloop
  endfacet
  facet normal 0 -1 -0
    outer loop
      vertex 1.01 85.8096 36.7517
      vertex 0 85.8096 31.7517
      vertex 1.01 85.8096 31.7517
    endloop
  endfacet
  facet normal 0 -0.500002 -0.866024
    outer loop
      vertex 0 81.4795 39.2517
      vertex 1.01 85.8096 36.7517
      vertex 1.01 81.4795 39.2517
    endloop
  endfacet
  facet normal -0 -0.500002 -0.866024
    outer loop
      vertex 1.01 85.8096 36.7517
      vertex 0 81.4795 39.2517
      vertex 0 85.8096 36.7517
    endloop
  endfacet
  facet normal 0 0.500002 -0.866024
    outer loop
      vertex 0 77.1494 36.7517
      vertex 1.01 81.4795 39.2517
      vertex 1.01 77.1494 36.7517
    endloop
  endfacet
  facet normal 0 0.500002 -0.866024
    outer loop
      vertex 1.01 81.4795 39.2517
      vertex 0 77.1494 36.7517
      vertex 0 81.4795 39.2517
    endloop
  endfacet
  facet normal 0 1 -0
    outer loop
      vertex 1.01 77.1494 31.7517
      vertex 0 77.1494 36.7517
      vertex 1.01 77.1494 36.7517
    endloop
  endfacet
  facet normal 0 1 0
    outer loop
      vertex 0 77.1494 36.7517
      vertex 1.01 77.1494 31.7517
      vertex 0 77.1494 31.7517
    endloop
  endfacet
  facet normal -0 0.500002 0.866024
    outer loop
      vertex 0 81.4795 29.2517
      vertex 1.01 77.1494 31.7517
      vertex 1.01 81.4795 29.2517
    endloop
  endfacet
  facet normal 0 0.500002 0.866024
    outer loop
      vertex 1.01 77.1494 31.7517
      vertex 0 81.4795 29.2517
      vertex 0 77.1494 31.7517
    endloop
  endfacet
  facet normal 0 -0.500002 0.866024
    outer loop
      vertex 0 85.8096 31.7517
      vertex 1.01 81.4795 29.2517
      vertex 1.01 85.8096 31.7517
    endloop
  endfacet
  facet normal 0 -0.500002 0.866024
    outer loop
      vertex 1.01 81.4795 29.2517
      vertex 0 85.8096 31.7517
      vertex 0 81.4795 29.2517
    endloop
  endfacet
  facet normal 0 -1 0
    outer loop
      vertex 0 97.0699 31.7517
      vertex 1.01 97.0699 36.7517
      vertex 0 97.0699 36.7517
    endloop
  endfacet
  facet normal 0 -1 -0
    outer loop
      vertex 1.01 97.0699 36.7517
      vertex 0 97.0699 31.7517
      vertex 1.01 97.0699 31.7517
    endloop
  endfacet
  facet normal 0 -0.499994 -0.866029
    outer loop
      vertex 0 92.7397 39.2517
      vertex 1.01 97.0699 36.7517
      vertex 1.01 92.7397 39.2517
    endloop
  endfacet
  facet normal -0 -0.499994 -0.866029
    outer loop
      vertex 1.01 97.0699 36.7517
      vertex 0 92.7397 39.2517
      vertex 0 97.0699 36.7517
    endloop
  endfacet
  facet normal 0 0.500002 -0.866024
    outer loop
      vertex 0 88.4096 36.7517
      vertex 1.01 92.7397 39.2517
      vertex 1.01 88.4096 36.7517
    endloop
  endfacet
  facet normal 0 0.500002 -0.866024
    outer loop
      vertex 1.01 92.7397 39.2517
      vertex 0 88.4096 36.7517
      vertex 0 92.7397 39.2517
    endloop
  endfacet
  facet normal 0 1 -0
    outer loop
      vertex 1.01 88.4096 31.7517
      vertex 0 88.4096 36.7517
      vertex 1.01 88.4096 36.7517
    endloop
  endfacet
  facet normal 0 1 0
    outer loop
      vertex 0 88.4096 36.7517
      vertex 1.01 88.4096 31.7517
      vertex 0 88.4096 31.7517
    endloop
  endfacet
  facet normal -0 0.500002 0.866024
    outer loop
      vertex 0 92.7397 29.2517
      vertex 1.01 88.4096 31.7517
      vertex 1.01 92.7397 29.2517
    endloop
  endfacet
  facet normal 0 0.500002 0.866024
    outer loop
      vertex 1.01 88.4096 31.7517
      vertex 0 92.7397 29.2517
      vertex 0 88.4096 31.7517
    endloop
  endfacet
  facet normal 0 -0.499994 0.866029
    outer loop
      vertex 0 97.0699 31.7517
      vertex 1.01 92.7397 29.2517
      vertex 1.01 97.0699 31.7517
    endloop
  endfacet
  facet normal 0 -0.499994 0.866029
    outer loop
      vertex 1.01 92.7397 29.2517
      vertex 0 97.0699 31.7517
      vertex 0 92.7397 29.2517
    endloop
  endfacet
  facet normal 0 -1 0
    outer loop
      vertex 0 108.33 31.7517
      vertex 1.01 108.33 36.7517
      vertex 0 108.33 36.7517
    endloop
  endfacet
  facet normal 0 -1 -0
    outer loop
      vertex 1.01 108.33 36.7517
      vertex 0 108.33 31.7517
      vertex 1.01 108.33 31.7517
    endloop
  endfacet
  facet normal 0 -0.500011 -0.866019
    outer loop
      vertex 0 104 39.2517
      vertex 1.01 108.33 36.7517
      vertex 1.01 104 39.2517
    endloop
  endfacet
  facet normal -0 -0.500011 -0.866019
    outer loop
      vertex 1.01 108.33 36.7517
      vertex 0 104 39.2517
      vertex 0 108.33 36.7517
    endloop
  endfacet
  facet normal 0 0.500002 -0.866024
    outer loop
      vertex 0 99.6699 36.7517
      vertex 1.01 104 39.2517
      vertex 1.01 99.6699 36.7517
    endloop
  endfacet
  facet normal 0 0.500002 -0.866024
    outer loop
      vertex 1.01 104 39.2517
      vertex 0 99.6699 36.7517
      vertex 0 104 39.2517
    endloop
  endfacet
  facet normal 0 1 -0
    outer loop
      vertex 1.01 99.6699 31.7517
      vertex 0 99.6699 36.7517
      vertex 1.01 99.6699 36.7517
    endloop
  endfacet
  facet normal 0 1 0
    outer loop
      vertex 0 99.6699 36.7517
      vertex 1.01 99.6699 31.7517
      vertex 0 99.6699 31.7517
    endloop
  endfacet
  facet normal -0 0.500002 0.866024
    outer loop
      vertex 0 104 29.2517
      vertex 1.01 99.6699 31.7517
      vertex 1.01 104 29.2517
    endloop
  endfacet
  facet normal 0 0.500002 0.866024
    outer loop
      vertex 1.01 99.6699 31.7517
      vertex 0 104 29.2517
      vertex 0 99.6699 31.7517
    endloop
  endfacet
  facet normal 0 -0.500011 0.866019
    outer loop
      vertex 0 108.33 31.7517
      vertex 1.01 104 29.2517
      vertex 1.01 108.33 31.7517
    endloop
  endfacet
  facet normal 0 -0.500011 0.866019
    outer loop
      vertex 1.01 104 29.2517
      vertex 0 108.33 31.7517
      vertex 0 104 29.2517
    endloop
  endfacet
  facet normal 0 -1 0
    outer loop
      vertex 0 119.59 31.7517
      vertex 1.01 119.59 36.7517
      vertex 0 119.59 36.7517
    endloop
  endfacet
  facet normal 0 -1 -0
    outer loop
      vertex 1.01 119.59 36.7517
      vertex 0 119.59 31.7517
      vertex 1.01 119.59 31.7517
    endloop
  endfacet
  facet normal 0 -0.500011 -0.866019
    outer loop
      vertex 0 115.26 39.2517
      vertex 1.01 119.59 36.7517
      vertex 1.01 115.26 39.2517
    endloop
  endfacet
  facet normal -0 -0.500011 -0.866019
    outer loop
      vertex 1.01 119.59 36.7517
      vertex 0 115.26 39.2517
      vertex 0 119.59 36.7517
    endloop
  endfacet
  facet normal 0 0.500011 -0.866019
    outer loop
      vertex 0 110.93 36.7517
      vertex 1.01 115.26 39.2517
      vertex 1.01 110.93 36.7517
    endloop
  endfacet
  facet normal 0 0.500011 -0.866019
    outer loop
      vertex 1.01 115.26 39.2517
      vertex 0 110.93 36.7517
      vertex 0 115.26 39.2517
    endloop
  endfacet
  facet normal 0 1 -0
    outer loop
      vertex 1.01 110.93 31.7517
      vertex 0 110.93 36.7517
      vertex 1.01 110.93 36.7517
    endloop
  endfacet
  facet normal 0 1 0
    outer loop
      vertex 0 110.93 36.7517
      vertex 1.01 110.93 31.7517
      vertex 0 110.93 31.7517
    endloop
  endfacet
  facet normal -0 0.500011 0.866019
    outer loop
      vertex 0 115.26 29.2517
      vertex 1.01 110.93 31.7517
      vertex 1.01 115.26 29.2517
    endloop
  endfacet
  facet normal 0 0.500011 0.866019
    outer loop
      vertex 1.01 110.93 31.7517
      vertex 0 115.26 29.2517
      vertex 0 110.93 31.7517
    endloop
  endfacet
  facet normal 0 -0.500011 0.866019
    outer loop
      vertex 0 119.59 31.7517
      vertex 1.01 115.26 29.2517
      vertex 1.01 119.59 31.7517
    endloop
  endfacet
  facet normal 0 -0.500011 0.866019
    outer loop
      vertex 1.01 115.26 29.2517
      vertex 0 119.59 31.7517
      vertex 0 115.26 29.2517
    endloop
  endfacet
  facet normal 0 -1 0
    outer loop
      vertex 0 130.851 31.7517
      vertex 1.01 130.851 36.7517
      vertex 0 130.851 36.7517
    endloop
  endfacet
  facet normal 0 -1 -0
    outer loop
      vertex 1.01 130.851 36.7517
      vertex 0 130.851 31.7517
      vertex 1.01 130.851 31.7517
    endloop
  endfacet
  facet normal 0 -0.500011 -0.866019
    outer loop
      vertex 0 126.521 39.2517
      vertex 1.01 130.851 36.7517
      vertex 1.01 126.521 39.2517
    endloop
  endfacet
  facet normal -0 -0.500011 -0.866019
    outer loop
      vertex 1.01 130.851 36.7517
      vertex 0 126.521 39.2517
      vertex 0 130.851 36.7517
    endloop
  endfacet
  facet normal 0 0.499924 -0.866069
    outer loop
      vertex 0 122.19 36.7517
      vertex 1.01 126.521 39.2517
      vertex 1.01 122.19 36.7517
    endloop
  endfacet
  facet normal 0 0.499924 -0.866069
    outer loop
      vertex 1.01 126.521 39.2517
      vertex 0 122.19 36.7517
      vertex 0 126.521 39.2517
    endloop
  endfacet
  facet normal 0 1 -0
    outer loop
      vertex 1.01 122.19 31.7517
      vertex 0 122.19 36.7517
      vertex 1.01 122.19 36.7517
    endloop
  endfacet
  facet normal 0 1 0
    outer loop
      vertex 0 122.19 36.7517
      vertex 1.01 122.19 31.7517
      vertex 0 122.19 31.7517
    endloop
  endfacet
  facet normal -0 0.499924 0.866069
    outer loop
      vertex 0 126.521 29.2517
      vertex 1.01 122.19 31.7517
      vertex 1.01 126.521 29.2517
    endloop
  endfacet
  facet normal 0 0.499924 0.866069
    outer loop
      vertex 1.01 122.19 31.7517
      vertex 0 126.521 29.2517
      vertex 0 122.19 31.7517
    endloop
  endfacet
  facet normal 0 -0.500011 0.866019
    outer loop
      vertex 0 130.851 31.7517
      vertex 1.01 126.521 29.2517
      vertex 1.01 130.851 31.7517
    endloop
  endfacet
  facet normal 0 -0.500011 0.866019
    outer loop
      vertex 1.01 126.521 29.2517
      vertex 0 130.851 31.7517
      vertex 0 126.521 29.2517
    endloop
  endfacet
  facet normal 0 -1 0
    outer loop
      vertex 0 142.111 31.7517
      vertex 1.01 142.111 36.7517
      vertex 0 142.111 36.7517
    endloop
  endfacet
  facet normal 0 -1 -0
    outer loop
      vertex 1.01 142.111 36.7517
      vertex 0 142.111 31.7517
      vertex 1.01 142.111 31.7517
    endloop
  endfacet
  facet normal 0 -0.500011 -0.866019
    outer loop
      vertex 0 137.781 39.2517
      vertex 1.01 142.111 36.7517
      vertex 1.01 137.781 39.2517
    endloop
  endfacet
  facet normal -0 -0.500011 -0.866019
    outer loop
      vertex 1.01 142.111 36.7517
      vertex 0 137.781 39.2517
      vertex 0 142.111 36.7517
    endloop
  endfacet
  facet normal 0 0.500011 -0.866019
    outer loop
      vertex 0 133.451 36.7517
      vertex 1.01 137.781 39.2517
      vertex 1.01 133.451 36.7517
    endloop
  endfacet
  facet normal 0 0.500011 -0.866019
    outer loop
      vertex 1.01 137.781 39.2517
      vertex 0 133.451 36.7517
      vertex 0 137.781 39.2517
    endloop
  endfacet
  facet normal 0 1 -0
    outer loop
      vertex 1.01 133.451 31.7517
      vertex 0 133.451 36.7517
      vertex 1.01 133.451 36.7517
    endloop
  endfacet
  facet normal 0 1 0
    outer loop
      vertex 0 133.451 36.7517
      vertex 1.01 133.451 31.7517
      vertex 0 133.451 31.7517
    endloop
  endfacet
  facet normal -0 0.500011 0.866019
    outer loop
      vertex 0 137.781 29.2517
      vertex 1.01 133.451 31.7517
      vertex 1.01 137.781 29.2517
    endloop
  endfacet
  facet normal 0 0.500011 0.866019
    outer loop
      vertex 1.01 133.451 31.7517
      vertex 0 137.781 29.2517
      vertex 0 133.451 31.7517
    endloop
  endfacet
  facet normal 0 -0.500011 0.866019
    outer loop
      vertex 0 142.111 31.7517
      vertex 1.01 137.781 29.2517
      vertex 1.01 142.111 31.7517
    endloop
  endfacet
  facet normal 0 -0.500011 0.866019
    outer loop
      vertex 1.01 137.781 29.2517
      vertex 0 142.111 31.7517
      vertex 0 137.781 29.2517
    endloop
  endfacet
  facet normal 0 -1 0
    outer loop
      vertex 0 153.371 31.7517
      vertex 1.01 153.371 36.7517
      vertex 0 153.371 36.7517
    endloop
  endfacet
  facet normal 0 -1 -0
    outer loop
      vertex 1.01 153.371 36.7517
      vertex 0 153.371 31.7517
      vertex 1.01 153.371 31.7517
    endloop
  endfacet
  facet normal 0 -0.500011 -0.866019
    outer loop
      vertex 0 149.041 39.2517
      vertex 1.01 153.371 36.7517
      vertex 1.01 149.041 39.2517
    endloop
  endfacet
  facet normal -0 -0.500011 -0.866019
    outer loop
      vertex 1.01 153.371 36.7517
      vertex 0 149.041 39.2517
      vertex 0 153.371 36.7517
    endloop
  endfacet
  facet normal 0 0.500011 -0.866019
    outer loop
      vertex 0 144.711 36.7517
      vertex 1.01 149.041 39.2517
      vertex 1.01 144.711 36.7517
    endloop
  endfacet
  facet normal 0 0.500011 -0.866019
    outer loop
      vertex 1.01 149.041 39.2517
      vertex 0 144.711 36.7517
      vertex 0 149.041 39.2517
    endloop
  endfacet
  facet normal 0 1 -0
    outer loop
      vertex 1.01 144.711 31.7517
      vertex 0 144.711 36.7517
      vertex 1.01 144.711 36.7517
    endloop
  endfacet
  facet normal 0 1 0
    outer loop
      vertex 0 144.711 36.7517
      vertex 1.01 144.711 31.7517
      vertex 0 144.711 31.7517
    endloop
  endfacet
  facet normal -0 0.500011 0.866019
    outer loop
      vertex 0 149.041 29.2517
      vertex 1.01 144.711 31.7517
      vertex 1.01 149.041 29.2517
    endloop
  endfacet
  facet normal 0 0.500011 0.866019
    outer loop
      vertex 1.01 144.711 31.7517
      vertex 0 149.041 29.2517
      vertex 0 144.711 31.7517
    endloop
  endfacet
  facet normal 0 -0.500011 0.866019
    outer loop
      vertex 0 153.371 31.7517
      vertex 1.01 149.041 29.2517
      vertex 1.01 153.371 31.7517
    endloop
  endfacet
  facet normal 0 -0.500011 0.866019
    outer loop
      vertex 1.01 149.041 29.2517
      vertex 0 153.371 31.7517
      vertex 0 149.041 29.2517
    endloop
  endfacet
  facet normal 0 -1 0
    outer loop
      vertex 0 164.631 31.7517
      vertex 1.01 164.631 36.7517
      vertex 0 164.631 36.7517
    endloop
  endfacet
  facet normal 0 -1 -0
    outer loop
      vertex 1.01 164.631 36.7517
      vertex 0 164.631 31.7517
      vertex 1.01 164.631 31.7517
    endloop
  endfacet
  facet normal 0 -0.500011 -0.866019
    outer loop
      vertex 0 160.301 39.2517
      vertex 1.01 164.631 36.7517
      vertex 1.01 160.301 39.2517
    endloop
  endfacet
  facet normal -0 -0.500011 -0.866019
    outer loop
      vertex 1.01 164.631 36.7517
      vertex 0 160.301 39.2517
      vertex 0 164.631 36.7517
    endloop
  endfacet
  facet normal 0 0.500011 -0.866019
    outer loop
      vertex 0 155.971 36.7517
      vertex 1.01 160.301 39.2517
      vertex 1.01 155.971 36.7517
    endloop
  endfacet
  facet normal 0 0.500011 -0.866019
    outer loop
      vertex 1.01 160.301 39.2517
      vertex 0 155.971 36.7517
      vertex 0 160.301 39.2517
    endloop
  endfacet
  facet normal 0 1 -0
    outer loop
      vertex 1.01 155.971 31.7517
      vertex 0 155.971 36.7517
      vertex 1.01 155.971 36.7517
    endloop
  endfacet
  facet normal 0 1 0
    outer loop
      vertex 0 155.971 36.7517
      vertex 1.01 155.971 31.7517
      vertex 0 155.971 31.7517
    endloop
  endfacet
  facet normal -0 0.500011 0.866019
    outer loop
      vertex 0 160.301 29.2517
      vertex 1.01 155.971 31.7517
      vertex 1.01 160.301 29.2517
    endloop
  endfacet
  facet normal 0 0.500011 0.866019
    outer loop
      vertex 1.01 155.971 31.7517
      vertex 0 160.301 29.2517
      vertex 0 155.971 31.7517
    endloop
  endfacet
  facet normal 0 -0.500011 0.866019
    outer loop
      vertex 0 164.631 31.7517
      vertex 1.01 160.301 29.2517
      vertex 1.01 164.631 31.7517
    endloop
  endfacet
  facet normal 0 -0.500011 0.866019
    outer loop
      vertex 1.01 160.301 29.2517
      vertex 0 164.631 31.7517
      vertex 0 160.301 29.2517
    endloop
  endfacet
  facet normal 0 -1 0
    outer loop
      vertex 0 175.892 31.7517
      vertex 1.01 175.892 36.7517
      vertex 0 175.892 36.7517
    endloop
  endfacet
  facet normal 0 -1 -0
    outer loop
      vertex 1.01 175.892 36.7517
      vertex 0 175.892 31.7517
      vertex 1.01 175.892 31.7517
    endloop
  endfacet
  facet normal 0 -0.500011 -0.866019
    outer loop
      vertex 0 171.562 39.2517
      vertex 1.01 175.892 36.7517
      vertex 1.01 171.562 39.2517
    endloop
  endfacet
  facet normal -0 -0.500011 -0.866019
    outer loop
      vertex 1.01 175.892 36.7517
      vertex 0 171.562 39.2517
      vertex 0 175.892 36.7517
    endloop
  endfacet
  facet normal 0 0.499924 -0.866069
    outer loop
      vertex 0 167.231 36.7517
      vertex 1.01 171.562 39.2517
      vertex 1.01 167.231 36.7517
    endloop
  endfacet
  facet normal 0 0.499924 -0.866069
    outer loop
      vertex 1.01 171.562 39.2517
      vertex 0 167.231 36.7517
      vertex 0 171.562 39.2517
    endloop
  endfacet
  facet normal 0 1 -0
    outer loop
      vertex 1.01 167.231 31.7517
      vertex 0 167.231 36.7517
      vertex 1.01 167.231 36.7517
    endloop
  endfacet
  facet normal 0 1 0
    outer loop
      vertex 0 167.231 36.7517
      vertex 1.01 167.231 31.7517
      vertex 0 167.231 31.7517
    endloop
  endfacet
  facet normal -0 0.499924 0.866069
    outer loop
      vertex 0 171.562 29.2517
      vertex 1.01 167.231 31.7517
      vertex 1.01 171.562 29.2517
    endloop
  endfacet
  facet normal 0 0.499924 0.866069
    outer loop
      vertex 1.01 167.231 31.7517
      vertex 0 171.562 29.2517
      vertex 0 167.231 31.7517
    endloop
  endfacet
  facet normal 0 -0.500011 0.866019
    outer loop
      vertex 0 175.892 31.7517
      vertex 1.01 171.562 29.2517
      vertex 1.01 175.892 31.7517
    endloop
  endfacet
  facet normal 0 -0.500011 0.866019
    outer loop
      vertex 1.01 171.562 29.2517
      vertex 0 175.892 31.7517
      vertex 0 171.562 29.2517
    endloop
  endfacet
  facet normal 0 -1 0
    outer loop
      vertex 0 187.152 31.7517
      vertex 1.01 187.152 36.7517
      vertex 0 187.152 36.7517
    endloop
  endfacet
  facet normal 0 -1 -0
    outer loop
      vertex 1.01 187.152 36.7517
      vertex 0 187.152 31.7517
      vertex 1.01 187.152 31.7517
    endloop
  endfacet
  facet normal 0 -0.500011 -0.866019
    outer loop
      vertex 0 182.822 39.2517
      vertex 1.01 187.152 36.7517
      vertex 1.01 182.822 39.2517
    endloop
  endfacet
  facet normal -0 -0.500011 -0.866019
    outer loop
      vertex 1.01 187.152 36.7517
      vertex 0 182.822 39.2517
      vertex 0 187.152 36.7517
    endloop
  endfacet
  facet normal 0 0.500011 -0.866019
    outer loop
      vertex 0 178.492 36.7517
      vertex 1.01 182.822 39.2517
      vertex 1.01 178.492 36.7517
    endloop
  endfacet
  facet normal 0 0.500011 -0.866019
    outer loop
      vertex 1.01 182.822 39.2517
      vertex 0 178.492 36.7517
      vertex 0 182.822 39.2517
    endloop
  endfacet
  facet normal 0 1 -0
    outer loop
      vertex 1.01 178.492 31.7517
      vertex 0 178.492 36.7517
      vertex 1.01 178.492 36.7517
    endloop
  endfacet
  facet normal 0 1 0
    outer loop
      vertex 0 178.492 36.7517
      vertex 1.01 178.492 31.7517
      vertex 0 178.492 31.7517
    endloop
  endfacet
  facet normal -0 0.500011 0.866019
    outer loop
      vertex 0 182.822 29.2517
      vertex 1.01 178.492 31.7517
      vertex 1.01 182.822 29.2517
    endloop
  endfacet
  facet normal 0 0.500011 0.866019
    outer loop
      vertex 1.01 178.492 31.7517
      vertex 0 182.822 29.2517
      vertex 0 178.492 31.7517
    endloop
  endfacet
  facet normal 0 -0.500011 0.866019
    outer loop
      vertex 0 187.152 31.7517
      vertex 1.01 182.822 29.2517
      vertex 1.01 187.152 31.7517
    endloop
  endfacet
  facet normal 0 -0.500011 0.866019
    outer loop
      vertex 1.01 182.822 29.2517
      vertex 0 187.152 31.7517
      vertex 0 182.822 29.2517
    endloop
  endfacet
  facet normal 0 -1 0
    outer loop
      vertex 0 113.96 22
      vertex 1.01 113.96 27
      vertex 0 113.96 27
    endloop
  endfacet
  facet normal 0 -1 -0
    outer loop
      vertex 1.01 113.96 27
      vertex 0 113.96 22
      vertex 1.01 113.96 22
    endloop
  endfacet
  facet normal 0 -0.500011 -0.866019
    outer loop
      vertex 0 109.63 29.5
      vertex 1.01 113.96 27
      vertex 1.01 109.63 29.5
    endloop
  endfacet
  facet normal -0 -0.500011 -0.866019
    outer loop
      vertex 1.01 113.96 27
      vertex 0 109.63 29.5
      vertex 0 113.96 27
    endloop
  endfacet
  facet normal 0 0.500011 -0.866019
    outer loop
      vertex 0 105.3 27
      vertex 1.01 109.63 29.5
      vertex 1.01 105.3 27
    endloop
  endfacet
  facet normal 0 0.500011 -0.866019
    outer loop
      vertex 1.01 109.63 29.5
      vertex 0 105.3 27
      vertex 0 109.63 29.5
    endloop
  endfacet
  facet normal 0 1 -0
    outer loop
      vertex 1.01 105.3 22
      vertex 0 105.3 27
      vertex 1.01 105.3 27
    endloop
  endfacet
  facet normal 0 1 0
    outer loop
      vertex 0 105.3 27
      vertex 1.01 105.3 22
      vertex 0 105.3 22
    endloop
  endfacet
  facet normal -0 0.500011 0.866019
    outer loop
      vertex 0 109.63 19.5
      vertex 1.01 105.3 22
      vertex 1.01 109.63 19.5
    endloop
  endfacet
  facet normal 0 0.500011 0.866019
    outer loop
      vertex 1.01 105.3 22
      vertex 0 109.63 19.5
      vertex 0 105.3 22
    endloop
  endfacet
  facet normal 0 -0.500011 0.866019
    outer loop
      vertex 0 113.96 22
      vertex 1.01 109.63 19.5
      vertex 1.01 113.96 22
    endloop
  endfacet
  facet normal 0 -0.500011 0.866019
    outer loop
      vertex 1.01 109.63 19.5
      vertex 0 113.96 22
      vertex 0 109.63 19.5
    endloop
  endfacet
  facet normal 0 -1 0
    outer loop
      vertex 0 192.782 22
      vertex 1.01 192.782 27
      vertex 0 192.782 27
    endloop
  endfacet
  facet normal 0 -1 -0
    outer loop
      vertex 1.01 192.782 27
      vertex 0 192.782 22
      vertex 1.01 192.782 22
    endloop
  endfacet
  facet normal 0 -0.500011 -0.866019
    outer loop
      vertex 0 188.452 29.5
      vertex 1.01 192.782 27
      vertex 1.01 188.452 29.5
    endloop
  endfacet
  facet normal -0 -0.500011 -0.866019
    outer loop
      vertex 1.01 192.782 27
      vertex 0 188.452 29.5
      vertex 0 192.782 27
    endloop
  endfacet
  facet normal 0 0.500011 -0.866019
    outer loop
      vertex 0 184.122 27
      vertex 1.01 188.452 29.5
      vertex 1.01 184.122 27
    endloop
  endfacet
  facet normal 0 0.500011 -0.866019
    outer loop
      vertex 1.01 188.452 29.5
      vertex 0 184.122 27
      vertex 0 188.452 29.5
    endloop
  endfacet
  facet normal 0 1 -0
    outer loop
      vertex 1.01 184.122 22
      vertex 0 184.122 27
      vertex 1.01 184.122 27
    endloop
  endfacet
  facet normal 0 1 0
    outer loop
      vertex 0 184.122 27
      vertex 1.01 184.122 22
      vertex 0 184.122 22
    endloop
  endfacet
  facet normal -0 0.500011 0.866019
    outer loop
      vertex 0 188.452 19.5
      vertex 1.01 184.122 22
      vertex 1.01 188.452 19.5
    endloop
  endfacet
  facet normal 0 0.500011 0.866019
    outer loop
      vertex 1.01 184.122 22
      vertex 0 188.452 19.5
      vertex 0 184.122 22
    endloop
  endfacet
  facet normal 0 -0.500011 0.866019
    outer loop
      vertex 0 192.782 22
      vertex 1.01 188.452 19.5
      vertex 1.01 192.782 22
    endloop
  endfacet
  facet normal 0 -0.500011 0.866019
    outer loop
      vertex 1.01 188.452 19.5
      vertex 0 192.782 22
      vertex 0 188.452 19.5
    endloop
  endfacet
  facet normal 0 -1 0
    outer loop
      vertex 0 181.522 22
      vertex 1.01 181.522 27
      vertex 0 181.522 27
    endloop
  endfacet
  facet normal 0 -1 -0
    outer loop
      vertex 1.01 181.522 27
      vertex 0 181.522 22
      vertex 1.01 181.522 22
    endloop
  endfacet
  facet normal 0 -0.500011 -0.866019
    outer loop
      vertex 0 177.192 29.5
      vertex 1.01 181.522 27
      vertex 1.01 177.192 29.5
    endloop
  endfacet
  facet normal -0 -0.500011 -0.866019
    outer loop
      vertex 1.01 181.522 27
      vertex 0 177.192 29.5
      vertex 0 181.522 27
    endloop
  endfacet
  facet normal 0 0.500011 -0.866019
    outer loop
      vertex 0 172.862 27
      vertex 1.01 177.192 29.5
      vertex 1.01 172.862 27
    endloop
  endfacet
  facet normal 0 0.500011 -0.866019
    outer loop
      vertex 1.01 177.192 29.5
      vertex 0 172.862 27
      vertex 0 177.192 29.5
    endloop
  endfacet
  facet normal 0 1 -0
    outer loop
      vertex 1.01 172.862 22
      vertex 0 172.862 27
      vertex 1.01 172.862 27
    endloop
  endfacet
  facet normal 0 1 0
    outer loop
      vertex 0 172.862 27
      vertex 1.01 172.862 22
      vertex 0 172.862 22
    endloop
  endfacet
  facet normal -0 0.500011 0.866019
    outer loop
      vertex 0 177.192 19.5
      vertex 1.01 172.862 22
      vertex 1.01 177.192 19.5
    endloop
  endfacet
  facet normal 0 0.500011 0.866019
    outer loop
      vertex 1.01 172.862 22
      vertex 0 177.192 19.5
      vertex 0 172.862 22
    endloop
  endfacet
  facet normal 0 -0.500011 0.866019
    outer loop
      vertex 0 181.522 22
      vertex 1.01 177.192 19.5
      vertex 1.01 181.522 22
    endloop
  endfacet
  facet normal 0 -0.500011 0.866019
    outer loop
      vertex 1.01 177.192 19.5
      vertex 0 181.522 22
      vertex 0 177.192 19.5
    endloop
  endfacet
  facet normal 0 -1 0
    outer loop
      vertex 0 170.262 22
      vertex 1.01 170.262 27
      vertex 0 170.262 27
    endloop
  endfacet
  facet normal 0 -1 -0
    outer loop
      vertex 1.01 170.262 27
      vertex 0 170.262 22
      vertex 1.01 170.262 22
    endloop
  endfacet
  facet normal 0 -0.499924 -0.866069
    outer loop
      vertex 0 165.931 29.5
      vertex 1.01 170.262 27
      vertex 1.01 165.931 29.5
    endloop
  endfacet
  facet normal -0 -0.499924 -0.866069
    outer loop
      vertex 1.01 170.262 27
      vertex 0 165.931 29.5
      vertex 0 170.262 27
    endloop
  endfacet
  facet normal 0 0.500011 -0.866019
    outer loop
      vertex 0 161.601 27
      vertex 1.01 165.931 29.5
      vertex 1.01 161.601 27
    endloop
  endfacet
  facet normal 0 0.500011 -0.866019
    outer loop
      vertex 1.01 165.931 29.5
      vertex 0 161.601 27
      vertex 0 165.931 29.5
    endloop
  endfacet
  facet normal 0 1 -0
    outer loop
      vertex 1.01 161.601 22
      vertex 0 161.601 27
      vertex 1.01 161.601 27
    endloop
  endfacet
  facet normal 0 1 0
    outer loop
      vertex 0 161.601 27
      vertex 1.01 161.601 22
      vertex 0 161.601 22
    endloop
  endfacet
  facet normal -0 0.500011 0.866019
    outer loop
      vertex 0 165.931 19.5
      vertex 1.01 161.601 22
      vertex 1.01 165.931 19.5
    endloop
  endfacet
  facet normal 0 0.500011 0.866019
    outer loop
      vertex 1.01 161.601 22
      vertex 0 165.931 19.5
      vertex 0 161.601 22
    endloop
  endfacet
  facet normal 0 -0.499924 0.866069
    outer loop
      vertex 0 170.262 22
      vertex 1.01 165.931 19.5
      vertex 1.01 170.262 22
    endloop
  endfacet
  facet normal 0 -0.499924 0.866069
    outer loop
      vertex 1.01 165.931 19.5
      vertex 0 170.262 22
      vertex 0 165.931 19.5
    endloop
  endfacet
  facet normal 0 -1 0
    outer loop
      vertex 0 159.001 22
      vertex 1.01 159.001 27
      vertex 0 159.001 27
    endloop
  endfacet
  facet normal 0 -1 -0
    outer loop
      vertex 1.01 159.001 27
      vertex 0 159.001 22
      vertex 1.01 159.001 22
    endloop
  endfacet
  facet normal 0 -0.500011 -0.866019
    outer loop
      vertex 0 154.671 29.5
      vertex 1.01 159.001 27
      vertex 1.01 154.671 29.5
    endloop
  endfacet
  facet normal -0 -0.500011 -0.866019
    outer loop
      vertex 1.01 159.001 27
      vertex 0 154.671 29.5
      vertex 0 159.001 27
    endloop
  endfacet
  facet normal 0 0.500011 -0.866019
    outer loop
      vertex 0 150.341 27
      vertex 1.01 154.671 29.5
      vertex 1.01 150.341 27
    endloop
  endfacet
  facet normal 0 0.500011 -0.866019
    outer loop
      vertex 1.01 154.671 29.5
      vertex 0 150.341 27
      vertex 0 154.671 29.5
    endloop
  endfacet
  facet normal 0 1 -0
    outer loop
      vertex 1.01 150.341 22
      vertex 0 150.341 27
      vertex 1.01 150.341 27
    endloop
  endfacet
  facet normal 0 1 0
    outer loop
      vertex 0 150.341 27
      vertex 1.01 150.341 22
      vertex 0 150.341 22
    endloop
  endfacet
  facet normal -0 0.500011 0.866019
    outer loop
      vertex 0 154.671 19.5
      vertex 1.01 150.341 22
      vertex 1.01 154.671 19.5
    endloop
  endfacet
  facet normal 0 0.500011 0.866019
    outer loop
      vertex 1.01 150.341 22
      vertex 0 154.671 19.5
      vertex 0 150.341 22
    endloop
  endfacet
  facet normal 0 -0.500011 0.866019
    outer loop
      vertex 0 159.001 22
      vertex 1.01 154.671 19.5
      vertex 1.01 159.001 22
    endloop
  endfacet
  facet normal 0 -0.500011 0.866019
    outer loop
      vertex 1.01 154.671 19.5
      vertex 0 159.001 22
      vertex 0 154.671 19.5
    endloop
  endfacet
  facet normal 0 -1 0
    outer loop
      vertex 0 147.741 22
      vertex 1.01 147.741 27
      vertex 0 147.741 27
    endloop
  endfacet
  facet normal 0 -1 -0
    outer loop
      vertex 1.01 147.741 27
      vertex 0 147.741 22
      vertex 1.01 147.741 22
    endloop
  endfacet
  facet normal 0 -0.500011 -0.866019
    outer loop
      vertex 0 143.411 29.5
      vertex 1.01 147.741 27
      vertex 1.01 143.411 29.5
    endloop
  endfacet
  facet normal -0 -0.500011 -0.866019
    outer loop
      vertex 1.01 147.741 27
      vertex 0 143.411 29.5
      vertex 0 147.741 27
    endloop
  endfacet
  facet normal 0 0.500011 -0.866019
    outer loop
      vertex 0 139.081 27
      vertex 1.01 143.411 29.5
      vertex 1.01 139.081 27
    endloop
  endfacet
  facet normal 0 0.500011 -0.866019
    outer loop
      vertex 1.01 143.411 29.5
      vertex 0 139.081 27
      vertex 0 143.411 29.5
    endloop
  endfacet
  facet normal 0 1 -0
    outer loop
      vertex 1.01 139.081 22
      vertex 0 139.081 27
      vertex 1.01 139.081 27
    endloop
  endfacet
  facet normal 0 1 0
    outer loop
      vertex 0 139.081 27
      vertex 1.01 139.081 22
      vertex 0 139.081 22
    endloop
  endfacet
  facet normal -0 0.500011 0.866019
    outer loop
      vertex 0 143.411 19.5
      vertex 1.01 139.081 22
      vertex 1.01 143.411 19.5
    endloop
  endfacet
  facet normal 0 0.500011 0.866019
    outer loop
      vertex 1.01 139.081 22
      vertex 0 143.411 19.5
      vertex 0 139.081 22
    endloop
  endfacet
  facet normal 0 -0.500011 0.866019
    outer loop
      vertex 0 147.741 22
      vertex 1.01 143.411 19.5
      vertex 1.01 147.741 22
    endloop
  endfacet
  facet normal 0 -0.500011 0.866019
    outer loop
      vertex 1.01 143.411 19.5
      vertex 0 147.741 22
      vertex 0 143.411 19.5
    endloop
  endfacet
  facet normal 0 -1 0
    outer loop
      vertex 0 136.481 22
      vertex 1.01 136.481 27
      vertex 0 136.481 27
    endloop
  endfacet
  facet normal 0 -1 -0
    outer loop
      vertex 1.01 136.481 27
      vertex 0 136.481 22
      vertex 1.01 136.481 22
    endloop
  endfacet
  facet normal 0 -0.500011 -0.866019
    outer loop
      vertex 0 132.151 29.5
      vertex 1.01 136.481 27
      vertex 1.01 132.151 29.5
    endloop
  endfacet
  facet normal -0 -0.500011 -0.866019
    outer loop
      vertex 1.01 136.481 27
      vertex 0 132.151 29.5
      vertex 0 136.481 27
    endloop
  endfacet
  facet normal 0 0.500011 -0.866019
    outer loop
      vertex 0 127.821 27
      vertex 1.01 132.151 29.5
      vertex 1.01 127.821 27
    endloop
  endfacet
  facet normal 0 0.500011 -0.866019
    outer loop
      vertex 1.01 132.151 29.5
      vertex 0 127.821 27
      vertex 0 132.151 29.5
    endloop
  endfacet
  facet normal 0 1 -0
    outer loop
      vertex 1.01 127.821 22
      vertex 0 127.821 27
      vertex 1.01 127.821 27
    endloop
  endfacet
  facet normal 0 1 0
    outer loop
      vertex 0 127.821 27
      vertex 1.01 127.821 22
      vertex 0 127.821 22
    endloop
  endfacet
  facet normal -0 0.500011 0.866019
    outer loop
      vertex 0 132.151 19.5
      vertex 1.01 127.821 22
      vertex 1.01 132.151 19.5
    endloop
  endfacet
  facet normal 0 0.500011 0.866019
    outer loop
      vertex 1.01 127.821 22
      vertex 0 132.151 19.5
      vertex 0 127.821 22
    endloop
  endfacet
  facet normal 0 -0.500011 0.866019
    outer loop
      vertex 0 136.481 22
      vertex 1.01 132.151 19.5
      vertex 1.01 136.481 22
    endloop
  endfacet
  facet normal 0 -0.500011 0.866019
    outer loop
      vertex 1.01 132.151 19.5
      vertex 0 136.481 22
      vertex 0 132.151 19.5
    endloop
  endfacet
  facet normal 0 -1 0
    outer loop
      vertex 0 125.221 22
      vertex 1.01 125.221 27
      vertex 0 125.221 27
    endloop
  endfacet
  facet normal 0 -1 -0
    outer loop
      vertex 1.01 125.221 27
      vertex 0 125.221 22
      vertex 1.01 125.221 22
    endloop
  endfacet
  facet normal 0 -0.499924 -0.866069
    outer loop
      vertex 0 120.89 29.5
      vertex 1.01 125.221 27
      vertex 1.01 120.89 29.5
    endloop
  endfacet
  facet normal -0 -0.499924 -0.866069
    outer loop
      vertex 1.01 125.221 27
      vertex 0 120.89 29.5
      vertex 0 125.221 27
    endloop
  endfacet
  facet normal 0 0.500011 -0.866019
    outer loop
      vertex 0 116.56 27
      vertex 1.01 120.89 29.5
      vertex 1.01 116.56 27
    endloop
  endfacet
  facet normal 0 0.500011 -0.866019
    outer loop
      vertex 1.01 120.89 29.5
      vertex 0 116.56 27
      vertex 0 120.89 29.5
    endloop
  endfacet
  facet normal 0 1 -0
    outer loop
      vertex 1.01 116.56 22
      vertex 0 116.56 27
      vertex 1.01 116.56 27
    endloop
  endfacet
  facet normal 0 1 0
    outer loop
      vertex 0 116.56 27
      vertex 1.01 116.56 22
      vertex 0 116.56 22
    endloop
  endfacet
  facet normal -0 0.500011 0.866019
    outer loop
      vertex 0 120.89 19.5
      vertex 1.01 116.56 22
      vertex 1.01 120.89 19.5
    endloop
  endfacet
  facet normal 0 0.500011 0.866019
    outer loop
      vertex 1.01 116.56 22
      vertex 0 120.89 19.5
      vertex 0 116.56 22
    endloop
  endfacet
  facet normal 0 -0.499924 0.866069
    outer loop
      vertex 0 125.221 22
      vertex 1.01 120.89 19.5
      vertex 1.01 125.221 22
    endloop
  endfacet
  facet normal 0 -0.499924 0.866069
    outer loop
      vertex 1.01 120.89 19.5
      vertex 0 125.221 22
      vertex 0 120.89 19.5
    endloop
  endfacet
  facet normal 0 -1 0
    outer loop
      vertex 0 102.7 22
      vertex 1.01 102.7 27
      vertex 0 102.7 27
    endloop
  endfacet
  facet normal 0 -1 -0
    outer loop
      vertex 1.01 102.7 27
      vertex 0 102.7 22
      vertex 1.01 102.7 22
    endloop
  endfacet
  facet normal 0 -0.500002 -0.866024
    outer loop
      vertex 0 98.3699 29.5
      vertex 1.01 102.7 27
      vertex 1.01 98.3699 29.5
    endloop
  endfacet
  facet normal -0 -0.500002 -0.866024
    outer loop
      vertex 1.01 102.7 27
      vertex 0 98.3699 29.5
      vertex 0 102.7 27
    endloop
  endfacet
  facet normal 0 0.499994 -0.866029
    outer loop
      vertex 0 94.0397 27
      vertex 1.01 98.3699 29.5
      vertex 1.01 94.0397 27
    endloop
  endfacet
  facet normal 0 0.499994 -0.866029
    outer loop
      vertex 1.01 98.3699 29.5
      vertex 0 94.0397 27
      vertex 0 98.3699 29.5
    endloop
  endfacet
  facet normal 0 1 -0
    outer loop
      vertex 1.01 94.0397 22
      vertex 0 94.0397 27
      vertex 1.01 94.0397 27
    endloop
  endfacet
  facet normal 0 1 0
    outer loop
      vertex 0 94.0397 27
      vertex 1.01 94.0397 22
      vertex 0 94.0397 22
    endloop
  endfacet
  facet normal -0 0.499994 0.866029
    outer loop
      vertex 0 98.3699 19.5
      vertex 1.01 94.0397 22
      vertex 1.01 98.3699 19.5
    endloop
  endfacet
  facet normal 0 0.499994 0.866029
    outer loop
      vertex 1.01 94.0397 22
      vertex 0 98.3699 19.5
      vertex 0 94.0397 22
    endloop
  endfacet
  facet normal 0 -0.500002 0.866024
    outer loop
      vertex 0 102.7 22
      vertex 1.01 98.3699 19.5
      vertex 1.01 102.7 22
    endloop
  endfacet
  facet normal 0 -0.500002 0.866024
    outer loop
      vertex 1.01 98.3699 19.5
      vertex 0 102.7 22
      vertex 0 98.3699 19.5
    endloop
  endfacet
  facet normal 0 -1 0
    outer loop
      vertex 0 23.8782 22
      vertex 1.01 23.8782 27
      vertex 0 23.8782 27
    endloop
  endfacet
  facet normal 0 -1 -0
    outer loop
      vertex 1.01 23.8782 27
      vertex 0 23.8782 22
      vertex 1.01 23.8782 22
    endloop
  endfacet
  facet normal 0 -0.500002 -0.866024
    outer loop
      vertex 0 19.5481 29.5
      vertex 1.01 23.8782 27
      vertex 1.01 19.5481 29.5
    endloop
  endfacet
  facet normal -0 -0.500002 -0.866024
    outer loop
      vertex 1.01 23.8782 27
      vertex 0 19.5481 29.5
      vertex 0 23.8782 27
    endloop
  endfacet
  facet normal 0 0.500002 -0.866024
    outer loop
      vertex 0 15.218 27
      vertex 1.01 19.5481 29.5
      vertex 1.01 15.218 27
    endloop
  endfacet
  facet normal 0 0.500002 -0.866024
    outer loop
      vertex 1.01 19.5481 29.5
      vertex 0 15.218 27
      vertex 0 19.5481 29.5
    endloop
  endfacet
  facet normal 0 1 -0
    outer loop
      vertex 1.01 15.218 22
      vertex 0 15.218 27
      vertex 1.01 15.218 27
    endloop
  endfacet
  facet normal 0 1 0
    outer loop
      vertex 0 15.218 27
      vertex 1.01 15.218 22
      vertex 0 15.218 22
    endloop
  endfacet
  facet normal -0 0.500002 0.866024
    outer loop
      vertex 0 19.5481 19.5
      vertex 1.01 15.218 22
      vertex 1.01 19.5481 19.5
    endloop
  endfacet
  facet normal 0 0.500002 0.866024
    outer loop
      vertex 1.01 15.218 22
      vertex 0 19.5481 19.5
      vertex 0 15.218 22
    endloop
  endfacet
  facet normal 0 -0.500002 0.866024
    outer loop
      vertex 0 23.8782 22
      vertex 1.01 19.5481 19.5
      vertex 1.01 23.8782 22
    endloop
  endfacet
  facet normal 0 -0.500002 0.866024
    outer loop
      vertex 1.01 19.5481 19.5
      vertex 0 23.8782 22
      vertex 0 19.5481 19.5
    endloop
  endfacet
  facet normal 0 -1 0
    outer loop
      vertex 0 35.1385 22
      vertex 1.01 35.1385 27
      vertex 0 35.1385 27
    endloop
  endfacet
  facet normal 0 -1 -0
    outer loop
      vertex 1.01 35.1385 27
      vertex 0 35.1385 22
      vertex 1.01 35.1385 22
    endloop
  endfacet
  facet normal 0 -0.499994 -0.866029
    outer loop
      vertex 0 30.8083 29.5
      vertex 1.01 35.1385 27
      vertex 1.01 30.8083 29.5
    endloop
  endfacet
  facet normal -0 -0.499994 -0.866029
    outer loop
      vertex 1.01 35.1385 27
      vertex 0 30.8083 29.5
      vertex 0 35.1385 27
    endloop
  endfacet
  facet normal 0 0.500002 -0.866024
    outer loop
      vertex 0 26.4782 27
      vertex 1.01 30.8083 29.5
      vertex 1.01 26.4782 27
    endloop
  endfacet
  facet normal 0 0.500002 -0.866024
    outer loop
      vertex 1.01 30.8083 29.5
      vertex 0 26.4782 27
      vertex 0 30.8083 29.5
    endloop
  endfacet
  facet normal 0 1 -0
    outer loop
      vertex 1.01 26.4782 22
      vertex 0 26.4782 27
      vertex 1.01 26.4782 27
    endloop
  endfacet
  facet normal 0 1 0
    outer loop
      vertex 0 26.4782 27
      vertex 1.01 26.4782 22
      vertex 0 26.4782 22
    endloop
  endfacet
  facet normal -0 0.500002 0.866024
    outer loop
      vertex 0 30.8083 19.5
      vertex 1.01 26.4782 22
      vertex 1.01 30.8083 19.5
    endloop
  endfacet
  facet normal 0 0.500002 0.866024
    outer loop
      vertex 1.01 26.4782 22
      vertex 0 30.8083 19.5
      vertex 0 26.4782 22
    endloop
  endfacet
  facet normal 0 -0.499994 0.866029
    outer loop
      vertex 0 35.1385 22
      vertex 1.01 30.8083 19.5
      vertex 1.01 35.1385 22
    endloop
  endfacet
  facet normal 0 -0.499994 0.866029
    outer loop
      vertex 1.01 30.8083 19.5
      vertex 0 35.1385 22
      vertex 0 30.8083 19.5
    endloop
  endfacet
  facet normal 0 -1 0
    outer loop
      vertex 0 46.3987 22
      vertex 1.01 46.3987 27
      vertex 0 46.3987 27
    endloop
  endfacet
  facet normal 0 -1 -0
    outer loop
      vertex 1.01 46.3987 27
      vertex 0 46.3987 22
      vertex 1.01 46.3987 22
    endloop
  endfacet
  facet normal 0 -0.500002 -0.866024
    outer loop
      vertex 0 42.0686 29.5
      vertex 1.01 46.3987 27
      vertex 1.01 42.0686 29.5
    endloop
  endfacet
  facet normal -0 -0.500002 -0.866024
    outer loop
      vertex 1.01 46.3987 27
      vertex 0 42.0686 29.5
      vertex 0 46.3987 27
    endloop
  endfacet
  facet normal 0 0.500002 -0.866024
    outer loop
      vertex 0 37.7385 27
      vertex 1.01 42.0686 29.5
      vertex 1.01 37.7385 27
    endloop
  endfacet
  facet normal 0 0.500002 -0.866024
    outer loop
      vertex 1.01 42.0686 29.5
      vertex 0 37.7385 27
      vertex 0 42.0686 29.5
    endloop
  endfacet
  facet normal 0 1 -0
    outer loop
      vertex 1.01 37.7385 22
      vertex 0 37.7385 27
      vertex 1.01 37.7385 27
    endloop
  endfacet
  facet normal 0 1 0
    outer loop
      vertex 0 37.7385 27
      vertex 1.01 37.7385 22
      vertex 0 37.7385 22
    endloop
  endfacet
  facet normal -0 0.500002 0.866024
    outer loop
      vertex 0 42.0686 19.5
      vertex 1.01 37.7385 22
      vertex 1.01 42.0686 19.5
    endloop
  endfacet
  facet normal 0 0.500002 0.866024
    outer loop
      vertex 1.01 37.7385 22
      vertex 0 42.0686 19.5
      vertex 0 37.7385 22
    endloop
  endfacet
  facet normal 0 -0.500002 0.866024
    outer loop
      vertex 0 46.3987 22
      vertex 1.01 42.0686 19.5
      vertex 1.01 46.3987 22
    endloop
  endfacet
  facet normal 0 -0.500002 0.866024
    outer loop
      vertex 1.01 42.0686 19.5
      vertex 0 46.3987 22
      vertex 0 42.0686 19.5
    endloop
  endfacet
  facet normal 0 -1 0
    outer loop
      vertex 0 57.659 22
      vertex 1.01 57.659 27
      vertex 0 57.659 27
    endloop
  endfacet
  facet normal 0 -1 -0
    outer loop
      vertex 1.01 57.659 27
      vertex 0 57.659 22
      vertex 1.01 57.659 22
    endloop
  endfacet
  facet normal 0 -0.499994 -0.866029
    outer loop
      vertex 0 53.3288 29.5
      vertex 1.01 57.659 27
      vertex 1.01 53.3288 29.5
    endloop
  endfacet
  facet normal -0 -0.499994 -0.866029
    outer loop
      vertex 1.01 57.659 27
      vertex 0 53.3288 29.5
      vertex 0 57.659 27
    endloop
  endfacet
  facet normal 0 0.500002 -0.866024
    outer loop
      vertex 0 48.9987 27
      vertex 1.01 53.3288 29.5
      vertex 1.01 48.9987 27
    endloop
  endfacet
  facet normal 0 0.500002 -0.866024
    outer loop
      vertex 1.01 53.3288 29.5
      vertex 0 48.9987 27
      vertex 0 53.3288 29.5
    endloop
  endfacet
  facet normal 0 1 -0
    outer loop
      vertex 1.01 48.9987 22
      vertex 0 48.9987 27
      vertex 1.01 48.9987 27
    endloop
  endfacet
  facet normal 0 1 0
    outer loop
      vertex 0 48.9987 27
      vertex 1.01 48.9987 22
      vertex 0 48.9987 22
    endloop
  endfacet
  facet normal -0 0.500002 0.866024
    outer loop
      vertex 0 53.3288 19.5
      vertex 1.01 48.9987 22
      vertex 1.01 53.3288 19.5
    endloop
  endfacet
  facet normal 0 0.500002 0.866024
    outer loop
      vertex 1.01 48.9987 22
      vertex 0 53.3288 19.5
      vertex 0 48.9987 22
    endloop
  endfacet
  facet normal 0 -0.499994 0.866029
    outer loop
      vertex 0 57.659 22
      vertex 1.01 53.3288 19.5
      vertex 1.01 57.659 22
    endloop
  endfacet
  facet normal 0 -0.499994 0.866029
    outer loop
      vertex 1.01 53.3288 19.5
      vertex 0 57.659 22
      vertex 0 53.3288 19.5
    endloop
  endfacet
  facet normal 0 -1 0
    outer loop
      vertex 0 68.9192 22
      vertex 1.01 68.9192 27
      vertex 0 68.9192 27
    endloop
  endfacet
  facet normal 0 -1 -0
    outer loop
      vertex 1.01 68.9192 27
      vertex 0 68.9192 22
      vertex 1.01 68.9192 22
    endloop
  endfacet
  facet normal 0 -0.500002 -0.866024
    outer loop
      vertex 0 64.5891 29.5
      vertex 1.01 68.9192 27
      vertex 1.01 64.5891 29.5
    endloop
  endfacet
  facet normal -0 -0.500002 -0.866024
    outer loop
      vertex 1.01 68.9192 27
      vertex 0 64.5891 29.5
      vertex 0 68.9192 27
    endloop
  endfacet
  facet normal 0 0.500002 -0.866024
    outer loop
      vertex 0 60.259 27
      vertex 1.01 64.5891 29.5
      vertex 1.01 60.259 27
    endloop
  endfacet
  facet normal 0 0.500002 -0.866024
    outer loop
      vertex 1.01 64.5891 29.5
      vertex 0 60.259 27
      vertex 0 64.5891 29.5
    endloop
  endfacet
  facet normal 0 1 -0
    outer loop
      vertex 1.01 60.259 22
      vertex 0 60.259 27
      vertex 1.01 60.259 27
    endloop
  endfacet
  facet normal 0 1 0
    outer loop
      vertex 0 60.259 27
      vertex 1.01 60.259 22
      vertex 0 60.259 22
    endloop
  endfacet
  facet normal -0 0.500002 0.866024
    outer loop
      vertex 0 64.5891 19.5
      vertex 1.01 60.259 22
      vertex 1.01 64.5891 19.5
    endloop
  endfacet
  facet normal 0 0.500002 0.866024
    outer loop
      vertex 1.01 60.259 22
      vertex 0 64.5891 19.5
      vertex 0 60.259 22
    endloop
  endfacet
  facet normal 0 -0.500002 0.866024
    outer loop
      vertex 0 68.9192 22
      vertex 1.01 64.5891 19.5
      vertex 1.01 68.9192 22
    endloop
  endfacet
  facet normal 0 -0.500002 0.866024
    outer loop
      vertex 1.01 64.5891 19.5
      vertex 0 68.9192 22
      vertex 0 64.5891 19.5
    endloop
  endfacet
  facet normal 0 -1 0
    outer loop
      vertex 0 80.1795 22
      vertex 1.01 80.1795 27
      vertex 0 80.1795 27
    endloop
  endfacet
  facet normal 0 -1 -0
    outer loop
      vertex 1.01 80.1795 27
      vertex 0 80.1795 22
      vertex 1.01 80.1795 22
    endloop
  endfacet
  facet normal 0 -0.499994 -0.866029
    outer loop
      vertex 0 75.8493 29.5
      vertex 1.01 80.1795 27
      vertex 1.01 75.8493 29.5
    endloop
  endfacet
  facet normal -0 -0.499994 -0.866029
    outer loop
      vertex 1.01 80.1795 27
      vertex 0 75.8493 29.5
      vertex 0 80.1795 27
    endloop
  endfacet
  facet normal 0 0.500002 -0.866024
    outer loop
      vertex 0 71.5192 27
      vertex 1.01 75.8493 29.5
      vertex 1.01 71.5192 27
    endloop
  endfacet
  facet normal 0 0.500002 -0.866024
    outer loop
      vertex 1.01 75.8493 29.5
      vertex 0 71.5192 27
      vertex 0 75.8493 29.5
    endloop
  endfacet
  facet normal 0 1 -0
    outer loop
      vertex 1.01 71.5192 22
      vertex 0 71.5192 27
      vertex 1.01 71.5192 27
    endloop
  endfacet
  facet normal 0 1 0
    outer loop
      vertex 0 71.5192 27
      vertex 1.01 71.5192 22
      vertex 0 71.5192 22
    endloop
  endfacet
  facet normal -0 0.500002 0.866024
    outer loop
      vertex 0 75.8493 19.5
      vertex 1.01 71.5192 22
      vertex 1.01 75.8493 19.5
    endloop
  endfacet
  facet normal 0 0.500002 0.866024
    outer loop
      vertex 1.01 71.5192 22
      vertex 0 75.8493 19.5
      vertex 0 71.5192 22
    endloop
  endfacet
  facet normal 0 -0.499994 0.866029
    outer loop
      vertex 0 80.1795 22
      vertex 1.01 75.8493 19.5
      vertex 1.01 80.1795 22
    endloop
  endfacet
  facet normal 0 -0.499994 0.866029
    outer loop
      vertex 1.01 75.8493 19.5
      vertex 0 80.1795 22
      vertex 0 75.8493 19.5
    endloop
  endfacet
  facet normal 0 -1 0
    outer loop
      vertex 0 91.4397 22
      vertex 1.01 91.4397 27
      vertex 0 91.4397 27
    endloop
  endfacet
  facet normal 0 -1 -0
    outer loop
      vertex 1.01 91.4397 27
      vertex 0 91.4397 22
      vertex 1.01 91.4397 22
    endloop
  endfacet
  facet normal 0 -0.500002 -0.866024
    outer loop
      vertex 0 87.1096 29.5
      vertex 1.01 91.4397 27
      vertex 1.01 87.1096 29.5
    endloop
  endfacet
  facet normal -0 -0.500002 -0.866024
    outer loop
      vertex 1.01 91.4397 27
      vertex 0 87.1096 29.5
      vertex 0 91.4397 27
    endloop
  endfacet
  facet normal 0 0.500002 -0.866024
    outer loop
      vertex 0 82.7795 27
      vertex 1.01 87.1096 29.5
      vertex 1.01 82.7795 27
    endloop
  endfacet
  facet normal 0 0.500002 -0.866024
    outer loop
      vertex 1.01 87.1096 29.5
      vertex 0 82.7795 27
      vertex 0 87.1096 29.5
    endloop
  endfacet
  facet normal 0 1 -0
    outer loop
      vertex 1.01 82.7795 22
      vertex 0 82.7795 27
      vertex 1.01 82.7795 27
    endloop
  endfacet
  facet normal 0 1 0
    outer loop
      vertex 0 82.7795 27
      vertex 1.01 82.7795 22
      vertex 0 82.7795 22
    endloop
  endfacet
  facet normal -0 0.500002 0.866024
    outer loop
      vertex 0 87.1096 19.5
      vertex 1.01 82.7795 22
      vertex 1.01 87.1096 19.5
    endloop
  endfacet
  facet normal 0 0.500002 0.866024
    outer loop
      vertex 1.01 82.7795 22
      vertex 0 87.1096 19.5
      vertex 0 82.7795 22
    endloop
  endfacet
  facet normal 0 -0.500002 0.866024
    outer loop
      vertex 0 91.4397 22
      vertex 1.01 87.1096 19.5
      vertex 1.01 91.4397 22
    endloop
  endfacet
  facet normal 0 -0.500002 0.866024
    outer loop
      vertex 1.01 87.1096 19.5
      vertex 0 91.4397 22
      vertex 0 87.1096 19.5
    endloop
  endfacet
  facet normal 0 -1 0
    outer loop
      vertex 0 29.5083 12.2483
      vertex 1.01 29.5083 17.2483
      vertex 0 29.5083 17.2483
    endloop
  endfacet
  facet normal 0 -1 -0
    outer loop
      vertex 1.01 29.5083 17.2483
      vertex 0 29.5083 12.2483
      vertex 1.01 29.5083 12.2483
    endloop
  endfacet
  facet normal 0 -0.500002 -0.866024
    outer loop
      vertex 0 25.1782 19.7483
      vertex 1.01 29.5083 17.2483
      vertex 1.01 25.1782 19.7483
    endloop
  endfacet
  facet normal -0 -0.500002 -0.866024
    outer loop
      vertex 1.01 29.5083 17.2483
      vertex 0 25.1782 19.7483
      vertex 0 29.5083 17.2483
    endloop
  endfacet
  facet normal 0 0.500002 -0.866024
    outer loop
      vertex 0 20.8481 17.2483
      vertex 1.01 25.1782 19.7483
      vertex 1.01 20.8481 17.2483
    endloop
  endfacet
  facet normal 0 0.500002 -0.866024
    outer loop
      vertex 1.01 25.1782 19.7483
      vertex 0 20.8481 17.2483
      vertex 0 25.1782 19.7483
    endloop
  endfacet
  facet normal 0 1 -0
    outer loop
      vertex 1.01 20.8481 12.2483
      vertex 0 20.8481 17.2483
      vertex 1.01 20.8481 17.2483
    endloop
  endfacet
  facet normal 0 1 0
    outer loop
      vertex 0 20.8481 17.2483
      vertex 1.01 20.8481 12.2483
      vertex 0 20.8481 12.2483
    endloop
  endfacet
  facet normal -0 0.499999 0.866026
    outer loop
      vertex 0 25.1782 9.74832
      vertex 1.01 20.8481 12.2483
      vertex 1.01 25.1782 9.74832
    endloop
  endfacet
  facet normal 0 0.499999 0.866026
    outer loop
      vertex 1.01 20.8481 12.2483
      vertex 0 25.1782 9.74832
      vertex 0 20.8481 12.2483
    endloop
  endfacet
  facet normal 0 -0.499999 0.866026
    outer loop
      vertex 0 29.5083 12.2483
      vertex 1.01 25.1782 9.74832
      vertex 1.01 29.5083 12.2483
    endloop
  endfacet
  facet normal 0 -0.499999 0.866026
    outer loop
      vertex 1.01 25.1782 9.74832
      vertex 0 29.5083 12.2483
      vertex 0 25.1782 9.74832
    endloop
  endfacet
  facet normal 0 -1 0
    outer loop
      vertex 0 18.2481 12.2483
      vertex 1.01 18.2481 17.2483
      vertex 0 18.2481 17.2483
    endloop
  endfacet
  facet normal 0 -1 -0
    outer loop
      vertex 1.01 18.2481 17.2483
      vertex 0 18.2481 12.2483
      vertex 1.01 18.2481 12.2483
    endloop
  endfacet
  facet normal 0 -0.500002 -0.866024
    outer loop
      vertex 0 13.918 19.7483
      vertex 1.01 18.2481 17.2483
      vertex 1.01 13.918 19.7483
    endloop
  endfacet
  facet normal -0 -0.500002 -0.866024
    outer loop
      vertex 1.01 18.2481 17.2483
      vertex 0 13.918 19.7483
      vertex 0 18.2481 17.2483
    endloop
  endfacet
  facet normal 0 0.499996 -0.866028
    outer loop
      vertex 0 9.58783 17.2483
      vertex 1.01 13.918 19.7483
      vertex 1.01 9.58783 17.2483
    endloop
  endfacet
  facet normal 0 0.499996 -0.866028
    outer loop
      vertex 1.01 13.918 19.7483
      vertex 0 9.58783 17.2483
      vertex 0 13.918 19.7483
    endloop
  endfacet
  facet normal 0 1 -0
    outer loop
      vertex 1.01 9.58783 12.2483
      vertex 0 9.58783 17.2483
      vertex 1.01 9.58783 17.2483
    endloop
  endfacet
  facet normal 0 1 0
    outer loop
      vertex 0 9.58783 17.2483
      vertex 1.01 9.58783 12.2483
      vertex 0 9.58783 12.2483
    endloop
  endfacet
  facet normal -0 0.499993 0.866029
    outer loop
      vertex 0 13.918 9.74832
      vertex 1.01 9.58783 12.2483
      vertex 1.01 13.918 9.74832
    endloop
  endfacet
  facet normal 0 0.499993 0.866029
    outer loop
      vertex 1.01 9.58783 12.2483
      vertex 0 13.918 9.74832
      vertex 0 9.58783 12.2483
    endloop
  endfacet
  facet normal 0 -0.499999 0.866026
    outer loop
      vertex 0 18.2481 12.2483
      vertex 1.01 13.918 9.74832
      vertex 1.01 18.2481 12.2483
    endloop
  endfacet
  facet normal 0 -0.499999 0.866026
    outer loop
      vertex 1.01 13.918 9.74832
      vertex 0 18.2481 12.2483
      vertex 0 13.918 9.74832
    endloop
  endfacet
  facet normal 0 -1 0
    outer loop
      vertex 0 40.7686 12.2483
      vertex 1.01 40.7686 17.2483
      vertex 0 40.7686 17.2483
    endloop
  endfacet
  facet normal 0 -1 -0
    outer loop
      vertex 1.01 40.7686 17.2483
      vertex 0 40.7686 12.2483
      vertex 1.01 40.7686 12.2483
    endloop
  endfacet
  facet normal 0 -0.500002 -0.866024
    outer loop
      vertex 0 36.4385 19.7483
      vertex 1.01 40.7686 17.2483
      vertex 1.01 36.4385 19.7483
    endloop
  endfacet
  facet normal -0 -0.500002 -0.866024
    outer loop
      vertex 1.01 40.7686 17.2483
      vertex 0 36.4385 19.7483
      vertex 0 40.7686 17.2483
    endloop
  endfacet
  facet normal 0 0.499994 -0.866029
    outer loop
      vertex 0 32.1083 17.2483
      vertex 1.01 36.4385 19.7483
      vertex 1.01 32.1083 17.2483
    endloop
  endfacet
  facet normal 0 0.499994 -0.866029
    outer loop
      vertex 1.01 36.4385 19.7483
      vertex 0 32.1083 17.2483
      vertex 0 36.4385 19.7483
    endloop
  endfacet
  facet normal 0 1 -0
    outer loop
      vertex 1.01 32.1083 12.2483
      vertex 0 32.1083 17.2483
      vertex 1.01 32.1083 17.2483
    endloop
  endfacet
  facet normal 0 1 0
    outer loop
      vertex 0 32.1083 17.2483
      vertex 1.01 32.1083 12.2483
      vertex 0 32.1083 12.2483
    endloop
  endfacet
  facet normal -0 0.499991 0.866031
    outer loop
      vertex 0 36.4385 9.74832
      vertex 1.01 32.1083 12.2483
      vertex 1.01 36.4385 9.74832
    endloop
  endfacet
  facet normal 0 0.499991 0.866031
    outer loop
      vertex 1.01 32.1083 12.2483
      vertex 0 36.4385 9.74832
      vertex 0 32.1083 12.2483
    endloop
  endfacet
  facet normal 0 -0.499999 0.866026
    outer loop
      vertex 0 40.7686 12.2483
      vertex 1.01 36.4385 9.74832
      vertex 1.01 40.7686 12.2483
    endloop
  endfacet
  facet normal 0 -0.499999 0.866026
    outer loop
      vertex 1.01 36.4385 9.74832
      vertex 0 40.7686 12.2483
      vertex 0 36.4385 9.74832
    endloop
  endfacet
  facet normal 0 -1 0
    outer loop
      vertex 0 52.0288 12.2483
      vertex 1.01 52.0288 17.2483
      vertex 0 52.0288 17.2483
    endloop
  endfacet
  facet normal 0 -1 -0
    outer loop
      vertex 1.01 52.0288 17.2483
      vertex 0 52.0288 12.2483
      vertex 1.01 52.0288 12.2483
    endloop
  endfacet
  facet normal 0 -0.500002 -0.866024
    outer loop
      vertex 0 47.6987 19.7483
      vertex 1.01 52.0288 17.2483
      vertex 1.01 47.6987 19.7483
    endloop
  endfacet
  facet normal -0 -0.500002 -0.866024
    outer loop
      vertex 1.01 52.0288 17.2483
      vertex 0 47.6987 19.7483
      vertex 0 52.0288 17.2483
    endloop
  endfacet
  facet normal 0 0.500002 -0.866024
    outer loop
      vertex 0 43.3686 17.2483
      vertex 1.01 47.6987 19.7483
      vertex 1.01 43.3686 17.2483
    endloop
  endfacet
  facet normal 0 0.500002 -0.866024
    outer loop
      vertex 1.01 47.6987 19.7483
      vertex 0 43.3686 17.2483
      vertex 0 47.6987 19.7483
    endloop
  endfacet
  facet normal 0 1 -0
    outer loop
      vertex 1.01 43.3686 12.2483
      vertex 0 43.3686 17.2483
      vertex 1.01 43.3686 17.2483
    endloop
  endfacet
  facet normal 0 1 0
    outer loop
      vertex 0 43.3686 17.2483
      vertex 1.01 43.3686 12.2483
      vertex 0 43.3686 12.2483
    endloop
  endfacet
  facet normal -0 0.499999 0.866026
    outer loop
      vertex 0 47.6987 9.74832
      vertex 1.01 43.3686 12.2483
      vertex 1.01 47.6987 9.74832
    endloop
  endfacet
  facet normal 0 0.499999 0.866026
    outer loop
      vertex 1.01 43.3686 12.2483
      vertex 0 47.6987 9.74832
      vertex 0 43.3686 12.2483
    endloop
  endfacet
  facet normal 0 -0.499999 0.866026
    outer loop
      vertex 0 52.0288 12.2483
      vertex 1.01 47.6987 9.74832
      vertex 1.01 52.0288 12.2483
    endloop
  endfacet
  facet normal 0 -0.499999 0.866026
    outer loop
      vertex 1.01 47.6987 9.74832
      vertex 0 52.0288 12.2483
      vertex 0 47.6987 9.74832
    endloop
  endfacet
  facet normal 0 -1 0
    outer loop
      vertex 0 63.2891 12.2483
      vertex 1.01 63.2891 17.2483
      vertex 0 63.2891 17.2483
    endloop
  endfacet
  facet normal 0 -1 -0
    outer loop
      vertex 1.01 63.2891 17.2483
      vertex 0 63.2891 12.2483
      vertex 1.01 63.2891 12.2483
    endloop
  endfacet
  facet normal 0 -0.500002 -0.866024
    outer loop
      vertex 0 58.959 19.7483
      vertex 1.01 63.2891 17.2483
      vertex 1.01 58.959 19.7483
    endloop
  endfacet
  facet normal -0 -0.500002 -0.866024
    outer loop
      vertex 1.01 63.2891 17.2483
      vertex 0 58.959 19.7483
      vertex 0 63.2891 17.2483
    endloop
  endfacet
  facet normal 0 0.499994 -0.866029
    outer loop
      vertex 0 54.6288 17.2483
      vertex 1.01 58.959 19.7483
      vertex 1.01 54.6288 17.2483
    endloop
  endfacet
  facet normal 0 0.499994 -0.866029
    outer loop
      vertex 1.01 58.959 19.7483
      vertex 0 54.6288 17.2483
      vertex 0 58.959 19.7483
    endloop
  endfacet
  facet normal 0 1 -0
    outer loop
      vertex 1.01 54.6288 12.2483
      vertex 0 54.6288 17.2483
      vertex 1.01 54.6288 17.2483
    endloop
  endfacet
  facet normal 0 1 0
    outer loop
      vertex 0 54.6288 17.2483
      vertex 1.01 54.6288 12.2483
      vertex 0 54.6288 12.2483
    endloop
  endfacet
  facet normal -0 0.499991 0.866031
    outer loop
      vertex 0 58.959 9.74832
      vertex 1.01 54.6288 12.2483
      vertex 1.01 58.959 9.74832
    endloop
  endfacet
  facet normal 0 0.499991 0.866031
    outer loop
      vertex 1.01 54.6288 12.2483
      vertex 0 58.959 9.74832
      vertex 0 54.6288 12.2483
    endloop
  endfacet
  facet normal 0 -0.499999 0.866026
    outer loop
      vertex 0 63.2891 12.2483
      vertex 1.01 58.959 9.74832
      vertex 1.01 63.2891 12.2483
    endloop
  endfacet
  facet normal 0 -0.499999 0.866026
    outer loop
      vertex 1.01 58.959 9.74832
      vertex 0 63.2891 12.2483
      vertex 0 58.959 9.74832
    endloop
  endfacet
  facet normal 0 -1 0
    outer loop
      vertex 0 74.5493 12.2483
      vertex 1.01 74.5493 17.2483
      vertex 0 74.5493 17.2483
    endloop
  endfacet
  facet normal 0 -1 -0
    outer loop
      vertex 1.01 74.5493 17.2483
      vertex 0 74.5493 12.2483
      vertex 1.01 74.5493 12.2483
    endloop
  endfacet
  facet normal 0 -0.500002 -0.866024
    outer loop
      vertex 0 70.2192 19.7483
      vertex 1.01 74.5493 17.2483
      vertex 1.01 70.2192 19.7483
    endloop
  endfacet
  facet normal -0 -0.500002 -0.866024
    outer loop
      vertex 1.01 74.5493 17.2483
      vertex 0 70.2192 19.7483
      vertex 0 74.5493 17.2483
    endloop
  endfacet
  facet normal 0 0.500002 -0.866024
    outer loop
      vertex 0 65.8891 17.2483
      vertex 1.01 70.2192 19.7483
      vertex 1.01 65.8891 17.2483
    endloop
  endfacet
  facet normal 0 0.500002 -0.866024
    outer loop
      vertex 1.01 70.2192 19.7483
      vertex 0 65.8891 17.2483
      vertex 0 70.2192 19.7483
    endloop
  endfacet
  facet normal 0 1 -0
    outer loop
      vertex 1.01 65.8891 12.2483
      vertex 0 65.8891 17.2483
      vertex 1.01 65.8891 17.2483
    endloop
  endfacet
  facet normal 0 1 0
    outer loop
      vertex 0 65.8891 17.2483
      vertex 1.01 65.8891 12.2483
      vertex 0 65.8891 12.2483
    endloop
  endfacet
  facet normal -0 0.499999 0.866026
    outer loop
      vertex 0 70.2192 9.74832
      vertex 1.01 65.8891 12.2483
      vertex 1.01 70.2192 9.74832
    endloop
  endfacet
  facet normal 0 0.499999 0.866026
    outer loop
      vertex 1.01 65.8891 12.2483
      vertex 0 70.2192 9.74832
      vertex 0 65.8891 12.2483
    endloop
  endfacet
  facet normal 0 -0.499999 0.866026
    outer loop
      vertex 0 74.5493 12.2483
      vertex 1.01 70.2192 9.74832
      vertex 1.01 74.5493 12.2483
    endloop
  endfacet
  facet normal 0 -0.499999 0.866026
    outer loop
      vertex 1.01 70.2192 9.74832
      vertex 0 74.5493 12.2483
      vertex 0 70.2192 9.74832
    endloop
  endfacet
  facet normal 0 -1 0
    outer loop
      vertex 0 85.8096 12.2483
      vertex 1.01 85.8096 17.2483
      vertex 0 85.8096 17.2483
    endloop
  endfacet
  facet normal 0 -1 -0
    outer loop
      vertex 1.01 85.8096 17.2483
      vertex 0 85.8096 12.2483
      vertex 1.01 85.8096 12.2483
    endloop
  endfacet
  facet normal 0 -0.500002 -0.866024
    outer loop
      vertex 0 81.4795 19.7483
      vertex 1.01 85.8096 17.2483
      vertex 1.01 81.4795 19.7483
    endloop
  endfacet
  facet normal -0 -0.500002 -0.866024
    outer loop
      vertex 1.01 85.8096 17.2483
      vertex 0 81.4795 19.7483
      vertex 0 85.8096 17.2483
    endloop
  endfacet
  facet normal 0 0.500002 -0.866024
    outer loop
      vertex 0 77.1494 17.2483
      vertex 1.01 81.4795 19.7483
      vertex 1.01 77.1494 17.2483
    endloop
  endfacet
  facet normal 0 0.500002 -0.866024
    outer loop
      vertex 1.01 81.4795 19.7483
      vertex 0 77.1494 17.2483
      vertex 0 81.4795 19.7483
    endloop
  endfacet
  facet normal 0 1 -0
    outer loop
      vertex 1.01 77.1494 12.2483
      vertex 0 77.1494 17.2483
      vertex 1.01 77.1494 17.2483
    endloop
  endfacet
  facet normal 0 1 0
    outer loop
      vertex 0 77.1494 17.2483
      vertex 1.01 77.1494 12.2483
      vertex 0 77.1494 12.2483
    endloop
  endfacet
  facet normal -0 0.499999 0.866026
    outer loop
      vertex 0 81.4795 9.74832
      vertex 1.01 77.1494 12.2483
      vertex 1.01 81.4795 9.74832
    endloop
  endfacet
  facet normal 0 0.499999 0.866026
    outer loop
      vertex 1.01 77.1494 12.2483
      vertex 0 81.4795 9.74832
      vertex 0 77.1494 12.2483
    endloop
  endfacet
  facet normal 0 -0.499999 0.866026
    outer loop
      vertex 0 85.8096 12.2483
      vertex 1.01 81.4795 9.74832
      vertex 1.01 85.8096 12.2483
    endloop
  endfacet
  facet normal 0 -0.499999 0.866026
    outer loop
      vertex 1.01 81.4795 9.74832
      vertex 0 85.8096 12.2483
      vertex 0 81.4795 9.74832
    endloop
  endfacet
  facet normal 0 -1 0
    outer loop
      vertex 0 97.0699 12.2483
      vertex 1.01 97.0699 17.2483
      vertex 0 97.0699 17.2483
    endloop
  endfacet
  facet normal 0 -1 -0
    outer loop
      vertex 1.01 97.0699 17.2483
      vertex 0 97.0699 12.2483
      vertex 1.01 97.0699 12.2483
    endloop
  endfacet
  facet normal 0 -0.499994 -0.866029
    outer loop
      vertex 0 92.7397 19.7483
      vertex 1.01 97.0699 17.2483
      vertex 1.01 92.7397 19.7483
    endloop
  endfacet
  facet normal -0 -0.499994 -0.866029
    outer loop
      vertex 1.01 97.0699 17.2483
      vertex 0 92.7397 19.7483
      vertex 0 97.0699 17.2483
    endloop
  endfacet
  facet normal 0 0.500002 -0.866024
    outer loop
      vertex 0 88.4096 17.2483
      vertex 1.01 92.7397 19.7483
      vertex 1.01 88.4096 17.2483
    endloop
  endfacet
  facet normal 0 0.500002 -0.866024
    outer loop
      vertex 1.01 92.7397 19.7483
      vertex 0 88.4096 17.2483
      vertex 0 92.7397 19.7483
    endloop
  endfacet
  facet normal 0 1 -0
    outer loop
      vertex 1.01 88.4096 12.2483
      vertex 0 88.4096 17.2483
      vertex 1.01 88.4096 17.2483
    endloop
  endfacet
  facet normal 0 1 0
    outer loop
      vertex 0 88.4096 17.2483
      vertex 1.01 88.4096 12.2483
      vertex 0 88.4096 12.2483
    endloop
  endfacet
  facet normal -0 0.499999 0.866026
    outer loop
      vertex 0 92.7397 9.74832
      vertex 1.01 88.4096 12.2483
      vertex 1.01 92.7397 9.74832
    endloop
  endfacet
  facet normal 0 0.499999 0.866026
    outer loop
      vertex 1.01 88.4096 12.2483
      vertex 0 92.7397 9.74832
      vertex 0 88.4096 12.2483
    endloop
  endfacet
  facet normal 0 -0.499991 0.866031
    outer loop
      vertex 0 97.0699 12.2483
      vertex 1.01 92.7397 9.74832
      vertex 1.01 97.0699 12.2483
    endloop
  endfacet
  facet normal 0 -0.499991 0.866031
    outer loop
      vertex 1.01 92.7397 9.74832
      vertex 0 97.0699 12.2483
      vertex 0 92.7397 9.74832
    endloop
  endfacet
  facet normal 0 -1 0
    outer loop
      vertex 0 108.33 12.2483
      vertex 1.01 108.33 17.2483
      vertex 0 108.33 17.2483
    endloop
  endfacet
  facet normal 0 -1 -0
    outer loop
      vertex 1.01 108.33 17.2483
      vertex 0 108.33 12.2483
      vertex 1.01 108.33 12.2483
    endloop
  endfacet
  facet normal 0 -0.500011 -0.866019
    outer loop
      vertex 0 104 19.7483
      vertex 1.01 108.33 17.2483
      vertex 1.01 104 19.7483
    endloop
  endfacet
  facet normal -0 -0.500011 -0.866019
    outer loop
      vertex 1.01 108.33 17.2483
      vertex 0 104 19.7483
      vertex 0 108.33 17.2483
    endloop
  endfacet
  facet normal 0 0.500002 -0.866024
    outer loop
      vertex 0 99.6699 17.2483
      vertex 1.01 104 19.7483
      vertex 1.01 99.6699 17.2483
    endloop
  endfacet
  facet normal 0 0.500002 -0.866024
    outer loop
      vertex 1.01 104 19.7483
      vertex 0 99.6699 17.2483
      vertex 0 104 19.7483
    endloop
  endfacet
  facet normal 0 1 -0
    outer loop
      vertex 1.01 99.6699 12.2483
      vertex 0 99.6699 17.2483
      vertex 1.01 99.6699 17.2483
    endloop
  endfacet
  facet normal 0 1 0
    outer loop
      vertex 0 99.6699 17.2483
      vertex 1.01 99.6699 12.2483
      vertex 0 99.6699 12.2483
    endloop
  endfacet
  facet normal -0 0.499999 0.866026
    outer loop
      vertex 0 104 9.74832
      vertex 1.01 99.6699 12.2483
      vertex 1.01 104 9.74832
    endloop
  endfacet
  facet normal 0 0.499999 0.866026
    outer loop
      vertex 1.01 99.6699 12.2483
      vertex 0 104 9.74832
      vertex 0 99.6699 12.2483
    endloop
  endfacet
  facet normal 0 -0.500008 0.866021
    outer loop
      vertex 0 108.33 12.2483
      vertex 1.01 104 9.74832
      vertex 1.01 108.33 12.2483
    endloop
  endfacet
  facet normal 0 -0.500008 0.866021
    outer loop
      vertex 1.01 104 9.74832
      vertex 0 108.33 12.2483
      vertex 0 104 9.74832
    endloop
  endfacet
  facet normal 0 -1 0
    outer loop
      vertex 0 119.59 12.2483
      vertex 1.01 119.59 17.2483
      vertex 0 119.59 17.2483
    endloop
  endfacet
  facet normal 0 -1 -0
    outer loop
      vertex 1.01 119.59 17.2483
      vertex 0 119.59 12.2483
      vertex 1.01 119.59 12.2483
    endloop
  endfacet
  facet normal 0 -0.500011 -0.866019
    outer loop
      vertex 0 115.26 19.7483
      vertex 1.01 119.59 17.2483
      vertex 1.01 115.26 19.7483
    endloop
  endfacet
  facet normal -0 -0.500011 -0.866019
    outer loop
      vertex 1.01 119.59 17.2483
      vertex 0 115.26 19.7483
      vertex 0 119.59 17.2483
    endloop
  endfacet
  facet normal 0 0.500011 -0.866019
    outer loop
      vertex 0 110.93 17.2483
      vertex 1.01 115.26 19.7483
      vertex 1.01 110.93 17.2483
    endloop
  endfacet
  facet normal 0 0.500011 -0.866019
    outer loop
      vertex 1.01 115.26 19.7483
      vertex 0 110.93 17.2483
      vertex 0 115.26 19.7483
    endloop
  endfacet
  facet normal 0 1 -0
    outer loop
      vertex 1.01 110.93 12.2483
      vertex 0 110.93 17.2483
      vertex 1.01 110.93 17.2483
    endloop
  endfacet
  facet normal 0 1 0
    outer loop
      vertex 0 110.93 17.2483
      vertex 1.01 110.93 12.2483
      vertex 0 110.93 12.2483
    endloop
  endfacet
  facet normal -0 0.500008 0.866021
    outer loop
      vertex 0 115.26 9.74832
      vertex 1.01 110.93 12.2483
      vertex 1.01 115.26 9.74832
    endloop
  endfacet
  facet normal 0 0.500008 0.866021
    outer loop
      vertex 1.01 110.93 12.2483
      vertex 0 115.26 9.74832
      vertex 0 110.93 12.2483
    endloop
  endfacet
  facet normal 0 -0.500008 0.866021
    outer loop
      vertex 0 119.59 12.2483
      vertex 1.01 115.26 9.74832
      vertex 1.01 119.59 12.2483
    endloop
  endfacet
  facet normal 0 -0.500008 0.866021
    outer loop
      vertex 1.01 115.26 9.74832
      vertex 0 119.59 12.2483
      vertex 0 115.26 9.74832
    endloop
  endfacet
  facet normal 0 -1 0
    outer loop
      vertex 0 130.851 12.2483
      vertex 1.01 130.851 17.2483
      vertex 0 130.851 17.2483
    endloop
  endfacet
  facet normal 0 -1 -0
    outer loop
      vertex 1.01 130.851 17.2483
      vertex 0 130.851 12.2483
      vertex 1.01 130.851 12.2483
    endloop
  endfacet
  facet normal 0 -0.500011 -0.866019
    outer loop
      vertex 0 126.521 19.7483
      vertex 1.01 130.851 17.2483
      vertex 1.01 126.521 19.7483
    endloop
  endfacet
  facet normal -0 -0.500011 -0.866019
    outer loop
      vertex 1.01 130.851 17.2483
      vertex 0 126.521 19.7483
      vertex 0 130.851 17.2483
    endloop
  endfacet
  facet normal 0 0.499924 -0.866069
    outer loop
      vertex 0 122.19 17.2483
      vertex 1.01 126.521 19.7483
      vertex 1.01 122.19 17.2483
    endloop
  endfacet
  facet normal 0 0.499924 -0.866069
    outer loop
      vertex 1.01 126.521 19.7483
      vertex 0 122.19 17.2483
      vertex 0 126.521 19.7483
    endloop
  endfacet
  facet normal 0 1 -0
    outer loop
      vertex 1.01 122.19 12.2483
      vertex 0 122.19 17.2483
      vertex 1.01 122.19 17.2483
    endloop
  endfacet
  facet normal 0 1 0
    outer loop
      vertex 0 122.19 17.2483
      vertex 1.01 122.19 12.2483
      vertex 0 122.19 12.2483
    endloop
  endfacet
  facet normal -0 0.499921 0.866071
    outer loop
      vertex 0 126.521 9.74832
      vertex 1.01 122.19 12.2483
      vertex 1.01 126.521 9.74832
    endloop
  endfacet
  facet normal 0 0.499921 0.866071
    outer loop
      vertex 1.01 122.19 12.2483
      vertex 0 126.521 9.74832
      vertex 0 122.19 12.2483
    endloop
  endfacet
  facet normal 0 -0.500008 0.866021
    outer loop
      vertex 0 130.851 12.2483
      vertex 1.01 126.521 9.74832
      vertex 1.01 130.851 12.2483
    endloop
  endfacet
  facet normal 0 -0.500008 0.866021
    outer loop
      vertex 1.01 126.521 9.74832
      vertex 0 130.851 12.2483
      vertex 0 126.521 9.74832
    endloop
  endfacet
  facet normal 0 -1 0
    outer loop
      vertex 0 142.111 12.2483
      vertex 1.01 142.111 17.2483
      vertex 0 142.111 17.2483
    endloop
  endfacet
  facet normal 0 -1 -0
    outer loop
      vertex 1.01 142.111 17.2483
      vertex 0 142.111 12.2483
      vertex 1.01 142.111 12.2483
    endloop
  endfacet
  facet normal 0 -0.500011 -0.866019
    outer loop
      vertex 0 137.781 19.7483
      vertex 1.01 142.111 17.2483
      vertex 1.01 137.781 19.7483
    endloop
  endfacet
  facet normal -0 -0.500011 -0.866019
    outer loop
      vertex 1.01 142.111 17.2483
      vertex 0 137.781 19.7483
      vertex 0 142.111 17.2483
    endloop
  endfacet
  facet normal 0 0.500011 -0.866019
    outer loop
      vertex 0 133.451 17.2483
      vertex 1.01 137.781 19.7483
      vertex 1.01 133.451 17.2483
    endloop
  endfacet
  facet normal 0 0.500011 -0.866019
    outer loop
      vertex 1.01 137.781 19.7483
      vertex 0 133.451 17.2483
      vertex 0 137.781 19.7483
    endloop
  endfacet
  facet normal 0 1 -0
    outer loop
      vertex 1.01 133.451 12.2483
      vertex 0 133.451 17.2483
      vertex 1.01 133.451 17.2483
    endloop
  endfacet
  facet normal 0 1 0
    outer loop
      vertex 0 133.451 17.2483
      vertex 1.01 133.451 12.2483
      vertex 0 133.451 12.2483
    endloop
  endfacet
  facet normal -0 0.500008 0.866021
    outer loop
      vertex 0 137.781 9.74832
      vertex 1.01 133.451 12.2483
      vertex 1.01 137.781 9.74832
    endloop
  endfacet
  facet normal 0 0.500008 0.866021
    outer loop
      vertex 1.01 133.451 12.2483
      vertex 0 137.781 9.74832
      vertex 0 133.451 12.2483
    endloop
  endfacet
  facet normal 0 -0.500008 0.866021
    outer loop
      vertex 0 142.111 12.2483
      vertex 1.01 137.781 9.74832
      vertex 1.01 142.111 12.2483
    endloop
  endfacet
  facet normal 0 -0.500008 0.866021
    outer loop
      vertex 1.01 137.781 9.74832
      vertex 0 142.111 12.2483
      vertex 0 137.781 9.74832
    endloop
  endfacet
  facet normal 0 -1 0
    outer loop
      vertex 0 153.371 12.2483
      vertex 1.01 153.371 17.2483
      vertex 0 153.371 17.2483
    endloop
  endfacet
  facet normal 0 -1 -0
    outer loop
      vertex 1.01 153.371 17.2483
      vertex 0 153.371 12.2483
      vertex 1.01 153.371 12.2483
    endloop
  endfacet
  facet normal 0 -0.500011 -0.866019
    outer loop
      vertex 0 149.041 19.7483
      vertex 1.01 153.371 17.2483
      vertex 1.01 149.041 19.7483
    endloop
  endfacet
  facet normal -0 -0.500011 -0.866019
    outer loop
      vertex 1.01 153.371 17.2483
      vertex 0 149.041 19.7483
      vertex 0 153.371 17.2483
    endloop
  endfacet
  facet normal 0 0.500011 -0.866019
    outer loop
      vertex 0 144.711 17.2483
      vertex 1.01 149.041 19.7483
      vertex 1.01 144.711 17.2483
    endloop
  endfacet
  facet normal 0 0.500011 -0.866019
    outer loop
      vertex 1.01 149.041 19.7483
      vertex 0 144.711 17.2483
      vertex 0 149.041 19.7483
    endloop
  endfacet
  facet normal 0 1 -0
    outer loop
      vertex 1.01 144.711 12.2483
      vertex 0 144.711 17.2483
      vertex 1.01 144.711 17.2483
    endloop
  endfacet
  facet normal 0 1 0
    outer loop
      vertex 0 144.711 17.2483
      vertex 1.01 144.711 12.2483
      vertex 0 144.711 12.2483
    endloop
  endfacet
  facet normal -0 0.500008 0.866021
    outer loop
      vertex 0 149.041 9.74832
      vertex 1.01 144.711 12.2483
      vertex 1.01 149.041 9.74832
    endloop
  endfacet
  facet normal 0 0.500008 0.866021
    outer loop
      vertex 1.01 144.711 12.2483
      vertex 0 149.041 9.74832
      vertex 0 144.711 12.2483
    endloop
  endfacet
  facet normal 0 -0.500008 0.866021
    outer loop
      vertex 0 153.371 12.2483
      vertex 1.01 149.041 9.74832
      vertex 1.01 153.371 12.2483
    endloop
  endfacet
  facet normal 0 -0.500008 0.866021
    outer loop
      vertex 1.01 149.041 9.74832
      vertex 0 153.371 12.2483
      vertex 0 149.041 9.74832
    endloop
  endfacet
  facet normal 0 -1 0
    outer loop
      vertex 0 164.631 12.2483
      vertex 1.01 164.631 17.2483
      vertex 0 164.631 17.2483
    endloop
  endfacet
  facet normal 0 -1 -0
    outer loop
      vertex 1.01 164.631 17.2483
      vertex 0 164.631 12.2483
      vertex 1.01 164.631 12.2483
    endloop
  endfacet
  facet normal 0 -0.500011 -0.866019
    outer loop
      vertex 0 160.301 19.7483
      vertex 1.01 164.631 17.2483
      vertex 1.01 160.301 19.7483
    endloop
  endfacet
  facet normal -0 -0.500011 -0.866019
    outer loop
      vertex 1.01 164.631 17.2483
      vertex 0 160.301 19.7483
      vertex 0 164.631 17.2483
    endloop
  endfacet
  facet normal 0 0.500011 -0.866019
    outer loop
      vertex 0 155.971 17.2483
      vertex 1.01 160.301 19.7483
      vertex 1.01 155.971 17.2483
    endloop
  endfacet
  facet normal 0 0.500011 -0.866019
    outer loop
      vertex 1.01 160.301 19.7483
      vertex 0 155.971 17.2483
      vertex 0 160.301 19.7483
    endloop
  endfacet
  facet normal 0 1 -0
    outer loop
      vertex 1.01 155.971 12.2483
      vertex 0 155.971 17.2483
      vertex 1.01 155.971 17.2483
    endloop
  endfacet
  facet normal 0 1 0
    outer loop
      vertex 0 155.971 17.2483
      vertex 1.01 155.971 12.2483
      vertex 0 155.971 12.2483
    endloop
  endfacet
  facet normal -0 0.500008 0.866021
    outer loop
      vertex 0 160.301 9.74832
      vertex 1.01 155.971 12.2483
      vertex 1.01 160.301 9.74832
    endloop
  endfacet
  facet normal 0 0.500008 0.866021
    outer loop
      vertex 1.01 155.971 12.2483
      vertex 0 160.301 9.74832
      vertex 0 155.971 12.2483
    endloop
  endfacet
  facet normal 0 -0.500008 0.866021
    outer loop
      vertex 0 164.631 12.2483
      vertex 1.01 160.301 9.74832
      vertex 1.01 164.631 12.2483
    endloop
  endfacet
  facet normal 0 -0.500008 0.866021
    outer loop
      vertex 1.01 160.301 9.74832
      vertex 0 164.631 12.2483
      vertex 0 160.301 9.74832
    endloop
  endfacet
  facet normal 0 -1 0
    outer loop
      vertex 0 175.892 12.2483
      vertex 1.01 175.892 17.2483
      vertex 0 175.892 17.2483
    endloop
  endfacet
  facet normal 0 -1 -0
    outer loop
      vertex 1.01 175.892 17.2483
      vertex 0 175.892 12.2483
      vertex 1.01 175.892 12.2483
    endloop
  endfacet
  facet normal 0 -0.500011 -0.866019
    outer loop
      vertex 0 171.562 19.7483
      vertex 1.01 175.892 17.2483
      vertex 1.01 171.562 19.7483
    endloop
  endfacet
  facet normal -0 -0.500011 -0.866019
    outer loop
      vertex 1.01 175.892 17.2483
      vertex 0 171.562 19.7483
      vertex 0 175.892 17.2483
    endloop
  endfacet
  facet normal 0 0.499924 -0.866069
    outer loop
      vertex 0 167.231 17.2483
      vertex 1.01 171.562 19.7483
      vertex 1.01 167.231 17.2483
    endloop
  endfacet
  facet normal 0 0.499924 -0.866069
    outer loop
      vertex 1.01 171.562 19.7483
      vertex 0 167.231 17.2483
      vertex 0 171.562 19.7483
    endloop
  endfacet
  facet normal 0 1 -0
    outer loop
      vertex 1.01 167.231 12.2483
      vertex 0 167.231 17.2483
      vertex 1.01 167.231 17.2483
    endloop
  endfacet
  facet normal 0 1 0
    outer loop
      vertex 0 167.231 17.2483
      vertex 1.01 167.231 12.2483
      vertex 0 167.231 12.2483
    endloop
  endfacet
  facet normal -0 0.499921 0.866071
    outer loop
      vertex 0 171.562 9.74832
      vertex 1.01 167.231 12.2483
      vertex 1.01 171.562 9.74832
    endloop
  endfacet
  facet normal 0 0.499921 0.866071
    outer loop
      vertex 1.01 167.231 12.2483
      vertex 0 171.562 9.74832
      vertex 0 167.231 12.2483
    endloop
  endfacet
  facet normal 0 -0.500008 0.866021
    outer loop
      vertex 0 175.892 12.2483
      vertex 1.01 171.562 9.74832
      vertex 1.01 175.892 12.2483
    endloop
  endfacet
  facet normal 0 -0.500008 0.866021
    outer loop
      vertex 1.01 171.562 9.74832
      vertex 0 175.892 12.2483
      vertex 0 171.562 9.74832
    endloop
  endfacet
  facet normal 0 -1 0
    outer loop
      vertex 0 187.152 12.2483
      vertex 1.01 187.152 17.2483
      vertex 0 187.152 17.2483
    endloop
  endfacet
  facet normal 0 -1 -0
    outer loop
      vertex 1.01 187.152 17.2483
      vertex 0 187.152 12.2483
      vertex 1.01 187.152 12.2483
    endloop
  endfacet
  facet normal 0 -0.500011 -0.866019
    outer loop
      vertex 0 182.822 19.7483
      vertex 1.01 187.152 17.2483
      vertex 1.01 182.822 19.7483
    endloop
  endfacet
  facet normal -0 -0.500011 -0.866019
    outer loop
      vertex 1.01 187.152 17.2483
      vertex 0 182.822 19.7483
      vertex 0 187.152 17.2483
    endloop
  endfacet
  facet normal 0 0.500011 -0.866019
    outer loop
      vertex 0 178.492 17.2483
      vertex 1.01 182.822 19.7483
      vertex 1.01 178.492 17.2483
    endloop
  endfacet
  facet normal 0 0.500011 -0.866019
    outer loop
      vertex 1.01 182.822 19.7483
      vertex 0 178.492 17.2483
      vertex 0 182.822 19.7483
    endloop
  endfacet
  facet normal 0 1 -0
    outer loop
      vertex 1.01 178.492 12.2483
      vertex 0 178.492 17.2483
      vertex 1.01 178.492 17.2483
    endloop
  endfacet
  facet normal 0 1 0
    outer loop
      vertex 0 178.492 17.2483
      vertex 1.01 178.492 12.2483
      vertex 0 178.492 12.2483
    endloop
  endfacet
  facet normal -0 0.500008 0.866021
    outer loop
      vertex 0 182.822 9.74832
      vertex 1.01 178.492 12.2483
      vertex 1.01 182.822 9.74832
    endloop
  endfacet
  facet normal 0 0.500008 0.866021
    outer loop
      vertex 1.01 178.492 12.2483
      vertex 0 182.822 9.74832
      vertex 0 178.492 12.2483
    endloop
  endfacet
  facet normal 0 -0.500008 0.866021
    outer loop
      vertex 0 187.152 12.2483
      vertex 1.01 182.822 9.74832
      vertex 1.01 187.152 12.2483
    endloop
  endfacet
  facet normal 0 -0.500008 0.866021
    outer loop
      vertex 1.01 182.822 9.74832
      vertex 0 187.152 12.2483
      vertex 0 182.822 9.74832
    endloop
  endfacet
  facet normal 0 -1 0
    outer loop
      vertex 0 198.412 12.2483
      vertex 1.01 198.412 17.2483
      vertex 0 198.412 17.2483
    endloop
  endfacet
  facet normal 0 -1 -0
    outer loop
      vertex 1.01 198.412 17.2483
      vertex 0 198.412 12.2483
      vertex 1.01 198.412 12.2483
    endloop
  endfacet
  facet normal 0 -0.500011 -0.866019
    outer loop
      vertex 0 194.082 19.7483
      vertex 1.01 198.412 17.2483
      vertex 1.01 194.082 19.7483
    endloop
  endfacet
  facet normal -0 -0.500011 -0.866019
    outer loop
      vertex 1.01 198.412 17.2483
      vertex 0 194.082 19.7483
      vertex 0 198.412 17.2483
    endloop
  endfacet
  facet normal 0 0.500011 -0.866019
    outer loop
      vertex 0 189.752 17.2483
      vertex 1.01 194.082 19.7483
      vertex 1.01 189.752 17.2483
    endloop
  endfacet
  facet normal 0 0.500011 -0.866019
    outer loop
      vertex 1.01 194.082 19.7483
      vertex 0 189.752 17.2483
      vertex 0 194.082 19.7483
    endloop
  endfacet
  facet normal 0 1 -0
    outer loop
      vertex 1.01 189.752 12.2483
      vertex 0 189.752 17.2483
      vertex 1.01 189.752 17.2483
    endloop
  endfacet
  facet normal 0 1 0
    outer loop
      vertex 0 189.752 17.2483
      vertex 1.01 189.752 12.2483
      vertex 0 189.752 12.2483
    endloop
  endfacet
  facet normal -0 0.500008 0.866021
    outer loop
      vertex 0 194.082 9.74832
      vertex 1.01 189.752 12.2483
      vertex 1.01 194.082 9.74832
    endloop
  endfacet
  facet normal 0 0.500008 0.866021
    outer loop
      vertex 1.01 189.752 12.2483
      vertex 0 194.082 9.74832
      vertex 0 189.752 12.2483
    endloop
  endfacet
  facet normal 0 -0.500008 0.866021
    outer loop
      vertex 0 198.412 12.2483
      vertex 1.01 194.082 9.74832
      vertex 1.01 198.412 12.2483
    endloop
  endfacet
  facet normal 0 -0.500008 0.866021
    outer loop
      vertex 1.01 194.082 9.74832
      vertex 0 198.412 12.2483
      vertex 0 194.082 9.74832
    endloop
  endfacet
  facet normal 1 0 0
    outer loop
      vertex 204.99 194.082 39.2517
      vertex 204.99 198.412 31.7517
      vertex 204.99 198.412 36.7517
    endloop
  endfacet
  facet normal 1 0 0
    outer loop
      vertex 204.99 194.082 39.2517
      vertex 204.99 194.082 29.2517
      vertex 204.99 198.412 31.7517
    endloop
  endfacet
  facet normal 1 -0 0
    outer loop
      vertex 204.99 189.752 36.7517
      vertex 204.99 194.082 29.2517
      vertex 204.99 194.082 39.2517
    endloop
  endfacet
  facet normal 1 0 0
    outer loop
      vertex 204.99 194.082 29.2517
      vertex 204.99 189.752 36.7517
      vertex 204.99 189.752 31.7517
    endloop
  endfacet
  facet normal 1 0 0
    outer loop
      vertex 204.99 13.918 39.2517
      vertex 204.99 18.2481 31.7517
      vertex 204.99 18.2481 36.7517
    endloop
  endfacet
  facet normal 1 0 0
    outer loop
      vertex 204.99 13.918 39.2517
      vertex 204.99 13.918 29.2517
      vertex 204.99 18.2481 31.7517
    endloop
  endfacet
  facet normal 1 -0 0
    outer loop
      vertex 204.99 9.58783 36.7517
      vertex 204.99 13.918 29.2517
      vertex 204.99 13.918 39.2517
    endloop
  endfacet
  facet normal 1 0 0
    outer loop
      vertex 204.99 13.918 29.2517
      vertex 204.99 9.58783 36.7517
      vertex 204.99 9.58783 31.7517
    endloop
  endfacet
  facet normal 1 0 0
    outer loop
      vertex 204.99 25.1782 39.2517
      vertex 204.99 29.5083 31.7517
      vertex 204.99 29.5083 36.7517
    endloop
  endfacet
  facet normal 1 0 0
    outer loop
      vertex 204.99 25.1782 39.2517
      vertex 204.99 25.1782 29.2517
      vertex 204.99 29.5083 31.7517
    endloop
  endfacet
  facet normal 1 -0 0
    outer loop
      vertex 204.99 20.8481 36.7517
      vertex 204.99 25.1782 29.2517
      vertex 204.99 25.1782 39.2517
    endloop
  endfacet
  facet normal 1 0 0
    outer loop
      vertex 204.99 25.1782 29.2517
      vertex 204.99 20.8481 36.7517
      vertex 204.99 20.8481 31.7517
    endloop
  endfacet
  facet normal 1 0 0
    outer loop
      vertex 204.99 36.4385 39.2517
      vertex 204.99 40.7686 31.7517
      vertex 204.99 40.7686 36.7517
    endloop
  endfacet
  facet normal 1 0 0
    outer loop
      vertex 204.99 36.4385 39.2517
      vertex 204.99 36.4385 29.2517
      vertex 204.99 40.7686 31.7517
    endloop
  endfacet
  facet normal 1 -0 0
    outer loop
      vertex 204.99 32.1083 36.7517
      vertex 204.99 36.4385 29.2517
      vertex 204.99 36.4385 39.2517
    endloop
  endfacet
  facet normal 1 0 0
    outer loop
      vertex 204.99 36.4385 29.2517
      vertex 204.99 32.1083 36.7517
      vertex 204.99 32.1083 31.7517
    endloop
  endfacet
  facet normal 1 0 0
    outer loop
      vertex 204.99 47.6987 39.2517
      vertex 204.99 52.0288 31.7517
      vertex 204.99 52.0288 36.7517
    endloop
  endfacet
  facet normal 1 0 0
    outer loop
      vertex 204.99 47.6987 39.2517
      vertex 204.99 47.6987 29.2517
      vertex 204.99 52.0288 31.7517
    endloop
  endfacet
  facet normal 1 -0 0
    outer loop
      vertex 204.99 43.3686 36.7517
      vertex 204.99 47.6987 29.2517
      vertex 204.99 47.6987 39.2517
    endloop
  endfacet
  facet normal 1 0 0
    outer loop
      vertex 204.99 47.6987 29.2517
      vertex 204.99 43.3686 36.7517
      vertex 204.99 43.3686 31.7517
    endloop
  endfacet
  facet normal 1 0 0
    outer loop
      vertex 204.99 58.959 39.2517
      vertex 204.99 63.2891 31.7517
      vertex 204.99 63.2891 36.7517
    endloop
  endfacet
  facet normal 1 0 0
    outer loop
      vertex 204.99 58.959 39.2517
      vertex 204.99 58.959 29.2517
      vertex 204.99 63.2891 31.7517
    endloop
  endfacet
  facet normal 1 -0 0
    outer loop
      vertex 204.99 54.6288 36.7517
      vertex 204.99 58.959 29.2517
      vertex 204.99 58.959 39.2517
    endloop
  endfacet
  facet normal 1 0 0
    outer loop
      vertex 204.99 58.959 29.2517
      vertex 204.99 54.6288 36.7517
      vertex 204.99 54.6288 31.7517
    endloop
  endfacet
  facet normal 1 0 0
    outer loop
      vertex 204.99 42.0686 29.5
      vertex 204.99 46.3987 22
      vertex 204.99 46.3987 27
    endloop
  endfacet
  facet normal 1 0 0
    outer loop
      vertex 204.99 42.0686 29.5
      vertex 204.99 42.0686 19.5
      vertex 204.99 46.3987 22
    endloop
  endfacet
  facet normal 1 -0 0
    outer loop
      vertex 204.99 37.7385 27
      vertex 204.99 42.0686 19.5
      vertex 204.99 42.0686 29.5
    endloop
  endfacet
  facet normal 1 0 0
    outer loop
      vertex 204.99 42.0686 19.5
      vertex 204.99 37.7385 27
      vertex 204.99 37.7385 22
    endloop
  endfacet
  facet normal 1 0 0
    outer loop
      vertex 204.99 70.2192 39.2517
      vertex 204.99 74.5493 31.7517
      vertex 204.99 74.5493 36.7517
    endloop
  endfacet
  facet normal 1 0 0
    outer loop
      vertex 204.99 70.2192 39.2517
      vertex 204.99 70.2192 29.2517
      vertex 204.99 74.5493 31.7517
    endloop
  endfacet
  facet normal 1 -0 0
    outer loop
      vertex 204.99 65.8891 36.7517
      vertex 204.99 70.2192 29.2517
      vertex 204.99 70.2192 39.2517
    endloop
  endfacet
  facet normal 1 0 0
    outer loop
      vertex 204.99 70.2192 29.2517
      vertex 204.99 65.8891 36.7517
      vertex 204.99 65.8891 31.7517
    endloop
  endfacet
  facet normal 1 0 0
    outer loop
      vertex 204.99 81.4795 39.2517
      vertex 204.99 85.8096 31.7517
      vertex 204.99 85.8096 36.7517
    endloop
  endfacet
  facet normal 1 0 0
    outer loop
      vertex 204.99 81.4795 39.2517
      vertex 204.99 81.4795 29.2517
      vertex 204.99 85.8096 31.7517
    endloop
  endfacet
  facet normal 1 -0 0
    outer loop
      vertex 204.99 77.1494 36.7517
      vertex 204.99 81.4795 29.2517
      vertex 204.99 81.4795 39.2517
    endloop
  endfacet
  facet normal 1 0 0
    outer loop
      vertex 204.99 81.4795 29.2517
      vertex 204.99 77.1494 36.7517
      vertex 204.99 77.1494 31.7517
    endloop
  endfacet
  facet normal 1 0 0
    outer loop
      vertex 204.99 92.7397 39.2517
      vertex 204.99 97.0699 31.7517
      vertex 204.99 97.0699 36.7517
    endloop
  endfacet
  facet normal 1 0 0
    outer loop
      vertex 204.99 92.7397 39.2517
      vertex 204.99 92.7397 29.2517
      vertex 204.99 97.0699 31.7517
    endloop
  endfacet
  facet normal 1 -0 0
    outer loop
      vertex 204.99 88.4096 36.7517
      vertex 204.99 92.7397 29.2517
      vertex 204.99 92.7397 39.2517
    endloop
  endfacet
  facet normal 1 0 0
    outer loop
      vertex 204.99 92.7397 29.2517
      vertex 204.99 88.4096 36.7517
      vertex 204.99 88.4096 31.7517
    endloop
  endfacet
  facet normal 1 0 0
    outer loop
      vertex 204.99 104 39.2517
      vertex 204.99 108.33 31.7517
      vertex 204.99 108.33 36.7517
    endloop
  endfacet
  facet normal 1 0 0
    outer loop
      vertex 204.99 104 39.2517
      vertex 204.99 104 29.2517
      vertex 204.99 108.33 31.7517
    endloop
  endfacet
  facet normal 1 -0 0
    outer loop
      vertex 204.99 99.6699 36.7517
      vertex 204.99 104 29.2517
      vertex 204.99 104 39.2517
    endloop
  endfacet
  facet normal 1 0 0
    outer loop
      vertex 204.99 104 29.2517
      vertex 204.99 99.6699 36.7517
      vertex 204.99 99.6699 31.7517
    endloop
  endfacet
  facet normal 1 0 0
    outer loop
      vertex 204.99 115.26 39.2517
      vertex 204.99 119.59 31.7517
      vertex 204.99 119.59 36.7517
    endloop
  endfacet
  facet normal 1 0 0
    outer loop
      vertex 204.99 115.26 39.2517
      vertex 204.99 115.26 29.2517
      vertex 204.99 119.59 31.7517
    endloop
  endfacet
  facet normal 1 -0 0
    outer loop
      vertex 204.99 110.93 36.7517
      vertex 204.99 115.26 29.2517
      vertex 204.99 115.26 39.2517
    endloop
  endfacet
  facet normal 1 0 0
    outer loop
      vertex 204.99 115.26 29.2517
      vertex 204.99 110.93 36.7517
      vertex 204.99 110.93 31.7517
    endloop
  endfacet
  facet normal 1 0 0
    outer loop
      vertex 204.99 126.521 39.2517
      vertex 204.99 130.851 31.7517
      vertex 204.99 130.851 36.7517
    endloop
  endfacet
  facet normal 1 0 0
    outer loop
      vertex 204.99 126.521 39.2517
      vertex 204.99 126.521 29.2517
      vertex 204.99 130.851 31.7517
    endloop
  endfacet
  facet normal 1 -0 0
    outer loop
      vertex 204.99 122.19 36.7517
      vertex 204.99 126.521 29.2517
      vertex 204.99 126.521 39.2517
    endloop
  endfacet
  facet normal 1 0 0
    outer loop
      vertex 204.99 126.521 29.2517
      vertex 204.99 122.19 36.7517
      vertex 204.99 122.19 31.7517
    endloop
  endfacet
  facet normal 1 0 0
    outer loop
      vertex 204.99 137.781 39.2517
      vertex 204.99 142.111 31.7517
      vertex 204.99 142.111 36.7517
    endloop
  endfacet
  facet normal 1 0 0
    outer loop
      vertex 204.99 137.781 39.2517
      vertex 204.99 137.781 29.2517
      vertex 204.99 142.111 31.7517
    endloop
  endfacet
  facet normal 1 -0 0
    outer loop
      vertex 204.99 133.451 36.7517
      vertex 204.99 137.781 29.2517
      vertex 204.99 137.781 39.2517
    endloop
  endfacet
  facet normal 1 0 0
    outer loop
      vertex 204.99 137.781 29.2517
      vertex 204.99 133.451 36.7517
      vertex 204.99 133.451 31.7517
    endloop
  endfacet
  facet normal 1 0 0
    outer loop
      vertex 204.99 149.041 39.2517
      vertex 204.99 153.371 31.7517
      vertex 204.99 153.371 36.7517
    endloop
  endfacet
  facet normal 1 0 0
    outer loop
      vertex 204.99 149.041 39.2517
      vertex 204.99 149.041 29.2517
      vertex 204.99 153.371 31.7517
    endloop
  endfacet
  facet normal 1 -0 0
    outer loop
      vertex 204.99 144.711 36.7517
      vertex 204.99 149.041 29.2517
      vertex 204.99 149.041 39.2517
    endloop
  endfacet
  facet normal 1 0 0
    outer loop
      vertex 204.99 149.041 29.2517
      vertex 204.99 144.711 36.7517
      vertex 204.99 144.711 31.7517
    endloop
  endfacet
  facet normal 1 0 0
    outer loop
      vertex 204.99 160.301 39.2517
      vertex 204.99 164.631 31.7517
      vertex 204.99 164.631 36.7517
    endloop
  endfacet
  facet normal 1 0 0
    outer loop
      vertex 204.99 160.301 39.2517
      vertex 204.99 160.301 29.2517
      vertex 204.99 164.631 31.7517
    endloop
  endfacet
  facet normal 1 -0 0
    outer loop
      vertex 204.99 155.971 36.7517
      vertex 204.99 160.301 29.2517
      vertex 204.99 160.301 39.2517
    endloop
  endfacet
  facet normal 1 0 0
    outer loop
      vertex 204.99 160.301 29.2517
      vertex 204.99 155.971 36.7517
      vertex 204.99 155.971 31.7517
    endloop
  endfacet
  facet normal 1 0 0
    outer loop
      vertex 204.99 171.562 39.2517
      vertex 204.99 175.892 31.7517
      vertex 204.99 175.892 36.7517
    endloop
  endfacet
  facet normal 1 0 0
    outer loop
      vertex 204.99 171.562 39.2517
      vertex 204.99 171.562 29.2517
      vertex 204.99 175.892 31.7517
    endloop
  endfacet
  facet normal 1 -0 0
    outer loop
      vertex 204.99 167.231 36.7517
      vertex 204.99 171.562 29.2517
      vertex 204.99 171.562 39.2517
    endloop
  endfacet
  facet normal 1 0 0
    outer loop
      vertex 204.99 171.562 29.2517
      vertex 204.99 167.231 36.7517
      vertex 204.99 167.231 31.7517
    endloop
  endfacet
  facet normal 1 0 0
    outer loop
      vertex 204.99 182.822 39.2517
      vertex 204.99 187.152 31.7517
      vertex 204.99 187.152 36.7517
    endloop
  endfacet
  facet normal 1 0 0
    outer loop
      vertex 204.99 182.822 39.2517
      vertex 204.99 182.822 29.2517
      vertex 204.99 187.152 31.7517
    endloop
  endfacet
  facet normal 1 -0 0
    outer loop
      vertex 204.99 178.492 36.7517
      vertex 204.99 182.822 29.2517
      vertex 204.99 182.822 39.2517
    endloop
  endfacet
  facet normal 1 0 0
    outer loop
      vertex 204.99 182.822 29.2517
      vertex 204.99 178.492 36.7517
      vertex 204.99 178.492 31.7517
    endloop
  endfacet
  facet normal 1 0 0
    outer loop
      vertex 204.99 109.63 29.5
      vertex 204.99 113.96 22
      vertex 204.99 113.96 27
    endloop
  endfacet
  facet normal 1 0 0
    outer loop
      vertex 204.99 109.63 29.5
      vertex 204.99 109.63 19.5
      vertex 204.99 113.96 22
    endloop
  endfacet
  facet normal 1 -0 0
    outer loop
      vertex 204.99 105.3 27
      vertex 204.99 109.63 19.5
      vertex 204.99 109.63 29.5
    endloop
  endfacet
  facet normal 1 0 0
    outer loop
      vertex 204.99 109.63 19.5
      vertex 204.99 105.3 27
      vertex 204.99 105.3 22
    endloop
  endfacet
  facet normal 1 0 0
    outer loop
      vertex 204.99 188.452 29.5
      vertex 204.99 192.782 22
      vertex 204.99 192.782 27
    endloop
  endfacet
  facet normal 1 0 0
    outer loop
      vertex 204.99 188.452 29.5
      vertex 204.99 188.452 19.5
      vertex 204.99 192.782 22
    endloop
  endfacet
  facet normal 1 -0 0
    outer loop
      vertex 204.99 184.122 27
      vertex 204.99 188.452 19.5
      vertex 204.99 188.452 29.5
    endloop
  endfacet
  facet normal 1 0 0
    outer loop
      vertex 204.99 188.452 19.5
      vertex 204.99 184.122 27
      vertex 204.99 184.122 22
    endloop
  endfacet
  facet normal 1 0 0
    outer loop
      vertex 204.99 177.192 29.5
      vertex 204.99 181.522 22
      vertex 204.99 181.522 27
    endloop
  endfacet
  facet normal 1 0 0
    outer loop
      vertex 204.99 177.192 29.5
      vertex 204.99 177.192 19.5
      vertex 204.99 181.522 22
    endloop
  endfacet
  facet normal 1 -0 0
    outer loop
      vertex 204.99 172.862 27
      vertex 204.99 177.192 19.5
      vertex 204.99 177.192 29.5
    endloop
  endfacet
  facet normal 1 0 0
    outer loop
      vertex 204.99 177.192 19.5
      vertex 204.99 172.862 27
      vertex 204.99 172.862 22
    endloop
  endfacet
  facet normal 1 0 0
    outer loop
      vertex 204.99 165.931 29.5
      vertex 204.99 170.262 22
      vertex 204.99 170.262 27
    endloop
  endfacet
  facet normal 1 0 0
    outer loop
      vertex 204.99 165.931 29.5
      vertex 204.99 165.931 19.5
      vertex 204.99 170.262 22
    endloop
  endfacet
  facet normal 1 -0 0
    outer loop
      vertex 204.99 161.601 27
      vertex 204.99 165.931 19.5
      vertex 204.99 165.931 29.5
    endloop
  endfacet
  facet normal 1 0 0
    outer loop
      vertex 204.99 165.931 19.5
      vertex 204.99 161.601 27
      vertex 204.99 161.601 22
    endloop
  endfacet
  facet normal 1 0 0
    outer loop
      vertex 204.99 154.671 29.5
      vertex 204.99 159.001 22
      vertex 204.99 159.001 27
    endloop
  endfacet
  facet normal 1 0 0
    outer loop
      vertex 204.99 154.671 29.5
      vertex 204.99 154.671 19.5
      vertex 204.99 159.001 22
    endloop
  endfacet
  facet normal 1 -0 0
    outer loop
      vertex 204.99 150.341 27
      vertex 204.99 154.671 19.5
      vertex 204.99 154.671 29.5
    endloop
  endfacet
  facet normal 1 0 0
    outer loop
      vertex 204.99 154.671 19.5
      vertex 204.99 150.341 27
      vertex 204.99 150.341 22
    endloop
  endfacet
  facet normal 1 0 0
    outer loop
      vertex 204.99 143.411 29.5
      vertex 204.99 147.741 22
      vertex 204.99 147.741 27
    endloop
  endfacet
  facet normal 1 0 0
    outer loop
      vertex 204.99 143.411 29.5
      vertex 204.99 143.411 19.5
      vertex 204.99 147.741 22
    endloop
  endfacet
  facet normal 1 -0 0
    outer loop
      vertex 204.99 139.081 27
      vertex 204.99 143.411 19.5
      vertex 204.99 143.411 29.5
    endloop
  endfacet
  facet normal 1 0 0
    outer loop
      vertex 204.99 143.411 19.5
      vertex 204.99 139.081 27
      vertex 204.99 139.081 22
    endloop
  endfacet
  facet normal 1 0 0
    outer loop
      vertex 204.99 132.151 29.5
      vertex 204.99 136.481 22
      vertex 204.99 136.481 27
    endloop
  endfacet
  facet normal 1 0 0
    outer loop
      vertex 204.99 132.151 29.5
      vertex 204.99 132.151 19.5
      vertex 204.99 136.481 22
    endloop
  endfacet
  facet normal 1 -0 0
    outer loop
      vertex 204.99 127.821 27
      vertex 204.99 132.151 19.5
      vertex 204.99 132.151 29.5
    endloop
  endfacet
  facet normal 1 0 0
    outer loop
      vertex 204.99 132.151 19.5
      vertex 204.99 127.821 27
      vertex 204.99 127.821 22
    endloop
  endfacet
  facet normal 1 0 0
    outer loop
      vertex 204.99 120.89 29.5
      vertex 204.99 125.221 22
      vertex 204.99 125.221 27
    endloop
  endfacet
  facet normal 1 0 0
    outer loop
      vertex 204.99 120.89 29.5
      vertex 204.99 120.89 19.5
      vertex 204.99 125.221 22
    endloop
  endfacet
  facet normal 1 -0 0
    outer loop
      vertex 204.99 116.56 27
      vertex 204.99 120.89 19.5
      vertex 204.99 120.89 29.5
    endloop
  endfacet
  facet normal 1 0 0
    outer loop
      vertex 204.99 120.89 19.5
      vertex 204.99 116.56 27
      vertex 204.99 116.56 22
    endloop
  endfacet
  facet normal 1 0 0
    outer loop
      vertex 204.99 104 19.7483
      vertex 204.99 108.33 12.2483
      vertex 204.99 108.33 17.2483
    endloop
  endfacet
  facet normal 1 0 0
    outer loop
      vertex 204.99 104 19.7483
      vertex 204.99 104 9.74832
      vertex 204.99 108.33 12.2483
    endloop
  endfacet
  facet normal 1 -0 0
    outer loop
      vertex 204.99 99.6699 17.2483
      vertex 204.99 104 9.74832
      vertex 204.99 104 19.7483
    endloop
  endfacet
  facet normal 1 0 0
    outer loop
      vertex 204.99 104 9.74832
      vertex 204.99 99.6699 17.2483
      vertex 204.99 99.6699 12.2483
    endloop
  endfacet
  facet normal 1 0 0
    outer loop
      vertex 204.99 98.3699 29.5
      vertex 204.99 102.7 22
      vertex 204.99 102.7 27
    endloop
  endfacet
  facet normal 1 0 0
    outer loop
      vertex 204.99 98.3699 29.5
      vertex 204.99 98.3699 19.5
      vertex 204.99 102.7 22
    endloop
  endfacet
  facet normal 1 -0 0
    outer loop
      vertex 204.99 94.0397 27
      vertex 204.99 98.3699 19.5
      vertex 204.99 98.3699 29.5
    endloop
  endfacet
  facet normal 1 0 0
    outer loop
      vertex 204.99 98.3699 19.5
      vertex 204.99 94.0397 27
      vertex 204.99 94.0397 22
    endloop
  endfacet
  facet normal 1 0 0
    outer loop
      vertex 204.99 19.5481 29.5
      vertex 204.99 23.8782 22
      vertex 204.99 23.8782 27
    endloop
  endfacet
  facet normal 1 0 0
    outer loop
      vertex 204.99 19.5481 29.5
      vertex 204.99 19.5481 19.5
      vertex 204.99 23.8782 22
    endloop
  endfacet
  facet normal 1 -0 0
    outer loop
      vertex 204.99 15.218 27
      vertex 204.99 19.5481 19.5
      vertex 204.99 19.5481 29.5
    endloop
  endfacet
  facet normal 1 0 0
    outer loop
      vertex 204.99 19.5481 19.5
      vertex 204.99 15.218 27
      vertex 204.99 15.218 22
    endloop
  endfacet
  facet normal 1 0 0
    outer loop
      vertex 204.99 30.8083 29.5
      vertex 204.99 35.1385 22
      vertex 204.99 35.1385 27
    endloop
  endfacet
  facet normal 1 0 0
    outer loop
      vertex 204.99 30.8083 29.5
      vertex 204.99 30.8083 19.5
      vertex 204.99 35.1385 22
    endloop
  endfacet
  facet normal 1 -0 0
    outer loop
      vertex 204.99 26.4782 27
      vertex 204.99 30.8083 19.5
      vertex 204.99 30.8083 29.5
    endloop
  endfacet
  facet normal 1 0 0
    outer loop
      vertex 204.99 30.8083 19.5
      vertex 204.99 26.4782 27
      vertex 204.99 26.4782 22
    endloop
  endfacet
  facet normal 1 0 0
    outer loop
      vertex 204.99 64.5891 29.5
      vertex 204.99 68.9192 22
      vertex 204.99 68.9192 27
    endloop
  endfacet
  facet normal 1 0 0
    outer loop
      vertex 204.99 64.5891 29.5
      vertex 204.99 64.5891 19.5
      vertex 204.99 68.9192 22
    endloop
  endfacet
  facet normal 1 -0 0
    outer loop
      vertex 204.99 60.259 27
      vertex 204.99 64.5891 19.5
      vertex 204.99 64.5891 29.5
    endloop
  endfacet
  facet normal 1 0 0
    outer loop
      vertex 204.99 64.5891 19.5
      vertex 204.99 60.259 27
      vertex 204.99 60.259 22
    endloop
  endfacet
  facet normal 1 0 0
    outer loop
      vertex 204.99 75.8493 29.5
      vertex 204.99 80.1795 22
      vertex 204.99 80.1795 27
    endloop
  endfacet
  facet normal 1 0 0
    outer loop
      vertex 204.99 75.8493 29.5
      vertex 204.99 75.8493 19.5
      vertex 204.99 80.1795 22
    endloop
  endfacet
  facet normal 1 -0 0
    outer loop
      vertex 204.99 71.5192 27
      vertex 204.99 75.8493 19.5
      vertex 204.99 75.8493 29.5
    endloop
  endfacet
  facet normal 1 0 0
    outer loop
      vertex 204.99 75.8493 19.5
      vertex 204.99 71.5192 27
      vertex 204.99 71.5192 22
    endloop
  endfacet
  facet normal 1 0 0
    outer loop
      vertex 204.99 53.3288 29.5
      vertex 204.99 57.659 22
      vertex 204.99 57.659 27
    endloop
  endfacet
  facet normal 1 0 0
    outer loop
      vertex 204.99 53.3288 29.5
      vertex 204.99 53.3288 19.5
      vertex 204.99 57.659 22
    endloop
  endfacet
  facet normal 1 -0 0
    outer loop
      vertex 204.99 48.9987 27
      vertex 204.99 53.3288 19.5
      vertex 204.99 53.3288 29.5
    endloop
  endfacet
  facet normal 1 0 0
    outer loop
      vertex 204.99 53.3288 19.5
      vertex 204.99 48.9987 27
      vertex 204.99 48.9987 22
    endloop
  endfacet
  facet normal 1 0 0
    outer loop
      vertex 204.99 87.1096 29.5
      vertex 204.99 91.4397 22
      vertex 204.99 91.4397 27
    endloop
  endfacet
  facet normal 1 0 0
    outer loop
      vertex 204.99 87.1096 29.5
      vertex 204.99 87.1096 19.5
      vertex 204.99 91.4397 22
    endloop
  endfacet
  facet normal 1 -0 0
    outer loop
      vertex 204.99 82.7795 27
      vertex 204.99 87.1096 19.5
      vertex 204.99 87.1096 29.5
    endloop
  endfacet
  facet normal 1 0 0
    outer loop
      vertex 204.99 87.1096 19.5
      vertex 204.99 82.7795 27
      vertex 204.99 82.7795 22
    endloop
  endfacet
  facet normal 1 0 0
    outer loop
      vertex 204.99 25.1782 19.7483
      vertex 204.99 29.5083 12.2483
      vertex 204.99 29.5083 17.2483
    endloop
  endfacet
  facet normal 1 0 0
    outer loop
      vertex 204.99 25.1782 19.7483
      vertex 204.99 25.1782 9.74832
      vertex 204.99 29.5083 12.2483
    endloop
  endfacet
  facet normal 1 -0 0
    outer loop
      vertex 204.99 20.8481 17.2483
      vertex 204.99 25.1782 9.74832
      vertex 204.99 25.1782 19.7483
    endloop
  endfacet
  facet normal 1 0 0
    outer loop
      vertex 204.99 25.1782 9.74832
      vertex 204.99 20.8481 17.2483
      vertex 204.99 20.8481 12.2483
    endloop
  endfacet
  facet normal 1 0 0
    outer loop
      vertex 204.99 13.918 19.7483
      vertex 204.99 18.2481 12.2483
      vertex 204.99 18.2481 17.2483
    endloop
  endfacet
  facet normal 1 0 0
    outer loop
      vertex 204.99 13.918 19.7483
      vertex 204.99 13.918 9.74832
      vertex 204.99 18.2481 12.2483
    endloop
  endfacet
  facet normal 1 -0 0
    outer loop
      vertex 204.99 9.58783 17.2483
      vertex 204.99 13.918 9.74832
      vertex 204.99 13.918 19.7483
    endloop
  endfacet
  facet normal 1 0 0
    outer loop
      vertex 204.99 13.918 9.74832
      vertex 204.99 9.58783 17.2483
      vertex 204.99 9.58783 12.2483
    endloop
  endfacet
  facet normal 1 0 0
    outer loop
      vertex 204.99 47.6987 19.7483
      vertex 204.99 52.0288 12.2483
      vertex 204.99 52.0288 17.2483
    endloop
  endfacet
  facet normal 1 0 0
    outer loop
      vertex 204.99 47.6987 19.7483
      vertex 204.99 47.6987 9.74832
      vertex 204.99 52.0288 12.2483
    endloop
  endfacet
  facet normal 1 -0 0
    outer loop
      vertex 204.99 43.3686 17.2483
      vertex 204.99 47.6987 9.74832
      vertex 204.99 47.6987 19.7483
    endloop
  endfacet
  facet normal 1 0 0
    outer loop
      vertex 204.99 47.6987 9.74832
      vertex 204.99 43.3686 17.2483
      vertex 204.99 43.3686 12.2483
    endloop
  endfacet
  facet normal 1 0 0
    outer loop
      vertex 204.99 36.4385 19.7483
      vertex 204.99 40.7686 12.2483
      vertex 204.99 40.7686 17.2483
    endloop
  endfacet
  facet normal 1 0 0
    outer loop
      vertex 204.99 36.4385 19.7483
      vertex 204.99 36.4385 9.74832
      vertex 204.99 40.7686 12.2483
    endloop
  endfacet
  facet normal 1 -0 0
    outer loop
      vertex 204.99 32.1083 17.2483
      vertex 204.99 36.4385 9.74832
      vertex 204.99 36.4385 19.7483
    endloop
  endfacet
  facet normal 1 0 0
    outer loop
      vertex 204.99 36.4385 9.74832
      vertex 204.99 32.1083 17.2483
      vertex 204.99 32.1083 12.2483
    endloop
  endfacet
  facet normal 1 0 0
    outer loop
      vertex 204.99 58.959 19.7483
      vertex 204.99 63.2891 12.2483
      vertex 204.99 63.2891 17.2483
    endloop
  endfacet
  facet normal 1 0 0
    outer loop
      vertex 204.99 58.959 19.7483
      vertex 204.99 58.959 9.74832
      vertex 204.99 63.2891 12.2483
    endloop
  endfacet
  facet normal 1 -0 0
    outer loop
      vertex 204.99 54.6288 17.2483
      vertex 204.99 58.959 9.74832
      vertex 204.99 58.959 19.7483
    endloop
  endfacet
  facet normal 1 0 0
    outer loop
      vertex 204.99 58.959 9.74832
      vertex 204.99 54.6288 17.2483
      vertex 204.99 54.6288 12.2483
    endloop
  endfacet
  facet normal 1 0 0
    outer loop
      vertex 204.99 70.2192 19.7483
      vertex 204.99 74.5493 12.2483
      vertex 204.99 74.5493 17.2483
    endloop
  endfacet
  facet normal 1 0 0
    outer loop
      vertex 204.99 70.2192 19.7483
      vertex 204.99 70.2192 9.74832
      vertex 204.99 74.5493 12.2483
    endloop
  endfacet
  facet normal 1 -0 0
    outer loop
      vertex 204.99 65.8891 17.2483
      vertex 204.99 70.2192 9.74832
      vertex 204.99 70.2192 19.7483
    endloop
  endfacet
  facet normal 1 0 0
    outer loop
      vertex 204.99 70.2192 9.74832
      vertex 204.99 65.8891 17.2483
      vertex 204.99 65.8891 12.2483
    endloop
  endfacet
  facet normal 1 0 0
    outer loop
      vertex 204.99 81.4795 19.7483
      vertex 204.99 85.8096 12.2483
      vertex 204.99 85.8096 17.2483
    endloop
  endfacet
  facet normal 1 0 0
    outer loop
      vertex 204.99 81.4795 19.7483
      vertex 204.99 81.4795 9.74832
      vertex 204.99 85.8096 12.2483
    endloop
  endfacet
  facet normal 1 -0 0
    outer loop
      vertex 204.99 77.1494 17.2483
      vertex 204.99 81.4795 9.74832
      vertex 204.99 81.4795 19.7483
    endloop
  endfacet
  facet normal 1 0 0
    outer loop
      vertex 204.99 81.4795 9.74832
      vertex 204.99 77.1494 17.2483
      vertex 204.99 77.1494 12.2483
    endloop
  endfacet
  facet normal 1 0 0
    outer loop
      vertex 204.99 92.7397 19.7483
      vertex 204.99 97.0699 12.2483
      vertex 204.99 97.0699 17.2483
    endloop
  endfacet
  facet normal 1 0 0
    outer loop
      vertex 204.99 92.7397 19.7483
      vertex 204.99 92.7397 9.74832
      vertex 204.99 97.0699 12.2483
    endloop
  endfacet
  facet normal 1 -0 0
    outer loop
      vertex 204.99 88.4096 17.2483
      vertex 204.99 92.7397 9.74832
      vertex 204.99 92.7397 19.7483
    endloop
  endfacet
  facet normal 1 0 0
    outer loop
      vertex 204.99 92.7397 9.74832
      vertex 204.99 88.4096 17.2483
      vertex 204.99 88.4096 12.2483
    endloop
  endfacet
  facet normal 1 0 0
    outer loop
      vertex 204.99 115.26 19.7483
      vertex 204.99 119.59 12.2483
      vertex 204.99 119.59 17.2483
    endloop
  endfacet
  facet normal 1 0 0
    outer loop
      vertex 204.99 115.26 19.7483
      vertex 204.99 115.26 9.74832
      vertex 204.99 119.59 12.2483
    endloop
  endfacet
  facet normal 1 -0 0
    outer loop
      vertex 204.99 110.93 17.2483
      vertex 204.99 115.26 9.74832
      vertex 204.99 115.26 19.7483
    endloop
  endfacet
  facet normal 1 0 0
    outer loop
      vertex 204.99 115.26 9.74832
      vertex 204.99 110.93 17.2483
      vertex 204.99 110.93 12.2483
    endloop
  endfacet
  facet normal 1 0 0
    outer loop
      vertex 204.99 137.781 19.7483
      vertex 204.99 142.111 12.2483
      vertex 204.99 142.111 17.2483
    endloop
  endfacet
  facet normal 1 0 0
    outer loop
      vertex 204.99 137.781 19.7483
      vertex 204.99 137.781 9.74832
      vertex 204.99 142.111 12.2483
    endloop
  endfacet
  facet normal 1 -0 0
    outer loop
      vertex 204.99 133.451 17.2483
      vertex 204.99 137.781 9.74832
      vertex 204.99 137.781 19.7483
    endloop
  endfacet
  facet normal 1 0 0
    outer loop
      vertex 204.99 137.781 9.74832
      vertex 204.99 133.451 17.2483
      vertex 204.99 133.451 12.2483
    endloop
  endfacet
  facet normal 1 0 0
    outer loop
      vertex 204.99 126.521 19.7483
      vertex 204.99 130.851 12.2483
      vertex 204.99 130.851 17.2483
    endloop
  endfacet
  facet normal 1 0 0
    outer loop
      vertex 204.99 126.521 19.7483
      vertex 204.99 126.521 9.74832
      vertex 204.99 130.851 12.2483
    endloop
  endfacet
  facet normal 1 -0 0
    outer loop
      vertex 204.99 122.19 17.2483
      vertex 204.99 126.521 9.74832
      vertex 204.99 126.521 19.7483
    endloop
  endfacet
  facet normal 1 0 0
    outer loop
      vertex 204.99 126.521 9.74832
      vertex 204.99 122.19 17.2483
      vertex 204.99 122.19 12.2483
    endloop
  endfacet
  facet normal 1 0 0
    outer loop
      vertex 204.99 149.041 19.7483
      vertex 204.99 153.371 12.2483
      vertex 204.99 153.371 17.2483
    endloop
  endfacet
  facet normal 1 0 0
    outer loop
      vertex 204.99 149.041 19.7483
      vertex 204.99 149.041 9.74832
      vertex 204.99 153.371 12.2483
    endloop
  endfacet
  facet normal 1 -0 0
    outer loop
      vertex 204.99 144.711 17.2483
      vertex 204.99 149.041 9.74832
      vertex 204.99 149.041 19.7483
    endloop
  endfacet
  facet normal 1 0 0
    outer loop
      vertex 204.99 149.041 9.74832
      vertex 204.99 144.711 17.2483
      vertex 204.99 144.711 12.2483
    endloop
  endfacet
  facet normal 1 0 0
    outer loop
      vertex 204.99 171.562 19.7483
      vertex 204.99 175.892 12.2483
      vertex 204.99 175.892 17.2483
    endloop
  endfacet
  facet normal 1 0 0
    outer loop
      vertex 204.99 171.562 19.7483
      vertex 204.99 171.562 9.74832
      vertex 204.99 175.892 12.2483
    endloop
  endfacet
  facet normal 1 -0 0
    outer loop
      vertex 204.99 167.231 17.2483
      vertex 204.99 171.562 9.74832
      vertex 204.99 171.562 19.7483
    endloop
  endfacet
  facet normal 1 0 0
    outer loop
      vertex 204.99 171.562 9.74832
      vertex 204.99 167.231 17.2483
      vertex 204.99 167.231 12.2483
    endloop
  endfacet
  facet normal 1 0 0
    outer loop
      vertex 204.99 160.301 19.7483
      vertex 204.99 164.631 12.2483
      vertex 204.99 164.631 17.2483
    endloop
  endfacet
  facet normal 1 0 0
    outer loop
      vertex 204.99 160.301 19.7483
      vertex 204.99 160.301 9.74832
      vertex 204.99 164.631 12.2483
    endloop
  endfacet
  facet normal 1 -0 0
    outer loop
      vertex 204.99 155.971 17.2483
      vertex 204.99 160.301 9.74832
      vertex 204.99 160.301 19.7483
    endloop
  endfacet
  facet normal 1 0 0
    outer loop
      vertex 204.99 160.301 9.74832
      vertex 204.99 155.971 17.2483
      vertex 204.99 155.971 12.2483
    endloop
  endfacet
  facet normal 1 0 0
    outer loop
      vertex 204.99 182.822 19.7483
      vertex 204.99 187.152 12.2483
      vertex 204.99 187.152 17.2483
    endloop
  endfacet
  facet normal 1 0 0
    outer loop
      vertex 204.99 182.822 19.7483
      vertex 204.99 182.822 9.74832
      vertex 204.99 187.152 12.2483
    endloop
  endfacet
  facet normal 1 -0 0
    outer loop
      vertex 204.99 178.492 17.2483
      vertex 204.99 182.822 9.74832
      vertex 204.99 182.822 19.7483
    endloop
  endfacet
  facet normal 1 0 0
    outer loop
      vertex 204.99 182.822 9.74832
      vertex 204.99 178.492 17.2483
      vertex 204.99 178.492 12.2483
    endloop
  endfacet
  facet normal 1 0 0
    outer loop
      vertex 204.99 194.082 19.7483
      vertex 204.99 198.412 12.2483
      vertex 204.99 198.412 17.2483
    endloop
  endfacet
  facet normal 1 0 0
    outer loop
      vertex 204.99 194.082 19.7483
      vertex 204.99 194.082 9.74832
      vertex 204.99 198.412 12.2483
    endloop
  endfacet
  facet normal 1 -0 0
    outer loop
      vertex 204.99 189.752 17.2483
      vertex 204.99 194.082 9.74832
      vertex 204.99 194.082 19.7483
    endloop
  endfacet
  facet normal 1 0 0
    outer loop
      vertex 204.99 194.082 9.74832
      vertex 204.99 189.752 17.2483
      vertex 204.99 189.752 12.2483
    endloop
  endfacet
  facet normal 0 -1 0
    outer loop
      vertex 204.99 198.412 31.7517
      vertex 206 198.412 36.7517
      vertex 204.99 198.412 36.7517
    endloop
  endfacet
  facet normal 0 -1 -0
    outer loop
      vertex 206 198.412 36.7517
      vertex 204.99 198.412 31.7517
      vertex 206 198.412 31.7517
    endloop
  endfacet
  facet normal 0 -0.500011 -0.866019
    outer loop
      vertex 204.99 194.082 39.2517
      vertex 206 198.412 36.7517
      vertex 206 194.082 39.2517
    endloop
  endfacet
  facet normal -0 -0.500011 -0.866019
    outer loop
      vertex 206 198.412 36.7517
      vertex 204.99 194.082 39.2517
      vertex 204.99 198.412 36.7517
    endloop
  endfacet
  facet normal 0 0.500011 -0.866019
    outer loop
      vertex 204.99 189.752 36.7517
      vertex 206 194.082 39.2517
      vertex 206 189.752 36.7517
    endloop
  endfacet
  facet normal 0 0.500011 -0.866019
    outer loop
      vertex 206 194.082 39.2517
      vertex 204.99 189.752 36.7517
      vertex 204.99 194.082 39.2517
    endloop
  endfacet
  facet normal 0 1 -0
    outer loop
      vertex 206 189.752 31.7517
      vertex 204.99 189.752 36.7517
      vertex 206 189.752 36.7517
    endloop
  endfacet
  facet normal 0 1 0
    outer loop
      vertex 204.99 189.752 36.7517
      vertex 206 189.752 31.7517
      vertex 204.99 189.752 31.7517
    endloop
  endfacet
  facet normal -0 0.500011 0.866019
    outer loop
      vertex 204.99 194.082 29.2517
      vertex 206 189.752 31.7517
      vertex 206 194.082 29.2517
    endloop
  endfacet
  facet normal 0 0.500011 0.866019
    outer loop
      vertex 206 189.752 31.7517
      vertex 204.99 194.082 29.2517
      vertex 204.99 189.752 31.7517
    endloop
  endfacet
  facet normal 0 -0.500011 0.866019
    outer loop
      vertex 204.99 198.412 31.7517
      vertex 206 194.082 29.2517
      vertex 206 198.412 31.7517
    endloop
  endfacet
  facet normal 0 -0.500011 0.866019
    outer loop
      vertex 206 194.082 29.2517
      vertex 204.99 198.412 31.7517
      vertex 204.99 194.082 29.2517
    endloop
  endfacet
  facet normal 0 -1 0
    outer loop
      vertex 204.99 18.2481 31.7517
      vertex 206 18.2481 36.7517
      vertex 204.99 18.2481 36.7517
    endloop
  endfacet
  facet normal 0 -1 -0
    outer loop
      vertex 206 18.2481 36.7517
      vertex 204.99 18.2481 31.7517
      vertex 206 18.2481 31.7517
    endloop
  endfacet
  facet normal 0 -0.500002 -0.866024
    outer loop
      vertex 204.99 13.918 39.2517
      vertex 206 18.2481 36.7517
      vertex 206 13.918 39.2517
    endloop
  endfacet
  facet normal -0 -0.500002 -0.866024
    outer loop
      vertex 206 18.2481 36.7517
      vertex 204.99 13.918 39.2517
      vertex 204.99 18.2481 36.7517
    endloop
  endfacet
  facet normal 0 0.499996 -0.866028
    outer loop
      vertex 204.99 9.58783 36.7517
      vertex 206 13.918 39.2517
      vertex 206 9.58783 36.7517
    endloop
  endfacet
  facet normal 0 0.499996 -0.866028
    outer loop
      vertex 206 13.918 39.2517
      vertex 204.99 9.58783 36.7517
      vertex 204.99 13.918 39.2517
    endloop
  endfacet
  facet normal 0 1 -0
    outer loop
      vertex 206 9.58783 31.7517
      vertex 204.99 9.58783 36.7517
      vertex 206 9.58783 36.7517
    endloop
  endfacet
  facet normal 0 1 0
    outer loop
      vertex 204.99 9.58783 36.7517
      vertex 206 9.58783 31.7517
      vertex 204.99 9.58783 31.7517
    endloop
  endfacet
  facet normal -0 0.499996 0.866028
    outer loop
      vertex 204.99 13.918 29.2517
      vertex 206 9.58783 31.7517
      vertex 206 13.918 29.2517
    endloop
  endfacet
  facet normal 0 0.499996 0.866028
    outer loop
      vertex 206 9.58783 31.7517
      vertex 204.99 13.918 29.2517
      vertex 204.99 9.58783 31.7517
    endloop
  endfacet
  facet normal 0 -0.500002 0.866024
    outer loop
      vertex 204.99 18.2481 31.7517
      vertex 206 13.918 29.2517
      vertex 206 18.2481 31.7517
    endloop
  endfacet
  facet normal 0 -0.500002 0.866024
    outer loop
      vertex 206 13.918 29.2517
      vertex 204.99 18.2481 31.7517
      vertex 204.99 13.918 29.2517
    endloop
  endfacet
  facet normal 0 -1 0
    outer loop
      vertex 204.99 29.5083 31.7517
      vertex 206 29.5083 36.7517
      vertex 204.99 29.5083 36.7517
    endloop
  endfacet
  facet normal 0 -1 -0
    outer loop
      vertex 206 29.5083 36.7517
      vertex 204.99 29.5083 31.7517
      vertex 206 29.5083 31.7517
    endloop
  endfacet
  facet normal 0 -0.500002 -0.866024
    outer loop
      vertex 204.99 25.1782 39.2517
      vertex 206 29.5083 36.7517
      vertex 206 25.1782 39.2517
    endloop
  endfacet
  facet normal -0 -0.500002 -0.866024
    outer loop
      vertex 206 29.5083 36.7517
      vertex 204.99 25.1782 39.2517
      vertex 204.99 29.5083 36.7517
    endloop
  endfacet
  facet normal 0 0.500002 -0.866024
    outer loop
      vertex 204.99 20.8481 36.7517
      vertex 206 25.1782 39.2517
      vertex 206 20.8481 36.7517
    endloop
  endfacet
  facet normal 0 0.500002 -0.866024
    outer loop
      vertex 206 25.1782 39.2517
      vertex 204.99 20.8481 36.7517
      vertex 204.99 25.1782 39.2517
    endloop
  endfacet
  facet normal 0 1 -0
    outer loop
      vertex 206 20.8481 31.7517
      vertex 204.99 20.8481 36.7517
      vertex 206 20.8481 36.7517
    endloop
  endfacet
  facet normal 0 1 0
    outer loop
      vertex 204.99 20.8481 36.7517
      vertex 206 20.8481 31.7517
      vertex 204.99 20.8481 31.7517
    endloop
  endfacet
  facet normal -0 0.500002 0.866024
    outer loop
      vertex 204.99 25.1782 29.2517
      vertex 206 20.8481 31.7517
      vertex 206 25.1782 29.2517
    endloop
  endfacet
  facet normal 0 0.500002 0.866024
    outer loop
      vertex 206 20.8481 31.7517
      vertex 204.99 25.1782 29.2517
      vertex 204.99 20.8481 31.7517
    endloop
  endfacet
  facet normal 0 -0.500002 0.866024
    outer loop
      vertex 204.99 29.5083 31.7517
      vertex 206 25.1782 29.2517
      vertex 206 29.5083 31.7517
    endloop
  endfacet
  facet normal 0 -0.500002 0.866024
    outer loop
      vertex 206 25.1782 29.2517
      vertex 204.99 29.5083 31.7517
      vertex 204.99 25.1782 29.2517
    endloop
  endfacet
  facet normal 0 -1 0
    outer loop
      vertex 204.99 40.7686 31.7517
      vertex 206 40.7686 36.7517
      vertex 204.99 40.7686 36.7517
    endloop
  endfacet
  facet normal 0 -1 -0
    outer loop
      vertex 206 40.7686 36.7517
      vertex 204.99 40.7686 31.7517
      vertex 206 40.7686 31.7517
    endloop
  endfacet
  facet normal 0 -0.500002 -0.866024
    outer loop
      vertex 204.99 36.4385 39.2517
      vertex 206 40.7686 36.7517
      vertex 206 36.4385 39.2517
    endloop
  endfacet
  facet normal -0 -0.500002 -0.866024
    outer loop
      vertex 206 40.7686 36.7517
      vertex 204.99 36.4385 39.2517
      vertex 204.99 40.7686 36.7517
    endloop
  endfacet
  facet normal 0 0.499994 -0.866029
    outer loop
      vertex 204.99 32.1083 36.7517
      vertex 206 36.4385 39.2517
      vertex 206 32.1083 36.7517
    endloop
  endfacet
  facet normal 0 0.499994 -0.866029
    outer loop
      vertex 206 36.4385 39.2517
      vertex 204.99 32.1083 36.7517
      vertex 204.99 36.4385 39.2517
    endloop
  endfacet
  facet normal 0 1 -0
    outer loop
      vertex 206 32.1083 31.7517
      vertex 204.99 32.1083 36.7517
      vertex 206 32.1083 36.7517
    endloop
  endfacet
  facet normal 0 1 0
    outer loop
      vertex 204.99 32.1083 36.7517
      vertex 206 32.1083 31.7517
      vertex 204.99 32.1083 31.7517
    endloop
  endfacet
  facet normal -0 0.499994 0.866029
    outer loop
      vertex 204.99 36.4385 29.2517
      vertex 206 32.1083 31.7517
      vertex 206 36.4385 29.2517
    endloop
  endfacet
  facet normal 0 0.499994 0.866029
    outer loop
      vertex 206 32.1083 31.7517
      vertex 204.99 36.4385 29.2517
      vertex 204.99 32.1083 31.7517
    endloop
  endfacet
  facet normal 0 -0.500002 0.866024
    outer loop
      vertex 204.99 40.7686 31.7517
      vertex 206 36.4385 29.2517
      vertex 206 40.7686 31.7517
    endloop
  endfacet
  facet normal 0 -0.500002 0.866024
    outer loop
      vertex 206 36.4385 29.2517
      vertex 204.99 40.7686 31.7517
      vertex 204.99 36.4385 29.2517
    endloop
  endfacet
  facet normal 0 -1 0
    outer loop
      vertex 204.99 52.0288 31.7517
      vertex 206 52.0288 36.7517
      vertex 204.99 52.0288 36.7517
    endloop
  endfacet
  facet normal 0 -1 -0
    outer loop
      vertex 206 52.0288 36.7517
      vertex 204.99 52.0288 31.7517
      vertex 206 52.0288 31.7517
    endloop
  endfacet
  facet normal 0 -0.500002 -0.866024
    outer loop
      vertex 204.99 47.6987 39.2517
      vertex 206 52.0288 36.7517
      vertex 206 47.6987 39.2517
    endloop
  endfacet
  facet normal -0 -0.500002 -0.866024
    outer loop
      vertex 206 52.0288 36.7517
      vertex 204.99 47.6987 39.2517
      vertex 204.99 52.0288 36.7517
    endloop
  endfacet
  facet normal 0 0.500002 -0.866024
    outer loop
      vertex 204.99 43.3686 36.7517
      vertex 206 47.6987 39.2517
      vertex 206 43.3686 36.7517
    endloop
  endfacet
  facet normal 0 0.500002 -0.866024
    outer loop
      vertex 206 47.6987 39.2517
      vertex 204.99 43.3686 36.7517
      vertex 204.99 47.6987 39.2517
    endloop
  endfacet
  facet normal 0 1 -0
    outer loop
      vertex 206 43.3686 31.7517
      vertex 204.99 43.3686 36.7517
      vertex 206 43.3686 36.7517
    endloop
  endfacet
  facet normal 0 1 0
    outer loop
      vertex 204.99 43.3686 36.7517
      vertex 206 43.3686 31.7517
      vertex 204.99 43.3686 31.7517
    endloop
  endfacet
  facet normal -0 0.500002 0.866024
    outer loop
      vertex 204.99 47.6987 29.2517
      vertex 206 43.3686 31.7517
      vertex 206 47.6987 29.2517
    endloop
  endfacet
  facet normal 0 0.500002 0.866024
    outer loop
      vertex 206 43.3686 31.7517
      vertex 204.99 47.6987 29.2517
      vertex 204.99 43.3686 31.7517
    endloop
  endfacet
  facet normal 0 -0.500002 0.866024
    outer loop
      vertex 204.99 52.0288 31.7517
      vertex 206 47.6987 29.2517
      vertex 206 52.0288 31.7517
    endloop
  endfacet
  facet normal 0 -0.500002 0.866024
    outer loop
      vertex 206 47.6987 29.2517
      vertex 204.99 52.0288 31.7517
      vertex 204.99 47.6987 29.2517
    endloop
  endfacet
  facet normal 0 -1 0
    outer loop
      vertex 204.99 63.2891 31.7517
      vertex 206 63.2891 36.7517
      vertex 204.99 63.2891 36.7517
    endloop
  endfacet
  facet normal 0 -1 -0
    outer loop
      vertex 206 63.2891 36.7517
      vertex 204.99 63.2891 31.7517
      vertex 206 63.2891 31.7517
    endloop
  endfacet
  facet normal 0 -0.500002 -0.866024
    outer loop
      vertex 204.99 58.959 39.2517
      vertex 206 63.2891 36.7517
      vertex 206 58.959 39.2517
    endloop
  endfacet
  facet normal -0 -0.500002 -0.866024
    outer loop
      vertex 206 63.2891 36.7517
      vertex 204.99 58.959 39.2517
      vertex 204.99 63.2891 36.7517
    endloop
  endfacet
  facet normal 0 0.499994 -0.866029
    outer loop
      vertex 204.99 54.6288 36.7517
      vertex 206 58.959 39.2517
      vertex 206 54.6288 36.7517
    endloop
  endfacet
  facet normal 0 0.499994 -0.866029
    outer loop
      vertex 206 58.959 39.2517
      vertex 204.99 54.6288 36.7517
      vertex 204.99 58.959 39.2517
    endloop
  endfacet
  facet normal 0 1 -0
    outer loop
      vertex 206 54.6288 31.7517
      vertex 204.99 54.6288 36.7517
      vertex 206 54.6288 36.7517
    endloop
  endfacet
  facet normal 0 1 0
    outer loop
      vertex 204.99 54.6288 36.7517
      vertex 206 54.6288 31.7517
      vertex 204.99 54.6288 31.7517
    endloop
  endfacet
  facet normal -0 0.499994 0.866029
    outer loop
      vertex 204.99 58.959 29.2517
      vertex 206 54.6288 31.7517
      vertex 206 58.959 29.2517
    endloop
  endfacet
  facet normal 0 0.499994 0.866029
    outer loop
      vertex 206 54.6288 31.7517
      vertex 204.99 58.959 29.2517
      vertex 204.99 54.6288 31.7517
    endloop
  endfacet
  facet normal 0 -0.500002 0.866024
    outer loop
      vertex 204.99 63.2891 31.7517
      vertex 206 58.959 29.2517
      vertex 206 63.2891 31.7517
    endloop
  endfacet
  facet normal 0 -0.500002 0.866024
    outer loop
      vertex 206 58.959 29.2517
      vertex 204.99 63.2891 31.7517
      vertex 204.99 58.959 29.2517
    endloop
  endfacet
  facet normal 0 -1 0
    outer loop
      vertex 204.99 74.5493 31.7517
      vertex 206 74.5493 36.7517
      vertex 204.99 74.5493 36.7517
    endloop
  endfacet
  facet normal 0 -1 -0
    outer loop
      vertex 206 74.5493 36.7517
      vertex 204.99 74.5493 31.7517
      vertex 206 74.5493 31.7517
    endloop
  endfacet
  facet normal 0 -0.500002 -0.866024
    outer loop
      vertex 204.99 70.2192 39.2517
      vertex 206 74.5493 36.7517
      vertex 206 70.2192 39.2517
    endloop
  endfacet
  facet normal -0 -0.500002 -0.866024
    outer loop
      vertex 206 74.5493 36.7517
      vertex 204.99 70.2192 39.2517
      vertex 204.99 74.5493 36.7517
    endloop
  endfacet
  facet normal 0 0.500002 -0.866024
    outer loop
      vertex 204.99 65.8891 36.7517
      vertex 206 70.2192 39.2517
      vertex 206 65.8891 36.7517
    endloop
  endfacet
  facet normal 0 0.500002 -0.866024
    outer loop
      vertex 206 70.2192 39.2517
      vertex 204.99 65.8891 36.7517
      vertex 204.99 70.2192 39.2517
    endloop
  endfacet
  facet normal 0 1 -0
    outer loop
      vertex 206 65.8891 31.7517
      vertex 204.99 65.8891 36.7517
      vertex 206 65.8891 36.7517
    endloop
  endfacet
  facet normal 0 1 0
    outer loop
      vertex 204.99 65.8891 36.7517
      vertex 206 65.8891 31.7517
      vertex 204.99 65.8891 31.7517
    endloop
  endfacet
  facet normal -0 0.500002 0.866024
    outer loop
      vertex 204.99 70.2192 29.2517
      vertex 206 65.8891 31.7517
      vertex 206 70.2192 29.2517
    endloop
  endfacet
  facet normal 0 0.500002 0.866024
    outer loop
      vertex 206 65.8891 31.7517
      vertex 204.99 70.2192 29.2517
      vertex 204.99 65.8891 31.7517
    endloop
  endfacet
  facet normal 0 -0.500002 0.866024
    outer loop
      vertex 204.99 74.5493 31.7517
      vertex 206 70.2192 29.2517
      vertex 206 74.5493 31.7517
    endloop
  endfacet
  facet normal 0 -0.500002 0.866024
    outer loop
      vertex 206 70.2192 29.2517
      vertex 204.99 74.5493 31.7517
      vertex 204.99 70.2192 29.2517
    endloop
  endfacet
  facet normal 0 -1 0
    outer loop
      vertex 204.99 85.8096 31.7517
      vertex 206 85.8096 36.7517
      vertex 204.99 85.8096 36.7517
    endloop
  endfacet
  facet normal 0 -1 -0
    outer loop
      vertex 206 85.8096 36.7517
      vertex 204.99 85.8096 31.7517
      vertex 206 85.8096 31.7517
    endloop
  endfacet
  facet normal 0 -0.500002 -0.866024
    outer loop
      vertex 204.99 81.4795 39.2517
      vertex 206 85.8096 36.7517
      vertex 206 81.4795 39.2517
    endloop
  endfacet
  facet normal -0 -0.500002 -0.866024
    outer loop
      vertex 206 85.8096 36.7517
      vertex 204.99 81.4795 39.2517
      vertex 204.99 85.8096 36.7517
    endloop
  endfacet
  facet normal 0 0.500002 -0.866024
    outer loop
      vertex 204.99 77.1494 36.7517
      vertex 206 81.4795 39.2517
      vertex 206 77.1494 36.7517
    endloop
  endfacet
  facet normal 0 0.500002 -0.866024
    outer loop
      vertex 206 81.4795 39.2517
      vertex 204.99 77.1494 36.7517
      vertex 204.99 81.4795 39.2517
    endloop
  endfacet
  facet normal 0 1 -0
    outer loop
      vertex 206 77.1494 31.7517
      vertex 204.99 77.1494 36.7517
      vertex 206 77.1494 36.7517
    endloop
  endfacet
  facet normal 0 1 0
    outer loop
      vertex 204.99 77.1494 36.7517
      vertex 206 77.1494 31.7517
      vertex 204.99 77.1494 31.7517
    endloop
  endfacet
  facet normal -0 0.500002 0.866024
    outer loop
      vertex 204.99 81.4795 29.2517
      vertex 206 77.1494 31.7517
      vertex 206 81.4795 29.2517
    endloop
  endfacet
  facet normal 0 0.500002 0.866024
    outer loop
      vertex 206 77.1494 31.7517
      vertex 204.99 81.4795 29.2517
      vertex 204.99 77.1494 31.7517
    endloop
  endfacet
  facet normal 0 -0.500002 0.866024
    outer loop
      vertex 204.99 85.8096 31.7517
      vertex 206 81.4795 29.2517
      vertex 206 85.8096 31.7517
    endloop
  endfacet
  facet normal 0 -0.500002 0.866024
    outer loop
      vertex 206 81.4795 29.2517
      vertex 204.99 85.8096 31.7517
      vertex 204.99 81.4795 29.2517
    endloop
  endfacet
  facet normal 0 -1 0
    outer loop
      vertex 204.99 97.0699 31.7517
      vertex 206 97.0699 36.7517
      vertex 204.99 97.0699 36.7517
    endloop
  endfacet
  facet normal 0 -1 -0
    outer loop
      vertex 206 97.0699 36.7517
      vertex 204.99 97.0699 31.7517
      vertex 206 97.0699 31.7517
    endloop
  endfacet
  facet normal 0 -0.499994 -0.866029
    outer loop
      vertex 204.99 92.7397 39.2517
      vertex 206 97.0699 36.7517
      vertex 206 92.7397 39.2517
    endloop
  endfacet
  facet normal -0 -0.499994 -0.866029
    outer loop
      vertex 206 97.0699 36.7517
      vertex 204.99 92.7397 39.2517
      vertex 204.99 97.0699 36.7517
    endloop
  endfacet
  facet normal 0 0.500002 -0.866024
    outer loop
      vertex 204.99 88.4096 36.7517
      vertex 206 92.7397 39.2517
      vertex 206 88.4096 36.7517
    endloop
  endfacet
  facet normal 0 0.500002 -0.866024
    outer loop
      vertex 206 92.7397 39.2517
      vertex 204.99 88.4096 36.7517
      vertex 204.99 92.7397 39.2517
    endloop
  endfacet
  facet normal 0 1 -0
    outer loop
      vertex 206 88.4096 31.7517
      vertex 204.99 88.4096 36.7517
      vertex 206 88.4096 36.7517
    endloop
  endfacet
  facet normal 0 1 0
    outer loop
      vertex 204.99 88.4096 36.7517
      vertex 206 88.4096 31.7517
      vertex 204.99 88.4096 31.7517
    endloop
  endfacet
  facet normal -0 0.500002 0.866024
    outer loop
      vertex 204.99 92.7397 29.2517
      vertex 206 88.4096 31.7517
      vertex 206 92.7397 29.2517
    endloop
  endfacet
  facet normal 0 0.500002 0.866024
    outer loop
      vertex 206 88.4096 31.7517
      vertex 204.99 92.7397 29.2517
      vertex 204.99 88.4096 31.7517
    endloop
  endfacet
  facet normal 0 -0.499994 0.866029
    outer loop
      vertex 204.99 97.0699 31.7517
      vertex 206 92.7397 29.2517
      vertex 206 97.0699 31.7517
    endloop
  endfacet
  facet normal 0 -0.499994 0.866029
    outer loop
      vertex 206 92.7397 29.2517
      vertex 204.99 97.0699 31.7517
      vertex 204.99 92.7397 29.2517
    endloop
  endfacet
  facet normal 0 -1 0
    outer loop
      vertex 204.99 108.33 31.7517
      vertex 206 108.33 36.7517
      vertex 204.99 108.33 36.7517
    endloop
  endfacet
  facet normal 0 -1 -0
    outer loop
      vertex 206 108.33 36.7517
      vertex 204.99 108.33 31.7517
      vertex 206 108.33 31.7517
    endloop
  endfacet
  facet normal 0 -0.500011 -0.866019
    outer loop
      vertex 204.99 104 39.2517
      vertex 206 108.33 36.7517
      vertex 206 104 39.2517
    endloop
  endfacet
  facet normal -0 -0.500011 -0.866019
    outer loop
      vertex 206 108.33 36.7517
      vertex 204.99 104 39.2517
      vertex 204.99 108.33 36.7517
    endloop
  endfacet
  facet normal 0 0.500002 -0.866024
    outer loop
      vertex 204.99 99.6699 36.7517
      vertex 206 104 39.2517
      vertex 206 99.6699 36.7517
    endloop
  endfacet
  facet normal 0 0.500002 -0.866024
    outer loop
      vertex 206 104 39.2517
      vertex 204.99 99.6699 36.7517
      vertex 204.99 104 39.2517
    endloop
  endfacet
  facet normal 0 1 -0
    outer loop
      vertex 206 99.6699 31.7517
      vertex 204.99 99.6699 36.7517
      vertex 206 99.6699 36.7517
    endloop
  endfacet
  facet normal 0 1 0
    outer loop
      vertex 204.99 99.6699 36.7517
      vertex 206 99.6699 31.7517
      vertex 204.99 99.6699 31.7517
    endloop
  endfacet
  facet normal -0 0.500002 0.866024
    outer loop
      vertex 204.99 104 29.2517
      vertex 206 99.6699 31.7517
      vertex 206 104 29.2517
    endloop
  endfacet
  facet normal 0 0.500002 0.866024
    outer loop
      vertex 206 99.6699 31.7517
      vertex 204.99 104 29.2517
      vertex 204.99 99.6699 31.7517
    endloop
  endfacet
  facet normal 0 -0.500011 0.866019
    outer loop
      vertex 204.99 108.33 31.7517
      vertex 206 104 29.2517
      vertex 206 108.33 31.7517
    endloop
  endfacet
  facet normal 0 -0.500011 0.866019
    outer loop
      vertex 206 104 29.2517
      vertex 204.99 108.33 31.7517
      vertex 204.99 104 29.2517
    endloop
  endfacet
  facet normal 0 -1 0
    outer loop
      vertex 204.99 119.59 31.7517
      vertex 206 119.59 36.7517
      vertex 204.99 119.59 36.7517
    endloop
  endfacet
  facet normal 0 -1 -0
    outer loop
      vertex 206 119.59 36.7517
      vertex 204.99 119.59 31.7517
      vertex 206 119.59 31.7517
    endloop
  endfacet
  facet normal 0 -0.500011 -0.866019
    outer loop
      vertex 204.99 115.26 39.2517
      vertex 206 119.59 36.7517
      vertex 206 115.26 39.2517
    endloop
  endfacet
  facet normal -0 -0.500011 -0.866019
    outer loop
      vertex 206 119.59 36.7517
      vertex 204.99 115.26 39.2517
      vertex 204.99 119.59 36.7517
    endloop
  endfacet
  facet normal 0 0.500011 -0.866019
    outer loop
      vertex 204.99 110.93 36.7517
      vertex 206 115.26 39.2517
      vertex 206 110.93 36.7517
    endloop
  endfacet
  facet normal 0 0.500011 -0.866019
    outer loop
      vertex 206 115.26 39.2517
      vertex 204.99 110.93 36.7517
      vertex 204.99 115.26 39.2517
    endloop
  endfacet
  facet normal 0 1 -0
    outer loop
      vertex 206 110.93 31.7517
      vertex 204.99 110.93 36.7517
      vertex 206 110.93 36.7517
    endloop
  endfacet
  facet normal 0 1 0
    outer loop
      vertex 204.99 110.93 36.7517
      vertex 206 110.93 31.7517
      vertex 204.99 110.93 31.7517
    endloop
  endfacet
  facet normal -0 0.500011 0.866019
    outer loop
      vertex 204.99 115.26 29.2517
      vertex 206 110.93 31.7517
      vertex 206 115.26 29.2517
    endloop
  endfacet
  facet normal 0 0.500011 0.866019
    outer loop
      vertex 206 110.93 31.7517
      vertex 204.99 115.26 29.2517
      vertex 204.99 110.93 31.7517
    endloop
  endfacet
  facet normal 0 -0.500011 0.866019
    outer loop
      vertex 204.99 119.59 31.7517
      vertex 206 115.26 29.2517
      vertex 206 119.59 31.7517
    endloop
  endfacet
  facet normal 0 -0.500011 0.866019
    outer loop
      vertex 206 115.26 29.2517
      vertex 204.99 119.59 31.7517
      vertex 204.99 115.26 29.2517
    endloop
  endfacet
  facet normal 0 -1 0
    outer loop
      vertex 204.99 130.851 31.7517
      vertex 206 130.851 36.7517
      vertex 204.99 130.851 36.7517
    endloop
  endfacet
  facet normal 0 -1 -0
    outer loop
      vertex 206 130.851 36.7517
      vertex 204.99 130.851 31.7517
      vertex 206 130.851 31.7517
    endloop
  endfacet
  facet normal 0 -0.500011 -0.866019
    outer loop
      vertex 204.99 126.521 39.2517
      vertex 206 130.851 36.7517
      vertex 206 126.521 39.2517
    endloop
  endfacet
  facet normal -0 -0.500011 -0.866019
    outer loop
      vertex 206 130.851 36.7517
      vertex 204.99 126.521 39.2517
      vertex 204.99 130.851 36.7517
    endloop
  endfacet
  facet normal 0 0.499924 -0.866069
    outer loop
      vertex 204.99 122.19 36.7517
      vertex 206 126.521 39.2517
      vertex 206 122.19 36.7517
    endloop
  endfacet
  facet normal 0 0.499924 -0.866069
    outer loop
      vertex 206 126.521 39.2517
      vertex 204.99 122.19 36.7517
      vertex 204.99 126.521 39.2517
    endloop
  endfacet
  facet normal 0 1 -0
    outer loop
      vertex 206 122.19 31.7517
      vertex 204.99 122.19 36.7517
      vertex 206 122.19 36.7517
    endloop
  endfacet
  facet normal 0 1 0
    outer loop
      vertex 204.99 122.19 36.7517
      vertex 206 122.19 31.7517
      vertex 204.99 122.19 31.7517
    endloop
  endfacet
  facet normal -0 0.499924 0.866069
    outer loop
      vertex 204.99 126.521 29.2517
      vertex 206 122.19 31.7517
      vertex 206 126.521 29.2517
    endloop
  endfacet
  facet normal 0 0.499924 0.866069
    outer loop
      vertex 206 122.19 31.7517
      vertex 204.99 126.521 29.2517
      vertex 204.99 122.19 31.7517
    endloop
  endfacet
  facet normal 0 -0.500011 0.866019
    outer loop
      vertex 204.99 130.851 31.7517
      vertex 206 126.521 29.2517
      vertex 206 130.851 31.7517
    endloop
  endfacet
  facet normal 0 -0.500011 0.866019
    outer loop
      vertex 206 126.521 29.2517
      vertex 204.99 130.851 31.7517
      vertex 204.99 126.521 29.2517
    endloop
  endfacet
  facet normal 0 -1 0
    outer loop
      vertex 204.99 142.111 31.7517
      vertex 206 142.111 36.7517
      vertex 204.99 142.111 36.7517
    endloop
  endfacet
  facet normal 0 -1 -0
    outer loop
      vertex 206 142.111 36.7517
      vertex 204.99 142.111 31.7517
      vertex 206 142.111 31.7517
    endloop
  endfacet
  facet normal 0 -0.500011 -0.866019
    outer loop
      vertex 204.99 137.781 39.2517
      vertex 206 142.111 36.7517
      vertex 206 137.781 39.2517
    endloop
  endfacet
  facet normal -0 -0.500011 -0.866019
    outer loop
      vertex 206 142.111 36.7517
      vertex 204.99 137.781 39.2517
      vertex 204.99 142.111 36.7517
    endloop
  endfacet
  facet normal 0 0.500011 -0.866019
    outer loop
      vertex 204.99 133.451 36.7517
      vertex 206 137.781 39.2517
      vertex 206 133.451 36.7517
    endloop
  endfacet
  facet normal 0 0.500011 -0.866019
    outer loop
      vertex 206 137.781 39.2517
      vertex 204.99 133.451 36.7517
      vertex 204.99 137.781 39.2517
    endloop
  endfacet
  facet normal 0 1 -0
    outer loop
      vertex 206 133.451 31.7517
      vertex 204.99 133.451 36.7517
      vertex 206 133.451 36.7517
    endloop
  endfacet
  facet normal 0 1 0
    outer loop
      vertex 204.99 133.451 36.7517
      vertex 206 133.451 31.7517
      vertex 204.99 133.451 31.7517
    endloop
  endfacet
  facet normal -0 0.500011 0.866019
    outer loop
      vertex 204.99 137.781 29.2517
      vertex 206 133.451 31.7517
      vertex 206 137.781 29.2517
    endloop
  endfacet
  facet normal 0 0.500011 0.866019
    outer loop
      vertex 206 133.451 31.7517
      vertex 204.99 137.781 29.2517
      vertex 204.99 133.451 31.7517
    endloop
  endfacet
  facet normal 0 -0.500011 0.866019
    outer loop
      vertex 204.99 142.111 31.7517
      vertex 206 137.781 29.2517
      vertex 206 142.111 31.7517
    endloop
  endfacet
  facet normal 0 -0.500011 0.866019
    outer loop
      vertex 206 137.781 29.2517
      vertex 204.99 142.111 31.7517
      vertex 204.99 137.781 29.2517
    endloop
  endfacet
  facet normal 0 -1 0
    outer loop
      vertex 204.99 153.371 31.7517
      vertex 206 153.371 36.7517
      vertex 204.99 153.371 36.7517
    endloop
  endfacet
  facet normal 0 -1 -0
    outer loop
      vertex 206 153.371 36.7517
      vertex 204.99 153.371 31.7517
      vertex 206 153.371 31.7517
    endloop
  endfacet
  facet normal 0 -0.500011 -0.866019
    outer loop
      vertex 204.99 149.041 39.2517
      vertex 206 153.371 36.7517
      vertex 206 149.041 39.2517
    endloop
  endfacet
  facet normal -0 -0.500011 -0.866019
    outer loop
      vertex 206 153.371 36.7517
      vertex 204.99 149.041 39.2517
      vertex 204.99 153.371 36.7517
    endloop
  endfacet
  facet normal 0 0.500011 -0.866019
    outer loop
      vertex 204.99 144.711 36.7517
      vertex 206 149.041 39.2517
      vertex 206 144.711 36.7517
    endloop
  endfacet
  facet normal 0 0.500011 -0.866019
    outer loop
      vertex 206 149.041 39.2517
      vertex 204.99 144.711 36.7517
      vertex 204.99 149.041 39.2517
    endloop
  endfacet
  facet normal 0 1 -0
    outer loop
      vertex 206 144.711 31.7517
      vertex 204.99 144.711 36.7517
      vertex 206 144.711 36.7517
    endloop
  endfacet
  facet normal 0 1 0
    outer loop
      vertex 204.99 144.711 36.7517
      vertex 206 144.711 31.7517
      vertex 204.99 144.711 31.7517
    endloop
  endfacet
  facet normal -0 0.500011 0.866019
    outer loop
      vertex 204.99 149.041 29.2517
      vertex 206 144.711 31.7517
      vertex 206 149.041 29.2517
    endloop
  endfacet
  facet normal 0 0.500011 0.866019
    outer loop
      vertex 206 144.711 31.7517
      vertex 204.99 149.041 29.2517
      vertex 204.99 144.711 31.7517
    endloop
  endfacet
  facet normal 0 -0.500011 0.866019
    outer loop
      vertex 204.99 153.371 31.7517
      vertex 206 149.041 29.2517
      vertex 206 153.371 31.7517
    endloop
  endfacet
  facet normal 0 -0.500011 0.866019
    outer loop
      vertex 206 149.041 29.2517
      vertex 204.99 153.371 31.7517
      vertex 204.99 149.041 29.2517
    endloop
  endfacet
  facet normal 0 -1 0
    outer loop
      vertex 204.99 164.631 31.7517
      vertex 206 164.631 36.7517
      vertex 204.99 164.631 36.7517
    endloop
  endfacet
  facet normal 0 -1 -0
    outer loop
      vertex 206 164.631 36.7517
      vertex 204.99 164.631 31.7517
      vertex 206 164.631 31.7517
    endloop
  endfacet
  facet normal 0 -0.500011 -0.866019
    outer loop
      vertex 204.99 160.301 39.2517
      vertex 206 164.631 36.7517
      vertex 206 160.301 39.2517
    endloop
  endfacet
  facet normal -0 -0.500011 -0.866019
    outer loop
      vertex 206 164.631 36.7517
      vertex 204.99 160.301 39.2517
      vertex 204.99 164.631 36.7517
    endloop
  endfacet
  facet normal 0 0.500011 -0.866019
    outer loop
      vertex 204.99 155.971 36.7517
      vertex 206 160.301 39.2517
      vertex 206 155.971 36.7517
    endloop
  endfacet
  facet normal 0 0.500011 -0.866019
    outer loop
      vertex 206 160.301 39.2517
      vertex 204.99 155.971 36.7517
      vertex 204.99 160.301 39.2517
    endloop
  endfacet
  facet normal 0 1 -0
    outer loop
      vertex 206 155.971 31.7517
      vertex 204.99 155.971 36.7517
      vertex 206 155.971 36.7517
    endloop
  endfacet
  facet normal 0 1 0
    outer loop
      vertex 204.99 155.971 36.7517
      vertex 206 155.971 31.7517
      vertex 204.99 155.971 31.7517
    endloop
  endfacet
  facet normal -0 0.500011 0.866019
    outer loop
      vertex 204.99 160.301 29.2517
      vertex 206 155.971 31.7517
      vertex 206 160.301 29.2517
    endloop
  endfacet
  facet normal 0 0.500011 0.866019
    outer loop
      vertex 206 155.971 31.7517
      vertex 204.99 160.301 29.2517
      vertex 204.99 155.971 31.7517
    endloop
  endfacet
  facet normal 0 -0.500011 0.866019
    outer loop
      vertex 204.99 164.631 31.7517
      vertex 206 160.301 29.2517
      vertex 206 164.631 31.7517
    endloop
  endfacet
  facet normal 0 -0.500011 0.866019
    outer loop
      vertex 206 160.301 29.2517
      vertex 204.99 164.631 31.7517
      vertex 204.99 160.301 29.2517
    endloop
  endfacet
  facet normal 0 -1 0
    outer loop
      vertex 204.99 175.892 31.7517
      vertex 206 175.892 36.7517
      vertex 204.99 175.892 36.7517
    endloop
  endfacet
  facet normal 0 -1 -0
    outer loop
      vertex 206 175.892 36.7517
      vertex 204.99 175.892 31.7517
      vertex 206 175.892 31.7517
    endloop
  endfacet
  facet normal 0 -0.500011 -0.866019
    outer loop
      vertex 204.99 171.562 39.2517
      vertex 206 175.892 36.7517
      vertex 206 171.562 39.2517
    endloop
  endfacet
  facet normal -0 -0.500011 -0.866019
    outer loop
      vertex 206 175.892 36.7517
      vertex 204.99 171.562 39.2517
      vertex 204.99 175.892 36.7517
    endloop
  endfacet
  facet normal 0 0.499924 -0.866069
    outer loop
      vertex 204.99 167.231 36.7517
      vertex 206 171.562 39.2517
      vertex 206 167.231 36.7517
    endloop
  endfacet
  facet normal 0 0.499924 -0.866069
    outer loop
      vertex 206 171.562 39.2517
      vertex 204.99 167.231 36.7517
      vertex 204.99 171.562 39.2517
    endloop
  endfacet
  facet normal 0 1 -0
    outer loop
      vertex 206 167.231 31.7517
      vertex 204.99 167.231 36.7517
      vertex 206 167.231 36.7517
    endloop
  endfacet
  facet normal 0 1 0
    outer loop
      vertex 204.99 167.231 36.7517
      vertex 206 167.231 31.7517
      vertex 204.99 167.231 31.7517
    endloop
  endfacet
  facet normal -0 0.499924 0.866069
    outer loop
      vertex 204.99 171.562 29.2517
      vertex 206 167.231 31.7517
      vertex 206 171.562 29.2517
    endloop
  endfacet
  facet normal 0 0.499924 0.866069
    outer loop
      vertex 206 167.231 31.7517
      vertex 204.99 171.562 29.2517
      vertex 204.99 167.231 31.7517
    endloop
  endfacet
  facet normal 0 -0.500011 0.866019
    outer loop
      vertex 204.99 175.892 31.7517
      vertex 206 171.562 29.2517
      vertex 206 175.892 31.7517
    endloop
  endfacet
  facet normal 0 -0.500011 0.866019
    outer loop
      vertex 206 171.562 29.2517
      vertex 204.99 175.892 31.7517
      vertex 204.99 171.562 29.2517
    endloop
  endfacet
  facet normal 0 -1 0
    outer loop
      vertex 204.99 187.152 31.7517
      vertex 206 187.152 36.7517
      vertex 204.99 187.152 36.7517
    endloop
  endfacet
  facet normal 0 -1 -0
    outer loop
      vertex 206 187.152 36.7517
      vertex 204.99 187.152 31.7517
      vertex 206 187.152 31.7517
    endloop
  endfacet
  facet normal 0 -0.500011 -0.866019
    outer loop
      vertex 204.99 182.822 39.2517
      vertex 206 187.152 36.7517
      vertex 206 182.822 39.2517
    endloop
  endfacet
  facet normal -0 -0.500011 -0.866019
    outer loop
      vertex 206 187.152 36.7517
      vertex 204.99 182.822 39.2517
      vertex 204.99 187.152 36.7517
    endloop
  endfacet
  facet normal 0 0.500011 -0.866019
    outer loop
      vertex 204.99 178.492 36.7517
      vertex 206 182.822 39.2517
      vertex 206 178.492 36.7517
    endloop
  endfacet
  facet normal 0 0.500011 -0.866019
    outer loop
      vertex 206 182.822 39.2517
      vertex 204.99 178.492 36.7517
      vertex 204.99 182.822 39.2517
    endloop
  endfacet
  facet normal 0 1 -0
    outer loop
      vertex 206 178.492 31.7517
      vertex 204.99 178.492 36.7517
      vertex 206 178.492 36.7517
    endloop
  endfacet
  facet normal 0 1 0
    outer loop
      vertex 204.99 178.492 36.7517
      vertex 206 178.492 31.7517
      vertex 204.99 178.492 31.7517
    endloop
  endfacet
  facet normal -0 0.500011 0.866019
    outer loop
      vertex 204.99 182.822 29.2517
      vertex 206 178.492 31.7517
      vertex 206 182.822 29.2517
    endloop
  endfacet
  facet normal 0 0.500011 0.866019
    outer loop
      vertex 206 178.492 31.7517
      vertex 204.99 182.822 29.2517
      vertex 204.99 178.492 31.7517
    endloop
  endfacet
  facet normal 0 -0.500011 0.866019
    outer loop
      vertex 204.99 187.152 31.7517
      vertex 206 182.822 29.2517
      vertex 206 187.152 31.7517
    endloop
  endfacet
  facet normal 0 -0.500011 0.866019
    outer loop
      vertex 206 182.822 29.2517
      vertex 204.99 187.152 31.7517
      vertex 204.99 182.822 29.2517
    endloop
  endfacet
  facet normal 0 -1 0
    outer loop
      vertex 204.99 113.96 22
      vertex 206 113.96 27
      vertex 204.99 113.96 27
    endloop
  endfacet
  facet normal 0 -1 -0
    outer loop
      vertex 206 113.96 27
      vertex 204.99 113.96 22
      vertex 206 113.96 22
    endloop
  endfacet
  facet normal 0 -0.500011 -0.866019
    outer loop
      vertex 204.99 109.63 29.5
      vertex 206 113.96 27
      vertex 206 109.63 29.5
    endloop
  endfacet
  facet normal -0 -0.500011 -0.866019
    outer loop
      vertex 206 113.96 27
      vertex 204.99 109.63 29.5
      vertex 204.99 113.96 27
    endloop
  endfacet
  facet normal 0 0.500011 -0.866019
    outer loop
      vertex 204.99 105.3 27
      vertex 206 109.63 29.5
      vertex 206 105.3 27
    endloop
  endfacet
  facet normal 0 0.500011 -0.866019
    outer loop
      vertex 206 109.63 29.5
      vertex 204.99 105.3 27
      vertex 204.99 109.63 29.5
    endloop
  endfacet
  facet normal 0 1 -0
    outer loop
      vertex 206 105.3 22
      vertex 204.99 105.3 27
      vertex 206 105.3 27
    endloop
  endfacet
  facet normal 0 1 0
    outer loop
      vertex 204.99 105.3 27
      vertex 206 105.3 22
      vertex 204.99 105.3 22
    endloop
  endfacet
  facet normal -0 0.500011 0.866019
    outer loop
      vertex 204.99 109.63 19.5
      vertex 206 105.3 22
      vertex 206 109.63 19.5
    endloop
  endfacet
  facet normal 0 0.500011 0.866019
    outer loop
      vertex 206 105.3 22
      vertex 204.99 109.63 19.5
      vertex 204.99 105.3 22
    endloop
  endfacet
  facet normal 0 -0.500011 0.866019
    outer loop
      vertex 204.99 113.96 22
      vertex 206 109.63 19.5
      vertex 206 113.96 22
    endloop
  endfacet
  facet normal 0 -0.500011 0.866019
    outer loop
      vertex 206 109.63 19.5
      vertex 204.99 113.96 22
      vertex 204.99 109.63 19.5
    endloop
  endfacet
  facet normal 0 -1 0
    outer loop
      vertex 204.99 192.782 22
      vertex 206 192.782 27
      vertex 204.99 192.782 27
    endloop
  endfacet
  facet normal 0 -1 -0
    outer loop
      vertex 206 192.782 27
      vertex 204.99 192.782 22
      vertex 206 192.782 22
    endloop
  endfacet
  facet normal 0 -0.500011 -0.866019
    outer loop
      vertex 204.99 188.452 29.5
      vertex 206 192.782 27
      vertex 206 188.452 29.5
    endloop
  endfacet
  facet normal -0 -0.500011 -0.866019
    outer loop
      vertex 206 192.782 27
      vertex 204.99 188.452 29.5
      vertex 204.99 192.782 27
    endloop
  endfacet
  facet normal 0 0.500011 -0.866019
    outer loop
      vertex 204.99 184.122 27
      vertex 206 188.452 29.5
      vertex 206 184.122 27
    endloop
  endfacet
  facet normal 0 0.500011 -0.866019
    outer loop
      vertex 206 188.452 29.5
      vertex 204.99 184.122 27
      vertex 204.99 188.452 29.5
    endloop
  endfacet
  facet normal 0 1 -0
    outer loop
      vertex 206 184.122 22
      vertex 204.99 184.122 27
      vertex 206 184.122 27
    endloop
  endfacet
  facet normal 0 1 0
    outer loop
      vertex 204.99 184.122 27
      vertex 206 184.122 22
      vertex 204.99 184.122 22
    endloop
  endfacet
  facet normal -0 0.500011 0.866019
    outer loop
      vertex 204.99 188.452 19.5
      vertex 206 184.122 22
      vertex 206 188.452 19.5
    endloop
  endfacet
  facet normal 0 0.500011 0.866019
    outer loop
      vertex 206 184.122 22
      vertex 204.99 188.452 19.5
      vertex 204.99 184.122 22
    endloop
  endfacet
  facet normal 0 -0.500011 0.866019
    outer loop
      vertex 204.99 192.782 22
      vertex 206 188.452 19.5
      vertex 206 192.782 22
    endloop
  endfacet
  facet normal 0 -0.500011 0.866019
    outer loop
      vertex 206 188.452 19.5
      vertex 204.99 192.782 22
      vertex 204.99 188.452 19.5
    endloop
  endfacet
  facet normal 0 -1 0
    outer loop
      vertex 204.99 181.522 22
      vertex 206 181.522 27
      vertex 204.99 181.522 27
    endloop
  endfacet
  facet normal 0 -1 -0
    outer loop
      vertex 206 181.522 27
      vertex 204.99 181.522 22
      vertex 206 181.522 22
    endloop
  endfacet
  facet normal 0 -0.500011 -0.866019
    outer loop
      vertex 204.99 177.192 29.5
      vertex 206 181.522 27
      vertex 206 177.192 29.5
    endloop
  endfacet
  facet normal -0 -0.500011 -0.866019
    outer loop
      vertex 206 181.522 27
      vertex 204.99 177.192 29.5
      vertex 204.99 181.522 27
    endloop
  endfacet
  facet normal 0 0.500011 -0.866019
    outer loop
      vertex 204.99 172.862 27
      vertex 206 177.192 29.5
      vertex 206 172.862 27
    endloop
  endfacet
  facet normal 0 0.500011 -0.866019
    outer loop
      vertex 206 177.192 29.5
      vertex 204.99 172.862 27
      vertex 204.99 177.192 29.5
    endloop
  endfacet
  facet normal 0 1 -0
    outer loop
      vertex 206 172.862 22
      vertex 204.99 172.862 27
      vertex 206 172.862 27
    endloop
  endfacet
  facet normal 0 1 0
    outer loop
      vertex 204.99 172.862 27
      vertex 206 172.862 22
      vertex 204.99 172.862 22
    endloop
  endfacet
  facet normal -0 0.500011 0.866019
    outer loop
      vertex 204.99 177.192 19.5
      vertex 206 172.862 22
      vertex 206 177.192 19.5
    endloop
  endfacet
  facet normal 0 0.500011 0.866019
    outer loop
      vertex 206 172.862 22
      vertex 204.99 177.192 19.5
      vertex 204.99 172.862 22
    endloop
  endfacet
  facet normal 0 -0.500011 0.866019
    outer loop
      vertex 204.99 181.522 22
      vertex 206 177.192 19.5
      vertex 206 181.522 22
    endloop
  endfacet
  facet normal 0 -0.500011 0.866019
    outer loop
      vertex 206 177.192 19.5
      vertex 204.99 181.522 22
      vertex 204.99 177.192 19.5
    endloop
  endfacet
  facet normal 0 -1 0
    outer loop
      vertex 204.99 170.262 22
      vertex 206 170.262 27
      vertex 204.99 170.262 27
    endloop
  endfacet
  facet normal 0 -1 -0
    outer loop
      vertex 206 170.262 27
      vertex 204.99 170.262 22
      vertex 206 170.262 22
    endloop
  endfacet
  facet normal 0 -0.499924 -0.866069
    outer loop
      vertex 204.99 165.931 29.5
      vertex 206 170.262 27
      vertex 206 165.931 29.5
    endloop
  endfacet
  facet normal -0 -0.499924 -0.866069
    outer loop
      vertex 206 170.262 27
      vertex 204.99 165.931 29.5
      vertex 204.99 170.262 27
    endloop
  endfacet
  facet normal 0 0.500011 -0.866019
    outer loop
      vertex 204.99 161.601 27
      vertex 206 165.931 29.5
      vertex 206 161.601 27
    endloop
  endfacet
  facet normal 0 0.500011 -0.866019
    outer loop
      vertex 206 165.931 29.5
      vertex 204.99 161.601 27
      vertex 204.99 165.931 29.5
    endloop
  endfacet
  facet normal 0 1 -0
    outer loop
      vertex 206 161.601 22
      vertex 204.99 161.601 27
      vertex 206 161.601 27
    endloop
  endfacet
  facet normal 0 1 0
    outer loop
      vertex 204.99 161.601 27
      vertex 206 161.601 22
      vertex 204.99 161.601 22
    endloop
  endfacet
  facet normal -0 0.500011 0.866019
    outer loop
      vertex 204.99 165.931 19.5
      vertex 206 161.601 22
      vertex 206 165.931 19.5
    endloop
  endfacet
  facet normal 0 0.500011 0.866019
    outer loop
      vertex 206 161.601 22
      vertex 204.99 165.931 19.5
      vertex 204.99 161.601 22
    endloop
  endfacet
  facet normal 0 -0.499924 0.866069
    outer loop
      vertex 204.99 170.262 22
      vertex 206 165.931 19.5
      vertex 206 170.262 22
    endloop
  endfacet
  facet normal 0 -0.499924 0.866069
    outer loop
      vertex 206 165.931 19.5
      vertex 204.99 170.262 22
      vertex 204.99 165.931 19.5
    endloop
  endfacet
  facet normal 0 -1 0
    outer loop
      vertex 204.99 159.001 22
      vertex 206 159.001 27
      vertex 204.99 159.001 27
    endloop
  endfacet
  facet normal 0 -1 -0
    outer loop
      vertex 206 159.001 27
      vertex 204.99 159.001 22
      vertex 206 159.001 22
    endloop
  endfacet
  facet normal 0 -0.500011 -0.866019
    outer loop
      vertex 204.99 154.671 29.5
      vertex 206 159.001 27
      vertex 206 154.671 29.5
    endloop
  endfacet
  facet normal -0 -0.500011 -0.866019
    outer loop
      vertex 206 159.001 27
      vertex 204.99 154.671 29.5
      vertex 204.99 159.001 27
    endloop
  endfacet
  facet normal 0 0.500011 -0.866019
    outer loop
      vertex 204.99 150.341 27
      vertex 206 154.671 29.5
      vertex 206 150.341 27
    endloop
  endfacet
  facet normal 0 0.500011 -0.866019
    outer loop
      vertex 206 154.671 29.5
      vertex 204.99 150.341 27
      vertex 204.99 154.671 29.5
    endloop
  endfacet
  facet normal 0 1 -0
    outer loop
      vertex 206 150.341 22
      vertex 204.99 150.341 27
      vertex 206 150.341 27
    endloop
  endfacet
  facet normal 0 1 0
    outer loop
      vertex 204.99 150.341 27
      vertex 206 150.341 22
      vertex 204.99 150.341 22
    endloop
  endfacet
  facet normal -0 0.500011 0.866019
    outer loop
      vertex 204.99 154.671 19.5
      vertex 206 150.341 22
      vertex 206 154.671 19.5
    endloop
  endfacet
  facet normal 0 0.500011 0.866019
    outer loop
      vertex 206 150.341 22
      vertex 204.99 154.671 19.5
      vertex 204.99 150.341 22
    endloop
  endfacet
  facet normal 0 -0.500011 0.866019
    outer loop
      vertex 204.99 159.001 22
      vertex 206 154.671 19.5
      vertex 206 159.001 22
    endloop
  endfacet
  facet normal 0 -0.500011 0.866019
    outer loop
      vertex 206 154.671 19.5
      vertex 204.99 159.001 22
      vertex 204.99 154.671 19.5
    endloop
  endfacet
  facet normal 0 -1 0
    outer loop
      vertex 204.99 147.741 22
      vertex 206 147.741 27
      vertex 204.99 147.741 27
    endloop
  endfacet
  facet normal 0 -1 -0
    outer loop
      vertex 206 147.741 27
      vertex 204.99 147.741 22
      vertex 206 147.741 22
    endloop
  endfacet
  facet normal 0 -0.500011 -0.866019
    outer loop
      vertex 204.99 143.411 29.5
      vertex 206 147.741 27
      vertex 206 143.411 29.5
    endloop
  endfacet
  facet normal -0 -0.500011 -0.866019
    outer loop
      vertex 206 147.741 27
      vertex 204.99 143.411 29.5
      vertex 204.99 147.741 27
    endloop
  endfacet
  facet normal 0 0.500011 -0.866019
    outer loop
      vertex 204.99 139.081 27
      vertex 206 143.411 29.5
      vertex 206 139.081 27
    endloop
  endfacet
  facet normal 0 0.500011 -0.866019
    outer loop
      vertex 206 143.411 29.5
      vertex 204.99 139.081 27
      vertex 204.99 143.411 29.5
    endloop
  endfacet
  facet normal 0 1 -0
    outer loop
      vertex 206 139.081 22
      vertex 204.99 139.081 27
      vertex 206 139.081 27
    endloop
  endfacet
  facet normal 0 1 0
    outer loop
      vertex 204.99 139.081 27
      vertex 206 139.081 22
      vertex 204.99 139.081 22
    endloop
  endfacet
  facet normal -0 0.500011 0.866019
    outer loop
      vertex 204.99 143.411 19.5
      vertex 206 139.081 22
      vertex 206 143.411 19.5
    endloop
  endfacet
  facet normal 0 0.500011 0.866019
    outer loop
      vertex 206 139.081 22
      vertex 204.99 143.411 19.5
      vertex 204.99 139.081 22
    endloop
  endfacet
  facet normal 0 -0.500011 0.866019
    outer loop
      vertex 204.99 147.741 22
      vertex 206 143.411 19.5
      vertex 206 147.741 22
    endloop
  endfacet
  facet normal 0 -0.500011 0.866019
    outer loop
      vertex 206 143.411 19.5
      vertex 204.99 147.741 22
      vertex 204.99 143.411 19.5
    endloop
  endfacet
  facet normal 0 -1 0
    outer loop
      vertex 204.99 136.481 22
      vertex 206 136.481 27
      vertex 204.99 136.481 27
    endloop
  endfacet
  facet normal 0 -1 -0
    outer loop
      vertex 206 136.481 27
      vertex 204.99 136.481 22
      vertex 206 136.481 22
    endloop
  endfacet
  facet normal 0 -0.500011 -0.866019
    outer loop
      vertex 204.99 132.151 29.5
      vertex 206 136.481 27
      vertex 206 132.151 29.5
    endloop
  endfacet
  facet normal -0 -0.500011 -0.866019
    outer loop
      vertex 206 136.481 27
      vertex 204.99 132.151 29.5
      vertex 204.99 136.481 27
    endloop
  endfacet
  facet normal 0 0.500011 -0.866019
    outer loop
      vertex 204.99 127.821 27
      vertex 206 132.151 29.5
      vertex 206 127.821 27
    endloop
  endfacet
  facet normal 0 0.500011 -0.866019
    outer loop
      vertex 206 132.151 29.5
      vertex 204.99 127.821 27
      vertex 204.99 132.151 29.5
    endloop
  endfacet
  facet normal 0 1 -0
    outer loop
      vertex 206 127.821 22
      vertex 204.99 127.821 27
      vertex 206 127.821 27
    endloop
  endfacet
  facet normal 0 1 0
    outer loop
      vertex 204.99 127.821 27
      vertex 206 127.821 22
      vertex 204.99 127.821 22
    endloop
  endfacet
  facet normal -0 0.500011 0.866019
    outer loop
      vertex 204.99 132.151 19.5
      vertex 206 127.821 22
      vertex 206 132.151 19.5
    endloop
  endfacet
  facet normal 0 0.500011 0.866019
    outer loop
      vertex 206 127.821 22
      vertex 204.99 132.151 19.5
      vertex 204.99 127.821 22
    endloop
  endfacet
  facet normal 0 -0.500011 0.866019
    outer loop
      vertex 204.99 136.481 22
      vertex 206 132.151 19.5
      vertex 206 136.481 22
    endloop
  endfacet
  facet normal 0 -0.500011 0.866019
    outer loop
      vertex 206 132.151 19.5
      vertex 204.99 136.481 22
      vertex 204.99 132.151 19.5
    endloop
  endfacet
  facet normal 0 -1 0
    outer loop
      vertex 204.99 125.221 22
      vertex 206 125.221 27
      vertex 204.99 125.221 27
    endloop
  endfacet
  facet normal 0 -1 -0
    outer loop
      vertex 206 125.221 27
      vertex 204.99 125.221 22
      vertex 206 125.221 22
    endloop
  endfacet
  facet normal 0 -0.499924 -0.866069
    outer loop
      vertex 204.99 120.89 29.5
      vertex 206 125.221 27
      vertex 206 120.89 29.5
    endloop
  endfacet
  facet normal -0 -0.499924 -0.866069
    outer loop
      vertex 206 125.221 27
      vertex 204.99 120.89 29.5
      vertex 204.99 125.221 27
    endloop
  endfacet
  facet normal 0 0.500011 -0.866019
    outer loop
      vertex 204.99 116.56 27
      vertex 206 120.89 29.5
      vertex 206 116.56 27
    endloop
  endfacet
  facet normal 0 0.500011 -0.866019
    outer loop
      vertex 206 120.89 29.5
      vertex 204.99 116.56 27
      vertex 204.99 120.89 29.5
    endloop
  endfacet
  facet normal 0 1 -0
    outer loop
      vertex 206 116.56 22
      vertex 204.99 116.56 27
      vertex 206 116.56 27
    endloop
  endfacet
  facet normal 0 1 0
    outer loop
      vertex 204.99 116.56 27
      vertex 206 116.56 22
      vertex 204.99 116.56 22
    endloop
  endfacet
  facet normal -0 0.500011 0.866019
    outer loop
      vertex 204.99 120.89 19.5
      vertex 206 116.56 22
      vertex 206 120.89 19.5
    endloop
  endfacet
  facet normal 0 0.500011 0.866019
    outer loop
      vertex 206 116.56 22
      vertex 204.99 120.89 19.5
      vertex 204.99 116.56 22
    endloop
  endfacet
  facet normal 0 -0.499924 0.866069
    outer loop
      vertex 204.99 125.221 22
      vertex 206 120.89 19.5
      vertex 206 125.221 22
    endloop
  endfacet
  facet normal 0 -0.499924 0.866069
    outer loop
      vertex 206 120.89 19.5
      vertex 204.99 125.221 22
      vertex 204.99 120.89 19.5
    endloop
  endfacet
  facet normal 0 -1 0
    outer loop
      vertex 204.99 102.7 22
      vertex 206 102.7 27
      vertex 204.99 102.7 27
    endloop
  endfacet
  facet normal 0 -1 -0
    outer loop
      vertex 206 102.7 27
      vertex 204.99 102.7 22
      vertex 206 102.7 22
    endloop
  endfacet
  facet normal 0 -0.500002 -0.866024
    outer loop
      vertex 204.99 98.3699 29.5
      vertex 206 102.7 27
      vertex 206 98.3699 29.5
    endloop
  endfacet
  facet normal -0 -0.500002 -0.866024
    outer loop
      vertex 206 102.7 27
      vertex 204.99 98.3699 29.5
      vertex 204.99 102.7 27
    endloop
  endfacet
  facet normal 0 0.499994 -0.866029
    outer loop
      vertex 204.99 94.0397 27
      vertex 206 98.3699 29.5
      vertex 206 94.0397 27
    endloop
  endfacet
  facet normal 0 0.499994 -0.866029
    outer loop
      vertex 206 98.3699 29.5
      vertex 204.99 94.0397 27
      vertex 204.99 98.3699 29.5
    endloop
  endfacet
  facet normal 0 1 -0
    outer loop
      vertex 206 94.0397 22
      vertex 204.99 94.0397 27
      vertex 206 94.0397 27
    endloop
  endfacet
  facet normal 0 1 0
    outer loop
      vertex 204.99 94.0397 27
      vertex 206 94.0397 22
      vertex 204.99 94.0397 22
    endloop
  endfacet
  facet normal -0 0.499994 0.866029
    outer loop
      vertex 204.99 98.3699 19.5
      vertex 206 94.0397 22
      vertex 206 98.3699 19.5
    endloop
  endfacet
  facet normal 0 0.499994 0.866029
    outer loop
      vertex 206 94.0397 22
      vertex 204.99 98.3699 19.5
      vertex 204.99 94.0397 22
    endloop
  endfacet
  facet normal 0 -0.500002 0.866024
    outer loop
      vertex 204.99 102.7 22
      vertex 206 98.3699 19.5
      vertex 206 102.7 22
    endloop
  endfacet
  facet normal 0 -0.500002 0.866024
    outer loop
      vertex 206 98.3699 19.5
      vertex 204.99 102.7 22
      vertex 204.99 98.3699 19.5
    endloop
  endfacet
  facet normal 0 -1 0
    outer loop
      vertex 204.99 23.8782 22
      vertex 206 23.8782 27
      vertex 204.99 23.8782 27
    endloop
  endfacet
  facet normal 0 -1 -0
    outer loop
      vertex 206 23.8782 27
      vertex 204.99 23.8782 22
      vertex 206 23.8782 22
    endloop
  endfacet
  facet normal 0 -0.500002 -0.866024
    outer loop
      vertex 204.99 19.5481 29.5
      vertex 206 23.8782 27
      vertex 206 19.5481 29.5
    endloop
  endfacet
  facet normal -0 -0.500002 -0.866024
    outer loop
      vertex 206 23.8782 27
      vertex 204.99 19.5481 29.5
      vertex 204.99 23.8782 27
    endloop
  endfacet
  facet normal 0 0.500002 -0.866024
    outer loop
      vertex 204.99 15.218 27
      vertex 206 19.5481 29.5
      vertex 206 15.218 27
    endloop
  endfacet
  facet normal 0 0.500002 -0.866024
    outer loop
      vertex 206 19.5481 29.5
      vertex 204.99 15.218 27
      vertex 204.99 19.5481 29.5
    endloop
  endfacet
  facet normal 0 1 -0
    outer loop
      vertex 206 15.218 22
      vertex 204.99 15.218 27
      vertex 206 15.218 27
    endloop
  endfacet
  facet normal 0 1 0
    outer loop
      vertex 204.99 15.218 27
      vertex 206 15.218 22
      vertex 204.99 15.218 22
    endloop
  endfacet
  facet normal -0 0.500002 0.866024
    outer loop
      vertex 204.99 19.5481 19.5
      vertex 206 15.218 22
      vertex 206 19.5481 19.5
    endloop
  endfacet
  facet normal 0 0.500002 0.866024
    outer loop
      vertex 206 15.218 22
      vertex 204.99 19.5481 19.5
      vertex 204.99 15.218 22
    endloop
  endfacet
  facet normal 0 -0.500002 0.866024
    outer loop
      vertex 204.99 23.8782 22
      vertex 206 19.5481 19.5
      vertex 206 23.8782 22
    endloop
  endfacet
  facet normal 0 -0.500002 0.866024
    outer loop
      vertex 206 19.5481 19.5
      vertex 204.99 23.8782 22
      vertex 204.99 19.5481 19.5
    endloop
  endfacet
  facet normal 0 -1 0
    outer loop
      vertex 204.99 35.1385 22
      vertex 206 35.1385 27
      vertex 204.99 35.1385 27
    endloop
  endfacet
  facet normal 0 -1 -0
    outer loop
      vertex 206 35.1385 27
      vertex 204.99 35.1385 22
      vertex 206 35.1385 22
    endloop
  endfacet
  facet normal 0 -0.499994 -0.866029
    outer loop
      vertex 204.99 30.8083 29.5
      vertex 206 35.1385 27
      vertex 206 30.8083 29.5
    endloop
  endfacet
  facet normal -0 -0.499994 -0.866029
    outer loop
      vertex 206 35.1385 27
      vertex 204.99 30.8083 29.5
      vertex 204.99 35.1385 27
    endloop
  endfacet
  facet normal 0 0.500002 -0.866024
    outer loop
      vertex 204.99 26.4782 27
      vertex 206 30.8083 29.5
      vertex 206 26.4782 27
    endloop
  endfacet
  facet normal 0 0.500002 -0.866024
    outer loop
      vertex 206 30.8083 29.5
      vertex 204.99 26.4782 27
      vertex 204.99 30.8083 29.5
    endloop
  endfacet
  facet normal 0 1 -0
    outer loop
      vertex 206 26.4782 22
      vertex 204.99 26.4782 27
      vertex 206 26.4782 27
    endloop
  endfacet
  facet normal 0 1 0
    outer loop
      vertex 204.99 26.4782 27
      vertex 206 26.4782 22
      vertex 204.99 26.4782 22
    endloop
  endfacet
  facet normal -0 0.500002 0.866024
    outer loop
      vertex 204.99 30.8083 19.5
      vertex 206 26.4782 22
      vertex 206 30.8083 19.5
    endloop
  endfacet
  facet normal 0 0.500002 0.866024
    outer loop
      vertex 206 26.4782 22
      vertex 204.99 30.8083 19.5
      vertex 204.99 26.4782 22
    endloop
  endfacet
  facet normal 0 -0.499994 0.866029
    outer loop
      vertex 204.99 35.1385 22
      vertex 206 30.8083 19.5
      vertex 206 35.1385 22
    endloop
  endfacet
  facet normal 0 -0.499994 0.866029
    outer loop
      vertex 206 30.8083 19.5
      vertex 204.99 35.1385 22
      vertex 204.99 30.8083 19.5
    endloop
  endfacet
  facet normal 0 -1 0
    outer loop
      vertex 204.99 46.3987 22
      vertex 206 46.3987 27
      vertex 204.99 46.3987 27
    endloop
  endfacet
  facet normal 0 -1 -0
    outer loop
      vertex 206 46.3987 27
      vertex 204.99 46.3987 22
      vertex 206 46.3987 22
    endloop
  endfacet
  facet normal 0 -0.500002 -0.866024
    outer loop
      vertex 204.99 42.0686 29.5
      vertex 206 46.3987 27
      vertex 206 42.0686 29.5
    endloop
  endfacet
  facet normal -0 -0.500002 -0.866024
    outer loop
      vertex 206 46.3987 27
      vertex 204.99 42.0686 29.5
      vertex 204.99 46.3987 27
    endloop
  endfacet
  facet normal 0 0.500002 -0.866024
    outer loop
      vertex 204.99 37.7385 27
      vertex 206 42.0686 29.5
      vertex 206 37.7385 27
    endloop
  endfacet
  facet normal 0 0.500002 -0.866024
    outer loop
      vertex 206 42.0686 29.5
      vertex 204.99 37.7385 27
      vertex 204.99 42.0686 29.5
    endloop
  endfacet
  facet normal 0 1 -0
    outer loop
      vertex 206 37.7385 22
      vertex 204.99 37.7385 27
      vertex 206 37.7385 27
    endloop
  endfacet
  facet normal 0 1 0
    outer loop
      vertex 204.99 37.7385 27
      vertex 206 37.7385 22
      vertex 204.99 37.7385 22
    endloop
  endfacet
  facet normal -0 0.500002 0.866024
    outer loop
      vertex 204.99 42.0686 19.5
      vertex 206 37.7385 22
      vertex 206 42.0686 19.5
    endloop
  endfacet
  facet normal 0 0.500002 0.866024
    outer loop
      vertex 206 37.7385 22
      vertex 204.99 42.0686 19.5
      vertex 204.99 37.7385 22
    endloop
  endfacet
  facet normal 0 -0.500002 0.866024
    outer loop
      vertex 204.99 46.3987 22
      vertex 206 42.0686 19.5
      vertex 206 46.3987 22
    endloop
  endfacet
  facet normal 0 -0.500002 0.866024
    outer loop
      vertex 206 42.0686 19.5
      vertex 204.99 46.3987 22
      vertex 204.99 42.0686 19.5
    endloop
  endfacet
  facet normal 0 -1 0
    outer loop
      vertex 204.99 57.659 22
      vertex 206 57.659 27
      vertex 204.99 57.659 27
    endloop
  endfacet
  facet normal 0 -1 -0
    outer loop
      vertex 206 57.659 27
      vertex 204.99 57.659 22
      vertex 206 57.659 22
    endloop
  endfacet
  facet normal 0 -0.499994 -0.866029
    outer loop
      vertex 204.99 53.3288 29.5
      vertex 206 57.659 27
      vertex 206 53.3288 29.5
    endloop
  endfacet
  facet normal -0 -0.499994 -0.866029
    outer loop
      vertex 206 57.659 27
      vertex 204.99 53.3288 29.5
      vertex 204.99 57.659 27
    endloop
  endfacet
  facet normal 0 0.500002 -0.866024
    outer loop
      vertex 204.99 48.9987 27
      vertex 206 53.3288 29.5
      vertex 206 48.9987 27
    endloop
  endfacet
  facet normal 0 0.500002 -0.866024
    outer loop
      vertex 206 53.3288 29.5
      vertex 204.99 48.9987 27
      vertex 204.99 53.3288 29.5
    endloop
  endfacet
  facet normal 0 1 -0
    outer loop
      vertex 206 48.9987 22
      vertex 204.99 48.9987 27
      vertex 206 48.9987 27
    endloop
  endfacet
  facet normal 0 1 0
    outer loop
      vertex 204.99 48.9987 27
      vertex 206 48.9987 22
      vertex 204.99 48.9987 22
    endloop
  endfacet
  facet normal -0 0.500002 0.866024
    outer loop
      vertex 204.99 53.3288 19.5
      vertex 206 48.9987 22
      vertex 206 53.3288 19.5
    endloop
  endfacet
  facet normal 0 0.500002 0.866024
    outer loop
      vertex 206 48.9987 22
      vertex 204.99 53.3288 19.5
      vertex 204.99 48.9987 22
    endloop
  endfacet
  facet normal 0 -0.499994 0.866029
    outer loop
      vertex 204.99 57.659 22
      vertex 206 53.3288 19.5
      vertex 206 57.659 22
    endloop
  endfacet
  facet normal 0 -0.499994 0.866029
    outer loop
      vertex 206 53.3288 19.5
      vertex 204.99 57.659 22
      vertex 204.99 53.3288 19.5
    endloop
  endfacet
  facet normal 0 -1 0
    outer loop
      vertex 204.99 68.9192 22
      vertex 206 68.9192 27
      vertex 204.99 68.9192 27
    endloop
  endfacet
  facet normal 0 -1 -0
    outer loop
      vertex 206 68.9192 27
      vertex 204.99 68.9192 22
      vertex 206 68.9192 22
    endloop
  endfacet
  facet normal 0 -0.500002 -0.866024
    outer loop
      vertex 204.99 64.5891 29.5
      vertex 206 68.9192 27
      vertex 206 64.5891 29.5
    endloop
  endfacet
  facet normal -0 -0.500002 -0.866024
    outer loop
      vertex 206 68.9192 27
      vertex 204.99 64.5891 29.5
      vertex 204.99 68.9192 27
    endloop
  endfacet
  facet normal 0 0.500002 -0.866024
    outer loop
      vertex 204.99 60.259 27
      vertex 206 64.5891 29.5
      vertex 206 60.259 27
    endloop
  endfacet
  facet normal 0 0.500002 -0.866024
    outer loop
      vertex 206 64.5891 29.5
      vertex 204.99 60.259 27
      vertex 204.99 64.5891 29.5
    endloop
  endfacet
  facet normal 0 1 -0
    outer loop
      vertex 206 60.259 22
      vertex 204.99 60.259 27
      vertex 206 60.259 27
    endloop
  endfacet
  facet normal 0 1 0
    outer loop
      vertex 204.99 60.259 27
      vertex 206 60.259 22
      vertex 204.99 60.259 22
    endloop
  endfacet
  facet normal -0 0.500002 0.866024
    outer loop
      vertex 204.99 64.5891 19.5
      vertex 206 60.259 22
      vertex 206 64.5891 19.5
    endloop
  endfacet
  facet normal 0 0.500002 0.866024
    outer loop
      vertex 206 60.259 22
      vertex 204.99 64.5891 19.5
      vertex 204.99 60.259 22
    endloop
  endfacet
  facet normal 0 -0.500002 0.866024
    outer loop
      vertex 204.99 68.9192 22
      vertex 206 64.5891 19.5
      vertex 206 68.9192 22
    endloop
  endfacet
  facet normal 0 -0.500002 0.866024
    outer loop
      vertex 206 64.5891 19.5
      vertex 204.99 68.9192 22
      vertex 204.99 64.5891 19.5
    endloop
  endfacet
  facet normal 0 -1 0
    outer loop
      vertex 204.99 80.1795 22
      vertex 206 80.1795 27
      vertex 204.99 80.1795 27
    endloop
  endfacet
  facet normal 0 -1 -0
    outer loop
      vertex 206 80.1795 27
      vertex 204.99 80.1795 22
      vertex 206 80.1795 22
    endloop
  endfacet
  facet normal 0 -0.499994 -0.866029
    outer loop
      vertex 204.99 75.8493 29.5
      vertex 206 80.1795 27
      vertex 206 75.8493 29.5
    endloop
  endfacet
  facet normal -0 -0.499994 -0.866029
    outer loop
      vertex 206 80.1795 27
      vertex 204.99 75.8493 29.5
      vertex 204.99 80.1795 27
    endloop
  endfacet
  facet normal 0 0.500002 -0.866024
    outer loop
      vertex 204.99 71.5192 27
      vertex 206 75.8493 29.5
      vertex 206 71.5192 27
    endloop
  endfacet
  facet normal 0 0.500002 -0.866024
    outer loop
      vertex 206 75.8493 29.5
      vertex 204.99 71.5192 27
      vertex 204.99 75.8493 29.5
    endloop
  endfacet
  facet normal 0 1 -0
    outer loop
      vertex 206 71.5192 22
      vertex 204.99 71.5192 27
      vertex 206 71.5192 27
    endloop
  endfacet
  facet normal 0 1 0
    outer loop
      vertex 204.99 71.5192 27
      vertex 206 71.5192 22
      vertex 204.99 71.5192 22
    endloop
  endfacet
  facet normal -0 0.500002 0.866024
    outer loop
      vertex 204.99 75.8493 19.5
      vertex 206 71.5192 22
      vertex 206 75.8493 19.5
    endloop
  endfacet
  facet normal 0 0.500002 0.866024
    outer loop
      vertex 206 71.5192 22
      vertex 204.99 75.8493 19.5
      vertex 204.99 71.5192 22
    endloop
  endfacet
  facet normal 0 -0.499994 0.866029
    outer loop
      vertex 204.99 80.1795 22
      vertex 206 75.8493 19.5
      vertex 206 80.1795 22
    endloop
  endfacet
  facet normal 0 -0.499994 0.866029
    outer loop
      vertex 206 75.8493 19.5
      vertex 204.99 80.1795 22
      vertex 204.99 75.8493 19.5
    endloop
  endfacet
  facet normal 0 -1 0
    outer loop
      vertex 204.99 91.4397 22
      vertex 206 91.4397 27
      vertex 204.99 91.4397 27
    endloop
  endfacet
  facet normal 0 -1 -0
    outer loop
      vertex 206 91.4397 27
      vertex 204.99 91.4397 22
      vertex 206 91.4397 22
    endloop
  endfacet
  facet normal 0 -0.500002 -0.866024
    outer loop
      vertex 204.99 87.1096 29.5
      vertex 206 91.4397 27
      vertex 206 87.1096 29.5
    endloop
  endfacet
  facet normal -0 -0.500002 -0.866024
    outer loop
      vertex 206 91.4397 27
      vertex 204.99 87.1096 29.5
      vertex 204.99 91.4397 27
    endloop
  endfacet
  facet normal 0 0.500002 -0.866024
    outer loop
      vertex 204.99 82.7795 27
      vertex 206 87.1096 29.5
      vertex 206 82.7795 27
    endloop
  endfacet
  facet normal 0 0.500002 -0.866024
    outer loop
      vertex 206 87.1096 29.5
      vertex 204.99 82.7795 27
      vertex 204.99 87.1096 29.5
    endloop
  endfacet
  facet normal 0 1 -0
    outer loop
      vertex 206 82.7795 22
      vertex 204.99 82.7795 27
      vertex 206 82.7795 27
    endloop
  endfacet
  facet normal 0 1 0
    outer loop
      vertex 204.99 82.7795 27
      vertex 206 82.7795 22
      vertex 204.99 82.7795 22
    endloop
  endfacet
  facet normal -0 0.500002 0.866024
    outer loop
      vertex 204.99 87.1096 19.5
      vertex 206 82.7795 22
      vertex 206 87.1096 19.5
    endloop
  endfacet
  facet normal 0 0.500002 0.866024
    outer loop
      vertex 206 82.7795 22
      vertex 204.99 87.1096 19.5
      vertex 204.99 82.7795 22
    endloop
  endfacet
  facet normal 0 -0.500002 0.866024
    outer loop
      vertex 204.99 91.4397 22
      vertex 206 87.1096 19.5
      vertex 206 91.4397 22
    endloop
  endfacet
  facet normal 0 -0.500002 0.866024
    outer loop
      vertex 206 87.1096 19.5
      vertex 204.99 91.4397 22
      vertex 204.99 87.1096 19.5
    endloop
  endfacet
  facet normal 0 -1 0
    outer loop
      vertex 204.99 29.5083 12.2483
      vertex 206 29.5083 17.2483
      vertex 204.99 29.5083 17.2483
    endloop
  endfacet
  facet normal 0 -1 -0
    outer loop
      vertex 206 29.5083 17.2483
      vertex 204.99 29.5083 12.2483
      vertex 206 29.5083 12.2483
    endloop
  endfacet
  facet normal 0 -0.500002 -0.866024
    outer loop
      vertex 204.99 25.1782 19.7483
      vertex 206 29.5083 17.2483
      vertex 206 25.1782 19.7483
    endloop
  endfacet
  facet normal -0 -0.500002 -0.866024
    outer loop
      vertex 206 29.5083 17.2483
      vertex 204.99 25.1782 19.7483
      vertex 204.99 29.5083 17.2483
    endloop
  endfacet
  facet normal 0 0.500002 -0.866024
    outer loop
      vertex 204.99 20.8481 17.2483
      vertex 206 25.1782 19.7483
      vertex 206 20.8481 17.2483
    endloop
  endfacet
  facet normal 0 0.500002 -0.866024
    outer loop
      vertex 206 25.1782 19.7483
      vertex 204.99 20.8481 17.2483
      vertex 204.99 25.1782 19.7483
    endloop
  endfacet
  facet normal 0 1 -0
    outer loop
      vertex 206 20.8481 12.2483
      vertex 204.99 20.8481 17.2483
      vertex 206 20.8481 17.2483
    endloop
  endfacet
  facet normal 0 1 0
    outer loop
      vertex 204.99 20.8481 17.2483
      vertex 206 20.8481 12.2483
      vertex 204.99 20.8481 12.2483
    endloop
  endfacet
  facet normal -0 0.499999 0.866026
    outer loop
      vertex 204.99 25.1782 9.74832
      vertex 206 20.8481 12.2483
      vertex 206 25.1782 9.74832
    endloop
  endfacet
  facet normal 0 0.499999 0.866026
    outer loop
      vertex 206 20.8481 12.2483
      vertex 204.99 25.1782 9.74832
      vertex 204.99 20.8481 12.2483
    endloop
  endfacet
  facet normal 0 -0.499999 0.866026
    outer loop
      vertex 204.99 29.5083 12.2483
      vertex 206 25.1782 9.74832
      vertex 206 29.5083 12.2483
    endloop
  endfacet
  facet normal 0 -0.499999 0.866026
    outer loop
      vertex 206 25.1782 9.74832
      vertex 204.99 29.5083 12.2483
      vertex 204.99 25.1782 9.74832
    endloop
  endfacet
  facet normal 0 -1 0
    outer loop
      vertex 204.99 18.2481 12.2483
      vertex 206 18.2481 17.2483
      vertex 204.99 18.2481 17.2483
    endloop
  endfacet
  facet normal 0 -1 -0
    outer loop
      vertex 206 18.2481 17.2483
      vertex 204.99 18.2481 12.2483
      vertex 206 18.2481 12.2483
    endloop
  endfacet
  facet normal 0 -0.500002 -0.866024
    outer loop
      vertex 204.99 13.918 19.7483
      vertex 206 18.2481 17.2483
      vertex 206 13.918 19.7483
    endloop
  endfacet
  facet normal -0 -0.500002 -0.866024
    outer loop
      vertex 206 18.2481 17.2483
      vertex 204.99 13.918 19.7483
      vertex 204.99 18.2481 17.2483
    endloop
  endfacet
  facet normal 0 0.499996 -0.866028
    outer loop
      vertex 204.99 9.58783 17.2483
      vertex 206 13.918 19.7483
      vertex 206 9.58783 17.2483
    endloop
  endfacet
  facet normal 0 0.499996 -0.866028
    outer loop
      vertex 206 13.918 19.7483
      vertex 204.99 9.58783 17.2483
      vertex 204.99 13.918 19.7483
    endloop
  endfacet
  facet normal 0 1 -0
    outer loop
      vertex 206 9.58783 12.2483
      vertex 204.99 9.58783 17.2483
      vertex 206 9.58783 17.2483
    endloop
  endfacet
  facet normal 0 1 0
    outer loop
      vertex 204.99 9.58783 17.2483
      vertex 206 9.58783 12.2483
      vertex 204.99 9.58783 12.2483
    endloop
  endfacet
  facet normal -0 0.499993 0.866029
    outer loop
      vertex 204.99 13.918 9.74832
      vertex 206 9.58783 12.2483
      vertex 206 13.918 9.74832
    endloop
  endfacet
  facet normal 0 0.499993 0.866029
    outer loop
      vertex 206 9.58783 12.2483
      vertex 204.99 13.918 9.74832
      vertex 204.99 9.58783 12.2483
    endloop
  endfacet
  facet normal 0 -0.499999 0.866026
    outer loop
      vertex 204.99 18.2481 12.2483
      vertex 206 13.918 9.74832
      vertex 206 18.2481 12.2483
    endloop
  endfacet
  facet normal 0 -0.499999 0.866026
    outer loop
      vertex 206 13.918 9.74832
      vertex 204.99 18.2481 12.2483
      vertex 204.99 13.918 9.74832
    endloop
  endfacet
  facet normal 0 -1 0
    outer loop
      vertex 204.99 40.7686 12.2483
      vertex 206 40.7686 17.2483
      vertex 204.99 40.7686 17.2483
    endloop
  endfacet
  facet normal 0 -1 -0
    outer loop
      vertex 206 40.7686 17.2483
      vertex 204.99 40.7686 12.2483
      vertex 206 40.7686 12.2483
    endloop
  endfacet
  facet normal 0 -0.500002 -0.866024
    outer loop
      vertex 204.99 36.4385 19.7483
      vertex 206 40.7686 17.2483
      vertex 206 36.4385 19.7483
    endloop
  endfacet
  facet normal -0 -0.500002 -0.866024
    outer loop
      vertex 206 40.7686 17.2483
      vertex 204.99 36.4385 19.7483
      vertex 204.99 40.7686 17.2483
    endloop
  endfacet
  facet normal 0 0.499994 -0.866029
    outer loop
      vertex 204.99 32.1083 17.2483
      vertex 206 36.4385 19.7483
      vertex 206 32.1083 17.2483
    endloop
  endfacet
  facet normal 0 0.499994 -0.866029
    outer loop
      vertex 206 36.4385 19.7483
      vertex 204.99 32.1083 17.2483
      vertex 204.99 36.4385 19.7483
    endloop
  endfacet
  facet normal 0 1 -0
    outer loop
      vertex 206 32.1083 12.2483
      vertex 204.99 32.1083 17.2483
      vertex 206 32.1083 17.2483
    endloop
  endfacet
  facet normal 0 1 0
    outer loop
      vertex 204.99 32.1083 17.2483
      vertex 206 32.1083 12.2483
      vertex 204.99 32.1083 12.2483
    endloop
  endfacet
  facet normal -0 0.499991 0.866031
    outer loop
      vertex 204.99 36.4385 9.74832
      vertex 206 32.1083 12.2483
      vertex 206 36.4385 9.74832
    endloop
  endfacet
  facet normal 0 0.499991 0.866031
    outer loop
      vertex 206 32.1083 12.2483
      vertex 204.99 36.4385 9.74832
      vertex 204.99 32.1083 12.2483
    endloop
  endfacet
  facet normal 0 -0.499999 0.866026
    outer loop
      vertex 204.99 40.7686 12.2483
      vertex 206 36.4385 9.74832
      vertex 206 40.7686 12.2483
    endloop
  endfacet
  facet normal 0 -0.499999 0.866026
    outer loop
      vertex 206 36.4385 9.74832
      vertex 204.99 40.7686 12.2483
      vertex 204.99 36.4385 9.74832
    endloop
  endfacet
  facet normal 0 -1 0
    outer loop
      vertex 204.99 52.0288 12.2483
      vertex 206 52.0288 17.2483
      vertex 204.99 52.0288 17.2483
    endloop
  endfacet
  facet normal 0 -1 -0
    outer loop
      vertex 206 52.0288 17.2483
      vertex 204.99 52.0288 12.2483
      vertex 206 52.0288 12.2483
    endloop
  endfacet
  facet normal 0 -0.500002 -0.866024
    outer loop
      vertex 204.99 47.6987 19.7483
      vertex 206 52.0288 17.2483
      vertex 206 47.6987 19.7483
    endloop
  endfacet
  facet normal -0 -0.500002 -0.866024
    outer loop
      vertex 206 52.0288 17.2483
      vertex 204.99 47.6987 19.7483
      vertex 204.99 52.0288 17.2483
    endloop
  endfacet
  facet normal 0 0.500002 -0.866024
    outer loop
      vertex 204.99 43.3686 17.2483
      vertex 206 47.6987 19.7483
      vertex 206 43.3686 17.2483
    endloop
  endfacet
  facet normal 0 0.500002 -0.866024
    outer loop
      vertex 206 47.6987 19.7483
      vertex 204.99 43.3686 17.2483
      vertex 204.99 47.6987 19.7483
    endloop
  endfacet
  facet normal 0 1 -0
    outer loop
      vertex 206 43.3686 12.2483
      vertex 204.99 43.3686 17.2483
      vertex 206 43.3686 17.2483
    endloop
  endfacet
  facet normal 0 1 0
    outer loop
      vertex 204.99 43.3686 17.2483
      vertex 206 43.3686 12.2483
      vertex 204.99 43.3686 12.2483
    endloop
  endfacet
  facet normal -0 0.499999 0.866026
    outer loop
      vertex 204.99 47.6987 9.74832
      vertex 206 43.3686 12.2483
      vertex 206 47.6987 9.74832
    endloop
  endfacet
  facet normal 0 0.499999 0.866026
    outer loop
      vertex 206 43.3686 12.2483
      vertex 204.99 47.6987 9.74832
      vertex 204.99 43.3686 12.2483
    endloop
  endfacet
  facet normal 0 -0.499999 0.866026
    outer loop
      vertex 204.99 52.0288 12.2483
      vertex 206 47.6987 9.74832
      vertex 206 52.0288 12.2483
    endloop
  endfacet
  facet normal 0 -0.499999 0.866026
    outer loop
      vertex 206 47.6987 9.74832
      vertex 204.99 52.0288 12.2483
      vertex 204.99 47.6987 9.74832
    endloop
  endfacet
  facet normal 0 -1 0
    outer loop
      vertex 204.99 63.2891 12.2483
      vertex 206 63.2891 17.2483
      vertex 204.99 63.2891 17.2483
    endloop
  endfacet
  facet normal 0 -1 -0
    outer loop
      vertex 206 63.2891 17.2483
      vertex 204.99 63.2891 12.2483
      vertex 206 63.2891 12.2483
    endloop
  endfacet
  facet normal 0 -0.500002 -0.866024
    outer loop
      vertex 204.99 58.959 19.7483
      vertex 206 63.2891 17.2483
      vertex 206 58.959 19.7483
    endloop
  endfacet
  facet normal -0 -0.500002 -0.866024
    outer loop
      vertex 206 63.2891 17.2483
      vertex 204.99 58.959 19.7483
      vertex 204.99 63.2891 17.2483
    endloop
  endfacet
  facet normal 0 0.499994 -0.866029
    outer loop
      vertex 204.99 54.6288 17.2483
      vertex 206 58.959 19.7483
      vertex 206 54.6288 17.2483
    endloop
  endfacet
  facet normal 0 0.499994 -0.866029
    outer loop
      vertex 206 58.959 19.7483
      vertex 204.99 54.6288 17.2483
      vertex 204.99 58.959 19.7483
    endloop
  endfacet
  facet normal 0 1 -0
    outer loop
      vertex 206 54.6288 12.2483
      vertex 204.99 54.6288 17.2483
      vertex 206 54.6288 17.2483
    endloop
  endfacet
  facet normal 0 1 0
    outer loop
      vertex 204.99 54.6288 17.2483
      vertex 206 54.6288 12.2483
      vertex 204.99 54.6288 12.2483
    endloop
  endfacet
  facet normal -0 0.499991 0.866031
    outer loop
      vertex 204.99 58.959 9.74832
      vertex 206 54.6288 12.2483
      vertex 206 58.959 9.74832
    endloop
  endfacet
  facet normal 0 0.499991 0.866031
    outer loop
      vertex 206 54.6288 12.2483
      vertex 204.99 58.959 9.74832
      vertex 204.99 54.6288 12.2483
    endloop
  endfacet
  facet normal 0 -0.499999 0.866026
    outer loop
      vertex 204.99 63.2891 12.2483
      vertex 206 58.959 9.74832
      vertex 206 63.2891 12.2483
    endloop
  endfacet
  facet normal 0 -0.499999 0.866026
    outer loop
      vertex 206 58.959 9.74832
      vertex 204.99 63.2891 12.2483
      vertex 204.99 58.959 9.74832
    endloop
  endfacet
  facet normal 0 -1 0
    outer loop
      vertex 204.99 74.5493 12.2483
      vertex 206 74.5493 17.2483
      vertex 204.99 74.5493 17.2483
    endloop
  endfacet
  facet normal 0 -1 -0
    outer loop
      vertex 206 74.5493 17.2483
      vertex 204.99 74.5493 12.2483
      vertex 206 74.5493 12.2483
    endloop
  endfacet
  facet normal 0 -0.500002 -0.866024
    outer loop
      vertex 204.99 70.2192 19.7483
      vertex 206 74.5493 17.2483
      vertex 206 70.2192 19.7483
    endloop
  endfacet
  facet normal -0 -0.500002 -0.866024
    outer loop
      vertex 206 74.5493 17.2483
      vertex 204.99 70.2192 19.7483
      vertex 204.99 74.5493 17.2483
    endloop
  endfacet
  facet normal 0 0.500002 -0.866024
    outer loop
      vertex 204.99 65.8891 17.2483
      vertex 206 70.2192 19.7483
      vertex 206 65.8891 17.2483
    endloop
  endfacet
  facet normal 0 0.500002 -0.866024
    outer loop
      vertex 206 70.2192 19.7483
      vertex 204.99 65.8891 17.2483
      vertex 204.99 70.2192 19.7483
    endloop
  endfacet
  facet normal 0 1 -0
    outer loop
      vertex 206 65.8891 12.2483
      vertex 204.99 65.8891 17.2483
      vertex 206 65.8891 17.2483
    endloop
  endfacet
  facet normal 0 1 0
    outer loop
      vertex 204.99 65.8891 17.2483
      vertex 206 65.8891 12.2483
      vertex 204.99 65.8891 12.2483
    endloop
  endfacet
  facet normal -0 0.499999 0.866026
    outer loop
      vertex 204.99 70.2192 9.74832
      vertex 206 65.8891 12.2483
      vertex 206 70.2192 9.74832
    endloop
  endfacet
  facet normal 0 0.499999 0.866026
    outer loop
      vertex 206 65.8891 12.2483
      vertex 204.99 70.2192 9.74832
      vertex 204.99 65.8891 12.2483
    endloop
  endfacet
  facet normal 0 -0.499999 0.866026
    outer loop
      vertex 204.99 74.5493 12.2483
      vertex 206 70.2192 9.74832
      vertex 206 74.5493 12.2483
    endloop
  endfacet
  facet normal 0 -0.499999 0.866026
    outer loop
      vertex 206 70.2192 9.74832
      vertex 204.99 74.5493 12.2483
      vertex 204.99 70.2192 9.74832
    endloop
  endfacet
  facet normal 0 -1 0
    outer loop
      vertex 204.99 85.8096 12.2483
      vertex 206 85.8096 17.2483
      vertex 204.99 85.8096 17.2483
    endloop
  endfacet
  facet normal 0 -1 -0
    outer loop
      vertex 206 85.8096 17.2483
      vertex 204.99 85.8096 12.2483
      vertex 206 85.8096 12.2483
    endloop
  endfacet
  facet normal 0 -0.500002 -0.866024
    outer loop
      vertex 204.99 81.4795 19.7483
      vertex 206 85.8096 17.2483
      vertex 206 81.4795 19.7483
    endloop
  endfacet
  facet normal -0 -0.500002 -0.866024
    outer loop
      vertex 206 85.8096 17.2483
      vertex 204.99 81.4795 19.7483
      vertex 204.99 85.8096 17.2483
    endloop
  endfacet
  facet normal 0 0.500002 -0.866024
    outer loop
      vertex 204.99 77.1494 17.2483
      vertex 206 81.4795 19.7483
      vertex 206 77.1494 17.2483
    endloop
  endfacet
  facet normal 0 0.500002 -0.866024
    outer loop
      vertex 206 81.4795 19.7483
      vertex 204.99 77.1494 17.2483
      vertex 204.99 81.4795 19.7483
    endloop
  endfacet
  facet normal 0 1 -0
    outer loop
      vertex 206 77.1494 12.2483
      vertex 204.99 77.1494 17.2483
      vertex 206 77.1494 17.2483
    endloop
  endfacet
  facet normal 0 1 0
    outer loop
      vertex 204.99 77.1494 17.2483
      vertex 206 77.1494 12.2483
      vertex 204.99 77.1494 12.2483
    endloop
  endfacet
  facet normal -0 0.499999 0.866026
    outer loop
      vertex 204.99 81.4795 9.74832
      vertex 206 77.1494 12.2483
      vertex 206 81.4795 9.74832
    endloop
  endfacet
  facet normal 0 0.499999 0.866026
    outer loop
      vertex 206 77.1494 12.2483
      vertex 204.99 81.4795 9.74832
      vertex 204.99 77.1494 12.2483
    endloop
  endfacet
  facet normal 0 -0.499999 0.866026
    outer loop
      vertex 204.99 85.8096 12.2483
      vertex 206 81.4795 9.74832
      vertex 206 85.8096 12.2483
    endloop
  endfacet
  facet normal 0 -0.499999 0.866026
    outer loop
      vertex 206 81.4795 9.74832
      vertex 204.99 85.8096 12.2483
      vertex 204.99 81.4795 9.74832
    endloop
  endfacet
  facet normal 0 -1 0
    outer loop
      vertex 204.99 97.0699 12.2483
      vertex 206 97.0699 17.2483
      vertex 204.99 97.0699 17.2483
    endloop
  endfacet
  facet normal 0 -1 -0
    outer loop
      vertex 206 97.0699 17.2483
      vertex 204.99 97.0699 12.2483
      vertex 206 97.0699 12.2483
    endloop
  endfacet
  facet normal 0 -0.499994 -0.866029
    outer loop
      vertex 204.99 92.7397 19.7483
      vertex 206 97.0699 17.2483
      vertex 206 92.7397 19.7483
    endloop
  endfacet
  facet normal -0 -0.499994 -0.866029
    outer loop
      vertex 206 97.0699 17.2483
      vertex 204.99 92.7397 19.7483
      vertex 204.99 97.0699 17.2483
    endloop
  endfacet
  facet normal 0 0.500002 -0.866024
    outer loop
      vertex 204.99 88.4096 17.2483
      vertex 206 92.7397 19.7483
      vertex 206 88.4096 17.2483
    endloop
  endfacet
  facet normal 0 0.500002 -0.866024
    outer loop
      vertex 206 92.7397 19.7483
      vertex 204.99 88.4096 17.2483
      vertex 204.99 92.7397 19.7483
    endloop
  endfacet
  facet normal 0 1 -0
    outer loop
      vertex 206 88.4096 12.2483
      vertex 204.99 88.4096 17.2483
      vertex 206 88.4096 17.2483
    endloop
  endfacet
  facet normal 0 1 0
    outer loop
      vertex 204.99 88.4096 17.2483
      vertex 206 88.4096 12.2483
      vertex 204.99 88.4096 12.2483
    endloop
  endfacet
  facet normal -0 0.499999 0.866026
    outer loop
      vertex 204.99 92.7397 9.74832
      vertex 206 88.4096 12.2483
      vertex 206 92.7397 9.74832
    endloop
  endfacet
  facet normal 0 0.499999 0.866026
    outer loop
      vertex 206 88.4096 12.2483
      vertex 204.99 92.7397 9.74832
      vertex 204.99 88.4096 12.2483
    endloop
  endfacet
  facet normal 0 -0.499991 0.866031
    outer loop
      vertex 204.99 97.0699 12.2483
      vertex 206 92.7397 9.74832
      vertex 206 97.0699 12.2483
    endloop
  endfacet
  facet normal 0 -0.499991 0.866031
    outer loop
      vertex 206 92.7397 9.74832
      vertex 204.99 97.0699 12.2483
      vertex 204.99 92.7397 9.74832
    endloop
  endfacet
  facet normal 0 -1 0
    outer loop
      vertex 204.99 108.33 12.2483
      vertex 206 108.33 17.2483
      vertex 204.99 108.33 17.2483
    endloop
  endfacet
  facet normal 0 -1 -0
    outer loop
      vertex 206 108.33 17.2483
      vertex 204.99 108.33 12.2483
      vertex 206 108.33 12.2483
    endloop
  endfacet
  facet normal 0 -0.500011 -0.866019
    outer loop
      vertex 204.99 104 19.7483
      vertex 206 108.33 17.2483
      vertex 206 104 19.7483
    endloop
  endfacet
  facet normal -0 -0.500011 -0.866019
    outer loop
      vertex 206 108.33 17.2483
      vertex 204.99 104 19.7483
      vertex 204.99 108.33 17.2483
    endloop
  endfacet
  facet normal 0 0.500002 -0.866024
    outer loop
      vertex 204.99 99.6699 17.2483
      vertex 206 104 19.7483
      vertex 206 99.6699 17.2483
    endloop
  endfacet
  facet normal 0 0.500002 -0.866024
    outer loop
      vertex 206 104 19.7483
      vertex 204.99 99.6699 17.2483
      vertex 204.99 104 19.7483
    endloop
  endfacet
  facet normal 0 1 -0
    outer loop
      vertex 206 99.6699 12.2483
      vertex 204.99 99.6699 17.2483
      vertex 206 99.6699 17.2483
    endloop
  endfacet
  facet normal 0 1 0
    outer loop
      vertex 204.99 99.6699 17.2483
      vertex 206 99.6699 12.2483
      vertex 204.99 99.6699 12.2483
    endloop
  endfacet
  facet normal -0 0.499999 0.866026
    outer loop
      vertex 204.99 104 9.74832
      vertex 206 99.6699 12.2483
      vertex 206 104 9.74832
    endloop
  endfacet
  facet normal 0 0.499999 0.866026
    outer loop
      vertex 206 99.6699 12.2483
      vertex 204.99 104 9.74832
      vertex 204.99 99.6699 12.2483
    endloop
  endfacet
  facet normal 0 -0.500008 0.866021
    outer loop
      vertex 204.99 108.33 12.2483
      vertex 206 104 9.74832
      vertex 206 108.33 12.2483
    endloop
  endfacet
  facet normal 0 -0.500008 0.866021
    outer loop
      vertex 206 104 9.74832
      vertex 204.99 108.33 12.2483
      vertex 204.99 104 9.74832
    endloop
  endfacet
  facet normal 0 -1 0
    outer loop
      vertex 204.99 119.59 12.2483
      vertex 206 119.59 17.2483
      vertex 204.99 119.59 17.2483
    endloop
  endfacet
  facet normal 0 -1 -0
    outer loop
      vertex 206 119.59 17.2483
      vertex 204.99 119.59 12.2483
      vertex 206 119.59 12.2483
    endloop
  endfacet
  facet normal 0 -0.500011 -0.866019
    outer loop
      vertex 204.99 115.26 19.7483
      vertex 206 119.59 17.2483
      vertex 206 115.26 19.7483
    endloop
  endfacet
  facet normal -0 -0.500011 -0.866019
    outer loop
      vertex 206 119.59 17.2483
      vertex 204.99 115.26 19.7483
      vertex 204.99 119.59 17.2483
    endloop
  endfacet
  facet normal 0 0.500011 -0.866019
    outer loop
      vertex 204.99 110.93 17.2483
      vertex 206 115.26 19.7483
      vertex 206 110.93 17.2483
    endloop
  endfacet
  facet normal 0 0.500011 -0.866019
    outer loop
      vertex 206 115.26 19.7483
      vertex 204.99 110.93 17.2483
      vertex 204.99 115.26 19.7483
    endloop
  endfacet
  facet normal 0 1 -0
    outer loop
      vertex 206 110.93 12.2483
      vertex 204.99 110.93 17.2483
      vertex 206 110.93 17.2483
    endloop
  endfacet
  facet normal 0 1 0
    outer loop
      vertex 204.99 110.93 17.2483
      vertex 206 110.93 12.2483
      vertex 204.99 110.93 12.2483
    endloop
  endfacet
  facet normal -0 0.500008 0.866021
    outer loop
      vertex 204.99 115.26 9.74832
      vertex 206 110.93 12.2483
      vertex 206 115.26 9.74832
    endloop
  endfacet
  facet normal 0 0.500008 0.866021
    outer loop
      vertex 206 110.93 12.2483
      vertex 204.99 115.26 9.74832
      vertex 204.99 110.93 12.2483
    endloop
  endfacet
  facet normal 0 -0.500008 0.866021
    outer loop
      vertex 204.99 119.59 12.2483
      vertex 206 115.26 9.74832
      vertex 206 119.59 12.2483
    endloop
  endfacet
  facet normal 0 -0.500008 0.866021
    outer loop
      vertex 206 115.26 9.74832
      vertex 204.99 119.59 12.2483
      vertex 204.99 115.26 9.74832
    endloop
  endfacet
  facet normal 0 -1 0
    outer loop
      vertex 204.99 130.851 12.2483
      vertex 206 130.851 17.2483
      vertex 204.99 130.851 17.2483
    endloop
  endfacet
  facet normal 0 -1 -0
    outer loop
      vertex 206 130.851 17.2483
      vertex 204.99 130.851 12.2483
      vertex 206 130.851 12.2483
    endloop
  endfacet
  facet normal 0 -0.500011 -0.866019
    outer loop
      vertex 204.99 126.521 19.7483
      vertex 206 130.851 17.2483
      vertex 206 126.521 19.7483
    endloop
  endfacet
  facet normal -0 -0.500011 -0.866019
    outer loop
      vertex 206 130.851 17.2483
      vertex 204.99 126.521 19.7483
      vertex 204.99 130.851 17.2483
    endloop
  endfacet
  facet normal 0 0.499924 -0.866069
    outer loop
      vertex 204.99 122.19 17.2483
      vertex 206 126.521 19.7483
      vertex 206 122.19 17.2483
    endloop
  endfacet
  facet normal 0 0.499924 -0.866069
    outer loop
      vertex 206 126.521 19.7483
      vertex 204.99 122.19 17.2483
      vertex 204.99 126.521 19.7483
    endloop
  endfacet
  facet normal 0 1 -0
    outer loop
      vertex 206 122.19 12.2483
      vertex 204.99 122.19 17.2483
      vertex 206 122.19 17.2483
    endloop
  endfacet
  facet normal 0 1 0
    outer loop
      vertex 204.99 122.19 17.2483
      vertex 206 122.19 12.2483
      vertex 204.99 122.19 12.2483
    endloop
  endfacet
  facet normal -0 0.499921 0.866071
    outer loop
      vertex 204.99 126.521 9.74832
      vertex 206 122.19 12.2483
      vertex 206 126.521 9.74832
    endloop
  endfacet
  facet normal 0 0.499921 0.866071
    outer loop
      vertex 206 122.19 12.2483
      vertex 204.99 126.521 9.74832
      vertex 204.99 122.19 12.2483
    endloop
  endfacet
  facet normal 0 -0.500008 0.866021
    outer loop
      vertex 204.99 130.851 12.2483
      vertex 206 126.521 9.74832
      vertex 206 130.851 12.2483
    endloop
  endfacet
  facet normal 0 -0.500008 0.866021
    outer loop
      vertex 206 126.521 9.74832
      vertex 204.99 130.851 12.2483
      vertex 204.99 126.521 9.74832
    endloop
  endfacet
  facet normal 0 -1 0
    outer loop
      vertex 204.99 142.111 12.2483
      vertex 206 142.111 17.2483
      vertex 204.99 142.111 17.2483
    endloop
  endfacet
  facet normal 0 -1 -0
    outer loop
      vertex 206 142.111 17.2483
      vertex 204.99 142.111 12.2483
      vertex 206 142.111 12.2483
    endloop
  endfacet
  facet normal 0 -0.500011 -0.866019
    outer loop
      vertex 204.99 137.781 19.7483
      vertex 206 142.111 17.2483
      vertex 206 137.781 19.7483
    endloop
  endfacet
  facet normal -0 -0.500011 -0.866019
    outer loop
      vertex 206 142.111 17.2483
      vertex 204.99 137.781 19.7483
      vertex 204.99 142.111 17.2483
    endloop
  endfacet
  facet normal 0 0.500011 -0.866019
    outer loop
      vertex 204.99 133.451 17.2483
      vertex 206 137.781 19.7483
      vertex 206 133.451 17.2483
    endloop
  endfacet
  facet normal 0 0.500011 -0.866019
    outer loop
      vertex 206 137.781 19.7483
      vertex 204.99 133.451 17.2483
      vertex 204.99 137.781 19.7483
    endloop
  endfacet
  facet normal 0 1 -0
    outer loop
      vertex 206 133.451 12.2483
      vertex 204.99 133.451 17.2483
      vertex 206 133.451 17.2483
    endloop
  endfacet
  facet normal 0 1 0
    outer loop
      vertex 204.99 133.451 17.2483
      vertex 206 133.451 12.2483
      vertex 204.99 133.451 12.2483
    endloop
  endfacet
  facet normal -0 0.500008 0.866021
    outer loop
      vertex 204.99 137.781 9.74832
      vertex 206 133.451 12.2483
      vertex 206 137.781 9.74832
    endloop
  endfacet
  facet normal 0 0.500008 0.866021
    outer loop
      vertex 206 133.451 12.2483
      vertex 204.99 137.781 9.74832
      vertex 204.99 133.451 12.2483
    endloop
  endfacet
  facet normal 0 -0.500008 0.866021
    outer loop
      vertex 204.99 142.111 12.2483
      vertex 206 137.781 9.74832
      vertex 206 142.111 12.2483
    endloop
  endfacet
  facet normal 0 -0.500008 0.866021
    outer loop
      vertex 206 137.781 9.74832
      vertex 204.99 142.111 12.2483
      vertex 204.99 137.781 9.74832
    endloop
  endfacet
  facet normal 0 -1 0
    outer loop
      vertex 204.99 153.371 12.2483
      vertex 206 153.371 17.2483
      vertex 204.99 153.371 17.2483
    endloop
  endfacet
  facet normal 0 -1 -0
    outer loop
      vertex 206 153.371 17.2483
      vertex 204.99 153.371 12.2483
      vertex 206 153.371 12.2483
    endloop
  endfacet
  facet normal 0 -0.500011 -0.866019
    outer loop
      vertex 204.99 149.041 19.7483
      vertex 206 153.371 17.2483
      vertex 206 149.041 19.7483
    endloop
  endfacet
  facet normal -0 -0.500011 -0.866019
    outer loop
      vertex 206 153.371 17.2483
      vertex 204.99 149.041 19.7483
      vertex 204.99 153.371 17.2483
    endloop
  endfacet
  facet normal 0 0.500011 -0.866019
    outer loop
      vertex 204.99 144.711 17.2483
      vertex 206 149.041 19.7483
      vertex 206 144.711 17.2483
    endloop
  endfacet
  facet normal 0 0.500011 -0.866019
    outer loop
      vertex 206 149.041 19.7483
      vertex 204.99 144.711 17.2483
      vertex 204.99 149.041 19.7483
    endloop
  endfacet
  facet normal 0 1 -0
    outer loop
      vertex 206 144.711 12.2483
      vertex 204.99 144.711 17.2483
      vertex 206 144.711 17.2483
    endloop
  endfacet
  facet normal 0 1 0
    outer loop
      vertex 204.99 144.711 17.2483
      vertex 206 144.711 12.2483
      vertex 204.99 144.711 12.2483
    endloop
  endfacet
  facet normal -0 0.500008 0.866021
    outer loop
      vertex 204.99 149.041 9.74832
      vertex 206 144.711 12.2483
      vertex 206 149.041 9.74832
    endloop
  endfacet
  facet normal 0 0.500008 0.866021
    outer loop
      vertex 206 144.711 12.2483
      vertex 204.99 149.041 9.74832
      vertex 204.99 144.711 12.2483
    endloop
  endfacet
  facet normal 0 -0.500008 0.866021
    outer loop
      vertex 204.99 153.371 12.2483
      vertex 206 149.041 9.74832
      vertex 206 153.371 12.2483
    endloop
  endfacet
  facet normal 0 -0.500008 0.866021
    outer loop
      vertex 206 149.041 9.74832
      vertex 204.99 153.371 12.2483
      vertex 204.99 149.041 9.74832
    endloop
  endfacet
  facet normal 0 -1 0
    outer loop
      vertex 204.99 164.631 12.2483
      vertex 206 164.631 17.2483
      vertex 204.99 164.631 17.2483
    endloop
  endfacet
  facet normal 0 -1 -0
    outer loop
      vertex 206 164.631 17.2483
      vertex 204.99 164.631 12.2483
      vertex 206 164.631 12.2483
    endloop
  endfacet
  facet normal 0 -0.500011 -0.866019
    outer loop
      vertex 204.99 160.301 19.7483
      vertex 206 164.631 17.2483
      vertex 206 160.301 19.7483
    endloop
  endfacet
  facet normal -0 -0.500011 -0.866019
    outer loop
      vertex 206 164.631 17.2483
      vertex 204.99 160.301 19.7483
      vertex 204.99 164.631 17.2483
    endloop
  endfacet
  facet normal 0 0.500011 -0.866019
    outer loop
      vertex 204.99 155.971 17.2483
      vertex 206 160.301 19.7483
      vertex 206 155.971 17.2483
    endloop
  endfacet
  facet normal 0 0.500011 -0.866019
    outer loop
      vertex 206 160.301 19.7483
      vertex 204.99 155.971 17.2483
      vertex 204.99 160.301 19.7483
    endloop
  endfacet
  facet normal 0 1 -0
    outer loop
      vertex 206 155.971 12.2483
      vertex 204.99 155.971 17.2483
      vertex 206 155.971 17.2483
    endloop
  endfacet
  facet normal 0 1 0
    outer loop
      vertex 204.99 155.971 17.2483
      vertex 206 155.971 12.2483
      vertex 204.99 155.971 12.2483
    endloop
  endfacet
  facet normal -0 0.500008 0.866021
    outer loop
      vertex 204.99 160.301 9.74832
      vertex 206 155.971 12.2483
      vertex 206 160.301 9.74832
    endloop
  endfacet
  facet normal 0 0.500008 0.866021
    outer loop
      vertex 206 155.971 12.2483
      vertex 204.99 160.301 9.74832
      vertex 204.99 155.971 12.2483
    endloop
  endfacet
  facet normal 0 -0.500008 0.866021
    outer loop
      vertex 204.99 164.631 12.2483
      vertex 206 160.301 9.74832
      vertex 206 164.631 12.2483
    endloop
  endfacet
  facet normal 0 -0.500008 0.866021
    outer loop
      vertex 206 160.301 9.74832
      vertex 204.99 164.631 12.2483
      vertex 204.99 160.301 9.74832
    endloop
  endfacet
  facet normal 0 -1 0
    outer loop
      vertex 204.99 175.892 12.2483
      vertex 206 175.892 17.2483
      vertex 204.99 175.892 17.2483
    endloop
  endfacet
  facet normal 0 -1 -0
    outer loop
      vertex 206 175.892 17.2483
      vertex 204.99 175.892 12.2483
      vertex 206 175.892 12.2483
    endloop
  endfacet
  facet normal 0 -0.500011 -0.866019
    outer loop
      vertex 204.99 171.562 19.7483
      vertex 206 175.892 17.2483
      vertex 206 171.562 19.7483
    endloop
  endfacet
  facet normal -0 -0.500011 -0.866019
    outer loop
      vertex 206 175.892 17.2483
      vertex 204.99 171.562 19.7483
      vertex 204.99 175.892 17.2483
    endloop
  endfacet
  facet normal 0 0.499924 -0.866069
    outer loop
      vertex 204.99 167.231 17.2483
      vertex 206 171.562 19.7483
      vertex 206 167.231 17.2483
    endloop
  endfacet
  facet normal 0 0.499924 -0.866069
    outer loop
      vertex 206 171.562 19.7483
      vertex 204.99 167.231 17.2483
      vertex 204.99 171.562 19.7483
    endloop
  endfacet
  facet normal 0 1 -0
    outer loop
      vertex 206 167.231 12.2483
      vertex 204.99 167.231 17.2483
      vertex 206 167.231 17.2483
    endloop
  endfacet
  facet normal 0 1 0
    outer loop
      vertex 204.99 167.231 17.2483
      vertex 206 167.231 12.2483
      vertex 204.99 167.231 12.2483
    endloop
  endfacet
  facet normal -0 0.499921 0.866071
    outer loop
      vertex 204.99 171.562 9.74832
      vertex 206 167.231 12.2483
      vertex 206 171.562 9.74832
    endloop
  endfacet
  facet normal 0 0.499921 0.866071
    outer loop
      vertex 206 167.231 12.2483
      vertex 204.99 171.562 9.74832
      vertex 204.99 167.231 12.2483
    endloop
  endfacet
  facet normal 0 -0.500008 0.866021
    outer loop
      vertex 204.99 175.892 12.2483
      vertex 206 171.562 9.74832
      vertex 206 175.892 12.2483
    endloop
  endfacet
  facet normal 0 -0.500008 0.866021
    outer loop
      vertex 206 171.562 9.74832
      vertex 204.99 175.892 12.2483
      vertex 204.99 171.562 9.74832
    endloop
  endfacet
  facet normal 0 -1 0
    outer loop
      vertex 204.99 187.152 12.2483
      vertex 206 187.152 17.2483
      vertex 204.99 187.152 17.2483
    endloop
  endfacet
  facet normal 0 -1 -0
    outer loop
      vertex 206 187.152 17.2483
      vertex 204.99 187.152 12.2483
      vertex 206 187.152 12.2483
    endloop
  endfacet
  facet normal 0 -0.500011 -0.866019
    outer loop
      vertex 204.99 182.822 19.7483
      vertex 206 187.152 17.2483
      vertex 206 182.822 19.7483
    endloop
  endfacet
  facet normal -0 -0.500011 -0.866019
    outer loop
      vertex 206 187.152 17.2483
      vertex 204.99 182.822 19.7483
      vertex 204.99 187.152 17.2483
    endloop
  endfacet
  facet normal 0 0.500011 -0.866019
    outer loop
      vertex 204.99 178.492 17.2483
      vertex 206 182.822 19.7483
      vertex 206 178.492 17.2483
    endloop
  endfacet
  facet normal 0 0.500011 -0.866019
    outer loop
      vertex 206 182.822 19.7483
      vertex 204.99 178.492 17.2483
      vertex 204.99 182.822 19.7483
    endloop
  endfacet
  facet normal 0 1 -0
    outer loop
      vertex 206 178.492 12.2483
      vertex 204.99 178.492 17.2483
      vertex 206 178.492 17.2483
    endloop
  endfacet
  facet normal 0 1 0
    outer loop
      vertex 204.99 178.492 17.2483
      vertex 206 178.492 12.2483
      vertex 204.99 178.492 12.2483
    endloop
  endfacet
  facet normal -0 0.500008 0.866021
    outer loop
      vertex 204.99 182.822 9.74832
      vertex 206 178.492 12.2483
      vertex 206 182.822 9.74832
    endloop
  endfacet
  facet normal 0 0.500008 0.866021
    outer loop
      vertex 206 178.492 12.2483
      vertex 204.99 182.822 9.74832
      vertex 204.99 178.492 12.2483
    endloop
  endfacet
  facet normal 0 -0.500008 0.866021
    outer loop
      vertex 204.99 187.152 12.2483
      vertex 206 182.822 9.74832
      vertex 206 187.152 12.2483
    endloop
  endfacet
  facet normal 0 -0.500008 0.866021
    outer loop
      vertex 206 182.822 9.74832
      vertex 204.99 187.152 12.2483
      vertex 204.99 182.822 9.74832
    endloop
  endfacet
  facet normal 0 -1 0
    outer loop
      vertex 204.99 198.412 12.2483
      vertex 206 198.412 17.2483
      vertex 204.99 198.412 17.2483
    endloop
  endfacet
  facet normal 0 -1 -0
    outer loop
      vertex 206 198.412 17.2483
      vertex 204.99 198.412 12.2483
      vertex 206 198.412 12.2483
    endloop
  endfacet
  facet normal 0 -0.500011 -0.866019
    outer loop
      vertex 204.99 194.082 19.7483
      vertex 206 198.412 17.2483
      vertex 206 194.082 19.7483
    endloop
  endfacet
  facet normal -0 -0.500011 -0.866019
    outer loop
      vertex 206 198.412 17.2483
      vertex 204.99 194.082 19.7483
      vertex 204.99 198.412 17.2483
    endloop
  endfacet
  facet normal 0 0.500011 -0.866019
    outer loop
      vertex 204.99 189.752 17.2483
      vertex 206 194.082 19.7483
      vertex 206 189.752 17.2483
    endloop
  endfacet
  facet normal 0 0.500011 -0.866019
    outer loop
      vertex 206 194.082 19.7483
      vertex 204.99 189.752 17.2483
      vertex 204.99 194.082 19.7483
    endloop
  endfacet
  facet normal 0 1 -0
    outer loop
      vertex 206 189.752 12.2483
      vertex 204.99 189.752 17.2483
      vertex 206 189.752 17.2483
    endloop
  endfacet
  facet normal 0 1 0
    outer loop
      vertex 204.99 189.752 17.2483
      vertex 206 189.752 12.2483
      vertex 204.99 189.752 12.2483
    endloop
  endfacet
  facet normal -0 0.500008 0.866021
    outer loop
      vertex 204.99 194.082 9.74832
      vertex 206 189.752 12.2483
      vertex 206 194.082 9.74832
    endloop
  endfacet
  facet normal 0 0.500008 0.866021
    outer loop
      vertex 206 189.752 12.2483
      vertex 204.99 194.082 9.74832
      vertex 204.99 189.752 12.2483
    endloop
  endfacet
  facet normal 0 -0.500008 0.866021
    outer loop
      vertex 204.99 198.412 12.2483
      vertex 206 194.082 9.74832
      vertex 206 198.412 12.2483
    endloop
  endfacet
  facet normal 0 -0.500008 0.866021
    outer loop
      vertex 206 194.082 9.74832
      vertex 204.99 198.412 12.2483
      vertex 204.99 194.082 9.74832
    endloop
  endfacet
  facet normal 1 -0 0
    outer loop
      vertex 206 0 60
      vertex 206 6 57
      vertex 206 6 60
    endloop
  endfacet
  facet normal 1 0 0
    outer loop
      vertex 206 2 53
      vertex 206 0 60
      vertex 206 2 49.4667
    endloop
  endfacet
  facet normal 1 0 0
    outer loop
      vertex 206 6 57
      vertex 206 0 60
      vertex 206 2 53
    endloop
  endfacet
  facet normal 1 0 0
    outer loop
      vertex 206 15.218 22
      vertex 206 18.2481 17.2483
      vertex 206 19.5481 19.5
    endloop
  endfacet
  facet normal 1 0 0
    outer loop
      vertex 206 15.218 22
      vertex 206 13.918 19.7483
      vertex 206 18.2481 17.2483
    endloop
  endfacet
  facet normal 1 0 0
    outer loop
      vertex 206 13.918 29.2517
      vertex 206 13.918 19.7483
      vertex 206 15.218 22
    endloop
  endfacet
  facet normal 1 0 0
    outer loop
      vertex 206 9.58783 31.7517
      vertex 206 13.918 19.7483
      vertex 206 13.918 29.2517
    endloop
  endfacet
  facet normal 1 0 0
    outer loop
      vertex 206 13.918 19.7483
      vertex 206 9.58783 31.7517
      vertex 206 9.58783 17.2483
    endloop
  endfacet
  facet normal 1 0 0
    outer loop
      vertex 206 20.8481 31.7517
      vertex 206 18.2481 31.7517
      vertex 206 19.5481 29.5
    endloop
  endfacet
  facet normal 1 0 0
    outer loop
      vertex 206 18.2481 31.7517
      vertex 206 15.218 27
      vertex 206 19.5481 29.5
    endloop
  endfacet
  facet normal 1 0 0
    outer loop
      vertex 206 15.218 27
      vertex 206 13.918 29.2517
      vertex 206 15.218 22
    endloop
  endfacet
  facet normal 1 -0 0
    outer loop
      vertex 206 13.918 29.2517
      vertex 206 15.218 27
      vertex 206 18.2481 31.7517
    endloop
  endfacet
  facet normal 1 0 0
    outer loop
      vertex 206 26.4782 22
      vertex 206 23.8782 22
      vertex 206 25.1782 19.7483
    endloop
  endfacet
  facet normal 1 0 0
    outer loop
      vertex 206 23.8782 22
      vertex 206 20.8481 17.2483
      vertex 206 25.1782 19.7483
    endloop
  endfacet
  facet normal 1 0 0
    outer loop
      vertex 206 18.2481 17.2483
      vertex 206 20.8481 17.2483
      vertex 206 19.5481 19.5
    endloop
  endfacet
  facet normal 1 -0 0
    outer loop
      vertex 206 19.5481 19.5
      vertex 206 20.8481 17.2483
      vertex 206 23.8782 22
    endloop
  endfacet
  facet normal 1 0 0
    outer loop
      vertex 206 26.4782 22
      vertex 206 29.5083 17.2483
      vertex 206 30.8083 19.5
    endloop
  endfacet
  facet normal 1 0 0
    outer loop
      vertex 206 26.4782 22
      vertex 206 25.1782 19.7483
      vertex 206 29.5083 17.2483
    endloop
  endfacet
  facet normal 1 0 0
    outer loop
      vertex 206 26.4782 27
      vertex 206 23.8782 27
      vertex 206 26.4782 22
    endloop
  endfacet
  facet normal 1 0 0
    outer loop
      vertex 206 23.8782 22
      vertex 206 26.4782 22
      vertex 206 23.8782 27
    endloop
  endfacet
  facet normal 1 0 0
    outer loop
      vertex 206 20.8481 31.7517
      vertex 206 23.8782 27
      vertex 206 25.1782 29.2517
    endloop
  endfacet
  facet normal 1 0 0
    outer loop
      vertex 206 23.8782 27
      vertex 206 20.8481 31.7517
      vertex 206 19.5481 29.5
    endloop
  endfacet
  facet normal 1 0 0
    outer loop
      vertex 206 32.1083 31.7517
      vertex 206 29.5083 31.7517
      vertex 206 30.8083 29.5
    endloop
  endfacet
  facet normal 1 0 0
    outer loop
      vertex 206 29.5083 31.7517
      vertex 206 26.4782 27
      vertex 206 30.8083 29.5
    endloop
  endfacet
  facet normal 1 0 0
    outer loop
      vertex 206 23.8782 27
      vertex 206 26.4782 27
      vertex 206 25.1782 29.2517
    endloop
  endfacet
  facet normal 1 -0 0
    outer loop
      vertex 206 25.1782 29.2517
      vertex 206 26.4782 27
      vertex 206 29.5083 31.7517
    endloop
  endfacet
  facet normal 1 0 0
    outer loop
      vertex 206 37.7385 22
      vertex 206 35.1385 22
      vertex 206 36.4385 19.7483
    endloop
  endfacet
  facet normal 1 0 0
    outer loop
      vertex 206 35.1385 22
      vertex 206 32.1083 17.2483
      vertex 206 36.4385 19.7483
    endloop
  endfacet
  facet normal 1 0 0
    outer loop
      vertex 206 29.5083 17.2483
      vertex 206 32.1083 17.2483
      vertex 206 30.8083 19.5
    endloop
  endfacet
  facet normal 1 -0 0
    outer loop
      vertex 206 30.8083 19.5
      vertex 206 32.1083 17.2483
      vertex 206 35.1385 22
    endloop
  endfacet
  facet normal 1 0 0
    outer loop
      vertex 206 37.7385 22
      vertex 206 40.7686 17.2483
      vertex 206 42.0686 19.5
    endloop
  endfacet
  facet normal 1 0 0
    outer loop
      vertex 206 37.7385 22
      vertex 206 36.4385 19.7483
      vertex 206 40.7686 17.2483
    endloop
  endfacet
  facet normal 1 0 0
    outer loop
      vertex 206 37.7385 27
      vertex 206 35.1385 27
      vertex 206 37.7385 22
    endloop
  endfacet
  facet normal 1 0 0
    outer loop
      vertex 206 35.1385 22
      vertex 206 37.7385 22
      vertex 206 35.1385 27
    endloop
  endfacet
  facet normal 1 0 0
    outer loop
      vertex 206 32.1083 31.7517
      vertex 206 35.1385 27
      vertex 206 36.4385 29.2517
    endloop
  endfacet
  facet normal 1 0 0
    outer loop
      vertex 206 35.1385 27
      vertex 206 32.1083 31.7517
      vertex 206 30.8083 29.5
    endloop
  endfacet
  facet normal 1 0 0
    outer loop
      vertex 206 43.3686 31.7517
      vertex 206 40.7686 31.7517
      vertex 206 42.0686 29.5
    endloop
  endfacet
  facet normal 1 0 0
    outer loop
      vertex 206 40.7686 31.7517
      vertex 206 37.7385 27
      vertex 206 42.0686 29.5
    endloop
  endfacet
  facet normal 1 0 0
    outer loop
      vertex 206 35.1385 27
      vertex 206 37.7385 27
      vertex 206 36.4385 29.2517
    endloop
  endfacet
  facet normal 1 -0 0
    outer loop
      vertex 206 36.4385 29.2517
      vertex 206 37.7385 27
      vertex 206 40.7686 31.7517
    endloop
  endfacet
  facet normal 1 0 0
    outer loop
      vertex 206 48.9987 22
      vertex 206 46.3987 22
      vertex 206 47.6987 19.7483
    endloop
  endfacet
  facet normal 1 0 0
    outer loop
      vertex 206 46.3987 22
      vertex 206 43.3686 17.2483
      vertex 206 47.6987 19.7483
    endloop
  endfacet
  facet normal 1 0 0
    outer loop
      vertex 206 40.7686 17.2483
      vertex 206 43.3686 17.2483
      vertex 206 42.0686 19.5
    endloop
  endfacet
  facet normal 1 -0 0
    outer loop
      vertex 206 42.0686 19.5
      vertex 206 43.3686 17.2483
      vertex 206 46.3987 22
    endloop
  endfacet
  facet normal 1 0 0
    outer loop
      vertex 206 48.9987 22
      vertex 206 52.0288 17.2483
      vertex 206 53.3288 19.5
    endloop
  endfacet
  facet normal 1 0 0
    outer loop
      vertex 206 48.9987 22
      vertex 206 47.6987 19.7483
      vertex 206 52.0288 17.2483
    endloop
  endfacet
  facet normal 1 0 0
    outer loop
      vertex 206 48.9987 27
      vertex 206 46.3987 27
      vertex 206 48.9987 22
    endloop
  endfacet
  facet normal 1 0 0
    outer loop
      vertex 206 46.3987 22
      vertex 206 48.9987 22
      vertex 206 46.3987 27
    endloop
  endfacet
  facet normal 1 0 0
    outer loop
      vertex 206 43.3686 31.7517
      vertex 206 46.3987 27
      vertex 206 47.6987 29.2517
    endloop
  endfacet
  facet normal 1 0 0
    outer loop
      vertex 206 46.3987 27
      vertex 206 43.3686 31.7517
      vertex 206 42.0686 29.5
    endloop
  endfacet
  facet normal 1 0 0
    outer loop
      vertex 206 54.6288 31.7517
      vertex 206 52.0288 31.7517
      vertex 206 53.3288 29.5
    endloop
  endfacet
  facet normal 1 0 0
    outer loop
      vertex 206 52.0288 31.7517
      vertex 206 48.9987 27
      vertex 206 53.3288 29.5
    endloop
  endfacet
  facet normal 1 0 0
    outer loop
      vertex 206 46.3987 27
      vertex 206 48.9987 27
      vertex 206 47.6987 29.2517
    endloop
  endfacet
  facet normal 1 -0 0
    outer loop
      vertex 206 47.6987 29.2517
      vertex 206 48.9987 27
      vertex 206 52.0288 31.7517
    endloop
  endfacet
  facet normal 1 0 0
    outer loop
      vertex 206 60.259 22
      vertex 206 57.659 22
      vertex 206 58.959 19.7483
    endloop
  endfacet
  facet normal 1 0 0
    outer loop
      vertex 206 57.659 22
      vertex 206 54.6288 17.2483
      vertex 206 58.959 19.7483
    endloop
  endfacet
  facet normal 1 0 0
    outer loop
      vertex 206 52.0288 17.2483
      vertex 206 54.6288 17.2483
      vertex 206 53.3288 19.5
    endloop
  endfacet
  facet normal 1 -0 0
    outer loop
      vertex 206 53.3288 19.5
      vertex 206 54.6288 17.2483
      vertex 206 57.659 22
    endloop
  endfacet
  facet normal 1 0 0
    outer loop
      vertex 206 60.259 22
      vertex 206 63.2891 17.2483
      vertex 206 64.5891 19.5
    endloop
  endfacet
  facet normal 1 0 0
    outer loop
      vertex 206 60.259 22
      vertex 206 58.959 19.7483
      vertex 206 63.2891 17.2483
    endloop
  endfacet
  facet normal 1 0 0
    outer loop
      vertex 206 60.259 27
      vertex 206 57.659 27
      vertex 206 60.259 22
    endloop
  endfacet
  facet normal 1 0 0
    outer loop
      vertex 206 57.659 22
      vertex 206 60.259 22
      vertex 206 57.659 27
    endloop
  endfacet
  facet normal 1 0 0
    outer loop
      vertex 206 54.6288 31.7517
      vertex 206 57.659 27
      vertex 206 58.959 29.2517
    endloop
  endfacet
  facet normal 1 0 0
    outer loop
      vertex 206 57.659 27
      vertex 206 54.6288 31.7517
      vertex 206 53.3288 29.5
    endloop
  endfacet
  facet normal 1 0 0
    outer loop
      vertex 206 65.8891 31.7517
      vertex 206 63.2891 31.7517
      vertex 206 64.5891 29.5
    endloop
  endfacet
  facet normal 1 0 0
    outer loop
      vertex 206 63.2891 31.7517
      vertex 206 60.259 27
      vertex 206 64.5891 29.5
    endloop
  endfacet
  facet normal 1 0 0
    outer loop
      vertex 206 57.659 27
      vertex 206 60.259 27
      vertex 206 58.959 29.2517
    endloop
  endfacet
  facet normal 1 -0 0
    outer loop
      vertex 206 58.959 29.2517
      vertex 206 60.259 27
      vertex 206 63.2891 31.7517
    endloop
  endfacet
  facet normal 1 0 0
    outer loop
      vertex 206 71.5192 22
      vertex 206 68.9192 22
      vertex 206 70.2192 19.7483
    endloop
  endfacet
  facet normal 1 0 0
    outer loop
      vertex 206 68.9192 22
      vertex 206 65.8891 17.2483
      vertex 206 70.2192 19.7483
    endloop
  endfacet
  facet normal 1 0 0
    outer loop
      vertex 206 63.2891 17.2483
      vertex 206 65.8891 17.2483
      vertex 206 64.5891 19.5
    endloop
  endfacet
  facet normal 1 -0 0
    outer loop
      vertex 206 64.5891 19.5
      vertex 206 65.8891 17.2483
      vertex 206 68.9192 22
    endloop
  endfacet
  facet normal 1 0 0
    outer loop
      vertex 206 71.5192 22
      vertex 206 74.5493 17.2483
      vertex 206 75.8493 19.5
    endloop
  endfacet
  facet normal 1 0 0
    outer loop
      vertex 206 71.5192 22
      vertex 206 70.2192 19.7483
      vertex 206 74.5493 17.2483
    endloop
  endfacet
  facet normal 1 0 0
    outer loop
      vertex 206 71.5192 27
      vertex 206 68.9192 27
      vertex 206 71.5192 22
    endloop
  endfacet
  facet normal 1 0 0
    outer loop
      vertex 206 68.9192 22
      vertex 206 71.5192 22
      vertex 206 68.9192 27
    endloop
  endfacet
  facet normal 1 0 0
    outer loop
      vertex 206 65.8891 31.7517
      vertex 206 68.9192 27
      vertex 206 70.2192 29.2517
    endloop
  endfacet
  facet normal 1 0 0
    outer loop
      vertex 206 68.9192 27
      vertex 206 65.8891 31.7517
      vertex 206 64.5891 29.5
    endloop
  endfacet
  facet normal 1 0 0
    outer loop
      vertex 206 77.1494 31.7517
      vertex 206 74.5493 31.7517
      vertex 206 75.8493 29.5
    endloop
  endfacet
  facet normal 1 0 0
    outer loop
      vertex 206 74.5493 31.7517
      vertex 206 71.5192 27
      vertex 206 75.8493 29.5
    endloop
  endfacet
  facet normal 1 0 0
    outer loop
      vertex 206 68.9192 27
      vertex 206 71.5192 27
      vertex 206 70.2192 29.2517
    endloop
  endfacet
  facet normal 1 -0 0
    outer loop
      vertex 206 70.2192 29.2517
      vertex 206 71.5192 27
      vertex 206 74.5493 31.7517
    endloop
  endfacet
  facet normal 1 0 0
    outer loop
      vertex 206 82.7795 22
      vertex 206 80.1795 22
      vertex 206 81.4795 19.7483
    endloop
  endfacet
  facet normal 1 0 0
    outer loop
      vertex 206 80.1795 22
      vertex 206 77.1494 17.2483
      vertex 206 81.4795 19.7483
    endloop
  endfacet
  facet normal 1 0 0
    outer loop
      vertex 206 74.5493 17.2483
      vertex 206 77.1494 17.2483
      vertex 206 75.8493 19.5
    endloop
  endfacet
  facet normal 1 -0 0
    outer loop
      vertex 206 75.8493 19.5
      vertex 206 77.1494 17.2483
      vertex 206 80.1795 22
    endloop
  endfacet
  facet normal 1 0 0
    outer loop
      vertex 206 82.7795 22
      vertex 206 85.8096 17.2483
      vertex 206 87.1096 19.5
    endloop
  endfacet
  facet normal 1 0 0
    outer loop
      vertex 206 82.7795 22
      vertex 206 81.4795 19.7483
      vertex 206 85.8096 17.2483
    endloop
  endfacet
  facet normal 1 0 0
    outer loop
      vertex 206 82.7795 27
      vertex 206 80.1795 27
      vertex 206 82.7795 22
    endloop
  endfacet
  facet normal 1 0 0
    outer loop
      vertex 206 80.1795 22
      vertex 206 82.7795 22
      vertex 206 80.1795 27
    endloop
  endfacet
  facet normal 1 0 0
    outer loop
      vertex 206 77.1494 31.7517
      vertex 206 80.1795 27
      vertex 206 81.4795 29.2517
    endloop
  endfacet
  facet normal 1 0 0
    outer loop
      vertex 206 80.1795 27
      vertex 206 77.1494 31.7517
      vertex 206 75.8493 29.5
    endloop
  endfacet
  facet normal 1 0 0
    outer loop
      vertex 206 88.4096 31.7517
      vertex 206 85.8096 31.7517
      vertex 206 87.1096 29.5
    endloop
  endfacet
  facet normal 1 0 0
    outer loop
      vertex 206 85.8096 31.7517
      vertex 206 82.7795 27
      vertex 206 87.1096 29.5
    endloop
  endfacet
  facet normal 1 0 0
    outer loop
      vertex 206 80.1795 27
      vertex 206 82.7795 27
      vertex 206 81.4795 29.2517
    endloop
  endfacet
  facet normal 1 -0 0
    outer loop
      vertex 206 81.4795 29.2517
      vertex 206 82.7795 27
      vertex 206 85.8096 31.7517
    endloop
  endfacet
  facet normal 1 0 0
    outer loop
      vertex 206 94.0397 22
      vertex 206 91.4397 22
      vertex 206 92.7397 19.7483
    endloop
  endfacet
  facet normal 1 0 0
    outer loop
      vertex 206 91.4397 22
      vertex 206 88.4096 17.2483
      vertex 206 92.7397 19.7483
    endloop
  endfacet
  facet normal 1 0 0
    outer loop
      vertex 206 85.8096 17.2483
      vertex 206 88.4096 17.2483
      vertex 206 87.1096 19.5
    endloop
  endfacet
  facet normal 1 -0 0
    outer loop
      vertex 206 87.1096 19.5
      vertex 206 88.4096 17.2483
      vertex 206 91.4397 22
    endloop
  endfacet
  facet normal 1 0 0
    outer loop
      vertex 206 94.0397 22
      vertex 206 97.0699 17.2483
      vertex 206 98.3699 19.5
    endloop
  endfacet
  facet normal 1 0 0
    outer loop
      vertex 206 94.0397 22
      vertex 206 92.7397 19.7483
      vertex 206 97.0699 17.2483
    endloop
  endfacet
  facet normal 1 0 0
    outer loop
      vertex 206 94.0397 27
      vertex 206 91.4397 27
      vertex 206 94.0397 22
    endloop
  endfacet
  facet normal 1 0 0
    outer loop
      vertex 206 91.4397 22
      vertex 206 94.0397 22
      vertex 206 91.4397 27
    endloop
  endfacet
  facet normal 1 0 0
    outer loop
      vertex 206 88.4096 31.7517
      vertex 206 91.4397 27
      vertex 206 92.7397 29.2517
    endloop
  endfacet
  facet normal 1 0 0
    outer loop
      vertex 206 91.4397 27
      vertex 206 88.4096 31.7517
      vertex 206 87.1096 29.5
    endloop
  endfacet
  facet normal 1 0 0
    outer loop
      vertex 206 99.6699 31.7517
      vertex 206 97.0699 31.7517
      vertex 206 98.3699 29.5
    endloop
  endfacet
  facet normal 1 0 0
    outer loop
      vertex 206 97.0699 31.7517
      vertex 206 94.0397 27
      vertex 206 98.3699 29.5
    endloop
  endfacet
  facet normal 1 0 0
    outer loop
      vertex 206 91.4397 27
      vertex 206 94.0397 27
      vertex 206 92.7397 29.2517
    endloop
  endfacet
  facet normal 1 -0 0
    outer loop
      vertex 206 92.7397 29.2517
      vertex 206 94.0397 27
      vertex 206 97.0699 31.7517
    endloop
  endfacet
  facet normal 1 0 0
    outer loop
      vertex 206 105.3 22
      vertex 206 102.7 22
      vertex 206 104 19.7483
    endloop
  endfacet
  facet normal 1 0 0
    outer loop
      vertex 206 102.7 22
      vertex 206 99.6699 17.2483
      vertex 206 104 19.7483
    endloop
  endfacet
  facet normal 1 0 0
    outer loop
      vertex 206 97.0699 17.2483
      vertex 206 99.6699 17.2483
      vertex 206 98.3699 19.5
    endloop
  endfacet
  facet normal 1 -0 0
    outer loop
      vertex 206 98.3699 19.5
      vertex 206 99.6699 17.2483
      vertex 206 102.7 22
    endloop
  endfacet
  facet normal 1 0 0
    outer loop
      vertex 206 105.3 22
      vertex 206 108.33 17.2483
      vertex 206 109.63 19.5
    endloop
  endfacet
  facet normal 1 0 0
    outer loop
      vertex 206 105.3 22
      vertex 206 104 19.7483
      vertex 206 108.33 17.2483
    endloop
  endfacet
  facet normal 1 0 0
    outer loop
      vertex 206 105.3 27
      vertex 206 102.7 27
      vertex 206 105.3 22
    endloop
  endfacet
  facet normal 1 0 0
    outer loop
      vertex 206 102.7 22
      vertex 206 105.3 22
      vertex 206 102.7 27
    endloop
  endfacet
  facet normal 1 0 0
    outer loop
      vertex 206 99.6699 31.7517
      vertex 206 102.7 27
      vertex 206 104 29.2517
    endloop
  endfacet
  facet normal 1 0 0
    outer loop
      vertex 206 102.7 27
      vertex 206 99.6699 31.7517
      vertex 206 98.3699 29.5
    endloop
  endfacet
  facet normal 1 0 0
    outer loop
      vertex 206 110.93 31.7517
      vertex 206 108.33 31.7517
      vertex 206 109.63 29.5
    endloop
  endfacet
  facet normal 1 0 0
    outer loop
      vertex 206 108.33 31.7517
      vertex 206 105.3 27
      vertex 206 109.63 29.5
    endloop
  endfacet
  facet normal 1 0 0
    outer loop
      vertex 206 102.7 27
      vertex 206 105.3 27
      vertex 206 104 29.2517
    endloop
  endfacet
  facet normal 1 -0 0
    outer loop
      vertex 206 104 29.2517
      vertex 206 105.3 27
      vertex 206 108.33 31.7517
    endloop
  endfacet
  facet normal 1 0 0
    outer loop
      vertex 206 116.56 22
      vertex 206 113.96 22
      vertex 206 115.26 19.7483
    endloop
  endfacet
  facet normal 1 0 0
    outer loop
      vertex 206 113.96 22
      vertex 206 110.93 17.2483
      vertex 206 115.26 19.7483
    endloop
  endfacet
  facet normal 1 0 0
    outer loop
      vertex 206 108.33 17.2483
      vertex 206 110.93 17.2483
      vertex 206 109.63 19.5
    endloop
  endfacet
  facet normal 1 -0 0
    outer loop
      vertex 206 109.63 19.5
      vertex 206 110.93 17.2483
      vertex 206 113.96 22
    endloop
  endfacet
  facet normal 1 0 0
    outer loop
      vertex 206 116.56 22
      vertex 206 119.59 17.2483
      vertex 206 120.89 19.5
    endloop
  endfacet
  facet normal 1 0 0
    outer loop
      vertex 206 116.56 22
      vertex 206 115.26 19.7483
      vertex 206 119.59 17.2483
    endloop
  endfacet
  facet normal 1 0 0
    outer loop
      vertex 206 116.56 27
      vertex 206 113.96 27
      vertex 206 116.56 22
    endloop
  endfacet
  facet normal 1 0 0
    outer loop
      vertex 206 113.96 22
      vertex 206 116.56 22
      vertex 206 113.96 27
    endloop
  endfacet
  facet normal 1 0 0
    outer loop
      vertex 206 110.93 31.7517
      vertex 206 113.96 27
      vertex 206 115.26 29.2517
    endloop
  endfacet
  facet normal 1 0 0
    outer loop
      vertex 206 113.96 27
      vertex 206 110.93 31.7517
      vertex 206 109.63 29.5
    endloop
  endfacet
  facet normal 1 0 0
    outer loop
      vertex 206 122.19 31.7517
      vertex 206 119.59 31.7517
      vertex 206 120.89 29.5
    endloop
  endfacet
  facet normal 1 0 0
    outer loop
      vertex 206 119.59 31.7517
      vertex 206 116.56 27
      vertex 206 120.89 29.5
    endloop
  endfacet
  facet normal 1 0 0
    outer loop
      vertex 206 113.96 27
      vertex 206 116.56 27
      vertex 206 115.26 29.2517
    endloop
  endfacet
  facet normal 1 -0 0
    outer loop
      vertex 206 115.26 29.2517
      vertex 206 116.56 27
      vertex 206 119.59 31.7517
    endloop
  endfacet
  facet normal 1 0 0
    outer loop
      vertex 206 127.821 22
      vertex 206 125.221 22
      vertex 206 126.521 19.7483
    endloop
  endfacet
  facet normal 1 0 0
    outer loop
      vertex 206 125.221 22
      vertex 206 122.19 17.2483
      vertex 206 126.521 19.7483
    endloop
  endfacet
  facet normal 1 0 0
    outer loop
      vertex 206 119.59 17.2483
      vertex 206 122.19 17.2483
      vertex 206 120.89 19.5
    endloop
  endfacet
  facet normal 1 -0 0
    outer loop
      vertex 206 120.89 19.5
      vertex 206 122.19 17.2483
      vertex 206 125.221 22
    endloop
  endfacet
  facet normal 1 0 0
    outer loop
      vertex 206 127.821 22
      vertex 206 130.851 17.2483
      vertex 206 132.151 19.5
    endloop
  endfacet
  facet normal 1 0 0
    outer loop
      vertex 206 127.821 22
      vertex 206 126.521 19.7483
      vertex 206 130.851 17.2483
    endloop
  endfacet
  facet normal 1 0 0
    outer loop
      vertex 206 127.821 27
      vertex 206 125.221 27
      vertex 206 127.821 22
    endloop
  endfacet
  facet normal 1 0 0
    outer loop
      vertex 206 125.221 22
      vertex 206 127.821 22
      vertex 206 125.221 27
    endloop
  endfacet
  facet normal 1 0 0
    outer loop
      vertex 206 122.19 31.7517
      vertex 206 125.221 27
      vertex 206 126.521 29.2517
    endloop
  endfacet
  facet normal 1 0 0
    outer loop
      vertex 206 125.221 27
      vertex 206 122.19 31.7517
      vertex 206 120.89 29.5
    endloop
  endfacet
  facet normal 1 0 0
    outer loop
      vertex 206 133.451 31.7517
      vertex 206 130.851 31.7517
      vertex 206 132.151 29.5
    endloop
  endfacet
  facet normal 1 0 0
    outer loop
      vertex 206 130.851 31.7517
      vertex 206 127.821 27
      vertex 206 132.151 29.5
    endloop
  endfacet
  facet normal 1 0 0
    outer loop
      vertex 206 125.221 27
      vertex 206 127.821 27
      vertex 206 126.521 29.2517
    endloop
  endfacet
  facet normal 1 -0 0
    outer loop
      vertex 206 126.521 29.2517
      vertex 206 127.821 27
      vertex 206 130.851 31.7517
    endloop
  endfacet
  facet normal 1 0 0
    outer loop
      vertex 206 139.081 22
      vertex 206 136.481 22
      vertex 206 137.781 19.7483
    endloop
  endfacet
  facet normal 1 0 0
    outer loop
      vertex 206 136.481 22
      vertex 206 133.451 17.2483
      vertex 206 137.781 19.7483
    endloop
  endfacet
  facet normal 1 0 0
    outer loop
      vertex 206 130.851 17.2483
      vertex 206 133.451 17.2483
      vertex 206 132.151 19.5
    endloop
  endfacet
  facet normal 1 -0 0
    outer loop
      vertex 206 132.151 19.5
      vertex 206 133.451 17.2483
      vertex 206 136.481 22
    endloop
  endfacet
  facet normal 1 0 0
    outer loop
      vertex 206 139.081 22
      vertex 206 142.111 17.2483
      vertex 206 143.411 19.5
    endloop
  endfacet
  facet normal 1 0 0
    outer loop
      vertex 206 139.081 22
      vertex 206 137.781 19.7483
      vertex 206 142.111 17.2483
    endloop
  endfacet
  facet normal 1 0 0
    outer loop
      vertex 206 139.081 27
      vertex 206 136.481 27
      vertex 206 139.081 22
    endloop
  endfacet
  facet normal 1 0 0
    outer loop
      vertex 206 136.481 22
      vertex 206 139.081 22
      vertex 206 136.481 27
    endloop
  endfacet
  facet normal 1 0 0
    outer loop
      vertex 206 133.451 31.7517
      vertex 206 136.481 27
      vertex 206 137.781 29.2517
    endloop
  endfacet
  facet normal 1 0 0
    outer loop
      vertex 206 136.481 27
      vertex 206 133.451 31.7517
      vertex 206 132.151 29.5
    endloop
  endfacet
  facet normal 1 0 0
    outer loop
      vertex 206 144.711 31.7517
      vertex 206 142.111 31.7517
      vertex 206 143.411 29.5
    endloop
  endfacet
  facet normal 1 0 0
    outer loop
      vertex 206 142.111 31.7517
      vertex 206 139.081 27
      vertex 206 143.411 29.5
    endloop
  endfacet
  facet normal 1 0 0
    outer loop
      vertex 206 136.481 27
      vertex 206 139.081 27
      vertex 206 137.781 29.2517
    endloop
  endfacet
  facet normal 1 -0 0
    outer loop
      vertex 206 137.781 29.2517
      vertex 206 139.081 27
      vertex 206 142.111 31.7517
    endloop
  endfacet
  facet normal 1 0 0
    outer loop
      vertex 206 150.341 22
      vertex 206 147.741 22
      vertex 206 149.041 19.7483
    endloop
  endfacet
  facet normal 1 0 0
    outer loop
      vertex 206 147.741 22
      vertex 206 144.711 17.2483
      vertex 206 149.041 19.7483
    endloop
  endfacet
  facet normal 1 0 0
    outer loop
      vertex 206 142.111 17.2483
      vertex 206 144.711 17.2483
      vertex 206 143.411 19.5
    endloop
  endfacet
  facet normal 1 -0 0
    outer loop
      vertex 206 143.411 19.5
      vertex 206 144.711 17.2483
      vertex 206 147.741 22
    endloop
  endfacet
  facet normal 1 0 0
    outer loop
      vertex 206 150.341 22
      vertex 206 153.371 17.2483
      vertex 206 154.671 19.5
    endloop
  endfacet
  facet normal 1 0 0
    outer loop
      vertex 206 150.341 22
      vertex 206 149.041 19.7483
      vertex 206 153.371 17.2483
    endloop
  endfacet
  facet normal 1 0 0
    outer loop
      vertex 206 150.341 27
      vertex 206 147.741 27
      vertex 206 150.341 22
    endloop
  endfacet
  facet normal 1 0 0
    outer loop
      vertex 206 147.741 22
      vertex 206 150.341 22
      vertex 206 147.741 27
    endloop
  endfacet
  facet normal 1 0 0
    outer loop
      vertex 206 144.711 31.7517
      vertex 206 147.741 27
      vertex 206 149.041 29.2517
    endloop
  endfacet
  facet normal 1 0 0
    outer loop
      vertex 206 147.741 27
      vertex 206 144.711 31.7517
      vertex 206 143.411 29.5
    endloop
  endfacet
  facet normal 1 0 0
    outer loop
      vertex 206 155.971 31.7517
      vertex 206 153.371 31.7517
      vertex 206 154.671 29.5
    endloop
  endfacet
  facet normal 1 0 0
    outer loop
      vertex 206 153.371 31.7517
      vertex 206 150.341 27
      vertex 206 154.671 29.5
    endloop
  endfacet
  facet normal 1 0 0
    outer loop
      vertex 206 147.741 27
      vertex 206 150.341 27
      vertex 206 149.041 29.2517
    endloop
  endfacet
  facet normal 1 -0 0
    outer loop
      vertex 206 149.041 29.2517
      vertex 206 150.341 27
      vertex 206 153.371 31.7517
    endloop
  endfacet
  facet normal 1 0 0
    outer loop
      vertex 206 161.601 22
      vertex 206 159.001 22
      vertex 206 160.301 19.7483
    endloop
  endfacet
  facet normal 1 0 0
    outer loop
      vertex 206 159.001 22
      vertex 206 155.971 17.2483
      vertex 206 160.301 19.7483
    endloop
  endfacet
  facet normal 1 0 0
    outer loop
      vertex 206 153.371 17.2483
      vertex 206 155.971 17.2483
      vertex 206 154.671 19.5
    endloop
  endfacet
  facet normal 1 -0 0
    outer loop
      vertex 206 154.671 19.5
      vertex 206 155.971 17.2483
      vertex 206 159.001 22
    endloop
  endfacet
  facet normal 1 0 0
    outer loop
      vertex 206 161.601 22
      vertex 206 164.631 17.2483
      vertex 206 165.931 19.5
    endloop
  endfacet
  facet normal 1 0 0
    outer loop
      vertex 206 161.601 22
      vertex 206 160.301 19.7483
      vertex 206 164.631 17.2483
    endloop
  endfacet
  facet normal 1 0 0
    outer loop
      vertex 206 161.601 27
      vertex 206 159.001 27
      vertex 206 161.601 22
    endloop
  endfacet
  facet normal 1 0 0
    outer loop
      vertex 206 159.001 22
      vertex 206 161.601 22
      vertex 206 159.001 27
    endloop
  endfacet
  facet normal 1 0 0
    outer loop
      vertex 206 155.971 31.7517
      vertex 206 159.001 27
      vertex 206 160.301 29.2517
    endloop
  endfacet
  facet normal 1 0 0
    outer loop
      vertex 206 159.001 27
      vertex 206 155.971 31.7517
      vertex 206 154.671 29.5
    endloop
  endfacet
  facet normal 1 0 0
    outer loop
      vertex 206 167.231 31.7517
      vertex 206 164.631 31.7517
      vertex 206 165.931 29.5
    endloop
  endfacet
  facet normal 1 0 0
    outer loop
      vertex 206 164.631 31.7517
      vertex 206 161.601 27
      vertex 206 165.931 29.5
    endloop
  endfacet
  facet normal 1 0 0
    outer loop
      vertex 206 159.001 27
      vertex 206 161.601 27
      vertex 206 160.301 29.2517
    endloop
  endfacet
  facet normal 1 -0 0
    outer loop
      vertex 206 160.301 29.2517
      vertex 206 161.601 27
      vertex 206 164.631 31.7517
    endloop
  endfacet
  facet normal 1 0 0
    outer loop
      vertex 206 172.862 22
      vertex 206 170.262 22
      vertex 206 171.562 19.7483
    endloop
  endfacet
  facet normal 1 0 0
    outer loop
      vertex 206 170.262 22
      vertex 206 167.231 17.2483
      vertex 206 171.562 19.7483
    endloop
  endfacet
  facet normal 1 0 0
    outer loop
      vertex 206 164.631 17.2483
      vertex 206 167.231 17.2483
      vertex 206 165.931 19.5
    endloop
  endfacet
  facet normal 1 -0 0
    outer loop
      vertex 206 165.931 19.5
      vertex 206 167.231 17.2483
      vertex 206 170.262 22
    endloop
  endfacet
  facet normal 1 0 0
    outer loop
      vertex 206 172.862 22
      vertex 206 175.892 17.2483
      vertex 206 177.192 19.5
    endloop
  endfacet
  facet normal 1 0 0
    outer loop
      vertex 206 172.862 22
      vertex 206 171.562 19.7483
      vertex 206 175.892 17.2483
    endloop
  endfacet
  facet normal 1 0 0
    outer loop
      vertex 206 172.862 27
      vertex 206 170.262 27
      vertex 206 172.862 22
    endloop
  endfacet
  facet normal 1 0 0
    outer loop
      vertex 206 170.262 22
      vertex 206 172.862 22
      vertex 206 170.262 27
    endloop
  endfacet
  facet normal 1 0 0
    outer loop
      vertex 206 167.231 31.7517
      vertex 206 170.262 27
      vertex 206 171.562 29.2517
    endloop
  endfacet
  facet normal 1 0 0
    outer loop
      vertex 206 170.262 27
      vertex 206 167.231 31.7517
      vertex 206 165.931 29.5
    endloop
  endfacet
  facet normal 1 0 0
    outer loop
      vertex 206 178.492 31.7517
      vertex 206 175.892 31.7517
      vertex 206 177.192 29.5
    endloop
  endfacet
  facet normal 1 0 0
    outer loop
      vertex 206 175.892 31.7517
      vertex 206 172.862 27
      vertex 206 177.192 29.5
    endloop
  endfacet
  facet normal 1 0 0
    outer loop
      vertex 206 170.262 27
      vertex 206 172.862 27
      vertex 206 171.562 29.2517
    endloop
  endfacet
  facet normal 1 -0 0
    outer loop
      vertex 206 171.562 29.2517
      vertex 206 172.862 27
      vertex 206 175.892 31.7517
    endloop
  endfacet
  facet normal 1 0 0
    outer loop
      vertex 206 184.122 22
      vertex 206 181.522 22
      vertex 206 182.822 19.7483
    endloop
  endfacet
  facet normal 1 0 0
    outer loop
      vertex 206 181.522 22
      vertex 206 178.492 17.2483
      vertex 206 182.822 19.7483
    endloop
  endfacet
  facet normal 1 0 0
    outer loop
      vertex 206 175.892 17.2483
      vertex 206 178.492 17.2483
      vertex 206 177.192 19.5
    endloop
  endfacet
  facet normal 1 -0 0
    outer loop
      vertex 206 177.192 19.5
      vertex 206 178.492 17.2483
      vertex 206 181.522 22
    endloop
  endfacet
  facet normal 1 0 0
    outer loop
      vertex 206 184.122 22
      vertex 206 187.152 17.2483
      vertex 206 188.452 19.5
    endloop
  endfacet
  facet normal 1 0 0
    outer loop
      vertex 206 184.122 22
      vertex 206 182.822 19.7483
      vertex 206 187.152 17.2483
    endloop
  endfacet
  facet normal 1 0 0
    outer loop
      vertex 206 184.122 27
      vertex 206 181.522 27
      vertex 206 184.122 22
    endloop
  endfacet
  facet normal 1 0 0
    outer loop
      vertex 206 181.522 22
      vertex 206 184.122 22
      vertex 206 181.522 27
    endloop
  endfacet
  facet normal 1 0 0
    outer loop
      vertex 206 178.492 31.7517
      vertex 206 181.522 27
      vertex 206 182.822 29.2517
    endloop
  endfacet
  facet normal 1 0 0
    outer loop
      vertex 206 181.522 27
      vertex 206 178.492 31.7517
      vertex 206 177.192 29.5
    endloop
  endfacet
  facet normal 1 0 0
    outer loop
      vertex 206 189.752 31.7517
      vertex 206 187.152 31.7517
      vertex 206 188.452 29.5
    endloop
  endfacet
  facet normal 1 0 0
    outer loop
      vertex 206 187.152 31.7517
      vertex 206 184.122 27
      vertex 206 188.452 29.5
    endloop
  endfacet
  facet normal 1 0 0
    outer loop
      vertex 206 181.522 27
      vertex 206 184.122 27
      vertex 206 182.822 29.2517
    endloop
  endfacet
  facet normal 1 -0 0
    outer loop
      vertex 206 182.822 29.2517
      vertex 206 184.122 27
      vertex 206 187.152 31.7517
    endloop
  endfacet
  facet normal 1 -0 0
    outer loop
      vertex 206 194.082 29.2517
      vertex 206 198.412 17.2483
      vertex 206 198.412 31.7517
    endloop
  endfacet
  facet normal 1 0 0
    outer loop
      vertex 206 194.082 29.2517
      vertex 206 194.082 19.7483
      vertex 206 198.412 17.2483
    endloop
  endfacet
  facet normal 1 0 0
    outer loop
      vertex 206 194.082 29.2517
      vertex 206 192.782 27
      vertex 206 194.082 19.7483
    endloop
  endfacet
  facet normal 1 0 0
    outer loop
      vertex 206 189.752 31.7517
      vertex 206 192.782 27
      vertex 206 194.082 29.2517
    endloop
  endfacet
  facet normal 1 0 0
    outer loop
      vertex 206 192.782 27
      vertex 206 189.752 31.7517
      vertex 206 188.452 29.5
    endloop
  endfacet
  facet normal 1 0 0
    outer loop
      vertex 206 194.082 39.2517
      vertex 206 202 49.4667
      vertex 206 202 49.6
    endloop
  endfacet
  facet normal 1 0 0
    outer loop
      vertex 206 202 49.4667
      vertex 206 194.082 39.2517
      vertex 206 198.412 36.7517
    endloop
  endfacet
  facet normal 1 0 0
    outer loop
      vertex 206 182.822 39.2517
      vertex 206 194.082 39.2517
      vertex 206 202 49.6
    endloop
  endfacet
  facet normal 1 -0 0
    outer loop
      vertex 206 187.152 36.7517
      vertex 206 189.752 31.7517
      vertex 206 189.752 36.7517
    endloop
  endfacet
  facet normal 1 0 0
    outer loop
      vertex 206 187.152 31.7517
      vertex 206 189.752 31.7517
      vertex 206 187.152 36.7517
    endloop
  endfacet
  facet normal 1 0 0
    outer loop
      vertex 206 194.082 39.2517
      vertex 206 182.822 39.2517
      vertex 206 189.752 36.7517
    endloop
  endfacet
  facet normal 1 0 0
    outer loop
      vertex 206 189.752 36.7517
      vertex 206 182.822 39.2517
      vertex 206 187.152 36.7517
    endloop
  endfacet
  facet normal 1 -0 0
    outer loop
      vertex 206 175.892 36.7517
      vertex 206 178.492 31.7517
      vertex 206 178.492 36.7517
    endloop
  endfacet
  facet normal 1 0 0
    outer loop
      vertex 206 175.892 31.7517
      vertex 206 178.492 31.7517
      vertex 206 175.892 36.7517
    endloop
  endfacet
  facet normal 1 0 0
    outer loop
      vertex 206 182.822 39.2517
      vertex 206 175.892 36.7517
      vertex 206 178.492 36.7517
    endloop
  endfacet
  facet normal 1 0 0
    outer loop
      vertex 206 171.562 39.2517
      vertex 206 182.822 39.2517
      vertex 206 202 49.6
    endloop
  endfacet
  facet normal 1 0 0
    outer loop
      vertex 206 182.822 39.2517
      vertex 206 171.562 39.2517
      vertex 206 175.892 36.7517
    endloop
  endfacet
  facet normal 1 -0 0
    outer loop
      vertex 206 164.631 36.7517
      vertex 206 167.231 31.7517
      vertex 206 167.231 36.7517
    endloop
  endfacet
  facet normal 1 0 0
    outer loop
      vertex 206 164.631 31.7517
      vertex 206 167.231 31.7517
      vertex 206 164.631 36.7517
    endloop
  endfacet
  facet normal 1 0 0
    outer loop
      vertex 206 171.562 39.2517
      vertex 206 164.631 36.7517
      vertex 206 167.231 36.7517
    endloop
  endfacet
  facet normal 1 0 0
    outer loop
      vertex 206 171.562 39.2517
      vertex 206 160.301 39.2517
      vertex 206 164.631 36.7517
    endloop
  endfacet
  facet normal 1 0 0
    outer loop
      vertex 206 202 49.6
      vertex 206 160.301 39.2517
      vertex 206 171.562 39.2517
    endloop
  endfacet
  facet normal 1 -0 0
    outer loop
      vertex 206 153.371 36.7517
      vertex 206 155.971 31.7517
      vertex 206 155.971 36.7517
    endloop
  endfacet
  facet normal 1 0 0
    outer loop
      vertex 206 153.371 31.7517
      vertex 206 155.971 31.7517
      vertex 206 153.371 36.7517
    endloop
  endfacet
  facet normal 1 0 0
    outer loop
      vertex 206 160.301 39.2517
      vertex 206 153.371 36.7517
      vertex 206 155.971 36.7517
    endloop
  endfacet
  facet normal 1 0 0
    outer loop
      vertex 206 160.301 39.2517
      vertex 206 149.041 39.2517
      vertex 206 153.371 36.7517
    endloop
  endfacet
  facet normal 1 0 0
    outer loop
      vertex 206 202 49.6
      vertex 206 149.041 39.2517
      vertex 206 160.301 39.2517
    endloop
  endfacet
  facet normal 1 -0 0
    outer loop
      vertex 206 142.111 36.7517
      vertex 206 144.711 31.7517
      vertex 206 144.711 36.7517
    endloop
  endfacet
  facet normal 1 0 0
    outer loop
      vertex 206 142.111 31.7517
      vertex 206 144.711 31.7517
      vertex 206 142.111 36.7517
    endloop
  endfacet
  facet normal 1 0 0
    outer loop
      vertex 206 149.041 39.2517
      vertex 206 142.111 36.7517
      vertex 206 144.711 36.7517
    endloop
  endfacet
  facet normal 1 0 0
    outer loop
      vertex 206 149.041 39.2517
      vertex 206 137.781 39.2517
      vertex 206 142.111 36.7517
    endloop
  endfacet
  facet normal 1 0 0
    outer loop
      vertex 206 202 49.6
      vertex 206 137.781 39.2517
      vertex 206 149.041 39.2517
    endloop
  endfacet
  facet normal 1 -0 0
    outer loop
      vertex 206 130.851 36.7517
      vertex 206 133.451 31.7517
      vertex 206 133.451 36.7517
    endloop
  endfacet
  facet normal 1 0 0
    outer loop
      vertex 206 130.851 31.7517
      vertex 206 133.451 31.7517
      vertex 206 130.851 36.7517
    endloop
  endfacet
  facet normal 1 0 0
    outer loop
      vertex 206 137.781 39.2517
      vertex 206 130.851 36.7517
      vertex 206 133.451 36.7517
    endloop
  endfacet
  facet normal 1 0 0
    outer loop
      vertex 206 137.781 39.2517
      vertex 206 126.521 39.2517
      vertex 206 130.851 36.7517
    endloop
  endfacet
  facet normal 1 0 0
    outer loop
      vertex 206 202 49.6
      vertex 206 126.521 39.2517
      vertex 206 137.781 39.2517
    endloop
  endfacet
  facet normal 1 -0 0
    outer loop
      vertex 206 119.59 36.7517
      vertex 206 122.19 31.7517
      vertex 206 122.19 36.7517
    endloop
  endfacet
  facet normal 1 0 0
    outer loop
      vertex 206 119.59 31.7517
      vertex 206 122.19 31.7517
      vertex 206 119.59 36.7517
    endloop
  endfacet
  facet normal 1 0 0
    outer loop
      vertex 206 126.521 39.2517
      vertex 206 119.59 36.7517
      vertex 206 122.19 36.7517
    endloop
  endfacet
  facet normal 1 0 0
    outer loop
      vertex 206 126.521 39.2517
      vertex 206 115.26 39.2517
      vertex 206 119.59 36.7517
    endloop
  endfacet
  facet normal 1 0 0
    outer loop
      vertex 206 202 49.6
      vertex 206 115.26 39.2517
      vertex 206 126.521 39.2517
    endloop
  endfacet
  facet normal 1 -0 0
    outer loop
      vertex 206 108.33 36.7517
      vertex 206 110.93 31.7517
      vertex 206 110.93 36.7517
    endloop
  endfacet
  facet normal 1 0 0
    outer loop
      vertex 206 108.33 31.7517
      vertex 206 110.93 31.7517
      vertex 206 108.33 36.7517
    endloop
  endfacet
  facet normal 1 0 0
    outer loop
      vertex 206 115.26 39.2517
      vertex 206 108.33 36.7517
      vertex 206 110.93 36.7517
    endloop
  endfacet
  facet normal 1 0 0
    outer loop
      vertex 206 115.26 39.2517
      vertex 206 104 39.2517
      vertex 206 108.33 36.7517
    endloop
  endfacet
  facet normal 1 0 0
    outer loop
      vertex 206 202 49.6
      vertex 206 104 39.2517
      vertex 206 115.26 39.2517
    endloop
  endfacet
  facet normal 1 -0 0
    outer loop
      vertex 206 97.0699 36.7517
      vertex 206 99.6699 31.7517
      vertex 206 99.6699 36.7517
    endloop
  endfacet
  facet normal 1 0 0
    outer loop
      vertex 206 97.0699 31.7517
      vertex 206 99.6699 31.7517
      vertex 206 97.0699 36.7517
    endloop
  endfacet
  facet normal 1 0 0
    outer loop
      vertex 206 104 39.2517
      vertex 206 97.0699 36.7517
      vertex 206 99.6699 36.7517
    endloop
  endfacet
  facet normal 1 0 0
    outer loop
      vertex 206 104 39.2517
      vertex 206 92.7397 39.2517
      vertex 206 97.0699 36.7517
    endloop
  endfacet
  facet normal 1 -0 0
    outer loop
      vertex 206 6 49.6
      vertex 206 104 39.2517
      vertex 206 202 49.6
    endloop
  endfacet
  facet normal 1 -0 0
    outer loop
      vertex 206 85.8096 36.7517
      vertex 206 88.4096 31.7517
      vertex 206 88.4096 36.7517
    endloop
  endfacet
  facet normal 1 0 0
    outer loop
      vertex 206 85.8096 31.7517
      vertex 206 88.4096 31.7517
      vertex 206 85.8096 36.7517
    endloop
  endfacet
  facet normal 1 0 0
    outer loop
      vertex 206 92.7397 39.2517
      vertex 206 85.8096 36.7517
      vertex 206 88.4096 36.7517
    endloop
  endfacet
  facet normal 1 0 0
    outer loop
      vertex 206 92.7397 39.2517
      vertex 206 81.4795 39.2517
      vertex 206 85.8096 36.7517
    endloop
  endfacet
  facet normal 1 0 0
    outer loop
      vertex 206 104 39.2517
      vertex 206 6 49.6
      vertex 206 92.7397 39.2517
    endloop
  endfacet
  facet normal 1 -0 0
    outer loop
      vertex 206 74.5493 36.7517
      vertex 206 77.1494 31.7517
      vertex 206 77.1494 36.7517
    endloop
  endfacet
  facet normal 1 0 0
    outer loop
      vertex 206 74.5493 31.7517
      vertex 206 77.1494 31.7517
      vertex 206 74.5493 36.7517
    endloop
  endfacet
  facet normal 1 0 0
    outer loop
      vertex 206 81.4795 39.2517
      vertex 206 74.5493 36.7517
      vertex 206 77.1494 36.7517
    endloop
  endfacet
  facet normal 1 0 0
    outer loop
      vertex 206 81.4795 39.2517
      vertex 206 70.2192 39.2517
      vertex 206 74.5493 36.7517
    endloop
  endfacet
  facet normal 1 0 0
    outer loop
      vertex 206 92.7397 39.2517
      vertex 206 6 49.6
      vertex 206 81.4795 39.2517
    endloop
  endfacet
  facet normal 1 -0 0
    outer loop
      vertex 206 63.2891 36.7517
      vertex 206 65.8891 31.7517
      vertex 206 65.8891 36.7517
    endloop
  endfacet
  facet normal 1 0 0
    outer loop
      vertex 206 63.2891 31.7517
      vertex 206 65.8891 31.7517
      vertex 206 63.2891 36.7517
    endloop
  endfacet
  facet normal 1 0 0
    outer loop
      vertex 206 70.2192 39.2517
      vertex 206 63.2891 36.7517
      vertex 206 65.8891 36.7517
    endloop
  endfacet
  facet normal 1 0 0
    outer loop
      vertex 206 70.2192 39.2517
      vertex 206 58.959 39.2517
      vertex 206 63.2891 36.7517
    endloop
  endfacet
  facet normal 1 0 0
    outer loop
      vertex 206 81.4795 39.2517
      vertex 206 6 49.6
      vertex 206 70.2192 39.2517
    endloop
  endfacet
  facet normal 1 -0 0
    outer loop
      vertex 206 52.0288 36.7517
      vertex 206 54.6288 31.7517
      vertex 206 54.6288 36.7517
    endloop
  endfacet
  facet normal 1 0 0
    outer loop
      vertex 206 52.0288 31.7517
      vertex 206 54.6288 31.7517
      vertex 206 52.0288 36.7517
    endloop
  endfacet
  facet normal 1 0 0
    outer loop
      vertex 206 58.959 39.2517
      vertex 206 52.0288 36.7517
      vertex 206 54.6288 36.7517
    endloop
  endfacet
  facet normal 1 0 0
    outer loop
      vertex 206 58.959 39.2517
      vertex 206 47.6987 39.2517
      vertex 206 52.0288 36.7517
    endloop
  endfacet
  facet normal 1 0 0
    outer loop
      vertex 206 70.2192 39.2517
      vertex 206 6 49.6
      vertex 206 58.959 39.2517
    endloop
  endfacet
  facet normal 1 -0 0
    outer loop
      vertex 206 40.7686 36.7517
      vertex 206 43.3686 31.7517
      vertex 206 43.3686 36.7517
    endloop
  endfacet
  facet normal 1 0 0
    outer loop
      vertex 206 40.7686 31.7517
      vertex 206 43.3686 31.7517
      vertex 206 40.7686 36.7517
    endloop
  endfacet
  facet normal 1 0 0
    outer loop
      vertex 206 47.6987 39.2517
      vertex 206 40.7686 36.7517
      vertex 206 43.3686 36.7517
    endloop
  endfacet
  facet normal 1 0 0
    outer loop
      vertex 206 47.6987 39.2517
      vertex 206 36.4385 39.2517
      vertex 206 40.7686 36.7517
    endloop
  endfacet
  facet normal 1 0 0
    outer loop
      vertex 206 58.959 39.2517
      vertex 206 6 49.6
      vertex 206 47.6987 39.2517
    endloop
  endfacet
  facet normal 1 -0 0
    outer loop
      vertex 206 29.5083 36.7517
      vertex 206 32.1083 31.7517
      vertex 206 32.1083 36.7517
    endloop
  endfacet
  facet normal 1 0 0
    outer loop
      vertex 206 29.5083 31.7517
      vertex 206 32.1083 31.7517
      vertex 206 29.5083 36.7517
    endloop
  endfacet
  facet normal 1 0 0
    outer loop
      vertex 206 36.4385 39.2517
      vertex 206 29.5083 36.7517
      vertex 206 32.1083 36.7517
    endloop
  endfacet
  facet normal 1 0 0
    outer loop
      vertex 206 36.4385 39.2517
      vertex 206 25.1782 39.2517
      vertex 206 29.5083 36.7517
    endloop
  endfacet
  facet normal 1 0 0
    outer loop
      vertex 206 47.6987 39.2517
      vertex 206 6 49.6
      vertex 206 36.4385 39.2517
    endloop
  endfacet
  facet normal 1 -0 0
    outer loop
      vertex 206 18.2481 36.7517
      vertex 206 20.8481 31.7517
      vertex 206 20.8481 36.7517
    endloop
  endfacet
  facet normal 1 0 0
    outer loop
      vertex 206 18.2481 31.7517
      vertex 206 20.8481 31.7517
      vertex 206 18.2481 36.7517
    endloop
  endfacet
  facet normal 1 0 0
    outer loop
      vertex 206 25.1782 39.2517
      vertex 206 18.2481 36.7517
      vertex 206 20.8481 36.7517
    endloop
  endfacet
  facet normal 1 0 0
    outer loop
      vertex 206 25.1782 39.2517
      vertex 206 13.918 39.2517
      vertex 206 18.2481 36.7517
    endloop
  endfacet
  facet normal 1 0 0
    outer loop
      vertex 206 36.4385 39.2517
      vertex 206 6 49.6
      vertex 206 25.1782 39.2517
    endloop
  endfacet
  facet normal 1 0 0
    outer loop
      vertex 206 2 49.4667
      vertex 206 9.58783 31.7517
      vertex 206 9.58783 36.7517
    endloop
  endfacet
  facet normal 1 0 0
    outer loop
      vertex 206 0 0
      vertex 206 9.58783 31.7517
      vertex 206 2 49.4667
    endloop
  endfacet
  facet normal 1 0 0
    outer loop
      vertex 206 13.918 39.2517
      vertex 206 6 49.4667
      vertex 206 9.58783 36.7517
    endloop
  endfacet
  facet normal 1 -0 0
    outer loop
      vertex 206 6 49.4667
      vertex 206 13.918 39.2517
      vertex 206 6 49.6
    endloop
  endfacet
  facet normal 1 0 0
    outer loop
      vertex 206 25.1782 39.2517
      vertex 206 6 49.6
      vertex 206 13.918 39.2517
    endloop
  endfacet
  facet normal 1 0 0
    outer loop
      vertex 206 206 49.4667
      vertex 206 208 60
      vertex 206 206 53
    endloop
  endfacet
  facet normal 1 0 0
    outer loop
      vertex 206 202 57
      vertex 206 208 60
      vertex 206 202 60
    endloop
  endfacet
  facet normal 1 0 0
    outer loop
      vertex 206 208 60
      vertex 206 202 57
      vertex 206 206 53
    endloop
  endfacet
  facet normal 1 0 0
    outer loop
      vertex 206 208 60
      vertex 206 206 49.4667
      vertex 206 208 0
    endloop
  endfacet
  facet normal 1 0 0
    outer loop
      vertex 206 198.412 36.7517
      vertex 206 206 49.4667
      vertex 206 202 49.4667
    endloop
  endfacet
  facet normal 1 0 0
    outer loop
      vertex 206 206 49.4667
      vertex 206 198.412 36.7517
      vertex 206 198.412 31.7517
    endloop
  endfacet
  facet normal 1 0 0
    outer loop
      vertex 206 206 49.4667
      vertex 206 198.412 31.7517
      vertex 206 208 0
    endloop
  endfacet
  facet normal 1 -0 0
    outer loop
      vertex 206 198.412 17.2483
      vertex 206 208 0
      vertex 206 198.412 31.7517
    endloop
  endfacet
  facet normal 1 -0 0
    outer loop
      vertex 206 198.412 12.2483
      vertex 206 208 0
      vertex 206 198.412 17.2483
    endloop
  endfacet
  facet normal 1 -0 0
    outer loop
      vertex 206 194.082 9.74832
      vertex 206 208 0
      vertex 206 198.412 12.2483
    endloop
  endfacet
  facet normal 1 0 0
    outer loop
      vertex 206 182.822 9.74832
      vertex 206 194.082 9.74832
      vertex 206 189.752 12.2483
    endloop
  endfacet
  facet normal 1 0 0
    outer loop
      vertex 206 189.752 17.2483
      vertex 206 187.152 17.2483
      vertex 206 189.752 12.2483
    endloop
  endfacet
  facet normal 1 0 0
    outer loop
      vertex 206 187.152 12.2483
      vertex 206 189.752 12.2483
      vertex 206 187.152 17.2483
    endloop
  endfacet
  facet normal 1 0 0
    outer loop
      vertex 206 182.822 9.74832
      vertex 206 189.752 12.2483
      vertex 206 187.152 12.2483
    endloop
  endfacet
  facet normal 1 0 0
    outer loop
      vertex 206 194.082 9.74832
      vertex 206 182.822 9.74832
      vertex 206 208 0
    endloop
  endfacet
  facet normal 1 0 0
    outer loop
      vertex 206 178.492 17.2483
      vertex 206 175.892 17.2483
      vertex 206 178.492 12.2483
    endloop
  endfacet
  facet normal 1 0 0
    outer loop
      vertex 206 175.892 12.2483
      vertex 206 178.492 12.2483
      vertex 206 175.892 17.2483
    endloop
  endfacet
  facet normal 1 -0 0
    outer loop
      vertex 206 175.892 12.2483
      vertex 206 182.822 9.74832
      vertex 206 178.492 12.2483
    endloop
  endfacet
  facet normal 1 0 0
    outer loop
      vertex 206 171.562 9.74832
      vertex 206 182.822 9.74832
      vertex 206 175.892 12.2483
    endloop
  endfacet
  facet normal 1 0 0
    outer loop
      vertex 206 182.822 9.74832
      vertex 206 171.562 9.74832
      vertex 206 208 0
    endloop
  endfacet
  facet normal 1 0 0
    outer loop
      vertex 206 167.231 17.2483
      vertex 206 164.631 17.2483
      vertex 206 167.231 12.2483
    endloop
  endfacet
  facet normal 1 0 0
    outer loop
      vertex 206 164.631 12.2483
      vertex 206 167.231 12.2483
      vertex 206 164.631 17.2483
    endloop
  endfacet
  facet normal 1 -0 0
    outer loop
      vertex 206 164.631 12.2483
      vertex 206 171.562 9.74832
      vertex 206 167.231 12.2483
    endloop
  endfacet
  facet normal 1 0 0
    outer loop
      vertex 206 160.301 9.74832
      vertex 206 171.562 9.74832
      vertex 206 164.631 12.2483
    endloop
  endfacet
  facet normal 1 -0 0
    outer loop
      vertex 206 160.301 9.74832
      vertex 206 208 0
      vertex 206 171.562 9.74832
    endloop
  endfacet
  facet normal 1 0 0
    outer loop
      vertex 206 155.971 17.2483
      vertex 206 153.371 17.2483
      vertex 206 155.971 12.2483
    endloop
  endfacet
  facet normal 1 0 0
    outer loop
      vertex 206 153.371 12.2483
      vertex 206 155.971 12.2483
      vertex 206 153.371 17.2483
    endloop
  endfacet
  facet normal 1 -0 0
    outer loop
      vertex 206 153.371 12.2483
      vertex 206 160.301 9.74832
      vertex 206 155.971 12.2483
    endloop
  endfacet
  facet normal 1 0 0
    outer loop
      vertex 206 149.041 9.74832
      vertex 206 160.301 9.74832
      vertex 206 153.371 12.2483
    endloop
  endfacet
  facet normal 1 -0 0
    outer loop
      vertex 206 149.041 9.74832
      vertex 206 208 0
      vertex 206 160.301 9.74832
    endloop
  endfacet
  facet normal 1 0 0
    outer loop
      vertex 206 144.711 17.2483
      vertex 206 142.111 17.2483
      vertex 206 144.711 12.2483
    endloop
  endfacet
  facet normal 1 0 0
    outer loop
      vertex 206 142.111 12.2483
      vertex 206 144.711 12.2483
      vertex 206 142.111 17.2483
    endloop
  endfacet
  facet normal 1 -0 0
    outer loop
      vertex 206 142.111 12.2483
      vertex 206 149.041 9.74832
      vertex 206 144.711 12.2483
    endloop
  endfacet
  facet normal 1 0 0
    outer loop
      vertex 206 137.781 9.74832
      vertex 206 149.041 9.74832
      vertex 206 142.111 12.2483
    endloop
  endfacet
  facet normal 1 -0 0
    outer loop
      vertex 206 137.781 9.74832
      vertex 206 208 0
      vertex 206 149.041 9.74832
    endloop
  endfacet
  facet normal 1 0 0
    outer loop
      vertex 206 133.451 17.2483
      vertex 206 130.851 17.2483
      vertex 206 133.451 12.2483
    endloop
  endfacet
  facet normal 1 0 0
    outer loop
      vertex 206 130.851 12.2483
      vertex 206 133.451 12.2483
      vertex 206 130.851 17.2483
    endloop
  endfacet
  facet normal 1 -0 0
    outer loop
      vertex 206 130.851 12.2483
      vertex 206 137.781 9.74832
      vertex 206 133.451 12.2483
    endloop
  endfacet
  facet normal 1 0 0
    outer loop
      vertex 206 126.521 9.74832
      vertex 206 137.781 9.74832
      vertex 206 130.851 12.2483
    endloop
  endfacet
  facet normal 1 -0 0
    outer loop
      vertex 206 126.521 9.74832
      vertex 206 208 0
      vertex 206 137.781 9.74832
    endloop
  endfacet
  facet normal 1 0 0
    outer loop
      vertex 206 122.19 17.2483
      vertex 206 119.59 17.2483
      vertex 206 122.19 12.2483
    endloop
  endfacet
  facet normal 1 0 0
    outer loop
      vertex 206 119.59 12.2483
      vertex 206 122.19 12.2483
      vertex 206 119.59 17.2483
    endloop
  endfacet
  facet normal 1 -0 0
    outer loop
      vertex 206 119.59 12.2483
      vertex 206 126.521 9.74832
      vertex 206 122.19 12.2483
    endloop
  endfacet
  facet normal 1 0 0
    outer loop
      vertex 206 115.26 9.74832
      vertex 206 126.521 9.74832
      vertex 206 119.59 12.2483
    endloop
  endfacet
  facet normal 1 -0 0
    outer loop
      vertex 206 115.26 9.74832
      vertex 206 208 0
      vertex 206 126.521 9.74832
    endloop
  endfacet
  facet normal 1 0 0
    outer loop
      vertex 206 110.93 17.2483
      vertex 206 108.33 17.2483
      vertex 206 110.93 12.2483
    endloop
  endfacet
  facet normal 1 0 0
    outer loop
      vertex 206 108.33 12.2483
      vertex 206 110.93 12.2483
      vertex 206 108.33 17.2483
    endloop
  endfacet
  facet normal 1 -0 0
    outer loop
      vertex 206 108.33 12.2483
      vertex 206 115.26 9.74832
      vertex 206 110.93 12.2483
    endloop
  endfacet
  facet normal 1 0 0
    outer loop
      vertex 206 104 9.74832
      vertex 206 115.26 9.74832
      vertex 206 108.33 12.2483
    endloop
  endfacet
  facet normal 1 -0 0
    outer loop
      vertex 206 104 9.74832
      vertex 206 208 0
      vertex 206 115.26 9.74832
    endloop
  endfacet
  facet normal 1 0 0
    outer loop
      vertex 206 99.6699 17.2483
      vertex 206 97.0699 17.2483
      vertex 206 99.6699 12.2483
    endloop
  endfacet
  facet normal 1 0 0
    outer loop
      vertex 206 97.0699 12.2483
      vertex 206 99.6699 12.2483
      vertex 206 97.0699 17.2483
    endloop
  endfacet
  facet normal 1 -0 0
    outer loop
      vertex 206 97.0699 12.2483
      vertex 206 104 9.74832
      vertex 206 99.6699 12.2483
    endloop
  endfacet
  facet normal 1 0 0
    outer loop
      vertex 206 92.7397 9.74832
      vertex 206 104 9.74832
      vertex 206 97.0699 12.2483
    endloop
  endfacet
  facet normal 1 0 0
    outer loop
      vertex 206 0 0
      vertex 206 104 9.74832
      vertex 206 92.7397 9.74832
    endloop
  endfacet
  facet normal 1 0 0
    outer loop
      vertex 206 88.4096 17.2483
      vertex 206 85.8096 17.2483
      vertex 206 88.4096 12.2483
    endloop
  endfacet
  facet normal 1 0 0
    outer loop
      vertex 206 85.8096 12.2483
      vertex 206 88.4096 12.2483
      vertex 206 85.8096 17.2483
    endloop
  endfacet
  facet normal 1 -0 0
    outer loop
      vertex 206 85.8096 12.2483
      vertex 206 92.7397 9.74832
      vertex 206 88.4096 12.2483
    endloop
  endfacet
  facet normal 1 0 0
    outer loop
      vertex 206 81.4795 9.74832
      vertex 206 92.7397 9.74832
      vertex 206 85.8096 12.2483
    endloop
  endfacet
  facet normal 1 0 0
    outer loop
      vertex 206 0 0
      vertex 206 92.7397 9.74832
      vertex 206 81.4795 9.74832
    endloop
  endfacet
  facet normal 1 0 0
    outer loop
      vertex 206 77.1494 17.2483
      vertex 206 74.5493 17.2483
      vertex 206 77.1494 12.2483
    endloop
  endfacet
  facet normal 1 0 0
    outer loop
      vertex 206 74.5493 12.2483
      vertex 206 77.1494 12.2483
      vertex 206 74.5493 17.2483
    endloop
  endfacet
  facet normal 1 -0 0
    outer loop
      vertex 206 74.5493 12.2483
      vertex 206 81.4795 9.74832
      vertex 206 77.1494 12.2483
    endloop
  endfacet
  facet normal 1 0 0
    outer loop
      vertex 206 70.2192 9.74832
      vertex 206 81.4795 9.74832
      vertex 206 74.5493 12.2483
    endloop
  endfacet
  facet normal 1 0 0
    outer loop
      vertex 206 0 0
      vertex 206 81.4795 9.74832
      vertex 206 70.2192 9.74832
    endloop
  endfacet
  facet normal 1 0 0
    outer loop
      vertex 206 65.8891 17.2483
      vertex 206 63.2891 17.2483
      vertex 206 65.8891 12.2483
    endloop
  endfacet
  facet normal 1 0 0
    outer loop
      vertex 206 63.2891 12.2483
      vertex 206 65.8891 12.2483
      vertex 206 63.2891 17.2483
    endloop
  endfacet
  facet normal 1 -0 0
    outer loop
      vertex 206 63.2891 12.2483
      vertex 206 70.2192 9.74832
      vertex 206 65.8891 12.2483
    endloop
  endfacet
  facet normal 1 0 0
    outer loop
      vertex 206 58.959 9.74832
      vertex 206 70.2192 9.74832
      vertex 206 63.2891 12.2483
    endloop
  endfacet
  facet normal 1 0 0
    outer loop
      vertex 206 0 0
      vertex 206 70.2192 9.74832
      vertex 206 58.959 9.74832
    endloop
  endfacet
  facet normal 1 0 0
    outer loop
      vertex 206 54.6288 17.2483
      vertex 206 52.0288 17.2483
      vertex 206 54.6288 12.2483
    endloop
  endfacet
  facet normal 1 0 0
    outer loop
      vertex 206 52.0288 12.2483
      vertex 206 54.6288 12.2483
      vertex 206 52.0288 17.2483
    endloop
  endfacet
  facet normal 1 -0 0
    outer loop
      vertex 206 52.0288 12.2483
      vertex 206 58.959 9.74832
      vertex 206 54.6288 12.2483
    endloop
  endfacet
  facet normal 1 0 0
    outer loop
      vertex 206 47.6987 9.74832
      vertex 206 58.959 9.74832
      vertex 206 52.0288 12.2483
    endloop
  endfacet
  facet normal 1 0 0
    outer loop
      vertex 206 0 0
      vertex 206 58.959 9.74832
      vertex 206 47.6987 9.74832
    endloop
  endfacet
  facet normal 1 0 0
    outer loop
      vertex 206 43.3686 17.2483
      vertex 206 40.7686 17.2483
      vertex 206 43.3686 12.2483
    endloop
  endfacet
  facet normal 1 0 0
    outer loop
      vertex 206 40.7686 12.2483
      vertex 206 43.3686 12.2483
      vertex 206 40.7686 17.2483
    endloop
  endfacet
  facet normal 1 -0 0
    outer loop
      vertex 206 40.7686 12.2483
      vertex 206 47.6987 9.74832
      vertex 206 43.3686 12.2483
    endloop
  endfacet
  facet normal 1 0 0
    outer loop
      vertex 206 36.4385 9.74832
      vertex 206 47.6987 9.74832
      vertex 206 40.7686 12.2483
    endloop
  endfacet
  facet normal 1 0 0
    outer loop
      vertex 206 0 0
      vertex 206 47.6987 9.74832
      vertex 206 36.4385 9.74832
    endloop
  endfacet
  facet normal 1 0 0
    outer loop
      vertex 206 32.1083 17.2483
      vertex 206 29.5083 17.2483
      vertex 206 32.1083 12.2483
    endloop
  endfacet
  facet normal 1 0 0
    outer loop
      vertex 206 29.5083 12.2483
      vertex 206 32.1083 12.2483
      vertex 206 29.5083 17.2483
    endloop
  endfacet
  facet normal 1 -0 0
    outer loop
      vertex 206 29.5083 12.2483
      vertex 206 36.4385 9.74832
      vertex 206 32.1083 12.2483
    endloop
  endfacet
  facet normal 1 0 0
    outer loop
      vertex 206 25.1782 9.74832
      vertex 206 36.4385 9.74832
      vertex 206 29.5083 12.2483
    endloop
  endfacet
  facet normal 1 0 0
    outer loop
      vertex 206 0 0
      vertex 206 36.4385 9.74832
      vertex 206 25.1782 9.74832
    endloop
  endfacet
  facet normal 1 0 0
    outer loop
      vertex 206 20.8481 17.2483
      vertex 206 18.2481 17.2483
      vertex 206 20.8481 12.2483
    endloop
  endfacet
  facet normal 1 0 0
    outer loop
      vertex 206 18.2481 12.2483
      vertex 206 20.8481 12.2483
      vertex 206 18.2481 17.2483
    endloop
  endfacet
  facet normal 1 -0 0
    outer loop
      vertex 206 18.2481 12.2483
      vertex 206 25.1782 9.74832
      vertex 206 20.8481 12.2483
    endloop
  endfacet
  facet normal 1 0 0
    outer loop
      vertex 206 13.918 9.74832
      vertex 206 25.1782 9.74832
      vertex 206 18.2481 12.2483
    endloop
  endfacet
  facet normal 1 0 0
    outer loop
      vertex 206 0 0
      vertex 206 25.1782 9.74832
      vertex 206 13.918 9.74832
    endloop
  endfacet
  facet normal 1 -0 0
    outer loop
      vertex 206 2 49.4667
      vertex 206 9.58783 36.7517
      vertex 206 6 49.4667
    endloop
  endfacet
  facet normal 1 0 0
    outer loop
      vertex 206 9.58783 31.7517
      vertex 206 0 0
      vertex 206 9.58783 17.2483
    endloop
  endfacet
  facet normal 1 0 0
    outer loop
      vertex 206 104 9.74832
      vertex 206 0 0
      vertex 206 208 0
    endloop
  endfacet
  facet normal 1 0 0
    outer loop
      vertex 206 9.58783 12.2483
      vertex 206 0 0
      vertex 206 13.918 9.74832
    endloop
  endfacet
  facet normal 1 0 0
    outer loop
      vertex 206 9.58783 17.2483
      vertex 206 0 0
      vertex 206 9.58783 12.2483
    endloop
  endfacet
  facet normal 1 0 0
    outer loop
      vertex 206 0 0
      vertex 206 2 49.4667
      vertex 206 0 60
    endloop
  endfacet
  facet normal 1 -0 0
    outer loop
      vertex 206 192.782 22
      vertex 206 194.082 19.7483
      vertex 206 192.782 27
    endloop
  endfacet
  facet normal 1 0 0
    outer loop
      vertex 206 192.782 22
      vertex 206 189.752 17.2483
      vertex 206 194.082 19.7483
    endloop
  endfacet
  facet normal 1 0 0
    outer loop
      vertex 206 187.152 17.2483
      vertex 206 189.752 17.2483
      vertex 206 188.452 19.5
    endloop
  endfacet
  facet normal 1 -0 0
    outer loop
      vertex 206 188.452 19.5
      vertex 206 189.752 17.2483
      vertex 206 192.782 22
    endloop
  endfacet
  facet normal 0 0 1
    outer loop
      vertex 206 208 60
      vertex 3 202 60
      vertex 206 202 60
    endloop
  endfacet
  facet normal 0 0 1
    outer loop
      vertex 3 202 60
      vertex 0 208 60
      vertex 3 6 60
    endloop
  endfacet
  facet normal -0 0 1
    outer loop
      vertex 0 208 60
      vertex 3 202 60
      vertex 206 208 60
    endloop
  endfacet
  facet normal -0 0 1
    outer loop
      vertex 3 6 60
      vertex 206 0 60
      vertex 206 6 60
    endloop
  endfacet
  facet normal 0 0 1
    outer loop
      vertex 3 6 60
      vertex 0 0 60
      vertex 206 0 60
    endloop
  endfacet
  facet normal 0 0 1
    outer loop
      vertex 0 0 60
      vertex 3 6 60
      vertex 0 208 60
    endloop
  endfacet
  facet normal 0 0 -1
    outer loop
      vertex 0 0 0
      vertex 206 208 0
      vertex 206 0 0
    endloop
  endfacet
  facet normal -0 0 -1
    outer loop
      vertex 206 208 0
      vertex 0 0 0
      vertex 0 208 0
    endloop
  endfacet
  facet normal -1 0 0
    outer loop
      vertex 0 15.218 27
      vertex 0 18.2481 31.7517
      vertex 0 19.5481 29.5
    endloop
  endfacet
  facet normal -1 0 0
    outer loop
      vertex 0 15.218 27
      vertex 0 13.918 29.2517
      vertex 0 18.2481 31.7517
    endloop
  endfacet
  facet normal -1 0 0
    outer loop
      vertex 0 13.918 19.7483
      vertex 0 13.918 29.2517
      vertex 0 15.218 27
    endloop
  endfacet
  facet normal -1 0 0
    outer loop
      vertex 0 9.58783 17.2483
      vertex 0 13.918 29.2517
      vertex 0 13.918 19.7483
    endloop
  endfacet
  facet normal -1 -0 0
    outer loop
      vertex 0 13.918 29.2517
      vertex 0 9.58783 17.2483
      vertex 0 9.58783 31.7517
    endloop
  endfacet
  facet normal -1 0 0
    outer loop
      vertex 0 20.8481 17.2483
      vertex 0 18.2481 17.2483
      vertex 0 19.5481 19.5
    endloop
  endfacet
  facet normal -1 0 0
    outer loop
      vertex 0 18.2481 17.2483
      vertex 0 15.218 22
      vertex 0 19.5481 19.5
    endloop
  endfacet
  facet normal -1 -0 0
    outer loop
      vertex 0 15.218 22
      vertex 0 13.918 19.7483
      vertex 0 15.218 27
    endloop
  endfacet
  facet normal -1 0 0
    outer loop
      vertex 0 13.918 19.7483
      vertex 0 15.218 22
      vertex 0 18.2481 17.2483
    endloop
  endfacet
  facet normal -1 0 0
    outer loop
      vertex 0 26.4782 27
      vertex 0 23.8782 27
      vertex 0 25.1782 29.2517
    endloop
  endfacet
  facet normal -1 0 0
    outer loop
      vertex 0 23.8782 27
      vertex 0 20.8481 31.7517
      vertex 0 25.1782 29.2517
    endloop
  endfacet
  facet normal -1 0 0
    outer loop
      vertex 0 18.2481 31.7517
      vertex 0 20.8481 31.7517
      vertex 0 19.5481 29.5
    endloop
  endfacet
  facet normal -1 0 0
    outer loop
      vertex 0 19.5481 29.5
      vertex 0 20.8481 31.7517
      vertex 0 23.8782 27
    endloop
  endfacet
  facet normal -1 0 0
    outer loop
      vertex 0 26.4782 27
      vertex 0 29.5083 31.7517
      vertex 0 30.8083 29.5
    endloop
  endfacet
  facet normal -1 0 0
    outer loop
      vertex 0 26.4782 27
      vertex 0 25.1782 29.2517
      vertex 0 29.5083 31.7517
    endloop
  endfacet
  facet normal -1 0 0
    outer loop
      vertex 0 26.4782 22
      vertex 0 23.8782 22
      vertex 0 26.4782 27
    endloop
  endfacet
  facet normal -1 0 0
    outer loop
      vertex 0 23.8782 27
      vertex 0 26.4782 27
      vertex 0 23.8782 22
    endloop
  endfacet
  facet normal -1 0 0
    outer loop
      vertex 0 20.8481 17.2483
      vertex 0 23.8782 22
      vertex 0 25.1782 19.7483
    endloop
  endfacet
  facet normal -1 0 0
    outer loop
      vertex 0 23.8782 22
      vertex 0 20.8481 17.2483
      vertex 0 19.5481 19.5
    endloop
  endfacet
  facet normal -1 0 0
    outer loop
      vertex 0 32.1083 17.2483
      vertex 0 29.5083 17.2483
      vertex 0 30.8083 19.5
    endloop
  endfacet
  facet normal -1 0 0
    outer loop
      vertex 0 29.5083 17.2483
      vertex 0 26.4782 22
      vertex 0 30.8083 19.5
    endloop
  endfacet
  facet normal -1 0 0
    outer loop
      vertex 0 23.8782 22
      vertex 0 26.4782 22
      vertex 0 25.1782 19.7483
    endloop
  endfacet
  facet normal -1 0 0
    outer loop
      vertex 0 25.1782 19.7483
      vertex 0 26.4782 22
      vertex 0 29.5083 17.2483
    endloop
  endfacet
  facet normal -1 0 0
    outer loop
      vertex 0 37.7385 27
      vertex 0 35.1385 27
      vertex 0 36.4385 29.2517
    endloop
  endfacet
  facet normal -1 0 0
    outer loop
      vertex 0 35.1385 27
      vertex 0 32.1083 31.7517
      vertex 0 36.4385 29.2517
    endloop
  endfacet
  facet normal -1 0 0
    outer loop
      vertex 0 29.5083 31.7517
      vertex 0 32.1083 31.7517
      vertex 0 30.8083 29.5
    endloop
  endfacet
  facet normal -1 0 0
    outer loop
      vertex 0 30.8083 29.5
      vertex 0 32.1083 31.7517
      vertex 0 35.1385 27
    endloop
  endfacet
  facet normal -1 0 0
    outer loop
      vertex 0 37.7385 27
      vertex 0 40.7686 31.7517
      vertex 0 42.0686 29.5
    endloop
  endfacet
  facet normal -1 0 0
    outer loop
      vertex 0 37.7385 27
      vertex 0 36.4385 29.2517
      vertex 0 40.7686 31.7517
    endloop
  endfacet
  facet normal -1 0 0
    outer loop
      vertex 0 37.7385 22
      vertex 0 35.1385 22
      vertex 0 37.7385 27
    endloop
  endfacet
  facet normal -1 0 0
    outer loop
      vertex 0 35.1385 27
      vertex 0 37.7385 27
      vertex 0 35.1385 22
    endloop
  endfacet
  facet normal -1 0 0
    outer loop
      vertex 0 32.1083 17.2483
      vertex 0 35.1385 22
      vertex 0 36.4385 19.7483
    endloop
  endfacet
  facet normal -1 0 0
    outer loop
      vertex 0 35.1385 22
      vertex 0 32.1083 17.2483
      vertex 0 30.8083 19.5
    endloop
  endfacet
  facet normal -1 0 0
    outer loop
      vertex 0 43.3686 17.2483
      vertex 0 40.7686 17.2483
      vertex 0 42.0686 19.5
    endloop
  endfacet
  facet normal -1 0 0
    outer loop
      vertex 0 40.7686 17.2483
      vertex 0 37.7385 22
      vertex 0 42.0686 19.5
    endloop
  endfacet
  facet normal -1 0 0
    outer loop
      vertex 0 35.1385 22
      vertex 0 37.7385 22
      vertex 0 36.4385 19.7483
    endloop
  endfacet
  facet normal -1 0 0
    outer loop
      vertex 0 36.4385 19.7483
      vertex 0 37.7385 22
      vertex 0 40.7686 17.2483
    endloop
  endfacet
  facet normal -1 0 0
    outer loop
      vertex 0 48.9987 27
      vertex 0 46.3987 27
      vertex 0 47.6987 29.2517
    endloop
  endfacet
  facet normal -1 0 0
    outer loop
      vertex 0 46.3987 27
      vertex 0 43.3686 31.7517
      vertex 0 47.6987 29.2517
    endloop
  endfacet
  facet normal -1 0 0
    outer loop
      vertex 0 40.7686 31.7517
      vertex 0 43.3686 31.7517
      vertex 0 42.0686 29.5
    endloop
  endfacet
  facet normal -1 0 0
    outer loop
      vertex 0 42.0686 29.5
      vertex 0 43.3686 31.7517
      vertex 0 46.3987 27
    endloop
  endfacet
  facet normal -1 0 0
    outer loop
      vertex 0 48.9987 27
      vertex 0 52.0288 31.7517
      vertex 0 53.3288 29.5
    endloop
  endfacet
  facet normal -1 0 0
    outer loop
      vertex 0 48.9987 27
      vertex 0 47.6987 29.2517
      vertex 0 52.0288 31.7517
    endloop
  endfacet
  facet normal -1 0 0
    outer loop
      vertex 0 48.9987 22
      vertex 0 46.3987 22
      vertex 0 48.9987 27
    endloop
  endfacet
  facet normal -1 0 0
    outer loop
      vertex 0 46.3987 27
      vertex 0 48.9987 27
      vertex 0 46.3987 22
    endloop
  endfacet
  facet normal -1 0 0
    outer loop
      vertex 0 43.3686 17.2483
      vertex 0 46.3987 22
      vertex 0 47.6987 19.7483
    endloop
  endfacet
  facet normal -1 0 0
    outer loop
      vertex 0 46.3987 22
      vertex 0 43.3686 17.2483
      vertex 0 42.0686 19.5
    endloop
  endfacet
  facet normal -1 0 0
    outer loop
      vertex 0 54.6288 17.2483
      vertex 0 52.0288 17.2483
      vertex 0 53.3288 19.5
    endloop
  endfacet
  facet normal -1 0 0
    outer loop
      vertex 0 52.0288 17.2483
      vertex 0 48.9987 22
      vertex 0 53.3288 19.5
    endloop
  endfacet
  facet normal -1 0 0
    outer loop
      vertex 0 46.3987 22
      vertex 0 48.9987 22
      vertex 0 47.6987 19.7483
    endloop
  endfacet
  facet normal -1 0 0
    outer loop
      vertex 0 47.6987 19.7483
      vertex 0 48.9987 22
      vertex 0 52.0288 17.2483
    endloop
  endfacet
  facet normal -1 0 0
    outer loop
      vertex 0 60.259 27
      vertex 0 57.659 27
      vertex 0 58.959 29.2517
    endloop
  endfacet
  facet normal -1 0 0
    outer loop
      vertex 0 57.659 27
      vertex 0 54.6288 31.7517
      vertex 0 58.959 29.2517
    endloop
  endfacet
  facet normal -1 0 0
    outer loop
      vertex 0 52.0288 31.7517
      vertex 0 54.6288 31.7517
      vertex 0 53.3288 29.5
    endloop
  endfacet
  facet normal -1 0 0
    outer loop
      vertex 0 53.3288 29.5
      vertex 0 54.6288 31.7517
      vertex 0 57.659 27
    endloop
  endfacet
  facet normal -1 0 0
    outer loop
      vertex 0 60.259 27
      vertex 0 63.2891 31.7517
      vertex 0 64.5891 29.5
    endloop
  endfacet
  facet normal -1 0 0
    outer loop
      vertex 0 60.259 27
      vertex 0 58.959 29.2517
      vertex 0 63.2891 31.7517
    endloop
  endfacet
  facet normal -1 0 0
    outer loop
      vertex 0 60.259 22
      vertex 0 57.659 22
      vertex 0 60.259 27
    endloop
  endfacet
  facet normal -1 0 0
    outer loop
      vertex 0 57.659 27
      vertex 0 60.259 27
      vertex 0 57.659 22
    endloop
  endfacet
  facet normal -1 0 0
    outer loop
      vertex 0 54.6288 17.2483
      vertex 0 57.659 22
      vertex 0 58.959 19.7483
    endloop
  endfacet
  facet normal -1 0 0
    outer loop
      vertex 0 57.659 22
      vertex 0 54.6288 17.2483
      vertex 0 53.3288 19.5
    endloop
  endfacet
  facet normal -1 0 0
    outer loop
      vertex 0 65.8891 17.2483
      vertex 0 63.2891 17.2483
      vertex 0 64.5891 19.5
    endloop
  endfacet
  facet normal -1 0 0
    outer loop
      vertex 0 63.2891 17.2483
      vertex 0 60.259 22
      vertex 0 64.5891 19.5
    endloop
  endfacet
  facet normal -1 0 0
    outer loop
      vertex 0 57.659 22
      vertex 0 60.259 22
      vertex 0 58.959 19.7483
    endloop
  endfacet
  facet normal -1 0 0
    outer loop
      vertex 0 58.959 19.7483
      vertex 0 60.259 22
      vertex 0 63.2891 17.2483
    endloop
  endfacet
  facet normal -1 0 0
    outer loop
      vertex 0 71.5192 27
      vertex 0 68.9192 27
      vertex 0 70.2192 29.2517
    endloop
  endfacet
  facet normal -1 0 0
    outer loop
      vertex 0 68.9192 27
      vertex 0 65.8891 31.7517
      vertex 0 70.2192 29.2517
    endloop
  endfacet
  facet normal -1 0 0
    outer loop
      vertex 0 63.2891 31.7517
      vertex 0 65.8891 31.7517
      vertex 0 64.5891 29.5
    endloop
  endfacet
  facet normal -1 0 0
    outer loop
      vertex 0 64.5891 29.5
      vertex 0 65.8891 31.7517
      vertex 0 68.9192 27
    endloop
  endfacet
  facet normal -1 0 0
    outer loop
      vertex 0 71.5192 27
      vertex 0 74.5493 31.7517
      vertex 0 75.8493 29.5
    endloop
  endfacet
  facet normal -1 0 0
    outer loop
      vertex 0 71.5192 27
      vertex 0 70.2192 29.2517
      vertex 0 74.5493 31.7517
    endloop
  endfacet
  facet normal -1 0 0
    outer loop
      vertex 0 71.5192 22
      vertex 0 68.9192 22
      vertex 0 71.5192 27
    endloop
  endfacet
  facet normal -1 0 0
    outer loop
      vertex 0 68.9192 27
      vertex 0 71.5192 27
      vertex 0 68.9192 22
    endloop
  endfacet
  facet normal -1 0 0
    outer loop
      vertex 0 65.8891 17.2483
      vertex 0 68.9192 22
      vertex 0 70.2192 19.7483
    endloop
  endfacet
  facet normal -1 0 0
    outer loop
      vertex 0 68.9192 22
      vertex 0 65.8891 17.2483
      vertex 0 64.5891 19.5
    endloop
  endfacet
  facet normal -1 0 0
    outer loop
      vertex 0 77.1494 17.2483
      vertex 0 74.5493 17.2483
      vertex 0 75.8493 19.5
    endloop
  endfacet
  facet normal -1 0 0
    outer loop
      vertex 0 74.5493 17.2483
      vertex 0 71.5192 22
      vertex 0 75.8493 19.5
    endloop
  endfacet
  facet normal -1 0 0
    outer loop
      vertex 0 68.9192 22
      vertex 0 71.5192 22
      vertex 0 70.2192 19.7483
    endloop
  endfacet
  facet normal -1 0 0
    outer loop
      vertex 0 70.2192 19.7483
      vertex 0 71.5192 22
      vertex 0 74.5493 17.2483
    endloop
  endfacet
  facet normal -1 0 0
    outer loop
      vertex 0 82.7795 27
      vertex 0 80.1795 27
      vertex 0 81.4795 29.2517
    endloop
  endfacet
  facet normal -1 0 0
    outer loop
      vertex 0 80.1795 27
      vertex 0 77.1494 31.7517
      vertex 0 81.4795 29.2517
    endloop
  endfacet
  facet normal -1 0 0
    outer loop
      vertex 0 74.5493 31.7517
      vertex 0 77.1494 31.7517
      vertex 0 75.8493 29.5
    endloop
  endfacet
  facet normal -1 0 0
    outer loop
      vertex 0 75.8493 29.5
      vertex 0 77.1494 31.7517
      vertex 0 80.1795 27
    endloop
  endfacet
  facet normal -1 0 0
    outer loop
      vertex 0 82.7795 27
      vertex 0 85.8096 31.7517
      vertex 0 87.1096 29.5
    endloop
  endfacet
  facet normal -1 0 0
    outer loop
      vertex 0 82.7795 27
      vertex 0 81.4795 29.2517
      vertex 0 85.8096 31.7517
    endloop
  endfacet
  facet normal -1 0 0
    outer loop
      vertex 0 82.7795 22
      vertex 0 80.1795 22
      vertex 0 82.7795 27
    endloop
  endfacet
  facet normal -1 0 0
    outer loop
      vertex 0 80.1795 27
      vertex 0 82.7795 27
      vertex 0 80.1795 22
    endloop
  endfacet
  facet normal -1 0 0
    outer loop
      vertex 0 77.1494 17.2483
      vertex 0 80.1795 22
      vertex 0 81.4795 19.7483
    endloop
  endfacet
  facet normal -1 0 0
    outer loop
      vertex 0 80.1795 22
      vertex 0 77.1494 17.2483
      vertex 0 75.8493 19.5
    endloop
  endfacet
  facet normal -1 0 0
    outer loop
      vertex 0 88.4096 17.2483
      vertex 0 85.8096 17.2483
      vertex 0 87.1096 19.5
    endloop
  endfacet
  facet normal -1 0 0
    outer loop
      vertex 0 85.8096 17.2483
      vertex 0 82.7795 22
      vertex 0 87.1096 19.5
    endloop
  endfacet
  facet normal -1 0 0
    outer loop
      vertex 0 80.1795 22
      vertex 0 82.7795 22
      vertex 0 81.4795 19.7483
    endloop
  endfacet
  facet normal -1 0 0
    outer loop
      vertex 0 81.4795 19.7483
      vertex 0 82.7795 22
      vertex 0 85.8096 17.2483
    endloop
  endfacet
  facet normal -1 0 0
    outer loop
      vertex 0 94.0397 27
      vertex 0 91.4397 27
      vertex 0 92.7397 29.2517
    endloop
  endfacet
  facet normal -1 0 0
    outer loop
      vertex 0 91.4397 27
      vertex 0 88.4096 31.7517
      vertex 0 92.7397 29.2517
    endloop
  endfacet
  facet normal -1 0 0
    outer loop
      vertex 0 85.8096 31.7517
      vertex 0 88.4096 31.7517
      vertex 0 87.1096 29.5
    endloop
  endfacet
  facet normal -1 0 0
    outer loop
      vertex 0 87.1096 29.5
      vertex 0 88.4096 31.7517
      vertex 0 91.4397 27
    endloop
  endfacet
  facet normal -1 0 0
    outer loop
      vertex 0 94.0397 27
      vertex 0 97.0699 31.7517
      vertex 0 98.3699 29.5
    endloop
  endfacet
  facet normal -1 0 0
    outer loop
      vertex 0 94.0397 27
      vertex 0 92.7397 29.2517
      vertex 0 97.0699 31.7517
    endloop
  endfacet
  facet normal -1 0 0
    outer loop
      vertex 0 94.0397 22
      vertex 0 91.4397 22
      vertex 0 94.0397 27
    endloop
  endfacet
  facet normal -1 0 0
    outer loop
      vertex 0 91.4397 27
      vertex 0 94.0397 27
      vertex 0 91.4397 22
    endloop
  endfacet
  facet normal -1 0 0
    outer loop
      vertex 0 88.4096 17.2483
      vertex 0 91.4397 22
      vertex 0 92.7397 19.7483
    endloop
  endfacet
  facet normal -1 0 0
    outer loop
      vertex 0 91.4397 22
      vertex 0 88.4096 17.2483
      vertex 0 87.1096 19.5
    endloop
  endfacet
  facet normal -1 0 0
    outer loop
      vertex 0 99.6699 17.2483
      vertex 0 97.0699 17.2483
      vertex 0 98.3699 19.5
    endloop
  endfacet
  facet normal -1 0 0
    outer loop
      vertex 0 97.0699 17.2483
      vertex 0 94.0397 22
      vertex 0 98.3699 19.5
    endloop
  endfacet
  facet normal -1 0 0
    outer loop
      vertex 0 91.4397 22
      vertex 0 94.0397 22
      vertex 0 92.7397 19.7483
    endloop
  endfacet
  facet normal -1 0 0
    outer loop
      vertex 0 92.7397 19.7483
      vertex 0 94.0397 22
      vertex 0 97.0699 17.2483
    endloop
  endfacet
  facet normal -1 0 0
    outer loop
      vertex 0 105.3 27
      vertex 0 102.7 27
      vertex 0 104 29.2517
    endloop
  endfacet
  facet normal -1 0 0
    outer loop
      vertex 0 102.7 27
      vertex 0 99.6699 31.7517
      vertex 0 104 29.2517
    endloop
  endfacet
  facet normal -1 0 0
    outer loop
      vertex 0 97.0699 31.7517
      vertex 0 99.6699 31.7517
      vertex 0 98.3699 29.5
    endloop
  endfacet
  facet normal -1 0 0
    outer loop
      vertex 0 98.3699 29.5
      vertex 0 99.6699 31.7517
      vertex 0 102.7 27
    endloop
  endfacet
  facet normal -1 0 0
    outer loop
      vertex 0 105.3 27
      vertex 0 108.33 31.7517
      vertex 0 109.63 29.5
    endloop
  endfacet
  facet normal -1 0 0
    outer loop
      vertex 0 105.3 27
      vertex 0 104 29.2517
      vertex 0 108.33 31.7517
    endloop
  endfacet
  facet normal -1 0 0
    outer loop
      vertex 0 105.3 22
      vertex 0 102.7 22
      vertex 0 105.3 27
    endloop
  endfacet
  facet normal -1 0 0
    outer loop
      vertex 0 102.7 27
      vertex 0 105.3 27
      vertex 0 102.7 22
    endloop
  endfacet
  facet normal -1 0 0
    outer loop
      vertex 0 99.6699 17.2483
      vertex 0 102.7 22
      vertex 0 104 19.7483
    endloop
  endfacet
  facet normal -1 0 0
    outer loop
      vertex 0 102.7 22
      vertex 0 99.6699 17.2483
      vertex 0 98.3699 19.5
    endloop
  endfacet
  facet normal -1 0 0
    outer loop
      vertex 0 110.93 17.2483
      vertex 0 108.33 17.2483
      vertex 0 109.63 19.5
    endloop
  endfacet
  facet normal -1 0 0
    outer loop
      vertex 0 108.33 17.2483
      vertex 0 105.3 22
      vertex 0 109.63 19.5
    endloop
  endfacet
  facet normal -1 0 0
    outer loop
      vertex 0 102.7 22
      vertex 0 105.3 22
      vertex 0 104 19.7483
    endloop
  endfacet
  facet normal -1 0 0
    outer loop
      vertex 0 104 19.7483
      vertex 0 105.3 22
      vertex 0 108.33 17.2483
    endloop
  endfacet
  facet normal -1 0 0
    outer loop
      vertex 0 116.56 27
      vertex 0 113.96 27
      vertex 0 115.26 29.2517
    endloop
  endfacet
  facet normal -1 0 0
    outer loop
      vertex 0 113.96 27
      vertex 0 110.93 31.7517
      vertex 0 115.26 29.2517
    endloop
  endfacet
  facet normal -1 0 0
    outer loop
      vertex 0 108.33 31.7517
      vertex 0 110.93 31.7517
      vertex 0 109.63 29.5
    endloop
  endfacet
  facet normal -1 0 0
    outer loop
      vertex 0 109.63 29.5
      vertex 0 110.93 31.7517
      vertex 0 113.96 27
    endloop
  endfacet
  facet normal -1 0 0
    outer loop
      vertex 0 116.56 27
      vertex 0 119.59 31.7517
      vertex 0 120.89 29.5
    endloop
  endfacet
  facet normal -1 0 0
    outer loop
      vertex 0 116.56 27
      vertex 0 115.26 29.2517
      vertex 0 119.59 31.7517
    endloop
  endfacet
  facet normal -1 0 0
    outer loop
      vertex 0 116.56 22
      vertex 0 113.96 22
      vertex 0 116.56 27
    endloop
  endfacet
  facet normal -1 0 0
    outer loop
      vertex 0 113.96 27
      vertex 0 116.56 27
      vertex 0 113.96 22
    endloop
  endfacet
  facet normal -1 0 0
    outer loop
      vertex 0 110.93 17.2483
      vertex 0 113.96 22
      vertex 0 115.26 19.7483
    endloop
  endfacet
  facet normal -1 0 0
    outer loop
      vertex 0 113.96 22
      vertex 0 110.93 17.2483
      vertex 0 109.63 19.5
    endloop
  endfacet
  facet normal -1 0 0
    outer loop
      vertex 0 122.19 17.2483
      vertex 0 119.59 17.2483
      vertex 0 120.89 19.5
    endloop
  endfacet
  facet normal -1 0 0
    outer loop
      vertex 0 119.59 17.2483
      vertex 0 116.56 22
      vertex 0 120.89 19.5
    endloop
  endfacet
  facet normal -1 0 0
    outer loop
      vertex 0 113.96 22
      vertex 0 116.56 22
      vertex 0 115.26 19.7483
    endloop
  endfacet
  facet normal -1 0 0
    outer loop
      vertex 0 115.26 19.7483
      vertex 0 116.56 22
      vertex 0 119.59 17.2483
    endloop
  endfacet
  facet normal -1 0 0
    outer loop
      vertex 0 127.821 27
      vertex 0 125.221 27
      vertex 0 126.521 29.2517
    endloop
  endfacet
  facet normal -1 0 0
    outer loop
      vertex 0 125.221 27
      vertex 0 122.19 31.7517
      vertex 0 126.521 29.2517
    endloop
  endfacet
  facet normal -1 0 0
    outer loop
      vertex 0 119.59 31.7517
      vertex 0 122.19 31.7517
      vertex 0 120.89 29.5
    endloop
  endfacet
  facet normal -1 0 0
    outer loop
      vertex 0 120.89 29.5
      vertex 0 122.19 31.7517
      vertex 0 125.221 27
    endloop
  endfacet
  facet normal -1 0 0
    outer loop
      vertex 0 127.821 27
      vertex 0 130.851 31.7517
      vertex 0 132.151 29.5
    endloop
  endfacet
  facet normal -1 0 0
    outer loop
      vertex 0 127.821 27
      vertex 0 126.521 29.2517
      vertex 0 130.851 31.7517
    endloop
  endfacet
  facet normal -1 0 0
    outer loop
      vertex 0 127.821 22
      vertex 0 125.221 22
      vertex 0 127.821 27
    endloop
  endfacet
  facet normal -1 0 0
    outer loop
      vertex 0 125.221 27
      vertex 0 127.821 27
      vertex 0 125.221 22
    endloop
  endfacet
  facet normal -1 0 0
    outer loop
      vertex 0 122.19 17.2483
      vertex 0 125.221 22
      vertex 0 126.521 19.7483
    endloop
  endfacet
  facet normal -1 0 0
    outer loop
      vertex 0 125.221 22
      vertex 0 122.19 17.2483
      vertex 0 120.89 19.5
    endloop
  endfacet
  facet normal -1 0 0
    outer loop
      vertex 0 133.451 17.2483
      vertex 0 130.851 17.2483
      vertex 0 132.151 19.5
    endloop
  endfacet
  facet normal -1 0 0
    outer loop
      vertex 0 130.851 17.2483
      vertex 0 127.821 22
      vertex 0 132.151 19.5
    endloop
  endfacet
  facet normal -1 0 0
    outer loop
      vertex 0 125.221 22
      vertex 0 127.821 22
      vertex 0 126.521 19.7483
    endloop
  endfacet
  facet normal -1 0 0
    outer loop
      vertex 0 126.521 19.7483
      vertex 0 127.821 22
      vertex 0 130.851 17.2483
    endloop
  endfacet
  facet normal -1 0 0
    outer loop
      vertex 0 139.081 27
      vertex 0 136.481 27
      vertex 0 137.781 29.2517
    endloop
  endfacet
  facet normal -1 0 0
    outer loop
      vertex 0 136.481 27
      vertex 0 133.451 31.7517
      vertex 0 137.781 29.2517
    endloop
  endfacet
  facet normal -1 0 0
    outer loop
      vertex 0 130.851 31.7517
      vertex 0 133.451 31.7517
      vertex 0 132.151 29.5
    endloop
  endfacet
  facet normal -1 0 0
    outer loop
      vertex 0 132.151 29.5
      vertex 0 133.451 31.7517
      vertex 0 136.481 27
    endloop
  endfacet
  facet normal -1 0 0
    outer loop
      vertex 0 139.081 27
      vertex 0 142.111 31.7517
      vertex 0 143.411 29.5
    endloop
  endfacet
  facet normal -1 0 0
    outer loop
      vertex 0 139.081 27
      vertex 0 137.781 29.2517
      vertex 0 142.111 31.7517
    endloop
  endfacet
  facet normal -1 0 0
    outer loop
      vertex 0 139.081 22
      vertex 0 136.481 22
      vertex 0 139.081 27
    endloop
  endfacet
  facet normal -1 0 0
    outer loop
      vertex 0 136.481 27
      vertex 0 139.081 27
      vertex 0 136.481 22
    endloop
  endfacet
  facet normal -1 0 0
    outer loop
      vertex 0 133.451 17.2483
      vertex 0 136.481 22
      vertex 0 137.781 19.7483
    endloop
  endfacet
  facet normal -1 0 0
    outer loop
      vertex 0 136.481 22
      vertex 0 133.451 17.2483
      vertex 0 132.151 19.5
    endloop
  endfacet
  facet normal -1 0 0
    outer loop
      vertex 0 144.711 17.2483
      vertex 0 142.111 17.2483
      vertex 0 143.411 19.5
    endloop
  endfacet
  facet normal -1 0 0
    outer loop
      vertex 0 142.111 17.2483
      vertex 0 139.081 22
      vertex 0 143.411 19.5
    endloop
  endfacet
  facet normal -1 0 0
    outer loop
      vertex 0 136.481 22
      vertex 0 139.081 22
      vertex 0 137.781 19.7483
    endloop
  endfacet
  facet normal -1 0 0
    outer loop
      vertex 0 137.781 19.7483
      vertex 0 139.081 22
      vertex 0 142.111 17.2483
    endloop
  endfacet
  facet normal -1 0 0
    outer loop
      vertex 0 150.341 27
      vertex 0 147.741 27
      vertex 0 149.041 29.2517
    endloop
  endfacet
  facet normal -1 0 0
    outer loop
      vertex 0 147.741 27
      vertex 0 144.711 31.7517
      vertex 0 149.041 29.2517
    endloop
  endfacet
  facet normal -1 0 0
    outer loop
      vertex 0 142.111 31.7517
      vertex 0 144.711 31.7517
      vertex 0 143.411 29.5
    endloop
  endfacet
  facet normal -1 0 0
    outer loop
      vertex 0 143.411 29.5
      vertex 0 144.711 31.7517
      vertex 0 147.741 27
    endloop
  endfacet
  facet normal -1 0 0
    outer loop
      vertex 0 150.341 27
      vertex 0 153.371 31.7517
      vertex 0 154.671 29.5
    endloop
  endfacet
  facet normal -1 0 0
    outer loop
      vertex 0 150.341 27
      vertex 0 149.041 29.2517
      vertex 0 153.371 31.7517
    endloop
  endfacet
  facet normal -1 0 0
    outer loop
      vertex 0 150.341 22
      vertex 0 147.741 22
      vertex 0 150.341 27
    endloop
  endfacet
  facet normal -1 0 0
    outer loop
      vertex 0 147.741 27
      vertex 0 150.341 27
      vertex 0 147.741 22
    endloop
  endfacet
  facet normal -1 0 0
    outer loop
      vertex 0 144.711 17.2483
      vertex 0 147.741 22
      vertex 0 149.041 19.7483
    endloop
  endfacet
  facet normal -1 0 0
    outer loop
      vertex 0 147.741 22
      vertex 0 144.711 17.2483
      vertex 0 143.411 19.5
    endloop
  endfacet
  facet normal -1 0 0
    outer loop
      vertex 0 155.971 17.2483
      vertex 0 153.371 17.2483
      vertex 0 154.671 19.5
    endloop
  endfacet
  facet normal -1 0 0
    outer loop
      vertex 0 153.371 17.2483
      vertex 0 150.341 22
      vertex 0 154.671 19.5
    endloop
  endfacet
  facet normal -1 0 0
    outer loop
      vertex 0 147.741 22
      vertex 0 150.341 22
      vertex 0 149.041 19.7483
    endloop
  endfacet
  facet normal -1 0 0
    outer loop
      vertex 0 149.041 19.7483
      vertex 0 150.341 22
      vertex 0 153.371 17.2483
    endloop
  endfacet
  facet normal -1 0 0
    outer loop
      vertex 0 161.601 27
      vertex 0 159.001 27
      vertex 0 160.301 29.2517
    endloop
  endfacet
  facet normal -1 0 0
    outer loop
      vertex 0 159.001 27
      vertex 0 155.971 31.7517
      vertex 0 160.301 29.2517
    endloop
  endfacet
  facet normal -1 0 0
    outer loop
      vertex 0 153.371 31.7517
      vertex 0 155.971 31.7517
      vertex 0 154.671 29.5
    endloop
  endfacet
  facet normal -1 0 0
    outer loop
      vertex 0 154.671 29.5
      vertex 0 155.971 31.7517
      vertex 0 159.001 27
    endloop
  endfacet
  facet normal -1 0 0
    outer loop
      vertex 0 161.601 27
      vertex 0 164.631 31.7517
      vertex 0 165.931 29.5
    endloop
  endfacet
  facet normal -1 0 0
    outer loop
      vertex 0 161.601 27
      vertex 0 160.301 29.2517
      vertex 0 164.631 31.7517
    endloop
  endfacet
  facet normal -1 0 0
    outer loop
      vertex 0 161.601 22
      vertex 0 159.001 22
      vertex 0 161.601 27
    endloop
  endfacet
  facet normal -1 0 0
    outer loop
      vertex 0 159.001 27
      vertex 0 161.601 27
      vertex 0 159.001 22
    endloop
  endfacet
  facet normal -1 0 0
    outer loop
      vertex 0 155.971 17.2483
      vertex 0 159.001 22
      vertex 0 160.301 19.7483
    endloop
  endfacet
  facet normal -1 0 0
    outer loop
      vertex 0 159.001 22
      vertex 0 155.971 17.2483
      vertex 0 154.671 19.5
    endloop
  endfacet
  facet normal -1 0 0
    outer loop
      vertex 0 167.231 17.2483
      vertex 0 164.631 17.2483
      vertex 0 165.931 19.5
    endloop
  endfacet
  facet normal -1 0 0
    outer loop
      vertex 0 164.631 17.2483
      vertex 0 161.601 22
      vertex 0 165.931 19.5
    endloop
  endfacet
  facet normal -1 0 0
    outer loop
      vertex 0 159.001 22
      vertex 0 161.601 22
      vertex 0 160.301 19.7483
    endloop
  endfacet
  facet normal -1 0 0
    outer loop
      vertex 0 160.301 19.7483
      vertex 0 161.601 22
      vertex 0 164.631 17.2483
    endloop
  endfacet
  facet normal -1 0 0
    outer loop
      vertex 0 172.862 27
      vertex 0 170.262 27
      vertex 0 171.562 29.2517
    endloop
  endfacet
  facet normal -1 0 0
    outer loop
      vertex 0 170.262 27
      vertex 0 167.231 31.7517
      vertex 0 171.562 29.2517
    endloop
  endfacet
  facet normal -1 0 0
    outer loop
      vertex 0 164.631 31.7517
      vertex 0 167.231 31.7517
      vertex 0 165.931 29.5
    endloop
  endfacet
  facet normal -1 0 0
    outer loop
      vertex 0 165.931 29.5
      vertex 0 167.231 31.7517
      vertex 0 170.262 27
    endloop
  endfacet
  facet normal -1 0 0
    outer loop
      vertex 0 172.862 27
      vertex 0 175.892 31.7517
      vertex 0 177.192 29.5
    endloop
  endfacet
  facet normal -1 0 0
    outer loop
      vertex 0 172.862 27
      vertex 0 171.562 29.2517
      vertex 0 175.892 31.7517
    endloop
  endfacet
  facet normal -1 0 0
    outer loop
      vertex 0 172.862 22
      vertex 0 170.262 22
      vertex 0 172.862 27
    endloop
  endfacet
  facet normal -1 0 0
    outer loop
      vertex 0 170.262 27
      vertex 0 172.862 27
      vertex 0 170.262 22
    endloop
  endfacet
  facet normal -1 0 0
    outer loop
      vertex 0 167.231 17.2483
      vertex 0 170.262 22
      vertex 0 171.562 19.7483
    endloop
  endfacet
  facet normal -1 0 0
    outer loop
      vertex 0 170.262 22
      vertex 0 167.231 17.2483
      vertex 0 165.931 19.5
    endloop
  endfacet
  facet normal -1 0 0
    outer loop
      vertex 0 178.492 17.2483
      vertex 0 175.892 17.2483
      vertex 0 177.192 19.5
    endloop
  endfacet
  facet normal -1 0 0
    outer loop
      vertex 0 175.892 17.2483
      vertex 0 172.862 22
      vertex 0 177.192 19.5
    endloop
  endfacet
  facet normal -1 0 0
    outer loop
      vertex 0 170.262 22
      vertex 0 172.862 22
      vertex 0 171.562 19.7483
    endloop
  endfacet
  facet normal -1 0 0
    outer loop
      vertex 0 171.562 19.7483
      vertex 0 172.862 22
      vertex 0 175.892 17.2483
    endloop
  endfacet
  facet normal -1 0 0
    outer loop
      vertex 0 184.122 27
      vertex 0 181.522 27
      vertex 0 182.822 29.2517
    endloop
  endfacet
  facet normal -1 0 0
    outer loop
      vertex 0 181.522 27
      vertex 0 178.492 31.7517
      vertex 0 182.822 29.2517
    endloop
  endfacet
  facet normal -1 0 0
    outer loop
      vertex 0 175.892 31.7517
      vertex 0 178.492 31.7517
      vertex 0 177.192 29.5
    endloop
  endfacet
  facet normal -1 0 0
    outer loop
      vertex 0 177.192 29.5
      vertex 0 178.492 31.7517
      vertex 0 181.522 27
    endloop
  endfacet
  facet normal -1 0 0
    outer loop
      vertex 0 184.122 27
      vertex 0 187.152 31.7517
      vertex 0 188.452 29.5
    endloop
  endfacet
  facet normal -1 0 0
    outer loop
      vertex 0 184.122 27
      vertex 0 182.822 29.2517
      vertex 0 187.152 31.7517
    endloop
  endfacet
  facet normal -1 0 0
    outer loop
      vertex 0 184.122 22
      vertex 0 181.522 22
      vertex 0 184.122 27
    endloop
  endfacet
  facet normal -1 0 0
    outer loop
      vertex 0 181.522 27
      vertex 0 184.122 27
      vertex 0 181.522 22
    endloop
  endfacet
  facet normal -1 0 0
    outer loop
      vertex 0 178.492 17.2483
      vertex 0 181.522 22
      vertex 0 182.822 19.7483
    endloop
  endfacet
  facet normal -1 0 0
    outer loop
      vertex 0 181.522 22
      vertex 0 178.492 17.2483
      vertex 0 177.192 19.5
    endloop
  endfacet
  facet normal -1 0 0
    outer loop
      vertex 0 189.752 17.2483
      vertex 0 187.152 17.2483
      vertex 0 188.452 19.5
    endloop
  endfacet
  facet normal -1 0 0
    outer loop
      vertex 0 187.152 17.2483
      vertex 0 184.122 22
      vertex 0 188.452 19.5
    endloop
  endfacet
  facet normal -1 0 0
    outer loop
      vertex 0 181.522 22
      vertex 0 184.122 22
      vertex 0 182.822 19.7483
    endloop
  endfacet
  facet normal -1 0 0
    outer loop
      vertex 0 182.822 19.7483
      vertex 0 184.122 22
      vertex 0 187.152 17.2483
    endloop
  endfacet
  facet normal -1 0 0
    outer loop
      vertex 0 194.082 19.7483
      vertex 0 198.412 31.7517
      vertex 0 198.412 17.2483
    endloop
  endfacet
  facet normal -1 0 0
    outer loop
      vertex 0 194.082 19.7483
      vertex 0 194.082 29.2517
      vertex 0 198.412 31.7517
    endloop
  endfacet
  facet normal -1 0 0
    outer loop
      vertex 0 194.082 19.7483
      vertex 0 192.782 22
      vertex 0 194.082 29.2517
    endloop
  endfacet
  facet normal -1 0 0
    outer loop
      vertex 0 189.752 17.2483
      vertex 0 192.782 22
      vertex 0 194.082 19.7483
    endloop
  endfacet
  facet normal -1 0 0
    outer loop
      vertex 0 192.782 22
      vertex 0 189.752 17.2483
      vertex 0 188.452 19.5
    endloop
  endfacet
  facet normal -1 0 0
    outer loop
      vertex 0 198.412 17.2483
      vertex 0 208 0
      vertex 0 198.412 12.2483
    endloop
  endfacet
  facet normal -1 0 0
    outer loop
      vertex 0 208 0
      vertex 0 194.082 9.74832
      vertex 0 198.412 12.2483
    endloop
  endfacet
  facet normal -1 0 0
    outer loop
      vertex 0 182.822 9.74832
      vertex 0 194.082 9.74832
      vertex 0 208 0
    endloop
  endfacet
  facet normal -1 0 0
    outer loop
      vertex 0 187.152 12.2483
      vertex 0 189.752 17.2483
      vertex 0 189.752 12.2483
    endloop
  endfacet
  facet normal -1 0 0
    outer loop
      vertex 0 187.152 17.2483
      vertex 0 189.752 17.2483
      vertex 0 187.152 12.2483
    endloop
  endfacet
  facet normal -1 0 0
    outer loop
      vertex 0 194.082 9.74832
      vertex 0 182.822 9.74832
      vertex 0 189.752 12.2483
    endloop
  endfacet
  facet normal -1 -0 0
    outer loop
      vertex 0 189.752 12.2483
      vertex 0 182.822 9.74832
      vertex 0 187.152 12.2483
    endloop
  endfacet
  facet normal -1 0 0
    outer loop
      vertex 0 175.892 12.2483
      vertex 0 178.492 17.2483
      vertex 0 178.492 12.2483
    endloop
  endfacet
  facet normal -1 0 0
    outer loop
      vertex 0 175.892 17.2483
      vertex 0 178.492 17.2483
      vertex 0 175.892 12.2483
    endloop
  endfacet
  facet normal -1 0 0
    outer loop
      vertex 0 182.822 9.74832
      vertex 0 175.892 12.2483
      vertex 0 178.492 12.2483
    endloop
  endfacet
  facet normal -1 0 0
    outer loop
      vertex 0 171.562 9.74832
      vertex 0 182.822 9.74832
      vertex 0 208 0
    endloop
  endfacet
  facet normal -1 0 0
    outer loop
      vertex 0 182.822 9.74832
      vertex 0 171.562 9.74832
      vertex 0 175.892 12.2483
    endloop
  endfacet
  facet normal -1 0 0
    outer loop
      vertex 0 164.631 12.2483
      vertex 0 167.231 17.2483
      vertex 0 167.231 12.2483
    endloop
  endfacet
  facet normal -1 0 0
    outer loop
      vertex 0 164.631 17.2483
      vertex 0 167.231 17.2483
      vertex 0 164.631 12.2483
    endloop
  endfacet
  facet normal -1 0 0
    outer loop
      vertex 0 171.562 9.74832
      vertex 0 164.631 12.2483
      vertex 0 167.231 12.2483
    endloop
  endfacet
  facet normal -1 0 0
    outer loop
      vertex 0 171.562 9.74832
      vertex 0 160.301 9.74832
      vertex 0 164.631 12.2483
    endloop
  endfacet
  facet normal -1 0 0
    outer loop
      vertex 0 208 0
      vertex 0 160.301 9.74832
      vertex 0 171.562 9.74832
    endloop
  endfacet
  facet normal -1 0 0
    outer loop
      vertex 0 153.371 12.2483
      vertex 0 155.971 17.2483
      vertex 0 155.971 12.2483
    endloop
  endfacet
  facet normal -1 0 0
    outer loop
      vertex 0 153.371 17.2483
      vertex 0 155.971 17.2483
      vertex 0 153.371 12.2483
    endloop
  endfacet
  facet normal -1 0 0
    outer loop
      vertex 0 160.301 9.74832
      vertex 0 153.371 12.2483
      vertex 0 155.971 12.2483
    endloop
  endfacet
  facet normal -1 0 0
    outer loop
      vertex 0 160.301 9.74832
      vertex 0 149.041 9.74832
      vertex 0 153.371 12.2483
    endloop
  endfacet
  facet normal -1 0 0
    outer loop
      vertex 0 208 0
      vertex 0 149.041 9.74832
      vertex 0 160.301 9.74832
    endloop
  endfacet
  facet normal -1 0 0
    outer loop
      vertex 0 142.111 12.2483
      vertex 0 144.711 17.2483
      vertex 0 144.711 12.2483
    endloop
  endfacet
  facet normal -1 0 0
    outer loop
      vertex 0 142.111 17.2483
      vertex 0 144.711 17.2483
      vertex 0 142.111 12.2483
    endloop
  endfacet
  facet normal -1 0 0
    outer loop
      vertex 0 149.041 9.74832
      vertex 0 142.111 12.2483
      vertex 0 144.711 12.2483
    endloop
  endfacet
  facet normal -1 0 0
    outer loop
      vertex 0 149.041 9.74832
      vertex 0 137.781 9.74832
      vertex 0 142.111 12.2483
    endloop
  endfacet
  facet normal -1 0 0
    outer loop
      vertex 0 208 0
      vertex 0 137.781 9.74832
      vertex 0 149.041 9.74832
    endloop
  endfacet
  facet normal -1 0 0
    outer loop
      vertex 0 130.851 12.2483
      vertex 0 133.451 17.2483
      vertex 0 133.451 12.2483
    endloop
  endfacet
  facet normal -1 0 0
    outer loop
      vertex 0 130.851 17.2483
      vertex 0 133.451 17.2483
      vertex 0 130.851 12.2483
    endloop
  endfacet
  facet normal -1 0 0
    outer loop
      vertex 0 137.781 9.74832
      vertex 0 130.851 12.2483
      vertex 0 133.451 12.2483
    endloop
  endfacet
  facet normal -1 0 0
    outer loop
      vertex 0 137.781 9.74832
      vertex 0 126.521 9.74832
      vertex 0 130.851 12.2483
    endloop
  endfacet
  facet normal -1 0 0
    outer loop
      vertex 0 208 0
      vertex 0 126.521 9.74832
      vertex 0 137.781 9.74832
    endloop
  endfacet
  facet normal -1 0 0
    outer loop
      vertex 0 119.59 12.2483
      vertex 0 122.19 17.2483
      vertex 0 122.19 12.2483
    endloop
  endfacet
  facet normal -1 0 0
    outer loop
      vertex 0 119.59 17.2483
      vertex 0 122.19 17.2483
      vertex 0 119.59 12.2483
    endloop
  endfacet
  facet normal -1 0 0
    outer loop
      vertex 0 126.521 9.74832
      vertex 0 119.59 12.2483
      vertex 0 122.19 12.2483
    endloop
  endfacet
  facet normal -1 0 0
    outer loop
      vertex 0 126.521 9.74832
      vertex 0 115.26 9.74832
      vertex 0 119.59 12.2483
    endloop
  endfacet
  facet normal -1 0 0
    outer loop
      vertex 0 208 0
      vertex 0 115.26 9.74832
      vertex 0 126.521 9.74832
    endloop
  endfacet
  facet normal -1 0 0
    outer loop
      vertex 0 108.33 12.2483
      vertex 0 110.93 17.2483
      vertex 0 110.93 12.2483
    endloop
  endfacet
  facet normal -1 0 0
    outer loop
      vertex 0 108.33 17.2483
      vertex 0 110.93 17.2483
      vertex 0 108.33 12.2483
    endloop
  endfacet
  facet normal -1 0 0
    outer loop
      vertex 0 115.26 9.74832
      vertex 0 108.33 12.2483
      vertex 0 110.93 12.2483
    endloop
  endfacet
  facet normal -1 0 0
    outer loop
      vertex 0 115.26 9.74832
      vertex 0 104 9.74832
      vertex 0 108.33 12.2483
    endloop
  endfacet
  facet normal -1 0 0
    outer loop
      vertex 0 208 0
      vertex 0 104 9.74832
      vertex 0 115.26 9.74832
    endloop
  endfacet
  facet normal -1 0 0
    outer loop
      vertex 0 97.0699 12.2483
      vertex 0 99.6699 17.2483
      vertex 0 99.6699 12.2483
    endloop
  endfacet
  facet normal -1 0 0
    outer loop
      vertex 0 97.0699 17.2483
      vertex 0 99.6699 17.2483
      vertex 0 97.0699 12.2483
    endloop
  endfacet
  facet normal -1 0 0
    outer loop
      vertex 0 104 9.74832
      vertex 0 97.0699 12.2483
      vertex 0 99.6699 12.2483
    endloop
  endfacet
  facet normal -1 0 0
    outer loop
      vertex 0 104 9.74832
      vertex 0 92.7397 9.74832
      vertex 0 97.0699 12.2483
    endloop
  endfacet
  facet normal -1 0 0
    outer loop
      vertex 0 0 0
      vertex 0 104 9.74832
      vertex 0 208 0
    endloop
  endfacet
  facet normal -1 0 0
    outer loop
      vertex 0 85.8096 12.2483
      vertex 0 88.4096 17.2483
      vertex 0 88.4096 12.2483
    endloop
  endfacet
  facet normal -1 0 0
    outer loop
      vertex 0 85.8096 17.2483
      vertex 0 88.4096 17.2483
      vertex 0 85.8096 12.2483
    endloop
  endfacet
  facet normal -1 0 0
    outer loop
      vertex 0 92.7397 9.74832
      vertex 0 85.8096 12.2483
      vertex 0 88.4096 12.2483
    endloop
  endfacet
  facet normal -1 0 0
    outer loop
      vertex 0 92.7397 9.74832
      vertex 0 81.4795 9.74832
      vertex 0 85.8096 12.2483
    endloop
  endfacet
  facet normal -1 -0 0
    outer loop
      vertex 0 104 9.74832
      vertex 0 0 0
      vertex 0 92.7397 9.74832
    endloop
  endfacet
  facet normal -1 0 0
    outer loop
      vertex 0 74.5493 12.2483
      vertex 0 77.1494 17.2483
      vertex 0 77.1494 12.2483
    endloop
  endfacet
  facet normal -1 0 0
    outer loop
      vertex 0 74.5493 17.2483
      vertex 0 77.1494 17.2483
      vertex 0 74.5493 12.2483
    endloop
  endfacet
  facet normal -1 0 0
    outer loop
      vertex 0 81.4795 9.74832
      vertex 0 74.5493 12.2483
      vertex 0 77.1494 12.2483
    endloop
  endfacet
  facet normal -1 0 0
    outer loop
      vertex 0 81.4795 9.74832
      vertex 0 70.2192 9.74832
      vertex 0 74.5493 12.2483
    endloop
  endfacet
  facet normal -1 -0 0
    outer loop
      vertex 0 92.7397 9.74832
      vertex 0 0 0
      vertex 0 81.4795 9.74832
    endloop
  endfacet
  facet normal -1 0 0
    outer loop
      vertex 0 63.2891 12.2483
      vertex 0 65.8891 17.2483
      vertex 0 65.8891 12.2483
    endloop
  endfacet
  facet normal -1 0 0
    outer loop
      vertex 0 63.2891 17.2483
      vertex 0 65.8891 17.2483
      vertex 0 63.2891 12.2483
    endloop
  endfacet
  facet normal -1 0 0
    outer loop
      vertex 0 70.2192 9.74832
      vertex 0 63.2891 12.2483
      vertex 0 65.8891 12.2483
    endloop
  endfacet
  facet normal -1 0 0
    outer loop
      vertex 0 70.2192 9.74832
      vertex 0 58.959 9.74832
      vertex 0 63.2891 12.2483
    endloop
  endfacet
  facet normal -1 -0 0
    outer loop
      vertex 0 81.4795 9.74832
      vertex 0 0 0
      vertex 0 70.2192 9.74832
    endloop
  endfacet
  facet normal -1 0 0
    outer loop
      vertex 0 52.0288 12.2483
      vertex 0 54.6288 17.2483
      vertex 0 54.6288 12.2483
    endloop
  endfacet
  facet normal -1 0 0
    outer loop
      vertex 0 52.0288 17.2483
      vertex 0 54.6288 17.2483
      vertex 0 52.0288 12.2483
    endloop
  endfacet
  facet normal -1 0 0
    outer loop
      vertex 0 58.959 9.74832
      vertex 0 52.0288 12.2483
      vertex 0 54.6288 12.2483
    endloop
  endfacet
  facet normal -1 0 0
    outer loop
      vertex 0 58.959 9.74832
      vertex 0 47.6987 9.74832
      vertex 0 52.0288 12.2483
    endloop
  endfacet
  facet normal -1 -0 0
    outer loop
      vertex 0 70.2192 9.74832
      vertex 0 0 0
      vertex 0 58.959 9.74832
    endloop
  endfacet
  facet normal -1 0 0
    outer loop
      vertex 0 40.7686 12.2483
      vertex 0 43.3686 17.2483
      vertex 0 43.3686 12.2483
    endloop
  endfacet
  facet normal -1 0 0
    outer loop
      vertex 0 40.7686 17.2483
      vertex 0 43.3686 17.2483
      vertex 0 40.7686 12.2483
    endloop
  endfacet
  facet normal -1 0 0
    outer loop
      vertex 0 47.6987 9.74832
      vertex 0 40.7686 12.2483
      vertex 0 43.3686 12.2483
    endloop
  endfacet
  facet normal -1 0 0
    outer loop
      vertex 0 47.6987 9.74832
      vertex 0 36.4385 9.74832
      vertex 0 40.7686 12.2483
    endloop
  endfacet
  facet normal -1 -0 0
    outer loop
      vertex 0 58.959 9.74832
      vertex 0 0 0
      vertex 0 47.6987 9.74832
    endloop
  endfacet
  facet normal -1 0 0
    outer loop
      vertex 0 29.5083 12.2483
      vertex 0 32.1083 17.2483
      vertex 0 32.1083 12.2483
    endloop
  endfacet
  facet normal -1 0 0
    outer loop
      vertex 0 29.5083 17.2483
      vertex 0 32.1083 17.2483
      vertex 0 29.5083 12.2483
    endloop
  endfacet
  facet normal -1 0 0
    outer loop
      vertex 0 36.4385 9.74832
      vertex 0 29.5083 12.2483
      vertex 0 32.1083 12.2483
    endloop
  endfacet
  facet normal -1 0 0
    outer loop
      vertex 0 36.4385 9.74832
      vertex 0 25.1782 9.74832
      vertex 0 29.5083 12.2483
    endloop
  endfacet
  facet normal -1 -0 0
    outer loop
      vertex 0 47.6987 9.74832
      vertex 0 0 0
      vertex 0 36.4385 9.74832
    endloop
  endfacet
  facet normal -1 0 0
    outer loop
      vertex 0 18.2481 12.2483
      vertex 0 20.8481 17.2483
      vertex 0 20.8481 12.2483
    endloop
  endfacet
  facet normal -1 0 0
    outer loop
      vertex 0 18.2481 17.2483
      vertex 0 20.8481 17.2483
      vertex 0 18.2481 12.2483
    endloop
  endfacet
  facet normal -1 0 0
    outer loop
      vertex 0 25.1782 9.74832
      vertex 0 18.2481 12.2483
      vertex 0 20.8481 12.2483
    endloop
  endfacet
  facet normal -1 0 0
    outer loop
      vertex 0 25.1782 9.74832
      vertex 0 13.918 9.74832
      vertex 0 18.2481 12.2483
    endloop
  endfacet
  facet normal -1 -0 0
    outer loop
      vertex 0 36.4385 9.74832
      vertex 0 0 0
      vertex 0 25.1782 9.74832
    endloop
  endfacet
  facet normal -1 0 0
    outer loop
      vertex 0 0 0
      vertex 0 9.58783 17.2483
      vertex 0 9.58783 12.2483
    endloop
  endfacet
  facet normal -1 -0 0
    outer loop
      vertex 0 9.58783 17.2483
      vertex 0 0 0
      vertex 0 9.58783 31.7517
    endloop
  endfacet
  facet normal -1 0 0
    outer loop
      vertex 0 0 60
      vertex 0 9.58783 31.7517
      vertex 0 0 0
    endloop
  endfacet
  facet normal -1 -0 0
    outer loop
      vertex 0 13.918 9.74832
      vertex 0 0 0
      vertex 0 9.58783 12.2483
    endloop
  endfacet
  facet normal -1 -0 0
    outer loop
      vertex 0 25.1782 9.74832
      vertex 0 0 0
      vertex 0 13.918 9.74832
    endloop
  endfacet
  facet normal -1 0 0
    outer loop
      vertex 0 198.412 31.7517
      vertex 0 208 0
      vertex 0 198.412 17.2483
    endloop
  endfacet
  facet normal -1 0 0
    outer loop
      vertex 0 208 0
      vertex 0 198.412 31.7517
      vertex 0 208 60
    endloop
  endfacet
  facet normal -1 0 0
    outer loop
      vertex 0 198.412 36.7517
      vertex 0 208 60
      vertex 0 198.412 31.7517
    endloop
  endfacet
  facet normal -1 0 0
    outer loop
      vertex 0 194.082 39.2517
      vertex 0 208 60
      vertex 0 198.412 36.7517
    endloop
  endfacet
  facet normal -1 0 0
    outer loop
      vertex 0 182.822 39.2517
      vertex 0 194.082 39.2517
      vertex 0 189.752 36.7517
    endloop
  endfacet
  facet normal -1 0 0
    outer loop
      vertex 0 189.752 31.7517
      vertex 0 187.152 31.7517
      vertex 0 189.752 36.7517
    endloop
  endfacet
  facet normal -1 0 0
    outer loop
      vertex 0 187.152 36.7517
      vertex 0 189.752 36.7517
      vertex 0 187.152 31.7517
    endloop
  endfacet
  facet normal -1 0 0
    outer loop
      vertex 0 182.822 39.2517
      vertex 0 189.752 36.7517
      vertex 0 187.152 36.7517
    endloop
  endfacet
  facet normal -1 0 0
    outer loop
      vertex 0 194.082 39.2517
      vertex 0 182.822 39.2517
      vertex 0 208 60
    endloop
  endfacet
  facet normal -1 0 0
    outer loop
      vertex 0 171.562 39.2517
      vertex 0 182.822 39.2517
      vertex 0 178.492 36.7517
    endloop
  endfacet
  facet normal -1 0 0
    outer loop
      vertex 0 178.492 31.7517
      vertex 0 175.892 31.7517
      vertex 0 178.492 36.7517
    endloop
  endfacet
  facet normal -1 0 0
    outer loop
      vertex 0 175.892 36.7517
      vertex 0 178.492 36.7517
      vertex 0 175.892 31.7517
    endloop
  endfacet
  facet normal -1 0 0
    outer loop
      vertex 0 171.562 39.2517
      vertex 0 178.492 36.7517
      vertex 0 175.892 36.7517
    endloop
  endfacet
  facet normal -1 0 0
    outer loop
      vertex 0 182.822 39.2517
      vertex 0 171.562 39.2517
      vertex 0 208 60
    endloop
  endfacet
  facet normal -1 0 0
    outer loop
      vertex 0 167.231 31.7517
      vertex 0 164.631 31.7517
      vertex 0 167.231 36.7517
    endloop
  endfacet
  facet normal -1 0 0
    outer loop
      vertex 0 164.631 36.7517
      vertex 0 167.231 36.7517
      vertex 0 164.631 31.7517
    endloop
  endfacet
  facet normal -1 0 0
    outer loop
      vertex 0 164.631 36.7517
      vertex 0 171.562 39.2517
      vertex 0 167.231 36.7517
    endloop
  endfacet
  facet normal -1 0 0
    outer loop
      vertex 0 160.301 39.2517
      vertex 0 171.562 39.2517
      vertex 0 164.631 36.7517
    endloop
  endfacet
  facet normal -1 0 0
    outer loop
      vertex 0 171.562 39.2517
      vertex 0 160.301 39.2517
      vertex 0 208 60
    endloop
  endfacet
  facet normal -1 0 0
    outer loop
      vertex 0 155.971 31.7517
      vertex 0 153.371 31.7517
      vertex 0 155.971 36.7517
    endloop
  endfacet
  facet normal -1 0 0
    outer loop
      vertex 0 153.371 36.7517
      vertex 0 155.971 36.7517
      vertex 0 153.371 31.7517
    endloop
  endfacet
  facet normal -1 0 0
    outer loop
      vertex 0 153.371 36.7517
      vertex 0 160.301 39.2517
      vertex 0 155.971 36.7517
    endloop
  endfacet
  facet normal -1 0 0
    outer loop
      vertex 0 149.041 39.2517
      vertex 0 160.301 39.2517
      vertex 0 153.371 36.7517
    endloop
  endfacet
  facet normal -1 0 0
    outer loop
      vertex 0 160.301 39.2517
      vertex 0 149.041 39.2517
      vertex 0 208 60
    endloop
  endfacet
  facet normal -1 0 0
    outer loop
      vertex 0 144.711 31.7517
      vertex 0 142.111 31.7517
      vertex 0 144.711 36.7517
    endloop
  endfacet
  facet normal -1 0 0
    outer loop
      vertex 0 142.111 36.7517
      vertex 0 144.711 36.7517
      vertex 0 142.111 31.7517
    endloop
  endfacet
  facet normal -1 0 0
    outer loop
      vertex 0 142.111 36.7517
      vertex 0 149.041 39.2517
      vertex 0 144.711 36.7517
    endloop
  endfacet
  facet normal -1 0 0
    outer loop
      vertex 0 137.781 39.2517
      vertex 0 149.041 39.2517
      vertex 0 142.111 36.7517
    endloop
  endfacet
  facet normal -1 0 0
    outer loop
      vertex 0 137.781 39.2517
      vertex 0 208 60
      vertex 0 149.041 39.2517
    endloop
  endfacet
  facet normal -1 0 0
    outer loop
      vertex 0 133.451 31.7517
      vertex 0 130.851 31.7517
      vertex 0 133.451 36.7517
    endloop
  endfacet
  facet normal -1 0 0
    outer loop
      vertex 0 130.851 36.7517
      vertex 0 133.451 36.7517
      vertex 0 130.851 31.7517
    endloop
  endfacet
  facet normal -1 0 0
    outer loop
      vertex 0 130.851 36.7517
      vertex 0 137.781 39.2517
      vertex 0 133.451 36.7517
    endloop
  endfacet
  facet normal -1 0 0
    outer loop
      vertex 0 126.521 39.2517
      vertex 0 137.781 39.2517
      vertex 0 130.851 36.7517
    endloop
  endfacet
  facet normal -1 0 0
    outer loop
      vertex 0 126.521 39.2517
      vertex 0 208 60
      vertex 0 137.781 39.2517
    endloop
  endfacet
  facet normal -1 0 0
    outer loop
      vertex 0 122.19 31.7517
      vertex 0 119.59 31.7517
      vertex 0 122.19 36.7517
    endloop
  endfacet
  facet normal -1 0 0
    outer loop
      vertex 0 119.59 36.7517
      vertex 0 122.19 36.7517
      vertex 0 119.59 31.7517
    endloop
  endfacet
  facet normal -1 0 0
    outer loop
      vertex 0 119.59 36.7517
      vertex 0 126.521 39.2517
      vertex 0 122.19 36.7517
    endloop
  endfacet
  facet normal -1 0 0
    outer loop
      vertex 0 115.26 39.2517
      vertex 0 126.521 39.2517
      vertex 0 119.59 36.7517
    endloop
  endfacet
  facet normal -1 0 0
    outer loop
      vertex 0 115.26 39.2517
      vertex 0 208 60
      vertex 0 126.521 39.2517
    endloop
  endfacet
  facet normal -1 0 0
    outer loop
      vertex 0 110.93 31.7517
      vertex 0 108.33 31.7517
      vertex 0 110.93 36.7517
    endloop
  endfacet
  facet normal -1 0 0
    outer loop
      vertex 0 108.33 36.7517
      vertex 0 110.93 36.7517
      vertex 0 108.33 31.7517
    endloop
  endfacet
  facet normal -1 0 0
    outer loop
      vertex 0 108.33 36.7517
      vertex 0 115.26 39.2517
      vertex 0 110.93 36.7517
    endloop
  endfacet
  facet normal -1 0 0
    outer loop
      vertex 0 104 39.2517
      vertex 0 115.26 39.2517
      vertex 0 108.33 36.7517
    endloop
  endfacet
  facet normal -1 0 0
    outer loop
      vertex 0 104 39.2517
      vertex 0 208 60
      vertex 0 115.26 39.2517
    endloop
  endfacet
  facet normal -1 0 0
    outer loop
      vertex 0 99.6699 31.7517
      vertex 0 97.0699 31.7517
      vertex 0 99.6699 36.7517
    endloop
  endfacet
  facet normal -1 0 0
    outer loop
      vertex 0 97.0699 36.7517
      vertex 0 99.6699 36.7517
      vertex 0 97.0699 31.7517
    endloop
  endfacet
  facet normal -1 0 0
    outer loop
      vertex 0 97.0699 36.7517
      vertex 0 104 39.2517
      vertex 0 99.6699 36.7517
    endloop
  endfacet
  facet normal -1 0 0
    outer loop
      vertex 0 92.7397 39.2517
      vertex 0 104 39.2517
      vertex 0 97.0699 36.7517
    endloop
  endfacet
  facet normal -1 0 0
    outer loop
      vertex 0 0 60
      vertex 0 104 39.2517
      vertex 0 92.7397 39.2517
    endloop
  endfacet
  facet normal -1 0 0
    outer loop
      vertex 0 88.4096 31.7517
      vertex 0 85.8096 31.7517
      vertex 0 88.4096 36.7517
    endloop
  endfacet
  facet normal -1 0 0
    outer loop
      vertex 0 85.8096 36.7517
      vertex 0 88.4096 36.7517
      vertex 0 85.8096 31.7517
    endloop
  endfacet
  facet normal -1 0 0
    outer loop
      vertex 0 85.8096 36.7517
      vertex 0 92.7397 39.2517
      vertex 0 88.4096 36.7517
    endloop
  endfacet
  facet normal -1 0 0
    outer loop
      vertex 0 81.4795 39.2517
      vertex 0 92.7397 39.2517
      vertex 0 85.8096 36.7517
    endloop
  endfacet
  facet normal -1 0 0
    outer loop
      vertex 0 0 60
      vertex 0 92.7397 39.2517
      vertex 0 81.4795 39.2517
    endloop
  endfacet
  facet normal -1 0 0
    outer loop
      vertex 0 77.1494 31.7517
      vertex 0 74.5493 31.7517
      vertex 0 77.1494 36.7517
    endloop
  endfacet
  facet normal -1 0 0
    outer loop
      vertex 0 74.5493 36.7517
      vertex 0 77.1494 36.7517
      vertex 0 74.5493 31.7517
    endloop
  endfacet
  facet normal -1 0 0
    outer loop
      vertex 0 74.5493 36.7517
      vertex 0 81.4795 39.2517
      vertex 0 77.1494 36.7517
    endloop
  endfacet
  facet normal -1 0 0
    outer loop
      vertex 0 70.2192 39.2517
      vertex 0 81.4795 39.2517
      vertex 0 74.5493 36.7517
    endloop
  endfacet
  facet normal -1 0 0
    outer loop
      vertex 0 0 60
      vertex 0 81.4795 39.2517
      vertex 0 70.2192 39.2517
    endloop
  endfacet
  facet normal -1 0 0
    outer loop
      vertex 0 65.8891 31.7517
      vertex 0 63.2891 31.7517
      vertex 0 65.8891 36.7517
    endloop
  endfacet
  facet normal -1 0 0
    outer loop
      vertex 0 63.2891 36.7517
      vertex 0 65.8891 36.7517
      vertex 0 63.2891 31.7517
    endloop
  endfacet
  facet normal -1 0 0
    outer loop
      vertex 0 63.2891 36.7517
      vertex 0 70.2192 39.2517
      vertex 0 65.8891 36.7517
    endloop
  endfacet
  facet normal -1 0 0
    outer loop
      vertex 0 58.959 39.2517
      vertex 0 70.2192 39.2517
      vertex 0 63.2891 36.7517
    endloop
  endfacet
  facet normal -1 0 0
    outer loop
      vertex 0 0 60
      vertex 0 70.2192 39.2517
      vertex 0 58.959 39.2517
    endloop
  endfacet
  facet normal -1 0 0
    outer loop
      vertex 0 54.6288 31.7517
      vertex 0 52.0288 31.7517
      vertex 0 54.6288 36.7517
    endloop
  endfacet
  facet normal -1 0 0
    outer loop
      vertex 0 52.0288 36.7517
      vertex 0 54.6288 36.7517
      vertex 0 52.0288 31.7517
    endloop
  endfacet
  facet normal -1 0 0
    outer loop
      vertex 0 52.0288 36.7517
      vertex 0 58.959 39.2517
      vertex 0 54.6288 36.7517
    endloop
  endfacet
  facet normal -1 0 0
    outer loop
      vertex 0 47.6987 39.2517
      vertex 0 58.959 39.2517
      vertex 0 52.0288 36.7517
    endloop
  endfacet
  facet normal -1 0 0
    outer loop
      vertex 0 0 60
      vertex 0 58.959 39.2517
      vertex 0 47.6987 39.2517
    endloop
  endfacet
  facet normal -1 0 0
    outer loop
      vertex 0 43.3686 31.7517
      vertex 0 40.7686 31.7517
      vertex 0 43.3686 36.7517
    endloop
  endfacet
  facet normal -1 0 0
    outer loop
      vertex 0 40.7686 36.7517
      vertex 0 43.3686 36.7517
      vertex 0 40.7686 31.7517
    endloop
  endfacet
  facet normal -1 0 0
    outer loop
      vertex 0 40.7686 36.7517
      vertex 0 47.6987 39.2517
      vertex 0 43.3686 36.7517
    endloop
  endfacet
  facet normal -1 0 0
    outer loop
      vertex 0 36.4385 39.2517
      vertex 0 47.6987 39.2517
      vertex 0 40.7686 36.7517
    endloop
  endfacet
  facet normal -1 0 0
    outer loop
      vertex 0 0 60
      vertex 0 47.6987 39.2517
      vertex 0 36.4385 39.2517
    endloop
  endfacet
  facet normal -1 0 0
    outer loop
      vertex 0 32.1083 31.7517
      vertex 0 29.5083 31.7517
      vertex 0 32.1083 36.7517
    endloop
  endfacet
  facet normal -1 0 0
    outer loop
      vertex 0 29.5083 36.7517
      vertex 0 32.1083 36.7517
      vertex 0 29.5083 31.7517
    endloop
  endfacet
  facet normal -1 0 0
    outer loop
      vertex 0 29.5083 36.7517
      vertex 0 36.4385 39.2517
      vertex 0 32.1083 36.7517
    endloop
  endfacet
  facet normal -1 0 0
    outer loop
      vertex 0 25.1782 39.2517
      vertex 0 36.4385 39.2517
      vertex 0 29.5083 36.7517
    endloop
  endfacet
  facet normal -1 0 0
    outer loop
      vertex 0 0 60
      vertex 0 36.4385 39.2517
      vertex 0 25.1782 39.2517
    endloop
  endfacet
  facet normal -1 0 0
    outer loop
      vertex 0 20.8481 31.7517
      vertex 0 18.2481 31.7517
      vertex 0 20.8481 36.7517
    endloop
  endfacet
  facet normal -1 0 0
    outer loop
      vertex 0 18.2481 36.7517
      vertex 0 20.8481 36.7517
      vertex 0 18.2481 31.7517
    endloop
  endfacet
  facet normal -1 0 0
    outer loop
      vertex 0 18.2481 36.7517
      vertex 0 25.1782 39.2517
      vertex 0 20.8481 36.7517
    endloop
  endfacet
  facet normal -1 0 0
    outer loop
      vertex 0 13.918 39.2517
      vertex 0 25.1782 39.2517
      vertex 0 18.2481 36.7517
    endloop
  endfacet
  facet normal -1 0 0
    outer loop
      vertex 0 0 60
      vertex 0 25.1782 39.2517
      vertex 0 13.918 39.2517
    endloop
  endfacet
  facet normal -1 0 0
    outer loop
      vertex 0 104 39.2517
      vertex 0 0 60
      vertex 0 208 60
    endloop
  endfacet
  facet normal -1 0 0
    outer loop
      vertex 0 9.58783 36.7517
      vertex 0 0 60
      vertex 0 13.918 39.2517
    endloop
  endfacet
  facet normal -1 0 0
    outer loop
      vertex 0 9.58783 31.7517
      vertex 0 0 60
      vertex 0 9.58783 36.7517
    endloop
  endfacet
  facet normal -1 0 0
    outer loop
      vertex 0 192.782 27
      vertex 0 194.082 29.2517
      vertex 0 192.782 22
    endloop
  endfacet
  facet normal -1 0 0
    outer loop
      vertex 0 192.782 27
      vertex 0 189.752 31.7517
      vertex 0 194.082 29.2517
    endloop
  endfacet
  facet normal -1 0 0
    outer loop
      vertex 0 187.152 31.7517
      vertex 0 189.752 31.7517
      vertex 0 188.452 29.5
    endloop
  endfacet
  facet normal -1 0 0
    outer loop
      vertex 0 188.452 29.5
      vertex 0 189.752 31.7517
      vertex 0 192.782 27
    endloop
  endfacet
  facet normal 0 1 -0
    outer loop
      vertex 19.8481 208 36.7517
      vertex 12.918 208 39.2517
      vertex 24.1782 208 39.2517
    endloop
  endfacet
  facet normal 0 1 0
    outer loop
      vertex 19.8481 208 36.7517
      vertex 17.2481 208 36.7517
      vertex 12.918 208 39.2517
    endloop
  endfacet
  facet normal 0 1 -0
    outer loop
      vertex 19.8481 208 31.7517
      vertex 17.2481 208 36.7517
      vertex 19.8481 208 36.7517
    endloop
  endfacet
  facet normal 0 1 0
    outer loop
      vertex 19.8481 208 31.7517
      vertex 17.2481 208 31.7517
      vertex 17.2481 208 36.7517
    endloop
  endfacet
  facet normal 0 1 0
    outer loop
      vertex 19.8481 208 31.7517
      vertex 18.5481 208 29.5
      vertex 17.2481 208 31.7517
    endloop
  endfacet
  facet normal 0 1 0
    outer loop
      vertex 24.1782 208 29.2517
      vertex 18.5481 208 29.5
      vertex 19.8481 208 31.7517
    endloop
  endfacet
  facet normal 0 1 0
    outer loop
      vertex 22.8782 208 27
      vertex 24.1782 208 29.2517
      vertex 25.4782 208 27
    endloop
  endfacet
  facet normal 0 1 0
    outer loop
      vertex 24.1782 208 29.2517
      vertex 22.8782 208 27
      vertex 18.5481 208 29.5
    endloop
  endfacet
  facet normal 0 1 -0
    outer loop
      vertex 25.4782 208 22
      vertex 22.8782 208 27
      vertex 25.4782 208 27
    endloop
  endfacet
  facet normal 0 1 0
    outer loop
      vertex 25.4782 208 22
      vertex 22.8782 208 22
      vertex 22.8782 208 27
    endloop
  endfacet
  facet normal 0 1 0
    outer loop
      vertex 25.4782 208 22
      vertex 24.1782 208 19.7483
      vertex 22.8782 208 22
    endloop
  endfacet
  facet normal 0 1 0
    outer loop
      vertex 29.8083 208 19.5
      vertex 24.1782 208 19.7483
      vertex 25.4782 208 22
    endloop
  endfacet
  facet normal 0 1 0
    outer loop
      vertex 28.5083 208 17.2483
      vertex 29.8083 208 19.5
      vertex 31.1083 208 17.2483
    endloop
  endfacet
  facet normal 0 1 0
    outer loop
      vertex 29.8083 208 19.5
      vertex 28.5083 208 17.2483
      vertex 24.1782 208 19.7483
    endloop
  endfacet
  facet normal 0 1 -0
    outer loop
      vertex 31.1083 208 12.2483
      vertex 28.5083 208 17.2483
      vertex 31.1083 208 17.2483
    endloop
  endfacet
  facet normal 0 1 0
    outer loop
      vertex 31.1083 208 12.2483
      vertex 28.5083 208 12.2483
      vertex 28.5083 208 17.2483
    endloop
  endfacet
  facet normal 0 1 0
    outer loop
      vertex 35.4385 208 9.74832
      vertex 28.5083 208 12.2483
      vertex 31.1083 208 12.2483
    endloop
  endfacet
  facet normal 0 1 0
    outer loop
      vertex 28.5083 208 12.2483
      vertex 35.4385 208 9.74832
      vertex 24.1782 208 9.74832
    endloop
  endfacet
  facet normal 0 1 -0
    outer loop
      vertex 31.1083 208 36.7517
      vertex 24.1782 208 39.2517
      vertex 35.4385 208 39.2517
    endloop
  endfacet
  facet normal 0 1 0
    outer loop
      vertex 31.1083 208 36.7517
      vertex 28.5083 208 36.7517
      vertex 24.1782 208 39.2517
    endloop
  endfacet
  facet normal 0 1 -0
    outer loop
      vertex 31.1083 208 31.7517
      vertex 28.5083 208 36.7517
      vertex 31.1083 208 36.7517
    endloop
  endfacet
  facet normal 0 1 0
    outer loop
      vertex 31.1083 208 31.7517
      vertex 28.5083 208 31.7517
      vertex 28.5083 208 36.7517
    endloop
  endfacet
  facet normal 0 1 0
    outer loop
      vertex 31.1083 208 31.7517
      vertex 29.8083 208 29.5
      vertex 28.5083 208 31.7517
    endloop
  endfacet
  facet normal 0 1 0
    outer loop
      vertex 35.4385 208 29.2517
      vertex 29.8083 208 29.5
      vertex 31.1083 208 31.7517
    endloop
  endfacet
  facet normal 0 1 0
    outer loop
      vertex 34.1385 208 27
      vertex 35.4385 208 29.2517
      vertex 36.7385 208 27
    endloop
  endfacet
  facet normal 0 1 0
    outer loop
      vertex 35.4385 208 29.2517
      vertex 34.1385 208 27
      vertex 29.8083 208 29.5
    endloop
  endfacet
  facet normal 0 1 -0
    outer loop
      vertex 36.7385 208 22
      vertex 34.1385 208 27
      vertex 36.7385 208 27
    endloop
  endfacet
  facet normal 0 1 0
    outer loop
      vertex 36.7385 208 22
      vertex 34.1385 208 22
      vertex 34.1385 208 27
    endloop
  endfacet
  facet normal 0 1 0
    outer loop
      vertex 36.7385 208 22
      vertex 35.4385 208 19.7483
      vertex 34.1385 208 22
    endloop
  endfacet
  facet normal 0 1 0
    outer loop
      vertex 41.0686 208 19.5
      vertex 35.4385 208 19.7483
      vertex 36.7385 208 22
    endloop
  endfacet
  facet normal 0 1 0
    outer loop
      vertex 39.7686 208 17.2483
      vertex 41.0686 208 19.5
      vertex 42.3686 208 17.2483
    endloop
  endfacet
  facet normal 0 1 0
    outer loop
      vertex 41.0686 208 19.5
      vertex 39.7686 208 17.2483
      vertex 35.4385 208 19.7483
    endloop
  endfacet
  facet normal 0 1 -0
    outer loop
      vertex 42.3686 208 12.2483
      vertex 39.7686 208 17.2483
      vertex 42.3686 208 17.2483
    endloop
  endfacet
  facet normal 0 1 0
    outer loop
      vertex 42.3686 208 12.2483
      vertex 39.7686 208 12.2483
      vertex 39.7686 208 17.2483
    endloop
  endfacet
  facet normal 0 1 0
    outer loop
      vertex 46.6987 208 9.74832
      vertex 39.7686 208 12.2483
      vertex 42.3686 208 12.2483
    endloop
  endfacet
  facet normal 0 1 0
    outer loop
      vertex 39.7686 208 12.2483
      vertex 46.6987 208 9.74832
      vertex 35.4385 208 9.74832
    endloop
  endfacet
  facet normal 0 1 -0
    outer loop
      vertex 42.3686 208 36.7517
      vertex 35.4385 208 39.2517
      vertex 46.6987 208 39.2517
    endloop
  endfacet
  facet normal 0 1 0
    outer loop
      vertex 42.3686 208 36.7517
      vertex 39.7686 208 36.7517
      vertex 35.4385 208 39.2517
    endloop
  endfacet
  facet normal 0 1 -0
    outer loop
      vertex 42.3686 208 31.7517
      vertex 39.7686 208 36.7517
      vertex 42.3686 208 36.7517
    endloop
  endfacet
  facet normal 0 1 0
    outer loop
      vertex 42.3686 208 31.7517
      vertex 39.7686 208 31.7517
      vertex 39.7686 208 36.7517
    endloop
  endfacet
  facet normal 0 1 0
    outer loop
      vertex 42.3686 208 31.7517
      vertex 41.0686 208 29.5
      vertex 39.7686 208 31.7517
    endloop
  endfacet
  facet normal 0 1 0
    outer loop
      vertex 46.6987 208 29.2517
      vertex 41.0686 208 29.5
      vertex 42.3686 208 31.7517
    endloop
  endfacet
  facet normal 0 1 0
    outer loop
      vertex 45.3987 208 27
      vertex 46.6987 208 29.2517
      vertex 47.9987 208 27
    endloop
  endfacet
  facet normal 0 1 0
    outer loop
      vertex 46.6987 208 29.2517
      vertex 45.3987 208 27
      vertex 41.0686 208 29.5
    endloop
  endfacet
  facet normal 0 1 -0
    outer loop
      vertex 47.9987 208 22
      vertex 45.3987 208 27
      vertex 47.9987 208 27
    endloop
  endfacet
  facet normal 0 1 0
    outer loop
      vertex 47.9987 208 22
      vertex 45.3987 208 22
      vertex 45.3987 208 27
    endloop
  endfacet
  facet normal 0 1 0
    outer loop
      vertex 47.9987 208 22
      vertex 46.6987 208 19.7483
      vertex 45.3987 208 22
    endloop
  endfacet
  facet normal 0 1 0
    outer loop
      vertex 52.3288 208 19.5
      vertex 46.6987 208 19.7483
      vertex 47.9987 208 22
    endloop
  endfacet
  facet normal 0 1 0
    outer loop
      vertex 51.0288 208 17.2483
      vertex 52.3288 208 19.5
      vertex 53.6288 208 17.2483
    endloop
  endfacet
  facet normal 0 1 0
    outer loop
      vertex 52.3288 208 19.5
      vertex 51.0288 208 17.2483
      vertex 46.6987 208 19.7483
    endloop
  endfacet
  facet normal 0 1 -0
    outer loop
      vertex 53.6288 208 12.2483
      vertex 51.0288 208 17.2483
      vertex 53.6288 208 17.2483
    endloop
  endfacet
  facet normal 0 1 0
    outer loop
      vertex 53.6288 208 12.2483
      vertex 51.0288 208 12.2483
      vertex 51.0288 208 17.2483
    endloop
  endfacet
  facet normal 0 1 0
    outer loop
      vertex 57.959 208 9.74832
      vertex 51.0288 208 12.2483
      vertex 53.6288 208 12.2483
    endloop
  endfacet
  facet normal 0 1 0
    outer loop
      vertex 51.0288 208 12.2483
      vertex 57.959 208 9.74832
      vertex 46.6987 208 9.74832
    endloop
  endfacet
  facet normal 0 1 -0
    outer loop
      vertex 53.6288 208 36.7517
      vertex 46.6987 208 39.2517
      vertex 57.959 208 39.2517
    endloop
  endfacet
  facet normal 0 1 0
    outer loop
      vertex 53.6288 208 36.7517
      vertex 51.0288 208 36.7517
      vertex 46.6987 208 39.2517
    endloop
  endfacet
  facet normal 0 1 -0
    outer loop
      vertex 53.6288 208 31.7517
      vertex 51.0288 208 36.7517
      vertex 53.6288 208 36.7517
    endloop
  endfacet
  facet normal 0 1 0
    outer loop
      vertex 53.6288 208 31.7517
      vertex 51.0288 208 31.7517
      vertex 51.0288 208 36.7517
    endloop
  endfacet
  facet normal 0 1 0
    outer loop
      vertex 53.6288 208 31.7517
      vertex 52.3288 208 29.5
      vertex 51.0288 208 31.7517
    endloop
  endfacet
  facet normal 0 1 0
    outer loop
      vertex 57.959 208 29.2517
      vertex 52.3288 208 29.5
      vertex 53.6288 208 31.7517
    endloop
  endfacet
  facet normal 0 1 0
    outer loop
      vertex 56.659 208 27
      vertex 57.959 208 29.2517
      vertex 59.259 208 27
    endloop
  endfacet
  facet normal 0 1 0
    outer loop
      vertex 57.959 208 29.2517
      vertex 56.659 208 27
      vertex 52.3288 208 29.5
    endloop
  endfacet
  facet normal 0 1 -0
    outer loop
      vertex 59.259 208 22
      vertex 56.659 208 27
      vertex 59.259 208 27
    endloop
  endfacet
  facet normal 0 1 0
    outer loop
      vertex 59.259 208 22
      vertex 56.659 208 22
      vertex 56.659 208 27
    endloop
  endfacet
  facet normal 0 1 0
    outer loop
      vertex 59.259 208 22
      vertex 57.959 208 19.7483
      vertex 56.659 208 22
    endloop
  endfacet
  facet normal 0 1 0
    outer loop
      vertex 63.5891 208 19.5
      vertex 57.959 208 19.7483
      vertex 59.259 208 22
    endloop
  endfacet
  facet normal 0 1 0
    outer loop
      vertex 62.2891 208 17.2483
      vertex 63.5891 208 19.5
      vertex 64.8891 208 17.2483
    endloop
  endfacet
  facet normal 0 1 0
    outer loop
      vertex 63.5891 208 19.5
      vertex 62.2891 208 17.2483
      vertex 57.959 208 19.7483
    endloop
  endfacet
  facet normal 0 1 -0
    outer loop
      vertex 64.8891 208 12.2483
      vertex 62.2891 208 17.2483
      vertex 64.8891 208 17.2483
    endloop
  endfacet
  facet normal 0 1 0
    outer loop
      vertex 64.8891 208 12.2483
      vertex 62.2891 208 12.2483
      vertex 62.2891 208 17.2483
    endloop
  endfacet
  facet normal 0 1 0
    outer loop
      vertex 69.2192 208 9.74832
      vertex 62.2891 208 12.2483
      vertex 64.8891 208 12.2483
    endloop
  endfacet
  facet normal 0 1 0
    outer loop
      vertex 62.2891 208 12.2483
      vertex 69.2192 208 9.74832
      vertex 57.959 208 9.74832
    endloop
  endfacet
  facet normal 0 1 -0
    outer loop
      vertex 64.8891 208 36.7517
      vertex 57.959 208 39.2517
      vertex 69.2192 208 39.2517
    endloop
  endfacet
  facet normal 0 1 0
    outer loop
      vertex 64.8891 208 36.7517
      vertex 62.2891 208 36.7517
      vertex 57.959 208 39.2517
    endloop
  endfacet
  facet normal 0 1 -0
    outer loop
      vertex 64.8891 208 31.7517
      vertex 62.2891 208 36.7517
      vertex 64.8891 208 36.7517
    endloop
  endfacet
  facet normal 0 1 0
    outer loop
      vertex 64.8891 208 31.7517
      vertex 62.2891 208 31.7517
      vertex 62.2891 208 36.7517
    endloop
  endfacet
  facet normal 0 1 0
    outer loop
      vertex 64.8891 208 31.7517
      vertex 63.5891 208 29.5
      vertex 62.2891 208 31.7517
    endloop
  endfacet
  facet normal 0 1 0
    outer loop
      vertex 69.2192 208 29.2517
      vertex 63.5891 208 29.5
      vertex 64.8891 208 31.7517
    endloop
  endfacet
  facet normal 0 1 0
    outer loop
      vertex 67.9192 208 27
      vertex 69.2192 208 29.2517
      vertex 70.5192 208 27
    endloop
  endfacet
  facet normal 0 1 0
    outer loop
      vertex 69.2192 208 29.2517
      vertex 67.9192 208 27
      vertex 63.5891 208 29.5
    endloop
  endfacet
  facet normal 0 1 -0
    outer loop
      vertex 70.5192 208 22
      vertex 67.9192 208 27
      vertex 70.5192 208 27
    endloop
  endfacet
  facet normal 0 1 0
    outer loop
      vertex 70.5192 208 22
      vertex 67.9192 208 22
      vertex 67.9192 208 27
    endloop
  endfacet
  facet normal 0 1 0
    outer loop
      vertex 70.5192 208 22
      vertex 69.2192 208 19.7483
      vertex 67.9192 208 22
    endloop
  endfacet
  facet normal 0 1 0
    outer loop
      vertex 74.8493 208 19.5
      vertex 69.2192 208 19.7483
      vertex 70.5192 208 22
    endloop
  endfacet
  facet normal 0 1 0
    outer loop
      vertex 73.5493 208 17.2483
      vertex 74.8493 208 19.5
      vertex 76.1494 208 17.2483
    endloop
  endfacet
  facet normal 0 1 0
    outer loop
      vertex 74.8493 208 19.5
      vertex 73.5493 208 17.2483
      vertex 69.2192 208 19.7483
    endloop
  endfacet
  facet normal 0 1 -0
    outer loop
      vertex 76.1494 208 12.2483
      vertex 73.5493 208 17.2483
      vertex 76.1494 208 17.2483
    endloop
  endfacet
  facet normal 0 1 0
    outer loop
      vertex 76.1494 208 12.2483
      vertex 73.5493 208 12.2483
      vertex 73.5493 208 17.2483
    endloop
  endfacet
  facet normal 0 1 0
    outer loop
      vertex 80.4795 208 9.74832
      vertex 73.5493 208 12.2483
      vertex 76.1494 208 12.2483
    endloop
  endfacet
  facet normal 0 1 0
    outer loop
      vertex 73.5493 208 12.2483
      vertex 80.4795 208 9.74832
      vertex 69.2192 208 9.74832
    endloop
  endfacet
  facet normal 0 1 -0
    outer loop
      vertex 76.1494 208 36.7517
      vertex 69.2192 208 39.2517
      vertex 80.4795 208 39.2517
    endloop
  endfacet
  facet normal 0 1 0
    outer loop
      vertex 76.1494 208 36.7517
      vertex 73.5493 208 36.7517
      vertex 69.2192 208 39.2517
    endloop
  endfacet
  facet normal 0 1 -0
    outer loop
      vertex 76.1494 208 31.7517
      vertex 73.5493 208 36.7517
      vertex 76.1494 208 36.7517
    endloop
  endfacet
  facet normal 0 1 0
    outer loop
      vertex 76.1494 208 31.7517
      vertex 73.5493 208 31.7517
      vertex 73.5493 208 36.7517
    endloop
  endfacet
  facet normal 0 1 0
    outer loop
      vertex 76.1494 208 31.7517
      vertex 74.8493 208 29.5
      vertex 73.5493 208 31.7517
    endloop
  endfacet
  facet normal 0 1 0
    outer loop
      vertex 80.4795 208 29.2517
      vertex 74.8493 208 29.5
      vertex 76.1494 208 31.7517
    endloop
  endfacet
  facet normal 0 1 0
    outer loop
      vertex 79.1795 208 27
      vertex 80.4795 208 29.2517
      vertex 81.7795 208 27
    endloop
  endfacet
  facet normal 0 1 0
    outer loop
      vertex 80.4795 208 29.2517
      vertex 79.1795 208 27
      vertex 74.8493 208 29.5
    endloop
  endfacet
  facet normal 0 1 -0
    outer loop
      vertex 81.7795 208 22
      vertex 79.1795 208 27
      vertex 81.7795 208 27
    endloop
  endfacet
  facet normal 0 1 0
    outer loop
      vertex 81.7795 208 22
      vertex 79.1795 208 22
      vertex 79.1795 208 27
    endloop
  endfacet
  facet normal 0 1 0
    outer loop
      vertex 81.7795 208 22
      vertex 80.4795 208 19.7483
      vertex 79.1795 208 22
    endloop
  endfacet
  facet normal 0 1 0
    outer loop
      vertex 86.1096 208 19.5
      vertex 80.4795 208 19.7483
      vertex 81.7795 208 22
    endloop
  endfacet
  facet normal 0 1 0
    outer loop
      vertex 84.8096 208 17.2483
      vertex 86.1096 208 19.5
      vertex 87.4096 208 17.2483
    endloop
  endfacet
  facet normal 0 1 0
    outer loop
      vertex 86.1096 208 19.5
      vertex 84.8096 208 17.2483
      vertex 80.4795 208 19.7483
    endloop
  endfacet
  facet normal 0 1 -0
    outer loop
      vertex 87.4096 208 12.2483
      vertex 84.8096 208 17.2483
      vertex 87.4096 208 17.2483
    endloop
  endfacet
  facet normal 0 1 0
    outer loop
      vertex 87.4096 208 12.2483
      vertex 84.8096 208 12.2483
      vertex 84.8096 208 17.2483
    endloop
  endfacet
  facet normal 0 1 0
    outer loop
      vertex 91.7397 208 9.74832
      vertex 84.8096 208 12.2483
      vertex 87.4096 208 12.2483
    endloop
  endfacet
  facet normal 0 1 0
    outer loop
      vertex 84.8096 208 12.2483
      vertex 91.7397 208 9.74832
      vertex 80.4795 208 9.74832
    endloop
  endfacet
  facet normal 0 1 -0
    outer loop
      vertex 87.4096 208 36.7517
      vertex 80.4795 208 39.2517
      vertex 91.7397 208 39.2517
    endloop
  endfacet
  facet normal 0 1 0
    outer loop
      vertex 87.4096 208 36.7517
      vertex 84.8096 208 36.7517
      vertex 80.4795 208 39.2517
    endloop
  endfacet
  facet normal 0 1 -0
    outer loop
      vertex 87.4096 208 31.7517
      vertex 84.8096 208 36.7517
      vertex 87.4096 208 36.7517
    endloop
  endfacet
  facet normal 0 1 0
    outer loop
      vertex 87.4096 208 31.7517
      vertex 84.8096 208 31.7517
      vertex 84.8096 208 36.7517
    endloop
  endfacet
  facet normal 0 1 0
    outer loop
      vertex 87.4096 208 31.7517
      vertex 86.1096 208 29.5
      vertex 84.8096 208 31.7517
    endloop
  endfacet
  facet normal 0 1 0
    outer loop
      vertex 91.7397 208 29.2517
      vertex 86.1096 208 29.5
      vertex 87.4096 208 31.7517
    endloop
  endfacet
  facet normal 0 1 0
    outer loop
      vertex 90.4397 208 27
      vertex 91.7397 208 29.2517
      vertex 93.0397 208 27
    endloop
  endfacet
  facet normal 0 1 0
    outer loop
      vertex 91.7397 208 29.2517
      vertex 90.4397 208 27
      vertex 86.1096 208 29.5
    endloop
  endfacet
  facet normal 0 1 -0
    outer loop
      vertex 93.0397 208 22
      vertex 90.4397 208 27
      vertex 93.0397 208 27
    endloop
  endfacet
  facet normal 0 1 0
    outer loop
      vertex 93.0397 208 22
      vertex 90.4397 208 22
      vertex 90.4397 208 27
    endloop
  endfacet
  facet normal 0 1 0
    outer loop
      vertex 93.0397 208 22
      vertex 91.7397 208 19.7483
      vertex 90.4397 208 22
    endloop
  endfacet
  facet normal 0 1 0
    outer loop
      vertex 97.3699 208 19.5
      vertex 91.7397 208 19.7483
      vertex 93.0397 208 22
    endloop
  endfacet
  facet normal 0 1 0
    outer loop
      vertex 96.0699 208 17.2483
      vertex 97.3699 208 19.5
      vertex 98.6699 208 17.2483
    endloop
  endfacet
  facet normal 0 1 0
    outer loop
      vertex 97.3699 208 19.5
      vertex 96.0699 208 17.2483
      vertex 91.7397 208 19.7483
    endloop
  endfacet
  facet normal 0 1 -0
    outer loop
      vertex 98.6699 208 12.2483
      vertex 96.0699 208 17.2483
      vertex 98.6699 208 17.2483
    endloop
  endfacet
  facet normal 0 1 0
    outer loop
      vertex 98.6699 208 12.2483
      vertex 96.0699 208 12.2483
      vertex 96.0699 208 17.2483
    endloop
  endfacet
  facet normal 0 1 0
    outer loop
      vertex 103 208 9.74832
      vertex 96.0699 208 12.2483
      vertex 98.6699 208 12.2483
    endloop
  endfacet
  facet normal 0 1 0
    outer loop
      vertex 96.0699 208 12.2483
      vertex 103 208 9.74832
      vertex 91.7397 208 9.74832
    endloop
  endfacet
  facet normal 0 1 -0
    outer loop
      vertex 98.6699 208 36.7517
      vertex 91.7397 208 39.2517
      vertex 103 208 39.2517
    endloop
  endfacet
  facet normal 0 1 0
    outer loop
      vertex 98.6699 208 36.7517
      vertex 96.0699 208 36.7517
      vertex 91.7397 208 39.2517
    endloop
  endfacet
  facet normal 0 1 -0
    outer loop
      vertex 98.6699 208 31.7517
      vertex 96.0699 208 36.7517
      vertex 98.6699 208 36.7517
    endloop
  endfacet
  facet normal 0 1 0
    outer loop
      vertex 98.6699 208 31.7517
      vertex 96.0699 208 31.7517
      vertex 96.0699 208 36.7517
    endloop
  endfacet
  facet normal 0 1 0
    outer loop
      vertex 98.6699 208 31.7517
      vertex 97.3699 208 29.5
      vertex 96.0699 208 31.7517
    endloop
  endfacet
  facet normal 0 1 0
    outer loop
      vertex 103 208 29.2517
      vertex 97.3699 208 29.5
      vertex 98.6699 208 31.7517
    endloop
  endfacet
  facet normal 0 1 0
    outer loop
      vertex 101.7 208 27
      vertex 103 208 29.2517
      vertex 104.3 208 27
    endloop
  endfacet
  facet normal 0 1 0
    outer loop
      vertex 103 208 29.2517
      vertex 101.7 208 27
      vertex 97.3699 208 29.5
    endloop
  endfacet
  facet normal 0 1 -0
    outer loop
      vertex 104.3 208 22
      vertex 101.7 208 27
      vertex 104.3 208 27
    endloop
  endfacet
  facet normal 0 1 0
    outer loop
      vertex 104.3 208 22
      vertex 101.7 208 22
      vertex 101.7 208 27
    endloop
  endfacet
  facet normal 0 1 0
    outer loop
      vertex 104.3 208 22
      vertex 103 208 19.7483
      vertex 101.7 208 22
    endloop
  endfacet
  facet normal 0 1 0
    outer loop
      vertex 108.63 208 19.5
      vertex 103 208 19.7483
      vertex 104.3 208 22
    endloop
  endfacet
  facet normal 0 1 0
    outer loop
      vertex 107.33 208 17.2483
      vertex 108.63 208 19.5
      vertex 109.93 208 17.2483
    endloop
  endfacet
  facet normal 0 1 0
    outer loop
      vertex 108.63 208 19.5
      vertex 107.33 208 17.2483
      vertex 103 208 19.7483
    endloop
  endfacet
  facet normal 0 1 -0
    outer loop
      vertex 109.93 208 12.2483
      vertex 107.33 208 17.2483
      vertex 109.93 208 17.2483
    endloop
  endfacet
  facet normal 0 1 0
    outer loop
      vertex 109.93 208 12.2483
      vertex 107.33 208 12.2483
      vertex 107.33 208 17.2483
    endloop
  endfacet
  facet normal 0 1 0
    outer loop
      vertex 114.26 208 9.74832
      vertex 107.33 208 12.2483
      vertex 109.93 208 12.2483
    endloop
  endfacet
  facet normal 0 1 0
    outer loop
      vertex 107.33 208 12.2483
      vertex 114.26 208 9.74832
      vertex 103 208 9.74832
    endloop
  endfacet
  facet normal 0 1 -0
    outer loop
      vertex 109.93 208 36.7517
      vertex 103 208 39.2517
      vertex 114.26 208 39.2517
    endloop
  endfacet
  facet normal 0 1 0
    outer loop
      vertex 109.93 208 36.7517
      vertex 107.33 208 36.7517
      vertex 103 208 39.2517
    endloop
  endfacet
  facet normal 0 1 -0
    outer loop
      vertex 109.93 208 31.7517
      vertex 107.33 208 36.7517
      vertex 109.93 208 36.7517
    endloop
  endfacet
  facet normal 0 1 0
    outer loop
      vertex 109.93 208 31.7517
      vertex 107.33 208 31.7517
      vertex 107.33 208 36.7517
    endloop
  endfacet
  facet normal 0 1 0
    outer loop
      vertex 109.93 208 31.7517
      vertex 108.63 208 29.5
      vertex 107.33 208 31.7517
    endloop
  endfacet
  facet normal 0 1 0
    outer loop
      vertex 114.26 208 29.2517
      vertex 108.63 208 29.5
      vertex 109.93 208 31.7517
    endloop
  endfacet
  facet normal 0 1 0
    outer loop
      vertex 112.96 208 27
      vertex 114.26 208 29.2517
      vertex 115.56 208 27
    endloop
  endfacet
  facet normal 0 1 0
    outer loop
      vertex 114.26 208 29.2517
      vertex 112.96 208 27
      vertex 108.63 208 29.5
    endloop
  endfacet
  facet normal 0 1 -0
    outer loop
      vertex 115.56 208 22
      vertex 112.96 208 27
      vertex 115.56 208 27
    endloop
  endfacet
  facet normal 0 1 0
    outer loop
      vertex 115.56 208 22
      vertex 112.96 208 22
      vertex 112.96 208 27
    endloop
  endfacet
  facet normal 0 1 0
    outer loop
      vertex 115.56 208 22
      vertex 114.26 208 19.7483
      vertex 112.96 208 22
    endloop
  endfacet
  facet normal 0 1 0
    outer loop
      vertex 119.89 208 19.5
      vertex 114.26 208 19.7483
      vertex 115.56 208 22
    endloop
  endfacet
  facet normal 0 1 0
    outer loop
      vertex 118.59 208 17.2483
      vertex 119.89 208 19.5
      vertex 121.19 208 17.2483
    endloop
  endfacet
  facet normal 0 1 0
    outer loop
      vertex 119.89 208 19.5
      vertex 118.59 208 17.2483
      vertex 114.26 208 19.7483
    endloop
  endfacet
  facet normal 0 1 -0
    outer loop
      vertex 121.19 208 12.2483
      vertex 118.59 208 17.2483
      vertex 121.19 208 17.2483
    endloop
  endfacet
  facet normal 0 1 0
    outer loop
      vertex 121.19 208 12.2483
      vertex 118.59 208 12.2483
      vertex 118.59 208 17.2483
    endloop
  endfacet
  facet normal 0 1 0
    outer loop
      vertex 125.521 208 9.74832
      vertex 118.59 208 12.2483
      vertex 121.19 208 12.2483
    endloop
  endfacet
  facet normal 0 1 0
    outer loop
      vertex 118.59 208 12.2483
      vertex 125.521 208 9.74832
      vertex 114.26 208 9.74832
    endloop
  endfacet
  facet normal 0 1 -0
    outer loop
      vertex 121.19 208 36.7517
      vertex 114.26 208 39.2517
      vertex 125.521 208 39.2517
    endloop
  endfacet
  facet normal 0 1 0
    outer loop
      vertex 121.19 208 36.7517
      vertex 118.59 208 36.7517
      vertex 114.26 208 39.2517
    endloop
  endfacet
  facet normal 0 1 -0
    outer loop
      vertex 121.19 208 31.7517
      vertex 118.59 208 36.7517
      vertex 121.19 208 36.7517
    endloop
  endfacet
  facet normal 0 1 0
    outer loop
      vertex 121.19 208 31.7517
      vertex 118.59 208 31.7517
      vertex 118.59 208 36.7517
    endloop
  endfacet
  facet normal 0 1 0
    outer loop
      vertex 121.19 208 31.7517
      vertex 119.89 208 29.5
      vertex 118.59 208 31.7517
    endloop
  endfacet
  facet normal 0 1 0
    outer loop
      vertex 125.521 208 29.2517
      vertex 119.89 208 29.5
      vertex 121.19 208 31.7517
    endloop
  endfacet
  facet normal 0 1 0
    outer loop
      vertex 124.221 208 27
      vertex 125.521 208 29.2517
      vertex 126.821 208 27
    endloop
  endfacet
  facet normal 0 1 0
    outer loop
      vertex 125.521 208 29.2517
      vertex 124.221 208 27
      vertex 119.89 208 29.5
    endloop
  endfacet
  facet normal 0 1 -0
    outer loop
      vertex 126.821 208 22
      vertex 124.221 208 27
      vertex 126.821 208 27
    endloop
  endfacet
  facet normal 0 1 0
    outer loop
      vertex 126.821 208 22
      vertex 124.221 208 22
      vertex 124.221 208 27
    endloop
  endfacet
  facet normal 0 1 0
    outer loop
      vertex 126.821 208 22
      vertex 125.521 208 19.7483
      vertex 124.221 208 22
    endloop
  endfacet
  facet normal 0 1 0
    outer loop
      vertex 131.151 208 19.5
      vertex 125.521 208 19.7483
      vertex 126.821 208 22
    endloop
  endfacet
  facet normal 0 1 0
    outer loop
      vertex 129.851 208 17.2483
      vertex 131.151 208 19.5
      vertex 132.451 208 17.2483
    endloop
  endfacet
  facet normal 0 1 0
    outer loop
      vertex 131.151 208 19.5
      vertex 129.851 208 17.2483
      vertex 125.521 208 19.7483
    endloop
  endfacet
  facet normal 0 1 -0
    outer loop
      vertex 132.451 208 12.2483
      vertex 129.851 208 17.2483
      vertex 132.451 208 17.2483
    endloop
  endfacet
  facet normal 0 1 0
    outer loop
      vertex 132.451 208 12.2483
      vertex 129.851 208 12.2483
      vertex 129.851 208 17.2483
    endloop
  endfacet
  facet normal 0 1 0
    outer loop
      vertex 136.781 208 9.74832
      vertex 129.851 208 12.2483
      vertex 132.451 208 12.2483
    endloop
  endfacet
  facet normal 0 1 0
    outer loop
      vertex 129.851 208 12.2483
      vertex 136.781 208 9.74832
      vertex 125.521 208 9.74832
    endloop
  endfacet
  facet normal 0 1 -0
    outer loop
      vertex 132.451 208 36.7517
      vertex 125.521 208 39.2517
      vertex 136.781 208 39.2517
    endloop
  endfacet
  facet normal 0 1 0
    outer loop
      vertex 132.451 208 36.7517
      vertex 129.851 208 36.7517
      vertex 125.521 208 39.2517
    endloop
  endfacet
  facet normal 0 1 -0
    outer loop
      vertex 132.451 208 31.7517
      vertex 129.851 208 36.7517
      vertex 132.451 208 36.7517
    endloop
  endfacet
  facet normal 0 1 0
    outer loop
      vertex 132.451 208 31.7517
      vertex 129.851 208 31.7517
      vertex 129.851 208 36.7517
    endloop
  endfacet
  facet normal 0 1 0
    outer loop
      vertex 132.451 208 31.7517
      vertex 131.151 208 29.5
      vertex 129.851 208 31.7517
    endloop
  endfacet
  facet normal 0 1 0
    outer loop
      vertex 136.781 208 29.2517
      vertex 131.151 208 29.5
      vertex 132.451 208 31.7517
    endloop
  endfacet
  facet normal 0 1 0
    outer loop
      vertex 135.481 208 27
      vertex 136.781 208 29.2517
      vertex 138.081 208 27
    endloop
  endfacet
  facet normal 0 1 0
    outer loop
      vertex 136.781 208 29.2517
      vertex 135.481 208 27
      vertex 131.151 208 29.5
    endloop
  endfacet
  facet normal 0 1 -0
    outer loop
      vertex 138.081 208 22
      vertex 135.481 208 27
      vertex 138.081 208 27
    endloop
  endfacet
  facet normal 0 1 0
    outer loop
      vertex 138.081 208 22
      vertex 135.481 208 22
      vertex 135.481 208 27
    endloop
  endfacet
  facet normal 0 1 0
    outer loop
      vertex 138.081 208 22
      vertex 136.781 208 19.7483
      vertex 135.481 208 22
    endloop
  endfacet
  facet normal 0 1 0
    outer loop
      vertex 142.411 208 19.5
      vertex 136.781 208 19.7483
      vertex 138.081 208 22
    endloop
  endfacet
  facet normal 0 1 0
    outer loop
      vertex 141.111 208 17.2483
      vertex 142.411 208 19.5
      vertex 143.711 208 17.2483
    endloop
  endfacet
  facet normal 0 1 0
    outer loop
      vertex 142.411 208 19.5
      vertex 141.111 208 17.2483
      vertex 136.781 208 19.7483
    endloop
  endfacet
  facet normal 0 1 -0
    outer loop
      vertex 143.711 208 12.2483
      vertex 141.111 208 17.2483
      vertex 143.711 208 17.2483
    endloop
  endfacet
  facet normal 0 1 0
    outer loop
      vertex 143.711 208 12.2483
      vertex 141.111 208 12.2483
      vertex 141.111 208 17.2483
    endloop
  endfacet
  facet normal 0 1 0
    outer loop
      vertex 148.041 208 9.74832
      vertex 141.111 208 12.2483
      vertex 143.711 208 12.2483
    endloop
  endfacet
  facet normal 0 1 0
    outer loop
      vertex 141.111 208 12.2483
      vertex 148.041 208 9.74832
      vertex 136.781 208 9.74832
    endloop
  endfacet
  facet normal 0 1 -0
    outer loop
      vertex 143.711 208 36.7517
      vertex 136.781 208 39.2517
      vertex 148.041 208 39.2517
    endloop
  endfacet
  facet normal 0 1 0
    outer loop
      vertex 143.711 208 36.7517
      vertex 141.111 208 36.7517
      vertex 136.781 208 39.2517
    endloop
  endfacet
  facet normal 0 1 -0
    outer loop
      vertex 143.711 208 31.7517
      vertex 141.111 208 36.7517
      vertex 143.711 208 36.7517
    endloop
  endfacet
  facet normal 0 1 0
    outer loop
      vertex 143.711 208 31.7517
      vertex 141.111 208 31.7517
      vertex 141.111 208 36.7517
    endloop
  endfacet
  facet normal 0 1 0
    outer loop
      vertex 143.711 208 31.7517
      vertex 142.411 208 29.5
      vertex 141.111 208 31.7517
    endloop
  endfacet
  facet normal 0 1 0
    outer loop
      vertex 148.041 208 29.2517
      vertex 142.411 208 29.5
      vertex 143.711 208 31.7517
    endloop
  endfacet
  facet normal 0 1 0
    outer loop
      vertex 146.741 208 27
      vertex 148.041 208 29.2517
      vertex 149.341 208 27
    endloop
  endfacet
  facet normal 0 1 0
    outer loop
      vertex 148.041 208 29.2517
      vertex 146.741 208 27
      vertex 142.411 208 29.5
    endloop
  endfacet
  facet normal 0 1 -0
    outer loop
      vertex 149.341 208 22
      vertex 146.741 208 27
      vertex 149.341 208 27
    endloop
  endfacet
  facet normal 0 1 0
    outer loop
      vertex 149.341 208 22
      vertex 146.741 208 22
      vertex 146.741 208 27
    endloop
  endfacet
  facet normal 0 1 0
    outer loop
      vertex 149.341 208 22
      vertex 148.041 208 19.7483
      vertex 146.741 208 22
    endloop
  endfacet
  facet normal 0 1 0
    outer loop
      vertex 153.671 208 19.5
      vertex 148.041 208 19.7483
      vertex 149.341 208 22
    endloop
  endfacet
  facet normal 0 1 0
    outer loop
      vertex 152.371 208 17.2483
      vertex 153.671 208 19.5
      vertex 154.971 208 17.2483
    endloop
  endfacet
  facet normal 0 1 0
    outer loop
      vertex 153.671 208 19.5
      vertex 152.371 208 17.2483
      vertex 148.041 208 19.7483
    endloop
  endfacet
  facet normal 0 1 -0
    outer loop
      vertex 154.971 208 12.2483
      vertex 152.371 208 17.2483
      vertex 154.971 208 17.2483
    endloop
  endfacet
  facet normal 0 1 0
    outer loop
      vertex 154.971 208 12.2483
      vertex 152.371 208 12.2483
      vertex 152.371 208 17.2483
    endloop
  endfacet
  facet normal 0 1 0
    outer loop
      vertex 159.301 208 9.74832
      vertex 152.371 208 12.2483
      vertex 154.971 208 12.2483
    endloop
  endfacet
  facet normal 0 1 0
    outer loop
      vertex 152.371 208 12.2483
      vertex 159.301 208 9.74832
      vertex 148.041 208 9.74832
    endloop
  endfacet
  facet normal 0 1 -0
    outer loop
      vertex 154.971 208 36.7517
      vertex 148.041 208 39.2517
      vertex 159.301 208 39.2517
    endloop
  endfacet
  facet normal 0 1 0
    outer loop
      vertex 154.971 208 36.7517
      vertex 152.371 208 36.7517
      vertex 148.041 208 39.2517
    endloop
  endfacet
  facet normal 0 1 -0
    outer loop
      vertex 154.971 208 31.7517
      vertex 152.371 208 36.7517
      vertex 154.971 208 36.7517
    endloop
  endfacet
  facet normal 0 1 0
    outer loop
      vertex 154.971 208 31.7517
      vertex 152.371 208 31.7517
      vertex 152.371 208 36.7517
    endloop
  endfacet
  facet normal 0 1 0
    outer loop
      vertex 154.971 208 31.7517
      vertex 153.671 208 29.5
      vertex 152.371 208 31.7517
    endloop
  endfacet
  facet normal 0 1 0
    outer loop
      vertex 159.301 208 29.2517
      vertex 153.671 208 29.5
      vertex 154.971 208 31.7517
    endloop
  endfacet
  facet normal 0 1 0
    outer loop
      vertex 158.001 208 27
      vertex 159.301 208 29.2517
      vertex 160.601 208 27
    endloop
  endfacet
  facet normal 0 1 0
    outer loop
      vertex 159.301 208 29.2517
      vertex 158.001 208 27
      vertex 153.671 208 29.5
    endloop
  endfacet
  facet normal 0 1 -0
    outer loop
      vertex 160.601 208 22
      vertex 158.001 208 27
      vertex 160.601 208 27
    endloop
  endfacet
  facet normal 0 1 0
    outer loop
      vertex 160.601 208 22
      vertex 158.001 208 22
      vertex 158.001 208 27
    endloop
  endfacet
  facet normal 0 1 0
    outer loop
      vertex 160.601 208 22
      vertex 159.301 208 19.7483
      vertex 158.001 208 22
    endloop
  endfacet
  facet normal 0 1 0
    outer loop
      vertex 164.931 208 19.5
      vertex 159.301 208 19.7483
      vertex 160.601 208 22
    endloop
  endfacet
  facet normal 0 1 0
    outer loop
      vertex 163.631 208 17.2483
      vertex 164.931 208 19.5
      vertex 166.231 208 17.2483
    endloop
  endfacet
  facet normal 0 1 0
    outer loop
      vertex 164.931 208 19.5
      vertex 163.631 208 17.2483
      vertex 159.301 208 19.7483
    endloop
  endfacet
  facet normal 0 1 -0
    outer loop
      vertex 166.231 208 12.2483
      vertex 163.631 208 17.2483
      vertex 166.231 208 17.2483
    endloop
  endfacet
  facet normal 0 1 0
    outer loop
      vertex 166.231 208 12.2483
      vertex 163.631 208 12.2483
      vertex 163.631 208 17.2483
    endloop
  endfacet
  facet normal 0 1 0
    outer loop
      vertex 170.562 208 9.74832
      vertex 163.631 208 12.2483
      vertex 166.231 208 12.2483
    endloop
  endfacet
  facet normal 0 1 0
    outer loop
      vertex 163.631 208 12.2483
      vertex 170.562 208 9.74832
      vertex 159.301 208 9.74832
    endloop
  endfacet
  facet normal 0 1 -0
    outer loop
      vertex 166.231 208 36.7517
      vertex 159.301 208 39.2517
      vertex 170.562 208 39.2517
    endloop
  endfacet
  facet normal 0 1 0
    outer loop
      vertex 166.231 208 36.7517
      vertex 163.631 208 36.7517
      vertex 159.301 208 39.2517
    endloop
  endfacet
  facet normal 0 1 -0
    outer loop
      vertex 166.231 208 31.7517
      vertex 163.631 208 36.7517
      vertex 166.231 208 36.7517
    endloop
  endfacet
  facet normal 0 1 0
    outer loop
      vertex 166.231 208 31.7517
      vertex 163.631 208 31.7517
      vertex 163.631 208 36.7517
    endloop
  endfacet
  facet normal 0 1 0
    outer loop
      vertex 166.231 208 31.7517
      vertex 164.931 208 29.5
      vertex 163.631 208 31.7517
    endloop
  endfacet
  facet normal 0 1 0
    outer loop
      vertex 170.562 208 29.2517
      vertex 164.931 208 29.5
      vertex 166.231 208 31.7517
    endloop
  endfacet
  facet normal 0 1 0
    outer loop
      vertex 169.262 208 27
      vertex 170.562 208 29.2517
      vertex 171.862 208 27
    endloop
  endfacet
  facet normal 0 1 0
    outer loop
      vertex 170.562 208 29.2517
      vertex 169.262 208 27
      vertex 164.931 208 29.5
    endloop
  endfacet
  facet normal 0 1 -0
    outer loop
      vertex 171.862 208 22
      vertex 169.262 208 27
      vertex 171.862 208 27
    endloop
  endfacet
  facet normal 0 1 0
    outer loop
      vertex 171.862 208 22
      vertex 169.262 208 22
      vertex 169.262 208 27
    endloop
  endfacet
  facet normal 0 1 0
    outer loop
      vertex 171.862 208 22
      vertex 170.562 208 19.7483
      vertex 169.262 208 22
    endloop
  endfacet
  facet normal 0 1 0
    outer loop
      vertex 176.192 208 19.5
      vertex 170.562 208 19.7483
      vertex 171.862 208 22
    endloop
  endfacet
  facet normal 0 1 0
    outer loop
      vertex 174.892 208 17.2483
      vertex 176.192 208 19.5
      vertex 177.492 208 17.2483
    endloop
  endfacet
  facet normal 0 1 0
    outer loop
      vertex 176.192 208 19.5
      vertex 174.892 208 17.2483
      vertex 170.562 208 19.7483
    endloop
  endfacet
  facet normal 0 1 -0
    outer loop
      vertex 177.492 208 12.2483
      vertex 174.892 208 17.2483
      vertex 177.492 208 17.2483
    endloop
  endfacet
  facet normal 0 1 0
    outer loop
      vertex 177.492 208 12.2483
      vertex 174.892 208 12.2483
      vertex 174.892 208 17.2483
    endloop
  endfacet
  facet normal 0 1 0
    outer loop
      vertex 181.822 208 9.74832
      vertex 174.892 208 12.2483
      vertex 177.492 208 12.2483
    endloop
  endfacet
  facet normal 0 1 0
    outer loop
      vertex 174.892 208 12.2483
      vertex 181.822 208 9.74832
      vertex 170.562 208 9.74832
    endloop
  endfacet
  facet normal 0 1 -0
    outer loop
      vertex 177.492 208 36.7517
      vertex 170.562 208 39.2517
      vertex 181.822 208 39.2517
    endloop
  endfacet
  facet normal 0 1 0
    outer loop
      vertex 177.492 208 36.7517
      vertex 174.892 208 36.7517
      vertex 170.562 208 39.2517
    endloop
  endfacet
  facet normal 0 1 -0
    outer loop
      vertex 177.492 208 31.7517
      vertex 174.892 208 36.7517
      vertex 177.492 208 36.7517
    endloop
  endfacet
  facet normal 0 1 0
    outer loop
      vertex 177.492 208 31.7517
      vertex 174.892 208 31.7517
      vertex 174.892 208 36.7517
    endloop
  endfacet
  facet normal 0 1 0
    outer loop
      vertex 177.492 208 31.7517
      vertex 176.192 208 29.5
      vertex 174.892 208 31.7517
    endloop
  endfacet
  facet normal 0 1 0
    outer loop
      vertex 181.822 208 29.2517
      vertex 176.192 208 29.5
      vertex 177.492 208 31.7517
    endloop
  endfacet
  facet normal 0 1 0
    outer loop
      vertex 180.522 208 27
      vertex 181.822 208 29.2517
      vertex 183.122 208 27
    endloop
  endfacet
  facet normal 0 1 0
    outer loop
      vertex 181.822 208 29.2517
      vertex 180.522 208 27
      vertex 176.192 208 29.5
    endloop
  endfacet
  facet normal 0 1 -0
    outer loop
      vertex 183.122 208 22
      vertex 180.522 208 27
      vertex 183.122 208 27
    endloop
  endfacet
  facet normal 0 1 0
    outer loop
      vertex 183.122 208 22
      vertex 180.522 208 22
      vertex 180.522 208 27
    endloop
  endfacet
  facet normal 0 1 0
    outer loop
      vertex 183.122 208 22
      vertex 181.822 208 19.7483
      vertex 180.522 208 22
    endloop
  endfacet
  facet normal 0 1 0
    outer loop
      vertex 187.452 208 19.5
      vertex 181.822 208 19.7483
      vertex 183.122 208 22
    endloop
  endfacet
  facet normal 0 1 0
    outer loop
      vertex 186.152 208 17.2483
      vertex 187.452 208 19.5
      vertex 188.752 208 17.2483
    endloop
  endfacet
  facet normal 0 1 0
    outer loop
      vertex 187.452 208 19.5
      vertex 186.152 208 17.2483
      vertex 181.822 208 19.7483
    endloop
  endfacet
  facet normal 0 1 -0
    outer loop
      vertex 188.752 208 12.2483
      vertex 186.152 208 17.2483
      vertex 188.752 208 17.2483
    endloop
  endfacet
  facet normal 0 1 0
    outer loop
      vertex 188.752 208 12.2483
      vertex 186.152 208 12.2483
      vertex 186.152 208 17.2483
    endloop
  endfacet
  facet normal 0 1 0
    outer loop
      vertex 193.082 208 9.74832
      vertex 186.152 208 12.2483
      vertex 188.752 208 12.2483
    endloop
  endfacet
  facet normal 0 1 0
    outer loop
      vertex 186.152 208 12.2483
      vertex 193.082 208 9.74832
      vertex 181.822 208 9.74832
    endloop
  endfacet
  facet normal 0 1 -0
    outer loop
      vertex 188.752 208 36.7517
      vertex 181.822 208 39.2517
      vertex 193.082 208 39.2517
    endloop
  endfacet
  facet normal 0 1 0
    outer loop
      vertex 188.752 208 36.7517
      vertex 186.152 208 36.7517
      vertex 181.822 208 39.2517
    endloop
  endfacet
  facet normal 0 1 -0
    outer loop
      vertex 188.752 208 31.7517
      vertex 186.152 208 36.7517
      vertex 188.752 208 36.7517
    endloop
  endfacet
  facet normal 0 1 0
    outer loop
      vertex 188.752 208 31.7517
      vertex 186.152 208 31.7517
      vertex 186.152 208 36.7517
    endloop
  endfacet
  facet normal 0 1 0
    outer loop
      vertex 188.752 208 31.7517
      vertex 187.452 208 29.5
      vertex 186.152 208 31.7517
    endloop
  endfacet
  facet normal 0 1 0
    outer loop
      vertex 193.082 208 29.2517
      vertex 187.452 208 29.5
      vertex 188.752 208 31.7517
    endloop
  endfacet
  facet normal 0 1 0
    outer loop
      vertex 187.452 208 29.5
      vertex 193.082 208 29.2517
      vertex 191.782 208 27
    endloop
  endfacet
  facet normal 0 1 0
    outer loop
      vertex 181.822 208 39.2517
      vertex 206 208 60
      vertex 193.082 208 39.2517
    endloop
  endfacet
  facet normal 0 1 0
    outer loop
      vertex 206 208 60
      vertex 197.412 208 36.7517
      vertex 193.082 208 39.2517
    endloop
  endfacet
  facet normal 0 1 0
    outer loop
      vertex 206 208 60
      vertex 197.412 208 31.7517
      vertex 197.412 208 36.7517
    endloop
  endfacet
  facet normal 0 1 0
    outer loop
      vertex 197.412 208 31.7517
      vertex 191.782 208 27
      vertex 193.082 208 29.2517
    endloop
  endfacet
  facet normal 0 1 0
    outer loop
      vertex 197.412 208 31.7517
      vertex 191.782 208 22
      vertex 191.782 208 27
    endloop
  endfacet
  facet normal 0 1 0
    outer loop
      vertex 197.412 208 31.7517
      vertex 193.082 208 19.7483
      vertex 191.782 208 22
    endloop
  endfacet
  facet normal 0 1 0
    outer loop
      vertex 197.412 208 31.7517
      vertex 197.412 208 17.2483
      vertex 193.082 208 19.7483
    endloop
  endfacet
  facet normal 0 1 -0
    outer loop
      vertex 206 208 0
      vertex 197.412 208 31.7517
      vertex 206 208 60
    endloop
  endfacet
  facet normal 0 1 0
    outer loop
      vertex 197.412 208 31.7517
      vertex 206 208 0
      vertex 197.412 208 17.2483
    endloop
  endfacet
  facet normal 0 1 0
    outer loop
      vertex 206 208 0
      vertex 181.822 208 9.74832
      vertex 193.082 208 9.74832
    endloop
  endfacet
  facet normal 0 1 0
    outer loop
      vertex 181.822 208 9.74832
      vertex 206 208 0
      vertex 170.562 208 9.74832
    endloop
  endfacet
  facet normal 0 1 0
    outer loop
      vertex 170.562 208 9.74832
      vertex 206 208 0
      vertex 159.301 208 9.74832
    endloop
  endfacet
  facet normal 0 1 0
    outer loop
      vertex 159.301 208 9.74832
      vertex 206 208 0
      vertex 148.041 208 9.74832
    endloop
  endfacet
  facet normal 0 1 0
    outer loop
      vertex 148.041 208 9.74832
      vertex 206 208 0
      vertex 136.781 208 9.74832
    endloop
  endfacet
  facet normal 0 1 0
    outer loop
      vertex 136.781 208 9.74832
      vertex 206 208 0
      vertex 125.521 208 9.74832
    endloop
  endfacet
  facet normal 0 1 0
    outer loop
      vertex 125.521 208 9.74832
      vertex 206 208 0
      vertex 114.26 208 9.74832
    endloop
  endfacet
  facet normal 0 1 0
    outer loop
      vertex 114.26 208 9.74832
      vertex 206 208 0
      vertex 103 208 9.74832
    endloop
  endfacet
  facet normal 0 1 0
    outer loop
      vertex 0 208 0
      vertex 103 208 9.74832
      vertex 206 208 0
    endloop
  endfacet
  facet normal 0 1 0
    outer loop
      vertex 103 208 9.74832
      vertex 0 208 0
      vertex 91.7397 208 9.74832
    endloop
  endfacet
  facet normal 0 1 0
    outer loop
      vertex 91.7397 208 9.74832
      vertex 0 208 0
      vertex 80.4795 208 9.74832
    endloop
  endfacet
  facet normal 0 1 0
    outer loop
      vertex 80.4795 208 9.74832
      vertex 0 208 0
      vertex 69.2192 208 9.74832
    endloop
  endfacet
  facet normal 0 1 0
    outer loop
      vertex 69.2192 208 9.74832
      vertex 0 208 0
      vertex 57.959 208 9.74832
    endloop
  endfacet
  facet normal 0 1 0
    outer loop
      vertex 57.959 208 9.74832
      vertex 0 208 0
      vertex 46.6987 208 9.74832
    endloop
  endfacet
  facet normal 0 1 0
    outer loop
      vertex 46.6987 208 9.74832
      vertex 0 208 0
      vertex 35.4385 208 9.74832
    endloop
  endfacet
  facet normal 0 1 0
    outer loop
      vertex 35.4385 208 9.74832
      vertex 0 208 0
      vertex 24.1782 208 9.74832
    endloop
  endfacet
  facet normal 0 1 0
    outer loop
      vertex 197.412 208 12.2483
      vertex 206 208 0
      vertex 193.082 208 9.74832
    endloop
  endfacet
  facet normal 0 1 0
    outer loop
      vertex 197.412 208 17.2483
      vertex 206 208 0
      vertex 197.412 208 12.2483
    endloop
  endfacet
  facet normal 0 1 0
    outer loop
      vertex 170.562 208 39.2517
      vertex 206 208 60
      vertex 181.822 208 39.2517
    endloop
  endfacet
  facet normal 0 1 0
    outer loop
      vertex 159.301 208 39.2517
      vertex 206 208 60
      vertex 170.562 208 39.2517
    endloop
  endfacet
  facet normal 0 1 0
    outer loop
      vertex 148.041 208 39.2517
      vertex 206 208 60
      vertex 159.301 208 39.2517
    endloop
  endfacet
  facet normal 0 1 0
    outer loop
      vertex 136.781 208 39.2517
      vertex 206 208 60
      vertex 148.041 208 39.2517
    endloop
  endfacet
  facet normal 0 1 0
    outer loop
      vertex 125.521 208 39.2517
      vertex 206 208 60
      vertex 136.781 208 39.2517
    endloop
  endfacet
  facet normal 0 1 0
    outer loop
      vertex 114.26 208 39.2517
      vertex 206 208 60
      vertex 125.521 208 39.2517
    endloop
  endfacet
  facet normal 0 1 0
    outer loop
      vertex 103 208 39.2517
      vertex 206 208 60
      vertex 114.26 208 39.2517
    endloop
  endfacet
  facet normal 0 1 0
    outer loop
      vertex 206 208 60
      vertex 103 208 39.2517
      vertex 0 208 60
    endloop
  endfacet
  facet normal 0 1 -0
    outer loop
      vertex 91.7397 208 39.2517
      vertex 0 208 60
      vertex 103 208 39.2517
    endloop
  endfacet
  facet normal 0 1 -0
    outer loop
      vertex 80.4795 208 39.2517
      vertex 0 208 60
      vertex 91.7397 208 39.2517
    endloop
  endfacet
  facet normal 0 1 -0
    outer loop
      vertex 69.2192 208 39.2517
      vertex 0 208 60
      vertex 80.4795 208 39.2517
    endloop
  endfacet
  facet normal 0 1 -0
    outer loop
      vertex 57.959 208 39.2517
      vertex 0 208 60
      vertex 69.2192 208 39.2517
    endloop
  endfacet
  facet normal 0 1 -0
    outer loop
      vertex 46.6987 208 39.2517
      vertex 0 208 60
      vertex 57.959 208 39.2517
    endloop
  endfacet
  facet normal 0 1 -0
    outer loop
      vertex 35.4385 208 39.2517
      vertex 0 208 60
      vertex 46.6987 208 39.2517
    endloop
  endfacet
  facet normal 0 1 -0
    outer loop
      vertex 24.1782 208 39.2517
      vertex 0 208 60
      vertex 35.4385 208 39.2517
    endloop
  endfacet
  facet normal 0 1 -0
    outer loop
      vertex 12.918 208 39.2517
      vertex 0 208 60
      vertex 24.1782 208 39.2517
    endloop
  endfacet
  facet normal 0 1 -0
    outer loop
      vertex 8.58783 208 36.7517
      vertex 0 208 60
      vertex 12.918 208 39.2517
    endloop
  endfacet
  facet normal 0 1 -0
    outer loop
      vertex 8.58783 208 31.7517
      vertex 0 208 60
      vertex 8.58783 208 36.7517
    endloop
  endfacet
  facet normal 0 1 0
    outer loop
      vertex 14.218 208 27
      vertex 8.58783 208 31.7517
      vertex 12.918 208 29.2517
    endloop
  endfacet
  facet normal 0 1 -0
    outer loop
      vertex 14.218 208 22
      vertex 8.58783 208 31.7517
      vertex 14.218 208 27
    endloop
  endfacet
  facet normal 0 1 -0
    outer loop
      vertex 12.918 208 19.7483
      vertex 8.58783 208 31.7517
      vertex 14.218 208 22
    endloop
  endfacet
  facet normal 0 1 0
    outer loop
      vertex 8.58783 208 17.2483
      vertex 8.58783 208 31.7517
      vertex 12.918 208 19.7483
    endloop
  endfacet
  facet normal 0 1 0
    outer loop
      vertex 0 208 0
      vertex 8.58783 208 31.7517
      vertex 8.58783 208 17.2483
    endloop
  endfacet
  facet normal 0 1 0
    outer loop
      vertex 0 208 0
      vertex 8.58783 208 17.2483
      vertex 8.58783 208 12.2483
    endloop
  endfacet
  facet normal 0 1 0
    outer loop
      vertex 8.58783 208 31.7517
      vertex 0 208 0
      vertex 0 208 60
    endloop
  endfacet
  facet normal 0 1 0
    outer loop
      vertex 12.918 208 9.74832
      vertex 0 208 0
      vertex 8.58783 208 12.2483
    endloop
  endfacet
  facet normal 0 1 0
    outer loop
      vertex 24.1782 208 9.74832
      vertex 0 208 0
      vertex 12.918 208 9.74832
    endloop
  endfacet
  facet normal 0 1 0
    outer loop
      vertex 187.452 208 29.5
      vertex 181.822 208 29.2517
      vertex 186.152 208 31.7517
    endloop
  endfacet
  facet normal -0 1 0
    outer loop
      vertex 181.822 208 29.2517
      vertex 187.452 208 29.5
      vertex 183.122 208 27
    endloop
  endfacet
  facet normal 0 1 0
    outer loop
      vertex 176.192 208 29.5
      vertex 170.562 208 29.2517
      vertex 174.892 208 31.7517
    endloop
  endfacet
  facet normal -0 1 0
    outer loop
      vertex 170.562 208 29.2517
      vertex 176.192 208 29.5
      vertex 171.862 208 27
    endloop
  endfacet
  facet normal 0 1 0
    outer loop
      vertex 164.931 208 29.5
      vertex 159.301 208 29.2517
      vertex 163.631 208 31.7517
    endloop
  endfacet
  facet normal -0 1 0
    outer loop
      vertex 159.301 208 29.2517
      vertex 164.931 208 29.5
      vertex 160.601 208 27
    endloop
  endfacet
  facet normal 0 1 0
    outer loop
      vertex 153.671 208 29.5
      vertex 148.041 208 29.2517
      vertex 152.371 208 31.7517
    endloop
  endfacet
  facet normal -0 1 0
    outer loop
      vertex 148.041 208 29.2517
      vertex 153.671 208 29.5
      vertex 149.341 208 27
    endloop
  endfacet
  facet normal 0 1 0
    outer loop
      vertex 142.411 208 29.5
      vertex 136.781 208 29.2517
      vertex 141.111 208 31.7517
    endloop
  endfacet
  facet normal -0 1 0
    outer loop
      vertex 136.781 208 29.2517
      vertex 142.411 208 29.5
      vertex 138.081 208 27
    endloop
  endfacet
  facet normal 0 1 0
    outer loop
      vertex 131.151 208 29.5
      vertex 125.521 208 29.2517
      vertex 129.851 208 31.7517
    endloop
  endfacet
  facet normal -0 1 0
    outer loop
      vertex 125.521 208 29.2517
      vertex 131.151 208 29.5
      vertex 126.821 208 27
    endloop
  endfacet
  facet normal 0 1 0
    outer loop
      vertex 119.89 208 29.5
      vertex 114.26 208 29.2517
      vertex 118.59 208 31.7517
    endloop
  endfacet
  facet normal -0 1 0
    outer loop
      vertex 114.26 208 29.2517
      vertex 119.89 208 29.5
      vertex 115.56 208 27
    endloop
  endfacet
  facet normal 0 1 0
    outer loop
      vertex 108.63 208 29.5
      vertex 103 208 29.2517
      vertex 107.33 208 31.7517
    endloop
  endfacet
  facet normal -0 1 0
    outer loop
      vertex 103 208 29.2517
      vertex 108.63 208 29.5
      vertex 104.3 208 27
    endloop
  endfacet
  facet normal 0 1 0
    outer loop
      vertex 97.3699 208 29.5
      vertex 91.7397 208 29.2517
      vertex 96.0699 208 31.7517
    endloop
  endfacet
  facet normal -0 1 0
    outer loop
      vertex 91.7397 208 29.2517
      vertex 97.3699 208 29.5
      vertex 93.0397 208 27
    endloop
  endfacet
  facet normal 0 1 0
    outer loop
      vertex 86.1096 208 29.5
      vertex 80.4795 208 29.2517
      vertex 84.8096 208 31.7517
    endloop
  endfacet
  facet normal -0 1 0
    outer loop
      vertex 80.4795 208 29.2517
      vertex 86.1096 208 29.5
      vertex 81.7795 208 27
    endloop
  endfacet
  facet normal 0 1 0
    outer loop
      vertex 74.8493 208 29.5
      vertex 69.2192 208 29.2517
      vertex 73.5493 208 31.7517
    endloop
  endfacet
  facet normal -0 1 0
    outer loop
      vertex 69.2192 208 29.2517
      vertex 74.8493 208 29.5
      vertex 70.5192 208 27
    endloop
  endfacet
  facet normal 0 1 0
    outer loop
      vertex 63.5891 208 29.5
      vertex 57.959 208 29.2517
      vertex 62.2891 208 31.7517
    endloop
  endfacet
  facet normal -0 1 0
    outer loop
      vertex 57.959 208 29.2517
      vertex 63.5891 208 29.5
      vertex 59.259 208 27
    endloop
  endfacet
  facet normal 0 1 0
    outer loop
      vertex 52.3288 208 29.5
      vertex 46.6987 208 29.2517
      vertex 51.0288 208 31.7517
    endloop
  endfacet
  facet normal -0 1 0
    outer loop
      vertex 46.6987 208 29.2517
      vertex 52.3288 208 29.5
      vertex 47.9987 208 27
    endloop
  endfacet
  facet normal 0 1 0
    outer loop
      vertex 41.0686 208 29.5
      vertex 35.4385 208 29.2517
      vertex 39.7686 208 31.7517
    endloop
  endfacet
  facet normal -0 1 0
    outer loop
      vertex 35.4385 208 29.2517
      vertex 41.0686 208 29.5
      vertex 36.7385 208 27
    endloop
  endfacet
  facet normal 0 1 0
    outer loop
      vertex 29.8083 208 29.5
      vertex 24.1782 208 29.2517
      vertex 28.5083 208 31.7517
    endloop
  endfacet
  facet normal -0 1 0
    outer loop
      vertex 24.1782 208 29.2517
      vertex 29.8083 208 29.5
      vertex 25.4782 208 27
    endloop
  endfacet
  facet normal 0 1 0
    outer loop
      vertex 18.5481 208 29.5
      vertex 12.918 208 29.2517
      vertex 17.2481 208 31.7517
    endloop
  endfacet
  facet normal -0 1 0
    outer loop
      vertex 12.918 208 29.2517
      vertex 18.5481 208 29.5
      vertex 14.218 208 27
    endloop
  endfacet
  facet normal 0 1 0
    outer loop
      vertex 18.5481 208 19.5
      vertex 12.918 208 19.7483
      vertex 14.218 208 22
    endloop
  endfacet
  facet normal 0 1 0
    outer loop
      vertex 17.2481 208 17.2483
      vertex 18.5481 208 19.5
      vertex 19.8481 208 17.2483
    endloop
  endfacet
  facet normal 0 1 0
    outer loop
      vertex 18.5481 208 19.5
      vertex 17.2481 208 17.2483
      vertex 12.918 208 19.7483
    endloop
  endfacet
  facet normal 0 1 -0
    outer loop
      vertex 19.8481 208 12.2483
      vertex 17.2481 208 17.2483
      vertex 19.8481 208 17.2483
    endloop
  endfacet
  facet normal 0 1 0
    outer loop
      vertex 19.8481 208 12.2483
      vertex 17.2481 208 12.2483
      vertex 17.2481 208 17.2483
    endloop
  endfacet
  facet normal 0 1 0
    outer loop
      vertex 24.1782 208 9.74832
      vertex 17.2481 208 12.2483
      vertex 19.8481 208 12.2483
    endloop
  endfacet
  facet normal 0 1 0
    outer loop
      vertex 17.2481 208 12.2483
      vertex 24.1782 208 9.74832
      vertex 12.918 208 9.74832
    endloop
  endfacet
  facet normal 0 1 0
    outer loop
      vertex 193.082 208 19.7483
      vertex 187.452 208 19.5
      vertex 191.782 208 22
    endloop
  endfacet
  facet normal -0 1 0
    outer loop
      vertex 187.452 208 19.5
      vertex 193.082 208 19.7483
      vertex 188.752 208 17.2483
    endloop
  endfacet
  facet normal 0 1 0
    outer loop
      vertex 181.822 208 19.7483
      vertex 176.192 208 19.5
      vertex 180.522 208 22
    endloop
  endfacet
  facet normal -0 1 0
    outer loop
      vertex 176.192 208 19.5
      vertex 181.822 208 19.7483
      vertex 177.492 208 17.2483
    endloop
  endfacet
  facet normal 0 1 0
    outer loop
      vertex 170.562 208 19.7483
      vertex 164.931 208 19.5
      vertex 169.262 208 22
    endloop
  endfacet
  facet normal -0 1 0
    outer loop
      vertex 164.931 208 19.5
      vertex 170.562 208 19.7483
      vertex 166.231 208 17.2483
    endloop
  endfacet
  facet normal 0 1 0
    outer loop
      vertex 159.301 208 19.7483
      vertex 153.671 208 19.5
      vertex 158.001 208 22
    endloop
  endfacet
  facet normal -0 1 0
    outer loop
      vertex 153.671 208 19.5
      vertex 159.301 208 19.7483
      vertex 154.971 208 17.2483
    endloop
  endfacet
  facet normal 0 1 0
    outer loop
      vertex 148.041 208 19.7483
      vertex 142.411 208 19.5
      vertex 146.741 208 22
    endloop
  endfacet
  facet normal -0 1 0
    outer loop
      vertex 142.411 208 19.5
      vertex 148.041 208 19.7483
      vertex 143.711 208 17.2483
    endloop
  endfacet
  facet normal 0 1 0
    outer loop
      vertex 136.781 208 19.7483
      vertex 131.151 208 19.5
      vertex 135.481 208 22
    endloop
  endfacet
  facet normal -0 1 0
    outer loop
      vertex 131.151 208 19.5
      vertex 136.781 208 19.7483
      vertex 132.451 208 17.2483
    endloop
  endfacet
  facet normal 0 1 0
    outer loop
      vertex 125.521 208 19.7483
      vertex 119.89 208 19.5
      vertex 124.221 208 22
    endloop
  endfacet
  facet normal -0 1 0
    outer loop
      vertex 119.89 208 19.5
      vertex 125.521 208 19.7483
      vertex 121.19 208 17.2483
    endloop
  endfacet
  facet normal 0 1 0
    outer loop
      vertex 114.26 208 19.7483
      vertex 108.63 208 19.5
      vertex 112.96 208 22
    endloop
  endfacet
  facet normal -0 1 0
    outer loop
      vertex 108.63 208 19.5
      vertex 114.26 208 19.7483
      vertex 109.93 208 17.2483
    endloop
  endfacet
  facet normal 0 1 0
    outer loop
      vertex 103 208 19.7483
      vertex 97.3699 208 19.5
      vertex 101.7 208 22
    endloop
  endfacet
  facet normal -0 1 0
    outer loop
      vertex 97.3699 208 19.5
      vertex 103 208 19.7483
      vertex 98.6699 208 17.2483
    endloop
  endfacet
  facet normal 0 1 0
    outer loop
      vertex 91.7397 208 19.7483
      vertex 86.1096 208 19.5
      vertex 90.4397 208 22
    endloop
  endfacet
  facet normal -0 1 0
    outer loop
      vertex 86.1096 208 19.5
      vertex 91.7397 208 19.7483
      vertex 87.4096 208 17.2483
    endloop
  endfacet
  facet normal 0 1 0
    outer loop
      vertex 80.4795 208 19.7483
      vertex 74.8493 208 19.5
      vertex 79.1795 208 22
    endloop
  endfacet
  facet normal -0 1 0
    outer loop
      vertex 74.8493 208 19.5
      vertex 80.4795 208 19.7483
      vertex 76.1494 208 17.2483
    endloop
  endfacet
  facet normal 0 1 0
    outer loop
      vertex 69.2192 208 19.7483
      vertex 63.5891 208 19.5
      vertex 67.9192 208 22
    endloop
  endfacet
  facet normal -0 1 0
    outer loop
      vertex 63.5891 208 19.5
      vertex 69.2192 208 19.7483
      vertex 64.8891 208 17.2483
    endloop
  endfacet
  facet normal 0 1 0
    outer loop
      vertex 57.959 208 19.7483
      vertex 52.3288 208 19.5
      vertex 56.659 208 22
    endloop
  endfacet
  facet normal -0 1 0
    outer loop
      vertex 52.3288 208 19.5
      vertex 57.959 208 19.7483
      vertex 53.6288 208 17.2483
    endloop
  endfacet
  facet normal 0 1 0
    outer loop
      vertex 46.6987 208 19.7483
      vertex 41.0686 208 19.5
      vertex 45.3987 208 22
    endloop
  endfacet
  facet normal -0 1 0
    outer loop
      vertex 41.0686 208 19.5
      vertex 46.6987 208 19.7483
      vertex 42.3686 208 17.2483
    endloop
  endfacet
  facet normal 0 1 0
    outer loop
      vertex 35.4385 208 19.7483
      vertex 29.8083 208 19.5
      vertex 34.1385 208 22
    endloop
  endfacet
  facet normal -0 1 0
    outer loop
      vertex 29.8083 208 19.5
      vertex 35.4385 208 19.7483
      vertex 31.1083 208 17.2483
    endloop
  endfacet
  facet normal 0 1 0
    outer loop
      vertex 24.1782 208 19.7483
      vertex 18.5481 208 19.5
      vertex 22.8782 208 22
    endloop
  endfacet
  facet normal -0 1 0
    outer loop
      vertex 18.5481 208 19.5
      vertex 24.1782 208 19.7483
      vertex 19.8481 208 17.2483
    endloop
  endfacet
  facet normal 0 -1 0
    outer loop
      vertex 187.452 0 19.5
      vertex 193.082 0 19.7483
      vertex 191.782 0 22
    endloop
  endfacet
  facet normal 0 -1 0
    outer loop
      vertex 188.752 0 17.2483
      vertex 187.452 0 19.5
      vertex 186.152 0 17.2483
    endloop
  endfacet
  facet normal 0 -1 0
    outer loop
      vertex 187.452 0 19.5
      vertex 188.752 0 17.2483
      vertex 193.082 0 19.7483
    endloop
  endfacet
  facet normal 0 -1 0
    outer loop
      vertex 186.152 0 12.2483
      vertex 188.752 0 17.2483
      vertex 186.152 0 17.2483
    endloop
  endfacet
  facet normal 0 -1 0
    outer loop
      vertex 186.152 0 12.2483
      vertex 188.752 0 12.2483
      vertex 188.752 0 17.2483
    endloop
  endfacet
  facet normal 0 -1 0
    outer loop
      vertex 181.822 0 9.74832
      vertex 188.752 0 12.2483
      vertex 186.152 0 12.2483
    endloop
  endfacet
  facet normal 0 -1 -0
    outer loop
      vertex 188.752 0 12.2483
      vertex 181.822 0 9.74832
      vertex 193.082 0 9.74832
    endloop
  endfacet
  facet normal 0 -1 0
    outer loop
      vertex 12.918 0 19.7483
      vertex 18.5481 0 19.5
      vertex 14.218 0 22
    endloop
  endfacet
  facet normal -0 -1 0
    outer loop
      vertex 18.5481 0 19.5
      vertex 12.918 0 19.7483
      vertex 17.2481 0 17.2483
    endloop
  endfacet
  facet normal 0 -1 0
    outer loop
      vertex 24.1782 0 19.7483
      vertex 29.8083 0 19.5
      vertex 25.4782 0 22
    endloop
  endfacet
  facet normal -0 -1 0
    outer loop
      vertex 29.8083 0 19.5
      vertex 24.1782 0 19.7483
      vertex 28.5083 0 17.2483
    endloop
  endfacet
  facet normal 0 -1 0
    outer loop
      vertex 35.4385 0 19.7483
      vertex 41.0686 0 19.5
      vertex 36.7385 0 22
    endloop
  endfacet
  facet normal -0 -1 0
    outer loop
      vertex 41.0686 0 19.5
      vertex 35.4385 0 19.7483
      vertex 39.7686 0 17.2483
    endloop
  endfacet
  facet normal 0 -1 0
    outer loop
      vertex 46.6987 0 19.7483
      vertex 52.3288 0 19.5
      vertex 47.9987 0 22
    endloop
  endfacet
  facet normal -0 -1 0
    outer loop
      vertex 52.3288 0 19.5
      vertex 46.6987 0 19.7483
      vertex 51.0288 0 17.2483
    endloop
  endfacet
  facet normal 0 -1 0
    outer loop
      vertex 57.959 0 19.7483
      vertex 63.5891 0 19.5
      vertex 59.259 0 22
    endloop
  endfacet
  facet normal -0 -1 0
    outer loop
      vertex 63.5891 0 19.5
      vertex 57.959 0 19.7483
      vertex 62.2891 0 17.2483
    endloop
  endfacet
  facet normal 0 -1 0
    outer loop
      vertex 69.2192 0 19.7483
      vertex 74.8493 0 19.5
      vertex 70.5192 0 22
    endloop
  endfacet
  facet normal -0 -1 0
    outer loop
      vertex 74.8493 0 19.5
      vertex 69.2192 0 19.7483
      vertex 73.5493 0 17.2483
    endloop
  endfacet
  facet normal 0 -1 0
    outer loop
      vertex 80.4795 0 19.7483
      vertex 86.1096 0 19.5
      vertex 81.7795 0 22
    endloop
  endfacet
  facet normal -0 -1 0
    outer loop
      vertex 86.1096 0 19.5
      vertex 80.4795 0 19.7483
      vertex 84.8096 0 17.2483
    endloop
  endfacet
  facet normal 0 -1 0
    outer loop
      vertex 91.7397 0 19.7483
      vertex 97.3699 0 19.5
      vertex 93.0397 0 22
    endloop
  endfacet
  facet normal -0 -1 0
    outer loop
      vertex 97.3699 0 19.5
      vertex 91.7397 0 19.7483
      vertex 96.0699 0 17.2483
    endloop
  endfacet
  facet normal 0 -1 0
    outer loop
      vertex 103 0 19.7483
      vertex 108.63 0 19.5
      vertex 104.3 0 22
    endloop
  endfacet
  facet normal -0 -1 0
    outer loop
      vertex 108.63 0 19.5
      vertex 103 0 19.7483
      vertex 107.33 0 17.2483
    endloop
  endfacet
  facet normal 0 -1 0
    outer loop
      vertex 114.26 0 19.7483
      vertex 119.89 0 19.5
      vertex 115.56 0 22
    endloop
  endfacet
  facet normal -0 -1 0
    outer loop
      vertex 119.89 0 19.5
      vertex 114.26 0 19.7483
      vertex 118.59 0 17.2483
    endloop
  endfacet
  facet normal 0 -1 0
    outer loop
      vertex 125.521 0 19.7483
      vertex 131.151 0 19.5
      vertex 126.821 0 22
    endloop
  endfacet
  facet normal -0 -1 0
    outer loop
      vertex 131.151 0 19.5
      vertex 125.521 0 19.7483
      vertex 129.851 0 17.2483
    endloop
  endfacet
  facet normal 0 -1 0
    outer loop
      vertex 136.781 0 19.7483
      vertex 142.411 0 19.5
      vertex 138.081 0 22
    endloop
  endfacet
  facet normal -0 -1 0
    outer loop
      vertex 142.411 0 19.5
      vertex 136.781 0 19.7483
      vertex 141.111 0 17.2483
    endloop
  endfacet
  facet normal 0 -1 0
    outer loop
      vertex 148.041 0 19.7483
      vertex 153.671 0 19.5
      vertex 149.341 0 22
    endloop
  endfacet
  facet normal -0 -1 0
    outer loop
      vertex 153.671 0 19.5
      vertex 148.041 0 19.7483
      vertex 152.371 0 17.2483
    endloop
  endfacet
  facet normal 0 -1 0
    outer loop
      vertex 159.301 0 19.7483
      vertex 164.931 0 19.5
      vertex 160.601 0 22
    endloop
  endfacet
  facet normal -0 -1 0
    outer loop
      vertex 164.931 0 19.5
      vertex 159.301 0 19.7483
      vertex 163.631 0 17.2483
    endloop
  endfacet
  facet normal 0 -1 0
    outer loop
      vertex 170.562 0 19.7483
      vertex 176.192 0 19.5
      vertex 171.862 0 22
    endloop
  endfacet
  facet normal -0 -1 0
    outer loop
      vertex 176.192 0 19.5
      vertex 170.562 0 19.7483
      vertex 174.892 0 17.2483
    endloop
  endfacet
  facet normal 0 -1 0
    outer loop
      vertex 181.822 0 19.7483
      vertex 187.452 0 19.5
      vertex 183.122 0 22
    endloop
  endfacet
  facet normal -0 -1 0
    outer loop
      vertex 187.452 0 19.5
      vertex 181.822 0 19.7483
      vertex 186.152 0 17.2483
    endloop
  endfacet
  facet normal 0 -1 0
    outer loop
      vertex 186.152 0 36.7517
      vertex 193.082 0 39.2517
      vertex 181.822 0 39.2517
    endloop
  endfacet
  facet normal 0 -1 0
    outer loop
      vertex 186.152 0 36.7517
      vertex 188.752 0 36.7517
      vertex 193.082 0 39.2517
    endloop
  endfacet
  facet normal 0 -1 0
    outer loop
      vertex 186.152 0 31.7517
      vertex 188.752 0 36.7517
      vertex 186.152 0 36.7517
    endloop
  endfacet
  facet normal 0 -1 0
    outer loop
      vertex 186.152 0 31.7517
      vertex 188.752 0 31.7517
      vertex 188.752 0 36.7517
    endloop
  endfacet
  facet normal 0 -1 0
    outer loop
      vertex 186.152 0 31.7517
      vertex 187.452 0 29.5
      vertex 188.752 0 31.7517
    endloop
  endfacet
  facet normal 0 -1 0
    outer loop
      vertex 181.822 0 29.2517
      vertex 187.452 0 29.5
      vertex 186.152 0 31.7517
    endloop
  endfacet
  facet normal 0 -1 0
    outer loop
      vertex 183.122 0 27
      vertex 181.822 0 29.2517
      vertex 180.522 0 27
    endloop
  endfacet
  facet normal 0 -1 0
    outer loop
      vertex 181.822 0 29.2517
      vertex 183.122 0 27
      vertex 187.452 0 29.5
    endloop
  endfacet
  facet normal 0 -1 0
    outer loop
      vertex 180.522 0 22
      vertex 183.122 0 27
      vertex 180.522 0 27
    endloop
  endfacet
  facet normal 0 -1 0
    outer loop
      vertex 180.522 0 22
      vertex 183.122 0 22
      vertex 183.122 0 27
    endloop
  endfacet
  facet normal 0 -1 0
    outer loop
      vertex 180.522 0 22
      vertex 181.822 0 19.7483
      vertex 183.122 0 22
    endloop
  endfacet
  facet normal 0 -1 0
    outer loop
      vertex 176.192 0 19.5
      vertex 181.822 0 19.7483
      vertex 180.522 0 22
    endloop
  endfacet
  facet normal 0 -1 0
    outer loop
      vertex 177.492 0 17.2483
      vertex 176.192 0 19.5
      vertex 174.892 0 17.2483
    endloop
  endfacet
  facet normal 0 -1 0
    outer loop
      vertex 176.192 0 19.5
      vertex 177.492 0 17.2483
      vertex 181.822 0 19.7483
    endloop
  endfacet
  facet normal 0 -1 0
    outer loop
      vertex 174.892 0 12.2483
      vertex 177.492 0 17.2483
      vertex 174.892 0 17.2483
    endloop
  endfacet
  facet normal 0 -1 0
    outer loop
      vertex 174.892 0 12.2483
      vertex 177.492 0 12.2483
      vertex 177.492 0 17.2483
    endloop
  endfacet
  facet normal 0 -1 0
    outer loop
      vertex 170.562 0 9.74832
      vertex 177.492 0 12.2483
      vertex 174.892 0 12.2483
    endloop
  endfacet
  facet normal 0 -1 -0
    outer loop
      vertex 177.492 0 12.2483
      vertex 170.562 0 9.74832
      vertex 181.822 0 9.74832
    endloop
  endfacet
  facet normal 0 -1 0
    outer loop
      vertex 174.892 0 36.7517
      vertex 181.822 0 39.2517
      vertex 170.562 0 39.2517
    endloop
  endfacet
  facet normal 0 -1 0
    outer loop
      vertex 174.892 0 36.7517
      vertex 177.492 0 36.7517
      vertex 181.822 0 39.2517
    endloop
  endfacet
  facet normal 0 -1 0
    outer loop
      vertex 174.892 0 31.7517
      vertex 177.492 0 36.7517
      vertex 174.892 0 36.7517
    endloop
  endfacet
  facet normal 0 -1 0
    outer loop
      vertex 174.892 0 31.7517
      vertex 177.492 0 31.7517
      vertex 177.492 0 36.7517
    endloop
  endfacet
  facet normal 0 -1 0
    outer loop
      vertex 174.892 0 31.7517
      vertex 176.192 0 29.5
      vertex 177.492 0 31.7517
    endloop
  endfacet
  facet normal 0 -1 0
    outer loop
      vertex 170.562 0 29.2517
      vertex 176.192 0 29.5
      vertex 174.892 0 31.7517
    endloop
  endfacet
  facet normal 0 -1 0
    outer loop
      vertex 171.862 0 27
      vertex 170.562 0 29.2517
      vertex 169.262 0 27
    endloop
  endfacet
  facet normal 0 -1 0
    outer loop
      vertex 170.562 0 29.2517
      vertex 171.862 0 27
      vertex 176.192 0 29.5
    endloop
  endfacet
  facet normal 0 -1 0
    outer loop
      vertex 169.262 0 22
      vertex 171.862 0 27
      vertex 169.262 0 27
    endloop
  endfacet
  facet normal 0 -1 0
    outer loop
      vertex 169.262 0 22
      vertex 171.862 0 22
      vertex 171.862 0 27
    endloop
  endfacet
  facet normal 0 -1 0
    outer loop
      vertex 169.262 0 22
      vertex 170.562 0 19.7483
      vertex 171.862 0 22
    endloop
  endfacet
  facet normal 0 -1 0
    outer loop
      vertex 164.931 0 19.5
      vertex 170.562 0 19.7483
      vertex 169.262 0 22
    endloop
  endfacet
  facet normal 0 -1 0
    outer loop
      vertex 166.231 0 17.2483
      vertex 164.931 0 19.5
      vertex 163.631 0 17.2483
    endloop
  endfacet
  facet normal 0 -1 0
    outer loop
      vertex 164.931 0 19.5
      vertex 166.231 0 17.2483
      vertex 170.562 0 19.7483
    endloop
  endfacet
  facet normal 0 -1 0
    outer loop
      vertex 163.631 0 12.2483
      vertex 166.231 0 17.2483
      vertex 163.631 0 17.2483
    endloop
  endfacet
  facet normal 0 -1 0
    outer loop
      vertex 163.631 0 12.2483
      vertex 166.231 0 12.2483
      vertex 166.231 0 17.2483
    endloop
  endfacet
  facet normal 0 -1 0
    outer loop
      vertex 159.301 0 9.74832
      vertex 166.231 0 12.2483
      vertex 163.631 0 12.2483
    endloop
  endfacet
  facet normal 0 -1 -0
    outer loop
      vertex 166.231 0 12.2483
      vertex 159.301 0 9.74832
      vertex 170.562 0 9.74832
    endloop
  endfacet
  facet normal 0 -1 0
    outer loop
      vertex 163.631 0 36.7517
      vertex 170.562 0 39.2517
      vertex 159.301 0 39.2517
    endloop
  endfacet
  facet normal 0 -1 0
    outer loop
      vertex 163.631 0 36.7517
      vertex 166.231 0 36.7517
      vertex 170.562 0 39.2517
    endloop
  endfacet
  facet normal 0 -1 0
    outer loop
      vertex 163.631 0 31.7517
      vertex 166.231 0 36.7517
      vertex 163.631 0 36.7517
    endloop
  endfacet
  facet normal 0 -1 0
    outer loop
      vertex 163.631 0 31.7517
      vertex 166.231 0 31.7517
      vertex 166.231 0 36.7517
    endloop
  endfacet
  facet normal 0 -1 0
    outer loop
      vertex 163.631 0 31.7517
      vertex 164.931 0 29.5
      vertex 166.231 0 31.7517
    endloop
  endfacet
  facet normal 0 -1 0
    outer loop
      vertex 159.301 0 29.2517
      vertex 164.931 0 29.5
      vertex 163.631 0 31.7517
    endloop
  endfacet
  facet normal 0 -1 0
    outer loop
      vertex 160.601 0 27
      vertex 159.301 0 29.2517
      vertex 158.001 0 27
    endloop
  endfacet
  facet normal 0 -1 0
    outer loop
      vertex 159.301 0 29.2517
      vertex 160.601 0 27
      vertex 164.931 0 29.5
    endloop
  endfacet
  facet normal 0 -1 0
    outer loop
      vertex 158.001 0 22
      vertex 160.601 0 27
      vertex 158.001 0 27
    endloop
  endfacet
  facet normal 0 -1 0
    outer loop
      vertex 158.001 0 22
      vertex 160.601 0 22
      vertex 160.601 0 27
    endloop
  endfacet
  facet normal 0 -1 0
    outer loop
      vertex 158.001 0 22
      vertex 159.301 0 19.7483
      vertex 160.601 0 22
    endloop
  endfacet
  facet normal 0 -1 0
    outer loop
      vertex 153.671 0 19.5
      vertex 159.301 0 19.7483
      vertex 158.001 0 22
    endloop
  endfacet
  facet normal 0 -1 0
    outer loop
      vertex 154.971 0 17.2483
      vertex 153.671 0 19.5
      vertex 152.371 0 17.2483
    endloop
  endfacet
  facet normal 0 -1 0
    outer loop
      vertex 153.671 0 19.5
      vertex 154.971 0 17.2483
      vertex 159.301 0 19.7483
    endloop
  endfacet
  facet normal 0 -1 0
    outer loop
      vertex 152.371 0 12.2483
      vertex 154.971 0 17.2483
      vertex 152.371 0 17.2483
    endloop
  endfacet
  facet normal 0 -1 0
    outer loop
      vertex 152.371 0 12.2483
      vertex 154.971 0 12.2483
      vertex 154.971 0 17.2483
    endloop
  endfacet
  facet normal 0 -1 0
    outer loop
      vertex 148.041 0 9.74832
      vertex 154.971 0 12.2483
      vertex 152.371 0 12.2483
    endloop
  endfacet
  facet normal 0 -1 -0
    outer loop
      vertex 154.971 0 12.2483
      vertex 148.041 0 9.74832
      vertex 159.301 0 9.74832
    endloop
  endfacet
  facet normal 0 -1 0
    outer loop
      vertex 152.371 0 36.7517
      vertex 159.301 0 39.2517
      vertex 148.041 0 39.2517
    endloop
  endfacet
  facet normal 0 -1 0
    outer loop
      vertex 152.371 0 36.7517
      vertex 154.971 0 36.7517
      vertex 159.301 0 39.2517
    endloop
  endfacet
  facet normal 0 -1 0
    outer loop
      vertex 152.371 0 31.7517
      vertex 154.971 0 36.7517
      vertex 152.371 0 36.7517
    endloop
  endfacet
  facet normal 0 -1 0
    outer loop
      vertex 152.371 0 31.7517
      vertex 154.971 0 31.7517
      vertex 154.971 0 36.7517
    endloop
  endfacet
  facet normal 0 -1 0
    outer loop
      vertex 152.371 0 31.7517
      vertex 153.671 0 29.5
      vertex 154.971 0 31.7517
    endloop
  endfacet
  facet normal 0 -1 0
    outer loop
      vertex 148.041 0 29.2517
      vertex 153.671 0 29.5
      vertex 152.371 0 31.7517
    endloop
  endfacet
  facet normal 0 -1 0
    outer loop
      vertex 149.341 0 27
      vertex 148.041 0 29.2517
      vertex 146.741 0 27
    endloop
  endfacet
  facet normal 0 -1 0
    outer loop
      vertex 148.041 0 29.2517
      vertex 149.341 0 27
      vertex 153.671 0 29.5
    endloop
  endfacet
  facet normal 0 -1 0
    outer loop
      vertex 146.741 0 22
      vertex 149.341 0 27
      vertex 146.741 0 27
    endloop
  endfacet
  facet normal 0 -1 0
    outer loop
      vertex 146.741 0 22
      vertex 149.341 0 22
      vertex 149.341 0 27
    endloop
  endfacet
  facet normal 0 -1 0
    outer loop
      vertex 146.741 0 22
      vertex 148.041 0 19.7483
      vertex 149.341 0 22
    endloop
  endfacet
  facet normal 0 -1 0
    outer loop
      vertex 142.411 0 19.5
      vertex 148.041 0 19.7483
      vertex 146.741 0 22
    endloop
  endfacet
  facet normal 0 -1 0
    outer loop
      vertex 143.711 0 17.2483
      vertex 142.411 0 19.5
      vertex 141.111 0 17.2483
    endloop
  endfacet
  facet normal 0 -1 0
    outer loop
      vertex 142.411 0 19.5
      vertex 143.711 0 17.2483
      vertex 148.041 0 19.7483
    endloop
  endfacet
  facet normal 0 -1 0
    outer loop
      vertex 141.111 0 12.2483
      vertex 143.711 0 17.2483
      vertex 141.111 0 17.2483
    endloop
  endfacet
  facet normal 0 -1 0
    outer loop
      vertex 141.111 0 12.2483
      vertex 143.711 0 12.2483
      vertex 143.711 0 17.2483
    endloop
  endfacet
  facet normal 0 -1 0
    outer loop
      vertex 136.781 0 9.74832
      vertex 143.711 0 12.2483
      vertex 141.111 0 12.2483
    endloop
  endfacet
  facet normal 0 -1 -0
    outer loop
      vertex 143.711 0 12.2483
      vertex 136.781 0 9.74832
      vertex 148.041 0 9.74832
    endloop
  endfacet
  facet normal 0 -1 0
    outer loop
      vertex 141.111 0 36.7517
      vertex 148.041 0 39.2517
      vertex 136.781 0 39.2517
    endloop
  endfacet
  facet normal 0 -1 0
    outer loop
      vertex 141.111 0 36.7517
      vertex 143.711 0 36.7517
      vertex 148.041 0 39.2517
    endloop
  endfacet
  facet normal 0 -1 0
    outer loop
      vertex 141.111 0 31.7517
      vertex 143.711 0 36.7517
      vertex 141.111 0 36.7517
    endloop
  endfacet
  facet normal 0 -1 0
    outer loop
      vertex 141.111 0 31.7517
      vertex 143.711 0 31.7517
      vertex 143.711 0 36.7517
    endloop
  endfacet
  facet normal 0 -1 0
    outer loop
      vertex 141.111 0 31.7517
      vertex 142.411 0 29.5
      vertex 143.711 0 31.7517
    endloop
  endfacet
  facet normal 0 -1 0
    outer loop
      vertex 136.781 0 29.2517
      vertex 142.411 0 29.5
      vertex 141.111 0 31.7517
    endloop
  endfacet
  facet normal 0 -1 0
    outer loop
      vertex 138.081 0 27
      vertex 136.781 0 29.2517
      vertex 135.481 0 27
    endloop
  endfacet
  facet normal 0 -1 0
    outer loop
      vertex 136.781 0 29.2517
      vertex 138.081 0 27
      vertex 142.411 0 29.5
    endloop
  endfacet
  facet normal 0 -1 0
    outer loop
      vertex 135.481 0 22
      vertex 138.081 0 27
      vertex 135.481 0 27
    endloop
  endfacet
  facet normal 0 -1 0
    outer loop
      vertex 135.481 0 22
      vertex 138.081 0 22
      vertex 138.081 0 27
    endloop
  endfacet
  facet normal 0 -1 0
    outer loop
      vertex 135.481 0 22
      vertex 136.781 0 19.7483
      vertex 138.081 0 22
    endloop
  endfacet
  facet normal 0 -1 0
    outer loop
      vertex 131.151 0 19.5
      vertex 136.781 0 19.7483
      vertex 135.481 0 22
    endloop
  endfacet
  facet normal 0 -1 0
    outer loop
      vertex 132.451 0 17.2483
      vertex 131.151 0 19.5
      vertex 129.851 0 17.2483
    endloop
  endfacet
  facet normal 0 -1 0
    outer loop
      vertex 131.151 0 19.5
      vertex 132.451 0 17.2483
      vertex 136.781 0 19.7483
    endloop
  endfacet
  facet normal 0 -1 0
    outer loop
      vertex 129.851 0 12.2483
      vertex 132.451 0 17.2483
      vertex 129.851 0 17.2483
    endloop
  endfacet
  facet normal 0 -1 0
    outer loop
      vertex 129.851 0 12.2483
      vertex 132.451 0 12.2483
      vertex 132.451 0 17.2483
    endloop
  endfacet
  facet normal 0 -1 0
    outer loop
      vertex 125.521 0 9.74832
      vertex 132.451 0 12.2483
      vertex 129.851 0 12.2483
    endloop
  endfacet
  facet normal 0 -1 -0
    outer loop
      vertex 132.451 0 12.2483
      vertex 125.521 0 9.74832
      vertex 136.781 0 9.74832
    endloop
  endfacet
  facet normal 0 -1 0
    outer loop
      vertex 129.851 0 36.7517
      vertex 136.781 0 39.2517
      vertex 125.521 0 39.2517
    endloop
  endfacet
  facet normal 0 -1 0
    outer loop
      vertex 129.851 0 36.7517
      vertex 132.451 0 36.7517
      vertex 136.781 0 39.2517
    endloop
  endfacet
  facet normal 0 -1 0
    outer loop
      vertex 129.851 0 31.7517
      vertex 132.451 0 36.7517
      vertex 129.851 0 36.7517
    endloop
  endfacet
  facet normal 0 -1 0
    outer loop
      vertex 129.851 0 31.7517
      vertex 132.451 0 31.7517
      vertex 132.451 0 36.7517
    endloop
  endfacet
  facet normal 0 -1 0
    outer loop
      vertex 129.851 0 31.7517
      vertex 131.151 0 29.5
      vertex 132.451 0 31.7517
    endloop
  endfacet
  facet normal 0 -1 0
    outer loop
      vertex 125.521 0 29.2517
      vertex 131.151 0 29.5
      vertex 129.851 0 31.7517
    endloop
  endfacet
  facet normal 0 -1 0
    outer loop
      vertex 126.821 0 27
      vertex 125.521 0 29.2517
      vertex 124.221 0 27
    endloop
  endfacet
  facet normal 0 -1 0
    outer loop
      vertex 125.521 0 29.2517
      vertex 126.821 0 27
      vertex 131.151 0 29.5
    endloop
  endfacet
  facet normal 0 -1 0
    outer loop
      vertex 124.221 0 22
      vertex 126.821 0 27
      vertex 124.221 0 27
    endloop
  endfacet
  facet normal 0 -1 0
    outer loop
      vertex 124.221 0 22
      vertex 126.821 0 22
      vertex 126.821 0 27
    endloop
  endfacet
  facet normal 0 -1 0
    outer loop
      vertex 124.221 0 22
      vertex 125.521 0 19.7483
      vertex 126.821 0 22
    endloop
  endfacet
  facet normal 0 -1 0
    outer loop
      vertex 119.89 0 19.5
      vertex 125.521 0 19.7483
      vertex 124.221 0 22
    endloop
  endfacet
  facet normal 0 -1 0
    outer loop
      vertex 121.19 0 17.2483
      vertex 119.89 0 19.5
      vertex 118.59 0 17.2483
    endloop
  endfacet
  facet normal 0 -1 0
    outer loop
      vertex 119.89 0 19.5
      vertex 121.19 0 17.2483
      vertex 125.521 0 19.7483
    endloop
  endfacet
  facet normal 0 -1 0
    outer loop
      vertex 118.59 0 12.2483
      vertex 121.19 0 17.2483
      vertex 118.59 0 17.2483
    endloop
  endfacet
  facet normal 0 -1 0
    outer loop
      vertex 118.59 0 12.2483
      vertex 121.19 0 12.2483
      vertex 121.19 0 17.2483
    endloop
  endfacet
  facet normal 0 -1 0
    outer loop
      vertex 114.26 0 9.74832
      vertex 121.19 0 12.2483
      vertex 118.59 0 12.2483
    endloop
  endfacet
  facet normal 0 -1 -0
    outer loop
      vertex 121.19 0 12.2483
      vertex 114.26 0 9.74832
      vertex 125.521 0 9.74832
    endloop
  endfacet
  facet normal 0 -1 0
    outer loop
      vertex 118.59 0 36.7517
      vertex 125.521 0 39.2517
      vertex 114.26 0 39.2517
    endloop
  endfacet
  facet normal 0 -1 0
    outer loop
      vertex 118.59 0 36.7517
      vertex 121.19 0 36.7517
      vertex 125.521 0 39.2517
    endloop
  endfacet
  facet normal 0 -1 0
    outer loop
      vertex 118.59 0 31.7517
      vertex 121.19 0 36.7517
      vertex 118.59 0 36.7517
    endloop
  endfacet
  facet normal 0 -1 0
    outer loop
      vertex 118.59 0 31.7517
      vertex 121.19 0 31.7517
      vertex 121.19 0 36.7517
    endloop
  endfacet
  facet normal 0 -1 0
    outer loop
      vertex 118.59 0 31.7517
      vertex 119.89 0 29.5
      vertex 121.19 0 31.7517
    endloop
  endfacet
  facet normal 0 -1 0
    outer loop
      vertex 114.26 0 29.2517
      vertex 119.89 0 29.5
      vertex 118.59 0 31.7517
    endloop
  endfacet
  facet normal 0 -1 0
    outer loop
      vertex 115.56 0 27
      vertex 114.26 0 29.2517
      vertex 112.96 0 27
    endloop
  endfacet
  facet normal 0 -1 0
    outer loop
      vertex 114.26 0 29.2517
      vertex 115.56 0 27
      vertex 119.89 0 29.5
    endloop
  endfacet
  facet normal 0 -1 0
    outer loop
      vertex 112.96 0 22
      vertex 115.56 0 27
      vertex 112.96 0 27
    endloop
  endfacet
  facet normal 0 -1 0
    outer loop
      vertex 112.96 0 22
      vertex 115.56 0 22
      vertex 115.56 0 27
    endloop
  endfacet
  facet normal 0 -1 0
    outer loop
      vertex 112.96 0 22
      vertex 114.26 0 19.7483
      vertex 115.56 0 22
    endloop
  endfacet
  facet normal 0 -1 0
    outer loop
      vertex 108.63 0 19.5
      vertex 114.26 0 19.7483
      vertex 112.96 0 22
    endloop
  endfacet
  facet normal 0 -1 0
    outer loop
      vertex 109.93 0 17.2483
      vertex 108.63 0 19.5
      vertex 107.33 0 17.2483
    endloop
  endfacet
  facet normal 0 -1 0
    outer loop
      vertex 108.63 0 19.5
      vertex 109.93 0 17.2483
      vertex 114.26 0 19.7483
    endloop
  endfacet
  facet normal 0 -1 0
    outer loop
      vertex 107.33 0 12.2483
      vertex 109.93 0 17.2483
      vertex 107.33 0 17.2483
    endloop
  endfacet
  facet normal 0 -1 0
    outer loop
      vertex 107.33 0 12.2483
      vertex 109.93 0 12.2483
      vertex 109.93 0 17.2483
    endloop
  endfacet
  facet normal 0 -1 0
    outer loop
      vertex 103 0 9.74832
      vertex 109.93 0 12.2483
      vertex 107.33 0 12.2483
    endloop
  endfacet
  facet normal 0 -1 -0
    outer loop
      vertex 109.93 0 12.2483
      vertex 103 0 9.74832
      vertex 114.26 0 9.74832
    endloop
  endfacet
  facet normal 0 -1 0
    outer loop
      vertex 107.33 0 36.7517
      vertex 114.26 0 39.2517
      vertex 103 0 39.2517
    endloop
  endfacet
  facet normal 0 -1 0
    outer loop
      vertex 107.33 0 36.7517
      vertex 109.93 0 36.7517
      vertex 114.26 0 39.2517
    endloop
  endfacet
  facet normal 0 -1 0
    outer loop
      vertex 107.33 0 31.7517
      vertex 109.93 0 36.7517
      vertex 107.33 0 36.7517
    endloop
  endfacet
  facet normal 0 -1 0
    outer loop
      vertex 107.33 0 31.7517
      vertex 109.93 0 31.7517
      vertex 109.93 0 36.7517
    endloop
  endfacet
  facet normal 0 -1 0
    outer loop
      vertex 107.33 0 31.7517
      vertex 108.63 0 29.5
      vertex 109.93 0 31.7517
    endloop
  endfacet
  facet normal 0 -1 0
    outer loop
      vertex 103 0 29.2517
      vertex 108.63 0 29.5
      vertex 107.33 0 31.7517
    endloop
  endfacet
  facet normal 0 -1 0
    outer loop
      vertex 104.3 0 27
      vertex 103 0 29.2517
      vertex 101.7 0 27
    endloop
  endfacet
  facet normal 0 -1 0
    outer loop
      vertex 103 0 29.2517
      vertex 104.3 0 27
      vertex 108.63 0 29.5
    endloop
  endfacet
  facet normal 0 -1 0
    outer loop
      vertex 101.7 0 22
      vertex 104.3 0 27
      vertex 101.7 0 27
    endloop
  endfacet
  facet normal 0 -1 0
    outer loop
      vertex 101.7 0 22
      vertex 104.3 0 22
      vertex 104.3 0 27
    endloop
  endfacet
  facet normal 0 -1 0
    outer loop
      vertex 101.7 0 22
      vertex 103 0 19.7483
      vertex 104.3 0 22
    endloop
  endfacet
  facet normal 0 -1 0
    outer loop
      vertex 97.3699 0 19.5
      vertex 103 0 19.7483
      vertex 101.7 0 22
    endloop
  endfacet
  facet normal 0 -1 0
    outer loop
      vertex 98.6699 0 17.2483
      vertex 97.3699 0 19.5
      vertex 96.0699 0 17.2483
    endloop
  endfacet
  facet normal 0 -1 0
    outer loop
      vertex 97.3699 0 19.5
      vertex 98.6699 0 17.2483
      vertex 103 0 19.7483
    endloop
  endfacet
  facet normal 0 -1 0
    outer loop
      vertex 96.0699 0 12.2483
      vertex 98.6699 0 17.2483
      vertex 96.0699 0 17.2483
    endloop
  endfacet
  facet normal 0 -1 0
    outer loop
      vertex 96.0699 0 12.2483
      vertex 98.6699 0 12.2483
      vertex 98.6699 0 17.2483
    endloop
  endfacet
  facet normal 0 -1 0
    outer loop
      vertex 91.7397 0 9.74832
      vertex 98.6699 0 12.2483
      vertex 96.0699 0 12.2483
    endloop
  endfacet
  facet normal 0 -1 -0
    outer loop
      vertex 98.6699 0 12.2483
      vertex 91.7397 0 9.74832
      vertex 103 0 9.74832
    endloop
  endfacet
  facet normal 0 -1 0
    outer loop
      vertex 96.0699 0 36.7517
      vertex 103 0 39.2517
      vertex 91.7397 0 39.2517
    endloop
  endfacet
  facet normal 0 -1 0
    outer loop
      vertex 96.0699 0 36.7517
      vertex 98.6699 0 36.7517
      vertex 103 0 39.2517
    endloop
  endfacet
  facet normal 0 -1 0
    outer loop
      vertex 96.0699 0 31.7517
      vertex 98.6699 0 36.7517
      vertex 96.0699 0 36.7517
    endloop
  endfacet
  facet normal 0 -1 0
    outer loop
      vertex 96.0699 0 31.7517
      vertex 98.6699 0 31.7517
      vertex 98.6699 0 36.7517
    endloop
  endfacet
  facet normal 0 -1 0
    outer loop
      vertex 96.0699 0 31.7517
      vertex 97.3699 0 29.5
      vertex 98.6699 0 31.7517
    endloop
  endfacet
  facet normal 0 -1 0
    outer loop
      vertex 91.7397 0 29.2517
      vertex 97.3699 0 29.5
      vertex 96.0699 0 31.7517
    endloop
  endfacet
  facet normal 0 -1 0
    outer loop
      vertex 93.0397 0 27
      vertex 91.7397 0 29.2517
      vertex 90.4397 0 27
    endloop
  endfacet
  facet normal 0 -1 0
    outer loop
      vertex 91.7397 0 29.2517
      vertex 93.0397 0 27
      vertex 97.3699 0 29.5
    endloop
  endfacet
  facet normal 0 -1 0
    outer loop
      vertex 90.4397 0 22
      vertex 93.0397 0 27
      vertex 90.4397 0 27
    endloop
  endfacet
  facet normal 0 -1 0
    outer loop
      vertex 90.4397 0 22
      vertex 93.0397 0 22
      vertex 93.0397 0 27
    endloop
  endfacet
  facet normal 0 -1 0
    outer loop
      vertex 90.4397 0 22
      vertex 91.7397 0 19.7483
      vertex 93.0397 0 22
    endloop
  endfacet
  facet normal 0 -1 0
    outer loop
      vertex 86.1096 0 19.5
      vertex 91.7397 0 19.7483
      vertex 90.4397 0 22
    endloop
  endfacet
  facet normal 0 -1 0
    outer loop
      vertex 87.4096 0 17.2483
      vertex 86.1096 0 19.5
      vertex 84.8096 0 17.2483
    endloop
  endfacet
  facet normal 0 -1 0
    outer loop
      vertex 86.1096 0 19.5
      vertex 87.4096 0 17.2483
      vertex 91.7397 0 19.7483
    endloop
  endfacet
  facet normal 0 -1 0
    outer loop
      vertex 84.8096 0 12.2483
      vertex 87.4096 0 17.2483
      vertex 84.8096 0 17.2483
    endloop
  endfacet
  facet normal 0 -1 0
    outer loop
      vertex 84.8096 0 12.2483
      vertex 87.4096 0 12.2483
      vertex 87.4096 0 17.2483
    endloop
  endfacet
  facet normal 0 -1 0
    outer loop
      vertex 80.4795 0 9.74832
      vertex 87.4096 0 12.2483
      vertex 84.8096 0 12.2483
    endloop
  endfacet
  facet normal 0 -1 -0
    outer loop
      vertex 87.4096 0 12.2483
      vertex 80.4795 0 9.74832
      vertex 91.7397 0 9.74832
    endloop
  endfacet
  facet normal 0 -1 0
    outer loop
      vertex 84.8096 0 36.7517
      vertex 91.7397 0 39.2517
      vertex 80.4795 0 39.2517
    endloop
  endfacet
  facet normal 0 -1 0
    outer loop
      vertex 84.8096 0 36.7517
      vertex 87.4096 0 36.7517
      vertex 91.7397 0 39.2517
    endloop
  endfacet
  facet normal 0 -1 0
    outer loop
      vertex 84.8096 0 31.7517
      vertex 87.4096 0 36.7517
      vertex 84.8096 0 36.7517
    endloop
  endfacet
  facet normal 0 -1 0
    outer loop
      vertex 84.8096 0 31.7517
      vertex 87.4096 0 31.7517
      vertex 87.4096 0 36.7517
    endloop
  endfacet
  facet normal 0 -1 0
    outer loop
      vertex 84.8096 0 31.7517
      vertex 86.1096 0 29.5
      vertex 87.4096 0 31.7517
    endloop
  endfacet
  facet normal 0 -1 0
    outer loop
      vertex 80.4795 0 29.2517
      vertex 86.1096 0 29.5
      vertex 84.8096 0 31.7517
    endloop
  endfacet
  facet normal 0 -1 0
    outer loop
      vertex 81.7795 0 27
      vertex 80.4795 0 29.2517
      vertex 79.1795 0 27
    endloop
  endfacet
  facet normal 0 -1 0
    outer loop
      vertex 80.4795 0 29.2517
      vertex 81.7795 0 27
      vertex 86.1096 0 29.5
    endloop
  endfacet
  facet normal 0 -1 0
    outer loop
      vertex 79.1795 0 22
      vertex 81.7795 0 27
      vertex 79.1795 0 27
    endloop
  endfacet
  facet normal 0 -1 0
    outer loop
      vertex 79.1795 0 22
      vertex 81.7795 0 22
      vertex 81.7795 0 27
    endloop
  endfacet
  facet normal 0 -1 0
    outer loop
      vertex 79.1795 0 22
      vertex 80.4795 0 19.7483
      vertex 81.7795 0 22
    endloop
  endfacet
  facet normal 0 -1 0
    outer loop
      vertex 74.8493 0 19.5
      vertex 80.4795 0 19.7483
      vertex 79.1795 0 22
    endloop
  endfacet
  facet normal 0 -1 0
    outer loop
      vertex 76.1494 0 17.2483
      vertex 74.8493 0 19.5
      vertex 73.5493 0 17.2483
    endloop
  endfacet
  facet normal 0 -1 0
    outer loop
      vertex 74.8493 0 19.5
      vertex 76.1494 0 17.2483
      vertex 80.4795 0 19.7483
    endloop
  endfacet
  facet normal 0 -1 0
    outer loop
      vertex 73.5493 0 12.2483
      vertex 76.1494 0 17.2483
      vertex 73.5493 0 17.2483
    endloop
  endfacet
  facet normal 0 -1 0
    outer loop
      vertex 73.5493 0 12.2483
      vertex 76.1494 0 12.2483
      vertex 76.1494 0 17.2483
    endloop
  endfacet
  facet normal 0 -1 0
    outer loop
      vertex 69.2192 0 9.74832
      vertex 76.1494 0 12.2483
      vertex 73.5493 0 12.2483
    endloop
  endfacet
  facet normal 0 -1 -0
    outer loop
      vertex 76.1494 0 12.2483
      vertex 69.2192 0 9.74832
      vertex 80.4795 0 9.74832
    endloop
  endfacet
  facet normal 0 -1 0
    outer loop
      vertex 73.5493 0 36.7517
      vertex 80.4795 0 39.2517
      vertex 69.2192 0 39.2517
    endloop
  endfacet
  facet normal 0 -1 0
    outer loop
      vertex 73.5493 0 36.7517
      vertex 76.1494 0 36.7517
      vertex 80.4795 0 39.2517
    endloop
  endfacet
  facet normal 0 -1 0
    outer loop
      vertex 73.5493 0 31.7517
      vertex 76.1494 0 36.7517
      vertex 73.5493 0 36.7517
    endloop
  endfacet
  facet normal 0 -1 0
    outer loop
      vertex 73.5493 0 31.7517
      vertex 76.1494 0 31.7517
      vertex 76.1494 0 36.7517
    endloop
  endfacet
  facet normal 0 -1 0
    outer loop
      vertex 73.5493 0 31.7517
      vertex 74.8493 0 29.5
      vertex 76.1494 0 31.7517
    endloop
  endfacet
  facet normal 0 -1 0
    outer loop
      vertex 69.2192 0 29.2517
      vertex 74.8493 0 29.5
      vertex 73.5493 0 31.7517
    endloop
  endfacet
  facet normal 0 -1 0
    outer loop
      vertex 70.5192 0 27
      vertex 69.2192 0 29.2517
      vertex 67.9192 0 27
    endloop
  endfacet
  facet normal 0 -1 0
    outer loop
      vertex 69.2192 0 29.2517
      vertex 70.5192 0 27
      vertex 74.8493 0 29.5
    endloop
  endfacet
  facet normal 0 -1 0
    outer loop
      vertex 67.9192 0 22
      vertex 70.5192 0 27
      vertex 67.9192 0 27
    endloop
  endfacet
  facet normal 0 -1 0
    outer loop
      vertex 67.9192 0 22
      vertex 70.5192 0 22
      vertex 70.5192 0 27
    endloop
  endfacet
  facet normal 0 -1 0
    outer loop
      vertex 67.9192 0 22
      vertex 69.2192 0 19.7483
      vertex 70.5192 0 22
    endloop
  endfacet
  facet normal 0 -1 0
    outer loop
      vertex 63.5891 0 19.5
      vertex 69.2192 0 19.7483
      vertex 67.9192 0 22
    endloop
  endfacet
  facet normal 0 -1 0
    outer loop
      vertex 64.8891 0 17.2483
      vertex 63.5891 0 19.5
      vertex 62.2891 0 17.2483
    endloop
  endfacet
  facet normal 0 -1 0
    outer loop
      vertex 63.5891 0 19.5
      vertex 64.8891 0 17.2483
      vertex 69.2192 0 19.7483
    endloop
  endfacet
  facet normal 0 -1 0
    outer loop
      vertex 62.2891 0 12.2483
      vertex 64.8891 0 17.2483
      vertex 62.2891 0 17.2483
    endloop
  endfacet
  facet normal 0 -1 0
    outer loop
      vertex 62.2891 0 12.2483
      vertex 64.8891 0 12.2483
      vertex 64.8891 0 17.2483
    endloop
  endfacet
  facet normal 0 -1 0
    outer loop
      vertex 57.959 0 9.74832
      vertex 64.8891 0 12.2483
      vertex 62.2891 0 12.2483
    endloop
  endfacet
  facet normal 0 -1 -0
    outer loop
      vertex 64.8891 0 12.2483
      vertex 57.959 0 9.74832
      vertex 69.2192 0 9.74832
    endloop
  endfacet
  facet normal 0 -1 0
    outer loop
      vertex 62.2891 0 36.7517
      vertex 69.2192 0 39.2517
      vertex 57.959 0 39.2517
    endloop
  endfacet
  facet normal 0 -1 0
    outer loop
      vertex 62.2891 0 36.7517
      vertex 64.8891 0 36.7517
      vertex 69.2192 0 39.2517
    endloop
  endfacet
  facet normal 0 -1 0
    outer loop
      vertex 62.2891 0 31.7517
      vertex 64.8891 0 36.7517
      vertex 62.2891 0 36.7517
    endloop
  endfacet
  facet normal 0 -1 0
    outer loop
      vertex 62.2891 0 31.7517
      vertex 64.8891 0 31.7517
      vertex 64.8891 0 36.7517
    endloop
  endfacet
  facet normal 0 -1 0
    outer loop
      vertex 62.2891 0 31.7517
      vertex 63.5891 0 29.5
      vertex 64.8891 0 31.7517
    endloop
  endfacet
  facet normal 0 -1 0
    outer loop
      vertex 57.959 0 29.2517
      vertex 63.5891 0 29.5
      vertex 62.2891 0 31.7517
    endloop
  endfacet
  facet normal 0 -1 0
    outer loop
      vertex 59.259 0 27
      vertex 57.959 0 29.2517
      vertex 56.659 0 27
    endloop
  endfacet
  facet normal 0 -1 0
    outer loop
      vertex 57.959 0 29.2517
      vertex 59.259 0 27
      vertex 63.5891 0 29.5
    endloop
  endfacet
  facet normal 0 -1 0
    outer loop
      vertex 56.659 0 22
      vertex 59.259 0 27
      vertex 56.659 0 27
    endloop
  endfacet
  facet normal 0 -1 0
    outer loop
      vertex 56.659 0 22
      vertex 59.259 0 22
      vertex 59.259 0 27
    endloop
  endfacet
  facet normal 0 -1 0
    outer loop
      vertex 56.659 0 22
      vertex 57.959 0 19.7483
      vertex 59.259 0 22
    endloop
  endfacet
  facet normal 0 -1 0
    outer loop
      vertex 52.3288 0 19.5
      vertex 57.959 0 19.7483
      vertex 56.659 0 22
    endloop
  endfacet
  facet normal 0 -1 0
    outer loop
      vertex 53.6288 0 17.2483
      vertex 52.3288 0 19.5
      vertex 51.0288 0 17.2483
    endloop
  endfacet
  facet normal 0 -1 0
    outer loop
      vertex 52.3288 0 19.5
      vertex 53.6288 0 17.2483
      vertex 57.959 0 19.7483
    endloop
  endfacet
  facet normal 0 -1 0
    outer loop
      vertex 51.0288 0 12.2483
      vertex 53.6288 0 17.2483
      vertex 51.0288 0 17.2483
    endloop
  endfacet
  facet normal 0 -1 0
    outer loop
      vertex 51.0288 0 12.2483
      vertex 53.6288 0 12.2483
      vertex 53.6288 0 17.2483
    endloop
  endfacet
  facet normal 0 -1 0
    outer loop
      vertex 46.6987 0 9.74832
      vertex 53.6288 0 12.2483
      vertex 51.0288 0 12.2483
    endloop
  endfacet
  facet normal 0 -1 -0
    outer loop
      vertex 53.6288 0 12.2483
      vertex 46.6987 0 9.74832
      vertex 57.959 0 9.74832
    endloop
  endfacet
  facet normal 0 -1 0
    outer loop
      vertex 51.0288 0 36.7517
      vertex 57.959 0 39.2517
      vertex 46.6987 0 39.2517
    endloop
  endfacet
  facet normal 0 -1 0
    outer loop
      vertex 51.0288 0 36.7517
      vertex 53.6288 0 36.7517
      vertex 57.959 0 39.2517
    endloop
  endfacet
  facet normal 0 -1 0
    outer loop
      vertex 51.0288 0 31.7517
      vertex 53.6288 0 36.7517
      vertex 51.0288 0 36.7517
    endloop
  endfacet
  facet normal 0 -1 0
    outer loop
      vertex 51.0288 0 31.7517
      vertex 53.6288 0 31.7517
      vertex 53.6288 0 36.7517
    endloop
  endfacet
  facet normal 0 -1 0
    outer loop
      vertex 51.0288 0 31.7517
      vertex 52.3288 0 29.5
      vertex 53.6288 0 31.7517
    endloop
  endfacet
  facet normal 0 -1 0
    outer loop
      vertex 46.6987 0 29.2517
      vertex 52.3288 0 29.5
      vertex 51.0288 0 31.7517
    endloop
  endfacet
  facet normal 0 -1 0
    outer loop
      vertex 47.9987 0 27
      vertex 46.6987 0 29.2517
      vertex 45.3987 0 27
    endloop
  endfacet
  facet normal 0 -1 0
    outer loop
      vertex 46.6987 0 29.2517
      vertex 47.9987 0 27
      vertex 52.3288 0 29.5
    endloop
  endfacet
  facet normal 0 -1 0
    outer loop
      vertex 45.3987 0 22
      vertex 47.9987 0 27
      vertex 45.3987 0 27
    endloop
  endfacet
  facet normal 0 -1 0
    outer loop
      vertex 45.3987 0 22
      vertex 47.9987 0 22
      vertex 47.9987 0 27
    endloop
  endfacet
  facet normal 0 -1 0
    outer loop
      vertex 45.3987 0 22
      vertex 46.6987 0 19.7483
      vertex 47.9987 0 22
    endloop
  endfacet
  facet normal 0 -1 0
    outer loop
      vertex 41.0686 0 19.5
      vertex 46.6987 0 19.7483
      vertex 45.3987 0 22
    endloop
  endfacet
  facet normal 0 -1 0
    outer loop
      vertex 42.3686 0 17.2483
      vertex 41.0686 0 19.5
      vertex 39.7686 0 17.2483
    endloop
  endfacet
  facet normal 0 -1 0
    outer loop
      vertex 41.0686 0 19.5
      vertex 42.3686 0 17.2483
      vertex 46.6987 0 19.7483
    endloop
  endfacet
  facet normal 0 -1 0
    outer loop
      vertex 39.7686 0 12.2483
      vertex 42.3686 0 17.2483
      vertex 39.7686 0 17.2483
    endloop
  endfacet
  facet normal 0 -1 0
    outer loop
      vertex 39.7686 0 12.2483
      vertex 42.3686 0 12.2483
      vertex 42.3686 0 17.2483
    endloop
  endfacet
  facet normal 0 -1 0
    outer loop
      vertex 35.4385 0 9.74832
      vertex 42.3686 0 12.2483
      vertex 39.7686 0 12.2483
    endloop
  endfacet
  facet normal 0 -1 -0
    outer loop
      vertex 42.3686 0 12.2483
      vertex 35.4385 0 9.74832
      vertex 46.6987 0 9.74832
    endloop
  endfacet
  facet normal 0 -1 0
    outer loop
      vertex 39.7686 0 36.7517
      vertex 46.6987 0 39.2517
      vertex 35.4385 0 39.2517
    endloop
  endfacet
  facet normal 0 -1 0
    outer loop
      vertex 39.7686 0 36.7517
      vertex 42.3686 0 36.7517
      vertex 46.6987 0 39.2517
    endloop
  endfacet
  facet normal 0 -1 0
    outer loop
      vertex 39.7686 0 31.7517
      vertex 42.3686 0 36.7517
      vertex 39.7686 0 36.7517
    endloop
  endfacet
  facet normal 0 -1 0
    outer loop
      vertex 39.7686 0 31.7517
      vertex 42.3686 0 31.7517
      vertex 42.3686 0 36.7517
    endloop
  endfacet
  facet normal 0 -1 0
    outer loop
      vertex 39.7686 0 31.7517
      vertex 41.0686 0 29.5
      vertex 42.3686 0 31.7517
    endloop
  endfacet
  facet normal 0 -1 0
    outer loop
      vertex 35.4385 0 29.2517
      vertex 41.0686 0 29.5
      vertex 39.7686 0 31.7517
    endloop
  endfacet
  facet normal 0 -1 0
    outer loop
      vertex 36.7385 0 27
      vertex 35.4385 0 29.2517
      vertex 34.1385 0 27
    endloop
  endfacet
  facet normal 0 -1 0
    outer loop
      vertex 35.4385 0 29.2517
      vertex 36.7385 0 27
      vertex 41.0686 0 29.5
    endloop
  endfacet
  facet normal 0 -1 0
    outer loop
      vertex 34.1385 0 22
      vertex 36.7385 0 27
      vertex 34.1385 0 27
    endloop
  endfacet
  facet normal 0 -1 0
    outer loop
      vertex 34.1385 0 22
      vertex 36.7385 0 22
      vertex 36.7385 0 27
    endloop
  endfacet
  facet normal 0 -1 0
    outer loop
      vertex 34.1385 0 22
      vertex 35.4385 0 19.7483
      vertex 36.7385 0 22
    endloop
  endfacet
  facet normal 0 -1 0
    outer loop
      vertex 29.8083 0 19.5
      vertex 35.4385 0 19.7483
      vertex 34.1385 0 22
    endloop
  endfacet
  facet normal 0 -1 0
    outer loop
      vertex 31.1083 0 17.2483
      vertex 29.8083 0 19.5
      vertex 28.5083 0 17.2483
    endloop
  endfacet
  facet normal 0 -1 0
    outer loop
      vertex 29.8083 0 19.5
      vertex 31.1083 0 17.2483
      vertex 35.4385 0 19.7483
    endloop
  endfacet
  facet normal 0 -1 0
    outer loop
      vertex 28.5083 0 12.2483
      vertex 31.1083 0 17.2483
      vertex 28.5083 0 17.2483
    endloop
  endfacet
  facet normal 0 -1 0
    outer loop
      vertex 28.5083 0 12.2483
      vertex 31.1083 0 12.2483
      vertex 31.1083 0 17.2483
    endloop
  endfacet
  facet normal 0 -1 0
    outer loop
      vertex 24.1782 0 9.74832
      vertex 31.1083 0 12.2483
      vertex 28.5083 0 12.2483
    endloop
  endfacet
  facet normal 0 -1 -0
    outer loop
      vertex 31.1083 0 12.2483
      vertex 24.1782 0 9.74832
      vertex 35.4385 0 9.74832
    endloop
  endfacet
  facet normal 0 -1 0
    outer loop
      vertex 28.5083 0 36.7517
      vertex 35.4385 0 39.2517
      vertex 24.1782 0 39.2517
    endloop
  endfacet
  facet normal 0 -1 0
    outer loop
      vertex 28.5083 0 36.7517
      vertex 31.1083 0 36.7517
      vertex 35.4385 0 39.2517
    endloop
  endfacet
  facet normal 0 -1 0
    outer loop
      vertex 28.5083 0 31.7517
      vertex 31.1083 0 36.7517
      vertex 28.5083 0 36.7517
    endloop
  endfacet
  facet normal 0 -1 0
    outer loop
      vertex 28.5083 0 31.7517
      vertex 31.1083 0 31.7517
      vertex 31.1083 0 36.7517
    endloop
  endfacet
  facet normal 0 -1 0
    outer loop
      vertex 28.5083 0 31.7517
      vertex 29.8083 0 29.5
      vertex 31.1083 0 31.7517
    endloop
  endfacet
  facet normal 0 -1 0
    outer loop
      vertex 24.1782 0 29.2517
      vertex 29.8083 0 29.5
      vertex 28.5083 0 31.7517
    endloop
  endfacet
  facet normal 0 -1 0
    outer loop
      vertex 25.4782 0 27
      vertex 24.1782 0 29.2517
      vertex 22.8782 0 27
    endloop
  endfacet
  facet normal 0 -1 0
    outer loop
      vertex 24.1782 0 29.2517
      vertex 25.4782 0 27
      vertex 29.8083 0 29.5
    endloop
  endfacet
  facet normal 0 -1 0
    outer loop
      vertex 22.8782 0 22
      vertex 25.4782 0 27
      vertex 22.8782 0 27
    endloop
  endfacet
  facet normal 0 -1 0
    outer loop
      vertex 22.8782 0 22
      vertex 25.4782 0 22
      vertex 25.4782 0 27
    endloop
  endfacet
  facet normal 0 -1 0
    outer loop
      vertex 22.8782 0 22
      vertex 24.1782 0 19.7483
      vertex 25.4782 0 22
    endloop
  endfacet
  facet normal 0 -1 0
    outer loop
      vertex 18.5481 0 19.5
      vertex 24.1782 0 19.7483
      vertex 22.8782 0 22
    endloop
  endfacet
  facet normal 0 -1 0
    outer loop
      vertex 19.8481 0 17.2483
      vertex 18.5481 0 19.5
      vertex 17.2481 0 17.2483
    endloop
  endfacet
  facet normal 0 -1 0
    outer loop
      vertex 18.5481 0 19.5
      vertex 19.8481 0 17.2483
      vertex 24.1782 0 19.7483
    endloop
  endfacet
  facet normal 0 -1 0
    outer loop
      vertex 17.2481 0 12.2483
      vertex 19.8481 0 17.2483
      vertex 17.2481 0 17.2483
    endloop
  endfacet
  facet normal 0 -1 0
    outer loop
      vertex 17.2481 0 12.2483
      vertex 19.8481 0 12.2483
      vertex 19.8481 0 17.2483
    endloop
  endfacet
  facet normal 0 -1 0
    outer loop
      vertex 12.918 0 9.74832
      vertex 19.8481 0 12.2483
      vertex 17.2481 0 12.2483
    endloop
  endfacet
  facet normal 0 -1 -0
    outer loop
      vertex 19.8481 0 12.2483
      vertex 12.918 0 9.74832
      vertex 24.1782 0 9.74832
    endloop
  endfacet
  facet normal 0 -1 0
    outer loop
      vertex 17.2481 0 36.7517
      vertex 24.1782 0 39.2517
      vertex 12.918 0 39.2517
    endloop
  endfacet
  facet normal 0 -1 0
    outer loop
      vertex 17.2481 0 36.7517
      vertex 19.8481 0 36.7517
      vertex 24.1782 0 39.2517
    endloop
  endfacet
  facet normal 0 -1 0
    outer loop
      vertex 17.2481 0 31.7517
      vertex 19.8481 0 36.7517
      vertex 17.2481 0 36.7517
    endloop
  endfacet
  facet normal 0 -1 0
    outer loop
      vertex 17.2481 0 31.7517
      vertex 19.8481 0 31.7517
      vertex 19.8481 0 36.7517
    endloop
  endfacet
  facet normal 0 -1 0
    outer loop
      vertex 17.2481 0 31.7517
      vertex 18.5481 0 29.5
      vertex 19.8481 0 31.7517
    endloop
  endfacet
  facet normal 0 -1 0
    outer loop
      vertex 12.918 0 29.2517
      vertex 18.5481 0 29.5
      vertex 17.2481 0 31.7517
    endloop
  endfacet
  facet normal 0 -1 0
    outer loop
      vertex 18.5481 0 29.5
      vertex 12.918 0 29.2517
      vertex 14.218 0 27
    endloop
  endfacet
  facet normal 0 -1 0
    outer loop
      vertex 24.1782 0 39.2517
      vertex 0 0 60
      vertex 12.918 0 39.2517
    endloop
  endfacet
  facet normal 0 -1 0
    outer loop
      vertex 0 0 60
      vertex 8.58783 0 36.7517
      vertex 12.918 0 39.2517
    endloop
  endfacet
  facet normal 0 -1 0
    outer loop
      vertex 0 0 60
      vertex 8.58783 0 31.7517
      vertex 8.58783 0 36.7517
    endloop
  endfacet
  facet normal 0 -1 0
    outer loop
      vertex 8.58783 0 31.7517
      vertex 14.218 0 27
      vertex 12.918 0 29.2517
    endloop
  endfacet
  facet normal 0 -1 0
    outer loop
      vertex 8.58783 0 31.7517
      vertex 14.218 0 22
      vertex 14.218 0 27
    endloop
  endfacet
  facet normal 0 -1 0
    outer loop
      vertex 8.58783 0 31.7517
      vertex 12.918 0 19.7483
      vertex 14.218 0 22
    endloop
  endfacet
  facet normal 0 -1 0
    outer loop
      vertex 8.58783 0 31.7517
      vertex 8.58783 0 17.2483
      vertex 12.918 0 19.7483
    endloop
  endfacet
  facet normal 0 -1 0
    outer loop
      vertex 0 0 0
      vertex 8.58783 0 31.7517
      vertex 0 0 60
    endloop
  endfacet
  facet normal 0 -1 -0
    outer loop
      vertex 8.58783 0 31.7517
      vertex 0 0 0
      vertex 8.58783 0 17.2483
    endloop
  endfacet
  facet normal 0 -1 0
    outer loop
      vertex 0 0 0
      vertex 24.1782 0 9.74832
      vertex 12.918 0 9.74832
    endloop
  endfacet
  facet normal 0 -1 -0
    outer loop
      vertex 24.1782 0 9.74832
      vertex 0 0 0
      vertex 35.4385 0 9.74832
    endloop
  endfacet
  facet normal 0 -1 -0
    outer loop
      vertex 35.4385 0 9.74832
      vertex 0 0 0
      vertex 46.6987 0 9.74832
    endloop
  endfacet
  facet normal 0 -1 -0
    outer loop
      vertex 46.6987 0 9.74832
      vertex 0 0 0
      vertex 57.959 0 9.74832
    endloop
  endfacet
  facet normal 0 -1 -0
    outer loop
      vertex 57.959 0 9.74832
      vertex 0 0 0
      vertex 69.2192 0 9.74832
    endloop
  endfacet
  facet normal 0 -1 -0
    outer loop
      vertex 69.2192 0 9.74832
      vertex 0 0 0
      vertex 80.4795 0 9.74832
    endloop
  endfacet
  facet normal 0 -1 -0
    outer loop
      vertex 80.4795 0 9.74832
      vertex 0 0 0
      vertex 91.7397 0 9.74832
    endloop
  endfacet
  facet normal 0 -1 -0
    outer loop
      vertex 91.7397 0 9.74832
      vertex 0 0 0
      vertex 103 0 9.74832
    endloop
  endfacet
  facet normal 0 -1 0
    outer loop
      vertex 206 0 0
      vertex 103 0 9.74832
      vertex 0 0 0
    endloop
  endfacet
  facet normal 0 -1 0
    outer loop
      vertex 103 0 9.74832
      vertex 206 0 0
      vertex 114.26 0 9.74832
    endloop
  endfacet
  facet normal 0 -1 0
    outer loop
      vertex 114.26 0 9.74832
      vertex 206 0 0
      vertex 125.521 0 9.74832
    endloop
  endfacet
  facet normal 0 -1 0
    outer loop
      vertex 125.521 0 9.74832
      vertex 206 0 0
      vertex 136.781 0 9.74832
    endloop
  endfacet
  facet normal 0 -1 0
    outer loop
      vertex 136.781 0 9.74832
      vertex 206 0 0
      vertex 148.041 0 9.74832
    endloop
  endfacet
  facet normal 0 -1 0
    outer loop
      vertex 148.041 0 9.74832
      vertex 206 0 0
      vertex 159.301 0 9.74832
    endloop
  endfacet
  facet normal 0 -1 0
    outer loop
      vertex 159.301 0 9.74832
      vertex 206 0 0
      vertex 170.562 0 9.74832
    endloop
  endfacet
  facet normal 0 -1 0
    outer loop
      vertex 170.562 0 9.74832
      vertex 206 0 0
      vertex 181.822 0 9.74832
    endloop
  endfacet
  facet normal 0 -1 -0
    outer loop
      vertex 8.58783 0 12.2483
      vertex 0 0 0
      vertex 12.918 0 9.74832
    endloop
  endfacet
  facet normal 0 -1 -0
    outer loop
      vertex 8.58783 0 17.2483
      vertex 0 0 0
      vertex 8.58783 0 12.2483
    endloop
  endfacet
  facet normal 0 -1 0
    outer loop
      vertex 35.4385 0 39.2517
      vertex 0 0 60
      vertex 24.1782 0 39.2517
    endloop
  endfacet
  facet normal 0 -1 0
    outer loop
      vertex 46.6987 0 39.2517
      vertex 0 0 60
      vertex 35.4385 0 39.2517
    endloop
  endfacet
  facet normal 0 -1 0
    outer loop
      vertex 57.959 0 39.2517
      vertex 0 0 60
      vertex 46.6987 0 39.2517
    endloop
  endfacet
  facet normal 0 -1 0
    outer loop
      vertex 69.2192 0 39.2517
      vertex 0 0 60
      vertex 57.959 0 39.2517
    endloop
  endfacet
  facet normal 0 -1 0
    outer loop
      vertex 80.4795 0 39.2517
      vertex 0 0 60
      vertex 69.2192 0 39.2517
    endloop
  endfacet
  facet normal 0 -1 0
    outer loop
      vertex 91.7397 0 39.2517
      vertex 0 0 60
      vertex 80.4795 0 39.2517
    endloop
  endfacet
  facet normal 0 -1 0
    outer loop
      vertex 103 0 39.2517
      vertex 0 0 60
      vertex 91.7397 0 39.2517
    endloop
  endfacet
  facet normal 0 -1 0
    outer loop
      vertex 0 0 60
      vertex 103 0 39.2517
      vertex 206 0 60
    endloop
  endfacet
  facet normal 0 -1 0
    outer loop
      vertex 114.26 0 39.2517
      vertex 206 0 60
      vertex 103 0 39.2517
    endloop
  endfacet
  facet normal 0 -1 0
    outer loop
      vertex 125.521 0 39.2517
      vertex 206 0 60
      vertex 114.26 0 39.2517
    endloop
  endfacet
  facet normal 0 -1 0
    outer loop
      vertex 136.781 0 39.2517
      vertex 206 0 60
      vertex 125.521 0 39.2517
    endloop
  endfacet
  facet normal 0 -1 0
    outer loop
      vertex 148.041 0 39.2517
      vertex 206 0 60
      vertex 136.781 0 39.2517
    endloop
  endfacet
  facet normal 0 -1 0
    outer loop
      vertex 159.301 0 39.2517
      vertex 206 0 60
      vertex 148.041 0 39.2517
    endloop
  endfacet
  facet normal 0 -1 0
    outer loop
      vertex 170.562 0 39.2517
      vertex 206 0 60
      vertex 159.301 0 39.2517
    endloop
  endfacet
  facet normal 0 -1 0
    outer loop
      vertex 181.822 0 39.2517
      vertex 206 0 60
      vertex 170.562 0 39.2517
    endloop
  endfacet
  facet normal 0 -1 0
    outer loop
      vertex 193.082 0 39.2517
      vertex 206 0 60
      vertex 181.822 0 39.2517
    endloop
  endfacet
  facet normal 0 -1 0
    outer loop
      vertex 197.412 0 36.7517
      vertex 206 0 60
      vertex 193.082 0 39.2517
    endloop
  endfacet
  facet normal 0 -1 0
    outer loop
      vertex 197.412 0 31.7517
      vertex 206 0 60
      vertex 197.412 0 36.7517
    endloop
  endfacet
  facet normal 0 -1 0
    outer loop
      vertex 191.782 0 27
      vertex 197.412 0 31.7517
      vertex 193.082 0 29.2517
    endloop
  endfacet
  facet normal 0 -1 0
    outer loop
      vertex 191.782 0 22
      vertex 197.412 0 31.7517
      vertex 191.782 0 27
    endloop
  endfacet
  facet normal 0 -1 0
    outer loop
      vertex 193.082 0 19.7483
      vertex 197.412 0 31.7517
      vertex 191.782 0 22
    endloop
  endfacet
  facet normal 0 -1 0
    outer loop
      vertex 197.412 0 17.2483
      vertex 197.412 0 31.7517
      vertex 193.082 0 19.7483
    endloop
  endfacet
  facet normal 0 -1 0
    outer loop
      vertex 206 0 0
      vertex 197.412 0 31.7517
      vertex 197.412 0 17.2483
    endloop
  endfacet
  facet normal 0 -1 0
    outer loop
      vertex 206 0 0
      vertex 197.412 0 17.2483
      vertex 197.412 0 12.2483
    endloop
  endfacet
  facet normal 0 -1 0
    outer loop
      vertex 197.412 0 31.7517
      vertex 206 0 0
      vertex 206 0 60
    endloop
  endfacet
  facet normal 0 -1 0
    outer loop
      vertex 193.082 0 9.74832
      vertex 206 0 0
      vertex 197.412 0 12.2483
    endloop
  endfacet
  facet normal 0 -1 0
    outer loop
      vertex 181.822 0 9.74832
      vertex 206 0 0
      vertex 193.082 0 9.74832
    endloop
  endfacet
  facet normal 0 -1 0
    outer loop
      vertex 18.5481 0 29.5
      vertex 24.1782 0 29.2517
      vertex 19.8481 0 31.7517
    endloop
  endfacet
  facet normal -0 -1 0
    outer loop
      vertex 24.1782 0 29.2517
      vertex 18.5481 0 29.5
      vertex 22.8782 0 27
    endloop
  endfacet
  facet normal 0 -1 0
    outer loop
      vertex 29.8083 0 29.5
      vertex 35.4385 0 29.2517
      vertex 31.1083 0 31.7517
    endloop
  endfacet
  facet normal -0 -1 0
    outer loop
      vertex 35.4385 0 29.2517
      vertex 29.8083 0 29.5
      vertex 34.1385 0 27
    endloop
  endfacet
  facet normal 0 -1 0
    outer loop
      vertex 41.0686 0 29.5
      vertex 46.6987 0 29.2517
      vertex 42.3686 0 31.7517
    endloop
  endfacet
  facet normal -0 -1 0
    outer loop
      vertex 46.6987 0 29.2517
      vertex 41.0686 0 29.5
      vertex 45.3987 0 27
    endloop
  endfacet
  facet normal 0 -1 0
    outer loop
      vertex 52.3288 0 29.5
      vertex 57.959 0 29.2517
      vertex 53.6288 0 31.7517
    endloop
  endfacet
  facet normal -0 -1 0
    outer loop
      vertex 57.959 0 29.2517
      vertex 52.3288 0 29.5
      vertex 56.659 0 27
    endloop
  endfacet
  facet normal 0 -1 0
    outer loop
      vertex 63.5891 0 29.5
      vertex 69.2192 0 29.2517
      vertex 64.8891 0 31.7517
    endloop
  endfacet
  facet normal -0 -1 0
    outer loop
      vertex 69.2192 0 29.2517
      vertex 63.5891 0 29.5
      vertex 67.9192 0 27
    endloop
  endfacet
  facet normal 0 -1 0
    outer loop
      vertex 74.8493 0 29.5
      vertex 80.4795 0 29.2517
      vertex 76.1494 0 31.7517
    endloop
  endfacet
  facet normal -0 -1 0
    outer loop
      vertex 80.4795 0 29.2517
      vertex 74.8493 0 29.5
      vertex 79.1795 0 27
    endloop
  endfacet
  facet normal 0 -1 0
    outer loop
      vertex 86.1096 0 29.5
      vertex 91.7397 0 29.2517
      vertex 87.4096 0 31.7517
    endloop
  endfacet
  facet normal -0 -1 0
    outer loop
      vertex 91.7397 0 29.2517
      vertex 86.1096 0 29.5
      vertex 90.4397 0 27
    endloop
  endfacet
  facet normal 0 -1 0
    outer loop
      vertex 97.3699 0 29.5
      vertex 103 0 29.2517
      vertex 98.6699 0 31.7517
    endloop
  endfacet
  facet normal -0 -1 0
    outer loop
      vertex 103 0 29.2517
      vertex 97.3699 0 29.5
      vertex 101.7 0 27
    endloop
  endfacet
  facet normal 0 -1 0
    outer loop
      vertex 108.63 0 29.5
      vertex 114.26 0 29.2517
      vertex 109.93 0 31.7517
    endloop
  endfacet
  facet normal -0 -1 0
    outer loop
      vertex 114.26 0 29.2517
      vertex 108.63 0 29.5
      vertex 112.96 0 27
    endloop
  endfacet
  facet normal 0 -1 0
    outer loop
      vertex 119.89 0 29.5
      vertex 125.521 0 29.2517
      vertex 121.19 0 31.7517
    endloop
  endfacet
  facet normal -0 -1 0
    outer loop
      vertex 125.521 0 29.2517
      vertex 119.89 0 29.5
      vertex 124.221 0 27
    endloop
  endfacet
  facet normal 0 -1 0
    outer loop
      vertex 131.151 0 29.5
      vertex 136.781 0 29.2517
      vertex 132.451 0 31.7517
    endloop
  endfacet
  facet normal -0 -1 0
    outer loop
      vertex 136.781 0 29.2517
      vertex 131.151 0 29.5
      vertex 135.481 0 27
    endloop
  endfacet
  facet normal 0 -1 0
    outer loop
      vertex 142.411 0 29.5
      vertex 148.041 0 29.2517
      vertex 143.711 0 31.7517
    endloop
  endfacet
  facet normal -0 -1 0
    outer loop
      vertex 148.041 0 29.2517
      vertex 142.411 0 29.5
      vertex 146.741 0 27
    endloop
  endfacet
  facet normal 0 -1 0
    outer loop
      vertex 153.671 0 29.5
      vertex 159.301 0 29.2517
      vertex 154.971 0 31.7517
    endloop
  endfacet
  facet normal -0 -1 0
    outer loop
      vertex 159.301 0 29.2517
      vertex 153.671 0 29.5
      vertex 158.001 0 27
    endloop
  endfacet
  facet normal 0 -1 0
    outer loop
      vertex 164.931 0 29.5
      vertex 170.562 0 29.2517
      vertex 166.231 0 31.7517
    endloop
  endfacet
  facet normal -0 -1 0
    outer loop
      vertex 170.562 0 29.2517
      vertex 164.931 0 29.5
      vertex 169.262 0 27
    endloop
  endfacet
  facet normal 0 -1 0
    outer loop
      vertex 176.192 0 29.5
      vertex 181.822 0 29.2517
      vertex 177.492 0 31.7517
    endloop
  endfacet
  facet normal -0 -1 0
    outer loop
      vertex 181.822 0 29.2517
      vertex 176.192 0 29.5
      vertex 180.522 0 27
    endloop
  endfacet
  facet normal 0 -1 0
    outer loop
      vertex 187.452 0 29.5
      vertex 193.082 0 29.2517
      vertex 188.752 0 31.7517
    endloop
  endfacet
  facet normal -0 -1 0
    outer loop
      vertex 193.082 0 29.2517
      vertex 187.452 0 29.5
      vertex 191.782 0 27
    endloop
  endfacet
  facet normal -1 0 0
    outer loop
      vertex 203 58.5 18
      vertex 203 129 49.6
      vertex 203 129 18
    endloop
  endfacet
  facet normal -1 -0 0
    outer loop
      vertex 203 129 49.6
      vertex 203 58.5 18
      vertex 203 58.5 49.6
    endloop
  endfacet
  facet normal -1 0 0
    outer loop
      vertex 203 6 3
      vertex 203 56 49.6
      vertex 203 56 3
    endloop
  endfacet
  facet normal -1 -0 0
    outer loop
      vertex 203 56 49.6
      vertex 203 6 3
      vertex 203 6 49.6
    endloop
  endfacet
  facet normal -1 0 0
    outer loop
      vertex 203 131.5 3
      vertex 203 202 49.6
      vertex 203 202 3
    endloop
  endfacet
  facet normal -1 -0 0
    outer loop
      vertex 203 202 49.6
      vertex 203 131.5 3
      vertex 203 131.5 49.6
    endloop
  endfacet
  facet normal -0 0 1
    outer loop
      vertex 3 56 3
      vertex 203 6 3
      vertex 203 56 3
    endloop
  endfacet
  facet normal 0 0 1
    outer loop
      vertex 203 6 3
      vertex 3 56 3
      vertex 3 6 3
    endloop
  endfacet
  facet normal -0 0 1
    outer loop
      vertex 3 129 3
      vertex 68 58.5 3
      vertex 68 129 3
    endloop
  endfacet
  facet normal 0 0 1
    outer loop
      vertex 68 58.5 3
      vertex 3 129 3
      vertex 3 58.5 3
    endloop
  endfacet
  facet normal -0 0 1
    outer loop
      vertex 138 202 3
      vertex 203 131.5 3
      vertex 203 202 3
    endloop
  endfacet
  facet normal 0 0 1
    outer loop
      vertex 203 131.5 3
      vertex 138 202 3
      vertex 138 131.5 3
    endloop
  endfacet
  facet normal -0 0 1
    outer loop
      vertex 3 202 3
      vertex 68 131.5 3
      vertex 68 202 3
    endloop
  endfacet
  facet normal 0 0 1
    outer loop
      vertex 68 131.5 3
      vertex 3 202 3
      vertex 3 131.5 3
    endloop
  endfacet
  facet normal -0 0 1
    outer loop
      vertex 70.5 129 3
      vertex 135.5 58.5 3
      vertex 135.5 129 3
    endloop
  endfacet
  facet normal 0 0 1
    outer loop
      vertex 135.5 58.5 3
      vertex 70.5 129 3
      vertex 70.5 58.5 3
    endloop
  endfacet
  facet normal -0 0 1
    outer loop
      vertex 70.5 202 3
      vertex 135.5 131.5 3
      vertex 135.5 202 3
    endloop
  endfacet
  facet normal 0 0 1
    outer loop
      vertex 135.5 131.5 3
      vertex 70.5 202 3
      vertex 70.5 131.5 3
    endloop
  endfacet
  facet normal 0 0 1
    outer loop
      vertex 203 131.5 49.6
      vertex 206 202 49.6
      vertex 204 202 49.6
    endloop
  endfacet
  facet normal 0 0 1
    outer loop
      vertex 203 129 49.6
      vertex 206 202 49.6
      vertex 203 131.5 49.6
    endloop
  endfacet
  facet normal 0 0 1
    outer loop
      vertex 203 131.5 49.6
      vertex 204 202 49.6
      vertex 203 202 49.6
    endloop
  endfacet
  facet normal 0 0 1
    outer loop
      vertex 206 202 49.6
      vertex 203 129 49.6
      vertex 206 6 49.6
    endloop
  endfacet
  facet normal -0 0 1
    outer loop
      vertex 203 58.5 49.6
      vertex 206 6 49.6
      vertex 203 129 49.6
    endloop
  endfacet
  facet normal -0 0 1
    outer loop
      vertex 203 56 49.6
      vertex 206 6 49.6
      vertex 203 58.5 49.6
    endloop
  endfacet
  facet normal 0 0 1
    outer loop
      vertex 206 6 49.6
      vertex 203 56 49.6
      vertex 204 6 49.6
    endloop
  endfacet
  facet normal 0 0 1
    outer loop
      vertex 204 6 49.6
      vertex 203 56 49.6
      vertex 203 6 49.6
    endloop
  endfacet
  facet normal 0 0 1
    outer loop
      vertex 135.5 131.5 49.6
      vertex 138 131.5 49.6
      vertex 138 202 49.6
    endloop
  endfacet
  facet normal 0 0 1
    outer loop
      vertex 138 131.5 49.6
      vertex 135.5 131.5 49.6
      vertex 138 129 49.6
    endloop
  endfacet
  facet normal 0 0 1
    outer loop
      vertex 135.5 131.5 49.6
      vertex 138 202 49.6
      vertex 135.5 202 49.6
    endloop
  endfacet
  facet normal -0 0 1
    outer loop
      vertex 138 131.5 49.6
      vertex 203 129 49.6
      vertex 203 131.5 49.6
    endloop
  endfacet
  facet normal 0 0 1
    outer loop
      vertex 203 129 49.6
      vertex 138 131.5 49.6
      vertex 138 129 49.6
    endloop
  endfacet
  facet normal -0 0 1
    outer loop
      vertex 138 58.5 49.6
      vertex 203 56 49.6
      vertex 203 58.5 49.6
    endloop
  endfacet
  facet normal 0 0 1
    outer loop
      vertex 135.5 129 49.6
      vertex 138 129 49.6
      vertex 135.5 131.5 49.6
    endloop
  endfacet
  facet normal 0 0 1
    outer loop
      vertex 138 129 49.6
      vertex 135.5 129 49.6
      vertex 138 58.5 49.6
    endloop
  endfacet
  facet normal 0 0 1
    outer loop
      vertex 135.5 58.5 49.6
      vertex 138 58.5 49.6
      vertex 135.5 129 49.6
    endloop
  endfacet
  facet normal -0 0 1
    outer loop
      vertex 135.5 58.5 49.6
      vertex 203 56 49.6
      vertex 138 58.5 49.6
    endloop
  endfacet
  facet normal -0 0 1
    outer loop
      vertex 70.5 58.5 49.6
      vertex 203 56 49.6
      vertex 135.5 58.5 49.6
    endloop
  endfacet
  facet normal 0 0 1
    outer loop
      vertex 68 129 49.6
      vertex 70.5 129 49.6
      vertex 68 131.5 49.6
    endloop
  endfacet
  facet normal 0 0 1
    outer loop
      vertex 70.5 129 49.6
      vertex 68 129 49.6
      vertex 70.5 58.5 49.6
    endloop
  endfacet
  facet normal 0 0 1
    outer loop
      vertex 68 58.5 49.6
      vertex 70.5 58.5 49.6
      vertex 68 129 49.6
    endloop
  endfacet
  facet normal 0 0 1
    outer loop
      vertex 3 56 49.6
      vertex 70.5 58.5 49.6
      vertex 68 58.5 49.6
    endloop
  endfacet
  facet normal 0 0 1
    outer loop
      vertex 3 56 49.6
      vertex 68 58.5 49.6
      vertex 3 58.5 49.6
    endloop
  endfacet
  facet normal 0 0 1
    outer loop
      vertex 70.5 58.5 49.6
      vertex 3 56 49.6
      vertex 203 56 49.6
    endloop
  endfacet
  facet normal -0 0 1
    outer loop
      vertex 3 131.5 49.6
      vertex 68 129 49.6
      vertex 68 131.5 49.6
    endloop
  endfacet
  facet normal 0 0 1
    outer loop
      vertex 68 129 49.6
      vertex 3 131.5 49.6
      vertex 3 129 49.6
    endloop
  endfacet
  facet normal -0 0 1
    outer loop
      vertex 68 202 49.6
      vertex 70.5 131.5 49.6
      vertex 70.5 202 49.6
    endloop
  endfacet
  facet normal 0 0 1
    outer loop
      vertex 68 131.5 49.6
      vertex 70.5 131.5 49.6
      vertex 68 202 49.6
    endloop
  endfacet
  facet normal 0 0 1
    outer loop
      vertex 70.5 131.5 49.6
      vertex 68 131.5 49.6
      vertex 70.5 129 49.6
    endloop
  endfacet
  facet normal -0 0 1
    outer loop
      vertex 70.5 131.5 49.6
      vertex 135.5 129 49.6
      vertex 135.5 131.5 49.6
    endloop
  endfacet
  facet normal 0 0 1
    outer loop
      vertex 135.5 129 49.6
      vertex 70.5 131.5 49.6
      vertex 70.5 129 49.6
    endloop
  endfacet
  facet normal 0 1 -0
    outer loop
      vertex 68 58.5 3
      vertex 3 58.5 49.6
      vertex 68 58.5 49.6
    endloop
  endfacet
  facet normal 0 1 0
    outer loop
      vertex 3 58.5 49.6
      vertex 68 58.5 3
      vertex 3 58.5 3
    endloop
  endfacet
  facet normal 0 1 -0
    outer loop
      vertex 203 58.5 18
      vertex 138 58.5 49.6
      vertex 203 58.5 49.6
    endloop
  endfacet
  facet normal 0 1 0
    outer loop
      vertex 138 58.5 49.6
      vertex 203 58.5 18
      vertex 138 58.5 18
    endloop
  endfacet
  facet normal 0 1 -0
    outer loop
      vertex 135.5 58.5 3
      vertex 70.5 58.5 49.6
      vertex 135.5 58.5 49.6
    endloop
  endfacet
  facet normal 0 1 0
    outer loop
      vertex 70.5 58.5 49.6
      vertex 135.5 58.5 3
      vertex 70.5 58.5 3
    endloop
  endfacet
  facet normal 0 -1 0
    outer loop
      vertex 3 56 3
      vertex 203 56 49.6
      vertex 3 56 49.6
    endloop
  endfacet
  facet normal 0 -1 -0
    outer loop
      vertex 203 56 49.6
      vertex 3 56 3
      vertex 203 56 3
    endloop
  endfacet
  facet normal 0 1 -0
    outer loop
      vertex 68 131.5 3
      vertex 3 131.5 49.6
      vertex 68 131.5 49.6
    endloop
  endfacet
  facet normal 0 1 0
    outer loop
      vertex 3 131.5 49.6
      vertex 68 131.5 3
      vertex 3 131.5 3
    endloop
  endfacet
  facet normal 0 1 -0
    outer loop
      vertex 203 131.5 3
      vertex 138 131.5 49.6
      vertex 203 131.5 49.6
    endloop
  endfacet
  facet normal 0 1 0
    outer loop
      vertex 138 131.5 49.6
      vertex 203 131.5 3
      vertex 138 131.5 3
    endloop
  endfacet
  facet normal 0 1 -0
    outer loop
      vertex 135.5 131.5 3
      vertex 70.5 131.5 49.6
      vertex 135.5 131.5 49.6
    endloop
  endfacet
  facet normal 0 1 0
    outer loop
      vertex 70.5 131.5 49.6
      vertex 135.5 131.5 3
      vertex 70.5 131.5 3
    endloop
  endfacet
  facet normal 0 -1 0
    outer loop
      vertex 3 129 3
      vertex 68 129 49.6
      vertex 3 129 49.6
    endloop
  endfacet
  facet normal 0 -1 -0
    outer loop
      vertex 68 129 49.6
      vertex 3 129 3
      vertex 68 129 3
    endloop
  endfacet
  facet normal 0 -1 0
    outer loop
      vertex 138 129 18
      vertex 203 129 49.6
      vertex 138 129 49.6
    endloop
  endfacet
  facet normal 0 -1 -0
    outer loop
      vertex 203 129 49.6
      vertex 138 129 18
      vertex 203 129 18
    endloop
  endfacet
  facet normal 0 -1 0
    outer loop
      vertex 70.5 129 3
      vertex 135.5 129 49.6
      vertex 70.5 129 49.6
    endloop
  endfacet
  facet normal 0 -1 -0
    outer loop
      vertex 135.5 129 49.6
      vertex 70.5 129 3
      vertex 135.5 129 3
    endloop
  endfacet
  facet normal 1 -0 0
    outer loop
      vertex 70.5 58.5 49.6
      vertex 70.5 129 3
      vertex 70.5 129 49.6
    endloop
  endfacet
  facet normal 1 0 0
    outer loop
      vertex 70.5 129 3
      vertex 70.5 58.5 49.6
      vertex 70.5 58.5 3
    endloop
  endfacet
  facet normal -1 0 0
    outer loop
      vertex 68 58.5 3
      vertex 68 129 49.6
      vertex 68 129 3
    endloop
  endfacet
  facet normal -1 -0 0
    outer loop
      vertex 68 129 49.6
      vertex 68 58.5 3
      vertex 68 58.5 49.6
    endloop
  endfacet
  facet normal 1 -0 0
    outer loop
      vertex 138 58.5 49.6
      vertex 138 129 18
      vertex 138 129 49.6
    endloop
  endfacet
  facet normal 1 0 0
    outer loop
      vertex 138 129 18
      vertex 138 58.5 49.6
      vertex 138 58.5 18
    endloop
  endfacet
  facet normal -1 0 0
    outer loop
      vertex 135.5 58.5 3
      vertex 135.5 129 49.6
      vertex 135.5 129 3
    endloop
  endfacet
  facet normal -1 -0 0
    outer loop
      vertex 135.5 129 49.6
      vertex 135.5 58.5 3
      vertex 135.5 58.5 49.6
    endloop
  endfacet
  facet normal 1 -0 0
    outer loop
      vertex 70.5 131.5 49.6
      vertex 70.5 202 3
      vertex 70.5 202 49.6
    endloop
  endfacet
  facet normal 1 0 0
    outer loop
      vertex 70.5 202 3
      vertex 70.5 131.5 49.6
      vertex 70.5 131.5 3
    endloop
  endfacet
  facet normal -1 0 0
    outer loop
      vertex 68 131.5 3
      vertex 68 202 49.6
      vertex 68 202 3
    endloop
  endfacet
  facet normal -1 -0 0
    outer loop
      vertex 68 202 49.6
      vertex 68 131.5 3
      vertex 68 131.5 49.6
    endloop
  endfacet
  facet normal 1 -0 0
    outer loop
      vertex 138 131.5 49.6
      vertex 138 202 3
      vertex 138 202 49.6
    endloop
  endfacet
  facet normal 1 0 0
    outer loop
      vertex 138 202 3
      vertex 138 131.5 49.6
      vertex 138 131.5 3
    endloop
  endfacet
  facet normal -1 0 0
    outer loop
      vertex 135.5 131.5 3
      vertex 135.5 202 49.6
      vertex 135.5 202 3
    endloop
  endfacet
  facet normal -1 -0 0
    outer loop
      vertex 135.5 202 49.6
      vertex 135.5 131.5 3
      vertex 135.5 131.5 49.6
    endloop
  endfacet
  facet normal -0.500001 -0.866025 0
    outer loop
      vertex 147.5 74.7626 5.95
      vertex 150.975 72.7563 17.4
      vertex 147.5 74.7626 17.4
    endloop
  endfacet
  facet normal -0.500001 -0.866025 -0
    outer loop
      vertex 150.975 72.7563 17.4
      vertex 147.5 74.7626 5.95
      vertex 150.975 72.7563 5.95
    endloop
  endfacet
  facet normal 0.500001 -0.866025 0
    outer loop
      vertex 144.025 72.7563 5.95
      vertex 147.5 74.7626 17.4
      vertex 144.025 72.7563 17.4
    endloop
  endfacet
  facet normal 0.500001 -0.866025 0
    outer loop
      vertex 147.5 74.7626 17.4
      vertex 144.025 72.7563 5.95
      vertex 147.5 74.7626 5.95
    endloop
  endfacet
  facet normal -1 0 0
    outer loop
      vertex 150.975 68.7437 5.95
      vertex 150.975 72.7563 17.4
      vertex 150.975 72.7563 5.95
    endloop
  endfacet
  facet normal -1 -0 0
    outer loop
      vertex 150.975 72.7563 17.4
      vertex 150.975 68.7437 5.95
      vertex 150.975 68.7437 17.4
    endloop
  endfacet
  facet normal 1 -0 0
    outer loop
      vertex 144.025 68.7437 17.4
      vertex 144.025 72.7563 5.95
      vertex 144.025 72.7563 17.4
    endloop
  endfacet
  facet normal 1 0 0
    outer loop
      vertex 144.025 72.7563 5.95
      vertex 144.025 68.7437 17.4
      vertex 144.025 68.7437 5.95
    endloop
  endfacet
  facet normal 0.500001 0.866025 -0
    outer loop
      vertex 147.5 66.7374 5.95
      vertex 144.025 68.7437 17.4
      vertex 147.5 66.7374 17.4
    endloop
  endfacet
  facet normal 0.500001 0.866025 0
    outer loop
      vertex 144.025 68.7437 17.4
      vertex 147.5 66.7374 5.95
      vertex 144.025 68.7437 5.95
    endloop
  endfacet
  facet normal 0 0 1
    outer loop
      vertex 147.5 74.7626 5.95
      vertex 150.975 68.7437 5.95
      vertex 150.975 72.7563 5.95
    endloop
  endfacet
  facet normal 0 0 1
    outer loop
      vertex 147.5 74.7626 5.95
      vertex 147.5 66.7374 5.95
      vertex 150.975 68.7437 5.95
    endloop
  endfacet
  facet normal -0 0 1
    outer loop
      vertex 144.025 72.7563 5.95
      vertex 147.5 66.7374 5.95
      vertex 147.5 74.7626 5.95
    endloop
  endfacet
  facet normal 0 0 1
    outer loop
      vertex 147.5 66.7374 5.95
      vertex 144.025 72.7563 5.95
      vertex 144.025 68.7437 5.95
    endloop
  endfacet
  facet normal -0.500001 0.866025 0
    outer loop
      vertex 150.975 68.7437 5.95
      vertex 147.5 66.7374 17.4
      vertex 150.975 68.7437 17.4
    endloop
  endfacet
  facet normal -0.500001 0.866025 0
    outer loop
      vertex 147.5 66.7374 17.4
      vertex 150.975 68.7437 5.95
      vertex 147.5 66.7374 5.95
    endloop
  endfacet
  facet normal -0.401545 -0.695512 0.595839
    outer loop
      vertex 150.975 72.7563 17.4
      vertex 151.42 73.0134 18
      vertex 147.996 74.9902 18
    endloop
  endfacet
  facet normal -0.401545 0.695512 0.595839
    outer loop
      vertex 151.42 68.4866 18
      vertex 150.975 68.7437 17.4
      vertex 147.996 66.5098 18
    endloop
  endfacet
  facet normal -0.401867 -0.695242 0.595938
    outer loop
      vertex 147.5 74.7626 17.4
      vertex 147.996 74.9902 18
      vertex 147.5 75.2769 18
    endloop
  endfacet
  facet normal -0.401567 -0.695532 0.595801
    outer loop
      vertex 147.996 74.9902 18
      vertex 147.5 74.7626 17.4
      vertex 150.975 72.7563 17.4
    endloop
  endfacet
  facet normal 0.401545 0.695512 0.595839
    outer loop
      vertex 147.004 66.5098 18
      vertex 144.025 68.7437 17.4
      vertex 143.58 68.4866 18
    endloop
  endfacet
  facet normal -0.401567 0.695532 0.595801
    outer loop
      vertex 147.5 66.7374 17.4
      vertex 147.996 66.5098 18
      vertex 150.975 68.7437 17.4
    endloop
  endfacet
  facet normal -0.401867 0.695242 0.595938
    outer loop
      vertex 147.996 66.5098 18
      vertex 147.5 66.7374 17.4
      vertex 147.5 66.2231 18
    endloop
  endfacet
  facet normal -0.803201 0 0.595708
    outer loop
      vertex 150.975 68.7437 17.4
      vertex 151.42 73.0134 18
      vertex 150.975 72.7563 17.4
    endloop
  endfacet
  facet normal -0.803201 0 0.595708
    outer loop
      vertex 151.42 73.0134 18
      vertex 150.975 68.7437 17.4
      vertex 151.42 68.4866 18
    endloop
  endfacet
  facet normal 0.401545 -0.695512 0.595839
    outer loop
      vertex 144.025 72.7563 17.4
      vertex 147.004 74.9902 18
      vertex 143.58 73.0134 18
    endloop
  endfacet
  facet normal 0.803201 0 0.595708
    outer loop
      vertex 143.58 73.0134 18
      vertex 144.025 68.7437 17.4
      vertex 144.025 72.7563 17.4
    endloop
  endfacet
  facet normal 0.803201 0 0.595708
    outer loop
      vertex 144.025 68.7437 17.4
      vertex 143.58 73.0134 18
      vertex 143.58 68.4866 18
    endloop
  endfacet
  facet normal 0.401867 0.695242 0.595938
    outer loop
      vertex 147.5 66.7374 17.4
      vertex 147.004 66.5098 18
      vertex 147.5 66.2231 18
    endloop
  endfacet
  facet normal 0.401567 0.695532 0.595801
    outer loop
      vertex 147.004 66.5098 18
      vertex 147.5 66.7374 17.4
      vertex 144.025 68.7437 17.4
    endloop
  endfacet
  facet normal 0.401567 -0.695532 0.595801
    outer loop
      vertex 147.5 74.7626 17.4
      vertex 147.004 74.9902 18
      vertex 144.025 72.7563 17.4
    endloop
  endfacet
  facet normal 0.401867 -0.695242 0.595938
    outer loop
      vertex 147.004 74.9902 18
      vertex 147.5 74.7626 17.4
      vertex 147.5 75.2769 18
    endloop
  endfacet
  facet normal -0.500001 -0.866025 0
    outer loop
      vertex 147.5 86.2626 5.95
      vertex 150.975 84.2563 17.4
      vertex 147.5 86.2626 17.4
    endloop
  endfacet
  facet normal -0.500001 -0.866025 -0
    outer loop
      vertex 150.975 84.2563 17.4
      vertex 147.5 86.2626 5.95
      vertex 150.975 84.2563 5.95
    endloop
  endfacet
  facet normal 0.500001 -0.866025 0
    outer loop
      vertex 144.025 84.2563 5.95
      vertex 147.5 86.2626 17.4
      vertex 144.025 84.2563 17.4
    endloop
  endfacet
  facet normal 0.500001 -0.866025 0
    outer loop
      vertex 147.5 86.2626 17.4
      vertex 144.025 84.2563 5.95
      vertex 147.5 86.2626 5.95
    endloop
  endfacet
  facet normal -1 0 0
    outer loop
      vertex 150.975 80.2437 5.95
      vertex 150.975 84.2563 17.4
      vertex 150.975 84.2563 5.95
    endloop
  endfacet
  facet normal -1 -0 0
    outer loop
      vertex 150.975 84.2563 17.4
      vertex 150.975 80.2437 5.95
      vertex 150.975 80.2437 17.4
    endloop
  endfacet
  facet normal 1 -0 0
    outer loop
      vertex 144.025 80.2437 17.4
      vertex 144.025 84.2563 5.95
      vertex 144.025 84.2563 17.4
    endloop
  endfacet
  facet normal 1 0 0
    outer loop
      vertex 144.025 84.2563 5.95
      vertex 144.025 80.2437 17.4
      vertex 144.025 80.2437 5.95
    endloop
  endfacet
  facet normal 0.500001 0.866025 -0
    outer loop
      vertex 147.5 78.2374 5.95
      vertex 144.025 80.2437 17.4
      vertex 147.5 78.2374 17.4
    endloop
  endfacet
  facet normal 0.500001 0.866025 0
    outer loop
      vertex 144.025 80.2437 17.4
      vertex 147.5 78.2374 5.95
      vertex 144.025 80.2437 5.95
    endloop
  endfacet
  facet normal 0 0 1
    outer loop
      vertex 147.5 86.2626 5.95
      vertex 150.975 80.2437 5.95
      vertex 150.975 84.2563 5.95
    endloop
  endfacet
  facet normal 0 0 1
    outer loop
      vertex 147.5 86.2626 5.95
      vertex 147.5 78.2374 5.95
      vertex 150.975 80.2437 5.95
    endloop
  endfacet
  facet normal -0 0 1
    outer loop
      vertex 144.025 84.2563 5.95
      vertex 147.5 78.2374 5.95
      vertex 147.5 86.2626 5.95
    endloop
  endfacet
  facet normal 0 0 1
    outer loop
      vertex 147.5 78.2374 5.95
      vertex 144.025 84.2563 5.95
      vertex 144.025 80.2437 5.95
    endloop
  endfacet
  facet normal -0.500001 0.866025 0
    outer loop
      vertex 150.975 80.2437 5.95
      vertex 147.5 78.2374 17.4
      vertex 150.975 80.2437 17.4
    endloop
  endfacet
  facet normal -0.500001 0.866025 0
    outer loop
      vertex 147.5 78.2374 17.4
      vertex 150.975 80.2437 5.95
      vertex 147.5 78.2374 5.95
    endloop
  endfacet
  facet normal -0.401545 -0.695512 0.595839
    outer loop
      vertex 150.975 84.2563 17.4
      vertex 151.42 84.5134 18
      vertex 147.996 86.4902 18
    endloop
  endfacet
  facet normal -0.401545 0.695512 0.595839
    outer loop
      vertex 151.42 79.9866 18
      vertex 150.975 80.2437 17.4
      vertex 147.996 78.0098 18
    endloop
  endfacet
  facet normal -0.401867 -0.695242 0.595938
    outer loop
      vertex 147.5 86.2626 17.4
      vertex 147.996 86.4902 18
      vertex 147.5 86.7769 18
    endloop
  endfacet
  facet normal -0.401567 -0.695532 0.595801
    outer loop
      vertex 147.996 86.4902 18
      vertex 147.5 86.2626 17.4
      vertex 150.975 84.2563 17.4
    endloop
  endfacet
  facet normal 0.401545 0.695512 0.595839
    outer loop
      vertex 147.004 78.0098 18
      vertex 144.025 80.2437 17.4
      vertex 143.58 79.9866 18
    endloop
  endfacet
  facet normal -0.401567 0.695532 0.595801
    outer loop
      vertex 147.5 78.2374 17.4
      vertex 147.996 78.0098 18
      vertex 150.975 80.2437 17.4
    endloop
  endfacet
  facet normal -0.401867 0.695242 0.595938
    outer loop
      vertex 147.996 78.0098 18
      vertex 147.5 78.2374 17.4
      vertex 147.5 77.7231 18
    endloop
  endfacet
  facet normal -0.803201 0 0.595708
    outer loop
      vertex 150.975 80.2437 17.4
      vertex 151.42 84.5134 18
      vertex 150.975 84.2563 17.4
    endloop
  endfacet
  facet normal -0.803201 0 0.595708
    outer loop
      vertex 151.42 84.5134 18
      vertex 150.975 80.2437 17.4
      vertex 151.42 79.9866 18
    endloop
  endfacet
  facet normal 0.401545 -0.695512 0.595839
    outer loop
      vertex 144.025 84.2563 17.4
      vertex 147.004 86.4902 18
      vertex 143.58 84.5134 18
    endloop
  endfacet
  facet normal 0.803201 0 0.595708
    outer loop
      vertex 143.58 84.5134 18
      vertex 144.025 80.2437 17.4
      vertex 144.025 84.2563 17.4
    endloop
  endfacet
  facet normal 0.803201 0 0.595708
    outer loop
      vertex 144.025 80.2437 17.4
      vertex 143.58 84.5134 18
      vertex 143.58 79.9866 18
    endloop
  endfacet
  facet normal 0.401867 0.695242 0.595938
    outer loop
      vertex 147.5 78.2374 17.4
      vertex 147.004 78.0098 18
      vertex 147.5 77.7231 18
    endloop
  endfacet
  facet normal 0.401567 0.695532 0.595801
    outer loop
      vertex 147.004 78.0098 18
      vertex 147.5 78.2374 17.4
      vertex 144.025 80.2437 17.4
    endloop
  endfacet
  facet normal 0.401567 -0.695532 0.595801
    outer loop
      vertex 147.5 86.2626 17.4
      vertex 147.004 86.4902 18
      vertex 144.025 84.2563 17.4
    endloop
  endfacet
  facet normal 0.401867 -0.695242 0.595938
    outer loop
      vertex 147.004 86.4902 18
      vertex 147.5 86.2626 17.4
      vertex 147.5 86.7769 18
    endloop
  endfacet
  facet normal -0.500001 -0.866025 0
    outer loop
      vertex 147.5 97.7626 5.95
      vertex 150.975 95.7563 17.4
      vertex 147.5 97.7626 17.4
    endloop
  endfacet
  facet normal -0.500001 -0.866025 -0
    outer loop
      vertex 150.975 95.7563 17.4
      vertex 147.5 97.7626 5.95
      vertex 150.975 95.7563 5.95
    endloop
  endfacet
  facet normal 0.500001 -0.866025 0
    outer loop
      vertex 144.025 95.7563 5.95
      vertex 147.5 97.7626 17.4
      vertex 144.025 95.7563 17.4
    endloop
  endfacet
  facet normal 0.500001 -0.866025 0
    outer loop
      vertex 147.5 97.7626 17.4
      vertex 144.025 95.7563 5.95
      vertex 147.5 97.7626 5.95
    endloop
  endfacet
  facet normal -1 0 0
    outer loop
      vertex 150.975 91.7437 5.95
      vertex 150.975 95.7563 17.4
      vertex 150.975 95.7563 5.95
    endloop
  endfacet
  facet normal -1 -0 0
    outer loop
      vertex 150.975 95.7563 17.4
      vertex 150.975 91.7437 5.95
      vertex 150.975 91.7437 17.4
    endloop
  endfacet
  facet normal 1 -0 0
    outer loop
      vertex 144.025 91.7437 17.4
      vertex 144.025 95.7563 5.95
      vertex 144.025 95.7563 17.4
    endloop
  endfacet
  facet normal 1 0 0
    outer loop
      vertex 144.025 95.7563 5.95
      vertex 144.025 91.7437 17.4
      vertex 144.025 91.7437 5.95
    endloop
  endfacet
  facet normal 0.500001 0.866025 -0
    outer loop
      vertex 147.5 89.7374 5.95
      vertex 144.025 91.7437 17.4
      vertex 147.5 89.7374 17.4
    endloop
  endfacet
  facet normal 0.500001 0.866025 0
    outer loop
      vertex 144.025 91.7437 17.4
      vertex 147.5 89.7374 5.95
      vertex 144.025 91.7437 5.95
    endloop
  endfacet
  facet normal 0 0 1
    outer loop
      vertex 147.5 97.7626 5.95
      vertex 150.975 91.7437 5.95
      vertex 150.975 95.7563 5.95
    endloop
  endfacet
  facet normal 0 0 1
    outer loop
      vertex 147.5 97.7626 5.95
      vertex 147.5 89.7374 5.95
      vertex 150.975 91.7437 5.95
    endloop
  endfacet
  facet normal -0 0 1
    outer loop
      vertex 144.025 95.7563 5.95
      vertex 147.5 89.7374 5.95
      vertex 147.5 97.7626 5.95
    endloop
  endfacet
  facet normal 0 0 1
    outer loop
      vertex 147.5 89.7374 5.95
      vertex 144.025 95.7563 5.95
      vertex 144.025 91.7437 5.95
    endloop
  endfacet
  facet normal -0.500001 0.866025 0
    outer loop
      vertex 150.975 91.7437 5.95
      vertex 147.5 89.7374 17.4
      vertex 150.975 91.7437 17.4
    endloop
  endfacet
  facet normal -0.500001 0.866025 0
    outer loop
      vertex 147.5 89.7374 17.4
      vertex 150.975 91.7437 5.95
      vertex 147.5 89.7374 5.95
    endloop
  endfacet
  facet normal -0.401545 -0.695512 0.595839
    outer loop
      vertex 150.975 95.7563 17.4
      vertex 151.42 96.0134 18
      vertex 147.996 97.9902 18
    endloop
  endfacet
  facet normal -0.401545 0.695512 0.595839
    outer loop
      vertex 151.42 91.4866 18
      vertex 150.975 91.7437 17.4
      vertex 147.996 89.5098 18
    endloop
  endfacet
  facet normal -0.401867 -0.695242 0.595938
    outer loop
      vertex 147.5 97.7626 17.4
      vertex 147.996 97.9902 18
      vertex 147.5 98.2769 18
    endloop
  endfacet
  facet normal -0.401567 -0.695532 0.595801
    outer loop
      vertex 147.996 97.9902 18
      vertex 147.5 97.7626 17.4
      vertex 150.975 95.7563 17.4
    endloop
  endfacet
  facet normal 0.401545 0.695512 0.595839
    outer loop
      vertex 147.004 89.5098 18
      vertex 144.025 91.7437 17.4
      vertex 143.58 91.4866 18
    endloop
  endfacet
  facet normal -0.401567 0.695532 0.595801
    outer loop
      vertex 147.5 89.7374 17.4
      vertex 147.996 89.5098 18
      vertex 150.975 91.7437 17.4
    endloop
  endfacet
  facet normal -0.401867 0.695242 0.595938
    outer loop
      vertex 147.996 89.5098 18
      vertex 147.5 89.7374 17.4
      vertex 147.5 89.2231 18
    endloop
  endfacet
  facet normal -0.803201 0 0.595708
    outer loop
      vertex 150.975 91.7437 17.4
      vertex 151.42 96.0134 18
      vertex 150.975 95.7563 17.4
    endloop
  endfacet
  facet normal -0.803201 0 0.595708
    outer loop
      vertex 151.42 96.0134 18
      vertex 150.975 91.7437 17.4
      vertex 151.42 91.4866 18
    endloop
  endfacet
  facet normal 0.401545 -0.695512 0.595839
    outer loop
      vertex 144.025 95.7563 17.4
      vertex 147.004 97.9902 18
      vertex 143.58 96.0134 18
    endloop
  endfacet
  facet normal 0.803201 0 0.595708
    outer loop
      vertex 143.58 96.0134 18
      vertex 144.025 91.7437 17.4
      vertex 144.025 95.7563 17.4
    endloop
  endfacet
  facet normal 0.803201 0 0.595708
    outer loop
      vertex 144.025 91.7437 17.4
      vertex 143.58 96.0134 18
      vertex 143.58 91.4866 18
    endloop
  endfacet
  facet normal 0.401867 0.695242 0.595938
    outer loop
      vertex 147.5 89.7374 17.4
      vertex 147.004 89.5098 18
      vertex 147.5 89.2231 18
    endloop
  endfacet
  facet normal 0.401567 0.695532 0.595801
    outer loop
      vertex 147.004 89.5098 18
      vertex 147.5 89.7374 17.4
      vertex 144.025 91.7437 17.4
    endloop
  endfacet
  facet normal 0.401567 -0.695532 0.595801
    outer loop
      vertex 147.5 97.7626 17.4
      vertex 147.004 97.9902 18
      vertex 144.025 95.7563 17.4
    endloop
  endfacet
  facet normal 0.401867 -0.695242 0.595938
    outer loop
      vertex 147.004 97.9902 18
      vertex 147.5 97.7626 17.4
      vertex 147.5 98.2769 18
    endloop
  endfacet
  facet normal -0.500132 -0.865949 0
    outer loop
      vertex 147.5 109.263 5.95
      vertex 150.975 107.256 17.4
      vertex 147.5 109.263 17.4
    endloop
  endfacet
  facet normal -0.500132 -0.865949 -0
    outer loop
      vertex 150.975 107.256 17.4
      vertex 147.5 109.263 5.95
      vertex 150.975 107.256 5.95
    endloop
  endfacet
  facet normal 0.500132 -0.865949 0
    outer loop
      vertex 144.025 107.256 5.95
      vertex 147.5 109.263 17.4
      vertex 144.025 107.256 17.4
    endloop
  endfacet
  facet normal 0.500132 -0.865949 0
    outer loop
      vertex 147.5 109.263 17.4
      vertex 144.025 107.256 5.95
      vertex 147.5 109.263 5.95
    endloop
  endfacet
  facet normal -1 0 0
    outer loop
      vertex 150.975 103.244 5.95
      vertex 150.975 107.256 17.4
      vertex 150.975 107.256 5.95
    endloop
  endfacet
  facet normal -1 -0 0
    outer loop
      vertex 150.975 107.256 17.4
      vertex 150.975 103.244 5.95
      vertex 150.975 103.244 17.4
    endloop
  endfacet
  facet normal 1 -0 0
    outer loop
      vertex 144.025 103.244 17.4
      vertex 144.025 107.256 5.95
      vertex 144.025 107.256 17.4
    endloop
  endfacet
  facet normal 1 0 0
    outer loop
      vertex 144.025 107.256 5.95
      vertex 144.025 103.244 17.4
      vertex 144.025 103.244 5.95
    endloop
  endfacet
  facet normal 0.500132 0.865949 -0
    outer loop
      vertex 147.5 101.237 5.95
      vertex 144.025 103.244 17.4
      vertex 147.5 101.237 17.4
    endloop
  endfacet
  facet normal 0.500132 0.865949 0
    outer loop
      vertex 144.025 103.244 17.4
      vertex 147.5 101.237 5.95
      vertex 144.025 103.244 5.95
    endloop
  endfacet
  facet normal 0 0 1
    outer loop
      vertex 147.5 109.263 5.95
      vertex 150.975 103.244 5.95
      vertex 150.975 107.256 5.95
    endloop
  endfacet
  facet normal 0 0 1
    outer loop
      vertex 147.5 109.263 5.95
      vertex 147.5 101.237 5.95
      vertex 150.975 103.244 5.95
    endloop
  endfacet
  facet normal -0 0 1
    outer loop
      vertex 144.025 107.256 5.95
      vertex 147.5 101.237 5.95
      vertex 147.5 109.263 5.95
    endloop
  endfacet
  facet normal 0 0 1
    outer loop
      vertex 147.5 101.237 5.95
      vertex 144.025 107.256 5.95
      vertex 144.025 103.244 5.95
    endloop
  endfacet
  facet normal -0.500132 0.865949 0
    outer loop
      vertex 150.975 103.244 5.95
      vertex 147.5 101.237 17.4
      vertex 150.975 103.244 17.4
    endloop
  endfacet
  facet normal -0.500132 0.865949 0
    outer loop
      vertex 147.5 101.237 17.4
      vertex 150.975 103.244 5.95
      vertex 147.5 101.237 5.95
    endloop
  endfacet
  facet normal -0.401599 -0.695537 0.595774
    outer loop
      vertex 150.975 107.256 17.4
      vertex 151.42 107.513 18
      vertex 147.996 109.49 18
    endloop
  endfacet
  facet normal -0.401599 0.695537 0.595774
    outer loop
      vertex 151.42 102.987 18
      vertex 150.975 103.244 17.4
      vertex 147.996 101.01 18
    endloop
  endfacet
  facet normal -0.402302 -0.695268 0.595613
    outer loop
      vertex 147.5 109.263 17.4
      vertex 147.996 109.49 18
      vertex 147.5 109.777 18
    endloop
  endfacet
  facet normal -0.401824 -0.695733 0.595393
    outer loop
      vertex 147.996 109.49 18
      vertex 147.5 109.263 17.4
      vertex 150.975 107.256 17.4
    endloop
  endfacet
  facet normal 0.401599 0.695537 0.595774
    outer loop
      vertex 147.004 101.01 18
      vertex 144.025 103.244 17.4
      vertex 143.58 102.987 18
    endloop
  endfacet
  facet normal -0.401824 0.695733 0.595393
    outer loop
      vertex 147.5 101.237 17.4
      vertex 147.996 101.01 18
      vertex 150.975 103.244 17.4
    endloop
  endfacet
  facet normal -0.402302 0.695268 0.595613
    outer loop
      vertex 147.996 101.01 18
      vertex 147.5 101.237 17.4
      vertex 147.5 100.723 18
    endloop
  endfacet
  facet normal -0.803201 0 0.595708
    outer loop
      vertex 150.975 103.244 17.4
      vertex 151.42 107.513 18
      vertex 150.975 107.256 17.4
    endloop
  endfacet
  facet normal -0.803201 0 0.595708
    outer loop
      vertex 151.42 107.513 18
      vertex 150.975 103.244 17.4
      vertex 151.42 102.987 18
    endloop
  endfacet
  facet normal 0.401599 -0.695537 0.595774
    outer loop
      vertex 144.025 107.256 17.4
      vertex 147.004 109.49 18
      vertex 143.58 107.513 18
    endloop
  endfacet
  facet normal 0.803201 0 0.595708
    outer loop
      vertex 143.58 107.513 18
      vertex 144.025 103.244 17.4
      vertex 144.025 107.256 17.4
    endloop
  endfacet
  facet normal 0.803201 0 0.595708
    outer loop
      vertex 144.025 103.244 17.4
      vertex 143.58 107.513 18
      vertex 143.58 102.987 18
    endloop
  endfacet
  facet normal 0.402302 0.695268 0.595613
    outer loop
      vertex 147.5 101.237 17.4
      vertex 147.004 101.01 18
      vertex 147.5 100.723 18
    endloop
  endfacet
  facet normal 0.401824 0.695733 0.595393
    outer loop
      vertex 147.004 101.01 18
      vertex 147.5 101.237 17.4
      vertex 144.025 103.244 17.4
    endloop
  endfacet
  facet normal 0.401824 -0.695733 0.595393
    outer loop
      vertex 147.5 109.263 17.4
      vertex 147.004 109.49 18
      vertex 144.025 107.256 17.4
    endloop
  endfacet
  facet normal 0.402302 -0.695268 0.595613
    outer loop
      vertex 147.004 109.49 18
      vertex 147.5 109.263 17.4
      vertex 147.5 109.777 18
    endloop
  endfacet
  facet normal -0.500132 -0.865949 0
    outer loop
      vertex 147.5 120.763 5.95
      vertex 150.975 118.756 17.4
      vertex 147.5 120.763 17.4
    endloop
  endfacet
  facet normal -0.500132 -0.865949 -0
    outer loop
      vertex 150.975 118.756 17.4
      vertex 147.5 120.763 5.95
      vertex 150.975 118.756 5.95
    endloop
  endfacet
  facet normal 0.500132 -0.865949 0
    outer loop
      vertex 144.025 118.756 5.95
      vertex 147.5 120.763 17.4
      vertex 144.025 118.756 17.4
    endloop
  endfacet
  facet normal 0.500132 -0.865949 0
    outer loop
      vertex 147.5 120.763 17.4
      vertex 144.025 118.756 5.95
      vertex 147.5 120.763 5.95
    endloop
  endfacet
  facet normal -1 0 0
    outer loop
      vertex 150.975 114.744 5.95
      vertex 150.975 118.756 17.4
      vertex 150.975 118.756 5.95
    endloop
  endfacet
  facet normal -1 -0 0
    outer loop
      vertex 150.975 118.756 17.4
      vertex 150.975 114.744 5.95
      vertex 150.975 114.744 17.4
    endloop
  endfacet
  facet normal 1 -0 0
    outer loop
      vertex 144.025 114.744 17.4
      vertex 144.025 118.756 5.95
      vertex 144.025 118.756 17.4
    endloop
  endfacet
  facet normal 1 0 0
    outer loop
      vertex 144.025 118.756 5.95
      vertex 144.025 114.744 17.4
      vertex 144.025 114.744 5.95
    endloop
  endfacet
  facet normal 0.500132 0.865949 -0
    outer loop
      vertex 147.5 112.737 5.95
      vertex 144.025 114.744 17.4
      vertex 147.5 112.737 17.4
    endloop
  endfacet
  facet normal 0.500132 0.865949 0
    outer loop
      vertex 144.025 114.744 17.4
      vertex 147.5 112.737 5.95
      vertex 144.025 114.744 5.95
    endloop
  endfacet
  facet normal 0 0 1
    outer loop
      vertex 147.5 120.763 5.95
      vertex 150.975 114.744 5.95
      vertex 150.975 118.756 5.95
    endloop
  endfacet
  facet normal 0 0 1
    outer loop
      vertex 147.5 120.763 5.95
      vertex 147.5 112.737 5.95
      vertex 150.975 114.744 5.95
    endloop
  endfacet
  facet normal -0 0 1
    outer loop
      vertex 144.025 118.756 5.95
      vertex 147.5 112.737 5.95
      vertex 147.5 120.763 5.95
    endloop
  endfacet
  facet normal 0 0 1
    outer loop
      vertex 147.5 112.737 5.95
      vertex 144.025 118.756 5.95
      vertex 144.025 114.744 5.95
    endloop
  endfacet
  facet normal -0.500132 0.865949 0
    outer loop
      vertex 150.975 114.744 5.95
      vertex 147.5 112.737 17.4
      vertex 150.975 114.744 17.4
    endloop
  endfacet
  facet normal -0.500132 0.865949 0
    outer loop
      vertex 147.5 112.737 17.4
      vertex 150.975 114.744 5.95
      vertex 147.5 112.737 5.95
    endloop
  endfacet
  facet normal -0.401599 -0.695537 0.595774
    outer loop
      vertex 150.975 118.756 17.4
      vertex 151.42 119.013 18
      vertex 147.996 120.99 18
    endloop
  endfacet
  facet normal -0.401599 0.695537 0.595774
    outer loop
      vertex 151.42 114.487 18
      vertex 150.975 114.744 17.4
      vertex 147.996 112.51 18
    endloop
  endfacet
  facet normal -0.402302 -0.695268 0.595613
    outer loop
      vertex 147.5 120.763 17.4
      vertex 147.996 120.99 18
      vertex 147.5 121.277 18
    endloop
  endfacet
  facet normal -0.401824 -0.695733 0.595393
    outer loop
      vertex 147.996 120.99 18
      vertex 147.5 120.763 17.4
      vertex 150.975 118.756 17.4
    endloop
  endfacet
  facet normal 0.401599 0.695537 0.595774
    outer loop
      vertex 147.004 112.51 18
      vertex 144.025 114.744 17.4
      vertex 143.58 114.487 18
    endloop
  endfacet
  facet normal -0.401824 0.695733 0.595393
    outer loop
      vertex 147.5 112.737 17.4
      vertex 147.996 112.51 18
      vertex 150.975 114.744 17.4
    endloop
  endfacet
  facet normal -0.402302 0.695268 0.595613
    outer loop
      vertex 147.996 112.51 18
      vertex 147.5 112.737 17.4
      vertex 147.5 112.223 18
    endloop
  endfacet
  facet normal -0.803201 0 0.595708
    outer loop
      vertex 150.975 114.744 17.4
      vertex 151.42 119.013 18
      vertex 150.975 118.756 17.4
    endloop
  endfacet
  facet normal -0.803201 0 0.595708
    outer loop
      vertex 151.42 119.013 18
      vertex 150.975 114.744 17.4
      vertex 151.42 114.487 18
    endloop
  endfacet
  facet normal 0.401599 -0.695537 0.595774
    outer loop
      vertex 144.025 118.756 17.4
      vertex 147.004 120.99 18
      vertex 143.58 119.013 18
    endloop
  endfacet
  facet normal 0.803201 0 0.595708
    outer loop
      vertex 143.58 119.013 18
      vertex 144.025 114.744 17.4
      vertex 144.025 118.756 17.4
    endloop
  endfacet
  facet normal 0.803201 0 0.595708
    outer loop
      vertex 144.025 114.744 17.4
      vertex 143.58 119.013 18
      vertex 143.58 114.487 18
    endloop
  endfacet
  facet normal 0.402302 0.695268 0.595613
    outer loop
      vertex 147.5 112.737 17.4
      vertex 147.004 112.51 18
      vertex 147.5 112.223 18
    endloop
  endfacet
  facet normal 0.401824 0.695733 0.595393
    outer loop
      vertex 147.004 112.51 18
      vertex 147.5 112.737 17.4
      vertex 144.025 114.744 17.4
    endloop
  endfacet
  facet normal 0.401824 -0.695733 0.595393
    outer loop
      vertex 147.5 120.763 17.4
      vertex 147.004 120.99 18
      vertex 144.025 118.756 17.4
    endloop
  endfacet
  facet normal 0.402302 -0.695268 0.595613
    outer loop
      vertex 147.004 120.99 18
      vertex 147.5 120.763 17.4
      vertex 147.5 121.277 18
    endloop
  endfacet
  facet normal -0.500001 -0.866025 0
    outer loop
      vertex 159 74.7626 5.95
      vertex 162.475 72.7563 17.4
      vertex 159 74.7626 17.4
    endloop
  endfacet
  facet normal -0.500001 -0.866025 -0
    outer loop
      vertex 162.475 72.7563 17.4
      vertex 159 74.7626 5.95
      vertex 162.475 72.7563 5.95
    endloop
  endfacet
  facet normal 0.500001 -0.866025 0
    outer loop
      vertex 155.525 72.7563 5.95
      vertex 159 74.7626 17.4
      vertex 155.525 72.7563 17.4
    endloop
  endfacet
  facet normal 0.500001 -0.866025 0
    outer loop
      vertex 159 74.7626 17.4
      vertex 155.525 72.7563 5.95
      vertex 159 74.7626 5.95
    endloop
  endfacet
  facet normal -1 0 0
    outer loop
      vertex 162.475 68.7437 5.95
      vertex 162.475 72.7563 17.4
      vertex 162.475 72.7563 5.95
    endloop
  endfacet
  facet normal -1 -0 0
    outer loop
      vertex 162.475 72.7563 17.4
      vertex 162.475 68.7437 5.95
      vertex 162.475 68.7437 17.4
    endloop
  endfacet
  facet normal 1 -0 0
    outer loop
      vertex 155.525 68.7437 17.4
      vertex 155.525 72.7563 5.95
      vertex 155.525 72.7563 17.4
    endloop
  endfacet
  facet normal 1 0 0
    outer loop
      vertex 155.525 72.7563 5.95
      vertex 155.525 68.7437 17.4
      vertex 155.525 68.7437 5.95
    endloop
  endfacet
  facet normal 0.500001 0.866025 -0
    outer loop
      vertex 159 66.7374 5.95
      vertex 155.525 68.7437 17.4
      vertex 159 66.7374 17.4
    endloop
  endfacet
  facet normal 0.500001 0.866025 0
    outer loop
      vertex 155.525 68.7437 17.4
      vertex 159 66.7374 5.95
      vertex 155.525 68.7437 5.95
    endloop
  endfacet
  facet normal 0 0 1
    outer loop
      vertex 159 74.7626 5.95
      vertex 162.475 68.7437 5.95
      vertex 162.475 72.7563 5.95
    endloop
  endfacet
  facet normal 0 0 1
    outer loop
      vertex 159 74.7626 5.95
      vertex 159 66.7374 5.95
      vertex 162.475 68.7437 5.95
    endloop
  endfacet
  facet normal -0 0 1
    outer loop
      vertex 155.525 72.7563 5.95
      vertex 159 66.7374 5.95
      vertex 159 74.7626 5.95
    endloop
  endfacet
  facet normal 0 0 1
    outer loop
      vertex 159 66.7374 5.95
      vertex 155.525 72.7563 5.95
      vertex 155.525 68.7437 5.95
    endloop
  endfacet
  facet normal -0.500001 0.866025 0
    outer loop
      vertex 162.475 68.7437 5.95
      vertex 159 66.7374 17.4
      vertex 162.475 68.7437 17.4
    endloop
  endfacet
  facet normal -0.500001 0.866025 0
    outer loop
      vertex 159 66.7374 17.4
      vertex 162.475 68.7437 5.95
      vertex 159 66.7374 5.95
    endloop
  endfacet
  facet normal -0.401545 -0.695512 0.595839
    outer loop
      vertex 162.475 72.7563 17.4
      vertex 162.92 73.0134 18
      vertex 159.496 74.9902 18
    endloop
  endfacet
  facet normal -0.401545 0.695512 0.595839
    outer loop
      vertex 162.92 68.4866 18
      vertex 162.475 68.7437 17.4
      vertex 159.496 66.5098 18
    endloop
  endfacet
  facet normal -0.401867 -0.695242 0.595938
    outer loop
      vertex 159 74.7626 17.4
      vertex 159.496 74.9902 18
      vertex 159 75.2769 18
    endloop
  endfacet
  facet normal -0.401567 -0.695532 0.595801
    outer loop
      vertex 159.496 74.9902 18
      vertex 159 74.7626 17.4
      vertex 162.475 72.7563 17.4
    endloop
  endfacet
  facet normal 0.401545 0.695512 0.595839
    outer loop
      vertex 158.504 66.5098 18
      vertex 155.525 68.7437 17.4
      vertex 155.08 68.4866 18
    endloop
  endfacet
  facet normal -0.401567 0.695532 0.595801
    outer loop
      vertex 159 66.7374 17.4
      vertex 159.496 66.5098 18
      vertex 162.475 68.7437 17.4
    endloop
  endfacet
  facet normal -0.401867 0.695242 0.595938
    outer loop
      vertex 159.496 66.5098 18
      vertex 159 66.7374 17.4
      vertex 159 66.2231 18
    endloop
  endfacet
  facet normal -0.803201 0 0.595708
    outer loop
      vertex 162.475 68.7437 17.4
      vertex 162.92 73.0134 18
      vertex 162.475 72.7563 17.4
    endloop
  endfacet
  facet normal -0.803201 0 0.595708
    outer loop
      vertex 162.92 73.0134 18
      vertex 162.475 68.7437 17.4
      vertex 162.92 68.4866 18
    endloop
  endfacet
  facet normal 0.401545 -0.695512 0.595839
    outer loop
      vertex 155.525 72.7563 17.4
      vertex 158.504 74.9902 18
      vertex 155.08 73.0134 18
    endloop
  endfacet
  facet normal 0.803201 0 0.595708
    outer loop
      vertex 155.08 73.0134 18
      vertex 155.525 68.7437 17.4
      vertex 155.525 72.7563 17.4
    endloop
  endfacet
  facet normal 0.803201 0 0.595708
    outer loop
      vertex 155.525 68.7437 17.4
      vertex 155.08 73.0134 18
      vertex 155.08 68.4866 18
    endloop
  endfacet
  facet normal 0.401867 0.695242 0.595938
    outer loop
      vertex 159 66.7374 17.4
      vertex 158.504 66.5098 18
      vertex 159 66.2231 18
    endloop
  endfacet
  facet normal 0.401567 0.695532 0.595801
    outer loop
      vertex 158.504 66.5098 18
      vertex 159 66.7374 17.4
      vertex 155.525 68.7437 17.4
    endloop
  endfacet
  facet normal 0.401567 -0.695532 0.595801
    outer loop
      vertex 159 74.7626 17.4
      vertex 158.504 74.9902 18
      vertex 155.525 72.7563 17.4
    endloop
  endfacet
  facet normal 0.401867 -0.695242 0.595938
    outer loop
      vertex 158.504 74.9902 18
      vertex 159 74.7626 17.4
      vertex 159 75.2769 18
    endloop
  endfacet
  facet normal -0.500001 -0.866025 0
    outer loop
      vertex 159 86.2626 5.95
      vertex 162.475 84.2563 17.4
      vertex 159 86.2626 17.4
    endloop
  endfacet
  facet normal -0.500001 -0.866025 -0
    outer loop
      vertex 162.475 84.2563 17.4
      vertex 159 86.2626 5.95
      vertex 162.475 84.2563 5.95
    endloop
  endfacet
  facet normal 0.500001 -0.866025 0
    outer loop
      vertex 155.525 84.2563 5.95
      vertex 159 86.2626 17.4
      vertex 155.525 84.2563 17.4
    endloop
  endfacet
  facet normal 0.500001 -0.866025 0
    outer loop
      vertex 159 86.2626 17.4
      vertex 155.525 84.2563 5.95
      vertex 159 86.2626 5.95
    endloop
  endfacet
  facet normal -1 0 0
    outer loop
      vertex 162.475 80.2437 5.95
      vertex 162.475 84.2563 17.4
      vertex 162.475 84.2563 5.95
    endloop
  endfacet
  facet normal -1 -0 0
    outer loop
      vertex 162.475 84.2563 17.4
      vertex 162.475 80.2437 5.95
      vertex 162.475 80.2437 17.4
    endloop
  endfacet
  facet normal 1 -0 0
    outer loop
      vertex 155.525 80.2437 17.4
      vertex 155.525 84.2563 5.95
      vertex 155.525 84.2563 17.4
    endloop
  endfacet
  facet normal 1 0 0
    outer loop
      vertex 155.525 84.2563 5.95
      vertex 155.525 80.2437 17.4
      vertex 155.525 80.2437 5.95
    endloop
  endfacet
  facet normal 0.500001 0.866025 -0
    outer loop
      vertex 159 78.2374 5.95
      vertex 155.525 80.2437 17.4
      vertex 159 78.2374 17.4
    endloop
  endfacet
  facet normal 0.500001 0.866025 0
    outer loop
      vertex 155.525 80.2437 17.4
      vertex 159 78.2374 5.95
      vertex 155.525 80.2437 5.95
    endloop
  endfacet
  facet normal 0 0 1
    outer loop
      vertex 159 86.2626 5.95
      vertex 162.475 80.2437 5.95
      vertex 162.475 84.2563 5.95
    endloop
  endfacet
  facet normal 0 0 1
    outer loop
      vertex 159 86.2626 5.95
      vertex 159 78.2374 5.95
      vertex 162.475 80.2437 5.95
    endloop
  endfacet
  facet normal -0 0 1
    outer loop
      vertex 155.525 84.2563 5.95
      vertex 159 78.2374 5.95
      vertex 159 86.2626 5.95
    endloop
  endfacet
  facet normal 0 0 1
    outer loop
      vertex 159 78.2374 5.95
      vertex 155.525 84.2563 5.95
      vertex 155.525 80.2437 5.95
    endloop
  endfacet
  facet normal -0.500001 0.866025 0
    outer loop
      vertex 162.475 80.2437 5.95
      vertex 159 78.2374 17.4
      vertex 162.475 80.2437 17.4
    endloop
  endfacet
  facet normal -0.500001 0.866025 0
    outer loop
      vertex 159 78.2374 17.4
      vertex 162.475 80.2437 5.95
      vertex 159 78.2374 5.95
    endloop
  endfacet
  facet normal -0.401545 -0.695512 0.595839
    outer loop
      vertex 162.475 84.2563 17.4
      vertex 162.92 84.5134 18
      vertex 159.496 86.4902 18
    endloop
  endfacet
  facet normal -0.401545 0.695512 0.595839
    outer loop
      vertex 162.92 79.9866 18
      vertex 162.475 80.2437 17.4
      vertex 159.496 78.0098 18
    endloop
  endfacet
  facet normal -0.401867 -0.695242 0.595938
    outer loop
      vertex 159 86.2626 17.4
      vertex 159.496 86.4902 18
      vertex 159 86.7769 18
    endloop
  endfacet
  facet normal -0.401567 -0.695532 0.595801
    outer loop
      vertex 159.496 86.4902 18
      vertex 159 86.2626 17.4
      vertex 162.475 84.2563 17.4
    endloop
  endfacet
  facet normal 0.401545 0.695512 0.595839
    outer loop
      vertex 158.504 78.0098 18
      vertex 155.525 80.2437 17.4
      vertex 155.08 79.9866 18
    endloop
  endfacet
  facet normal -0.401567 0.695532 0.595801
    outer loop
      vertex 159 78.2374 17.4
      vertex 159.496 78.0098 18
      vertex 162.475 80.2437 17.4
    endloop
  endfacet
  facet normal -0.401867 0.695242 0.595938
    outer loop
      vertex 159.496 78.0098 18
      vertex 159 78.2374 17.4
      vertex 159 77.7231 18
    endloop
  endfacet
  facet normal -0.803201 0 0.595708
    outer loop
      vertex 162.475 80.2437 17.4
      vertex 162.92 84.5134 18
      vertex 162.475 84.2563 17.4
    endloop
  endfacet
  facet normal -0.803201 0 0.595708
    outer loop
      vertex 162.92 84.5134 18
      vertex 162.475 80.2437 17.4
      vertex 162.92 79.9866 18
    endloop
  endfacet
  facet normal 0.401545 -0.695512 0.595839
    outer loop
      vertex 155.525 84.2563 17.4
      vertex 158.504 86.4902 18
      vertex 155.08 84.5134 18
    endloop
  endfacet
  facet normal 0.803201 0 0.595708
    outer loop
      vertex 155.08 84.5134 18
      vertex 155.525 80.2437 17.4
      vertex 155.525 84.2563 17.4
    endloop
  endfacet
  facet normal 0.803201 0 0.595708
    outer loop
      vertex 155.525 80.2437 17.4
      vertex 155.08 84.5134 18
      vertex 155.08 79.9866 18
    endloop
  endfacet
  facet normal 0.401867 0.695242 0.595938
    outer loop
      vertex 159 78.2374 17.4
      vertex 158.504 78.0098 18
      vertex 159 77.7231 18
    endloop
  endfacet
  facet normal 0.401567 0.695532 0.595801
    outer loop
      vertex 158.504 78.0098 18
      vertex 159 78.2374 17.4
      vertex 155.525 80.2437 17.4
    endloop
  endfacet
  facet normal 0.401567 -0.695532 0.595801
    outer loop
      vertex 159 86.2626 17.4
      vertex 158.504 86.4902 18
      vertex 155.525 84.2563 17.4
    endloop
  endfacet
  facet normal 0.401867 -0.695242 0.595938
    outer loop
      vertex 158.504 86.4902 18
      vertex 159 86.2626 17.4
      vertex 159 86.7769 18
    endloop
  endfacet
  facet normal -0.500001 -0.866025 0
    outer loop
      vertex 159 97.7626 5.95
      vertex 162.475 95.7563 17.4
      vertex 159 97.7626 17.4
    endloop
  endfacet
  facet normal -0.500001 -0.866025 -0
    outer loop
      vertex 162.475 95.7563 17.4
      vertex 159 97.7626 5.95
      vertex 162.475 95.7563 5.95
    endloop
  endfacet
  facet normal 0.500001 -0.866025 0
    outer loop
      vertex 155.525 95.7563 5.95
      vertex 159 97.7626 17.4
      vertex 155.525 95.7563 17.4
    endloop
  endfacet
  facet normal 0.500001 -0.866025 0
    outer loop
      vertex 159 97.7626 17.4
      vertex 155.525 95.7563 5.95
      vertex 159 97.7626 5.95
    endloop
  endfacet
  facet normal -1 0 0
    outer loop
      vertex 162.475 91.7437 5.95
      vertex 162.475 95.7563 17.4
      vertex 162.475 95.7563 5.95
    endloop
  endfacet
  facet normal -1 -0 0
    outer loop
      vertex 162.475 95.7563 17.4
      vertex 162.475 91.7437 5.95
      vertex 162.475 91.7437 17.4
    endloop
  endfacet
  facet normal 1 -0 0
    outer loop
      vertex 155.525 91.7437 17.4
      vertex 155.525 95.7563 5.95
      vertex 155.525 95.7563 17.4
    endloop
  endfacet
  facet normal 1 0 0
    outer loop
      vertex 155.525 95.7563 5.95
      vertex 155.525 91.7437 17.4
      vertex 155.525 91.7437 5.95
    endloop
  endfacet
  facet normal 0.500001 0.866025 -0
    outer loop
      vertex 159 89.7374 5.95
      vertex 155.525 91.7437 17.4
      vertex 159 89.7374 17.4
    endloop
  endfacet
  facet normal 0.500001 0.866025 0
    outer loop
      vertex 155.525 91.7437 17.4
      vertex 159 89.7374 5.95
      vertex 155.525 91.7437 5.95
    endloop
  endfacet
  facet normal 0 0 1
    outer loop
      vertex 159 97.7626 5.95
      vertex 162.475 91.7437 5.95
      vertex 162.475 95.7563 5.95
    endloop
  endfacet
  facet normal 0 0 1
    outer loop
      vertex 159 97.7626 5.95
      vertex 159 89.7374 5.95
      vertex 162.475 91.7437 5.95
    endloop
  endfacet
  facet normal -0 0 1
    outer loop
      vertex 155.525 95.7563 5.95
      vertex 159 89.7374 5.95
      vertex 159 97.7626 5.95
    endloop
  endfacet
  facet normal 0 0 1
    outer loop
      vertex 159 89.7374 5.95
      vertex 155.525 95.7563 5.95
      vertex 155.525 91.7437 5.95
    endloop
  endfacet
  facet normal -0.500001 0.866025 0
    outer loop
      vertex 162.475 91.7437 5.95
      vertex 159 89.7374 17.4
      vertex 162.475 91.7437 17.4
    endloop
  endfacet
  facet normal -0.500001 0.866025 0
    outer loop
      vertex 159 89.7374 17.4
      vertex 162.475 91.7437 5.95
      vertex 159 89.7374 5.95
    endloop
  endfacet
  facet normal -0.401545 -0.695512 0.595839
    outer loop
      vertex 162.475 95.7563 17.4
      vertex 162.92 96.0134 18
      vertex 159.496 97.9902 18
    endloop
  endfacet
  facet normal -0.401545 0.695512 0.595839
    outer loop
      vertex 162.92 91.4866 18
      vertex 162.475 91.7437 17.4
      vertex 159.496 89.5098 18
    endloop
  endfacet
  facet normal -0.401867 -0.695242 0.595938
    outer loop
      vertex 159 97.7626 17.4
      vertex 159.496 97.9902 18
      vertex 159 98.2769 18
    endloop
  endfacet
  facet normal -0.401567 -0.695532 0.595801
    outer loop
      vertex 159.496 97.9902 18
      vertex 159 97.7626 17.4
      vertex 162.475 95.7563 17.4
    endloop
  endfacet
  facet normal 0.401545 0.695512 0.595839
    outer loop
      vertex 158.504 89.5098 18
      vertex 155.525 91.7437 17.4
      vertex 155.08 91.4866 18
    endloop
  endfacet
  facet normal -0.401567 0.695532 0.595801
    outer loop
      vertex 159 89.7374 17.4
      vertex 159.496 89.5098 18
      vertex 162.475 91.7437 17.4
    endloop
  endfacet
  facet normal -0.401867 0.695242 0.595938
    outer loop
      vertex 159.496 89.5098 18
      vertex 159 89.7374 17.4
      vertex 159 89.2231 18
    endloop
  endfacet
  facet normal -0.803201 0 0.595708
    outer loop
      vertex 162.475 91.7437 17.4
      vertex 162.92 96.0134 18
      vertex 162.475 95.7563 17.4
    endloop
  endfacet
  facet normal -0.803201 0 0.595708
    outer loop
      vertex 162.92 96.0134 18
      vertex 162.475 91.7437 17.4
      vertex 162.92 91.4866 18
    endloop
  endfacet
  facet normal 0.401545 -0.695512 0.595839
    outer loop
      vertex 155.525 95.7563 17.4
      vertex 158.504 97.9902 18
      vertex 155.08 96.0134 18
    endloop
  endfacet
  facet normal 0.803201 0 0.595708
    outer loop
      vertex 155.08 96.0134 18
      vertex 155.525 91.7437 17.4
      vertex 155.525 95.7563 17.4
    endloop
  endfacet
  facet normal 0.803201 0 0.595708
    outer loop
      vertex 155.525 91.7437 17.4
      vertex 155.08 96.0134 18
      vertex 155.08 91.4866 18
    endloop
  endfacet
  facet normal 0.401867 0.695242 0.595938
    outer loop
      vertex 159 89.7374 17.4
      vertex 158.504 89.5098 18
      vertex 159 89.2231 18
    endloop
  endfacet
  facet normal 0.401567 0.695532 0.595801
    outer loop
      vertex 158.504 89.5098 18
      vertex 159 89.7374 17.4
      vertex 155.525 91.7437 17.4
    endloop
  endfacet
  facet normal 0.401567 -0.695532 0.595801
    outer loop
      vertex 159 97.7626 17.4
      vertex 158.504 97.9902 18
      vertex 155.525 95.7563 17.4
    endloop
  endfacet
  facet normal 0.401867 -0.695242 0.595938
    outer loop
      vertex 158.504 97.9902 18
      vertex 159 97.7626 17.4
      vertex 159 98.2769 18
    endloop
  endfacet
  facet normal -0.500132 -0.865949 0
    outer loop
      vertex 159 109.263 5.95
      vertex 162.475 107.256 17.4
      vertex 159 109.263 17.4
    endloop
  endfacet
  facet normal -0.500132 -0.865949 -0
    outer loop
      vertex 162.475 107.256 17.4
      vertex 159 109.263 5.95
      vertex 162.475 107.256 5.95
    endloop
  endfacet
  facet normal 0.500132 -0.865949 0
    outer loop
      vertex 155.525 107.256 5.95
      vertex 159 109.263 17.4
      vertex 155.525 107.256 17.4
    endloop
  endfacet
  facet normal 0.500132 -0.865949 0
    outer loop
      vertex 159 109.263 17.4
      vertex 155.525 107.256 5.95
      vertex 159 109.263 5.95
    endloop
  endfacet
  facet normal -1 0 0
    outer loop
      vertex 162.475 103.244 5.95
      vertex 162.475 107.256 17.4
      vertex 162.475 107.256 5.95
    endloop
  endfacet
  facet normal -1 -0 0
    outer loop
      vertex 162.475 107.256 17.4
      vertex 162.475 103.244 5.95
      vertex 162.475 103.244 17.4
    endloop
  endfacet
  facet normal 1 -0 0
    outer loop
      vertex 155.525 103.244 17.4
      vertex 155.525 107.256 5.95
      vertex 155.525 107.256 17.4
    endloop
  endfacet
  facet normal 1 0 0
    outer loop
      vertex 155.525 107.256 5.95
      vertex 155.525 103.244 17.4
      vertex 155.525 103.244 5.95
    endloop
  endfacet
  facet normal 0.500132 0.865949 -0
    outer loop
      vertex 159 101.237 5.95
      vertex 155.525 103.244 17.4
      vertex 159 101.237 17.4
    endloop
  endfacet
  facet normal 0.500132 0.865949 0
    outer loop
      vertex 155.525 103.244 17.4
      vertex 159 101.237 5.95
      vertex 155.525 103.244 5.95
    endloop
  endfacet
  facet normal 0 0 1
    outer loop
      vertex 159 109.263 5.95
      vertex 162.475 103.244 5.95
      vertex 162.475 107.256 5.95
    endloop
  endfacet
  facet normal 0 0 1
    outer loop
      vertex 159 109.263 5.95
      vertex 159 101.237 5.95
      vertex 162.475 103.244 5.95
    endloop
  endfacet
  facet normal -0 0 1
    outer loop
      vertex 155.525 107.256 5.95
      vertex 159 101.237 5.95
      vertex 159 109.263 5.95
    endloop
  endfacet
  facet normal 0 0 1
    outer loop
      vertex 159 101.237 5.95
      vertex 155.525 107.256 5.95
      vertex 155.525 103.244 5.95
    endloop
  endfacet
  facet normal -0.500132 0.865949 0
    outer loop
      vertex 162.475 103.244 5.95
      vertex 159 101.237 17.4
      vertex 162.475 103.244 17.4
    endloop
  endfacet
  facet normal -0.500132 0.865949 0
    outer loop
      vertex 159 101.237 17.4
      vertex 162.475 103.244 5.95
      vertex 159 101.237 5.95
    endloop
  endfacet
  facet normal -0.401599 -0.695537 0.595774
    outer loop
      vertex 162.475 107.256 17.4
      vertex 162.92 107.513 18
      vertex 159.496 109.49 18
    endloop
  endfacet
  facet normal -0.401599 0.695537 0.595774
    outer loop
      vertex 162.92 102.987 18
      vertex 162.475 103.244 17.4
      vertex 159.496 101.01 18
    endloop
  endfacet
  facet normal -0.402302 -0.695268 0.595613
    outer loop
      vertex 159 109.263 17.4
      vertex 159.496 109.49 18
      vertex 159 109.777 18
    endloop
  endfacet
  facet normal -0.401824 -0.695733 0.595393
    outer loop
      vertex 159.496 109.49 18
      vertex 159 109.263 17.4
      vertex 162.475 107.256 17.4
    endloop
  endfacet
  facet normal 0.401599 0.695537 0.595774
    outer loop
      vertex 158.504 101.01 18
      vertex 155.525 103.244 17.4
      vertex 155.08 102.987 18
    endloop
  endfacet
  facet normal -0.401824 0.695733 0.595393
    outer loop
      vertex 159 101.237 17.4
      vertex 159.496 101.01 18
      vertex 162.475 103.244 17.4
    endloop
  endfacet
  facet normal -0.402302 0.695268 0.595613
    outer loop
      vertex 159.496 101.01 18
      vertex 159 101.237 17.4
      vertex 159 100.723 18
    endloop
  endfacet
  facet normal -0.803201 0 0.595708
    outer loop
      vertex 162.475 103.244 17.4
      vertex 162.92 107.513 18
      vertex 162.475 107.256 17.4
    endloop
  endfacet
  facet normal -0.803201 0 0.595708
    outer loop
      vertex 162.92 107.513 18
      vertex 162.475 103.244 17.4
      vertex 162.92 102.987 18
    endloop
  endfacet
  facet normal 0.401599 -0.695537 0.595774
    outer loop
      vertex 155.525 107.256 17.4
      vertex 158.504 109.49 18
      vertex 155.08 107.513 18
    endloop
  endfacet
  facet normal 0.803201 0 0.595708
    outer loop
      vertex 155.08 107.513 18
      vertex 155.525 103.244 17.4
      vertex 155.525 107.256 17.4
    endloop
  endfacet
  facet normal 0.803201 0 0.595708
    outer loop
      vertex 155.525 103.244 17.4
      vertex 155.08 107.513 18
      vertex 155.08 102.987 18
    endloop
  endfacet
  facet normal 0.402302 0.695268 0.595613
    outer loop
      vertex 159 101.237 17.4
      vertex 158.504 101.01 18
      vertex 159 100.723 18
    endloop
  endfacet
  facet normal 0.401824 0.695733 0.595393
    outer loop
      vertex 158.504 101.01 18
      vertex 159 101.237 17.4
      vertex 155.525 103.244 17.4
    endloop
  endfacet
  facet normal 0.401824 -0.695733 0.595393
    outer loop
      vertex 159 109.263 17.4
      vertex 158.504 109.49 18
      vertex 155.525 107.256 17.4
    endloop
  endfacet
  facet normal 0.402302 -0.695268 0.595613
    outer loop
      vertex 158.504 109.49 18
      vertex 159 109.263 17.4
      vertex 159 109.777 18
    endloop
  endfacet
  facet normal -0.500132 -0.865949 0
    outer loop
      vertex 159 120.763 5.95
      vertex 162.475 118.756 17.4
      vertex 159 120.763 17.4
    endloop
  endfacet
  facet normal -0.500132 -0.865949 -0
    outer loop
      vertex 162.475 118.756 17.4
      vertex 159 120.763 5.95
      vertex 162.475 118.756 5.95
    endloop
  endfacet
  facet normal 0.500132 -0.865949 0
    outer loop
      vertex 155.525 118.756 5.95
      vertex 159 120.763 17.4
      vertex 155.525 118.756 17.4
    endloop
  endfacet
  facet normal 0.500132 -0.865949 0
    outer loop
      vertex 159 120.763 17.4
      vertex 155.525 118.756 5.95
      vertex 159 120.763 5.95
    endloop
  endfacet
  facet normal -1 0 0
    outer loop
      vertex 162.475 114.744 5.95
      vertex 162.475 118.756 17.4
      vertex 162.475 118.756 5.95
    endloop
  endfacet
  facet normal -1 -0 0
    outer loop
      vertex 162.475 118.756 17.4
      vertex 162.475 114.744 5.95
      vertex 162.475 114.744 17.4
    endloop
  endfacet
  facet normal 1 -0 0
    outer loop
      vertex 155.525 114.744 17.4
      vertex 155.525 118.756 5.95
      vertex 155.525 118.756 17.4
    endloop
  endfacet
  facet normal 1 0 0
    outer loop
      vertex 155.525 118.756 5.95
      vertex 155.525 114.744 17.4
      vertex 155.525 114.744 5.95
    endloop
  endfacet
  facet normal 0.500132 0.865949 -0
    outer loop
      vertex 159 112.737 5.95
      vertex 155.525 114.744 17.4
      vertex 159 112.737 17.4
    endloop
  endfacet
  facet normal 0.500132 0.865949 0
    outer loop
      vertex 155.525 114.744 17.4
      vertex 159 112.737 5.95
      vertex 155.525 114.744 5.95
    endloop
  endfacet
  facet normal 0 0 1
    outer loop
      vertex 159 120.763 5.95
      vertex 162.475 114.744 5.95
      vertex 162.475 118.756 5.95
    endloop
  endfacet
  facet normal 0 0 1
    outer loop
      vertex 159 120.763 5.95
      vertex 159 112.737 5.95
      vertex 162.475 114.744 5.95
    endloop
  endfacet
  facet normal -0 0 1
    outer loop
      vertex 155.525 118.756 5.95
      vertex 159 112.737 5.95
      vertex 159 120.763 5.95
    endloop
  endfacet
  facet normal 0 0 1
    outer loop
      vertex 159 112.737 5.95
      vertex 155.525 118.756 5.95
      vertex 155.525 114.744 5.95
    endloop
  endfacet
  facet normal -0.500132 0.865949 0
    outer loop
      vertex 162.475 114.744 5.95
      vertex 159 112.737 17.4
      vertex 162.475 114.744 17.4
    endloop
  endfacet
  facet normal -0.500132 0.865949 0
    outer loop
      vertex 159 112.737 17.4
      vertex 162.475 114.744 5.95
      vertex 159 112.737 5.95
    endloop
  endfacet
  facet normal -0.401599 -0.695537 0.595774
    outer loop
      vertex 162.475 118.756 17.4
      vertex 162.92 119.013 18
      vertex 159.496 120.99 18
    endloop
  endfacet
  facet normal -0.401599 0.695537 0.595774
    outer loop
      vertex 162.92 114.487 18
      vertex 162.475 114.744 17.4
      vertex 159.496 112.51 18
    endloop
  endfacet
  facet normal -0.402302 -0.695268 0.595613
    outer loop
      vertex 159 120.763 17.4
      vertex 159.496 120.99 18
      vertex 159 121.277 18
    endloop
  endfacet
  facet normal -0.401824 -0.695733 0.595393
    outer loop
      vertex 159.496 120.99 18
      vertex 159 120.763 17.4
      vertex 162.475 118.756 17.4
    endloop
  endfacet
  facet normal 0.401599 0.695537 0.595774
    outer loop
      vertex 158.504 112.51 18
      vertex 155.525 114.744 17.4
      vertex 155.08 114.487 18
    endloop
  endfacet
  facet normal -0.401824 0.695733 0.595393
    outer loop
      vertex 159 112.737 17.4
      vertex 159.496 112.51 18
      vertex 162.475 114.744 17.4
    endloop
  endfacet
  facet normal -0.402302 0.695268 0.595613
    outer loop
      vertex 159.496 112.51 18
      vertex 159 112.737 17.4
      vertex 159 112.223 18
    endloop
  endfacet
  facet normal -0.803201 0 0.595708
    outer loop
      vertex 162.475 114.744 17.4
      vertex 162.92 119.013 18
      vertex 162.475 118.756 17.4
    endloop
  endfacet
  facet normal -0.803201 0 0.595708
    outer loop
      vertex 162.92 119.013 18
      vertex 162.475 114.744 17.4
      vertex 162.92 114.487 18
    endloop
  endfacet
  facet normal 0.401599 -0.695537 0.595774
    outer loop
      vertex 155.525 118.756 17.4
      vertex 158.504 120.99 18
      vertex 155.08 119.013 18
    endloop
  endfacet
  facet normal 0.803201 0 0.595708
    outer loop
      vertex 155.08 119.013 18
      vertex 155.525 114.744 17.4
      vertex 155.525 118.756 17.4
    endloop
  endfacet
  facet normal 0.803201 0 0.595708
    outer loop
      vertex 155.525 114.744 17.4
      vertex 155.08 119.013 18
      vertex 155.08 114.487 18
    endloop
  endfacet
  facet normal 0.402302 0.695268 0.595613
    outer loop
      vertex 159 112.737 17.4
      vertex 158.504 112.51 18
      vertex 159 112.223 18
    endloop
  endfacet
  facet normal 0.401824 0.695733 0.595393
    outer loop
      vertex 158.504 112.51 18
      vertex 159 112.737 17.4
      vertex 155.525 114.744 17.4
    endloop
  endfacet
  facet normal 0.401824 -0.695733 0.595393
    outer loop
      vertex 159 120.763 17.4
      vertex 158.504 120.99 18
      vertex 155.525 118.756 17.4
    endloop
  endfacet
  facet normal 0.402302 -0.695268 0.595613
    outer loop
      vertex 158.504 120.99 18
      vertex 159 120.763 17.4
      vertex 159 121.277 18
    endloop
  endfacet
  facet normal -0.500001 -0.866025 0
    outer loop
      vertex 170.5 74.7626 5.95
      vertex 173.975 72.7563 17.4
      vertex 170.5 74.7626 17.4
    endloop
  endfacet
  facet normal -0.500001 -0.866025 -0
    outer loop
      vertex 173.975 72.7563 17.4
      vertex 170.5 74.7626 5.95
      vertex 173.975 72.7563 5.95
    endloop
  endfacet
  facet normal 0.500001 -0.866025 0
    outer loop
      vertex 167.025 72.7563 5.95
      vertex 170.5 74.7626 17.4
      vertex 167.025 72.7563 17.4
    endloop
  endfacet
  facet normal 0.500001 -0.866025 0
    outer loop
      vertex 170.5 74.7626 17.4
      vertex 167.025 72.7563 5.95
      vertex 170.5 74.7626 5.95
    endloop
  endfacet
  facet normal -1 0 0
    outer loop
      vertex 173.975 68.7437 5.95
      vertex 173.975 72.7563 17.4
      vertex 173.975 72.7563 5.95
    endloop
  endfacet
  facet normal -1 -0 0
    outer loop
      vertex 173.975 72.7563 17.4
      vertex 173.975 68.7437 5.95
      vertex 173.975 68.7437 17.4
    endloop
  endfacet
  facet normal 1 -0 0
    outer loop
      vertex 167.025 68.7437 17.4
      vertex 167.025 72.7563 5.95
      vertex 167.025 72.7563 17.4
    endloop
  endfacet
  facet normal 1 0 0
    outer loop
      vertex 167.025 72.7563 5.95
      vertex 167.025 68.7437 17.4
      vertex 167.025 68.7437 5.95
    endloop
  endfacet
  facet normal 0.500001 0.866025 -0
    outer loop
      vertex 170.5 66.7374 5.95
      vertex 167.025 68.7437 17.4
      vertex 170.5 66.7374 17.4
    endloop
  endfacet
  facet normal 0.500001 0.866025 0
    outer loop
      vertex 167.025 68.7437 17.4
      vertex 170.5 66.7374 5.95
      vertex 167.025 68.7437 5.95
    endloop
  endfacet
  facet normal 0 0 1
    outer loop
      vertex 170.5 74.7626 5.95
      vertex 173.975 68.7437 5.95
      vertex 173.975 72.7563 5.95
    endloop
  endfacet
  facet normal 0 0 1
    outer loop
      vertex 170.5 74.7626 5.95
      vertex 170.5 66.7374 5.95
      vertex 173.975 68.7437 5.95
    endloop
  endfacet
  facet normal -0 0 1
    outer loop
      vertex 167.025 72.7563 5.95
      vertex 170.5 66.7374 5.95
      vertex 170.5 74.7626 5.95
    endloop
  endfacet
  facet normal 0 0 1
    outer loop
      vertex 170.5 66.7374 5.95
      vertex 167.025 72.7563 5.95
      vertex 167.025 68.7437 5.95
    endloop
  endfacet
  facet normal -0.500001 0.866025 0
    outer loop
      vertex 173.975 68.7437 5.95
      vertex 170.5 66.7374 17.4
      vertex 173.975 68.7437 17.4
    endloop
  endfacet
  facet normal -0.500001 0.866025 0
    outer loop
      vertex 170.5 66.7374 17.4
      vertex 173.975 68.7437 5.95
      vertex 170.5 66.7374 5.95
    endloop
  endfacet
  facet normal -0.401545 -0.695512 0.595839
    outer loop
      vertex 173.975 72.7563 17.4
      vertex 174.42 73.0134 18
      vertex 170.996 74.9902 18
    endloop
  endfacet
  facet normal -0.401545 0.695512 0.595839
    outer loop
      vertex 174.42 68.4866 18
      vertex 173.975 68.7437 17.4
      vertex 170.996 66.5098 18
    endloop
  endfacet
  facet normal -0.401867 -0.695242 0.595938
    outer loop
      vertex 170.5 74.7626 17.4
      vertex 170.996 74.9902 18
      vertex 170.5 75.2769 18
    endloop
  endfacet
  facet normal -0.401567 -0.695532 0.595801
    outer loop
      vertex 170.996 74.9902 18
      vertex 170.5 74.7626 17.4
      vertex 173.975 72.7563 17.4
    endloop
  endfacet
  facet normal 0.401545 0.695512 0.595839
    outer loop
      vertex 170.004 66.5098 18
      vertex 167.025 68.7437 17.4
      vertex 166.58 68.4866 18
    endloop
  endfacet
  facet normal -0.401567 0.695532 0.595801
    outer loop
      vertex 170.5 66.7374 17.4
      vertex 170.996 66.5098 18
      vertex 173.975 68.7437 17.4
    endloop
  endfacet
  facet normal -0.401867 0.695242 0.595938
    outer loop
      vertex 170.996 66.5098 18
      vertex 170.5 66.7374 17.4
      vertex 170.5 66.2231 18
    endloop
  endfacet
  facet normal -0.803201 0 0.595708
    outer loop
      vertex 173.975 68.7437 17.4
      vertex 174.42 73.0134 18
      vertex 173.975 72.7563 17.4
    endloop
  endfacet
  facet normal -0.803201 0 0.595708
    outer loop
      vertex 174.42 73.0134 18
      vertex 173.975 68.7437 17.4
      vertex 174.42 68.4866 18
    endloop
  endfacet
  facet normal 0.401545 -0.695512 0.595839
    outer loop
      vertex 167.025 72.7563 17.4
      vertex 170.004 74.9902 18
      vertex 166.58 73.0134 18
    endloop
  endfacet
  facet normal 0.803201 0 0.595708
    outer loop
      vertex 166.58 73.0134 18
      vertex 167.025 68.7437 17.4
      vertex 167.025 72.7563 17.4
    endloop
  endfacet
  facet normal 0.803201 0 0.595708
    outer loop
      vertex 167.025 68.7437 17.4
      vertex 166.58 73.0134 18
      vertex 166.58 68.4866 18
    endloop
  endfacet
  facet normal 0.401867 0.695242 0.595938
    outer loop
      vertex 170.5 66.7374 17.4
      vertex 170.004 66.5098 18
      vertex 170.5 66.2231 18
    endloop
  endfacet
  facet normal 0.401567 0.695532 0.595801
    outer loop
      vertex 170.004 66.5098 18
      vertex 170.5 66.7374 17.4
      vertex 167.025 68.7437 17.4
    endloop
  endfacet
  facet normal 0.401567 -0.695532 0.595801
    outer loop
      vertex 170.5 74.7626 17.4
      vertex 170.004 74.9902 18
      vertex 167.025 72.7563 17.4
    endloop
  endfacet
  facet normal 0.401867 -0.695242 0.595938
    outer loop
      vertex 170.004 74.9902 18
      vertex 170.5 74.7626 17.4
      vertex 170.5 75.2769 18
    endloop
  endfacet
  facet normal -0.500001 -0.866025 0
    outer loop
      vertex 170.5 86.2626 5.95
      vertex 173.975 84.2563 17.4
      vertex 170.5 86.2626 17.4
    endloop
  endfacet
  facet normal -0.500001 -0.866025 -0
    outer loop
      vertex 173.975 84.2563 17.4
      vertex 170.5 86.2626 5.95
      vertex 173.975 84.2563 5.95
    endloop
  endfacet
  facet normal 0.500001 -0.866025 0
    outer loop
      vertex 167.025 84.2563 5.95
      vertex 170.5 86.2626 17.4
      vertex 167.025 84.2563 17.4
    endloop
  endfacet
  facet normal 0.500001 -0.866025 0
    outer loop
      vertex 170.5 86.2626 17.4
      vertex 167.025 84.2563 5.95
      vertex 170.5 86.2626 5.95
    endloop
  endfacet
  facet normal -1 0 0
    outer loop
      vertex 173.975 80.2437 5.95
      vertex 173.975 84.2563 17.4
      vertex 173.975 84.2563 5.95
    endloop
  endfacet
  facet normal -1 -0 0
    outer loop
      vertex 173.975 84.2563 17.4
      vertex 173.975 80.2437 5.95
      vertex 173.975 80.2437 17.4
    endloop
  endfacet
  facet normal 1 -0 0
    outer loop
      vertex 167.025 80.2437 17.4
      vertex 167.025 84.2563 5.95
      vertex 167.025 84.2563 17.4
    endloop
  endfacet
  facet normal 1 0 0
    outer loop
      vertex 167.025 84.2563 5.95
      vertex 167.025 80.2437 17.4
      vertex 167.025 80.2437 5.95
    endloop
  endfacet
  facet normal 0.500001 0.866025 -0
    outer loop
      vertex 170.5 78.2374 5.95
      vertex 167.025 80.2437 17.4
      vertex 170.5 78.2374 17.4
    endloop
  endfacet
  facet normal 0.500001 0.866025 0
    outer loop
      vertex 167.025 80.2437 17.4
      vertex 170.5 78.2374 5.95
      vertex 167.025 80.2437 5.95
    endloop
  endfacet
  facet normal 0 0 1
    outer loop
      vertex 170.5 86.2626 5.95
      vertex 173.975 80.2437 5.95
      vertex 173.975 84.2563 5.95
    endloop
  endfacet
  facet normal 0 0 1
    outer loop
      vertex 170.5 86.2626 5.95
      vertex 170.5 78.2374 5.95
      vertex 173.975 80.2437 5.95
    endloop
  endfacet
  facet normal -0 0 1
    outer loop
      vertex 167.025 84.2563 5.95
      vertex 170.5 78.2374 5.95
      vertex 170.5 86.2626 5.95
    endloop
  endfacet
  facet normal 0 0 1
    outer loop
      vertex 170.5 78.2374 5.95
      vertex 167.025 84.2563 5.95
      vertex 167.025 80.2437 5.95
    endloop
  endfacet
  facet normal -0.500001 0.866025 0
    outer loop
      vertex 173.975 80.2437 5.95
      vertex 170.5 78.2374 17.4
      vertex 173.975 80.2437 17.4
    endloop
  endfacet
  facet normal -0.500001 0.866025 0
    outer loop
      vertex 170.5 78.2374 17.4
      vertex 173.975 80.2437 5.95
      vertex 170.5 78.2374 5.95
    endloop
  endfacet
  facet normal -0.401545 -0.695512 0.595839
    outer loop
      vertex 173.975 84.2563 17.4
      vertex 174.42 84.5134 18
      vertex 170.996 86.4902 18
    endloop
  endfacet
  facet normal -0.401545 0.695512 0.595839
    outer loop
      vertex 174.42 79.9866 18
      vertex 173.975 80.2437 17.4
      vertex 170.996 78.0098 18
    endloop
  endfacet
  facet normal -0.401867 -0.695242 0.595938
    outer loop
      vertex 170.5 86.2626 17.4
      vertex 170.996 86.4902 18
      vertex 170.5 86.7769 18
    endloop
  endfacet
  facet normal -0.401567 -0.695532 0.595801
    outer loop
      vertex 170.996 86.4902 18
      vertex 170.5 86.2626 17.4
      vertex 173.975 84.2563 17.4
    endloop
  endfacet
  facet normal 0.401545 0.695512 0.595839
    outer loop
      vertex 170.004 78.0098 18
      vertex 167.025 80.2437 17.4
      vertex 166.58 79.9866 18
    endloop
  endfacet
  facet normal -0.401567 0.695532 0.595801
    outer loop
      vertex 170.5 78.2374 17.4
      vertex 170.996 78.0098 18
      vertex 173.975 80.2437 17.4
    endloop
  endfacet
  facet normal -0.401867 0.695242 0.595938
    outer loop
      vertex 170.996 78.0098 18
      vertex 170.5 78.2374 17.4
      vertex 170.5 77.7231 18
    endloop
  endfacet
  facet normal -0.803201 0 0.595708
    outer loop
      vertex 173.975 80.2437 17.4
      vertex 174.42 84.5134 18
      vertex 173.975 84.2563 17.4
    endloop
  endfacet
  facet normal -0.803201 0 0.595708
    outer loop
      vertex 174.42 84.5134 18
      vertex 173.975 80.2437 17.4
      vertex 174.42 79.9866 18
    endloop
  endfacet
  facet normal 0.401545 -0.695512 0.595839
    outer loop
      vertex 167.025 84.2563 17.4
      vertex 170.004 86.4902 18
      vertex 166.58 84.5134 18
    endloop
  endfacet
  facet normal 0.803201 0 0.595708
    outer loop
      vertex 166.58 84.5134 18
      vertex 167.025 80.2437 17.4
      vertex 167.025 84.2563 17.4
    endloop
  endfacet
  facet normal 0.803201 0 0.595708
    outer loop
      vertex 167.025 80.2437 17.4
      vertex 166.58 84.5134 18
      vertex 166.58 79.9866 18
    endloop
  endfacet
  facet normal 0.401867 0.695242 0.595938
    outer loop
      vertex 170.5 78.2374 17.4
      vertex 170.004 78.0098 18
      vertex 170.5 77.7231 18
    endloop
  endfacet
  facet normal 0.401567 0.695532 0.595801
    outer loop
      vertex 170.004 78.0098 18
      vertex 170.5 78.2374 17.4
      vertex 167.025 80.2437 17.4
    endloop
  endfacet
  facet normal 0.401567 -0.695532 0.595801
    outer loop
      vertex 170.5 86.2626 17.4
      vertex 170.004 86.4902 18
      vertex 167.025 84.2563 17.4
    endloop
  endfacet
  facet normal 0.401867 -0.695242 0.595938
    outer loop
      vertex 170.004 86.4902 18
      vertex 170.5 86.2626 17.4
      vertex 170.5 86.7769 18
    endloop
  endfacet
  facet normal -0.500001 -0.866025 0
    outer loop
      vertex 170.5 97.7626 5.95
      vertex 173.975 95.7563 17.4
      vertex 170.5 97.7626 17.4
    endloop
  endfacet
  facet normal -0.500001 -0.866025 -0
    outer loop
      vertex 173.975 95.7563 17.4
      vertex 170.5 97.7626 5.95
      vertex 173.975 95.7563 5.95
    endloop
  endfacet
  facet normal 0.500001 -0.866025 0
    outer loop
      vertex 167.025 95.7563 5.95
      vertex 170.5 97.7626 17.4
      vertex 167.025 95.7563 17.4
    endloop
  endfacet
  facet normal 0.500001 -0.866025 0
    outer loop
      vertex 170.5 97.7626 17.4
      vertex 167.025 95.7563 5.95
      vertex 170.5 97.7626 5.95
    endloop
  endfacet
  facet normal -1 0 0
    outer loop
      vertex 173.975 91.7437 5.95
      vertex 173.975 95.7563 17.4
      vertex 173.975 95.7563 5.95
    endloop
  endfacet
  facet normal -1 -0 0
    outer loop
      vertex 173.975 95.7563 17.4
      vertex 173.975 91.7437 5.95
      vertex 173.975 91.7437 17.4
    endloop
  endfacet
  facet normal 1 -0 0
    outer loop
      vertex 167.025 91.7437 17.4
      vertex 167.025 95.7563 5.95
      vertex 167.025 95.7563 17.4
    endloop
  endfacet
  facet normal 1 0 0
    outer loop
      vertex 167.025 95.7563 5.95
      vertex 167.025 91.7437 17.4
      vertex 167.025 91.7437 5.95
    endloop
  endfacet
  facet normal 0.500001 0.866025 -0
    outer loop
      vertex 170.5 89.7374 5.95
      vertex 167.025 91.7437 17.4
      vertex 170.5 89.7374 17.4
    endloop
  endfacet
  facet normal 0.500001 0.866025 0
    outer loop
      vertex 167.025 91.7437 17.4
      vertex 170.5 89.7374 5.95
      vertex 167.025 91.7437 5.95
    endloop
  endfacet
  facet normal 0 0 1
    outer loop
      vertex 170.5 97.7626 5.95
      vertex 173.975 91.7437 5.95
      vertex 173.975 95.7563 5.95
    endloop
  endfacet
  facet normal 0 0 1
    outer loop
      vertex 170.5 97.7626 5.95
      vertex 170.5 89.7374 5.95
      vertex 173.975 91.7437 5.95
    endloop
  endfacet
  facet normal -0 0 1
    outer loop
      vertex 167.025 95.7563 5.95
      vertex 170.5 89.7374 5.95
      vertex 170.5 97.7626 5.95
    endloop
  endfacet
  facet normal 0 0 1
    outer loop
      vertex 170.5 89.7374 5.95
      vertex 167.025 95.7563 5.95
      vertex 167.025 91.7437 5.95
    endloop
  endfacet
  facet normal -0.500001 0.866025 0
    outer loop
      vertex 173.975 91.7437 5.95
      vertex 170.5 89.7374 17.4
      vertex 173.975 91.7437 17.4
    endloop
  endfacet
  facet normal -0.500001 0.866025 0
    outer loop
      vertex 170.5 89.7374 17.4
      vertex 173.975 91.7437 5.95
      vertex 170.5 89.7374 5.95
    endloop
  endfacet
  facet normal -0.401545 -0.695512 0.595839
    outer loop
      vertex 173.975 95.7563 17.4
      vertex 174.42 96.0134 18
      vertex 170.996 97.9902 18
    endloop
  endfacet
  facet normal -0.401545 0.695512 0.595839
    outer loop
      vertex 174.42 91.4866 18
      vertex 173.975 91.7437 17.4
      vertex 170.996 89.5098 18
    endloop
  endfacet
  facet normal -0.401867 -0.695242 0.595938
    outer loop
      vertex 170.5 97.7626 17.4
      vertex 170.996 97.9902 18
      vertex 170.5 98.2769 18
    endloop
  endfacet
  facet normal -0.401567 -0.695532 0.595801
    outer loop
      vertex 170.996 97.9902 18
      vertex 170.5 97.7626 17.4
      vertex 173.975 95.7563 17.4
    endloop
  endfacet
  facet normal 0.401545 0.695512 0.595839
    outer loop
      vertex 170.004 89.5098 18
      vertex 167.025 91.7437 17.4
      vertex 166.58 91.4866 18
    endloop
  endfacet
  facet normal -0.401567 0.695532 0.595801
    outer loop
      vertex 170.5 89.7374 17.4
      vertex 170.996 89.5098 18
      vertex 173.975 91.7437 17.4
    endloop
  endfacet
  facet normal -0.401867 0.695242 0.595938
    outer loop
      vertex 170.996 89.5098 18
      vertex 170.5 89.7374 17.4
      vertex 170.5 89.2231 18
    endloop
  endfacet
  facet normal -0.803201 0 0.595708
    outer loop
      vertex 173.975 91.7437 17.4
      vertex 174.42 96.0134 18
      vertex 173.975 95.7563 17.4
    endloop
  endfacet
  facet normal -0.803201 0 0.595708
    outer loop
      vertex 174.42 96.0134 18
      vertex 173.975 91.7437 17.4
      vertex 174.42 91.4866 18
    endloop
  endfacet
  facet normal 0.401545 -0.695512 0.595839
    outer loop
      vertex 167.025 95.7563 17.4
      vertex 170.004 97.9902 18
      vertex 166.58 96.0134 18
    endloop
  endfacet
  facet normal 0.803201 0 0.595708
    outer loop
      vertex 166.58 96.0134 18
      vertex 167.025 91.7437 17.4
      vertex 167.025 95.7563 17.4
    endloop
  endfacet
  facet normal 0.803201 0 0.595708
    outer loop
      vertex 167.025 91.7437 17.4
      vertex 166.58 96.0134 18
      vertex 166.58 91.4866 18
    endloop
  endfacet
  facet normal 0.401867 0.695242 0.595938
    outer loop
      vertex 170.5 89.7374 17.4
      vertex 170.004 89.5098 18
      vertex 170.5 89.2231 18
    endloop
  endfacet
  facet normal 0.401567 0.695532 0.595801
    outer loop
      vertex 170.004 89.5098 18
      vertex 170.5 89.7374 17.4
      vertex 167.025 91.7437 17.4
    endloop
  endfacet
  facet normal 0.401567 -0.695532 0.595801
    outer loop
      vertex 170.5 97.7626 17.4
      vertex 170.004 97.9902 18
      vertex 167.025 95.7563 17.4
    endloop
  endfacet
  facet normal 0.401867 -0.695242 0.595938
    outer loop
      vertex 170.004 97.9902 18
      vertex 170.5 97.7626 17.4
      vertex 170.5 98.2769 18
    endloop
  endfacet
  facet normal -0.500132 -0.865949 0
    outer loop
      vertex 170.5 109.263 5.95
      vertex 173.975 107.256 17.4
      vertex 170.5 109.263 17.4
    endloop
  endfacet
  facet normal -0.500132 -0.865949 -0
    outer loop
      vertex 173.975 107.256 17.4
      vertex 170.5 109.263 5.95
      vertex 173.975 107.256 5.95
    endloop
  endfacet
  facet normal 0.500132 -0.865949 0
    outer loop
      vertex 167.025 107.256 5.95
      vertex 170.5 109.263 17.4
      vertex 167.025 107.256 17.4
    endloop
  endfacet
  facet normal 0.500132 -0.865949 0
    outer loop
      vertex 170.5 109.263 17.4
      vertex 167.025 107.256 5.95
      vertex 170.5 109.263 5.95
    endloop
  endfacet
  facet normal -1 0 0
    outer loop
      vertex 173.975 103.244 5.95
      vertex 173.975 107.256 17.4
      vertex 173.975 107.256 5.95
    endloop
  endfacet
  facet normal -1 -0 0
    outer loop
      vertex 173.975 107.256 17.4
      vertex 173.975 103.244 5.95
      vertex 173.975 103.244 17.4
    endloop
  endfacet
  facet normal 1 -0 0
    outer loop
      vertex 167.025 103.244 17.4
      vertex 167.025 107.256 5.95
      vertex 167.025 107.256 17.4
    endloop
  endfacet
  facet normal 1 0 0
    outer loop
      vertex 167.025 107.256 5.95
      vertex 167.025 103.244 17.4
      vertex 167.025 103.244 5.95
    endloop
  endfacet
  facet normal 0.500132 0.865949 -0
    outer loop
      vertex 170.5 101.237 5.95
      vertex 167.025 103.244 17.4
      vertex 170.5 101.237 17.4
    endloop
  endfacet
  facet normal 0.500132 0.865949 0
    outer loop
      vertex 167.025 103.244 17.4
      vertex 170.5 101.237 5.95
      vertex 167.025 103.244 5.95
    endloop
  endfacet
  facet normal 0 0 1
    outer loop
      vertex 170.5 109.263 5.95
      vertex 173.975 103.244 5.95
      vertex 173.975 107.256 5.95
    endloop
  endfacet
  facet normal 0 0 1
    outer loop
      vertex 170.5 109.263 5.95
      vertex 170.5 101.237 5.95
      vertex 173.975 103.244 5.95
    endloop
  endfacet
  facet normal -0 0 1
    outer loop
      vertex 167.025 107.256 5.95
      vertex 170.5 101.237 5.95
      vertex 170.5 109.263 5.95
    endloop
  endfacet
  facet normal 0 0 1
    outer loop
      vertex 170.5 101.237 5.95
      vertex 167.025 107.256 5.95
      vertex 167.025 103.244 5.95
    endloop
  endfacet
  facet normal -0.500132 0.865949 0
    outer loop
      vertex 173.975 103.244 5.95
      vertex 170.5 101.237 17.4
      vertex 173.975 103.244 17.4
    endloop
  endfacet
  facet normal -0.500132 0.865949 0
    outer loop
      vertex 170.5 101.237 17.4
      vertex 173.975 103.244 5.95
      vertex 170.5 101.237 5.95
    endloop
  endfacet
  facet normal -0.401599 -0.695537 0.595774
    outer loop
      vertex 173.975 107.256 17.4
      vertex 174.42 107.513 18
      vertex 170.996 109.49 18
    endloop
  endfacet
  facet normal -0.401599 0.695537 0.595774
    outer loop
      vertex 174.42 102.987 18
      vertex 173.975 103.244 17.4
      vertex 170.996 101.01 18
    endloop
  endfacet
  facet normal -0.402302 -0.695268 0.595613
    outer loop
      vertex 170.5 109.263 17.4
      vertex 170.996 109.49 18
      vertex 170.5 109.777 18
    endloop
  endfacet
  facet normal -0.401824 -0.695733 0.595393
    outer loop
      vertex 170.996 109.49 18
      vertex 170.5 109.263 17.4
      vertex 173.975 107.256 17.4
    endloop
  endfacet
  facet normal 0.401599 0.695537 0.595774
    outer loop
      vertex 170.004 101.01 18
      vertex 167.025 103.244 17.4
      vertex 166.58 102.987 18
    endloop
  endfacet
  facet normal -0.401824 0.695733 0.595393
    outer loop
      vertex 170.5 101.237 17.4
      vertex 170.996 101.01 18
      vertex 173.975 103.244 17.4
    endloop
  endfacet
  facet normal -0.402302 0.695268 0.595613
    outer loop
      vertex 170.996 101.01 18
      vertex 170.5 101.237 17.4
      vertex 170.5 100.723 18
    endloop
  endfacet
  facet normal -0.803201 0 0.595708
    outer loop
      vertex 173.975 103.244 17.4
      vertex 174.42 107.513 18
      vertex 173.975 107.256 17.4
    endloop
  endfacet
  facet normal -0.803201 0 0.595708
    outer loop
      vertex 174.42 107.513 18
      vertex 173.975 103.244 17.4
      vertex 174.42 102.987 18
    endloop
  endfacet
  facet normal 0.401599 -0.695537 0.595774
    outer loop
      vertex 167.025 107.256 17.4
      vertex 170.004 109.49 18
      vertex 166.58 107.513 18
    endloop
  endfacet
  facet normal 0.803201 0 0.595708
    outer loop
      vertex 166.58 107.513 18
      vertex 167.025 103.244 17.4
      vertex 167.025 107.256 17.4
    endloop
  endfacet
  facet normal 0.803201 0 0.595708
    outer loop
      vertex 167.025 103.244 17.4
      vertex 166.58 107.513 18
      vertex 166.58 102.987 18
    endloop
  endfacet
  facet normal 0.402302 0.695268 0.595613
    outer loop
      vertex 170.5 101.237 17.4
      vertex 170.004 101.01 18
      vertex 170.5 100.723 18
    endloop
  endfacet
  facet normal 0.401824 0.695733 0.595393
    outer loop
      vertex 170.004 101.01 18
      vertex 170.5 101.237 17.4
      vertex 167.025 103.244 17.4
    endloop
  endfacet
  facet normal 0.401824 -0.695733 0.595393
    outer loop
      vertex 170.5 109.263 17.4
      vertex 170.004 109.49 18
      vertex 167.025 107.256 17.4
    endloop
  endfacet
  facet normal 0.402302 -0.695268 0.595613
    outer loop
      vertex 170.004 109.49 18
      vertex 170.5 109.263 17.4
      vertex 170.5 109.777 18
    endloop
  endfacet
  facet normal -0.500132 -0.865949 0
    outer loop
      vertex 170.5 120.763 5.95
      vertex 173.975 118.756 17.4
      vertex 170.5 120.763 17.4
    endloop
  endfacet
  facet normal -0.500132 -0.865949 -0
    outer loop
      vertex 173.975 118.756 17.4
      vertex 170.5 120.763 5.95
      vertex 173.975 118.756 5.95
    endloop
  endfacet
  facet normal 0.500132 -0.865949 0
    outer loop
      vertex 167.025 118.756 5.95
      vertex 170.5 120.763 17.4
      vertex 167.025 118.756 17.4
    endloop
  endfacet
  facet normal 0.500132 -0.865949 0
    outer loop
      vertex 170.5 120.763 17.4
      vertex 167.025 118.756 5.95
      vertex 170.5 120.763 5.95
    endloop
  endfacet
  facet normal -1 0 0
    outer loop
      vertex 173.975 114.744 5.95
      vertex 173.975 118.756 17.4
      vertex 173.975 118.756 5.95
    endloop
  endfacet
  facet normal -1 -0 0
    outer loop
      vertex 173.975 118.756 17.4
      vertex 173.975 114.744 5.95
      vertex 173.975 114.744 17.4
    endloop
  endfacet
  facet normal 1 -0 0
    outer loop
      vertex 167.025 114.744 17.4
      vertex 167.025 118.756 5.95
      vertex 167.025 118.756 17.4
    endloop
  endfacet
  facet normal 1 0 0
    outer loop
      vertex 167.025 118.756 5.95
      vertex 167.025 114.744 17.4
      vertex 167.025 114.744 5.95
    endloop
  endfacet
  facet normal 0.500132 0.865949 -0
    outer loop
      vertex 170.5 112.737 5.95
      vertex 167.025 114.744 17.4
      vertex 170.5 112.737 17.4
    endloop
  endfacet
  facet normal 0.500132 0.865949 0
    outer loop
      vertex 167.025 114.744 17.4
      vertex 170.5 112.737 5.95
      vertex 167.025 114.744 5.95
    endloop
  endfacet
  facet normal 0 0 1
    outer loop
      vertex 170.5 120.763 5.95
      vertex 173.975 114.744 5.95
      vertex 173.975 118.756 5.95
    endloop
  endfacet
  facet normal 0 0 1
    outer loop
      vertex 170.5 120.763 5.95
      vertex 170.5 112.737 5.95
      vertex 173.975 114.744 5.95
    endloop
  endfacet
  facet normal -0 0 1
    outer loop
      vertex 167.025 118.756 5.95
      vertex 170.5 112.737 5.95
      vertex 170.5 120.763 5.95
    endloop
  endfacet
  facet normal 0 0 1
    outer loop
      vertex 170.5 112.737 5.95
      vertex 167.025 118.756 5.95
      vertex 167.025 114.744 5.95
    endloop
  endfacet
  facet normal -0.500132 0.865949 0
    outer loop
      vertex 173.975 114.744 5.95
      vertex 170.5 112.737 17.4
      vertex 173.975 114.744 17.4
    endloop
  endfacet
  facet normal -0.500132 0.865949 0
    outer loop
      vertex 170.5 112.737 17.4
      vertex 173.975 114.744 5.95
      vertex 170.5 112.737 5.95
    endloop
  endfacet
  facet normal -0.401599 -0.695537 0.595774
    outer loop
      vertex 173.975 118.756 17.4
      vertex 174.42 119.013 18
      vertex 170.996 120.99 18
    endloop
  endfacet
  facet normal -0.401599 0.695537 0.595774
    outer loop
      vertex 174.42 114.487 18
      vertex 173.975 114.744 17.4
      vertex 170.996 112.51 18
    endloop
  endfacet
  facet normal -0.402302 -0.695268 0.595613
    outer loop
      vertex 170.5 120.763 17.4
      vertex 170.996 120.99 18
      vertex 170.5 121.277 18
    endloop
  endfacet
  facet normal -0.401824 -0.695733 0.595393
    outer loop
      vertex 170.996 120.99 18
      vertex 170.5 120.763 17.4
      vertex 173.975 118.756 17.4
    endloop
  endfacet
  facet normal 0.401599 0.695537 0.595774
    outer loop
      vertex 170.004 112.51 18
      vertex 167.025 114.744 17.4
      vertex 166.58 114.487 18
    endloop
  endfacet
  facet normal -0.401824 0.695733 0.595393
    outer loop
      vertex 170.5 112.737 17.4
      vertex 170.996 112.51 18
      vertex 173.975 114.744 17.4
    endloop
  endfacet
  facet normal -0.402302 0.695268 0.595613
    outer loop
      vertex 170.996 112.51 18
      vertex 170.5 112.737 17.4
      vertex 170.5 112.223 18
    endloop
  endfacet
  facet normal -0.803201 0 0.595708
    outer loop
      vertex 173.975 114.744 17.4
      vertex 174.42 119.013 18
      vertex 173.975 118.756 17.4
    endloop
  endfacet
  facet normal -0.803201 0 0.595708
    outer loop
      vertex 174.42 119.013 18
      vertex 173.975 114.744 17.4
      vertex 174.42 114.487 18
    endloop
  endfacet
  facet normal 0.401599 -0.695537 0.595774
    outer loop
      vertex 167.025 118.756 17.4
      vertex 170.004 120.99 18
      vertex 166.58 119.013 18
    endloop
  endfacet
  facet normal 0.803201 0 0.595708
    outer loop
      vertex 166.58 119.013 18
      vertex 167.025 114.744 17.4
      vertex 167.025 118.756 17.4
    endloop
  endfacet
  facet normal 0.803201 0 0.595708
    outer loop
      vertex 167.025 114.744 17.4
      vertex 166.58 119.013 18
      vertex 166.58 114.487 18
    endloop
  endfacet
  facet normal 0.402302 0.695268 0.595613
    outer loop
      vertex 170.5 112.737 17.4
      vertex 170.004 112.51 18
      vertex 170.5 112.223 18
    endloop
  endfacet
  facet normal 0.401824 0.695733 0.595393
    outer loop
      vertex 170.004 112.51 18
      vertex 170.5 112.737 17.4
      vertex 167.025 114.744 17.4
    endloop
  endfacet
  facet normal 0.401824 -0.695733 0.595393
    outer loop
      vertex 170.5 120.763 17.4
      vertex 170.004 120.99 18
      vertex 167.025 118.756 17.4
    endloop
  endfacet
  facet normal 0.402302 -0.695268 0.595613
    outer loop
      vertex 170.004 120.99 18
      vertex 170.5 120.763 17.4
      vertex 170.5 121.277 18
    endloop
  endfacet
  facet normal -0.500001 -0.866025 0
    outer loop
      vertex 182 74.7626 5.95
      vertex 185.475 72.7563 17.4
      vertex 182 74.7626 17.4
    endloop
  endfacet
  facet normal -0.500001 -0.866025 -0
    outer loop
      vertex 185.475 72.7563 17.4
      vertex 182 74.7626 5.95
      vertex 185.475 72.7563 5.95
    endloop
  endfacet
  facet normal 0.500001 -0.866025 0
    outer loop
      vertex 178.525 72.7563 5.95
      vertex 182 74.7626 17.4
      vertex 178.525 72.7563 17.4
    endloop
  endfacet
  facet normal 0.500001 -0.866025 0
    outer loop
      vertex 182 74.7626 17.4
      vertex 178.525 72.7563 5.95
      vertex 182 74.7626 5.95
    endloop
  endfacet
  facet normal -1 0 0
    outer loop
      vertex 185.475 68.7437 5.95
      vertex 185.475 72.7563 17.4
      vertex 185.475 72.7563 5.95
    endloop
  endfacet
  facet normal -1 -0 0
    outer loop
      vertex 185.475 72.7563 17.4
      vertex 185.475 68.7437 5.95
      vertex 185.475 68.7437 17.4
    endloop
  endfacet
  facet normal 1 -0 0
    outer loop
      vertex 178.525 68.7437 17.4
      vertex 178.525 72.7563 5.95
      vertex 178.525 72.7563 17.4
    endloop
  endfacet
  facet normal 1 0 0
    outer loop
      vertex 178.525 72.7563 5.95
      vertex 178.525 68.7437 17.4
      vertex 178.525 68.7437 5.95
    endloop
  endfacet
  facet normal 0.500001 0.866025 -0
    outer loop
      vertex 182 66.7374 5.95
      vertex 178.525 68.7437 17.4
      vertex 182 66.7374 17.4
    endloop
  endfacet
  facet normal 0.500001 0.866025 0
    outer loop
      vertex 178.525 68.7437 17.4
      vertex 182 66.7374 5.95
      vertex 178.525 68.7437 5.95
    endloop
  endfacet
  facet normal 0 0 1
    outer loop
      vertex 182 74.7626 5.95
      vertex 185.475 68.7437 5.95
      vertex 185.475 72.7563 5.95
    endloop
  endfacet
  facet normal 0 0 1
    outer loop
      vertex 182 74.7626 5.95
      vertex 182 66.7374 5.95
      vertex 185.475 68.7437 5.95
    endloop
  endfacet
  facet normal -0 0 1
    outer loop
      vertex 178.525 72.7563 5.95
      vertex 182 66.7374 5.95
      vertex 182 74.7626 5.95
    endloop
  endfacet
  facet normal 0 0 1
    outer loop
      vertex 182 66.7374 5.95
      vertex 178.525 72.7563 5.95
      vertex 178.525 68.7437 5.95
    endloop
  endfacet
  facet normal -0.500001 0.866025 0
    outer loop
      vertex 185.475 68.7437 5.95
      vertex 182 66.7374 17.4
      vertex 185.475 68.7437 17.4
    endloop
  endfacet
  facet normal -0.500001 0.866025 0
    outer loop
      vertex 182 66.7374 17.4
      vertex 185.475 68.7437 5.95
      vertex 182 66.7374 5.95
    endloop
  endfacet
  facet normal -0.401545 -0.695512 0.595839
    outer loop
      vertex 185.475 72.7563 17.4
      vertex 185.92 73.0134 18
      vertex 182.496 74.9902 18
    endloop
  endfacet
  facet normal -0.401545 0.695512 0.595839
    outer loop
      vertex 185.92 68.4866 18
      vertex 185.475 68.7437 17.4
      vertex 182.496 66.5098 18
    endloop
  endfacet
  facet normal -0.401867 -0.695242 0.595938
    outer loop
      vertex 182 74.7626 17.4
      vertex 182.496 74.9902 18
      vertex 182 75.2769 18
    endloop
  endfacet
  facet normal -0.401567 -0.695532 0.595801
    outer loop
      vertex 182.496 74.9902 18
      vertex 182 74.7626 17.4
      vertex 185.475 72.7563 17.4
    endloop
  endfacet
  facet normal 0.401545 0.695512 0.595839
    outer loop
      vertex 181.504 66.5098 18
      vertex 178.525 68.7437 17.4
      vertex 178.08 68.4866 18
    endloop
  endfacet
  facet normal -0.401567 0.695532 0.595801
    outer loop
      vertex 182 66.7374 17.4
      vertex 182.496 66.5098 18
      vertex 185.475 68.7437 17.4
    endloop
  endfacet
  facet normal -0.401867 0.695242 0.595938
    outer loop
      vertex 182.496 66.5098 18
      vertex 182 66.7374 17.4
      vertex 182 66.2231 18
    endloop
  endfacet
  facet normal -0.803201 0 0.595708
    outer loop
      vertex 185.475 68.7437 17.4
      vertex 185.92 73.0134 18
      vertex 185.475 72.7563 17.4
    endloop
  endfacet
  facet normal -0.803201 0 0.595708
    outer loop
      vertex 185.92 73.0134 18
      vertex 185.475 68.7437 17.4
      vertex 185.92 68.4866 18
    endloop
  endfacet
  facet normal 0.401545 -0.695512 0.595839
    outer loop
      vertex 178.525 72.7563 17.4
      vertex 181.504 74.9902 18
      vertex 178.08 73.0134 18
    endloop
  endfacet
  facet normal 0.803201 0 0.595708
    outer loop
      vertex 178.08 73.0134 18
      vertex 178.525 68.7437 17.4
      vertex 178.525 72.7563 17.4
    endloop
  endfacet
  facet normal 0.803201 0 0.595708
    outer loop
      vertex 178.525 68.7437 17.4
      vertex 178.08 73.0134 18
      vertex 178.08 68.4866 18
    endloop
  endfacet
  facet normal 0.401867 0.695242 0.595938
    outer loop
      vertex 182 66.7374 17.4
      vertex 181.504 66.5098 18
      vertex 182 66.2231 18
    endloop
  endfacet
  facet normal 0.401567 0.695532 0.595801
    outer loop
      vertex 181.504 66.5098 18
      vertex 182 66.7374 17.4
      vertex 178.525 68.7437 17.4
    endloop
  endfacet
  facet normal 0.401567 -0.695532 0.595801
    outer loop
      vertex 182 74.7626 17.4
      vertex 181.504 74.9902 18
      vertex 178.525 72.7563 17.4
    endloop
  endfacet
  facet normal 0.401867 -0.695242 0.595938
    outer loop
      vertex 181.504 74.9902 18
      vertex 182 74.7626 17.4
      vertex 182 75.2769 18
    endloop
  endfacet
  facet normal -0.500001 -0.866025 0
    outer loop
      vertex 182 86.2626 5.95
      vertex 185.475 84.2563 17.4
      vertex 182 86.2626 17.4
    endloop
  endfacet
  facet normal -0.500001 -0.866025 -0
    outer loop
      vertex 185.475 84.2563 17.4
      vertex 182 86.2626 5.95
      vertex 185.475 84.2563 5.95
    endloop
  endfacet
  facet normal 0.500001 -0.866025 0
    outer loop
      vertex 178.525 84.2563 5.95
      vertex 182 86.2626 17.4
      vertex 178.525 84.2563 17.4
    endloop
  endfacet
  facet normal 0.500001 -0.866025 0
    outer loop
      vertex 182 86.2626 17.4
      vertex 178.525 84.2563 5.95
      vertex 182 86.2626 5.95
    endloop
  endfacet
  facet normal -1 0 0
    outer loop
      vertex 185.475 80.2437 5.95
      vertex 185.475 84.2563 17.4
      vertex 185.475 84.2563 5.95
    endloop
  endfacet
  facet normal -1 -0 0
    outer loop
      vertex 185.475 84.2563 17.4
      vertex 185.475 80.2437 5.95
      vertex 185.475 80.2437 17.4
    endloop
  endfacet
  facet normal 1 -0 0
    outer loop
      vertex 178.525 80.2437 17.4
      vertex 178.525 84.2563 5.95
      vertex 178.525 84.2563 17.4
    endloop
  endfacet
  facet normal 1 0 0
    outer loop
      vertex 178.525 84.2563 5.95
      vertex 178.525 80.2437 17.4
      vertex 178.525 80.2437 5.95
    endloop
  endfacet
  facet normal 0.500001 0.866025 -0
    outer loop
      vertex 182 78.2374 5.95
      vertex 178.525 80.2437 17.4
      vertex 182 78.2374 17.4
    endloop
  endfacet
  facet normal 0.500001 0.866025 0
    outer loop
      vertex 178.525 80.2437 17.4
      vertex 182 78.2374 5.95
      vertex 178.525 80.2437 5.95
    endloop
  endfacet
  facet normal 0 0 1
    outer loop
      vertex 182 86.2626 5.95
      vertex 185.475 80.2437 5.95
      vertex 185.475 84.2563 5.95
    endloop
  endfacet
  facet normal 0 0 1
    outer loop
      vertex 182 86.2626 5.95
      vertex 182 78.2374 5.95
      vertex 185.475 80.2437 5.95
    endloop
  endfacet
  facet normal -0 0 1
    outer loop
      vertex 178.525 84.2563 5.95
      vertex 182 78.2374 5.95
      vertex 182 86.2626 5.95
    endloop
  endfacet
  facet normal 0 0 1
    outer loop
      vertex 182 78.2374 5.95
      vertex 178.525 84.2563 5.95
      vertex 178.525 80.2437 5.95
    endloop
  endfacet
  facet normal -0.500001 0.866025 0
    outer loop
      vertex 185.475 80.2437 5.95
      vertex 182 78.2374 17.4
      vertex 185.475 80.2437 17.4
    endloop
  endfacet
  facet normal -0.500001 0.866025 0
    outer loop
      vertex 182 78.2374 17.4
      vertex 185.475 80.2437 5.95
      vertex 182 78.2374 5.95
    endloop
  endfacet
  facet normal -0.401545 -0.695512 0.595839
    outer loop
      vertex 185.475 84.2563 17.4
      vertex 185.92 84.5134 18
      vertex 182.496 86.4902 18
    endloop
  endfacet
  facet normal -0.401545 0.695512 0.595839
    outer loop
      vertex 185.92 79.9866 18
      vertex 185.475 80.2437 17.4
      vertex 182.496 78.0098 18
    endloop
  endfacet
  facet normal -0.401867 -0.695242 0.595938
    outer loop
      vertex 182 86.2626 17.4
      vertex 182.496 86.4902 18
      vertex 182 86.7769 18
    endloop
  endfacet
  facet normal -0.401567 -0.695532 0.595801
    outer loop
      vertex 182.496 86.4902 18
      vertex 182 86.2626 17.4
      vertex 185.475 84.2563 17.4
    endloop
  endfacet
  facet normal 0.401545 0.695512 0.595839
    outer loop
      vertex 181.504 78.0098 18
      vertex 178.525 80.2437 17.4
      vertex 178.08 79.9866 18
    endloop
  endfacet
  facet normal -0.401567 0.695532 0.595801
    outer loop
      vertex 182 78.2374 17.4
      vertex 182.496 78.0098 18
      vertex 185.475 80.2437 17.4
    endloop
  endfacet
  facet normal -0.401867 0.695242 0.595938
    outer loop
      vertex 182.496 78.0098 18
      vertex 182 78.2374 17.4
      vertex 182 77.7231 18
    endloop
  endfacet
  facet normal -0.803201 0 0.595708
    outer loop
      vertex 185.475 80.2437 17.4
      vertex 185.92 84.5134 18
      vertex 185.475 84.2563 17.4
    endloop
  endfacet
  facet normal -0.803201 0 0.595708
    outer loop
      vertex 185.92 84.5134 18
      vertex 185.475 80.2437 17.4
      vertex 185.92 79.9866 18
    endloop
  endfacet
  facet normal 0.401545 -0.695512 0.595839
    outer loop
      vertex 178.525 84.2563 17.4
      vertex 181.504 86.4902 18
      vertex 178.08 84.5134 18
    endloop
  endfacet
  facet normal 0.803201 0 0.595708
    outer loop
      vertex 178.08 84.5134 18
      vertex 178.525 80.2437 17.4
      vertex 178.525 84.2563 17.4
    endloop
  endfacet
  facet normal 0.803201 0 0.595708
    outer loop
      vertex 178.525 80.2437 17.4
      vertex 178.08 84.5134 18
      vertex 178.08 79.9866 18
    endloop
  endfacet
  facet normal 0.401867 0.695242 0.595938
    outer loop
      vertex 182 78.2374 17.4
      vertex 181.504 78.0098 18
      vertex 182 77.7231 18
    endloop
  endfacet
  facet normal 0.401567 0.695532 0.595801
    outer loop
      vertex 181.504 78.0098 18
      vertex 182 78.2374 17.4
      vertex 178.525 80.2437 17.4
    endloop
  endfacet
  facet normal 0.401567 -0.695532 0.595801
    outer loop
      vertex 182 86.2626 17.4
      vertex 181.504 86.4902 18
      vertex 178.525 84.2563 17.4
    endloop
  endfacet
  facet normal 0.401867 -0.695242 0.595938
    outer loop
      vertex 181.504 86.4902 18
      vertex 182 86.2626 17.4
      vertex 182 86.7769 18
    endloop
  endfacet
  facet normal -0.500001 -0.866025 0
    outer loop
      vertex 182 97.7626 5.95
      vertex 185.475 95.7563 17.4
      vertex 182 97.7626 17.4
    endloop
  endfacet
  facet normal -0.500001 -0.866025 -0
    outer loop
      vertex 185.475 95.7563 17.4
      vertex 182 97.7626 5.95
      vertex 185.475 95.7563 5.95
    endloop
  endfacet
  facet normal 0.500001 -0.866025 0
    outer loop
      vertex 178.525 95.7563 5.95
      vertex 182 97.7626 17.4
      vertex 178.525 95.7563 17.4
    endloop
  endfacet
  facet normal 0.500001 -0.866025 0
    outer loop
      vertex 182 97.7626 17.4
      vertex 178.525 95.7563 5.95
      vertex 182 97.7626 5.95
    endloop
  endfacet
  facet normal -1 0 0
    outer loop
      vertex 185.475 91.7437 5.95
      vertex 185.475 95.7563 17.4
      vertex 185.475 95.7563 5.95
    endloop
  endfacet
  facet normal -1 -0 0
    outer loop
      vertex 185.475 95.7563 17.4
      vertex 185.475 91.7437 5.95
      vertex 185.475 91.7437 17.4
    endloop
  endfacet
  facet normal 1 -0 0
    outer loop
      vertex 178.525 91.7437 17.4
      vertex 178.525 95.7563 5.95
      vertex 178.525 95.7563 17.4
    endloop
  endfacet
  facet normal 1 0 0
    outer loop
      vertex 178.525 95.7563 5.95
      vertex 178.525 91.7437 17.4
      vertex 178.525 91.7437 5.95
    endloop
  endfacet
  facet normal 0.500001 0.866025 -0
    outer loop
      vertex 182 89.7374 5.95
      vertex 178.525 91.7437 17.4
      vertex 182 89.7374 17.4
    endloop
  endfacet
  facet normal 0.500001 0.866025 0
    outer loop
      vertex 178.525 91.7437 17.4
      vertex 182 89.7374 5.95
      vertex 178.525 91.7437 5.95
    endloop
  endfacet
  facet normal 0 0 1
    outer loop
      vertex 182 97.7626 5.95
      vertex 185.475 91.7437 5.95
      vertex 185.475 95.7563 5.95
    endloop
  endfacet
  facet normal 0 0 1
    outer loop
      vertex 182 97.7626 5.95
      vertex 182 89.7374 5.95
      vertex 185.475 91.7437 5.95
    endloop
  endfacet
  facet normal -0 0 1
    outer loop
      vertex 178.525 95.7563 5.95
      vertex 182 89.7374 5.95
      vertex 182 97.7626 5.95
    endloop
  endfacet
  facet normal 0 0 1
    outer loop
      vertex 182 89.7374 5.95
      vertex 178.525 95.7563 5.95
      vertex 178.525 91.7437 5.95
    endloop
  endfacet
  facet normal -0.500001 0.866025 0
    outer loop
      vertex 185.475 91.7437 5.95
      vertex 182 89.7374 17.4
      vertex 185.475 91.7437 17.4
    endloop
  endfacet
  facet normal -0.500001 0.866025 0
    outer loop
      vertex 182 89.7374 17.4
      vertex 185.475 91.7437 5.95
      vertex 182 89.7374 5.95
    endloop
  endfacet
  facet normal -0.401545 -0.695512 0.595839
    outer loop
      vertex 185.475 95.7563 17.4
      vertex 185.92 96.0134 18
      vertex 182.496 97.9902 18
    endloop
  endfacet
  facet normal -0.401545 0.695512 0.595839
    outer loop
      vertex 185.92 91.4866 18
      vertex 185.475 91.7437 17.4
      vertex 182.496 89.5098 18
    endloop
  endfacet
  facet normal -0.401867 -0.695242 0.595938
    outer loop
      vertex 182 97.7626 17.4
      vertex 182.496 97.9902 18
      vertex 182 98.2769 18
    endloop
  endfacet
  facet normal -0.401567 -0.695532 0.595801
    outer loop
      vertex 182.496 97.9902 18
      vertex 182 97.7626 17.4
      vertex 185.475 95.7563 17.4
    endloop
  endfacet
  facet normal 0.401545 0.695512 0.595839
    outer loop
      vertex 181.504 89.5098 18
      vertex 178.525 91.7437 17.4
      vertex 178.08 91.4866 18
    endloop
  endfacet
  facet normal -0.401567 0.695532 0.595801
    outer loop
      vertex 182 89.7374 17.4
      vertex 182.496 89.5098 18
      vertex 185.475 91.7437 17.4
    endloop
  endfacet
  facet normal -0.401867 0.695242 0.595938
    outer loop
      vertex 182.496 89.5098 18
      vertex 182 89.7374 17.4
      vertex 182 89.2231 18
    endloop
  endfacet
  facet normal -0.803201 0 0.595708
    outer loop
      vertex 185.475 91.7437 17.4
      vertex 185.92 96.0134 18
      vertex 185.475 95.7563 17.4
    endloop
  endfacet
  facet normal -0.803201 0 0.595708
    outer loop
      vertex 185.92 96.0134 18
      vertex 185.475 91.7437 17.4
      vertex 185.92 91.4866 18
    endloop
  endfacet
  facet normal 0.401545 -0.695512 0.595839
    outer loop
      vertex 178.525 95.7563 17.4
      vertex 181.504 97.9902 18
      vertex 178.08 96.0134 18
    endloop
  endfacet
  facet normal 0.803201 0 0.595708
    outer loop
      vertex 178.08 96.0134 18
      vertex 178.525 91.7437 17.4
      vertex 178.525 95.7563 17.4
    endloop
  endfacet
  facet normal 0.803201 0 0.595708
    outer loop
      vertex 178.525 91.7437 17.4
      vertex 178.08 96.0134 18
      vertex 178.08 91.4866 18
    endloop
  endfacet
  facet normal 0.401867 0.695242 0.595938
    outer loop
      vertex 182 89.7374 17.4
      vertex 181.504 89.5098 18
      vertex 182 89.2231 18
    endloop
  endfacet
  facet normal 0.401567 0.695532 0.595801
    outer loop
      vertex 181.504 89.5098 18
      vertex 182 89.7374 17.4
      vertex 178.525 91.7437 17.4
    endloop
  endfacet
  facet normal 0.401567 -0.695532 0.595801
    outer loop
      vertex 182 97.7626 17.4
      vertex 181.504 97.9902 18
      vertex 178.525 95.7563 17.4
    endloop
  endfacet
  facet normal 0.401867 -0.695242 0.595938
    outer loop
      vertex 181.504 97.9902 18
      vertex 182 97.7626 17.4
      vertex 182 98.2769 18
    endloop
  endfacet
  facet normal -0.500132 -0.865949 0
    outer loop
      vertex 182 109.263 5.95
      vertex 185.475 107.256 17.4
      vertex 182 109.263 17.4
    endloop
  endfacet
  facet normal -0.500132 -0.865949 -0
    outer loop
      vertex 185.475 107.256 17.4
      vertex 182 109.263 5.95
      vertex 185.475 107.256 5.95
    endloop
  endfacet
  facet normal 0.500132 -0.865949 0
    outer loop
      vertex 178.525 107.256 5.95
      vertex 182 109.263 17.4
      vertex 178.525 107.256 17.4
    endloop
  endfacet
  facet normal 0.500132 -0.865949 0
    outer loop
      vertex 182 109.263 17.4
      vertex 178.525 107.256 5.95
      vertex 182 109.263 5.95
    endloop
  endfacet
  facet normal -1 0 0
    outer loop
      vertex 185.475 103.244 5.95
      vertex 185.475 107.256 17.4
      vertex 185.475 107.256 5.95
    endloop
  endfacet
  facet normal -1 -0 0
    outer loop
      vertex 185.475 107.256 17.4
      vertex 185.475 103.244 5.95
      vertex 185.475 103.244 17.4
    endloop
  endfacet
  facet normal 1 -0 0
    outer loop
      vertex 178.525 103.244 17.4
      vertex 178.525 107.256 5.95
      vertex 178.525 107.256 17.4
    endloop
  endfacet
  facet normal 1 0 0
    outer loop
      vertex 178.525 107.256 5.95
      vertex 178.525 103.244 17.4
      vertex 178.525 103.244 5.95
    endloop
  endfacet
  facet normal 0.500132 0.865949 -0
    outer loop
      vertex 182 101.237 5.95
      vertex 178.525 103.244 17.4
      vertex 182 101.237 17.4
    endloop
  endfacet
  facet normal 0.500132 0.865949 0
    outer loop
      vertex 178.525 103.244 17.4
      vertex 182 101.237 5.95
      vertex 178.525 103.244 5.95
    endloop
  endfacet
  facet normal 0 0 1
    outer loop
      vertex 182 109.263 5.95
      vertex 185.475 103.244 5.95
      vertex 185.475 107.256 5.95
    endloop
  endfacet
  facet normal 0 0 1
    outer loop
      vertex 182 109.263 5.95
      vertex 182 101.237 5.95
      vertex 185.475 103.244 5.95
    endloop
  endfacet
  facet normal -0 0 1
    outer loop
      vertex 178.525 107.256 5.95
      vertex 182 101.237 5.95
      vertex 182 109.263 5.95
    endloop
  endfacet
  facet normal 0 0 1
    outer loop
      vertex 182 101.237 5.95
      vertex 178.525 107.256 5.95
      vertex 178.525 103.244 5.95
    endloop
  endfacet
  facet normal -0.500132 0.865949 0
    outer loop
      vertex 185.475 103.244 5.95
      vertex 182 101.237 17.4
      vertex 185.475 103.244 17.4
    endloop
  endfacet
  facet normal -0.500132 0.865949 0
    outer loop
      vertex 182 101.237 17.4
      vertex 185.475 103.244 5.95
      vertex 182 101.237 5.95
    endloop
  endfacet
  facet normal -0.401599 -0.695537 0.595774
    outer loop
      vertex 185.475 107.256 17.4
      vertex 185.92 107.513 18
      vertex 182.496 109.49 18
    endloop
  endfacet
  facet normal -0.401599 0.695537 0.595774
    outer loop
      vertex 185.92 102.987 18
      vertex 185.475 103.244 17.4
      vertex 182.496 101.01 18
    endloop
  endfacet
  facet normal -0.402302 -0.695268 0.595613
    outer loop
      vertex 182 109.263 17.4
      vertex 182.496 109.49 18
      vertex 182 109.777 18
    endloop
  endfacet
  facet normal -0.401824 -0.695733 0.595393
    outer loop
      vertex 182.496 109.49 18
      vertex 182 109.263 17.4
      vertex 185.475 107.256 17.4
    endloop
  endfacet
  facet normal 0.401599 0.695537 0.595774
    outer loop
      vertex 181.504 101.01 18
      vertex 178.525 103.244 17.4
      vertex 178.08 102.987 18
    endloop
  endfacet
  facet normal -0.401824 0.695733 0.595393
    outer loop
      vertex 182 101.237 17.4
      vertex 182.496 101.01 18
      vertex 185.475 103.244 17.4
    endloop
  endfacet
  facet normal -0.402302 0.695268 0.595613
    outer loop
      vertex 182.496 101.01 18
      vertex 182 101.237 17.4
      vertex 182 100.723 18
    endloop
  endfacet
  facet normal -0.803201 0 0.595708
    outer loop
      vertex 185.475 103.244 17.4
      vertex 185.92 107.513 18
      vertex 185.475 107.256 17.4
    endloop
  endfacet
  facet normal -0.803201 0 0.595708
    outer loop
      vertex 185.92 107.513 18
      vertex 185.475 103.244 17.4
      vertex 185.92 102.987 18
    endloop
  endfacet
  facet normal 0.401599 -0.695537 0.595774
    outer loop
      vertex 178.525 107.256 17.4
      vertex 181.504 109.49 18
      vertex 178.08 107.513 18
    endloop
  endfacet
  facet normal 0.803201 0 0.595708
    outer loop
      vertex 178.08 107.513 18
      vertex 178.525 103.244 17.4
      vertex 178.525 107.256 17.4
    endloop
  endfacet
  facet normal 0.803201 0 0.595708
    outer loop
      vertex 178.525 103.244 17.4
      vertex 178.08 107.513 18
      vertex 178.08 102.987 18
    endloop
  endfacet
  facet normal 0.402302 0.695268 0.595613
    outer loop
      vertex 182 101.237 17.4
      vertex 181.504 101.01 18
      vertex 182 100.723 18
    endloop
  endfacet
  facet normal 0.401824 0.695733 0.595393
    outer loop
      vertex 181.504 101.01 18
      vertex 182 101.237 17.4
      vertex 178.525 103.244 17.4
    endloop
  endfacet
  facet normal 0.401824 -0.695733 0.595393
    outer loop
      vertex 182 109.263 17.4
      vertex 181.504 109.49 18
      vertex 178.525 107.256 17.4
    endloop
  endfacet
  facet normal 0.402302 -0.695268 0.595613
    outer loop
      vertex 181.504 109.49 18
      vertex 182 109.263 17.4
      vertex 182 109.777 18
    endloop
  endfacet
  facet normal -0.500132 -0.865949 0
    outer loop
      vertex 182 120.763 5.95
      vertex 185.475 118.756 17.4
      vertex 182 120.763 17.4
    endloop
  endfacet
  facet normal -0.500132 -0.865949 -0
    outer loop
      vertex 185.475 118.756 17.4
      vertex 182 120.763 5.95
      vertex 185.475 118.756 5.95
    endloop
  endfacet
  facet normal 0.500132 -0.865949 0
    outer loop
      vertex 178.525 118.756 5.95
      vertex 182 120.763 17.4
      vertex 178.525 118.756 17.4
    endloop
  endfacet
  facet normal 0.500132 -0.865949 0
    outer loop
      vertex 182 120.763 17.4
      vertex 178.525 118.756 5.95
      vertex 182 120.763 5.95
    endloop
  endfacet
  facet normal -1 0 0
    outer loop
      vertex 185.475 114.744 5.95
      vertex 185.475 118.756 17.4
      vertex 185.475 118.756 5.95
    endloop
  endfacet
  facet normal -1 -0 0
    outer loop
      vertex 185.475 118.756 17.4
      vertex 185.475 114.744 5.95
      vertex 185.475 114.744 17.4
    endloop
  endfacet
  facet normal 1 -0 0
    outer loop
      vertex 178.525 114.744 17.4
      vertex 178.525 118.756 5.95
      vertex 178.525 118.756 17.4
    endloop
  endfacet
  facet normal 1 0 0
    outer loop
      vertex 178.525 118.756 5.95
      vertex 178.525 114.744 17.4
      vertex 178.525 114.744 5.95
    endloop
  endfacet
  facet normal 0.500132 0.865949 -0
    outer loop
      vertex 182 112.737 5.95
      vertex 178.525 114.744 17.4
      vertex 182 112.737 17.4
    endloop
  endfacet
  facet normal 0.500132 0.865949 0
    outer loop
      vertex 178.525 114.744 17.4
      vertex 182 112.737 5.95
      vertex 178.525 114.744 5.95
    endloop
  endfacet
  facet normal 0 0 1
    outer loop
      vertex 182 120.763 5.95
      vertex 185.475 114.744 5.95
      vertex 185.475 118.756 5.95
    endloop
  endfacet
  facet normal 0 0 1
    outer loop
      vertex 182 120.763 5.95
      vertex 182 112.737 5.95
      vertex 185.475 114.744 5.95
    endloop
  endfacet
  facet normal -0 0 1
    outer loop
      vertex 178.525 118.756 5.95
      vertex 182 112.737 5.95
      vertex 182 120.763 5.95
    endloop
  endfacet
  facet normal 0 0 1
    outer loop
      vertex 182 112.737 5.95
      vertex 178.525 118.756 5.95
      vertex 178.525 114.744 5.95
    endloop
  endfacet
  facet normal -0.500132 0.865949 0
    outer loop
      vertex 185.475 114.744 5.95
      vertex 182 112.737 17.4
      vertex 185.475 114.744 17.4
    endloop
  endfacet
  facet normal -0.500132 0.865949 0
    outer loop
      vertex 182 112.737 17.4
      vertex 185.475 114.744 5.95
      vertex 182 112.737 5.95
    endloop
  endfacet
  facet normal -0.401599 -0.695537 0.595774
    outer loop
      vertex 185.475 118.756 17.4
      vertex 185.92 119.013 18
      vertex 182.496 120.99 18
    endloop
  endfacet
  facet normal -0.401599 0.695537 0.595774
    outer loop
      vertex 185.92 114.487 18
      vertex 185.475 114.744 17.4
      vertex 182.496 112.51 18
    endloop
  endfacet
  facet normal -0.402302 -0.695268 0.595613
    outer loop
      vertex 182 120.763 17.4
      vertex 182.496 120.99 18
      vertex 182 121.277 18
    endloop
  endfacet
  facet normal -0.401824 -0.695733 0.595393
    outer loop
      vertex 182.496 120.99 18
      vertex 182 120.763 17.4
      vertex 185.475 118.756 17.4
    endloop
  endfacet
  facet normal 0.401599 0.695537 0.595774
    outer loop
      vertex 181.504 112.51 18
      vertex 178.525 114.744 17.4
      vertex 178.08 114.487 18
    endloop
  endfacet
  facet normal -0.401824 0.695733 0.595393
    outer loop
      vertex 182 112.737 17.4
      vertex 182.496 112.51 18
      vertex 185.475 114.744 17.4
    endloop
  endfacet
  facet normal -0.402302 0.695268 0.595613
    outer loop
      vertex 182.496 112.51 18
      vertex 182 112.737 17.4
      vertex 182 112.223 18
    endloop
  endfacet
  facet normal -0.803201 0 0.595708
    outer loop
      vertex 185.475 114.744 17.4
      vertex 185.92 119.013 18
      vertex 185.475 118.756 17.4
    endloop
  endfacet
  facet normal -0.803201 0 0.595708
    outer loop
      vertex 185.92 119.013 18
      vertex 185.475 114.744 17.4
      vertex 185.92 114.487 18
    endloop
  endfacet
  facet normal 0.401599 -0.695537 0.595774
    outer loop
      vertex 178.525 118.756 17.4
      vertex 181.504 120.99 18
      vertex 178.08 119.013 18
    endloop
  endfacet
  facet normal 0.803201 0 0.595708
    outer loop
      vertex 178.08 119.013 18
      vertex 178.525 114.744 17.4
      vertex 178.525 118.756 17.4
    endloop
  endfacet
  facet normal 0.803201 0 0.595708
    outer loop
      vertex 178.525 114.744 17.4
      vertex 178.08 119.013 18
      vertex 178.08 114.487 18
    endloop
  endfacet
  facet normal 0.402302 0.695268 0.595613
    outer loop
      vertex 182 112.737 17.4
      vertex 181.504 112.51 18
      vertex 182 112.223 18
    endloop
  endfacet
  facet normal 0.401824 0.695733 0.595393
    outer loop
      vertex 181.504 112.51 18
      vertex 182 112.737 17.4
      vertex 178.525 114.744 17.4
    endloop
  endfacet
  facet normal 0.401824 -0.695733 0.595393
    outer loop
      vertex 182 120.763 17.4
      vertex 181.504 120.99 18
      vertex 178.525 118.756 17.4
    endloop
  endfacet
  facet normal 0.402302 -0.695268 0.595613
    outer loop
      vertex 181.504 120.99 18
      vertex 182 120.763 17.4
      vertex 182 121.277 18
    endloop
  endfacet
  facet normal -0.500001 -0.866025 0
    outer loop
      vertex 193.5 74.7626 5.95
      vertex 196.975 72.7563 17.4
      vertex 193.5 74.7626 17.4
    endloop
  endfacet
  facet normal -0.500001 -0.866025 -0
    outer loop
      vertex 196.975 72.7563 17.4
      vertex 193.5 74.7626 5.95
      vertex 196.975 72.7563 5.95
    endloop
  endfacet
  facet normal 0.500001 -0.866025 0
    outer loop
      vertex 190.025 72.7563 5.95
      vertex 193.5 74.7626 17.4
      vertex 190.025 72.7563 17.4
    endloop
  endfacet
  facet normal 0.500001 -0.866025 0
    outer loop
      vertex 193.5 74.7626 17.4
      vertex 190.025 72.7563 5.95
      vertex 193.5 74.7626 5.95
    endloop
  endfacet
  facet normal -1 0 0
    outer loop
      vertex 196.975 68.7437 5.95
      vertex 196.975 72.7563 17.4
      vertex 196.975 72.7563 5.95
    endloop
  endfacet
  facet normal -1 -0 0
    outer loop
      vertex 196.975 72.7563 17.4
      vertex 196.975 68.7437 5.95
      vertex 196.975 68.7437 17.4
    endloop
  endfacet
  facet normal 1 -0 0
    outer loop
      vertex 190.025 68.7437 17.4
      vertex 190.025 72.7563 5.95
      vertex 190.025 72.7563 17.4
    endloop
  endfacet
  facet normal 1 0 0
    outer loop
      vertex 190.025 72.7563 5.95
      vertex 190.025 68.7437 17.4
      vertex 190.025 68.7437 5.95
    endloop
  endfacet
  facet normal 0.500001 0.866025 -0
    outer loop
      vertex 193.5 66.7374 5.95
      vertex 190.025 68.7437 17.4
      vertex 193.5 66.7374 17.4
    endloop
  endfacet
  facet normal 0.500001 0.866025 0
    outer loop
      vertex 190.025 68.7437 17.4
      vertex 193.5 66.7374 5.95
      vertex 190.025 68.7437 5.95
    endloop
  endfacet
  facet normal 0 0 1
    outer loop
      vertex 193.5 74.7626 5.95
      vertex 196.975 68.7437 5.95
      vertex 196.975 72.7563 5.95
    endloop
  endfacet
  facet normal 0 0 1
    outer loop
      vertex 193.5 74.7626 5.95
      vertex 193.5 66.7374 5.95
      vertex 196.975 68.7437 5.95
    endloop
  endfacet
  facet normal -0 0 1
    outer loop
      vertex 190.025 72.7563 5.95
      vertex 193.5 66.7374 5.95
      vertex 193.5 74.7626 5.95
    endloop
  endfacet
  facet normal 0 0 1
    outer loop
      vertex 193.5 66.7374 5.95
      vertex 190.025 72.7563 5.95
      vertex 190.025 68.7437 5.95
    endloop
  endfacet
  facet normal -0.500001 0.866025 0
    outer loop
      vertex 196.975 68.7437 5.95
      vertex 193.5 66.7374 17.4
      vertex 196.975 68.7437 17.4
    endloop
  endfacet
  facet normal -0.500001 0.866025 0
    outer loop
      vertex 193.5 66.7374 17.4
      vertex 196.975 68.7437 5.95
      vertex 193.5 66.7374 5.95
    endloop
  endfacet
  facet normal -0.401545 -0.695512 0.595839
    outer loop
      vertex 196.975 72.7563 17.4
      vertex 197.42 73.0134 18
      vertex 193.996 74.9902 18
    endloop
  endfacet
  facet normal -0.401545 0.695512 0.595839
    outer loop
      vertex 197.42 68.4866 18
      vertex 196.975 68.7437 17.4
      vertex 193.996 66.5098 18
    endloop
  endfacet
  facet normal -0.401867 -0.695242 0.595938
    outer loop
      vertex 193.5 74.7626 17.4
      vertex 193.996 74.9902 18
      vertex 193.5 75.2769 18
    endloop
  endfacet
  facet normal -0.401567 -0.695532 0.595801
    outer loop
      vertex 193.996 74.9902 18
      vertex 193.5 74.7626 17.4
      vertex 196.975 72.7563 17.4
    endloop
  endfacet
  facet normal 0.401545 0.695512 0.595839
    outer loop
      vertex 193.004 66.5098 18
      vertex 190.025 68.7437 17.4
      vertex 189.58 68.4866 18
    endloop
  endfacet
  facet normal -0.401567 0.695532 0.595801
    outer loop
      vertex 193.5 66.7374 17.4
      vertex 193.996 66.5098 18
      vertex 196.975 68.7437 17.4
    endloop
  endfacet
  facet normal -0.401867 0.695242 0.595938
    outer loop
      vertex 193.996 66.5098 18
      vertex 193.5 66.7374 17.4
      vertex 193.5 66.2231 18
    endloop
  endfacet
  facet normal -0.803201 0 0.595708
    outer loop
      vertex 196.975 68.7437 17.4
      vertex 197.42 73.0134 18
      vertex 196.975 72.7563 17.4
    endloop
  endfacet
  facet normal -0.803201 0 0.595708
    outer loop
      vertex 197.42 73.0134 18
      vertex 196.975 68.7437 17.4
      vertex 197.42 68.4866 18
    endloop
  endfacet
  facet normal 0.401545 -0.695512 0.595839
    outer loop
      vertex 190.025 72.7563 17.4
      vertex 193.004 74.9902 18
      vertex 189.58 73.0134 18
    endloop
  endfacet
  facet normal 0.803201 0 0.595708
    outer loop
      vertex 189.58 73.0134 18
      vertex 190.025 68.7437 17.4
      vertex 190.025 72.7563 17.4
    endloop
  endfacet
  facet normal 0.803201 0 0.595708
    outer loop
      vertex 190.025 68.7437 17.4
      vertex 189.58 73.0134 18
      vertex 189.58 68.4866 18
    endloop
  endfacet
  facet normal 0.401867 0.695242 0.595938
    outer loop
      vertex 193.5 66.7374 17.4
      vertex 193.004 66.5098 18
      vertex 193.5 66.2231 18
    endloop
  endfacet
  facet normal 0.401567 0.695532 0.595801
    outer loop
      vertex 193.004 66.5098 18
      vertex 193.5 66.7374 17.4
      vertex 190.025 68.7437 17.4
    endloop
  endfacet
  facet normal 0.401567 -0.695532 0.595801
    outer loop
      vertex 193.5 74.7626 17.4
      vertex 193.004 74.9902 18
      vertex 190.025 72.7563 17.4
    endloop
  endfacet
  facet normal 0.401867 -0.695242 0.595938
    outer loop
      vertex 193.004 74.9902 18
      vertex 193.5 74.7626 17.4
      vertex 193.5 75.2769 18
    endloop
  endfacet
  facet normal -0.500001 -0.866025 0
    outer loop
      vertex 193.5 86.2626 5.95
      vertex 196.975 84.2563 17.4
      vertex 193.5 86.2626 17.4
    endloop
  endfacet
  facet normal -0.500001 -0.866025 -0
    outer loop
      vertex 196.975 84.2563 17.4
      vertex 193.5 86.2626 5.95
      vertex 196.975 84.2563 5.95
    endloop
  endfacet
  facet normal 0.500001 -0.866025 0
    outer loop
      vertex 190.025 84.2563 5.95
      vertex 193.5 86.2626 17.4
      vertex 190.025 84.2563 17.4
    endloop
  endfacet
  facet normal 0.500001 -0.866025 0
    outer loop
      vertex 193.5 86.2626 17.4
      vertex 190.025 84.2563 5.95
      vertex 193.5 86.2626 5.95
    endloop
  endfacet
  facet normal -1 0 0
    outer loop
      vertex 196.975 80.2437 5.95
      vertex 196.975 84.2563 17.4
      vertex 196.975 84.2563 5.95
    endloop
  endfacet
  facet normal -1 -0 0
    outer loop
      vertex 196.975 84.2563 17.4
      vertex 196.975 80.2437 5.95
      vertex 196.975 80.2437 17.4
    endloop
  endfacet
  facet normal 1 -0 0
    outer loop
      vertex 190.025 80.2437 17.4
      vertex 190.025 84.2563 5.95
      vertex 190.025 84.2563 17.4
    endloop
  endfacet
  facet normal 1 0 0
    outer loop
      vertex 190.025 84.2563 5.95
      vertex 190.025 80.2437 17.4
      vertex 190.025 80.2437 5.95
    endloop
  endfacet
  facet normal 0.500001 0.866025 -0
    outer loop
      vertex 193.5 78.2374 5.95
      vertex 190.025 80.2437 17.4
      vertex 193.5 78.2374 17.4
    endloop
  endfacet
  facet normal 0.500001 0.866025 0
    outer loop
      vertex 190.025 80.2437 17.4
      vertex 193.5 78.2374 5.95
      vertex 190.025 80.2437 5.95
    endloop
  endfacet
  facet normal 0 0 1
    outer loop
      vertex 193.5 86.2626 5.95
      vertex 196.975 80.2437 5.95
      vertex 196.975 84.2563 5.95
    endloop
  endfacet
  facet normal 0 0 1
    outer loop
      vertex 193.5 86.2626 5.95
      vertex 193.5 78.2374 5.95
      vertex 196.975 80.2437 5.95
    endloop
  endfacet
  facet normal -0 0 1
    outer loop
      vertex 190.025 84.2563 5.95
      vertex 193.5 78.2374 5.95
      vertex 193.5 86.2626 5.95
    endloop
  endfacet
  facet normal 0 0 1
    outer loop
      vertex 193.5 78.2374 5.95
      vertex 190.025 84.2563 5.95
      vertex 190.025 80.2437 5.95
    endloop
  endfacet
  facet normal -0.500001 0.866025 0
    outer loop
      vertex 196.975 80.2437 5.95
      vertex 193.5 78.2374 17.4
      vertex 196.975 80.2437 17.4
    endloop
  endfacet
  facet normal -0.500001 0.866025 0
    outer loop
      vertex 193.5 78.2374 17.4
      vertex 196.975 80.2437 5.95
      vertex 193.5 78.2374 5.95
    endloop
  endfacet
  facet normal -0.401545 -0.695512 0.595839
    outer loop
      vertex 196.975 84.2563 17.4
      vertex 197.42 84.5134 18
      vertex 193.996 86.4902 18
    endloop
  endfacet
  facet normal -0.401545 0.695512 0.595839
    outer loop
      vertex 197.42 79.9866 18
      vertex 196.975 80.2437 17.4
      vertex 193.996 78.0098 18
    endloop
  endfacet
  facet normal -0.401867 -0.695242 0.595938
    outer loop
      vertex 193.5 86.2626 17.4
      vertex 193.996 86.4902 18
      vertex 193.5 86.7769 18
    endloop
  endfacet
  facet normal -0.401567 -0.695532 0.595801
    outer loop
      vertex 193.996 86.4902 18
      vertex 193.5 86.2626 17.4
      vertex 196.975 84.2563 17.4
    endloop
  endfacet
  facet normal 0.401545 0.695512 0.595839
    outer loop
      vertex 193.004 78.0098 18
      vertex 190.025 80.2437 17.4
      vertex 189.58 79.9866 18
    endloop
  endfacet
  facet normal -0.401567 0.695532 0.595801
    outer loop
      vertex 193.5 78.2374 17.4
      vertex 193.996 78.0098 18
      vertex 196.975 80.2437 17.4
    endloop
  endfacet
  facet normal -0.401867 0.695242 0.595938
    outer loop
      vertex 193.996 78.0098 18
      vertex 193.5 78.2374 17.4
      vertex 193.5 77.7231 18
    endloop
  endfacet
  facet normal -0.803201 0 0.595708
    outer loop
      vertex 196.975 80.2437 17.4
      vertex 197.42 84.5134 18
      vertex 196.975 84.2563 17.4
    endloop
  endfacet
  facet normal -0.803201 0 0.595708
    outer loop
      vertex 197.42 84.5134 18
      vertex 196.975 80.2437 17.4
      vertex 197.42 79.9866 18
    endloop
  endfacet
  facet normal 0.401545 -0.695512 0.595839
    outer loop
      vertex 190.025 84.2563 17.4
      vertex 193.004 86.4902 18
      vertex 189.58 84.5134 18
    endloop
  endfacet
  facet normal 0.803201 0 0.595708
    outer loop
      vertex 189.58 84.5134 18
      vertex 190.025 80.2437 17.4
      vertex 190.025 84.2563 17.4
    endloop
  endfacet
  facet normal 0.803201 0 0.595708
    outer loop
      vertex 190.025 80.2437 17.4
      vertex 189.58 84.5134 18
      vertex 189.58 79.9866 18
    endloop
  endfacet
  facet normal 0.401867 0.695242 0.595938
    outer loop
      vertex 193.5 78.2374 17.4
      vertex 193.004 78.0098 18
      vertex 193.5 77.7231 18
    endloop
  endfacet
  facet normal 0.401567 0.695532 0.595801
    outer loop
      vertex 193.004 78.0098 18
      vertex 193.5 78.2374 17.4
      vertex 190.025 80.2437 17.4
    endloop
  endfacet
  facet normal 0.401567 -0.695532 0.595801
    outer loop
      vertex 193.5 86.2626 17.4
      vertex 193.004 86.4902 18
      vertex 190.025 84.2563 17.4
    endloop
  endfacet
  facet normal 0.401867 -0.695242 0.595938
    outer loop
      vertex 193.004 86.4902 18
      vertex 193.5 86.2626 17.4
      vertex 193.5 86.7769 18
    endloop
  endfacet
  facet normal -0.500001 -0.866025 0
    outer loop
      vertex 193.5 97.7626 5.95
      vertex 196.975 95.7563 17.4
      vertex 193.5 97.7626 17.4
    endloop
  endfacet
  facet normal -0.500001 -0.866025 -0
    outer loop
      vertex 196.975 95.7563 17.4
      vertex 193.5 97.7626 5.95
      vertex 196.975 95.7563 5.95
    endloop
  endfacet
  facet normal 0.500001 -0.866025 0
    outer loop
      vertex 190.025 95.7563 5.95
      vertex 193.5 97.7626 17.4
      vertex 190.025 95.7563 17.4
    endloop
  endfacet
  facet normal 0.500001 -0.866025 0
    outer loop
      vertex 193.5 97.7626 17.4
      vertex 190.025 95.7563 5.95
      vertex 193.5 97.7626 5.95
    endloop
  endfacet
  facet normal -1 0 0
    outer loop
      vertex 196.975 91.7437 5.95
      vertex 196.975 95.7563 17.4
      vertex 196.975 95.7563 5.95
    endloop
  endfacet
  facet normal -1 -0 0
    outer loop
      vertex 196.975 95.7563 17.4
      vertex 196.975 91.7437 5.95
      vertex 196.975 91.7437 17.4
    endloop
  endfacet
  facet normal 1 -0 0
    outer loop
      vertex 190.025 91.7437 17.4
      vertex 190.025 95.7563 5.95
      vertex 190.025 95.7563 17.4
    endloop
  endfacet
  facet normal 1 0 0
    outer loop
      vertex 190.025 95.7563 5.95
      vertex 190.025 91.7437 17.4
      vertex 190.025 91.7437 5.95
    endloop
  endfacet
  facet normal 0.500001 0.866025 -0
    outer loop
      vertex 193.5 89.7374 5.95
      vertex 190.025 91.7437 17.4
      vertex 193.5 89.7374 17.4
    endloop
  endfacet
  facet normal 0.500001 0.866025 0
    outer loop
      vertex 190.025 91.7437 17.4
      vertex 193.5 89.7374 5.95
      vertex 190.025 91.7437 5.95
    endloop
  endfacet
  facet normal 0 0 1
    outer loop
      vertex 193.5 97.7626 5.95
      vertex 196.975 91.7437 5.95
      vertex 196.975 95.7563 5.95
    endloop
  endfacet
  facet normal 0 0 1
    outer loop
      vertex 193.5 97.7626 5.95
      vertex 193.5 89.7374 5.95
      vertex 196.975 91.7437 5.95
    endloop
  endfacet
  facet normal -0 0 1
    outer loop
      vertex 190.025 95.7563 5.95
      vertex 193.5 89.7374 5.95
      vertex 193.5 97.7626 5.95
    endloop
  endfacet
  facet normal 0 0 1
    outer loop
      vertex 193.5 89.7374 5.95
      vertex 190.025 95.7563 5.95
      vertex 190.025 91.7437 5.95
    endloop
  endfacet
  facet normal -0.500001 0.866025 0
    outer loop
      vertex 196.975 91.7437 5.95
      vertex 193.5 89.7374 17.4
      vertex 196.975 91.7437 17.4
    endloop
  endfacet
  facet normal -0.500001 0.866025 0
    outer loop
      vertex 193.5 89.7374 17.4
      vertex 196.975 91.7437 5.95
      vertex 193.5 89.7374 5.95
    endloop
  endfacet
  facet normal -0.401545 -0.695512 0.595839
    outer loop
      vertex 196.975 95.7563 17.4
      vertex 197.42 96.0134 18
      vertex 193.996 97.9902 18
    endloop
  endfacet
  facet normal -0.401545 0.695512 0.595839
    outer loop
      vertex 197.42 91.4866 18
      vertex 196.975 91.7437 17.4
      vertex 193.996 89.5098 18
    endloop
  endfacet
  facet normal -0.401867 -0.695242 0.595938
    outer loop
      vertex 193.5 97.7626 17.4
      vertex 193.996 97.9902 18
      vertex 193.5 98.2769 18
    endloop
  endfacet
  facet normal -0.401567 -0.695532 0.595801
    outer loop
      vertex 193.996 97.9902 18
      vertex 193.5 97.7626 17.4
      vertex 196.975 95.7563 17.4
    endloop
  endfacet
  facet normal 0.401545 0.695512 0.595839
    outer loop
      vertex 193.004 89.5098 18
      vertex 190.025 91.7437 17.4
      vertex 189.58 91.4866 18
    endloop
  endfacet
  facet normal -0.401567 0.695532 0.595801
    outer loop
      vertex 193.5 89.7374 17.4
      vertex 193.996 89.5098 18
      vertex 196.975 91.7437 17.4
    endloop
  endfacet
  facet normal -0.401867 0.695242 0.595938
    outer loop
      vertex 193.996 89.5098 18
      vertex 193.5 89.7374 17.4
      vertex 193.5 89.2231 18
    endloop
  endfacet
  facet normal -0.803201 0 0.595708
    outer loop
      vertex 196.975 91.7437 17.4
      vertex 197.42 96.0134 18
      vertex 196.975 95.7563 17.4
    endloop
  endfacet
  facet normal -0.803201 0 0.595708
    outer loop
      vertex 197.42 96.0134 18
      vertex 196.975 91.7437 17.4
      vertex 197.42 91.4866 18
    endloop
  endfacet
  facet normal 0.401545 -0.695512 0.595839
    outer loop
      vertex 190.025 95.7563 17.4
      vertex 193.004 97.9902 18
      vertex 189.58 96.0134 18
    endloop
  endfacet
  facet normal 0.803201 0 0.595708
    outer loop
      vertex 189.58 96.0134 18
      vertex 190.025 91.7437 17.4
      vertex 190.025 95.7563 17.4
    endloop
  endfacet
  facet normal 0.803201 0 0.595708
    outer loop
      vertex 190.025 91.7437 17.4
      vertex 189.58 96.0134 18
      vertex 189.58 91.4866 18
    endloop
  endfacet
  facet normal 0.401867 0.695242 0.595938
    outer loop
      vertex 193.5 89.7374 17.4
      vertex 193.004 89.5098 18
      vertex 193.5 89.2231 18
    endloop
  endfacet
  facet normal 0.401567 0.695532 0.595801
    outer loop
      vertex 193.004 89.5098 18
      vertex 193.5 89.7374 17.4
      vertex 190.025 91.7437 17.4
    endloop
  endfacet
  facet normal 0.401567 -0.695532 0.595801
    outer loop
      vertex 193.5 97.7626 17.4
      vertex 193.004 97.9902 18
      vertex 190.025 95.7563 17.4
    endloop
  endfacet
  facet normal 0.401867 -0.695242 0.595938
    outer loop
      vertex 193.004 97.9902 18
      vertex 193.5 97.7626 17.4
      vertex 193.5 98.2769 18
    endloop
  endfacet
  facet normal -0.500132 -0.865949 0
    outer loop
      vertex 193.5 109.263 5.95
      vertex 196.975 107.256 17.4
      vertex 193.5 109.263 17.4
    endloop
  endfacet
  facet normal -0.500132 -0.865949 -0
    outer loop
      vertex 196.975 107.256 17.4
      vertex 193.5 109.263 5.95
      vertex 196.975 107.256 5.95
    endloop
  endfacet
  facet normal 0.500132 -0.865949 0
    outer loop
      vertex 190.025 107.256 5.95
      vertex 193.5 109.263 17.4
      vertex 190.025 107.256 17.4
    endloop
  endfacet
  facet normal 0.500132 -0.865949 0
    outer loop
      vertex 193.5 109.263 17.4
      vertex 190.025 107.256 5.95
      vertex 193.5 109.263 5.95
    endloop
  endfacet
  facet normal -1 0 0
    outer loop
      vertex 196.975 103.244 5.95
      vertex 196.975 107.256 17.4
      vertex 196.975 107.256 5.95
    endloop
  endfacet
  facet normal -1 -0 0
    outer loop
      vertex 196.975 107.256 17.4
      vertex 196.975 103.244 5.95
      vertex 196.975 103.244 17.4
    endloop
  endfacet
  facet normal 1 -0 0
    outer loop
      vertex 190.025 103.244 17.4
      vertex 190.025 107.256 5.95
      vertex 190.025 107.256 17.4
    endloop
  endfacet
  facet normal 1 0 0
    outer loop
      vertex 190.025 107.256 5.95
      vertex 190.025 103.244 17.4
      vertex 190.025 103.244 5.95
    endloop
  endfacet
  facet normal 0.500132 0.865949 -0
    outer loop
      vertex 193.5 101.237 5.95
      vertex 190.025 103.244 17.4
      vertex 193.5 101.237 17.4
    endloop
  endfacet
  facet normal 0.500132 0.865949 0
    outer loop
      vertex 190.025 103.244 17.4
      vertex 193.5 101.237 5.95
      vertex 190.025 103.244 5.95
    endloop
  endfacet
  facet normal 0 0 1
    outer loop
      vertex 193.5 109.263 5.95
      vertex 196.975 103.244 5.95
      vertex 196.975 107.256 5.95
    endloop
  endfacet
  facet normal 0 0 1
    outer loop
      vertex 193.5 109.263 5.95
      vertex 193.5 101.237 5.95
      vertex 196.975 103.244 5.95
    endloop
  endfacet
  facet normal -0 0 1
    outer loop
      vertex 190.025 107.256 5.95
      vertex 193.5 101.237 5.95
      vertex 193.5 109.263 5.95
    endloop
  endfacet
  facet normal 0 0 1
    outer loop
      vertex 193.5 101.237 5.95
      vertex 190.025 107.256 5.95
      vertex 190.025 103.244 5.95
    endloop
  endfacet
  facet normal -0.500132 0.865949 0
    outer loop
      vertex 196.975 103.244 5.95
      vertex 193.5 101.237 17.4
      vertex 196.975 103.244 17.4
    endloop
  endfacet
  facet normal -0.500132 0.865949 0
    outer loop
      vertex 193.5 101.237 17.4
      vertex 196.975 103.244 5.95
      vertex 193.5 101.237 5.95
    endloop
  endfacet
  facet normal -0.401599 -0.695537 0.595774
    outer loop
      vertex 196.975 107.256 17.4
      vertex 197.42 107.513 18
      vertex 193.996 109.49 18
    endloop
  endfacet
  facet normal -0.401599 0.695537 0.595774
    outer loop
      vertex 197.42 102.987 18
      vertex 196.975 103.244 17.4
      vertex 193.996 101.01 18
    endloop
  endfacet
  facet normal -0.402302 -0.695268 0.595613
    outer loop
      vertex 193.5 109.263 17.4
      vertex 193.996 109.49 18
      vertex 193.5 109.777 18
    endloop
  endfacet
  facet normal -0.401824 -0.695733 0.595393
    outer loop
      vertex 193.996 109.49 18
      vertex 193.5 109.263 17.4
      vertex 196.975 107.256 17.4
    endloop
  endfacet
  facet normal 0.401599 0.695537 0.595774
    outer loop
      vertex 193.004 101.01 18
      vertex 190.025 103.244 17.4
      vertex 189.58 102.987 18
    endloop
  endfacet
  facet normal -0.401824 0.695733 0.595393
    outer loop
      vertex 193.5 101.237 17.4
      vertex 193.996 101.01 18
      vertex 196.975 103.244 17.4
    endloop
  endfacet
  facet normal -0.402302 0.695268 0.595613
    outer loop
      vertex 193.996 101.01 18
      vertex 193.5 101.237 17.4
      vertex 193.5 100.723 18
    endloop
  endfacet
  facet normal -0.803201 0 0.595708
    outer loop
      vertex 196.975 103.244 17.4
      vertex 197.42 107.513 18
      vertex 196.975 107.256 17.4
    endloop
  endfacet
  facet normal -0.803201 0 0.595708
    outer loop
      vertex 197.42 107.513 18
      vertex 196.975 103.244 17.4
      vertex 197.42 102.987 18
    endloop
  endfacet
  facet normal 0.401599 -0.695537 0.595774
    outer loop
      vertex 190.025 107.256 17.4
      vertex 193.004 109.49 18
      vertex 189.58 107.513 18
    endloop
  endfacet
  facet normal 0.803201 0 0.595708
    outer loop
      vertex 189.58 107.513 18
      vertex 190.025 103.244 17.4
      vertex 190.025 107.256 17.4
    endloop
  endfacet
  facet normal 0.803201 0 0.595708
    outer loop
      vertex 190.025 103.244 17.4
      vertex 189.58 107.513 18
      vertex 189.58 102.987 18
    endloop
  endfacet
  facet normal 0.402302 0.695268 0.595613
    outer loop
      vertex 193.5 101.237 17.4
      vertex 193.004 101.01 18
      vertex 193.5 100.723 18
    endloop
  endfacet
  facet normal 0.401824 0.695733 0.595393
    outer loop
      vertex 193.004 101.01 18
      vertex 193.5 101.237 17.4
      vertex 190.025 103.244 17.4
    endloop
  endfacet
  facet normal 0.401824 -0.695733 0.595393
    outer loop
      vertex 193.5 109.263 17.4
      vertex 193.004 109.49 18
      vertex 190.025 107.256 17.4
    endloop
  endfacet
  facet normal 0.402302 -0.695268 0.595613
    outer loop
      vertex 193.004 109.49 18
      vertex 193.5 109.263 17.4
      vertex 193.5 109.777 18
    endloop
  endfacet
  facet normal -0.500132 -0.865949 0
    outer loop
      vertex 193.5 120.763 5.95
      vertex 196.975 118.756 17.4
      vertex 193.5 120.763 17.4
    endloop
  endfacet
  facet normal -0.500132 -0.865949 -0
    outer loop
      vertex 196.975 118.756 17.4
      vertex 193.5 120.763 5.95
      vertex 196.975 118.756 5.95
    endloop
  endfacet
  facet normal 0.500132 -0.865949 0
    outer loop
      vertex 190.025 118.756 5.95
      vertex 193.5 120.763 17.4
      vertex 190.025 118.756 17.4
    endloop
  endfacet
  facet normal 0.500132 -0.865949 0
    outer loop
      vertex 193.5 120.763 17.4
      vertex 190.025 118.756 5.95
      vertex 193.5 120.763 5.95
    endloop
  endfacet
  facet normal -1 0 0
    outer loop
      vertex 196.975 114.744 5.95
      vertex 196.975 118.756 17.4
      vertex 196.975 118.756 5.95
    endloop
  endfacet
  facet normal -1 -0 0
    outer loop
      vertex 196.975 118.756 17.4
      vertex 196.975 114.744 5.95
      vertex 196.975 114.744 17.4
    endloop
  endfacet
  facet normal 1 -0 0
    outer loop
      vertex 190.025 114.744 17.4
      vertex 190.025 118.756 5.95
      vertex 190.025 118.756 17.4
    endloop
  endfacet
  facet normal 1 0 0
    outer loop
      vertex 190.025 118.756 5.95
      vertex 190.025 114.744 17.4
      vertex 190.025 114.744 5.95
    endloop
  endfacet
  facet normal 0.500132 0.865949 -0
    outer loop
      vertex 193.5 112.737 5.95
      vertex 190.025 114.744 17.4
      vertex 193.5 112.737 17.4
    endloop
  endfacet
  facet normal 0.500132 0.865949 0
    outer loop
      vertex 190.025 114.744 17.4
      vertex 193.5 112.737 5.95
      vertex 190.025 114.744 5.95
    endloop
  endfacet
  facet normal 0 0 1
    outer loop
      vertex 193.5 120.763 5.95
      vertex 196.975 114.744 5.95
      vertex 196.975 118.756 5.95
    endloop
  endfacet
  facet normal 0 0 1
    outer loop
      vertex 193.5 120.763 5.95
      vertex 193.5 112.737 5.95
      vertex 196.975 114.744 5.95
    endloop
  endfacet
  facet normal -0 0 1
    outer loop
      vertex 190.025 118.756 5.95
      vertex 193.5 112.737 5.95
      vertex 193.5 120.763 5.95
    endloop
  endfacet
  facet normal 0 0 1
    outer loop
      vertex 193.5 112.737 5.95
      vertex 190.025 118.756 5.95
      vertex 190.025 114.744 5.95
    endloop
  endfacet
  facet normal -0.500132 0.865949 0
    outer loop
      vertex 196.975 114.744 5.95
      vertex 193.5 112.737 17.4
      vertex 196.975 114.744 17.4
    endloop
  endfacet
  facet normal -0.500132 0.865949 0
    outer loop
      vertex 193.5 112.737 17.4
      vertex 196.975 114.744 5.95
      vertex 193.5 112.737 5.95
    endloop
  endfacet
  facet normal -0.401599 -0.695537 0.595774
    outer loop
      vertex 196.975 118.756 17.4
      vertex 197.42 119.013 18
      vertex 193.996 120.99 18
    endloop
  endfacet
  facet normal -0.401599 0.695537 0.595774
    outer loop
      vertex 197.42 114.487 18
      vertex 196.975 114.744 17.4
      vertex 193.996 112.51 18
    endloop
  endfacet
  facet normal -0.402302 -0.695268 0.595613
    outer loop
      vertex 193.5 120.763 17.4
      vertex 193.996 120.99 18
      vertex 193.5 121.277 18
    endloop
  endfacet
  facet normal -0.401824 -0.695733 0.595393
    outer loop
      vertex 193.996 120.99 18
      vertex 193.5 120.763 17.4
      vertex 196.975 118.756 17.4
    endloop
  endfacet
  facet normal 0.401599 0.695537 0.595774
    outer loop
      vertex 193.004 112.51 18
      vertex 190.025 114.744 17.4
      vertex 189.58 114.487 18
    endloop
  endfacet
  facet normal -0.401824 0.695733 0.595393
    outer loop
      vertex 193.5 112.737 17.4
      vertex 193.996 112.51 18
      vertex 196.975 114.744 17.4
    endloop
  endfacet
  facet normal -0.402302 0.695268 0.595613
    outer loop
      vertex 193.996 112.51 18
      vertex 193.5 112.737 17.4
      vertex 193.5 112.223 18
    endloop
  endfacet
  facet normal -0.803201 0 0.595708
    outer loop
      vertex 196.975 114.744 17.4
      vertex 197.42 119.013 18
      vertex 196.975 118.756 17.4
    endloop
  endfacet
  facet normal -0.803201 0 0.595708
    outer loop
      vertex 197.42 119.013 18
      vertex 196.975 114.744 17.4
      vertex 197.42 114.487 18
    endloop
  endfacet
  facet normal 0.401599 -0.695537 0.595774
    outer loop
      vertex 190.025 118.756 17.4
      vertex 193.004 120.99 18
      vertex 189.58 119.013 18
    endloop
  endfacet
  facet normal 0.803201 0 0.595708
    outer loop
      vertex 189.58 119.013 18
      vertex 190.025 114.744 17.4
      vertex 190.025 118.756 17.4
    endloop
  endfacet
  facet normal 0.803201 0 0.595708
    outer loop
      vertex 190.025 114.744 17.4
      vertex 189.58 119.013 18
      vertex 189.58 114.487 18
    endloop
  endfacet
  facet normal 0.402302 0.695268 0.595613
    outer loop
      vertex 193.5 112.737 17.4
      vertex 193.004 112.51 18
      vertex 193.5 112.223 18
    endloop
  endfacet
  facet normal 0.401824 0.695733 0.595393
    outer loop
      vertex 193.004 112.51 18
      vertex 193.5 112.737 17.4
      vertex 190.025 114.744 17.4
    endloop
  endfacet
  facet normal 0.401824 -0.695733 0.595393
    outer loop
      vertex 193.5 120.763 17.4
      vertex 193.004 120.99 18
      vertex 190.025 118.756 17.4
    endloop
  endfacet
  facet normal 0.402302 -0.695268 0.595613
    outer loop
      vertex 193.004 120.99 18
      vertex 193.5 120.763 17.4
      vertex 193.5 121.277 18
    endloop
  endfacet
  facet normal -0 0 1
    outer loop
      vertex 147.996 78.0098 18
      vertex 151.42 73.0134 18
      vertex 151.42 79.9866 18
    endloop
  endfacet
  facet normal 0 0 1
    outer loop
      vertex 147.996 78.0098 18
      vertex 147.996 74.9902 18
      vertex 151.42 73.0134 18
    endloop
  endfacet
  facet normal -0 0 1
    outer loop
      vertex 147.5 77.7231 18
      vertex 147.996 74.9902 18
      vertex 147.996 78.0098 18
    endloop
  endfacet
  facet normal 0 0 1
    outer loop
      vertex 147.5 77.7231 18
      vertex 147.5 75.2769 18
      vertex 147.996 74.9902 18
    endloop
  endfacet
  facet normal 0 0 1
    outer loop
      vertex 147.004 78.0098 18
      vertex 147.5 75.2769 18
      vertex 147.5 77.7231 18
    endloop
  endfacet
  facet normal 0 0 1
    outer loop
      vertex 147.004 78.0098 18
      vertex 147.004 74.9902 18
      vertex 147.5 75.2769 18
    endloop
  endfacet
  facet normal 0 0 1
    outer loop
      vertex 143.58 79.9866 18
      vertex 147.004 74.9902 18
      vertex 147.004 78.0098 18
    endloop
  endfacet
  facet normal 0 0 1
    outer loop
      vertex 147.004 74.9902 18
      vertex 143.58 79.9866 18
      vertex 143.58 73.0134 18
    endloop
  endfacet
  facet normal -0 0 1
    outer loop
      vertex 147.996 89.5098 18
      vertex 151.42 84.5134 18
      vertex 151.42 91.4866 18
    endloop
  endfacet
  facet normal 0 0 1
    outer loop
      vertex 147.996 89.5098 18
      vertex 147.996 86.4902 18
      vertex 151.42 84.5134 18
    endloop
  endfacet
  facet normal -0 0 1
    outer loop
      vertex 147.5 89.2231 18
      vertex 147.996 86.4902 18
      vertex 147.996 89.5098 18
    endloop
  endfacet
  facet normal 0 0 1
    outer loop
      vertex 147.5 89.2231 18
      vertex 147.5 86.7769 18
      vertex 147.996 86.4902 18
    endloop
  endfacet
  facet normal 0 0 1
    outer loop
      vertex 147.004 89.5098 18
      vertex 147.5 86.7769 18
      vertex 147.5 89.2231 18
    endloop
  endfacet
  facet normal 0 0 1
    outer loop
      vertex 147.004 89.5098 18
      vertex 147.004 86.4902 18
      vertex 147.5 86.7769 18
    endloop
  endfacet
  facet normal 0 0 1
    outer loop
      vertex 143.58 91.4866 18
      vertex 147.004 86.4902 18
      vertex 147.004 89.5098 18
    endloop
  endfacet
  facet normal 0 0 1
    outer loop
      vertex 147.004 86.4902 18
      vertex 143.58 91.4866 18
      vertex 143.58 84.5134 18
    endloop
  endfacet
  facet normal -0 0 1
    outer loop
      vertex 147.996 101.01 18
      vertex 151.42 96.0134 18
      vertex 151.42 102.987 18
    endloop
  endfacet
  facet normal 0 0 1
    outer loop
      vertex 147.996 101.01 18
      vertex 147.996 97.9902 18
      vertex 151.42 96.0134 18
    endloop
  endfacet
  facet normal -0 0 1
    outer loop
      vertex 147.5 100.723 18
      vertex 147.996 97.9902 18
      vertex 147.996 101.01 18
    endloop
  endfacet
  facet normal 0 0 1
    outer loop
      vertex 147.5 100.723 18
      vertex 147.5 98.2769 18
      vertex 147.996 97.9902 18
    endloop
  endfacet
  facet normal 0 0 1
    outer loop
      vertex 147.004 101.01 18
      vertex 147.5 98.2769 18
      vertex 147.5 100.723 18
    endloop
  endfacet
  facet normal 0 0 1
    outer loop
      vertex 147.004 101.01 18
      vertex 147.004 97.9902 18
      vertex 147.5 98.2769 18
    endloop
  endfacet
  facet normal 0 0 1
    outer loop
      vertex 143.58 102.987 18
      vertex 147.004 97.9902 18
      vertex 147.004 101.01 18
    endloop
  endfacet
  facet normal 0 0 1
    outer loop
      vertex 147.004 97.9902 18
      vertex 143.58 102.987 18
      vertex 143.58 96.0134 18
    endloop
  endfacet
  facet normal -0 0 1
    outer loop
      vertex 147.996 112.51 18
      vertex 151.42 107.513 18
      vertex 151.42 114.487 18
    endloop
  endfacet
  facet normal 0 0 1
    outer loop
      vertex 147.996 112.51 18
      vertex 147.996 109.49 18
      vertex 151.42 107.513 18
    endloop
  endfacet
  facet normal -0 0 1
    outer loop
      vertex 147.5 112.223 18
      vertex 147.996 109.49 18
      vertex 147.996 112.51 18
    endloop
  endfacet
  facet normal 0 0 1
    outer loop
      vertex 147.5 112.223 18
      vertex 147.5 109.777 18
      vertex 147.996 109.49 18
    endloop
  endfacet
  facet normal 0 0 1
    outer loop
      vertex 147.004 112.51 18
      vertex 147.5 109.777 18
      vertex 147.5 112.223 18
    endloop
  endfacet
  facet normal 0 0 1
    outer loop
      vertex 147.004 112.51 18
      vertex 147.004 109.49 18
      vertex 147.5 109.777 18
    endloop
  endfacet
  facet normal 0 0 1
    outer loop
      vertex 143.58 114.487 18
      vertex 147.004 109.49 18
      vertex 147.004 112.51 18
    endloop
  endfacet
  facet normal 0 0 1
    outer loop
      vertex 147.004 109.49 18
      vertex 143.58 114.487 18
      vertex 143.58 107.513 18
    endloop
  endfacet
  facet normal -0 0 1
    outer loop
      vertex 159.496 78.0098 18
      vertex 162.92 73.0134 18
      vertex 162.92 79.9866 18
    endloop
  endfacet
  facet normal 0 0 1
    outer loop
      vertex 159.496 78.0098 18
      vertex 159.496 74.9902 18
      vertex 162.92 73.0134 18
    endloop
  endfacet
  facet normal -0 0 1
    outer loop
      vertex 159 77.7231 18
      vertex 159.496 74.9902 18
      vertex 159.496 78.0098 18
    endloop
  endfacet
  facet normal 0 0 1
    outer loop
      vertex 159 77.7231 18
      vertex 159 75.2769 18
      vertex 159.496 74.9902 18
    endloop
  endfacet
  facet normal 0 0 1
    outer loop
      vertex 158.504 78.0098 18
      vertex 159 75.2769 18
      vertex 159 77.7231 18
    endloop
  endfacet
  facet normal 0 0 1
    outer loop
      vertex 158.504 78.0098 18
      vertex 158.504 74.9902 18
      vertex 159 75.2769 18
    endloop
  endfacet
  facet normal 0 0 1
    outer loop
      vertex 155.08 79.9866 18
      vertex 158.504 74.9902 18
      vertex 158.504 78.0098 18
    endloop
  endfacet
  facet normal 0 0 1
    outer loop
      vertex 158.504 74.9902 18
      vertex 155.08 79.9866 18
      vertex 155.08 73.0134 18
    endloop
  endfacet
  facet normal -0 0 1
    outer loop
      vertex 159.496 89.5098 18
      vertex 162.92 84.5134 18
      vertex 162.92 91.4866 18
    endloop
  endfacet
  facet normal 0 0 1
    outer loop
      vertex 159.496 89.5098 18
      vertex 159.496 86.4902 18
      vertex 162.92 84.5134 18
    endloop
  endfacet
  facet normal -0 0 1
    outer loop
      vertex 159 89.2231 18
      vertex 159.496 86.4902 18
      vertex 159.496 89.5098 18
    endloop
  endfacet
  facet normal 0 0 1
    outer loop
      vertex 159 89.2231 18
      vertex 159 86.7769 18
      vertex 159.496 86.4902 18
    endloop
  endfacet
  facet normal 0 0 1
    outer loop
      vertex 158.504 89.5098 18
      vertex 159 86.7769 18
      vertex 159 89.2231 18
    endloop
  endfacet
  facet normal 0 0 1
    outer loop
      vertex 158.504 89.5098 18
      vertex 158.504 86.4902 18
      vertex 159 86.7769 18
    endloop
  endfacet
  facet normal 0 0 1
    outer loop
      vertex 155.08 91.4866 18
      vertex 158.504 86.4902 18
      vertex 158.504 89.5098 18
    endloop
  endfacet
  facet normal 0 0 1
    outer loop
      vertex 158.504 86.4902 18
      vertex 155.08 91.4866 18
      vertex 155.08 84.5134 18
    endloop
  endfacet
  facet normal -0 0 1
    outer loop
      vertex 159.496 101.01 18
      vertex 162.92 96.0134 18
      vertex 162.92 102.987 18
    endloop
  endfacet
  facet normal 0 0 1
    outer loop
      vertex 159.496 101.01 18
      vertex 159.496 97.9902 18
      vertex 162.92 96.0134 18
    endloop
  endfacet
  facet normal -0 0 1
    outer loop
      vertex 159 100.723 18
      vertex 159.496 97.9902 18
      vertex 159.496 101.01 18
    endloop
  endfacet
  facet normal 0 0 1
    outer loop
      vertex 159 100.723 18
      vertex 159 98.2769 18
      vertex 159.496 97.9902 18
    endloop
  endfacet
  facet normal 0 0 1
    outer loop
      vertex 158.504 101.01 18
      vertex 159 98.2769 18
      vertex 159 100.723 18
    endloop
  endfacet
  facet normal 0 0 1
    outer loop
      vertex 158.504 101.01 18
      vertex 158.504 97.9902 18
      vertex 159 98.2769 18
    endloop
  endfacet
  facet normal 0 0 1
    outer loop
      vertex 155.08 102.987 18
      vertex 158.504 97.9902 18
      vertex 158.504 101.01 18
    endloop
  endfacet
  facet normal 0 0 1
    outer loop
      vertex 158.504 97.9902 18
      vertex 155.08 102.987 18
      vertex 155.08 96.0134 18
    endloop
  endfacet
  facet normal -0 0 1
    outer loop
      vertex 159.496 112.51 18
      vertex 162.92 107.513 18
      vertex 162.92 114.487 18
    endloop
  endfacet
  facet normal 0 0 1
    outer loop
      vertex 159.496 112.51 18
      vertex 159.496 109.49 18
      vertex 162.92 107.513 18
    endloop
  endfacet
  facet normal -0 0 1
    outer loop
      vertex 159 112.223 18
      vertex 159.496 109.49 18
      vertex 159.496 112.51 18
    endloop
  endfacet
  facet normal 0 0 1
    outer loop
      vertex 159 112.223 18
      vertex 159 109.777 18
      vertex 159.496 109.49 18
    endloop
  endfacet
  facet normal 0 0 1
    outer loop
      vertex 158.504 112.51 18
      vertex 159 109.777 18
      vertex 159 112.223 18
    endloop
  endfacet
  facet normal 0 0 1
    outer loop
      vertex 158.504 112.51 18
      vertex 158.504 109.49 18
      vertex 159 109.777 18
    endloop
  endfacet
  facet normal 0 0 1
    outer loop
      vertex 155.08 114.487 18
      vertex 158.504 109.49 18
      vertex 158.504 112.51 18
    endloop
  endfacet
  facet normal 0 0 1
    outer loop
      vertex 158.504 109.49 18
      vertex 155.08 114.487 18
      vertex 155.08 107.513 18
    endloop
  endfacet
  facet normal -0 0 1
    outer loop
      vertex 170.996 78.0098 18
      vertex 174.42 73.0134 18
      vertex 174.42 79.9866 18
    endloop
  endfacet
  facet normal 0 0 1
    outer loop
      vertex 170.996 78.0098 18
      vertex 170.996 74.9902 18
      vertex 174.42 73.0134 18
    endloop
  endfacet
  facet normal -0 0 1
    outer loop
      vertex 170.5 77.7231 18
      vertex 170.996 74.9902 18
      vertex 170.996 78.0098 18
    endloop
  endfacet
  facet normal 0 0 1
    outer loop
      vertex 170.5 77.7231 18
      vertex 170.5 75.2769 18
      vertex 170.996 74.9902 18
    endloop
  endfacet
  facet normal 0 0 1
    outer loop
      vertex 170.004 78.0098 18
      vertex 170.5 75.2769 18
      vertex 170.5 77.7231 18
    endloop
  endfacet
  facet normal 0 0 1
    outer loop
      vertex 170.004 78.0098 18
      vertex 170.004 74.9902 18
      vertex 170.5 75.2769 18
    endloop
  endfacet
  facet normal 0 0 1
    outer loop
      vertex 166.58 79.9866 18
      vertex 170.004 74.9902 18
      vertex 170.004 78.0098 18
    endloop
  endfacet
  facet normal 0 0 1
    outer loop
      vertex 170.004 74.9902 18
      vertex 166.58 79.9866 18
      vertex 166.58 73.0134 18
    endloop
  endfacet
  facet normal -0 0 1
    outer loop
      vertex 170.996 89.5098 18
      vertex 174.42 84.5134 18
      vertex 174.42 91.4866 18
    endloop
  endfacet
  facet normal 0 0 1
    outer loop
      vertex 170.996 89.5098 18
      vertex 170.996 86.4902 18
      vertex 174.42 84.5134 18
    endloop
  endfacet
  facet normal -0 0 1
    outer loop
      vertex 170.5 89.2231 18
      vertex 170.996 86.4902 18
      vertex 170.996 89.5098 18
    endloop
  endfacet
  facet normal 0 0 1
    outer loop
      vertex 170.5 89.2231 18
      vertex 170.5 86.7769 18
      vertex 170.996 86.4902 18
    endloop
  endfacet
  facet normal 0 0 1
    outer loop
      vertex 170.004 89.5098 18
      vertex 170.5 86.7769 18
      vertex 170.5 89.2231 18
    endloop
  endfacet
  facet normal 0 0 1
    outer loop
      vertex 170.004 89.5098 18
      vertex 170.004 86.4902 18
      vertex 170.5 86.7769 18
    endloop
  endfacet
  facet normal 0 0 1
    outer loop
      vertex 166.58 91.4866 18
      vertex 170.004 86.4902 18
      vertex 170.004 89.5098 18
    endloop
  endfacet
  facet normal 0 0 1
    outer loop
      vertex 170.004 86.4902 18
      vertex 166.58 91.4866 18
      vertex 166.58 84.5134 18
    endloop
  endfacet
  facet normal -0 0 1
    outer loop
      vertex 170.996 101.01 18
      vertex 174.42 96.0134 18
      vertex 174.42 102.987 18
    endloop
  endfacet
  facet normal 0 0 1
    outer loop
      vertex 170.996 101.01 18
      vertex 170.996 97.9902 18
      vertex 174.42 96.0134 18
    endloop
  endfacet
  facet normal -0 0 1
    outer loop
      vertex 170.5 100.723 18
      vertex 170.996 97.9902 18
      vertex 170.996 101.01 18
    endloop
  endfacet
  facet normal 0 0 1
    outer loop
      vertex 170.5 100.723 18
      vertex 170.5 98.2769 18
      vertex 170.996 97.9902 18
    endloop
  endfacet
  facet normal 0 0 1
    outer loop
      vertex 170.004 101.01 18
      vertex 170.5 98.2769 18
      vertex 170.5 100.723 18
    endloop
  endfacet
  facet normal 0 0 1
    outer loop
      vertex 170.004 101.01 18
      vertex 170.004 97.9902 18
      vertex 170.5 98.2769 18
    endloop
  endfacet
  facet normal 0 0 1
    outer loop
      vertex 166.58 102.987 18
      vertex 170.004 97.9902 18
      vertex 170.004 101.01 18
    endloop
  endfacet
  facet normal 0 0 1
    outer loop
      vertex 170.004 97.9902 18
      vertex 166.58 102.987 18
      vertex 166.58 96.0134 18
    endloop
  endfacet
  facet normal -0 0 1
    outer loop
      vertex 170.996 112.51 18
      vertex 174.42 107.513 18
      vertex 174.42 114.487 18
    endloop
  endfacet
  facet normal 0 0 1
    outer loop
      vertex 170.996 112.51 18
      vertex 170.996 109.49 18
      vertex 174.42 107.513 18
    endloop
  endfacet
  facet normal -0 0 1
    outer loop
      vertex 170.5 112.223 18
      vertex 170.996 109.49 18
      vertex 170.996 112.51 18
    endloop
  endfacet
  facet normal 0 0 1
    outer loop
      vertex 170.5 112.223 18
      vertex 170.5 109.777 18
      vertex 170.996 109.49 18
    endloop
  endfacet
  facet normal 0 0 1
    outer loop
      vertex 170.004 112.51 18
      vertex 170.5 109.777 18
      vertex 170.5 112.223 18
    endloop
  endfacet
  facet normal 0 0 1
    outer loop
      vertex 170.004 112.51 18
      vertex 170.004 109.49 18
      vertex 170.5 109.777 18
    endloop
  endfacet
  facet normal 0 0 1
    outer loop
      vertex 166.58 114.487 18
      vertex 170.004 109.49 18
      vertex 170.004 112.51 18
    endloop
  endfacet
  facet normal 0 0 1
    outer loop
      vertex 170.004 109.49 18
      vertex 166.58 114.487 18
      vertex 166.58 107.513 18
    endloop
  endfacet
  facet normal -0 0 1
    outer loop
      vertex 182.496 78.0098 18
      vertex 185.92 73.0134 18
      vertex 185.92 79.9866 18
    endloop
  endfacet
  facet normal 0 0 1
    outer loop
      vertex 182.496 78.0098 18
      vertex 182.496 74.9902 18
      vertex 185.92 73.0134 18
    endloop
  endfacet
  facet normal -0 0 1
    outer loop
      vertex 182 77.7231 18
      vertex 182.496 74.9902 18
      vertex 182.496 78.0098 18
    endloop
  endfacet
  facet normal 0 0 1
    outer loop
      vertex 182 77.7231 18
      vertex 182 75.2769 18
      vertex 182.496 74.9902 18
    endloop
  endfacet
  facet normal 0 0 1
    outer loop
      vertex 181.504 78.0098 18
      vertex 182 75.2769 18
      vertex 182 77.7231 18
    endloop
  endfacet
  facet normal 0 0 1
    outer loop
      vertex 181.504 78.0098 18
      vertex 181.504 74.9902 18
      vertex 182 75.2769 18
    endloop
  endfacet
  facet normal 0 0 1
    outer loop
      vertex 178.08 79.9866 18
      vertex 181.504 74.9902 18
      vertex 181.504 78.0098 18
    endloop
  endfacet
  facet normal 0 0 1
    outer loop
      vertex 181.504 74.9902 18
      vertex 178.08 79.9866 18
      vertex 178.08 73.0134 18
    endloop
  endfacet
  facet normal -0 0 1
    outer loop
      vertex 182.496 89.5098 18
      vertex 185.92 84.5134 18
      vertex 185.92 91.4866 18
    endloop
  endfacet
  facet normal 0 0 1
    outer loop
      vertex 182.496 89.5098 18
      vertex 182.496 86.4902 18
      vertex 185.92 84.5134 18
    endloop
  endfacet
  facet normal -0 0 1
    outer loop
      vertex 182 89.2231 18
      vertex 182.496 86.4902 18
      vertex 182.496 89.5098 18
    endloop
  endfacet
  facet normal 0 0 1
    outer loop
      vertex 182 89.2231 18
      vertex 182 86.7769 18
      vertex 182.496 86.4902 18
    endloop
  endfacet
  facet normal 0 0 1
    outer loop
      vertex 181.504 89.5098 18
      vertex 182 86.7769 18
      vertex 182 89.2231 18
    endloop
  endfacet
  facet normal 0 0 1
    outer loop
      vertex 181.504 89.5098 18
      vertex 181.504 86.4902 18
      vertex 182 86.7769 18
    endloop
  endfacet
  facet normal 0 0 1
    outer loop
      vertex 178.08 91.4866 18
      vertex 181.504 86.4902 18
      vertex 181.504 89.5098 18
    endloop
  endfacet
  facet normal 0 0 1
    outer loop
      vertex 181.504 86.4902 18
      vertex 178.08 91.4866 18
      vertex 178.08 84.5134 18
    endloop
  endfacet
  facet normal -0 0 1
    outer loop
      vertex 182.496 101.01 18
      vertex 185.92 96.0134 18
      vertex 185.92 102.987 18
    endloop
  endfacet
  facet normal 0 0 1
    outer loop
      vertex 182.496 101.01 18
      vertex 182.496 97.9902 18
      vertex 185.92 96.0134 18
    endloop
  endfacet
  facet normal -0 0 1
    outer loop
      vertex 182 100.723 18
      vertex 182.496 97.9902 18
      vertex 182.496 101.01 18
    endloop
  endfacet
  facet normal 0 0 1
    outer loop
      vertex 182 100.723 18
      vertex 182 98.2769 18
      vertex 182.496 97.9902 18
    endloop
  endfacet
  facet normal 0 0 1
    outer loop
      vertex 181.504 101.01 18
      vertex 182 98.2769 18
      vertex 182 100.723 18
    endloop
  endfacet
  facet normal 0 0 1
    outer loop
      vertex 181.504 101.01 18
      vertex 181.504 97.9902 18
      vertex 182 98.2769 18
    endloop
  endfacet
  facet normal 0 0 1
    outer loop
      vertex 178.08 102.987 18
      vertex 181.504 97.9902 18
      vertex 181.504 101.01 18
    endloop
  endfacet
  facet normal 0 0 1
    outer loop
      vertex 181.504 97.9902 18
      vertex 178.08 102.987 18
      vertex 178.08 96.0134 18
    endloop
  endfacet
  facet normal -0 0 1
    outer loop
      vertex 182.496 112.51 18
      vertex 185.92 107.513 18
      vertex 185.92 114.487 18
    endloop
  endfacet
  facet normal 0 0 1
    outer loop
      vertex 182.496 112.51 18
      vertex 182.496 109.49 18
      vertex 185.92 107.513 18
    endloop
  endfacet
  facet normal -0 0 1
    outer loop
      vertex 182 112.223 18
      vertex 182.496 109.49 18
      vertex 182.496 112.51 18
    endloop
  endfacet
  facet normal 0 0 1
    outer loop
      vertex 182 112.223 18
      vertex 182 109.777 18
      vertex 182.496 109.49 18
    endloop
  endfacet
  facet normal 0 0 1
    outer loop
      vertex 181.504 112.51 18
      vertex 182 109.777 18
      vertex 182 112.223 18
    endloop
  endfacet
  facet normal 0 0 1
    outer loop
      vertex 181.504 112.51 18
      vertex 181.504 109.49 18
      vertex 182 109.777 18
    endloop
  endfacet
  facet normal 0 0 1
    outer loop
      vertex 178.08 114.487 18
      vertex 181.504 109.49 18
      vertex 181.504 112.51 18
    endloop
  endfacet
  facet normal 0 0 1
    outer loop
      vertex 181.504 109.49 18
      vertex 178.08 114.487 18
      vertex 178.08 107.513 18
    endloop
  endfacet
  facet normal -0 0 1
    outer loop
      vertex 193.996 78.0098 18
      vertex 197.42 73.0134 18
      vertex 197.42 79.9866 18
    endloop
  endfacet
  facet normal 0 0 1
    outer loop
      vertex 193.996 78.0098 18
      vertex 193.996 74.9902 18
      vertex 197.42 73.0134 18
    endloop
  endfacet
  facet normal -0 0 1
    outer loop
      vertex 193.5 77.7231 18
      vertex 193.996 74.9902 18
      vertex 193.996 78.0098 18
    endloop
  endfacet
  facet normal 0 0 1
    outer loop
      vertex 193.5 77.7231 18
      vertex 193.5 75.2769 18
      vertex 193.996 74.9902 18
    endloop
  endfacet
  facet normal 0 0 1
    outer loop
      vertex 193.004 78.0098 18
      vertex 193.5 75.2769 18
      vertex 193.5 77.7231 18
    endloop
  endfacet
  facet normal 0 0 1
    outer loop
      vertex 193.004 78.0098 18
      vertex 193.004 74.9902 18
      vertex 193.5 75.2769 18
    endloop
  endfacet
  facet normal 0 0 1
    outer loop
      vertex 189.58 79.9866 18
      vertex 193.004 74.9902 18
      vertex 193.004 78.0098 18
    endloop
  endfacet
  facet normal 0 0 1
    outer loop
      vertex 193.004 74.9902 18
      vertex 189.58 79.9866 18
      vertex 189.58 73.0134 18
    endloop
  endfacet
  facet normal -0 0 1
    outer loop
      vertex 193.996 89.5098 18
      vertex 197.42 84.5134 18
      vertex 197.42 91.4866 18
    endloop
  endfacet
  facet normal 0 0 1
    outer loop
      vertex 193.996 89.5098 18
      vertex 193.996 86.4902 18
      vertex 197.42 84.5134 18
    endloop
  endfacet
  facet normal -0 0 1
    outer loop
      vertex 193.5 89.2231 18
      vertex 193.996 86.4902 18
      vertex 193.996 89.5098 18
    endloop
  endfacet
  facet normal 0 0 1
    outer loop
      vertex 193.5 89.2231 18
      vertex 193.5 86.7769 18
      vertex 193.996 86.4902 18
    endloop
  endfacet
  facet normal 0 0 1
    outer loop
      vertex 193.004 89.5098 18
      vertex 193.5 86.7769 18
      vertex 193.5 89.2231 18
    endloop
  endfacet
  facet normal 0 0 1
    outer loop
      vertex 193.004 89.5098 18
      vertex 193.004 86.4902 18
      vertex 193.5 86.7769 18
    endloop
  endfacet
  facet normal 0 0 1
    outer loop
      vertex 189.58 91.4866 18
      vertex 193.004 86.4902 18
      vertex 193.004 89.5098 18
    endloop
  endfacet
  facet normal 0 0 1
    outer loop
      vertex 193.004 86.4902 18
      vertex 189.58 91.4866 18
      vertex 189.58 84.5134 18
    endloop
  endfacet
  facet normal -0 0 1
    outer loop
      vertex 193.996 101.01 18
      vertex 197.42 96.0134 18
      vertex 197.42 102.987 18
    endloop
  endfacet
  facet normal 0 0 1
    outer loop
      vertex 193.996 101.01 18
      vertex 193.996 97.9902 18
      vertex 197.42 96.0134 18
    endloop
  endfacet
  facet normal -0 0 1
    outer loop
      vertex 193.5 100.723 18
      vertex 193.996 97.9902 18
      vertex 193.996 101.01 18
    endloop
  endfacet
  facet normal 0 0 1
    outer loop
      vertex 193.5 100.723 18
      vertex 193.5 98.2769 18
      vertex 193.996 97.9902 18
    endloop
  endfacet
  facet normal 0 0 1
    outer loop
      vertex 193.004 101.01 18
      vertex 193.5 98.2769 18
      vertex 193.5 100.723 18
    endloop
  endfacet
  facet normal 0 0 1
    outer loop
      vertex 193.004 101.01 18
      vertex 193.004 97.9902 18
      vertex 193.5 98.2769 18
    endloop
  endfacet
  facet normal 0 0 1
    outer loop
      vertex 189.58 102.987 18
      vertex 193.004 97.9902 18
      vertex 193.004 101.01 18
    endloop
  endfacet
  facet normal 0 0 1
    outer loop
      vertex 193.004 97.9902 18
      vertex 189.58 102.987 18
      vertex 189.58 96.0134 18
    endloop
  endfacet
  facet normal -0 0 1
    outer loop
      vertex 193.996 112.51 18
      vertex 197.42 107.513 18
      vertex 197.42 114.487 18
    endloop
  endfacet
  facet normal 0 0 1
    outer loop
      vertex 193.996 112.51 18
      vertex 193.996 109.49 18
      vertex 197.42 107.513 18
    endloop
  endfacet
  facet normal -0 0 1
    outer loop
      vertex 193.5 112.223 18
      vertex 193.996 109.49 18
      vertex 193.996 112.51 18
    endloop
  endfacet
  facet normal 0 0 1
    outer loop
      vertex 193.5 112.223 18
      vertex 193.5 109.777 18
      vertex 193.996 109.49 18
    endloop
  endfacet
  facet normal 0 0 1
    outer loop
      vertex 193.004 112.51 18
      vertex 193.5 109.777 18
      vertex 193.5 112.223 18
    endloop
  endfacet
  facet normal 0 0 1
    outer loop
      vertex 193.004 112.51 18
      vertex 193.004 109.49 18
      vertex 193.5 109.777 18
    endloop
  endfacet
  facet normal 0 0 1
    outer loop
      vertex 189.58 114.487 18
      vertex 193.004 109.49 18
      vertex 193.004 112.51 18
    endloop
  endfacet
  facet normal 0 0 1
    outer loop
      vertex 193.004 109.49 18
      vertex 189.58 114.487 18
      vertex 189.58 107.513 18
    endloop
  endfacet
  facet normal 0 0 1
    outer loop
      vertex 197.42 114.487 18
      vertex 203 129 18
      vertex 197.42 119.013 18
    endloop
  endfacet
  facet normal 0 0 1
    outer loop
      vertex 203 129 18
      vertex 193.996 120.99 18
      vertex 197.42 119.013 18
    endloop
  endfacet
  facet normal 0 0 1
    outer loop
      vertex 203 129 18
      vertex 193.5 121.277 18
      vertex 193.996 120.99 18
    endloop
  endfacet
  facet normal 0 0 1
    outer loop
      vertex 182 121.277 18
      vertex 193.5 121.277 18
      vertex 203 129 18
    endloop
  endfacet
  facet normal 0 0 1
    outer loop
      vertex 193.5 121.277 18
      vertex 182 121.277 18
      vertex 193.004 120.99 18
    endloop
  endfacet
  facet normal 0 0 1
    outer loop
      vertex 185.92 114.487 18
      vertex 189.58 114.487 18
      vertex 189.58 119.013 18
    endloop
  endfacet
  facet normal 0 0 1
    outer loop
      vertex 189.58 114.487 18
      vertex 185.92 114.487 18
      vertex 189.58 107.513 18
    endloop
  endfacet
  facet normal 0 0 1
    outer loop
      vertex 189.58 107.513 18
      vertex 185.92 107.513 18
      vertex 189.58 102.987 18
    endloop
  endfacet
  facet normal 0 0 1
    outer loop
      vertex 185.92 102.987 18
      vertex 189.58 102.987 18
      vertex 185.92 107.513 18
    endloop
  endfacet
  facet normal 0 0 1
    outer loop
      vertex 185.92 96.0134 18
      vertex 189.58 96.0134 18
      vertex 185.92 102.987 18
    endloop
  endfacet
  facet normal 0 0 1
    outer loop
      vertex 189.58 96.0134 18
      vertex 185.92 96.0134 18
      vertex 189.58 91.4866 18
    endloop
  endfacet
  facet normal 0 0 1
    outer loop
      vertex 189.58 91.4866 18
      vertex 185.92 91.4866 18
      vertex 189.58 84.5134 18
    endloop
  endfacet
  facet normal 0 0 1
    outer loop
      vertex 185.92 84.5134 18
      vertex 189.58 84.5134 18
      vertex 185.92 91.4866 18
    endloop
  endfacet
  facet normal 0 0 1
    outer loop
      vertex 185.92 114.487 18
      vertex 189.58 119.013 18
      vertex 185.92 119.013 18
    endloop
  endfacet
  facet normal 0 0 1
    outer loop
      vertex 193.004 120.99 18
      vertex 182.496 120.99 18
      vertex 189.58 119.013 18
    endloop
  endfacet
  facet normal 0 0 1
    outer loop
      vertex 189.58 119.013 18
      vertex 182.496 120.99 18
      vertex 185.92 119.013 18
    endloop
  endfacet
  facet normal 0 0 1
    outer loop
      vertex 193.004 120.99 18
      vertex 182 121.277 18
      vertex 182.496 120.99 18
    endloop
  endfacet
  facet normal 0 0 1
    outer loop
      vertex 174.42 114.487 18
      vertex 178.08 114.487 18
      vertex 178.08 119.013 18
    endloop
  endfacet
  facet normal 0 0 1
    outer loop
      vertex 178.08 114.487 18
      vertex 174.42 114.487 18
      vertex 178.08 107.513 18
    endloop
  endfacet
  facet normal 0 0 1
    outer loop
      vertex 178.08 107.513 18
      vertex 174.42 107.513 18
      vertex 178.08 102.987 18
    endloop
  endfacet
  facet normal 0 0 1
    outer loop
      vertex 174.42 102.987 18
      vertex 178.08 102.987 18
      vertex 174.42 107.513 18
    endloop
  endfacet
  facet normal 0 0 1
    outer loop
      vertex 174.42 96.0134 18
      vertex 178.08 96.0134 18
      vertex 174.42 102.987 18
    endloop
  endfacet
  facet normal 0 0 1
    outer loop
      vertex 178.08 96.0134 18
      vertex 174.42 96.0134 18
      vertex 178.08 91.4866 18
    endloop
  endfacet
  facet normal 0 0 1
    outer loop
      vertex 178.08 91.4866 18
      vertex 174.42 91.4866 18
      vertex 178.08 84.5134 18
    endloop
  endfacet
  facet normal 0 0 1
    outer loop
      vertex 174.42 84.5134 18
      vertex 178.08 84.5134 18
      vertex 174.42 91.4866 18
    endloop
  endfacet
  facet normal 0 0 1
    outer loop
      vertex 174.42 114.487 18
      vertex 178.08 119.013 18
      vertex 174.42 119.013 18
    endloop
  endfacet
  facet normal 0 0 1
    outer loop
      vertex 181.504 120.99 18
      vertex 174.42 119.013 18
      vertex 178.08 119.013 18
    endloop
  endfacet
  facet normal 0 0 1
    outer loop
      vertex 170.996 120.99 18
      vertex 181.504 120.99 18
      vertex 182 121.277 18
    endloop
  endfacet
  facet normal 0 0 1
    outer loop
      vertex 170.5 121.277 18
      vertex 182 121.277 18
      vertex 203 129 18
    endloop
  endfacet
  facet normal 0 0 1
    outer loop
      vertex 181.504 120.99 18
      vertex 170.996 120.99 18
      vertex 174.42 119.013 18
    endloop
  endfacet
  facet normal 0 0 1
    outer loop
      vertex 182 121.277 18
      vertex 170.5 121.277 18
      vertex 170.996 120.99 18
    endloop
  endfacet
  facet normal 0 0 1
    outer loop
      vertex 162.92 114.487 18
      vertex 166.58 114.487 18
      vertex 166.58 119.013 18
    endloop
  endfacet
  facet normal 0 0 1
    outer loop
      vertex 166.58 114.487 18
      vertex 162.92 114.487 18
      vertex 166.58 107.513 18
    endloop
  endfacet
  facet normal 0 0 1
    outer loop
      vertex 166.58 107.513 18
      vertex 162.92 107.513 18
      vertex 166.58 102.987 18
    endloop
  endfacet
  facet normal 0 0 1
    outer loop
      vertex 162.92 102.987 18
      vertex 166.58 102.987 18
      vertex 162.92 107.513 18
    endloop
  endfacet
  facet normal 0 0 1
    outer loop
      vertex 162.92 96.0134 18
      vertex 166.58 96.0134 18
      vertex 162.92 102.987 18
    endloop
  endfacet
  facet normal 0 0 1
    outer loop
      vertex 166.58 96.0134 18
      vertex 162.92 96.0134 18
      vertex 166.58 91.4866 18
    endloop
  endfacet
  facet normal 0 0 1
    outer loop
      vertex 166.58 91.4866 18
      vertex 162.92 91.4866 18
      vertex 166.58 84.5134 18
    endloop
  endfacet
  facet normal 0 0 1
    outer loop
      vertex 162.92 84.5134 18
      vertex 166.58 84.5134 18
      vertex 162.92 91.4866 18
    endloop
  endfacet
  facet normal 0 0 1
    outer loop
      vertex 162.92 114.487 18
      vertex 166.58 119.013 18
      vertex 162.92 119.013 18
    endloop
  endfacet
  facet normal 0 0 1
    outer loop
      vertex 170.004 120.99 18
      vertex 162.92 119.013 18
      vertex 166.58 119.013 18
    endloop
  endfacet
  facet normal 0 0 1
    outer loop
      vertex 159.496 120.99 18
      vertex 170.004 120.99 18
      vertex 170.5 121.277 18
    endloop
  endfacet
  facet normal 0 0 1
    outer loop
      vertex 170.004 120.99 18
      vertex 159.496 120.99 18
      vertex 162.92 119.013 18
    endloop
  endfacet
  facet normal -0 0 1
    outer loop
      vertex 138 129 18
      vertex 170.5 121.277 18
      vertex 203 129 18
    endloop
  endfacet
  facet normal 0 0 1
    outer loop
      vertex 170.5 121.277 18
      vertex 159 121.277 18
      vertex 159.496 120.99 18
    endloop
  endfacet
  facet normal 0 0 1
    outer loop
      vertex 151.42 114.487 18
      vertex 155.08 114.487 18
      vertex 155.08 119.013 18
    endloop
  endfacet
  facet normal 0 0 1
    outer loop
      vertex 155.08 114.487 18
      vertex 151.42 114.487 18
      vertex 155.08 107.513 18
    endloop
  endfacet
  facet normal 0 0 1
    outer loop
      vertex 155.08 107.513 18
      vertex 151.42 107.513 18
      vertex 155.08 102.987 18
    endloop
  endfacet
  facet normal 0 0 1
    outer loop
      vertex 151.42 102.987 18
      vertex 155.08 102.987 18
      vertex 151.42 107.513 18
    endloop
  endfacet
  facet normal 0 0 1
    outer loop
      vertex 151.42 96.0134 18
      vertex 155.08 96.0134 18
      vertex 151.42 102.987 18
    endloop
  endfacet
  facet normal 0 0 1
    outer loop
      vertex 155.08 96.0134 18
      vertex 151.42 96.0134 18
      vertex 155.08 91.4866 18
    endloop
  endfacet
  facet normal 0 0 1
    outer loop
      vertex 155.08 91.4866 18
      vertex 151.42 91.4866 18
      vertex 155.08 84.5134 18
    endloop
  endfacet
  facet normal 0 0 1
    outer loop
      vertex 151.42 84.5134 18
      vertex 155.08 84.5134 18
      vertex 151.42 91.4866 18
    endloop
  endfacet
  facet normal 0 0 1
    outer loop
      vertex 151.42 114.487 18
      vertex 155.08 119.013 18
      vertex 151.42 119.013 18
    endloop
  endfacet
  facet normal 0 0 1
    outer loop
      vertex 158.504 120.99 18
      vertex 151.42 119.013 18
      vertex 155.08 119.013 18
    endloop
  endfacet
  facet normal 0 0 1
    outer loop
      vertex 147.996 120.99 18
      vertex 158.504 120.99 18
      vertex 159 121.277 18
    endloop
  endfacet
  facet normal 0 0 1
    outer loop
      vertex 158.504 120.99 18
      vertex 147.996 120.99 18
      vertex 151.42 119.013 18
    endloop
  endfacet
  facet normal 0 0 1
    outer loop
      vertex 170.5 121.277 18
      vertex 138 129 18
      vertex 159 121.277 18
    endloop
  endfacet
  facet normal 0 -0 1
    outer loop
      vertex 147.5 121.277 18
      vertex 159 121.277 18
      vertex 138 129 18
    endloop
  endfacet
  facet normal 0 0 1
    outer loop
      vertex 138 129 18
      vertex 143.58 114.487 18
      vertex 143.58 119.013 18
    endloop
  endfacet
  facet normal 0 0 1
    outer loop
      vertex 143.58 114.487 18
      vertex 138 129 18
      vertex 143.58 107.513 18
    endloop
  endfacet
  facet normal 0 0 1
    outer loop
      vertex 143.58 107.513 18
      vertex 138 129 18
      vertex 143.58 102.987 18
    endloop
  endfacet
  facet normal 0 0 1
    outer loop
      vertex 143.58 102.987 18
      vertex 138 129 18
      vertex 143.58 96.0134 18
    endloop
  endfacet
  facet normal 0 0 1
    outer loop
      vertex 143.58 96.0134 18
      vertex 138 129 18
      vertex 143.58 91.4866 18
    endloop
  endfacet
  facet normal 0 0 1
    outer loop
      vertex 138 58.5 18
      vertex 143.58 91.4866 18
      vertex 138 129 18
    endloop
  endfacet
  facet normal 0 0 1
    outer loop
      vertex 143.58 91.4866 18
      vertex 138 58.5 18
      vertex 143.58 84.5134 18
    endloop
  endfacet
  facet normal 0 0 1
    outer loop
      vertex 143.58 84.5134 18
      vertex 138 58.5 18
      vertex 143.58 79.9866 18
    endloop
  endfacet
  facet normal 0 0 1
    outer loop
      vertex 143.58 79.9866 18
      vertex 138 58.5 18
      vertex 143.58 73.0134 18
    endloop
  endfacet
  facet normal 0 0 1
    outer loop
      vertex 147.004 120.99 18
      vertex 138 129 18
      vertex 143.58 119.013 18
    endloop
  endfacet
  facet normal 0 0 1
    outer loop
      vertex 147.5 121.277 18
      vertex 138 129 18
      vertex 147.004 120.99 18
    endloop
  endfacet
  facet normal 0 0 1
    outer loop
      vertex 159 121.277 18
      vertex 147.5 121.277 18
      vertex 147.996 120.99 18
    endloop
  endfacet
  facet normal 0 0 1
    outer loop
      vertex 197.42 107.513 18
      vertex 203 129 18
      vertex 197.42 114.487 18
    endloop
  endfacet
  facet normal 0 0 1
    outer loop
      vertex 197.42 102.987 18
      vertex 203 129 18
      vertex 197.42 107.513 18
    endloop
  endfacet
  facet normal 0 0 1
    outer loop
      vertex 197.42 96.0134 18
      vertex 203 129 18
      vertex 197.42 102.987 18
    endloop
  endfacet
  facet normal 0 0 1
    outer loop
      vertex 203 129 18
      vertex 197.42 96.0134 18
      vertex 203 58.5 18
    endloop
  endfacet
  facet normal -0 0 1
    outer loop
      vertex 197.42 91.4866 18
      vertex 203 58.5 18
      vertex 197.42 96.0134 18
    endloop
  endfacet
  facet normal -0 0 1
    outer loop
      vertex 197.42 84.5134 18
      vertex 203 58.5 18
      vertex 197.42 91.4866 18
    endloop
  endfacet
  facet normal -0 0 1
    outer loop
      vertex 197.42 79.9866 18
      vertex 203 58.5 18
      vertex 197.42 84.5134 18
    endloop
  endfacet
  facet normal -0 0 1
    outer loop
      vertex 197.42 73.0134 18
      vertex 203 58.5 18
      vertex 197.42 79.9866 18
    endloop
  endfacet
  facet normal -0 0 1
    outer loop
      vertex 197.42 68.4866 18
      vertex 203 58.5 18
      vertex 197.42 73.0134 18
    endloop
  endfacet
  facet normal -0 0 1
    outer loop
      vertex 193.996 66.5098 18
      vertex 203 58.5 18
      vertex 197.42 68.4866 18
    endloop
  endfacet
  facet normal -0 0 1
    outer loop
      vertex 193.5 66.2231 18
      vertex 203 58.5 18
      vertex 193.996 66.5098 18
    endloop
  endfacet
  facet normal 0 0 1
    outer loop
      vertex 182 66.2231 18
      vertex 193.5 66.2231 18
      vertex 193.004 66.5098 18
    endloop
  endfacet
  facet normal 0 0 1
    outer loop
      vertex 182.496 66.5098 18
      vertex 193.004 66.5098 18
      vertex 189.58 68.4866 18
    endloop
  endfacet
  facet normal 0 0 1
    outer loop
      vertex 189.58 107.513 18
      vertex 185.92 114.487 18
      vertex 185.92 107.513 18
    endloop
  endfacet
  facet normal 0 0 1
    outer loop
      vertex 189.58 102.987 18
      vertex 185.92 102.987 18
      vertex 189.58 96.0134 18
    endloop
  endfacet
  facet normal 0 0 1
    outer loop
      vertex 185.92 91.4866 18
      vertex 189.58 91.4866 18
      vertex 185.92 96.0134 18
    endloop
  endfacet
  facet normal 0 0 1
    outer loop
      vertex 189.58 84.5134 18
      vertex 185.92 84.5134 18
      vertex 189.58 79.9866 18
    endloop
  endfacet
  facet normal 0 0 1
    outer loop
      vertex 185.92 79.9866 18
      vertex 189.58 79.9866 18
      vertex 185.92 84.5134 18
    endloop
  endfacet
  facet normal 0 0 1
    outer loop
      vertex 189.58 79.9866 18
      vertex 185.92 79.9866 18
      vertex 189.58 73.0134 18
    endloop
  endfacet
  facet normal 0 0 1
    outer loop
      vertex 185.92 73.0134 18
      vertex 189.58 73.0134 18
      vertex 185.92 79.9866 18
    endloop
  endfacet
  facet normal 0 0 1
    outer loop
      vertex 189.58 73.0134 18
      vertex 185.92 73.0134 18
      vertex 189.58 68.4866 18
    endloop
  endfacet
  facet normal 0 0 1
    outer loop
      vertex 185.92 68.4866 18
      vertex 189.58 68.4866 18
      vertex 185.92 73.0134 18
    endloop
  endfacet
  facet normal 0 0 1
    outer loop
      vertex 182.496 66.5098 18
      vertex 189.58 68.4866 18
      vertex 185.92 68.4866 18
    endloop
  endfacet
  facet normal 0 0 1
    outer loop
      vertex 182 66.2231 18
      vertex 193.004 66.5098 18
      vertex 182.496 66.5098 18
    endloop
  endfacet
  facet normal 0 0 1
    outer loop
      vertex 193.5 66.2231 18
      vertex 182 66.2231 18
      vertex 203 58.5 18
    endloop
  endfacet
  facet normal 0 0 1
    outer loop
      vertex 178.08 107.513 18
      vertex 174.42 114.487 18
      vertex 174.42 107.513 18
    endloop
  endfacet
  facet normal 0 0 1
    outer loop
      vertex 178.08 102.987 18
      vertex 174.42 102.987 18
      vertex 178.08 96.0134 18
    endloop
  endfacet
  facet normal 0 0 1
    outer loop
      vertex 174.42 91.4866 18
      vertex 178.08 91.4866 18
      vertex 174.42 96.0134 18
    endloop
  endfacet
  facet normal 0 0 1
    outer loop
      vertex 178.08 84.5134 18
      vertex 174.42 84.5134 18
      vertex 178.08 79.9866 18
    endloop
  endfacet
  facet normal 0 0 1
    outer loop
      vertex 174.42 79.9866 18
      vertex 178.08 79.9866 18
      vertex 174.42 84.5134 18
    endloop
  endfacet
  facet normal 0 0 1
    outer loop
      vertex 178.08 79.9866 18
      vertex 174.42 79.9866 18
      vertex 178.08 73.0134 18
    endloop
  endfacet
  facet normal 0 0 1
    outer loop
      vertex 174.42 73.0134 18
      vertex 178.08 73.0134 18
      vertex 174.42 79.9866 18
    endloop
  endfacet
  facet normal 0 0 1
    outer loop
      vertex 178.08 73.0134 18
      vertex 174.42 73.0134 18
      vertex 178.08 68.4866 18
    endloop
  endfacet
  facet normal 0 0 1
    outer loop
      vertex 174.42 68.4866 18
      vertex 178.08 68.4866 18
      vertex 174.42 73.0134 18
    endloop
  endfacet
  facet normal -0 0 1
    outer loop
      vertex 174.42 68.4866 18
      vertex 181.504 66.5098 18
      vertex 178.08 68.4866 18
    endloop
  endfacet
  facet normal 0 0 1
    outer loop
      vertex 170.996 66.5098 18
      vertex 181.504 66.5098 18
      vertex 174.42 68.4866 18
    endloop
  endfacet
  facet normal 0 0 1
    outer loop
      vertex 181.504 66.5098 18
      vertex 170.996 66.5098 18
      vertex 182 66.2231 18
    endloop
  endfacet
  facet normal 0 0 1
    outer loop
      vertex 170.5 66.2231 18
      vertex 182 66.2231 18
      vertex 170.996 66.5098 18
    endloop
  endfacet
  facet normal 0 0 1
    outer loop
      vertex 182 66.2231 18
      vertex 170.5 66.2231 18
      vertex 203 58.5 18
    endloop
  endfacet
  facet normal 0 0 1
    outer loop
      vertex 166.58 107.513 18
      vertex 162.92 114.487 18
      vertex 162.92 107.513 18
    endloop
  endfacet
  facet normal 0 0 1
    outer loop
      vertex 166.58 102.987 18
      vertex 162.92 102.987 18
      vertex 166.58 96.0134 18
    endloop
  endfacet
  facet normal 0 0 1
    outer loop
      vertex 162.92 91.4866 18
      vertex 166.58 91.4866 18
      vertex 162.92 96.0134 18
    endloop
  endfacet
  facet normal 0 0 1
    outer loop
      vertex 166.58 84.5134 18
      vertex 162.92 84.5134 18
      vertex 166.58 79.9866 18
    endloop
  endfacet
  facet normal 0 0 1
    outer loop
      vertex 162.92 79.9866 18
      vertex 166.58 79.9866 18
      vertex 162.92 84.5134 18
    endloop
  endfacet
  facet normal 0 0 1
    outer loop
      vertex 166.58 79.9866 18
      vertex 162.92 79.9866 18
      vertex 166.58 73.0134 18
    endloop
  endfacet
  facet normal 0 0 1
    outer loop
      vertex 162.92 73.0134 18
      vertex 166.58 73.0134 18
      vertex 162.92 79.9866 18
    endloop
  endfacet
  facet normal 0 0 1
    outer loop
      vertex 166.58 73.0134 18
      vertex 162.92 73.0134 18
      vertex 166.58 68.4866 18
    endloop
  endfacet
  facet normal 0 0 1
    outer loop
      vertex 162.92 68.4866 18
      vertex 166.58 68.4866 18
      vertex 162.92 73.0134 18
    endloop
  endfacet
  facet normal -0 0 1
    outer loop
      vertex 162.92 68.4866 18
      vertex 170.004 66.5098 18
      vertex 166.58 68.4866 18
    endloop
  endfacet
  facet normal 0 0 1
    outer loop
      vertex 159.496 66.5098 18
      vertex 170.004 66.5098 18
      vertex 162.92 68.4866 18
    endloop
  endfacet
  facet normal 0 0 1
    outer loop
      vertex 170.004 66.5098 18
      vertex 159.496 66.5098 18
      vertex 170.5 66.2231 18
    endloop
  endfacet
  facet normal 0 0 1
    outer loop
      vertex 159 66.2231 18
      vertex 170.5 66.2231 18
      vertex 159.496 66.5098 18
    endloop
  endfacet
  facet normal 0 0 1
    outer loop
      vertex 138 58.5 18
      vertex 170.5 66.2231 18
      vertex 159 66.2231 18
    endloop
  endfacet
  facet normal 0 0 1
    outer loop
      vertex 155.08 107.513 18
      vertex 151.42 114.487 18
      vertex 151.42 107.513 18
    endloop
  endfacet
  facet normal 0 0 1
    outer loop
      vertex 155.08 102.987 18
      vertex 151.42 102.987 18
      vertex 155.08 96.0134 18
    endloop
  endfacet
  facet normal 0 0 1
    outer loop
      vertex 151.42 91.4866 18
      vertex 155.08 91.4866 18
      vertex 151.42 96.0134 18
    endloop
  endfacet
  facet normal 0 0 1
    outer loop
      vertex 155.08 84.5134 18
      vertex 151.42 84.5134 18
      vertex 155.08 79.9866 18
    endloop
  endfacet
  facet normal 0 0 1
    outer loop
      vertex 151.42 79.9866 18
      vertex 155.08 79.9866 18
      vertex 151.42 84.5134 18
    endloop
  endfacet
  facet normal 0 0 1
    outer loop
      vertex 155.08 79.9866 18
      vertex 151.42 79.9866 18
      vertex 155.08 73.0134 18
    endloop
  endfacet
  facet normal 0 0 1
    outer loop
      vertex 151.42 73.0134 18
      vertex 155.08 73.0134 18
      vertex 151.42 79.9866 18
    endloop
  endfacet
  facet normal 0 0 1
    outer loop
      vertex 155.08 73.0134 18
      vertex 151.42 73.0134 18
      vertex 155.08 68.4866 18
    endloop
  endfacet
  facet normal 0 0 1
    outer loop
      vertex 151.42 68.4866 18
      vertex 155.08 68.4866 18
      vertex 151.42 73.0134 18
    endloop
  endfacet
  facet normal -0 0 1
    outer loop
      vertex 151.42 68.4866 18
      vertex 158.504 66.5098 18
      vertex 155.08 68.4866 18
    endloop
  endfacet
  facet normal 0 0 1
    outer loop
      vertex 147.996 66.5098 18
      vertex 158.504 66.5098 18
      vertex 151.42 68.4866 18
    endloop
  endfacet
  facet normal 0 0 1
    outer loop
      vertex 158.504 66.5098 18
      vertex 147.996 66.5098 18
      vertex 159 66.2231 18
    endloop
  endfacet
  facet normal 0 0 1
    outer loop
      vertex 147.5 66.2231 18
      vertex 159 66.2231 18
      vertex 147.996 66.5098 18
    endloop
  endfacet
  facet normal 0 0 1
    outer loop
      vertex 159 66.2231 18
      vertex 147.5 66.2231 18
      vertex 138 58.5 18
    endloop
  endfacet
  facet normal 0 0 1
    outer loop
      vertex 170.5 66.2231 18
      vertex 138 58.5 18
      vertex 203 58.5 18
    endloop
  endfacet
  facet normal 0 0 1
    outer loop
      vertex 147.004 66.5098 18
      vertex 138 58.5 18
      vertex 147.5 66.2231 18
    endloop
  endfacet
  facet normal 0 0 1
    outer loop
      vertex 143.58 68.4866 18
      vertex 138 58.5 18
      vertex 147.004 66.5098 18
    endloop
  endfacet
  facet normal 0 0 1
    outer loop
      vertex 143.58 73.0134 18
      vertex 138 58.5 18
      vertex 143.58 68.4866 18
    endloop
  endfacet
  facet normal 0.707107 -0 0.707107
    outer loop
      vertex 14 2.4 51
      vertex 15 5.2 50
      vertex 14 5.2 51
    endloop
  endfacet
  facet normal 0.707107 0 0.707107
    outer loop
      vertex 15 5.2 50
      vertex 14 2.4 51
      vertex 15 2.4 50
    endloop
  endfacet
  facet normal 0 -1 0
    outer loop
      vertex 9 2.4 50
      vertex 14 2.4 51
      vertex 10 2.4 51
    endloop
  endfacet
  facet normal 0 -1 -0
    outer loop
      vertex 14 2.4 51
      vertex 9 2.4 50
      vertex 15 2.4 50
    endloop
  endfacet
  facet normal -0.707107 0 0.707107
    outer loop
      vertex 9 2.4 50
      vertex 10 5.2 51
      vertex 9 5.2 50
    endloop
  endfacet
  facet normal -0.707107 0 0.707107
    outer loop
      vertex 10 5.2 51
      vertex 9 2.4 50
      vertex 10 2.4 51
    endloop
  endfacet
  facet normal -0 0 1
    outer loop
      vertex 10 5.2 51
      vertex 14 2.4 51
      vertex 14 5.2 51
    endloop
  endfacet
  facet normal 0 0 1
    outer loop
      vertex 14 2.4 51
      vertex 10 5.2 51
      vertex 10 2.4 51
    endloop
  endfacet
  facet normal 0 1 0
    outer loop
      vertex 15 5.2 50
      vertex 10 5.2 51
      vertex 14 5.2 51
    endloop
  endfacet
  facet normal 0 1 0
    outer loop
      vertex 10 5.2 51
      vertex 15 5.2 50
      vertex 9 5.2 50
    endloop
  endfacet
  facet normal 0.707107 -0 0.707107
    outer loop
      vertex 14 202.8 51
      vertex 15 205.6 50
      vertex 14 205.6 51
    endloop
  endfacet
  facet normal 0.707107 0 0.707107
    outer loop
      vertex 15 205.6 50
      vertex 14 202.8 51
      vertex 15 202.8 50
    endloop
  endfacet
  facet normal -0.707107 0 0.707107
    outer loop
      vertex 9 202.8 50
      vertex 10 205.6 51
      vertex 9 205.6 50
    endloop
  endfacet
  facet normal -0.707107 0 0.707107
    outer loop
      vertex 10 205.6 51
      vertex 9 202.8 50
      vertex 10 202.8 51
    endloop
  endfacet
  facet normal 0 1 0
    outer loop
      vertex 15 205.6 50
      vertex 10 205.6 51
      vertex 14 205.6 51
    endloop
  endfacet
  facet normal 0 1 0
    outer loop
      vertex 10 205.6 51
      vertex 15 205.6 50
      vertex 9 205.6 50
    endloop
  endfacet
  facet normal -0 0 1
    outer loop
      vertex 10 205.6 51
      vertex 14 202.8 51
      vertex 14 205.6 51
    endloop
  endfacet
  facet normal 0 0 1
    outer loop
      vertex 14 202.8 51
      vertex 10 205.6 51
      vertex 10 202.8 51
    endloop
  endfacet
  facet normal 0 -1 0
    outer loop
      vertex 9 202.8 50
      vertex 14 202.8 51
      vertex 10 202.8 51
    endloop
  endfacet
  facet normal 0 -1 -0
    outer loop
      vertex 14 202.8 51
      vertex 9 202.8 50
      vertex 15 202.8 50
    endloop
  endfacet
endsolid OpenSCAD_Model
