solid OpenSCAD_Model
  facet normal -1 0 0
    outer loop
      vertex 72 6 6
      vertex 72 101 7
      vertex 72 101 6
    endloop
  endfacet
  facet normal -1 -0 0
    outer loop
      vertex 72 101 7
      vertex 72 6 6
      vertex 72 6 7
    endloop
  endfacet
  facet normal 0 0 1
    outer loop
      vertex 38.1778 49.765 6
      vertex 34.9426 54.4288 6
      vertex 34.9446 54.2731 6
    endloop
  endfacet
  facet normal 0 0 1
    outer loop
      vertex 38.1778 49.765 6
      vertex 34.9366 54.5982 6
      vertex 34.9426 54.4288 6
    endloop
  endfacet
  facet normal 0 0 1
    outer loop
      vertex 38.1778 49.765 6
      vertex 34.9266 54.7813 6
      vertex 34.9366 54.5982 6
    endloop
  endfacet
  facet normal 0 0 1
    outer loop
      vertex 38.1778 49.765 6
      vertex 34.9127 54.9782 6
      vertex 34.9266 54.7813 6
    endloop
  endfacet
  facet normal 0 0 1
    outer loop
      vertex 38.1778 49.765 6
      vertex 34.8948 55.1888 6
      vertex 34.9127 54.9782 6
    endloop
  endfacet
  facet normal 0 0 1
    outer loop
      vertex 38.1778 49.765 6
      vertex 34.8729 55.4131 6
      vertex 34.8948 55.1888 6
    endloop
  endfacet
  facet normal -0 -0 1
    outer loop
      vertex 34.8729 55.4131 6
      vertex 38.1778 49.765 6
      vertex 34.847 55.6512 6
    endloop
  endfacet
  facet normal 0 0 1
    outer loop
      vertex 72 101 6
      vertex 56.6275 53.6222 6
      vertex 72 6 6
    endloop
  endfacet
  facet normal 0 0 1
    outer loop
      vertex 72 101 6
      vertex 56.6066 54.1256 6
      vertex 56.6275 53.6222 6
    endloop
  endfacet
  facet normal 0 0 1
    outer loop
      vertex 72 101 6
      vertex 56.544 54.5974 6
      vertex 56.6066 54.1256 6
    endloop
  endfacet
  facet normal 0 0 1
    outer loop
      vertex 72 101 6
      vertex 56.4396 55.0374 6
      vertex 56.544 54.5974 6
    endloop
  endfacet
  facet normal 0 0 1
    outer loop
      vertex 72 101 6
      vertex 56.2935 55.4459 6
      vertex 56.4396 55.0374 6
    endloop
  endfacet
  facet normal 0 0 1
    outer loop
      vertex 72 101 6
      vertex 56.1057 55.8226 6
      vertex 56.2935 55.4459 6
    endloop
  endfacet
  facet normal 0 0 1
    outer loop
      vertex 72 101 6
      vertex 55.8761 56.1677 6
      vertex 56.1057 55.8226 6
    endloop
  endfacet
  facet normal 0 0 1
    outer loop
      vertex 72 101 6
      vertex 55.6048 56.4812 6
      vertex 55.8761 56.1677 6
    endloop
  endfacet
  facet normal 0 0 1
    outer loop
      vertex 72 101 6
      vertex 55.2964 56.7575 6
      vertex 55.6048 56.4812 6
    endloop
  endfacet
  facet normal 0 0 1
    outer loop
      vertex 72 101 6
      vertex 54.9556 56.9913 6
      vertex 55.2964 56.7575 6
    endloop
  endfacet
  facet normal 0 0 1
    outer loop
      vertex 72 101 6
      vertex 54.5824 57.1826 6
      vertex 54.9556 56.9913 6
    endloop
  endfacet
  facet normal 0 0 1
    outer loop
      vertex 72 101 6
      vertex 54.1767 57.3314 6
      vertex 54.5824 57.1826 6
    endloop
  endfacet
  facet normal 0 0 1
    outer loop
      vertex 72 101 6
      vertex 53.7385 57.4377 6
      vertex 54.1767 57.3314 6
    endloop
  endfacet
  facet normal 0 0 1
    outer loop
      vertex 72 101 6
      vertex 53.2679 57.5015 6
      vertex 53.7385 57.4377 6
    endloop
  endfacet
  facet normal 0 0 1
    outer loop
      vertex 72 101 6
      vertex 52.7649 57.5228 6
      vertex 53.2679 57.5015 6
    endloop
  endfacet
  facet normal 0 0 1
    outer loop
      vertex 72 101 6
      vertex 52.2619 57.5017 6
      vertex 52.7649 57.5228 6
    endloop
  endfacet
  facet normal 0 0 1
    outer loop
      vertex 45.5864 57.4787 6
      vertex 52.2619 57.5017 6
      vertex 72 101 6
    endloop
  endfacet
  facet normal 0 0 1
    outer loop
      vertex 52.2619 57.5017 6
      vertex 45.5864 57.4787 6
      vertex 51.7915 57.4386 6
    endloop
  endfacet
  facet normal 0 -0 1
    outer loop
      vertex 45.9199 57.4236 6
      vertex 51.7915 57.4386 6
      vertex 45.5864 57.4787 6
    endloop
  endfacet
  facet normal 0 0 1
    outer loop
      vertex 51.7915 57.4386 6
      vertex 45.9199 57.4236 6
      vertex 51.3536 57.3334 6
    endloop
  endfacet
  facet normal 0 -0 1
    outer loop
      vertex 46.5257 57.2473 6
      vertex 51.3536 57.3334 6
      vertex 46.233 57.3465 6
    endloop
  endfacet
  facet normal 0 0 1
    outer loop
      vertex 51.3536 57.3334 6
      vertex 46.5257 57.2473 6
      vertex 50.9483 57.1862 6
    endloop
  endfacet
  facet normal 0 0 1
    outer loop
      vertex 50.9483 57.1862 6
      vertex 46.798 57.1261 6
      vertex 50.5755 56.9968 6
    endloop
  endfacet
  facet normal 0 0 1
    outer loop
      vertex 50.5755 56.9968 6
      vertex 47.05 56.9829 6
      vertex 50.2353 56.7654 6
    endloop
  endfacet
  facet normal 0 0 1
    outer loop
      vertex 46.8276 55.011 6
      vertex 48.9077 53.6222 6
      vertex 48.9285 54.1311 6
    endloop
  endfacet
  facet normal 0 0 1
    outer loop
      vertex 48.2382 55.3961 6
      vertex 48.9285 54.1311 6
      vertex 48.991 54.6071 6
    endloop
  endfacet
  facet normal 0 0 1
    outer loop
      vertex 48.2382 55.3961 6
      vertex 48.991 54.6071 6
      vertex 49.095 55.05 6
    endloop
  endfacet
  facet normal 0 0 1
    outer loop
      vertex 48.9285 54.1311 6
      vertex 48.2382 55.3961 6
      vertex 46.8276 55.011 6
    endloop
  endfacet
  facet normal 0 0 1
    outer loop
      vertex 49.2407 55.46 6
      vertex 48.2382 55.3961 6
      vertex 49.095 55.05 6
    endloop
  endfacet
  facet normal -0 0 1
    outer loop
      vertex 48.1302 55.6849 6
      vertex 49.2407 55.46 6
      vertex 49.4281 55.837 6
    endloop
  endfacet
  facet normal 0 0 1
    outer loop
      vertex 50.2353 56.7654 6
      vertex 47.4924 56.6331 6
      vertex 49.9276 56.492 6
    endloop
  endfacet
  facet normal 0 0 1
    outer loop
      vertex 49.2407 55.46 6
      vertex 48.1302 55.6849 6
      vertex 48.2382 55.3961 6
    endloop
  endfacet
  facet normal 0 0 1
    outer loop
      vertex 49.4281 55.837 6
      vertex 48.0016 55.953 6
      vertex 48.1302 55.6849 6
    endloop
  endfacet
  facet normal 0 0 1
    outer loop
      vertex 49.657 56.181 6
      vertex 48.0016 55.953 6
      vertex 49.4281 55.837 6
    endloop
  endfacet
  facet normal 0 -0 1
    outer loop
      vertex 48.0016 55.953 6
      vertex 49.657 56.181 6
      vertex 47.8525 56.2004 6
    endloop
  endfacet
  facet normal -0 -0 1
    outer loop
      vertex 47.8525 56.2004 6
      vertex 49.657 56.181 6
      vertex 47.6828 56.4271 6
    endloop
  endfacet
  facet normal 0 0 1
    outer loop
      vertex 49.9276 56.492 6
      vertex 47.6828 56.4271 6
      vertex 49.657 56.181 6
    endloop
  endfacet
  facet normal 0 -0 1
    outer loop
      vertex 47.6828 56.4271 6
      vertex 49.9276 56.492 6
      vertex 47.4924 56.6331 6
    endloop
  endfacet
  facet normal 0 -0 1
    outer loop
      vertex 47.4924 56.6331 6
      vertex 50.2353 56.7654 6
      vertex 47.2815 56.8183 6
    endloop
  endfacet
  facet normal -0 -0 1
    outer loop
      vertex 47.2815 56.8183 6
      vertex 50.2353 56.7654 6
      vertex 47.05 56.9829 6
    endloop
  endfacet
  facet normal 0 -0 1
    outer loop
      vertex 47.05 56.9829 6
      vertex 50.5755 56.9968 6
      vertex 46.798 57.1261 6
    endloop
  endfacet
  facet normal 0 -0 1
    outer loop
      vertex 46.798 57.1261 6
      vertex 50.9483 57.1862 6
      vertex 46.5257 57.2473 6
    endloop
  endfacet
  facet normal -0 -0 1
    outer loop
      vertex 46.233 57.3465 6
      vertex 51.3536 57.3334 6
      vertex 45.9199 57.4236 6
    endloop
  endfacet
  facet normal 0 0 1
    outer loop
      vertex 72 101 6
      vertex 45.2326 57.5117 6
      vertex 45.5864 57.4787 6
    endloop
  endfacet
  facet normal 0 0 1
    outer loop
      vertex 72 101 6
      vertex 44.8583 57.5228 6
      vertex 45.2326 57.5117 6
    endloop
  endfacet
  facet normal 0 0 1
    outer loop
      vertex 72 101 6
      vertex 44.3492 57.5022 6
      vertex 44.8583 57.5228 6
    endloop
  endfacet
  facet normal 0 0 1
    outer loop
      vertex 40.0549 57.4088 6
      vertex 44.3492 57.5022 6
      vertex 72 101 6
    endloop
  endfacet
  facet normal 0 0 1
    outer loop
      vertex 44.3492 57.5022 6
      vertex 40.0549 57.4088 6
      vertex 43.8756 57.4404 6
    endloop
  endfacet
  facet normal 0 0 1
    outer loop
      vertex 43.8756 57.4404 6
      vertex 40.0549 57.4088 6
      vertex 43.4378 57.3374 6
    endloop
  endfacet
  facet normal 0 0 1
    outer loop
      vertex 43.4378 57.3374 6
      vertex 40.0549 57.4088 6
      vertex 43.0355 57.1933 6
    endloop
  endfacet
  facet normal 0 0 1
    outer loop
      vertex 43.0355 57.1933 6
      vertex 40.0549 57.4088 6
      vertex 42.6689 57.0079 6
    endloop
  endfacet
  facet normal 0 0 1
    outer loop
      vertex 42.6689 57.0079 6
      vertex 40.0549 57.4088 6
      vertex 42.338 56.7814 6
    endloop
  endfacet
  facet normal 0 0 1
    outer loop
      vertex 42.338 56.7814 6
      vertex 40.0549 57.4088 6
      vertex 42.0427 56.5137 6
    endloop
  endfacet
  facet normal 0 0 1
    outer loop
      vertex 41.0915 54.1422 6
      vertex 40.0549 57.4088 6
      vertex 41.0717 53.6222 6
    endloop
  endfacet
  facet normal 0 0 1
    outer loop
      vertex 41.151 54.6266 6
      vertex 40.0549 57.4088 6
      vertex 41.0915 54.1422 6
    endloop
  endfacet
  facet normal 0 0 1
    outer loop
      vertex 41.25 55.0753 6
      vertex 40.0549 57.4088 6
      vertex 41.151 54.6266 6
    endloop
  endfacet
  facet normal 0 0 1
    outer loop
      vertex 41.3888 55.4884 6
      vertex 40.0549 57.4088 6
      vertex 41.25 55.0753 6
    endloop
  endfacet
  facet normal 0 0 1
    outer loop
      vertex 41.5671 55.8658 6
      vertex 40.0549 57.4088 6
      vertex 41.3888 55.4884 6
    endloop
  endfacet
  facet normal 0 0 1
    outer loop
      vertex 41.7851 56.2076 6
      vertex 40.0549 57.4088 6
      vertex 41.5671 55.8658 6
    endloop
  endfacet
  facet normal 0 0 1
    outer loop
      vertex 42.0427 56.5137 6
      vertex 40.0549 57.4088 6
      vertex 41.7851 56.2076 6
    endloop
  endfacet
  facet normal 0 0 1
    outer loop
      vertex 72 101 6
      vertex 38.6336 57.4088 6
      vertex 40.0549 57.4088 6
    endloop
  endfacet
  facet normal 0 0 1
    outer loop
      vertex 38.6336 57.4088 6
      vertex 35.3514 57.4088 6
      vertex 38.6336 52.9657 6
    endloop
  endfacet
  facet normal 0 0 1
    outer loop
      vertex 72 101 6
      vertex 35.3514 57.4088 6
      vertex 38.6336 57.4088 6
    endloop
  endfacet
  facet normal -0 0 1
    outer loop
      vertex 2 101 6
      vertex 35.3514 57.4088 6
      vertex 72 101 6
    endloop
  endfacet
  facet normal 0 0 1
    outer loop
      vertex 33.5232 57.4088 6
      vertex 32.6746 49.765 6
      vertex 33.5232 49.765 6
    endloop
  endfacet
  facet normal 0 0 1
    outer loop
      vertex 33.5232 57.4088 6
      vertex 29.897 57.4088 6
      vertex 32.6746 49.765 6
    endloop
  endfacet
  facet normal 0 0 1
    outer loop
      vertex 35.3514 57.4088 6
      vertex 2 101 6
      vertex 33.5232 57.4088 6
    endloop
  endfacet
  facet normal 0 0 1
    outer loop
      vertex 33.5232 57.4088 6
      vertex 2 101 6
      vertex 29.897 57.4088 6
    endloop
  endfacet
  facet normal 0 0 1
    outer loop
      vertex 28.0091 57.4088 6
      vertex 24.627 51.9459 6
      vertex 25.2206 49.765 6
    endloop
  endfacet
  facet normal 0 0 1
    outer loop
      vertex 28.0091 57.4088 6
      vertex 24.6171 52.1628 6
      vertex 24.627 51.9459 6
    endloop
  endfacet
  facet normal 0 0 1
    outer loop
      vertex 28.0091 57.4088 6
      vertex 24.5874 52.3673 6
      vertex 24.6171 52.1628 6
    endloop
  endfacet
  facet normal 0 0 1
    outer loop
      vertex 28.0091 57.4088 6
      vertex 24.5378 52.5592 6
      vertex 24.5874 52.3673 6
    endloop
  endfacet
  facet normal 0 0 1
    outer loop
      vertex 28.0091 57.4088 6
      vertex 24.4685 52.7386 6
      vertex 24.5378 52.5592 6
    endloop
  endfacet
  facet normal 0 0 1
    outer loop
      vertex 28.0091 57.4088 6
      vertex 24.3793 52.9055 6
      vertex 24.4685 52.7386 6
    endloop
  endfacet
  facet normal -0 0 1
    outer loop
      vertex 24.1213 54.9677 6
      vertex 24.3793 52.9055 6
      vertex 28.0091 57.4088 6
    endloop
  endfacet
  facet normal 0 0 1
    outer loop
      vertex 24.1802 55.3065 6
      vertex 28.0091 57.4088 6
      vertex 24.1876 55.4884 6
    endloop
  endfacet
  facet normal 0 0 1
    outer loop
      vertex 29.897 57.4088 6
      vertex 2 101 6
      vertex 28.0091 57.4088 6
    endloop
  endfacet
  facet normal 0 0 1
    outer loop
      vertex 28.0091 57.4088 6
      vertex 24.1729 55.7501 6
      vertex 24.1876 55.4884 6
    endloop
  endfacet
  facet normal 0 0 1
    outer loop
      vertex 28.0091 57.4088 6
      vertex 24.1289 55.993 6
      vertex 24.1729 55.7501 6
    endloop
  endfacet
  facet normal 0 0 1
    outer loop
      vertex 28.0091 57.4088 6
      vertex 24.0556 56.2169 6
      vertex 24.1289 55.993 6
    endloop
  endfacet
  facet normal 0 0 1
    outer loop
      vertex 28.0091 57.4088 6
      vertex 23.9529 56.4219 6
      vertex 24.0556 56.2169 6
    endloop
  endfacet
  facet normal 0 0 1
    outer loop
      vertex 28.0091 57.4088 6
      vertex 23.8208 56.6079 6
      vertex 23.9529 56.4219 6
    endloop
  endfacet
  facet normal 0 0 1
    outer loop
      vertex 28.0091 57.4088 6
      vertex 23.6595 56.775 6
      vertex 23.8208 56.6079 6
    endloop
  endfacet
  facet normal 0 0 1
    outer loop
      vertex 28.0091 57.4088 6
      vertex 23.4688 56.9232 6
      vertex 23.6595 56.775 6
    endloop
  endfacet
  facet normal 0 0 1
    outer loop
      vertex 28.0091 57.4088 6
      vertex 23.2495 57.0521 6
      vertex 23.4688 56.9232 6
    endloop
  endfacet
  facet normal 0 0 1
    outer loop
      vertex 28.0091 57.4088 6
      vertex 23.0025 57.1611 6
      vertex 23.2495 57.0521 6
    endloop
  endfacet
  facet normal 0 -0 1
    outer loop
      vertex 22.0945 57.3692 6
      vertex 28.0091 57.4088 6
      vertex 2 101 6
    endloop
  endfacet
  facet normal 0 0 1
    outer loop
      vertex 28.0091 57.4088 6
      vertex 22.7276 57.2503 6
      vertex 23.0025 57.1611 6
    endloop
  endfacet
  facet normal 0 0 1
    outer loop
      vertex 28.0091 57.4088 6
      vertex 22.425 57.3196 6
      vertex 22.7276 57.2503 6
    endloop
  endfacet
  facet normal 0 0 1
    outer loop
      vertex 28.0091 57.4088 6
      vertex 22.0945 57.3692 6
      vertex 22.425 57.3196 6
    endloop
  endfacet
  facet normal 0 0 1
    outer loop
      vertex 22.0945 57.3692 6
      vertex 2 101 6
      vertex 21.7363 57.3989 6
    endloop
  endfacet
  facet normal 0 0 1
    outer loop
      vertex 21.7363 57.3989 6
      vertex 2 101 6
      vertex 21.3503 57.4088 6
    endloop
  endfacet
  facet normal 0 0 1
    outer loop
      vertex 17.8512 57.4088 6
      vertex 2 101 6
      vertex 17.8512 49.765 6
    endloop
  endfacet
  facet normal 0 0 1
    outer loop
      vertex 21.3503 57.4088 6
      vertex 2 101 6
      vertex 17.8512 57.4088 6
    endloop
  endfacet
  facet normal -0 0 1
    outer loop
      vertex 56.6178 53.2871 6
      vertex 72 6 6
      vertex 56.6275 53.6222 6
    endloop
  endfacet
  facet normal -0 0 1
    outer loop
      vertex 56.5889 52.9637 6
      vertex 72 6 6
      vertex 56.6178 53.2871 6
    endloop
  endfacet
  facet normal -0 0 1
    outer loop
      vertex 56.5408 52.652 6
      vertex 72 6 6
      vertex 56.5889 52.9637 6
    endloop
  endfacet
  facet normal -0 0 1
    outer loop
      vertex 56.4733 52.3521 6
      vertex 72 6 6
      vertex 56.5408 52.652 6
    endloop
  endfacet
  facet normal -0 0 1
    outer loop
      vertex 56.3866 52.0639 6
      vertex 72 6 6
      vertex 56.4733 52.3521 6
    endloop
  endfacet
  facet normal -0 0 1
    outer loop
      vertex 56.2807 51.7874 6
      vertex 72 6 6
      vertex 56.3866 52.0639 6
    endloop
  endfacet
  facet normal -0 0 1
    outer loop
      vertex 56.1555 51.5227 6
      vertex 72 6 6
      vertex 56.2807 51.7874 6
    endloop
  endfacet
  facet normal -0 0 1
    outer loop
      vertex 56.0123 51.2725 6
      vertex 72 6 6
      vertex 56.1555 51.5227 6
    endloop
  endfacet
  facet normal -0 0 1
    outer loop
      vertex 55.8526 51.0398 6
      vertex 72 6 6
      vertex 56.0123 51.2725 6
    endloop
  endfacet
  facet normal -0 0 1
    outer loop
      vertex 55.6762 50.8244 6
      vertex 72 6 6
      vertex 55.8526 51.0398 6
    endloop
  endfacet
  facet normal -0 0 1
    outer loop
      vertex 55.4832 50.6264 6
      vertex 72 6 6
      vertex 55.6762 50.8244 6
    endloop
  endfacet
  facet normal -0 0 1
    outer loop
      vertex 55.2737 50.4457 6
      vertex 72 6 6
      vertex 55.4832 50.6264 6
    endloop
  endfacet
  facet normal -0 0 1
    outer loop
      vertex 55.0475 50.2825 6
      vertex 72 6 6
      vertex 55.2737 50.4457 6
    endloop
  endfacet
  facet normal -0 0 1
    outer loop
      vertex 54.8047 50.1366 6
      vertex 72 6 6
      vertex 55.0475 50.2825 6
    endloop
  endfacet
  facet normal -0 0 1
    outer loop
      vertex 54.5476 50.0092 6
      vertex 72 6 6
      vertex 54.8047 50.1366 6
    endloop
  endfacet
  facet normal -0 0 1
    outer loop
      vertex 54.2786 49.9015 6
      vertex 72 6 6
      vertex 54.5476 50.0092 6
    endloop
  endfacet
  facet normal -0 0 1
    outer loop
      vertex 53.9976 49.8133 6
      vertex 72 6 6
      vertex 54.2786 49.9015 6
    endloop
  endfacet
  facet normal -0 0 1
    outer loop
      vertex 53.7046 49.7447 6
      vertex 72 6 6
      vertex 53.9976 49.8133 6
    endloop
  endfacet
  facet normal -0 0 1
    outer loop
      vertex 53.3997 49.6957 6
      vertex 72 6 6
      vertex 53.7046 49.7447 6
    endloop
  endfacet
  facet normal -0 0 1
    outer loop
      vertex 53.0829 49.6663 6
      vertex 72 6 6
      vertex 53.3997 49.6957 6
    endloop
  endfacet
  facet normal -0 0 1
    outer loop
      vertex 52.754 49.6565 6
      vertex 72 6 6
      vertex 53.0829 49.6663 6
    endloop
  endfacet
  facet normal 0 0 1
    outer loop
      vertex 52.2553 49.6782 6
      vertex 72 6 6
      vertex 52.754 49.6565 6
    endloop
  endfacet
  facet normal -0 0 1
    outer loop
      vertex 45.5952 49.7006 6
      vertex 52.2553 49.6782 6
      vertex 51.7884 49.7431 6
    endloop
  endfacet
  facet normal -0 0 1
    outer loop
      vertex 45.9072 49.7557 6
      vertex 51.7884 49.7431 6
      vertex 51.3532 49.8513 6
    endloop
  endfacet
  facet normal -0 0 1
    outer loop
      vertex 46.4891 49.9319 6
      vertex 51.3532 49.8513 6
      vertex 50.9499 50.0028 6
    endloop
  endfacet
  facet normal -0 0 1
    outer loop
      vertex 46.759 50.0531 6
      vertex 50.9499 50.0028 6
      vertex 50.5782 50.1976 6
    endloop
  endfacet
  facet normal -0 0 1
    outer loop
      vertex 47.255 50.3621 6
      vertex 50.5782 50.1976 6
      vertex 50.2384 50.4357 6
    endloop
  endfacet
  facet normal -0 0 1
    outer loop
      vertex 47.478 50.551 6
      vertex 50.2384 50.4357 6
      vertex 49.9303 50.7171 6
    endloop
  endfacet
  facet normal -0 0 1
    outer loop
      vertex 47.6839 50.7631 6
      vertex 49.9303 50.7171 6
      vertex 49.659 51.0361 6
    endloop
  endfacet
  facet normal -0 0 1
    outer loop
      vertex 48.0442 51.2566 6
      vertex 49.659 51.0361 6
      vertex 49.4295 51.3871 6
    endloop
  endfacet
  facet normal 0 0 1
    outer loop
      vertex 48.3358 51.8428 6
      vertex 48.9286 53.1112 6
      vertex 48.9077 53.6222 6
    endloop
  endfacet
  facet normal 0 0 1
    outer loop
      vertex 48.3358 51.8428 6
      vertex 48.9912 52.6322 6
      vertex 48.9286 53.1112 6
    endloop
  endfacet
  facet normal 0 0 1
    outer loop
      vertex 48.3358 51.8428 6
      vertex 49.0955 52.1852 6
      vertex 48.9912 52.6322 6
    endloop
  endfacet
  facet normal -0 0 1
    outer loop
      vertex 48.3358 51.8428 6
      vertex 49.2416 51.7701 6
      vertex 49.0955 52.1852 6
    endloop
  endfacet
  facet normal 0 0 1
    outer loop
      vertex 48.1985 51.5381 6
      vertex 49.2416 51.7701 6
      vertex 48.3358 51.8428 6
    endloop
  endfacet
  facet normal 0 0 1
    outer loop
      vertex 49.2416 51.7701 6
      vertex 48.1985 51.5381 6
      vertex 49.4295 51.3871 6
    endloop
  endfacet
  facet normal 0 0 1
    outer loop
      vertex 48.0442 51.2566 6
      vertex 49.4295 51.3871 6
      vertex 48.1985 51.5381 6
    endloop
  endfacet
  facet normal 0 0 1
    outer loop
      vertex 49.659 51.0361 6
      vertex 48.0442 51.2566 6
      vertex 47.8726 50.9983 6
    endloop
  endfacet
  facet normal 0 0 1
    outer loop
      vertex 49.659 51.0361 6
      vertex 47.8726 50.9983 6
      vertex 47.6839 50.7631 6
    endloop
  endfacet
  facet normal 0 0 1
    outer loop
      vertex 49.9303 50.7171 6
      vertex 47.6839 50.7631 6
      vertex 47.478 50.551 6
    endloop
  endfacet
  facet normal 0 0 1
    outer loop
      vertex 50.2384 50.4357 6
      vertex 47.478 50.551 6
      vertex 47.255 50.3621 6
    endloop
  endfacet
  facet normal 0 0 1
    outer loop
      vertex 50.5782 50.1976 6
      vertex 47.255 50.3621 6
      vertex 47.0148 50.1963 6
    endloop
  endfacet
  facet normal 0 0 1
    outer loop
      vertex 50.5782 50.1976 6
      vertex 47.0148 50.1963 6
      vertex 46.759 50.0531 6
    endloop
  endfacet
  facet normal 0 0 1
    outer loop
      vertex 50.9499 50.0028 6
      vertex 46.759 50.0531 6
      vertex 46.4891 49.9319 6
    endloop
  endfacet
  facet normal 0 0 1
    outer loop
      vertex 51.3532 49.8513 6
      vertex 46.4891 49.9319 6
      vertex 46.2052 49.8328 6
    endloop
  endfacet
  facet normal 0 0 1
    outer loop
      vertex 51.3532 49.8513 6
      vertex 46.2052 49.8328 6
      vertex 45.9072 49.7557 6
    endloop
  endfacet
  facet normal 0 0 1
    outer loop
      vertex 51.7884 49.7431 6
      vertex 45.9072 49.7557 6
      vertex 45.5952 49.7006 6
    endloop
  endfacet
  facet normal 0 0 1
    outer loop
      vertex 52.2553 49.6782 6
      vertex 45.5952 49.7006 6
      vertex 72 6 6
    endloop
  endfacet
  facet normal -0 0 1
    outer loop
      vertex 45.2691 49.6675 6
      vertex 72 6 6
      vertex 45.5952 49.7006 6
    endloop
  endfacet
  facet normal -0 0 1
    outer loop
      vertex 44.9289 49.6565 6
      vertex 72 6 6
      vertex 45.2691 49.6675 6
    endloop
  endfacet
  facet normal 0 0 1
    outer loop
      vertex 44.419 49.6778 6
      vertex 72 6 6
      vertex 44.9289 49.6565 6
    endloop
  endfacet
  facet normal 0 0 1
    outer loop
      vertex 40.0549 49.765 6
      vertex 44.419 49.6778 6
      vertex 43.9433 49.7418 6
    endloop
  endfacet
  facet normal -0 0 1
    outer loop
      vertex 40.0549 49.765 6
      vertex 43.9433 49.7418 6
      vertex 43.5018 49.8483 6
    endloop
  endfacet
  facet normal 0 0 1
    outer loop
      vertex 40.0549 49.765 6
      vertex 43.5018 49.8483 6
      vertex 43.0946 49.9975 6
    endloop
  endfacet
  facet normal 0 0 1
    outer loop
      vertex 40.0549 49.765 6
      vertex 43.0946 49.9975 6
      vertex 42.7215 50.1893 6
    endloop
  endfacet
  facet normal 0 0 1
    outer loop
      vertex 40.0549 49.765 6
      vertex 42.7215 50.1893 6
      vertex 42.3827 50.4238 6
    endloop
  endfacet
  facet normal 0 0 1
    outer loop
      vertex 40.0549 49.765 6
      vertex 42.3827 50.4238 6
      vertex 42.078 50.7009 6
    endloop
  endfacet
  facet normal 0 0 1
    outer loop
      vertex 40.0549 49.765 6
      vertex 42.078 50.7009 6
      vertex 41.811 51.0162 6
    endloop
  endfacet
  facet normal 0 0 1
    outer loop
      vertex 40.0549 49.765 6
      vertex 41.0717 53.6222 6
      vertex 40.0549 57.4088 6
    endloop
  endfacet
  facet normal 0 0 1
    outer loop
      vertex 41.0717 53.6222 6
      vertex 40.0549 49.765 6
      vertex 41.0922 53.1029 6
    endloop
  endfacet
  facet normal 0 0 1
    outer loop
      vertex 41.0922 53.1029 6
      vertex 40.0549 49.765 6
      vertex 41.1538 52.6176 6
    endloop
  endfacet
  facet normal 0 0 1
    outer loop
      vertex 41.1538 52.6176 6
      vertex 40.0549 49.765 6
      vertex 41.2565 52.1663 6
    endloop
  endfacet
  facet normal 0 0 1
    outer loop
      vertex 40.0549 49.765 6
      vertex 41.4003 51.7489 6
      vertex 41.2565 52.1663 6
    endloop
  endfacet
  facet normal 0 0 1
    outer loop
      vertex 40.0549 49.765 6
      vertex 41.5851 51.3656 6
      vertex 41.4003 51.7489 6
    endloop
  endfacet
  facet normal 0 0 1
    outer loop
      vertex 40.0549 49.765 6
      vertex 41.811 51.0162 6
      vertex 41.5851 51.3656 6
    endloop
  endfacet
  facet normal 0 0 1
    outer loop
      vertex 44.419 49.6778 6
      vertex 40.0549 49.765 6
      vertex 72 6 6
    endloop
  endfacet
  facet normal -0 0 1
    outer loop
      vertex 38.1778 49.765 6
      vertex 72 6 6
      vertex 40.0549 49.765 6
    endloop
  endfacet
  facet normal 0 0 1
    outer loop
      vertex 34.9446 49.765 6
      vertex 38.1778 49.765 6
      vertex 34.9446 54.2731 6
    endloop
  endfacet
  facet normal 0 0 1
    outer loop
      vertex 2 6 6
      vertex 38.1778 49.765 6
      vertex 34.9446 49.765 6
    endloop
  endfacet
  facet normal 0 0 1
    outer loop
      vertex 2 6 6
      vertex 34.9446 49.765 6
      vertex 33.5232 49.765 6
    endloop
  endfacet
  facet normal 0 0 1
    outer loop
      vertex 2 6 6
      vertex 33.5232 49.765 6
      vertex 32.6746 49.765 6
    endloop
  endfacet
  facet normal 0 0 1
    outer loop
      vertex 2 6 6
      vertex 32.6746 49.765 6
      vertex 31.0905 49.765 6
    endloop
  endfacet
  facet normal -0 0 1
    outer loop
      vertex 27.4992 51.718 6
      vertex 31.0905 49.765 6
      vertex 30.4124 51.718 6
    endloop
  endfacet
  facet normal 0 0 1
    outer loop
      vertex 26.821 49.765 6
      vertex 31.0905 49.765 6
      vertex 27.4992 51.718 6
    endloop
  endfacet
  facet normal 0 0 1
    outer loop
      vertex 2 6 6
      vertex 31.0905 49.765 6
      vertex 26.821 49.765 6
    endloop
  endfacet
  facet normal 0 0 1
    outer loop
      vertex 2 6 6
      vertex 26.821 49.765 6
      vertex 25.2206 49.765 6
    endloop
  endfacet
  facet normal -0 0 1
    outer loop
      vertex 24.6111 51.6579 6
      vertex 25.2206 49.765 6
      vertex 24.627 51.9459 6
    endloop
  endfacet
  facet normal -0 0 1
    outer loop
      vertex 24.5632 51.3892 6
      vertex 25.2206 49.765 6
      vertex 24.6111 51.6579 6
    endloop
  endfacet
  facet normal -0 0 1
    outer loop
      vertex 24.4835 51.1398 6
      vertex 25.2206 49.765 6
      vertex 24.5632 51.3892 6
    endloop
  endfacet
  facet normal -0 0 1
    outer loop
      vertex 24.3719 50.9096 6
      vertex 25.2206 49.765 6
      vertex 24.4835 51.1398 6
    endloop
  endfacet
  facet normal -0 0 1
    outer loop
      vertex 24.2284 50.6987 6
      vertex 25.2206 49.765 6
      vertex 24.3719 50.9096 6
    endloop
  endfacet
  facet normal -0 0 1
    outer loop
      vertex 24.0531 50.507 6
      vertex 25.2206 49.765 6
      vertex 24.2284 50.6987 6
    endloop
  endfacet
  facet normal -0 0 1
    outer loop
      vertex 23.8458 50.3346 6
      vertex 25.2206 49.765 6
      vertex 24.0531 50.507 6
    endloop
  endfacet
  facet normal -0 0 1
    outer loop
      vertex 23.6102 50.1835 6
      vertex 25.2206 49.765 6
      vertex 23.8458 50.3346 6
    endloop
  endfacet
  facet normal -0 0 1
    outer loop
      vertex 23.3498 50.0556 6
      vertex 25.2206 49.765 6
      vertex 23.6102 50.1835 6
    endloop
  endfacet
  facet normal -0 0 1
    outer loop
      vertex 23.0646 49.951 6
      vertex 25.2206 49.765 6
      vertex 23.3498 50.0556 6
    endloop
  endfacet
  facet normal -0 0 1
    outer loop
      vertex 22.7546 49.8696 6
      vertex 25.2206 49.765 6
      vertex 23.0646 49.951 6
    endloop
  endfacet
  facet normal -0 0 1
    outer loop
      vertex 22.4198 49.8115 6
      vertex 25.2206 49.765 6
      vertex 22.7546 49.8696 6
    endloop
  endfacet
  facet normal -0 0 1
    outer loop
      vertex 22.0602 49.7766 6
      vertex 25.2206 49.765 6
      vertex 22.4198 49.8115 6
    endloop
  endfacet
  facet normal 0 0 1
    outer loop
      vertex 25.2206 49.765 6
      vertex 22.0602 49.7766 6
      vertex 2 6 6
    endloop
  endfacet
  facet normal 0 0 1
    outer loop
      vertex 2 6 6
      vertex 22.0602 49.7766 6
      vertex 21.6758 49.765 6
    endloop
  endfacet
  facet normal 0 0 1
    outer loop
      vertex 2 6 6
      vertex 21.6758 49.765 6
      vertex 17.8512 49.765 6
    endloop
  endfacet
  facet normal 0 0 1
    outer loop
      vertex 38.1778 49.765 6
      vertex 2 6 6
      vertex 72 6 6
    endloop
  endfacet
  facet normal 0 0 1
    outer loop
      vertex 2 6 6
      vertex 17.8512 49.765 6
      vertex 2 101 6
    endloop
  endfacet
  facet normal 0 0 1
    outer loop
      vertex 48.9077 53.6222 6
      vertex 46.9415 52.369 6
      vertex 48.3358 51.8428 6
    endloop
  endfacet
  facet normal 0 0 1
    outer loop
      vertex 48.9077 53.6222 6
      vertex 46.8276 55.011 6
      vertex 46.9415 52.369 6
    endloop
  endfacet
  facet normal 0 0 1
    outer loop
      vertex 46.1251 55.9251 6
      vertex 46.8276 55.011 6
      vertex 46.7694 55.1705 6
    endloop
  endfacet
  facet normal 0 0 1
    outer loop
      vertex 46.8276 55.011 6
      vertex 42.683 53.6222 6
      vertex 46.9415 52.369 6
    endloop
  endfacet
  facet normal 0 0 1
    outer loop
      vertex 46.1251 55.9251 6
      vertex 46.7694 55.1705 6
      vertex 46.6972 55.3203 6
    endloop
  endfacet
  facet normal 0 0 1
    outer loop
      vertex 46.1251 55.9251 6
      vertex 46.6972 55.3203 6
      vertex 46.6109 55.4605 6
    endloop
  endfacet
  facet normal -0 -0 1
    outer loop
      vertex 42.6948 53.2583 6
      vertex 46.9415 52.369 6
      vertex 42.683 53.6222 6
    endloop
  endfacet
  facet normal 0 0 1
    outer loop
      vertex 46.1251 55.9251 6
      vertex 46.6109 55.4605 6
      vertex 46.5106 55.5911 6
    endloop
  endfacet
  facet normal 0 0 1
    outer loop
      vertex 46.1251 55.9251 6
      vertex 46.5106 55.5911 6
      vertex 46.3961 55.7121 6
    endloop
  endfacet
  facet normal -0 -0 1
    outer loop
      vertex 42.7301 52.9198 6
      vertex 46.9415 52.369 6
      vertex 42.6948 53.2583 6
    endloop
  endfacet
  facet normal 0 0 1
    outer loop
      vertex 46.1251 55.9251 6
      vertex 46.3961 55.7121 6
      vertex 46.2677 55.8234 6
    endloop
  endfacet
  facet normal 0 0 1
    outer loop
      vertex 46.8276 55.011 6
      vertex 46.1251 55.9251 6
      vertex 45.9717 56.015 6
    endloop
  endfacet
  facet normal -0 -0 1
    outer loop
      vertex 42.7891 52.6068 6
      vertex 46.9415 52.369 6
      vertex 42.7301 52.9198 6
    endloop
  endfacet
  facet normal 0 0 1
    outer loop
      vertex 46.8276 55.011 6
      vertex 45.9717 56.015 6
      vertex 45.8107 56.0911 6
    endloop
  endfacet
  facet normal 0 0 1
    outer loop
      vertex 46.8276 55.011 6
      vertex 45.8107 56.0911 6
      vertex 45.642 56.1534 6
    endloop
  endfacet
  facet normal 0 0 1
    outer loop
      vertex 46.9415 52.369 6
      vertex 42.7891 52.6068 6
      vertex 46.7623 51.9833 6
    endloop
  endfacet
  facet normal 0 0 1
    outer loop
      vertex 46.8276 55.011 6
      vertex 45.642 56.1534 6
      vertex 45.4657 56.2018 6
    endloop
  endfacet
  facet normal 0 0 1
    outer loop
      vertex 46.8276 55.011 6
      vertex 45.4657 56.2018 6
      vertex 45.2817 56.2364 6
    endloop
  endfacet
  facet normal 0 -0 1
    outer loop
      vertex 44.9289 50.9151 6
      vertex 46.7623 51.9833 6
      vertex 42.7891 52.6068 6
    endloop
  endfacet
  facet normal 0 0 1
    outer loop
      vertex 46.8276 55.011 6
      vertex 45.2817 56.2364 6
      vertex 45.0901 56.2572 6
    endloop
  endfacet
  facet normal 0 0 1
    outer loop
      vertex 46.8276 55.011 6
      vertex 45.0901 56.2572 6
      vertex 44.8909 56.2641 6
    endloop
  endfacet
  facet normal 0 0 1
    outer loop
      vertex 46.7623 51.9833 6
      vertex 44.9289 50.9151 6
      vertex 46.547 51.6569 6
    endloop
  endfacet
  facet normal 0 0 1
    outer loop
      vertex 46.8276 55.011 6
      vertex 44.8909 56.2641 6
      vertex 42.7861 54.6189 6
    endloop
  endfacet
  facet normal 0 0 1
    outer loop
      vertex 46.2955 51.3898 6
      vertex 45.3247 50.9448 6
      vertex 46.008 51.1821 6
    endloop
  endfacet
  facet normal 0 0 1
    outer loop
      vertex 42.7861 54.6189 6
      vertex 44.8909 56.2641 6
      vertex 44.5916 56.2504 6
    endloop
  endfacet
  facet normal 0 0 1
    outer loop
      vertex 46.008 51.1821 6
      vertex 45.3247 50.9448 6
      vertex 45.6844 51.0338 6
    endloop
  endfacet
  facet normal 0 0 1
    outer loop
      vertex 42.8663 54.9003 6
      vertex 44.5916 56.2504 6
      vertex 44.3136 56.2092 6
    endloop
  endfacet
  facet normal 0 0 1
    outer loop
      vertex 46.547 51.6569 6
      vertex 45.3247 50.9448 6
      vertex 46.2955 51.3898 6
    endloop
  endfacet
  facet normal 0 0 1
    outer loop
      vertex 42.9694 55.1561 6
      vertex 44.3136 56.2092 6
      vertex 44.0571 56.1405 6
    endloop
  endfacet
  facet normal 0 -0 1
    outer loop
      vertex 45.3247 50.9448 6
      vertex 46.547 51.6569 6
      vertex 44.9289 50.9151 6
    endloop
  endfacet
  facet normal 0 0 1
    outer loop
      vertex 42.9694 55.1561 6
      vertex 44.0571 56.1405 6
      vertex 43.8219 56.0444 6
    endloop
  endfacet
  facet normal 0 0 1
    outer loop
      vertex 44.9289 50.9151 6
      vertex 42.7891 52.6068 6
      vertex 44.6278 50.9293 6
    endloop
  endfacet
  facet normal 0 0 1
    outer loop
      vertex 42.9694 55.1561 6
      vertex 43.8219 56.0444 6
      vertex 43.608 55.9209 6
    endloop
  endfacet
  facet normal -0 -0 1
    outer loop
      vertex 42.8716 52.3193 6
      vertex 44.6278 50.9293 6
      vertex 42.7891 52.6068 6
    endloop
  endfacet
  facet normal 0 0 1
    outer loop
      vertex 42.9694 55.1561 6
      vertex 43.608 55.9209 6
      vertex 43.4155 55.7699 6
    endloop
  endfacet
  facet normal 0 0 1
    outer loop
      vertex 44.6278 50.9293 6
      vertex 42.8716 52.3193 6
      vertex 44.3477 50.9718 6
    endloop
  endfacet
  facet normal 0 0 1
    outer loop
      vertex 42.9694 55.1561 6
      vertex 43.4155 55.7699 6
      vertex 43.2444 55.5914 6
    endloop
  endfacet
  facet normal -0 -0 1
    outer loop
      vertex 42.9777 52.0572 6
      vertex 44.3477 50.9718 6
      vertex 42.8716 52.3193 6
    endloop
  endfacet
  facet normal 0 0 1
    outer loop
      vertex 42.9694 55.1561 6
      vertex 43.2444 55.5914 6
      vertex 43.0955 55.3865 6
    endloop
  endfacet
  facet normal 0 0 1
    outer loop
      vertex 44.3477 50.9718 6
      vertex 42.9777 52.0572 6
      vertex 44.0884 51.0426 6
    endloop
  endfacet
  facet normal 0 0 1
    outer loop
      vertex 44.3136 56.2092 6
      vertex 42.9694 55.1561 6
      vertex 42.8663 54.9003 6
    endloop
  endfacet
  facet normal -0 -0 1
    outer loop
      vertex 43.1074 51.8206 6
      vertex 44.0884 51.0426 6
      vertex 42.9777 52.0572 6
    endloop
  endfacet
  facet normal 0 0 1
    outer loop
      vertex 44.5916 56.2504 6
      vertex 42.8663 54.9003 6
      vertex 42.7861 54.6189 6
    endloop
  endfacet
  facet normal 0 0 1
    outer loop
      vertex 43.8501 51.1418 6
      vertex 43.1074 51.8206 6
      vertex 43.6327 51.2694 6
    endloop
  endfacet
  facet normal 0 0 1
    outer loop
      vertex 46.8276 55.011 6
      vertex 42.7861 54.6189 6
      vertex 42.7288 54.3121 6
    endloop
  endfacet
  facet normal 0 0 1
    outer loop
      vertex 43.4363 51.4253 6
      vertex 43.1074 51.8206 6
      vertex 43.2607 51.6095 6
    endloop
  endfacet
  facet normal 0 0 1
    outer loop
      vertex 46.8276 55.011 6
      vertex 42.7288 54.3121 6
      vertex 42.6944 53.9799 6
    endloop
  endfacet
  facet normal 0 0 1
    outer loop
      vertex 43.6327 51.2694 6
      vertex 43.1074 51.8206 6
      vertex 43.4363 51.4253 6
    endloop
  endfacet
  facet normal 0 0 1
    outer loop
      vertex 46.8276 55.011 6
      vertex 42.6944 53.9799 6
      vertex 42.683 53.6222 6
    endloop
  endfacet
  facet normal 0 0 1
    outer loop
      vertex 44.0884 51.0426 6
      vertex 43.1074 51.8206 6
      vertex 43.8501 51.1418 6
    endloop
  endfacet
  facet normal 0 0 1
    outer loop
      vertex 38.7053 51.705 6
      vertex 35.3514 57.4088 6
      vertex 38.7312 51.4739 6
    endloop
  endfacet
  facet normal 0 0 1
    outer loop
      vertex 38.6834 51.93 6
      vertex 35.3514 57.4088 6
      vertex 38.7053 51.705 6
    endloop
  endfacet
  facet normal 0 0 1
    outer loop
      vertex 38.6655 52.1491 6
      vertex 35.3514 57.4088 6
      vertex 38.6834 51.93 6
    endloop
  endfacet
  facet normal 0 0 1
    outer loop
      vertex 38.6515 52.3623 6
      vertex 35.3514 57.4088 6
      vertex 38.6655 52.1491 6
    endloop
  endfacet
  facet normal 0 0 1
    outer loop
      vertex 38.6416 52.5694 6
      vertex 35.3514 57.4088 6
      vertex 38.6515 52.3623 6
    endloop
  endfacet
  facet normal 0 0 1
    outer loop
      vertex 38.6356 52.7706 6
      vertex 35.3514 57.4088 6
      vertex 38.6416 52.5694 6
    endloop
  endfacet
  facet normal 0 0 1
    outer loop
      vertex 35.3514 57.4088 6
      vertex 38.6356 52.7706 6
      vertex 38.6336 52.9657 6
    endloop
  endfacet
  facet normal 0 0 1
    outer loop
      vertex 24.1581 55.133 6
      vertex 28.0091 57.4088 6
      vertex 24.1802 55.3065 6
    endloop
  endfacet
  facet normal 0 0 1
    outer loop
      vertex 24.1213 54.9677 6
      vertex 28.0091 57.4088 6
      vertex 24.1581 55.133 6
    endloop
  endfacet
  facet normal -0 0 1
    outer loop
      vertex 24.0698 54.8108 6
      vertex 24.3793 52.9055 6
      vertex 24.1213 54.9677 6
    endloop
  endfacet
  facet normal 0 0 1
    outer loop
      vertex 24.3793 52.9055 6
      vertex 24.0698 54.8108 6
      vertex 24.2703 53.0599 6
    endloop
  endfacet
  facet normal -0 0 1
    outer loop
      vertex 24.0035 54.6622 6
      vertex 24.2703 53.0599 6
      vertex 24.0698 54.8108 6
    endloop
  endfacet
  facet normal 0 0 1
    outer loop
      vertex 24.2703 53.0599 6
      vertex 24.0035 54.6622 6
      vertex 24.1415 53.2017 6
    endloop
  endfacet
  facet normal -0 0 1
    outer loop
      vertex 23.9225 54.5218 6
      vertex 24.1415 53.2017 6
      vertex 24.0035 54.6622 6
    endloop
  endfacet
  facet normal 0 0 1
    outer loop
      vertex 24.1415 53.2017 6
      vertex 23.9225 54.5218 6
      vertex 23.9938 53.3299 6
    endloop
  endfacet
  facet normal -0 0 1
    outer loop
      vertex 23.8268 54.3898 6
      vertex 23.9938 53.3299 6
      vertex 23.9225 54.5218 6
    endloop
  endfacet
  facet normal 0 0 1
    outer loop
      vertex 23.9938 53.3299 6
      vertex 23.8268 54.3898 6
      vertex 23.828 53.4431 6
    endloop
  endfacet
  facet normal -0 0 1
    outer loop
      vertex 23.716 54.2679 6
      vertex 23.828 53.4431 6
      vertex 23.8268 54.3898 6
    endloop
  endfacet
  facet normal 0 0 1
    outer loop
      vertex 23.716 54.2679 6
      vertex 23.6441 53.5414 6
      vertex 23.828 53.4431 6
    endloop
  endfacet
  facet normal -0 0 1
    outer loop
      vertex 23.5899 54.1578 6
      vertex 23.6441 53.5414 6
      vertex 23.716 54.2679 6
    endloop
  endfacet
  facet normal -0 0 1
    outer loop
      vertex 23.4483 54.0595 6
      vertex 23.6441 53.5414 6
      vertex 23.5899 54.1578 6
    endloop
  endfacet
  facet normal 0 0 1
    outer loop
      vertex 23.4483 54.0595 6
      vertex 23.4422 53.6247 6
      vertex 23.6441 53.5414 6
    endloop
  endfacet
  facet normal -0 0 1
    outer loop
      vertex 23.2914 53.9731 6
      vertex 23.4422 53.6247 6
      vertex 23.4483 54.0595 6
    endloop
  endfacet
  facet normal 0 0 1
    outer loop
      vertex 23.2914 53.9731 6
      vertex 23.2223 53.693 6
      vertex 23.4422 53.6247 6
    endloop
  endfacet
  facet normal -0 0 1
    outer loop
      vertex 23.1191 53.8985 6
      vertex 23.2223 53.693 6
      vertex 23.2914 53.9731 6
    endloop
  endfacet
  facet normal 0 0 1
    outer loop
      vertex 23.1191 53.8985 6
      vertex 22.9843 53.7464 6
      vertex 23.2223 53.693 6
    endloop
  endfacet
  facet normal -0 0 1
    outer loop
      vertex 22.9314 53.8358 6
      vertex 22.9843 53.7464 6
      vertex 23.1191 53.8985 6
    endloop
  endfacet
  facet normal 0 0 1
    outer loop
      vertex 22.9843 53.7464 6
      vertex 22.9314 53.8358 6
      vertex 22.7283 53.7849 6
    endloop
  endfacet
  facet normal 0 0 1
    outer loop
      vertex 21.9086 56.1499 6
      vertex 22.5764 55.2714 6
      vertex 22.5697 55.4126 6
    endloop
  endfacet
  facet normal 0 0 1
    outer loop
      vertex 22.5764 55.2714 6
      vertex 21.9389 54.4044 6
      vertex 22.5701 55.1414 6
    endloop
  endfacet
  facet normal 0 0 1
    outer loop
      vertex 22.0347 56.11 6
      vertex 22.5697 55.4126 6
      vertex 22.5496 55.5415 6
    endloop
  endfacet
  facet normal 0 -0 1
    outer loop
      vertex 22.0643 54.4478 6
      vertex 22.5701 55.1414 6
      vertex 21.9389 54.4044 6
    endloop
  endfacet
  facet normal 0 0 1
    outer loop
      vertex 22.1479 56.0613 6
      vertex 22.5496 55.5415 6
      vertex 22.5161 55.6583 6
    endloop
  endfacet
  facet normal 0 0 1
    outer loop
      vertex 22.5697 55.4126 6
      vertex 22.0347 56.11 6
      vertex 21.9086 56.1499 6
    endloop
  endfacet
  facet normal 0 0 1
    outer loop
      vertex 22.2481 56.0037 6
      vertex 22.5161 55.6583 6
      vertex 22.4692 55.7629 6
    endloop
  endfacet
  facet normal 0 0 1
    outer loop
      vertex 22.5701 55.1414 6
      vertex 22.0643 54.4478 6
      vertex 22.5513 55.021 6
    endloop
  endfacet
  facet normal 0 0 1
    outer loop
      vertex 22.2481 56.0037 6
      vertex 22.4692 55.7629 6
      vertex 22.4089 55.8554 6
    endloop
  endfacet
  facet normal 0 0 1
    outer loop
      vertex 22.5496 55.5415 6
      vertex 22.1479 56.0613 6
      vertex 22.0347 56.11 6
    endloop
  endfacet
  facet normal 0 0 1
    outer loop
      vertex 22.2481 56.0037 6
      vertex 22.4089 55.8554 6
      vertex 22.3352 55.9356 6
    endloop
  endfacet
  facet normal 0 -0 1
    outer loop
      vertex 22.1747 54.5008 6
      vertex 22.5201 54.9102 6
      vertex 22.0643 54.4478 6
    endloop
  endfacet
  facet normal 0 0 1
    outer loop
      vertex 22.5161 55.6583 6
      vertex 22.2481 56.0037 6
      vertex 22.1479 56.0613 6
    endloop
  endfacet
  facet normal 0 0 1
    outer loop
      vertex 22.5201 54.9102 6
      vertex 22.1747 54.5008 6
      vertex 22.4763 54.809 6
    endloop
  endfacet
  facet normal 0 0 1
    outer loop
      vertex 22.3512 54.6356 6
      vertex 22.1747 54.5008 6
      vertex 22.2698 54.5634 6
    endloop
  endfacet
  facet normal 0 0 1
    outer loop
      vertex 22.42 54.7175 6
      vertex 22.1747 54.5008 6
      vertex 22.3512 54.6356 6
    endloop
  endfacet
  facet normal 0 0 1
    outer loop
      vertex 22.4763 54.809 6
      vertex 22.1747 54.5008 6
      vertex 22.42 54.7175 6
    endloop
  endfacet
  facet normal 0 0 1
    outer loop
      vertex 22.5513 55.021 6
      vertex 22.0643 54.4478 6
      vertex 22.5201 54.9102 6
    endloop
  endfacet
  facet normal 0 0 1
    outer loop
      vertex 22.5764 55.2714 6
      vertex 21.9086 56.1499 6
      vertex 21.9389 54.4044 6
    endloop
  endfacet
  facet normal 0 0 1
    outer loop
      vertex 21.9086 56.1499 6
      vertex 21.7982 54.3707 6
      vertex 21.9389 54.4044 6
    endloop
  endfacet
  facet normal 0 0 1
    outer loop
      vertex 21.7694 56.1809 6
      vertex 21.7982 54.3707 6
      vertex 21.9086 56.1499 6
    endloop
  endfacet
  facet normal 0 0 1
    outer loop
      vertex 21.7694 56.1809 6
      vertex 21.6424 54.3467 6
      vertex 21.7982 54.3707 6
    endloop
  endfacet
  facet normal 0 0 1
    outer loop
      vertex 21.6174 56.203 6
      vertex 21.6424 54.3467 6
      vertex 21.7694 56.1809 6
    endloop
  endfacet
  facet normal 0 0 1
    outer loop
      vertex 21.6174 56.203 6
      vertex 21.4714 54.3322 6
      vertex 21.6424 54.3467 6
    endloop
  endfacet
  facet normal 0 0 1
    outer loop
      vertex 21.4524 56.2163 6
      vertex 21.4714 54.3322 6
      vertex 21.6174 56.203 6
    endloop
  endfacet
  facet normal 0 0 1
    outer loop
      vertex 21.4524 56.2163 6
      vertex 21.2853 54.3274 6
      vertex 21.4714 54.3322 6
    endloop
  endfacet
  facet normal 0 0 1
    outer loop
      vertex 21.2744 56.2207 6
      vertex 21.2853 54.3274 6
      vertex 21.4524 56.2163 6
    endloop
  endfacet
  facet normal -0 0 1
    outer loop
      vertex 19.4516 56.2207 6
      vertex 21.2853 54.3274 6
      vertex 21.2744 56.2207 6
    endloop
  endfacet
  facet normal 0 0 1
    outer loop
      vertex 21.2853 54.3274 6
      vertex 19.4516 56.2207 6
      vertex 19.4516 54.3274 6
    endloop
  endfacet
  facet normal 0 0 1
    outer loop
      vertex 22.2851 51.0443 6
      vertex 23.014 51.9167 6
      vertex 23.0213 52.0706 6
    endloop
  endfacet
  facet normal 0 0 1
    outer loop
      vertex 22.5182 52.9475 6
      vertex 23.0213 52.0706 6
      vertex 22.9898 52.3556 6
    endloop
  endfacet
  facet normal 0 -0 1
    outer loop
      vertex 22.2851 51.0443 6
      vertex 23.0213 52.0706 6
      vertex 22.2352 53.0571 6
    endloop
  endfacet
  facet normal 0 -0 1
    outer loop
      vertex 22.429 51.0956 6
      vertex 22.9922 51.7741 6
      vertex 22.2851 51.0443 6
    endloop
  endfacet
  facet normal 0 0 1
    outer loop
      vertex 22.7383 52.794 6
      vertex 22.9898 52.3556 6
      vertex 22.8955 52.5967 6
    endloop
  endfacet
  facet normal 0 0 1
    outer loop
      vertex 23.0213 52.0706 6
      vertex 22.5182 52.9475 6
      vertex 22.2352 53.0571 6
    endloop
  endfacet
  facet normal 0 -0 1
    outer loop
      vertex 22.5559 51.1583 6
      vertex 22.956 51.643 6
      vertex 22.429 51.0956 6
    endloop
  endfacet
  facet normal 0 0 1
    outer loop
      vertex 22.9898 52.3556 6
      vertex 22.7383 52.794 6
      vertex 22.5182 52.9475 6
    endloop
  endfacet
  facet normal 0 0 1
    outer loop
      vertex 22.956 51.643 6
      vertex 22.5559 51.1583 6
      vertex 22.9052 51.5233 6
    endloop
  endfacet
  facet normal 0 0 1
    outer loop
      vertex 22.7602 51.318 6
      vertex 22.5559 51.1583 6
      vertex 22.6659 51.2325 6
    endloop
  endfacet
  facet normal 0 0 1
    outer loop
      vertex 22.84 51.4149 6
      vertex 22.5559 51.1583 6
      vertex 22.7602 51.318 6
    endloop
  endfacet
  facet normal 0 0 1
    outer loop
      vertex 22.9052 51.5233 6
      vertex 22.5559 51.1583 6
      vertex 22.84 51.4149 6
    endloop
  endfacet
  facet normal 0 0 1
    outer loop
      vertex 22.9922 51.7741 6
      vertex 22.429 51.0956 6
      vertex 22.956 51.643 6
    endloop
  endfacet
  facet normal 0 0 1
    outer loop
      vertex 23.014 51.9167 6
      vertex 22.2851 51.0443 6
      vertex 22.9922 51.7741 6
    endloop
  endfacet
  facet normal 0 0 1
    outer loop
      vertex 22.2352 53.0571 6
      vertex 22.1243 51.0044 6
      vertex 22.2851 51.0443 6
    endloop
  endfacet
  facet normal 0 0 1
    outer loop
      vertex 22.2352 53.0571 6
      vertex 21.9465 50.9759 6
      vertex 22.1243 51.0044 6
    endloop
  endfacet
  facet normal 0 0 1
    outer loop
      vertex 21.8893 53.1228 6
      vertex 21.9465 50.9759 6
      vertex 22.2352 53.0571 6
    endloop
  endfacet
  facet normal 0 0 1
    outer loop
      vertex 21.8893 53.1228 6
      vertex 21.7518 50.9588 6
      vertex 21.9465 50.9759 6
    endloop
  endfacet
  facet normal 0 0 1
    outer loop
      vertex 21.8893 53.1228 6
      vertex 21.5402 50.9531 6
      vertex 21.7518 50.9588 6
    endloop
  endfacet
  facet normal 0 0 1
    outer loop
      vertex 21.4805 53.1448 6
      vertex 21.5402 50.9531 6
      vertex 21.8893 53.1228 6
    endloop
  endfacet
  facet normal 0 0 1
    outer loop
      vertex 19.4516 50.9531 6
      vertex 21.4805 53.1448 6
      vertex 19.4516 53.1448 6
    endloop
  endfacet
  facet normal 0 0 1
    outer loop
      vertex 21.4805 53.1448 6
      vertex 19.4516 50.9531 6
      vertex 21.5402 50.9531 6
    endloop
  endfacet
  facet normal -0 0 1
    outer loop
      vertex 28.9205 56.1123 6
      vertex 29.067 55.8572 6
      vertex 28.953 56.2316 6
    endloop
  endfacet
  facet normal -0 0 1
    outer loop
      vertex 28.9046 56.0553 6
      vertex 29.067 55.8572 6
      vertex 28.9205 56.1123 6
    endloop
  endfacet
  facet normal -0 0 1
    outer loop
      vertex 28.8878 55.9962 6
      vertex 29.067 55.8572 6
      vertex 28.9046 56.0553 6
    endloop
  endfacet
  facet normal -0 0 1
    outer loop
      vertex 28.87 55.9349 6
      vertex 29.067 55.8572 6
      vertex 28.8878 55.9962 6
    endloop
  endfacet
  facet normal -0 0 1
    outer loop
      vertex 28.8514 55.8713 6
      vertex 29.067 55.8572 6
      vertex 28.87 55.9349 6
    endloop
  endfacet
  facet normal 0 0 1
    outer loop
      vertex 28.8319 55.8056 6
      vertex 29.067 55.8572 6
      vertex 28.8514 55.8713 6
    endloop
  endfacet
  facet normal 0 0 1
    outer loop
      vertex 28.8116 55.7376 6
      vertex 29.067 55.8572 6
      vertex 28.8319 55.8056 6
    endloop
  endfacet
  facet normal 0 0 1
    outer loop
      vertex 28.7903 55.6674 6
      vertex 29.067 55.8572 6
      vertex 28.8116 55.7376 6
    endloop
  endfacet
  facet normal 0 0 1
    outer loop
      vertex 28.7527 55.5503 6
      vertex 29.067 55.8572 6
      vertex 28.7903 55.6674 6
    endloop
  endfacet
  facet normal 0 0 1
    outer loop
      vertex 29.067 55.8572 6
      vertex 28.7527 55.5503 6
      vertex 29.3002 55.1195 6
    endloop
  endfacet
  facet normal -0 0 1
    outer loop
      vertex 28.6832 55.3415 6
      vertex 29.3002 55.1195 6
      vertex 28.7527 55.5503 6
    endloop
  endfacet
  facet normal 0 0 1
    outer loop
      vertex 28.5817 55.041 6
      vertex 29.3002 55.1195 6
      vertex 28.6832 55.3415 6
    endloop
  endfacet
  facet normal 0 0 1
    outer loop
      vertex 28.4484 54.6488 6
      vertex 29.3002 55.1195 6
      vertex 28.5817 55.041 6
    endloop
  endfacet
  facet normal 0 0 1
    outer loop
      vertex 28.2832 54.165 6
      vertex 29.3002 55.1195 6
      vertex 28.4484 54.6488 6
    endloop
  endfacet
  facet normal 0 0 1
    outer loop
      vertex 29.3002 55.1195 6
      vertex 28.2832 54.165 6
      vertex 30.0543 52.9224 6
    endloop
  endfacet
  facet normal -0 0 1
    outer loop
      vertex 28.0862 53.5895 6
      vertex 30.0543 52.9224 6
      vertex 28.2832 54.165 6
    endloop
  endfacet
  facet normal 0 0 1
    outer loop
      vertex 30.0543 52.9224 6
      vertex 28.0862 53.5895 6
      vertex 27.8572 52.9224 6
    endloop
  endfacet
  facet normal 0 0 1
    outer loop
      vertex 50.519 53.6222 6
      vertex 54.9946 53.6222 6
      vertex 54.9826 53.9647 6
    endloop
  endfacet
  facet normal 0 0 1
    outer loop
      vertex 54.9946 53.6222 6
      vertex 50.519 53.6222 6
      vertex 54.9827 53.2638 6
    endloop
  endfacet
  facet normal -0 0 1
    outer loop
      vertex 50.5309 53.9675 6
      vertex 54.9826 53.9647 6
      vertex 54.9467 54.2854 6
    endloop
  endfacet
  facet normal -0 -0 1
    outer loop
      vertex 50.5312 53.2735 6
      vertex 54.9827 53.2638 6
      vertex 50.519 53.6222 6
    endloop
  endfacet
  facet normal -0 0 1
    outer loop
      vertex 50.5668 54.2902 6
      vertex 54.9467 54.2854 6
      vertex 54.887 54.5842 6
    endloop
  endfacet
  facet normal 0 -0 1
    outer loop
      vertex 50.5679 52.9466 6
      vertex 54.9827 53.2638 6
      vertex 50.5312 53.2735 6
    endloop
  endfacet
  facet normal -0 0 1
    outer loop
      vertex 50.6266 54.5905 6
      vertex 54.887 54.5842 6
      vertex 54.8033 54.8613 6
    endloop
  endfacet
  facet normal 0 0 1
    outer loop
      vertex 54.9827 53.2638 6
      vertex 50.5679 52.9466 6
      vertex 54.947 52.9296 6
    endloop
  endfacet
  facet normal 0 0 1
    outer loop
      vertex 53.0575 56.2498 6
      vertex 54.8033 54.8613 6
      vertex 54.6956 55.1165 6
    endloop
  endfacet
  facet normal 0 -0 1
    outer loop
      vertex 50.6291 52.6415 6
      vertex 54.947 52.9296 6
      vertex 50.5679 52.9466 6
    endloop
  endfacet
  facet normal 0 0 1
    outer loop
      vertex 53.0575 56.2498 6
      vertex 54.6956 55.1165 6
      vertex 54.5641 55.3499 6
    endloop
  endfacet
  facet normal 0 0 1
    outer loop
      vertex 54.947 52.9296 6
      vertex 50.6291 52.6415 6
      vertex 54.8875 52.6195 6
    endloop
  endfacet
  facet normal 0 0 1
    outer loop
      vertex 53.3309 56.2068 6
      vertex 54.5641 55.3499 6
      vertex 54.4087 55.5616 6
    endloop
  endfacet
  facet normal 0 -0 1
    outer loop
      vertex 50.7147 52.3583 6
      vertex 54.8875 52.6195 6
      vertex 50.6291 52.6415 6
    endloop
  endfacet
  facet normal 0 0 1
    outer loop
      vertex 53.3309 56.2068 6
      vertex 54.4087 55.5616 6
      vertex 54.2316 55.7479 6
    endloop
  endfacet
  facet normal 0 0 1
    outer loop
      vertex 54.8875 52.6195 6
      vertex 50.7147 52.3583 6
      vertex 54.8042 52.3335 6
    endloop
  endfacet
  facet normal 0 0 1
    outer loop
      vertex 53.3309 56.2068 6
      vertex 54.2316 55.7479 6
      vertex 54.0353 55.9057 6
    endloop
  endfacet
  facet normal 0 -0 1
    outer loop
      vertex 52.754 50.9151 6
      vertex 54.8042 52.3335 6
      vertex 50.7147 52.3583 6
    endloop
  endfacet
  facet normal 0 0 1
    outer loop
      vertex 53.3309 56.2068 6
      vertex 54.0353 55.9057 6
      vertex 53.8198 56.0347 6
    endloop
  endfacet
  facet normal 0 0 1
    outer loop
      vertex 53.3309 56.2068 6
      vertex 53.8198 56.0347 6
      vertex 53.5849 56.1351 6
    endloop
  endfacet
  facet normal 0 0 1
    outer loop
      vertex 54.697 52.0717 6
      vertex 53.0509 50.9295 6
      vertex 54.5661 51.8339 6
    endloop
  endfacet
  facet normal 0 0 1
    outer loop
      vertex 54.5641 55.3499 6
      vertex 53.3309 56.2068 6
      vertex 53.0575 56.2498 6
    endloop
  endfacet
  facet normal 0 -0 1
    outer loop
      vertex 53.3277 50.9727 6
      vertex 54.5661 51.8339 6
      vertex 53.0509 50.9295 6
    endloop
  endfacet
  facet normal 0 0 1
    outer loop
      vertex 54.8033 54.8613 6
      vertex 53.0575 56.2498 6
      vertex 52.7649 56.2641 6
    endloop
  endfacet
  facet normal 0 0 1
    outer loop
      vertex 54.5661 51.8339 6
      vertex 53.3277 50.9727 6
      vertex 54.4114 51.6204 6
    endloop
  endfacet
  facet normal 0 0 1
    outer loop
      vertex 54.8033 54.8613 6
      vertex 52.7649 56.2641 6
      vertex 50.6266 54.5905 6
    endloop
  endfacet
  facet normal 0 0 1
    outer loop
      vertex 54.4114 51.6204 6
      vertex 53.3277 50.9727 6
      vertex 54.2347 51.4333 6
    endloop
  endfacet
  facet normal 0 0 1
    outer loop
      vertex 50.6266 54.5905 6
      vertex 52.7649 56.2641 6
      vertex 52.468 56.2499 6
    endloop
  endfacet
  facet normal 0 0 1
    outer loop
      vertex 54.0381 51.2749 6
      vertex 53.3277 50.9727 6
      vertex 53.8213 51.1454 6
    endloop
  endfacet
  facet normal 0 0 1
    outer loop
      vertex 53.8213 51.1454 6
      vertex 53.3277 50.9727 6
      vertex 53.5845 51.0446 6
    endloop
  endfacet
  facet normal 0 0 1
    outer loop
      vertex 50.7103 54.8684 6
      vertex 52.468 56.2499 6
      vertex 52.1909 56.2072 6
    endloop
  endfacet
  facet normal 0 0 1
    outer loop
      vertex 54.2347 51.4333 6
      vertex 53.3277 50.9727 6
      vertex 54.0381 51.2749 6
    endloop
  endfacet
  facet normal 0 0 1
    outer loop
      vertex 50.8179 55.1237 6
      vertex 52.1909 56.2072 6
      vertex 51.9339 56.1361 6
    endloop
  endfacet
  facet normal 0 0 1
    outer loop
      vertex 54.8042 52.3335 6
      vertex 53.0509 50.9295 6
      vertex 54.697 52.0717 6
    endloop
  endfacet
  facet normal 0 0 1
    outer loop
      vertex 50.8179 55.1237 6
      vertex 51.9339 56.1361 6
      vertex 51.6967 56.0365 6
    endloop
  endfacet
  facet normal 0 -0 1
    outer loop
      vertex 53.0509 50.9295 6
      vertex 54.8042 52.3335 6
      vertex 52.754 50.9151 6
    endloop
  endfacet
  facet normal 0 0 1
    outer loop
      vertex 50.8179 55.1237 6
      vertex 51.6967 56.0365 6
      vertex 51.4795 55.9084 6
    endloop
  endfacet
  facet normal 0 0 1
    outer loop
      vertex 52.754 50.9151 6
      vertex 50.7147 52.3583 6
      vertex 52.4669 50.9299 6
    endloop
  endfacet
  facet normal 0 0 1
    outer loop
      vertex 50.8179 55.1237 6
      vertex 51.4795 55.9084 6
      vertex 51.2822 55.7519 6
    endloop
  endfacet
  facet normal -0 -0 1
    outer loop
      vertex 50.8248 52.0968 6
      vertex 52.4669 50.9299 6
      vertex 50.7147 52.3583 6
    endloop
  endfacet
  facet normal 0 0 1
    outer loop
      vertex 50.8179 55.1237 6
      vertex 51.2822 55.7519 6
      vertex 51.1048 55.567 6
    endloop
  endfacet
  facet normal -0 -0 1
    outer loop
      vertex 50.9594 51.8572 6
      vertex 52.4669 50.9299 6
      vertex 50.8248 52.0968 6
    endloop
  endfacet
  facet normal 0 0 1
    outer loop
      vertex 50.8179 55.1237 6
      vertex 51.1048 55.567 6
      vertex 50.9494 55.3566 6
    endloop
  endfacet
  facet normal 0 0 1
    outer loop
      vertex 52.4669 50.9299 6
      vertex 50.9594 51.8572 6
      vertex 52.1976 50.9742 6
    endloop
  endfacet
  facet normal 0 0 1
    outer loop
      vertex 52.1909 56.2072 6
      vertex 50.8179 55.1237 6
      vertex 50.7103 54.8684 6
    endloop
  endfacet
  facet normal 0 0 1
    outer loop
      vertex 52.1976 50.9742 6
      vertex 50.9594 51.8572 6
      vertex 51.9461 51.0481 6
    endloop
  endfacet
  facet normal 0 0 1
    outer loop
      vertex 52.468 56.2499 6
      vertex 50.7103 54.8684 6
      vertex 50.6266 54.5905 6
    endloop
  endfacet
  facet normal 0 0 1
    outer loop
      vertex 51.2986 51.4472 6
      vertex 50.9594 51.8572 6
      vertex 51.1184 51.6393 6
    endloop
  endfacet
  facet normal 0 0 1
    outer loop
      vertex 54.887 54.5842 6
      vertex 50.6266 54.5905 6
      vertex 50.5668 54.2902 6
    endloop
  endfacet
  facet normal 0 0 1
    outer loop
      vertex 51.7124 51.1516 6
      vertex 50.9594 51.8572 6
      vertex 51.4966 51.2846 6
    endloop
  endfacet
  facet normal 0 0 1
    outer loop
      vertex 54.9467 54.2854 6
      vertex 50.5668 54.2902 6
      vertex 50.5309 53.9675 6
    endloop
  endfacet
  facet normal 0 0 1
    outer loop
      vertex 51.4966 51.2846 6
      vertex 50.9594 51.8572 6
      vertex 51.2986 51.4472 6
    endloop
  endfacet
  facet normal 0 0 1
    outer loop
      vertex 54.9826 53.9647 6
      vertex 50.5309 53.9675 6
      vertex 50.519 53.6222 6
    endloop
  endfacet
  facet normal 0 0 1
    outer loop
      vertex 51.9461 51.0481 6
      vertex 50.9594 51.8572 6
      vertex 51.7124 51.1516 6
    endloop
  endfacet
  facet normal 1 -0 0
    outer loop
      vertex 2 6 7
      vertex 2 101 6
      vertex 2 101 7
    endloop
  endfacet
  facet normal 1 0 0
    outer loop
      vertex 2 101 6
      vertex 2 6 7
      vertex 2 6 6
    endloop
  endfacet
  facet normal 0 -1 0
    outer loop
      vertex 2 101 6
      vertex 72 101 7
      vertex 2 101 7
    endloop
  endfacet
  facet normal 0 -1 -0
    outer loop
      vertex 72 101 7
      vertex 2 101 6
      vertex 72 101 6
    endloop
  endfacet
  facet normal 0 1 -0
    outer loop
      vertex 72 6 6
      vertex 2 6 7
      vertex 72 6 7
    endloop
  endfacet
  facet normal 0 1 0
    outer loop
      vertex 2 6 7
      vertex 72 6 6
      vertex 2 6 6
    endloop
  endfacet
  facet normal 0 0 1
    outer loop
      vertex 46.7694 55.1705 5.4
      vertex 48.1302 55.6849 5.4
      vertex 48.0016 55.953 5.4
    endloop
  endfacet
  facet normal 0 0 1
    outer loop
      vertex 46.6972 55.3203 5.4
      vertex 48.0016 55.953 5.4
      vertex 47.8525 56.2004 5.4
    endloop
  endfacet
  facet normal 0 0 1
    outer loop
      vertex 46.6109 55.4605 5.4
      vertex 47.8525 56.2004 5.4
      vertex 47.6828 56.4271 5.4
    endloop
  endfacet
  facet normal 0 0 1
    outer loop
      vertex 46.5106 55.5911 5.4
      vertex 47.6828 56.4271 5.4
      vertex 47.4924 56.6331 5.4
    endloop
  endfacet
  facet normal 0 0 1
    outer loop
      vertex 46.3961 55.7121 5.4
      vertex 47.4924 56.6331 5.4
      vertex 47.2815 56.8183 5.4
    endloop
  endfacet
  facet normal 0 0 1
    outer loop
      vertex 46.2677 55.8234 5.4
      vertex 47.2815 56.8183 5.4
      vertex 47.05 56.9829 5.4
    endloop
  endfacet
  facet normal 0 0 1
    outer loop
      vertex 47.8525 56.2004 5.4
      vertex 46.6109 55.4605 5.4
      vertex 46.6972 55.3203 5.4
    endloop
  endfacet
  facet normal 0 0 1
    outer loop
      vertex 46.1251 55.9251 5.4
      vertex 47.05 56.9829 5.4
      vertex 46.798 57.1261 5.4
    endloop
  endfacet
  facet normal 0 0 1
    outer loop
      vertex 48.1302 55.6849 5.4
      vertex 46.8276 55.011 5.4
      vertex 48.2382 55.3961 5.4
    endloop
  endfacet
  facet normal 0 -0 1
    outer loop
      vertex 46.8276 55.011 5.4
      vertex 48.1302 55.6849 5.4
      vertex 46.7694 55.1705 5.4
    endloop
  endfacet
  facet normal 0 0 1
    outer loop
      vertex 48.0016 55.953 5.4
      vertex 46.6972 55.3203 5.4
      vertex 46.7694 55.1705 5.4
    endloop
  endfacet
  facet normal 0 0 1
    outer loop
      vertex 45.9717 56.015 5.4
      vertex 46.798 57.1261 5.4
      vertex 46.5257 57.2473 5.4
    endloop
  endfacet
  facet normal 0 0 1
    outer loop
      vertex 47.6828 56.4271 5.4
      vertex 46.5106 55.5911 5.4
      vertex 46.6109 55.4605 5.4
    endloop
  endfacet
  facet normal 0 0 1
    outer loop
      vertex 47.4924 56.6331 5.4
      vertex 46.3961 55.7121 5.4
      vertex 46.5106 55.5911 5.4
    endloop
  endfacet
  facet normal 0 0 1
    outer loop
      vertex 47.2815 56.8183 5.4
      vertex 46.2677 55.8234 5.4
      vertex 46.3961 55.7121 5.4
    endloop
  endfacet
  facet normal 0 0 1
    outer loop
      vertex 45.8107 56.0911 5.4
      vertex 46.5257 57.2473 5.4
      vertex 46.233 57.3465 5.4
    endloop
  endfacet
  facet normal 0 0 1
    outer loop
      vertex 47.05 56.9829 5.4
      vertex 46.1251 55.9251 5.4
      vertex 46.2677 55.8234 5.4
    endloop
  endfacet
  facet normal 0 0 1
    outer loop
      vertex 46.798 57.1261 5.4
      vertex 45.9717 56.015 5.4
      vertex 46.1251 55.9251 5.4
    endloop
  endfacet
  facet normal 0 0 1
    outer loop
      vertex 45.642 56.1534 5.4
      vertex 46.233 57.3465 5.4
      vertex 45.9199 57.4236 5.4
    endloop
  endfacet
  facet normal 0 0 1
    outer loop
      vertex 46.5257 57.2473 5.4
      vertex 45.8107 56.0911 5.4
      vertex 45.9717 56.015 5.4
    endloop
  endfacet
  facet normal 0 0 1
    outer loop
      vertex 46.233 57.3465 5.4
      vertex 45.642 56.1534 5.4
      vertex 45.8107 56.0911 5.4
    endloop
  endfacet
  facet normal 0 0 1
    outer loop
      vertex 45.4657 56.2018 5.4
      vertex 45.9199 57.4236 5.4
      vertex 45.5864 57.4787 5.4
    endloop
  endfacet
  facet normal 0 0 1
    outer loop
      vertex 45.9199 57.4236 5.4
      vertex 45.4657 56.2018 5.4
      vertex 45.642 56.1534 5.4
    endloop
  endfacet
  facet normal 0 0 1
    outer loop
      vertex 45.5864 57.4787 5.4
      vertex 45.2817 56.2364 5.4
      vertex 45.4657 56.2018 5.4
    endloop
  endfacet
  facet normal 0 0 1
    outer loop
      vertex 45.2326 57.5117 5.4
      vertex 45.2817 56.2364 5.4
      vertex 45.5864 57.4787 5.4
    endloop
  endfacet
  facet normal 0 0 1
    outer loop
      vertex 45.2326 57.5117 5.4
      vertex 45.0901 56.2572 5.4
      vertex 45.2817 56.2364 5.4
    endloop
  endfacet
  facet normal 0 0 1
    outer loop
      vertex 44.8583 57.5228 5.4
      vertex 45.0901 56.2572 5.4
      vertex 45.2326 57.5117 5.4
    endloop
  endfacet
  facet normal 0 0 1
    outer loop
      vertex 45.0901 56.2572 5.4
      vertex 44.8583 57.5228 5.4
      vertex 44.8909 56.2641 5.4
    endloop
  endfacet
  facet normal 0 0 1
    outer loop
      vertex 44.8583 57.5228 5.4
      vertex 44.5916 56.2504 5.4
      vertex 44.8909 56.2641 5.4
    endloop
  endfacet
  facet normal -0 0 1
    outer loop
      vertex 44.3492 57.5022 5.4
      vertex 44.5916 56.2504 5.4
      vertex 44.8583 57.5228 5.4
    endloop
  endfacet
  facet normal 0 0 1
    outer loop
      vertex 44.3492 57.5022 5.4
      vertex 44.3136 56.2092 5.4
      vertex 44.5916 56.2504 5.4
    endloop
  endfacet
  facet normal -0 0 1
    outer loop
      vertex 43.8756 57.4404 5.4
      vertex 44.3136 56.2092 5.4
      vertex 44.3492 57.5022 5.4
    endloop
  endfacet
  facet normal 0 0 1
    outer loop
      vertex 44.3136 56.2092 5.4
      vertex 43.8756 57.4404 5.4
      vertex 44.0571 56.1405 5.4
    endloop
  endfacet
  facet normal -0 0 1
    outer loop
      vertex 43.4378 57.3374 5.4
      vertex 44.0571 56.1405 5.4
      vertex 43.8756 57.4404 5.4
    endloop
  endfacet
  facet normal 0 0 1
    outer loop
      vertex 44.0571 56.1405 5.4
      vertex 43.4378 57.3374 5.4
      vertex 43.8219 56.0444 5.4
    endloop
  endfacet
  facet normal -0 0 1
    outer loop
      vertex 43.0355 57.1933 5.4
      vertex 43.8219 56.0444 5.4
      vertex 43.4378 57.3374 5.4
    endloop
  endfacet
  facet normal 0 0 1
    outer loop
      vertex 43.8219 56.0444 5.4
      vertex 43.0355 57.1933 5.4
      vertex 43.608 55.9209 5.4
    endloop
  endfacet
  facet normal -0 0 1
    outer loop
      vertex 42.6689 57.0079 5.4
      vertex 43.608 55.9209 5.4
      vertex 43.0355 57.1933 5.4
    endloop
  endfacet
  facet normal 0 0 1
    outer loop
      vertex 43.608 55.9209 5.4
      vertex 42.6689 57.0079 5.4
      vertex 43.4155 55.7699 5.4
    endloop
  endfacet
  facet normal -0 0 1
    outer loop
      vertex 42.338 56.7814 5.4
      vertex 43.4155 55.7699 5.4
      vertex 42.6689 57.0079 5.4
    endloop
  endfacet
  facet normal 0 0 1
    outer loop
      vertex 43.4155 55.7699 5.4
      vertex 42.338 56.7814 5.4
      vertex 43.2444 55.5914 5.4
    endloop
  endfacet
  facet normal -0 0 1
    outer loop
      vertex 42.0427 56.5137 5.4
      vertex 43.2444 55.5914 5.4
      vertex 42.338 56.7814 5.4
    endloop
  endfacet
  facet normal 0 0 1
    outer loop
      vertex 43.2444 55.5914 5.4
      vertex 42.0427 56.5137 5.4
      vertex 43.0955 55.3865 5.4
    endloop
  endfacet
  facet normal -0 0 1
    outer loop
      vertex 41.7851 56.2076 5.4
      vertex 43.0955 55.3865 5.4
      vertex 42.0427 56.5137 5.4
    endloop
  endfacet
  facet normal -0 0 1
    outer loop
      vertex 41.3888 55.4884 5.4
      vertex 42.9694 55.1561 5.4
      vertex 41.5671 55.8658 5.4
    endloop
  endfacet
  facet normal -0 0 1
    outer loop
      vertex 41.5671 55.8658 5.4
      vertex 42.9694 55.1561 5.4
      vertex 41.7851 56.2076 5.4
    endloop
  endfacet
  facet normal 0 0 1
    outer loop
      vertex 43.0955 55.3865 5.4
      vertex 41.7851 56.2076 5.4
      vertex 42.9694 55.1561 5.4
    endloop
  endfacet
  facet normal 0 0 1
    outer loop
      vertex 46.9415 52.369 5.4
      vertex 48.1985 51.5381 5.4
      vertex 48.3358 51.8428 5.4
    endloop
  endfacet
  facet normal -0 0 1
    outer loop
      vertex 46.7623 51.9833 5.4
      vertex 48.1985 51.5381 5.4
      vertex 46.9415 52.369 5.4
    endloop
  endfacet
  facet normal 0 0 1
    outer loop
      vertex 48.0442 51.2566 5.4
      vertex 46.7623 51.9833 5.4
      vertex 47.8726 50.9983 5.4
    endloop
  endfacet
  facet normal -0 0 1
    outer loop
      vertex 46.547 51.6569 5.4
      vertex 47.8726 50.9983 5.4
      vertex 46.7623 51.9833 5.4
    endloop
  endfacet
  facet normal 0 0 1
    outer loop
      vertex 47.8726 50.9983 5.4
      vertex 46.547 51.6569 5.4
      vertex 47.6839 50.7631 5.4
    endloop
  endfacet
  facet normal 0 0 1
    outer loop
      vertex 47.6839 50.7631 5.4
      vertex 46.547 51.6569 5.4
      vertex 47.478 50.551 5.4
    endloop
  endfacet
  facet normal 0 0 1
    outer loop
      vertex 48.1985 51.5381 5.4
      vertex 46.7623 51.9833 5.4
      vertex 48.0442 51.2566 5.4
    endloop
  endfacet
  facet normal -0 0 1
    outer loop
      vertex 46.2955 51.3898 5.4
      vertex 47.478 50.551 5.4
      vertex 46.547 51.6569 5.4
    endloop
  endfacet
  facet normal 0 0 1
    outer loop
      vertex 47.478 50.551 5.4
      vertex 46.2955 51.3898 5.4
      vertex 47.255 50.3621 5.4
    endloop
  endfacet
  facet normal 0 0 1
    outer loop
      vertex 47.255 50.3621 5.4
      vertex 46.2955 51.3898 5.4
      vertex 47.0148 50.1963 5.4
    endloop
  endfacet
  facet normal 0 0 1
    outer loop
      vertex 47.0148 50.1963 5.4
      vertex 46.2955 51.3898 5.4
      vertex 46.759 50.0531 5.4
    endloop
  endfacet
  facet normal -0 0 1
    outer loop
      vertex 46.008 51.1821 5.4
      vertex 46.759 50.0531 5.4
      vertex 46.2955 51.3898 5.4
    endloop
  endfacet
  facet normal 0 0 1
    outer loop
      vertex 46.759 50.0531 5.4
      vertex 46.008 51.1821 5.4
      vertex 46.4891 49.9319 5.4
    endloop
  endfacet
  facet normal 0 0 1
    outer loop
      vertex 46.4891 49.9319 5.4
      vertex 46.008 51.1821 5.4
      vertex 46.2052 49.8328 5.4
    endloop
  endfacet
  facet normal -0 0 1
    outer loop
      vertex 45.6844 51.0338 5.4
      vertex 46.2052 49.8328 5.4
      vertex 46.008 51.1821 5.4
    endloop
  endfacet
  facet normal 0 0 1
    outer loop
      vertex 46.2052 49.8328 5.4
      vertex 45.6844 51.0338 5.4
      vertex 45.9072 49.7557 5.4
    endloop
  endfacet
  facet normal -0 0 1
    outer loop
      vertex 45.3247 50.9448 5.4
      vertex 45.9072 49.7557 5.4
      vertex 45.6844 51.0338 5.4
    endloop
  endfacet
  facet normal 0 0 1
    outer loop
      vertex 45.9072 49.7557 5.4
      vertex 45.3247 50.9448 5.4
      vertex 45.5952 49.7006 5.4
    endloop
  endfacet
  facet normal 0 0 1
    outer loop
      vertex 45.3247 50.9448 5.4
      vertex 45.2691 49.6675 5.4
      vertex 45.5952 49.7006 5.4
    endloop
  endfacet
  facet normal -0 0 1
    outer loop
      vertex 44.9289 50.9151 5.4
      vertex 45.2691 49.6675 5.4
      vertex 45.3247 50.9448 5.4
    endloop
  endfacet
  facet normal 0 0 1
    outer loop
      vertex 44.9289 50.9151 5.4
      vertex 44.9289 49.6565 5.4
      vertex 45.2691 49.6675 5.4
    endloop
  endfacet
  facet normal 0 0 1
    outer loop
      vertex 44.6278 50.9293 5.4
      vertex 44.9289 49.6565 5.4
      vertex 44.9289 50.9151 5.4
    endloop
  endfacet
  facet normal 0 0 1
    outer loop
      vertex 44.6278 50.9293 5.4
      vertex 44.419 49.6778 5.4
      vertex 44.9289 49.6565 5.4
    endloop
  endfacet
  facet normal 0 0 1
    outer loop
      vertex 44.3477 50.9718 5.4
      vertex 44.419 49.6778 5.4
      vertex 44.6278 50.9293 5.4
    endloop
  endfacet
  facet normal 0 0 1
    outer loop
      vertex 43.9433 49.7418 5.4
      vertex 44.3477 50.9718 5.4
      vertex 44.0884 51.0426 5.4
    endloop
  endfacet
  facet normal 0 0 1
    outer loop
      vertex 44.3477 50.9718 5.4
      vertex 43.9433 49.7418 5.4
      vertex 44.419 49.6778 5.4
    endloop
  endfacet
  facet normal 0 0 1
    outer loop
      vertex 43.5018 49.8483 5.4
      vertex 44.0884 51.0426 5.4
      vertex 43.8501 51.1418 5.4
    endloop
  endfacet
  facet normal 0 0 1
    outer loop
      vertex 43.0946 49.9975 5.4
      vertex 43.8501 51.1418 5.4
      vertex 43.6327 51.2694 5.4
    endloop
  endfacet
  facet normal 0 0 1
    outer loop
      vertex 44.0884 51.0426 5.4
      vertex 43.5018 49.8483 5.4
      vertex 43.9433 49.7418 5.4
    endloop
  endfacet
  facet normal 0 0 1
    outer loop
      vertex 42.7215 50.1893 5.4
      vertex 43.6327 51.2694 5.4
      vertex 43.4363 51.4253 5.4
    endloop
  endfacet
  facet normal 0 0 1
    outer loop
      vertex 42.3827 50.4238 5.4
      vertex 43.4363 51.4253 5.4
      vertex 43.2607 51.6095 5.4
    endloop
  endfacet
  facet normal 0 0 1
    outer loop
      vertex 42.078 50.7009 5.4
      vertex 43.2607 51.6095 5.4
      vertex 43.1074 51.8206 5.4
    endloop
  endfacet
  facet normal 0 0 1
    outer loop
      vertex 43.8501 51.1418 5.4
      vertex 43.0946 49.9975 5.4
      vertex 43.5018 49.8483 5.4
    endloop
  endfacet
  facet normal 0 0 1
    outer loop
      vertex 41.811 51.0162 5.4
      vertex 43.1074 51.8206 5.4
      vertex 42.9777 52.0572 5.4
    endloop
  endfacet
  facet normal 0 0 1
    outer loop
      vertex 41.5851 51.3656 5.4
      vertex 42.9777 52.0572 5.4
      vertex 42.8716 52.3193 5.4
    endloop
  endfacet
  facet normal 0 0 1
    outer loop
      vertex 41.2565 52.1663 5.4
      vertex 42.8716 52.3193 5.4
      vertex 42.7891 52.6068 5.4
    endloop
  endfacet
  facet normal -0 0 1
    outer loop
      vertex 41.1538 52.6176 5.4
      vertex 42.7891 52.6068 5.4
      vertex 42.7301 52.9198 5.4
    endloop
  endfacet
  facet normal 0 0 1
    outer loop
      vertex 43.6327 51.2694 5.4
      vertex 42.7215 50.1893 5.4
      vertex 43.0946 49.9975 5.4
    endloop
  endfacet
  facet normal -0 0 1
    outer loop
      vertex 41.0922 53.1029 5.4
      vertex 42.7301 52.9198 5.4
      vertex 42.6948 53.2583 5.4
    endloop
  endfacet
  facet normal -0 0 1
    outer loop
      vertex 41.0717 53.6222 5.4
      vertex 42.6948 53.2583 5.4
      vertex 42.683 53.6222 5.4
    endloop
  endfacet
  facet normal 0 0 1
    outer loop
      vertex 43.4363 51.4253 5.4
      vertex 42.3827 50.4238 5.4
      vertex 42.7215 50.1893 5.4
    endloop
  endfacet
  facet normal 0 0 1
    outer loop
      vertex 42.9694 55.1561 5.4
      vertex 41.3888 55.4884 5.4
      vertex 42.8663 54.9003 5.4
    endloop
  endfacet
  facet normal -0 0 1
    outer loop
      vertex 41.25 55.0753 5.4
      vertex 42.8663 54.9003 5.4
      vertex 41.3888 55.4884 5.4
    endloop
  endfacet
  facet normal 0 0 1
    outer loop
      vertex 42.6948 53.2583 5.4
      vertex 41.0717 53.6222 5.4
      vertex 41.0922 53.1029 5.4
    endloop
  endfacet
  facet normal 0 0 1
    outer loop
      vertex 42.8663 54.9003 5.4
      vertex 41.25 55.0753 5.4
      vertex 42.7861 54.6189 5.4
    endloop
  endfacet
  facet normal 0 0 1
    outer loop
      vertex 42.7301 52.9198 5.4
      vertex 41.0922 53.1029 5.4
      vertex 41.1538 52.6176 5.4
    endloop
  endfacet
  facet normal -0 0 1
    outer loop
      vertex 41.151 54.6266 5.4
      vertex 42.7861 54.6189 5.4
      vertex 41.25 55.0753 5.4
    endloop
  endfacet
  facet normal 0 0 1
    outer loop
      vertex 42.7891 52.6068 5.4
      vertex 41.1538 52.6176 5.4
      vertex 41.2565 52.1663 5.4
    endloop
  endfacet
  facet normal 0 0 1
    outer loop
      vertex 42.7861 54.6189 5.4
      vertex 41.151 54.6266 5.4
      vertex 42.7288 54.3121 5.4
    endloop
  endfacet
  facet normal 0 0 1
    outer loop
      vertex 42.8716 52.3193 5.4
      vertex 41.2565 52.1663 5.4
      vertex 41.4003 51.7489 5.4
    endloop
  endfacet
  facet normal 0 0 1
    outer loop
      vertex 41.0915 54.1422 5.4
      vertex 42.7288 54.3121 5.4
      vertex 41.151 54.6266 5.4
    endloop
  endfacet
  facet normal 0 0 1
    outer loop
      vertex 42.8716 52.3193 5.4
      vertex 41.4003 51.7489 5.4
      vertex 41.5851 51.3656 5.4
    endloop
  endfacet
  facet normal 0 0 1
    outer loop
      vertex 42.7288 54.3121 5.4
      vertex 41.0915 54.1422 5.4
      vertex 42.6944 53.9799 5.4
    endloop
  endfacet
  facet normal 0 0 1
    outer loop
      vertex 42.9777 52.0572 5.4
      vertex 41.5851 51.3656 5.4
      vertex 41.811 51.0162 5.4
    endloop
  endfacet
  facet normal 0 0 1
    outer loop
      vertex 41.0717 53.6222 5.4
      vertex 42.6944 53.9799 5.4
      vertex 41.0915 54.1422 5.4
    endloop
  endfacet
  facet normal 0 0 1
    outer loop
      vertex 43.1074 51.8206 5.4
      vertex 41.811 51.0162 5.4
      vertex 42.078 50.7009 5.4
    endloop
  endfacet
  facet normal 0 0 1
    outer loop
      vertex 42.6944 53.9799 5.4
      vertex 41.0717 53.6222 5.4
      vertex 42.683 53.6222 5.4
    endloop
  endfacet
  facet normal 0 0 1
    outer loop
      vertex 43.2607 51.6095 5.4
      vertex 42.078 50.7009 5.4
      vertex 42.3827 50.4238 5.4
    endloop
  endfacet
  facet normal 0 0 1
    outer loop
      vertex 32.6746 49.765 5.4
      vertex 30.4124 51.718 5.4
      vertex 31.0905 49.765 5.4
    endloop
  endfacet
  facet normal 0 0 1
    outer loop
      vertex 32.6746 49.765 5.4
      vertex 30.0543 52.9224 5.4
      vertex 30.4124 51.718 5.4
    endloop
  endfacet
  facet normal 0 0 1
    outer loop
      vertex 29.897 57.4088 5.4
      vertex 30.0543 52.9224 5.4
      vertex 32.6746 49.765 5.4
    endloop
  endfacet
  facet normal 0 0 1
    outer loop
      vertex 29.897 57.4088 5.4
      vertex 29.3002 55.1195 5.4
      vertex 30.0543 52.9224 5.4
    endloop
  endfacet
  facet normal 0 0 1
    outer loop
      vertex 29.897 57.4088 5.4
      vertex 29.067 55.8572 5.4
      vertex 29.3002 55.1195 5.4
    endloop
  endfacet
  facet normal 0 0 1
    outer loop
      vertex 29.897 57.4088 5.4
      vertex 28.953 56.2316 5.4
      vertex 29.067 55.8572 5.4
    endloop
  endfacet
  facet normal 0 0 1
    outer loop
      vertex 28.0091 57.4088 5.4
      vertex 28.9205 56.1123 5.4
      vertex 28.953 56.2316 5.4
    endloop
  endfacet
  facet normal 0 0 1
    outer loop
      vertex 28.9205 56.1123 5.4
      vertex 28.0091 57.4088 5.4
      vertex 28.9046 56.0553 5.4
    endloop
  endfacet
  facet normal 0 0 1
    outer loop
      vertex 28.9046 56.0553 5.4
      vertex 28.0091 57.4088 5.4
      vertex 28.8878 55.9962 5.4
    endloop
  endfacet
  facet normal 0 0 1
    outer loop
      vertex 28.8878 55.9962 5.4
      vertex 28.0091 57.4088 5.4
      vertex 28.87 55.9349 5.4
    endloop
  endfacet
  facet normal 0 0 1
    outer loop
      vertex 28.87 55.9349 5.4
      vertex 28.0091 57.4088 5.4
      vertex 28.8514 55.8713 5.4
    endloop
  endfacet
  facet normal 0 0 1
    outer loop
      vertex 28.8514 55.8713 5.4
      vertex 28.0091 57.4088 5.4
      vertex 28.8319 55.8056 5.4
    endloop
  endfacet
  facet normal 0 0 1
    outer loop
      vertex 28.8319 55.8056 5.4
      vertex 28.0091 57.4088 5.4
      vertex 28.8116 55.7376 5.4
    endloop
  endfacet
  facet normal 0 0 1
    outer loop
      vertex 28.8116 55.7376 5.4
      vertex 28.0091 57.4088 5.4
      vertex 28.7903 55.6674 5.4
    endloop
  endfacet
  facet normal 0 0 1
    outer loop
      vertex 28.7903 55.6674 5.4
      vertex 28.0091 57.4088 5.4
      vertex 28.7527 55.5503 5.4
    endloop
  endfacet
  facet normal 0 0 1
    outer loop
      vertex 28.7527 55.5503 5.4
      vertex 28.0091 57.4088 5.4
      vertex 28.6832 55.3415 5.4
    endloop
  endfacet
  facet normal 0 0 1
    outer loop
      vertex 28.6832 55.3415 5.4
      vertex 28.0091 57.4088 5.4
      vertex 28.5817 55.041 5.4
    endloop
  endfacet
  facet normal 0 0 1
    outer loop
      vertex 28.5817 55.041 5.4
      vertex 28.0091 57.4088 5.4
      vertex 28.4484 54.6488 5.4
    endloop
  endfacet
  facet normal 0 0 1
    outer loop
      vertex 28.4484 54.6488 5.4
      vertex 28.0091 57.4088 5.4
      vertex 28.2832 54.165 5.4
    endloop
  endfacet
  facet normal -0 0 1
    outer loop
      vertex 28.0091 57.4088 5.4
      vertex 28.953 56.2316 5.4
      vertex 29.897 57.4088 5.4
    endloop
  endfacet
  facet normal 0 0 1
    outer loop
      vertex 28.2832 54.165 5.4
      vertex 28.0091 57.4088 5.4
      vertex 28.0862 53.5895 5.4
    endloop
  endfacet
  facet normal 0 0 1
    outer loop
      vertex 28.0091 57.4088 5.4
      vertex 27.8572 52.9224 5.4
      vertex 28.0862 53.5895 5.4
    endloop
  endfacet
  facet normal 0 0 1
    outer loop
      vertex 25.2206 49.765 5.4
      vertex 27.8572 52.9224 5.4
      vertex 28.0091 57.4088 5.4
    endloop
  endfacet
  facet normal 0 0 1
    outer loop
      vertex 27.8572 52.9224 5.4
      vertex 25.2206 49.765 5.4
      vertex 27.4992 51.718 5.4
    endloop
  endfacet
  facet normal 0 0 1
    outer loop
      vertex 27.4992 51.718 5.4
      vertex 25.2206 49.765 5.4
      vertex 26.821 49.765 5.4
    endloop
  endfacet
  facet normal -0 0 1
    outer loop
      vertex 27.8572 52.9224 5.4
      vertex 30.4124 51.718 5.4
      vertex 30.0543 52.9224 5.4
    endloop
  endfacet
  facet normal 0 0 1
    outer loop
      vertex 30.4124 51.718 5.4
      vertex 27.8572 52.9224 5.4
      vertex 27.4992 51.718 5.4
    endloop
  endfacet
  facet normal -0 0 1
    outer loop
      vertex 38.6336 52.9657 5.4
      vertex 40.0549 49.765 5.4
      vertex 40.0549 57.4088 5.4
    endloop
  endfacet
  facet normal 0 0 1
    outer loop
      vertex 40.0549 49.765 5.4
      vertex 38.7053 51.705 5.4
      vertex 38.7312 51.4739 5.4
    endloop
  endfacet
  facet normal 0 0 1
    outer loop
      vertex 40.0549 49.765 5.4
      vertex 38.6834 51.93 5.4
      vertex 38.7053 51.705 5.4
    endloop
  endfacet
  facet normal 0 0 1
    outer loop
      vertex 40.0549 49.765 5.4
      vertex 38.6655 52.1491 5.4
      vertex 38.6834 51.93 5.4
    endloop
  endfacet
  facet normal 0 0 1
    outer loop
      vertex 40.0549 49.765 5.4
      vertex 38.6515 52.3623 5.4
      vertex 38.6655 52.1491 5.4
    endloop
  endfacet
  facet normal 0 0 1
    outer loop
      vertex 40.0549 49.765 5.4
      vertex 38.6416 52.5694 5.4
      vertex 38.6515 52.3623 5.4
    endloop
  endfacet
  facet normal 0 0 1
    outer loop
      vertex 40.0549 49.765 5.4
      vertex 38.6356 52.7706 5.4
      vertex 38.6416 52.5694 5.4
    endloop
  endfacet
  facet normal 0 0 1
    outer loop
      vertex 38.6336 52.9657 5.4
      vertex 40.0549 57.4088 5.4
      vertex 38.6336 57.4088 5.4
    endloop
  endfacet
  facet normal 0 0 1
    outer loop
      vertex 40.0549 49.765 5.4
      vertex 38.6336 52.9657 5.4
      vertex 38.6356 52.7706 5.4
    endloop
  endfacet
  facet normal 0 0 1
    outer loop
      vertex 38.7312 51.4739 5.4
      vertex 38.1778 49.765 5.4
      vertex 40.0549 49.765 5.4
    endloop
  endfacet
  facet normal -0 0 1
    outer loop
      vertex 34.847 55.6512 5.4
      vertex 38.7312 51.4739 5.4
      vertex 35.3514 57.4088 5.4
    endloop
  endfacet
  facet normal 0 0 1
    outer loop
      vertex 38.7312 51.4739 5.4
      vertex 34.847 55.6512 5.4
      vertex 38.1778 49.765 5.4
    endloop
  endfacet
  facet normal 0 -0 1
    outer loop
      vertex 34.847 55.6512 5.4
      vertex 35.3514 57.4088 5.4
      vertex 33.5232 57.4088 5.4
    endloop
  endfacet
  facet normal 0 0 1
    outer loop
      vertex 33.5232 57.4088 5.4
      vertex 34.9446 54.2731 5.4
      vertex 34.9426 54.4288 5.4
    endloop
  endfacet
  facet normal 0 0 1
    outer loop
      vertex 33.5232 57.4088 5.4
      vertex 34.9426 54.4288 5.4
      vertex 34.9366 54.5982 5.4
    endloop
  endfacet
  facet normal 0 0 1
    outer loop
      vertex 33.5232 57.4088 5.4
      vertex 34.9366 54.5982 5.4
      vertex 34.9266 54.7813 5.4
    endloop
  endfacet
  facet normal 0 0 1
    outer loop
      vertex 33.5232 57.4088 5.4
      vertex 34.9266 54.7813 5.4
      vertex 34.9127 54.9782 5.4
    endloop
  endfacet
  facet normal 0 0 1
    outer loop
      vertex 33.5232 57.4088 5.4
      vertex 34.9127 54.9782 5.4
      vertex 34.8948 55.1888 5.4
    endloop
  endfacet
  facet normal 0 0 1
    outer loop
      vertex 33.5232 57.4088 5.4
      vertex 34.8948 55.1888 5.4
      vertex 34.8729 55.4131 5.4
    endloop
  endfacet
  facet normal 0 0 1
    outer loop
      vertex 33.5232 57.4088 5.4
      vertex 34.8729 55.4131 5.4
      vertex 34.847 55.6512 5.4
    endloop
  endfacet
  facet normal 0 0 1
    outer loop
      vertex 34.9446 54.2731 5.4
      vertex 33.5232 57.4088 5.4
      vertex 33.5232 49.765 5.4
    endloop
  endfacet
  facet normal 0 0 1
    outer loop
      vertex 34.9446 54.2731 5.4
      vertex 33.5232 49.765 5.4
      vertex 34.9446 49.765 5.4
    endloop
  endfacet
  facet normal -0 0 1
    outer loop
      vertex 54.9826 53.9647 5.4
      vertex 56.6275 53.6222 5.4
      vertex 56.6066 54.1256 5.4
    endloop
  endfacet
  facet normal 0 0 1
    outer loop
      vertex 56.6275 53.6222 5.4
      vertex 54.9946 53.6222 5.4
      vertex 56.6178 53.2871 5.4
    endloop
  endfacet
  facet normal -0 0 1
    outer loop
      vertex 54.9467 54.2854 5.4
      vertex 56.6066 54.1256 5.4
      vertex 56.544 54.5974 5.4
    endloop
  endfacet
  facet normal 0 0 1
    outer loop
      vertex 54.9827 53.2638 5.4
      vertex 56.6178 53.2871 5.4
      vertex 54.9946 53.6222 5.4
    endloop
  endfacet
  facet normal 0 0 1
    outer loop
      vertex 56.6178 53.2871 5.4
      vertex 54.9827 53.2638 5.4
      vertex 56.5889 52.9637 5.4
    endloop
  endfacet
  facet normal 0 0 1
    outer loop
      vertex 54.887 54.5842 5.4
      vertex 56.544 54.5974 5.4
      vertex 56.4396 55.0374 5.4
    endloop
  endfacet
  facet normal 0 0 1
    outer loop
      vertex 54.947 52.9296 5.4
      vertex 56.5889 52.9637 5.4
      vertex 54.9827 53.2638 5.4
    endloop
  endfacet
  facet normal 0 0 1
    outer loop
      vertex 54.8033 54.8613 5.4
      vertex 56.4396 55.0374 5.4
      vertex 56.2935 55.4459 5.4
    endloop
  endfacet
  facet normal 0 0 1
    outer loop
      vertex 56.5889 52.9637 5.4
      vertex 54.947 52.9296 5.4
      vertex 56.5408 52.652 5.4
    endloop
  endfacet
  facet normal 0 0 1
    outer loop
      vertex 56.5408 52.652 5.4
      vertex 54.947 52.9296 5.4
      vertex 56.4733 52.3521 5.4
    endloop
  endfacet
  facet normal 0 0 1
    outer loop
      vertex 54.8033 54.8613 5.4
      vertex 56.2935 55.4459 5.4
      vertex 56.1057 55.8226 5.4
    endloop
  endfacet
  facet normal -0 0 1
    outer loop
      vertex 54.8875 52.6195 5.4
      vertex 56.4733 52.3521 5.4
      vertex 54.947 52.9296 5.4
    endloop
  endfacet
  facet normal 0 0 1
    outer loop
      vertex 54.6956 55.1165 5.4
      vertex 56.1057 55.8226 5.4
      vertex 55.8761 56.1677 5.4
    endloop
  endfacet
  facet normal 0 0 1
    outer loop
      vertex 56.4733 52.3521 5.4
      vertex 54.8875 52.6195 5.4
      vertex 56.3866 52.0639 5.4
    endloop
  endfacet
  facet normal -0 0 1
    outer loop
      vertex 54.8042 52.3335 5.4
      vertex 56.3866 52.0639 5.4
      vertex 54.8875 52.6195 5.4
    endloop
  endfacet
  facet normal 0 0 1
    outer loop
      vertex 54.5641 55.3499 5.4
      vertex 55.8761 56.1677 5.4
      vertex 55.6048 56.4812 5.4
    endloop
  endfacet
  facet normal 0 0 1
    outer loop
      vertex 56.3866 52.0639 5.4
      vertex 54.8042 52.3335 5.4
      vertex 56.2807 51.7874 5.4
    endloop
  endfacet
  facet normal 0 0 1
    outer loop
      vertex 54.4087 55.5616 5.4
      vertex 55.6048 56.4812 5.4
      vertex 55.2964 56.7575 5.4
    endloop
  endfacet
  facet normal 0 0 1
    outer loop
      vertex 56.2807 51.7874 5.4
      vertex 54.8042 52.3335 5.4
      vertex 56.1555 51.5227 5.4
    endloop
  endfacet
  facet normal -0 0 1
    outer loop
      vertex 54.697 52.0717 5.4
      vertex 56.1555 51.5227 5.4
      vertex 54.8042 52.3335 5.4
    endloop
  endfacet
  facet normal 0 0 1
    outer loop
      vertex 56.1555 51.5227 5.4
      vertex 54.697 52.0717 5.4
      vertex 56.0123 51.2725 5.4
    endloop
  endfacet
  facet normal 0 0 1
    outer loop
      vertex 56.6275 53.6222 5.4
      vertex 54.9826 53.9647 5.4
      vertex 54.9946 53.6222 5.4
    endloop
  endfacet
  facet normal 0 0 1
    outer loop
      vertex 54.2316 55.7479 5.4
      vertex 55.2964 56.7575 5.4
      vertex 54.9556 56.9913 5.4
    endloop
  endfacet
  facet normal 0 0 1
    outer loop
      vertex 56.6066 54.1256 5.4
      vertex 54.9467 54.2854 5.4
      vertex 54.9826 53.9647 5.4
    endloop
  endfacet
  facet normal 0 0 1
    outer loop
      vertex 56.544 54.5974 5.4
      vertex 54.887 54.5842 5.4
      vertex 54.9467 54.2854 5.4
    endloop
  endfacet
  facet normal 0 0 1
    outer loop
      vertex 56.4396 55.0374 5.4
      vertex 54.8033 54.8613 5.4
      vertex 54.887 54.5842 5.4
    endloop
  endfacet
  facet normal 0 0 1
    outer loop
      vertex 56.1057 55.8226 5.4
      vertex 54.6956 55.1165 5.4
      vertex 54.8033 54.8613 5.4
    endloop
  endfacet
  facet normal 0 0 1
    outer loop
      vertex 54.0353 55.9057 5.4
      vertex 54.9556 56.9913 5.4
      vertex 54.5824 57.1826 5.4
    endloop
  endfacet
  facet normal 0 0 1
    outer loop
      vertex 55.8761 56.1677 5.4
      vertex 54.5641 55.3499 5.4
      vertex 54.6956 55.1165 5.4
    endloop
  endfacet
  facet normal 0 0 1
    outer loop
      vertex 55.6048 56.4812 5.4
      vertex 54.4087 55.5616 5.4
      vertex 54.5641 55.3499 5.4
    endloop
  endfacet
  facet normal 0 0 1
    outer loop
      vertex 55.2964 56.7575 5.4
      vertex 54.2316 55.7479 5.4
      vertex 54.4087 55.5616 5.4
    endloop
  endfacet
  facet normal 0 0 1
    outer loop
      vertex 53.8198 56.0347 5.4
      vertex 54.5824 57.1826 5.4
      vertex 54.1767 57.3314 5.4
    endloop
  endfacet
  facet normal 0 0 1
    outer loop
      vertex 54.9556 56.9913 5.4
      vertex 54.0353 55.9057 5.4
      vertex 54.2316 55.7479 5.4
    endloop
  endfacet
  facet normal 0 0 1
    outer loop
      vertex 54.5824 57.1826 5.4
      vertex 53.8198 56.0347 5.4
      vertex 54.0353 55.9057 5.4
    endloop
  endfacet
  facet normal 0 0 1
    outer loop
      vertex 53.5849 56.1351 5.4
      vertex 54.1767 57.3314 5.4
      vertex 53.7385 57.4377 5.4
    endloop
  endfacet
  facet normal 0 0 1
    outer loop
      vertex 54.1767 57.3314 5.4
      vertex 53.5849 56.1351 5.4
      vertex 53.8198 56.0347 5.4
    endloop
  endfacet
  facet normal 0 0 1
    outer loop
      vertex 53.7385 57.4377 5.4
      vertex 53.3309 56.2068 5.4
      vertex 53.5849 56.1351 5.4
    endloop
  endfacet
  facet normal 0 0 1
    outer loop
      vertex 53.2679 57.5015 5.4
      vertex 53.3309 56.2068 5.4
      vertex 53.7385 57.4377 5.4
    endloop
  endfacet
  facet normal 0 0 1
    outer loop
      vertex 53.2679 57.5015 5.4
      vertex 53.0575 56.2498 5.4
      vertex 53.3309 56.2068 5.4
    endloop
  endfacet
  facet normal 0 0 1
    outer loop
      vertex 52.7649 57.5228 5.4
      vertex 53.0575 56.2498 5.4
      vertex 53.2679 57.5015 5.4
    endloop
  endfacet
  facet normal 0 0 1
    outer loop
      vertex 52.7649 57.5228 5.4
      vertex 52.7649 56.2641 5.4
      vertex 53.0575 56.2498 5.4
    endloop
  endfacet
  facet normal 0 0 1
    outer loop
      vertex 52.7649 57.5228 5.4
      vertex 52.468 56.2499 5.4
      vertex 52.7649 56.2641 5.4
    endloop
  endfacet
  facet normal -0 0 1
    outer loop
      vertex 52.2619 57.5017 5.4
      vertex 52.468 56.2499 5.4
      vertex 52.7649 57.5228 5.4
    endloop
  endfacet
  facet normal 0 0 1
    outer loop
      vertex 52.2619 57.5017 5.4
      vertex 52.1909 56.2072 5.4
      vertex 52.468 56.2499 5.4
    endloop
  endfacet
  facet normal -0 0 1
    outer loop
      vertex 51.7915 57.4386 5.4
      vertex 52.1909 56.2072 5.4
      vertex 52.2619 57.5017 5.4
    endloop
  endfacet
  facet normal 0 0 1
    outer loop
      vertex 52.1909 56.2072 5.4
      vertex 51.7915 57.4386 5.4
      vertex 51.9339 56.1361 5.4
    endloop
  endfacet
  facet normal -0 0 1
    outer loop
      vertex 51.3536 57.3334 5.4
      vertex 51.9339 56.1361 5.4
      vertex 51.7915 57.4386 5.4
    endloop
  endfacet
  facet normal 0 0 1
    outer loop
      vertex 51.9339 56.1361 5.4
      vertex 51.3536 57.3334 5.4
      vertex 51.6967 56.0365 5.4
    endloop
  endfacet
  facet normal -0 0 1
    outer loop
      vertex 50.9483 57.1862 5.4
      vertex 51.6967 56.0365 5.4
      vertex 51.3536 57.3334 5.4
    endloop
  endfacet
  facet normal 0 0 1
    outer loop
      vertex 51.6967 56.0365 5.4
      vertex 50.9483 57.1862 5.4
      vertex 51.4795 55.9084 5.4
    endloop
  endfacet
  facet normal -0 0 1
    outer loop
      vertex 50.5755 56.9968 5.4
      vertex 51.4795 55.9084 5.4
      vertex 50.9483 57.1862 5.4
    endloop
  endfacet
  facet normal 0 0 1
    outer loop
      vertex 51.4795 55.9084 5.4
      vertex 50.5755 56.9968 5.4
      vertex 51.2822 55.7519 5.4
    endloop
  endfacet
  facet normal -0 0 1
    outer loop
      vertex 50.2353 56.7654 5.4
      vertex 51.2822 55.7519 5.4
      vertex 50.5755 56.9968 5.4
    endloop
  endfacet
  facet normal 0 0 1
    outer loop
      vertex 51.2822 55.7519 5.4
      vertex 50.2353 56.7654 5.4
      vertex 51.1048 55.567 5.4
    endloop
  endfacet
  facet normal -0 0 1
    outer loop
      vertex 49.9276 56.492 5.4
      vertex 51.1048 55.567 5.4
      vertex 50.2353 56.7654 5.4
    endloop
  endfacet
  facet normal 0 0 1
    outer loop
      vertex 51.1048 55.567 5.4
      vertex 49.9276 56.492 5.4
      vertex 50.9494 55.3566 5.4
    endloop
  endfacet
  facet normal -0 0 1
    outer loop
      vertex 49.657 56.181 5.4
      vertex 50.9494 55.3566 5.4
      vertex 49.9276 56.492 5.4
    endloop
  endfacet
  facet normal 0 0 1
    outer loop
      vertex 50.9494 55.3566 5.4
      vertex 49.657 56.181 5.4
      vertex 50.8179 55.1237 5.4
    endloop
  endfacet
  facet normal -0 0 1
    outer loop
      vertex 49.4281 55.837 5.4
      vertex 50.8179 55.1237 5.4
      vertex 49.657 56.181 5.4
    endloop
  endfacet
  facet normal 0 0 1
    outer loop
      vertex 50.8179 55.1237 5.4
      vertex 49.4281 55.837 5.4
      vertex 50.7103 54.8684 5.4
    endloop
  endfacet
  facet normal -0 0 1
    outer loop
      vertex 49.2407 55.46 5.4
      vertex 50.7103 54.8684 5.4
      vertex 49.4281 55.837 5.4
    endloop
  endfacet
  facet normal -0 0 1
    outer loop
      vertex 49.095 55.05 5.4
      vertex 50.7103 54.8684 5.4
      vertex 49.2407 55.46 5.4
    endloop
  endfacet
  facet normal 0 -0 1
    outer loop
      vertex 48.9286 53.1112 5.4
      vertex 50.519 53.6222 5.4
      vertex 48.9077 53.6222 5.4
    endloop
  endfacet
  facet normal 0 0 1
    outer loop
      vertex 50.7103 54.8684 5.4
      vertex 49.095 55.05 5.4
      vertex 50.6266 54.5905 5.4
    endloop
  endfacet
  facet normal 0 -0 1
    outer loop
      vertex 48.9912 52.6322 5.4
      vertex 50.519 53.6222 5.4
      vertex 48.9286 53.1112 5.4
    endloop
  endfacet
  facet normal -0 0 1
    outer loop
      vertex 48.991 54.6071 5.4
      vertex 50.6266 54.5905 5.4
      vertex 49.095 55.05 5.4
    endloop
  endfacet
  facet normal 0 -0 1
    outer loop
      vertex 49.0955 52.1852 5.4
      vertex 50.519 53.6222 5.4
      vertex 48.9912 52.6322 5.4
    endloop
  endfacet
  facet normal 0 0 1
    outer loop
      vertex 50.6266 54.5905 5.4
      vertex 48.991 54.6071 5.4
      vertex 50.5668 54.2902 5.4
    endloop
  endfacet
  facet normal 0 -0 1
    outer loop
      vertex 49.2416 51.7701 5.4
      vertex 50.519 53.6222 5.4
      vertex 49.0955 52.1852 5.4
    endloop
  endfacet
  facet normal 0 0 1
    outer loop
      vertex 48.9285 54.1311 5.4
      vertex 50.5668 54.2902 5.4
      vertex 48.991 54.6071 5.4
    endloop
  endfacet
  facet normal 0 0 1
    outer loop
      vertex 50.519 53.6222 5.4
      vertex 49.659 51.0361 5.4
      vertex 49.9303 50.7171 5.4
    endloop
  endfacet
  facet normal 0 0 1
    outer loop
      vertex 50.5668 54.2902 5.4
      vertex 48.9285 54.1311 5.4
      vertex 50.5309 53.9675 5.4
    endloop
  endfacet
  facet normal 0 0 1
    outer loop
      vertex 50.519 53.6222 5.4
      vertex 49.2416 51.7701 5.4
      vertex 49.4295 51.3871 5.4
    endloop
  endfacet
  facet normal 0 0 1
    outer loop
      vertex 48.9077 53.6222 5.4
      vertex 50.5309 53.9675 5.4
      vertex 48.9285 54.1311 5.4
    endloop
  endfacet
  facet normal 0 0 1
    outer loop
      vertex 50.519 53.6222 5.4
      vertex 49.4295 51.3871 5.4
      vertex 49.659 51.0361 5.4
    endloop
  endfacet
  facet normal 0 0 1
    outer loop
      vertex 50.5309 53.9675 5.4
      vertex 48.9077 53.6222 5.4
      vertex 50.519 53.6222 5.4
    endloop
  endfacet
  facet normal 0 0 1
    outer loop
      vertex 50.519 53.6222 5.4
      vertex 49.9303 50.7171 5.4
      vertex 50.2384 50.4357 5.4
    endloop
  endfacet
  facet normal 0 0 1
    outer loop
      vertex 56.0123 51.2725 5.4
      vertex 54.697 52.0717 5.4
      vertex 55.8526 51.0398 5.4
    endloop
  endfacet
  facet normal -0 0 1
    outer loop
      vertex 54.5661 51.8339 5.4
      vertex 55.8526 51.0398 5.4
      vertex 54.697 52.0717 5.4
    endloop
  endfacet
  facet normal 0 0 1
    outer loop
      vertex 55.8526 51.0398 5.4
      vertex 54.5661 51.8339 5.4
      vertex 55.6762 50.8244 5.4
    endloop
  endfacet
  facet normal -0 0 1
    outer loop
      vertex 54.4114 51.6204 5.4
      vertex 55.6762 50.8244 5.4
      vertex 54.5661 51.8339 5.4
    endloop
  endfacet
  facet normal 0 0 1
    outer loop
      vertex 55.6762 50.8244 5.4
      vertex 54.4114 51.6204 5.4
      vertex 55.4832 50.6264 5.4
    endloop
  endfacet
  facet normal 0 0 1
    outer loop
      vertex 55.4832 50.6264 5.4
      vertex 54.4114 51.6204 5.4
      vertex 55.2737 50.4457 5.4
    endloop
  endfacet
  facet normal -0 0 1
    outer loop
      vertex 54.2347 51.4333 5.4
      vertex 55.2737 50.4457 5.4
      vertex 54.4114 51.6204 5.4
    endloop
  endfacet
  facet normal 0 0 1
    outer loop
      vertex 55.2737 50.4457 5.4
      vertex 54.2347 51.4333 5.4
      vertex 55.0475 50.2825 5.4
    endloop
  endfacet
  facet normal -0 0 1
    outer loop
      vertex 54.0381 51.2749 5.4
      vertex 55.0475 50.2825 5.4
      vertex 54.2347 51.4333 5.4
    endloop
  endfacet
  facet normal 0 0 1
    outer loop
      vertex 55.0475 50.2825 5.4
      vertex 54.0381 51.2749 5.4
      vertex 54.8047 50.1366 5.4
    endloop
  endfacet
  facet normal 0 0 1
    outer loop
      vertex 54.8047 50.1366 5.4
      vertex 54.0381 51.2749 5.4
      vertex 54.5476 50.0092 5.4
    endloop
  endfacet
  facet normal -0 0 1
    outer loop
      vertex 53.8213 51.1454 5.4
      vertex 54.5476 50.0092 5.4
      vertex 54.0381 51.2749 5.4
    endloop
  endfacet
  facet normal 0 0 1
    outer loop
      vertex 54.5476 50.0092 5.4
      vertex 53.8213 51.1454 5.4
      vertex 54.2786 49.9015 5.4
    endloop
  endfacet
  facet normal -0 0 1
    outer loop
      vertex 53.5845 51.0446 5.4
      vertex 54.2786 49.9015 5.4
      vertex 53.8213 51.1454 5.4
    endloop
  endfacet
  facet normal 0 0 1
    outer loop
      vertex 54.2786 49.9015 5.4
      vertex 53.5845 51.0446 5.4
      vertex 53.9976 49.8133 5.4
    endloop
  endfacet
  facet normal 0 0 1
    outer loop
      vertex 53.9976 49.8133 5.4
      vertex 53.5845 51.0446 5.4
      vertex 53.7046 49.7447 5.4
    endloop
  endfacet
  facet normal -0 0 1
    outer loop
      vertex 53.3277 50.9727 5.4
      vertex 53.7046 49.7447 5.4
      vertex 53.5845 51.0446 5.4
    endloop
  endfacet
  facet normal 0 0 1
    outer loop
      vertex 53.7046 49.7447 5.4
      vertex 53.3277 50.9727 5.4
      vertex 53.3997 49.6957 5.4
    endloop
  endfacet
  facet normal -0 0 1
    outer loop
      vertex 53.0509 50.9295 5.4
      vertex 53.3997 49.6957 5.4
      vertex 53.3277 50.9727 5.4
    endloop
  endfacet
  facet normal 0 0 1
    outer loop
      vertex 53.3997 49.6957 5.4
      vertex 53.0509 50.9295 5.4
      vertex 53.0829 49.6663 5.4
    endloop
  endfacet
  facet normal -0 0 1
    outer loop
      vertex 52.754 50.9151 5.4
      vertex 53.0829 49.6663 5.4
      vertex 53.0509 50.9295 5.4
    endloop
  endfacet
  facet normal 0 0 1
    outer loop
      vertex 52.754 50.9151 5.4
      vertex 52.754 49.6565 5.4
      vertex 53.0829 49.6663 5.4
    endloop
  endfacet
  facet normal 0 0 1
    outer loop
      vertex 52.4669 50.9299 5.4
      vertex 52.754 49.6565 5.4
      vertex 52.754 50.9151 5.4
    endloop
  endfacet
  facet normal 0 0 1
    outer loop
      vertex 52.4669 50.9299 5.4
      vertex 52.2553 49.6782 5.4
      vertex 52.754 49.6565 5.4
    endloop
  endfacet
  facet normal 0 0 1
    outer loop
      vertex 52.1976 50.9742 5.4
      vertex 52.2553 49.6782 5.4
      vertex 52.4669 50.9299 5.4
    endloop
  endfacet
  facet normal 0 0 1
    outer loop
      vertex 51.7884 49.7431 5.4
      vertex 52.1976 50.9742 5.4
      vertex 51.9461 51.0481 5.4
    endloop
  endfacet
  facet normal 0 0 1
    outer loop
      vertex 52.1976 50.9742 5.4
      vertex 51.7884 49.7431 5.4
      vertex 52.2553 49.6782 5.4
    endloop
  endfacet
  facet normal 0 0 1
    outer loop
      vertex 51.3532 49.8513 5.4
      vertex 51.9461 51.0481 5.4
      vertex 51.7124 51.1516 5.4
    endloop
  endfacet
  facet normal 0 0 1
    outer loop
      vertex 50.9499 50.0028 5.4
      vertex 51.7124 51.1516 5.4
      vertex 51.4966 51.2846 5.4
    endloop
  endfacet
  facet normal 0 0 1
    outer loop
      vertex 51.9461 51.0481 5.4
      vertex 51.3532 49.8513 5.4
      vertex 51.7884 49.7431 5.4
    endloop
  endfacet
  facet normal 0 0 1
    outer loop
      vertex 50.5782 50.1976 5.4
      vertex 51.4966 51.2846 5.4
      vertex 51.2986 51.4472 5.4
    endloop
  endfacet
  facet normal 0 0 1
    outer loop
      vertex 50.2384 50.4357 5.4
      vertex 51.2986 51.4472 5.4
      vertex 51.1184 51.6393 5.4
    endloop
  endfacet
  facet normal 0 0 1
    outer loop
      vertex 50.2384 50.4357 5.4
      vertex 51.1184 51.6393 5.4
      vertex 50.9594 51.8572 5.4
    endloop
  endfacet
  facet normal 0 0 1
    outer loop
      vertex 51.7124 51.1516 5.4
      vertex 50.9499 50.0028 5.4
      vertex 51.3532 49.8513 5.4
    endloop
  endfacet
  facet normal 0 0 1
    outer loop
      vertex 50.2384 50.4357 5.4
      vertex 50.9594 51.8572 5.4
      vertex 50.8248 52.0968 5.4
    endloop
  endfacet
  facet normal 0 0 1
    outer loop
      vertex 50.2384 50.4357 5.4
      vertex 50.8248 52.0968 5.4
      vertex 50.7147 52.3583 5.4
    endloop
  endfacet
  facet normal 0 0 1
    outer loop
      vertex 50.2384 50.4357 5.4
      vertex 50.7147 52.3583 5.4
      vertex 50.6291 52.6415 5.4
    endloop
  endfacet
  facet normal 0 0 1
    outer loop
      vertex 51.4966 51.2846 5.4
      vertex 50.5782 50.1976 5.4
      vertex 50.9499 50.0028 5.4
    endloop
  endfacet
  facet normal 0 0 1
    outer loop
      vertex 50.2384 50.4357 5.4
      vertex 50.6291 52.6415 5.4
      vertex 50.5679 52.9466 5.4
    endloop
  endfacet
  facet normal 0 0 1
    outer loop
      vertex 50.2384 50.4357 5.4
      vertex 50.5679 52.9466 5.4
      vertex 50.5312 53.2735 5.4
    endloop
  endfacet
  facet normal 0 0 1
    outer loop
      vertex 50.2384 50.4357 5.4
      vertex 50.5312 53.2735 5.4
      vertex 50.519 53.6222 5.4
    endloop
  endfacet
  facet normal 0 0 1
    outer loop
      vertex 51.2986 51.4472 5.4
      vertex 50.2384 50.4357 5.4
      vertex 50.5782 50.1976 5.4
    endloop
  endfacet
  facet normal 0 0 1
    outer loop
      vertex 22.5697 55.4126 5.4
      vertex 24.1876 55.4884 5.4
      vertex 24.1729 55.7501 5.4
    endloop
  endfacet
  facet normal 0 0 1
    outer loop
      vertex 24.1876 55.4884 5.4
      vertex 22.5697 55.4126 5.4
      vertex 24.1802 55.3065 5.4
    endloop
  endfacet
  facet normal 0 0 1
    outer loop
      vertex 22.5496 55.5415 5.4
      vertex 24.1729 55.7501 5.4
      vertex 24.1289 55.993 5.4
    endloop
  endfacet
  facet normal 0 -0 1
    outer loop
      vertex 22.5764 55.2714 5.4
      vertex 24.1802 55.3065 5.4
      vertex 22.5697 55.4126 5.4
    endloop
  endfacet
  facet normal 0 0 1
    outer loop
      vertex 24.1802 55.3065 5.4
      vertex 22.5764 55.2714 5.4
      vertex 24.1581 55.133 5.4
    endloop
  endfacet
  facet normal 0 0 1
    outer loop
      vertex 22.5161 55.6583 5.4
      vertex 24.1289 55.993 5.4
      vertex 24.0556 56.2169 5.4
    endloop
  endfacet
  facet normal 0 0 1
    outer loop
      vertex 24.1581 55.133 5.4
      vertex 22.5764 55.2714 5.4
      vertex 24.1213 54.9677 5.4
    endloop
  endfacet
  facet normal 0 0 1
    outer loop
      vertex 22.5161 55.6583 5.4
      vertex 24.0556 56.2169 5.4
      vertex 23.9529 56.4219 5.4
    endloop
  endfacet
  facet normal -0 0 1
    outer loop
      vertex 22.5701 55.1414 5.4
      vertex 24.1213 54.9677 5.4
      vertex 22.5764 55.2714 5.4
    endloop
  endfacet
  facet normal 0 0 1
    outer loop
      vertex 24.1213 54.9677 5.4
      vertex 22.5701 55.1414 5.4
      vertex 24.0698 54.8108 5.4
    endloop
  endfacet
  facet normal 0 0 1
    outer loop
      vertex 22.5161 55.6583 5.4
      vertex 23.9529 56.4219 5.4
      vertex 23.8208 56.6079 5.4
    endloop
  endfacet
  facet normal 0 0 1
    outer loop
      vertex 24.0698 54.8108 5.4
      vertex 22.5701 55.1414 5.4
      vertex 24.0035 54.6622 5.4
    endloop
  endfacet
  facet normal 0 0 1
    outer loop
      vertex 22.4692 55.7629 5.4
      vertex 23.8208 56.6079 5.4
      vertex 23.6595 56.775 5.4
    endloop
  endfacet
  facet normal 0 0 1
    outer loop
      vertex 24.0035 54.6622 5.4
      vertex 22.5701 55.1414 5.4
      vertex 23.9225 54.5218 5.4
    endloop
  endfacet
  facet normal 0 0 1
    outer loop
      vertex 22.4692 55.7629 5.4
      vertex 23.6595 56.775 5.4
      vertex 23.4688 56.9232 5.4
    endloop
  endfacet
  facet normal -0 0 1
    outer loop
      vertex 22.5513 55.021 5.4
      vertex 23.9225 54.5218 5.4
      vertex 22.5701 55.1414 5.4
    endloop
  endfacet
  facet normal 0 0 1
    outer loop
      vertex 23.9225 54.5218 5.4
      vertex 22.5513 55.021 5.4
      vertex 23.8268 54.3898 5.4
    endloop
  endfacet
  facet normal 0 0 1
    outer loop
      vertex 22.4089 55.8554 5.4
      vertex 23.4688 56.9232 5.4
      vertex 23.2495 57.0521 5.4
    endloop
  endfacet
  facet normal 0 0 1
    outer loop
      vertex 23.8268 54.3898 5.4
      vertex 22.5513 55.021 5.4
      vertex 23.716 54.2679 5.4
    endloop
  endfacet
  facet normal 0 0 1
    outer loop
      vertex 22.3352 55.9356 5.4
      vertex 23.2495 57.0521 5.4
      vertex 23.0025 57.1611 5.4
    endloop
  endfacet
  facet normal -0 0 1
    outer loop
      vertex 22.5201 54.9102 5.4
      vertex 23.716 54.2679 5.4
      vertex 22.5513 55.021 5.4
    endloop
  endfacet
  facet normal 0 0 1
    outer loop
      vertex 23.5899 54.1578 5.4
      vertex 22.5201 54.9102 5.4
      vertex 23.4483 54.0595 5.4
    endloop
  endfacet
  facet normal 0 0 1
    outer loop
      vertex 22.2481 56.0037 5.4
      vertex 23.0025 57.1611 5.4
      vertex 22.7276 57.2503 5.4
    endloop
  endfacet
  facet normal -0 0 1
    outer loop
      vertex 23.0213 52.0706 5.4
      vertex 24.627 51.9459 5.4
      vertex 24.6171 52.1628 5.4
    endloop
  endfacet
  facet normal 0 0 1
    outer loop
      vertex 23.0213 52.0706 5.4
      vertex 24.6171 52.1628 5.4
      vertex 24.5874 52.3673 5.4
    endloop
  endfacet
  facet normal 0 0 1
    outer loop
      vertex 24.627 51.9459 5.4
      vertex 23.0213 52.0706 5.4
      vertex 23.014 51.9167 5.4
    endloop
  endfacet
  facet normal 0 0 1
    outer loop
      vertex 23.0213 52.0706 5.4
      vertex 24.5874 52.3673 5.4
      vertex 24.5378 52.5592 5.4
    endloop
  endfacet
  facet normal -0 0 1
    outer loop
      vertex 22.9922 51.7741 5.4
      vertex 24.6111 51.6579 5.4
      vertex 23.014 51.9167 5.4
    endloop
  endfacet
  facet normal 0 0 1
    outer loop
      vertex 22.9898 52.3556 5.4
      vertex 24.5378 52.5592 5.4
      vertex 24.4685 52.7386 5.4
    endloop
  endfacet
  facet normal 0 0 1
    outer loop
      vertex 22.9898 52.3556 5.4
      vertex 24.4685 52.7386 5.4
      vertex 24.3793 52.9055 5.4
    endloop
  endfacet
  facet normal 0 0 1
    outer loop
      vertex 24.627 51.9459 5.4
      vertex 23.014 51.9167 5.4
      vertex 24.6111 51.6579 5.4
    endloop
  endfacet
  facet normal 0 0 1
    outer loop
      vertex 22.9898 52.3556 5.4
      vertex 24.3793 52.9055 5.4
      vertex 24.2703 53.0599 5.4
    endloop
  endfacet
  facet normal 0 0 1
    outer loop
      vertex 24.6111 51.6579 5.4
      vertex 22.9922 51.7741 5.4
      vertex 24.5632 51.3892 5.4
    endloop
  endfacet
  facet normal 0 0 1
    outer loop
      vertex 22.9898 52.3556 5.4
      vertex 24.2703 53.0599 5.4
      vertex 24.1415 53.2017 5.4
    endloop
  endfacet
  facet normal 0 0 1
    outer loop
      vertex 24.5632 51.3892 5.4
      vertex 22.9922 51.7741 5.4
      vertex 24.4835 51.1398 5.4
    endloop
  endfacet
  facet normal 0 0 1
    outer loop
      vertex 22.9898 52.3556 5.4
      vertex 24.1415 53.2017 5.4
      vertex 23.9938 53.3299 5.4
    endloop
  endfacet
  facet normal 0 0 1
    outer loop
      vertex 24.4835 51.1398 5.4
      vertex 22.956 51.643 5.4
      vertex 24.3719 50.9096 5.4
    endloop
  endfacet
  facet normal 0 0 1
    outer loop
      vertex 22.8955 52.5967 5.4
      vertex 23.9938 53.3299 5.4
      vertex 23.828 53.4431 5.4
    endloop
  endfacet
  facet normal 0 0 1
    outer loop
      vertex 22.8955 52.5967 5.4
      vertex 23.828 53.4431 5.4
      vertex 23.6441 53.5414 5.4
    endloop
  endfacet
  facet normal -0 0 1
    outer loop
      vertex 22.956 51.643 5.4
      vertex 24.4835 51.1398 5.4
      vertex 22.9922 51.7741 5.4
    endloop
  endfacet
  facet normal 0 0 1
    outer loop
      vertex 22.8955 52.5967 5.4
      vertex 23.6441 53.5414 5.4
      vertex 23.4422 53.6247 5.4
    endloop
  endfacet
  facet normal -0 0 1
    outer loop
      vertex 22.9052 51.5233 5.4
      vertex 24.3719 50.9096 5.4
      vertex 22.956 51.643 5.4
    endloop
  endfacet
  facet normal 0 0 1
    outer loop
      vertex 22.7383 52.794 5.4
      vertex 23.4422 53.6247 5.4
      vertex 23.2223 53.693 5.4
    endloop
  endfacet
  facet normal 0 0 1
    outer loop
      vertex 24.3719 50.9096 5.4
      vertex 22.9052 51.5233 5.4
      vertex 24.2284 50.6987 5.4
    endloop
  endfacet
  facet normal 0 0 1
    outer loop
      vertex 24.2284 50.6987 5.4
      vertex 22.9052 51.5233 5.4
      vertex 24.0531 50.507 5.4
    endloop
  endfacet
  facet normal 0 0 1
    outer loop
      vertex 24.5378 52.5592 5.4
      vertex 22.9898 52.3556 5.4
      vertex 23.0213 52.0706 5.4
    endloop
  endfacet
  facet normal 0 0 1
    outer loop
      vertex 22.7383 52.794 5.4
      vertex 23.2223 53.693 5.4
      vertex 22.9843 53.7464 5.4
    endloop
  endfacet
  facet normal 0 0 1
    outer loop
      vertex 23.9938 53.3299 5.4
      vertex 22.8955 52.5967 5.4
      vertex 22.9898 52.3556 5.4
    endloop
  endfacet
  facet normal 0 0 1
    outer loop
      vertex 23.4422 53.6247 5.4
      vertex 22.7383 52.794 5.4
      vertex 22.8955 52.5967 5.4
    endloop
  endfacet
  facet normal 0 0 1
    outer loop
      vertex 22.5182 52.9475 5.4
      vertex 22.9843 53.7464 5.4
      vertex 22.7283 53.7849 5.4
    endloop
  endfacet
  facet normal -0 0 1
    outer loop
      vertex 22.4763 54.809 5.4
      vertex 23.4483 54.0595 5.4
      vertex 22.5201 54.9102 5.4
    endloop
  endfacet
  facet normal 0 0 1
    outer loop
      vertex 23.4483 54.0595 5.4
      vertex 22.4763 54.809 5.4
      vertex 23.2914 53.9731 5.4
    endloop
  endfacet
  facet normal 0 0 1
    outer loop
      vertex 23.2914 53.9731 5.4
      vertex 22.4763 54.809 5.4
      vertex 23.1191 53.8985 5.4
    endloop
  endfacet
  facet normal -0 0 1
    outer loop
      vertex 22.42 54.7175 5.4
      vertex 23.1191 53.8985 5.4
      vertex 22.4763 54.809 5.4
    endloop
  endfacet
  facet normal 0 0 1
    outer loop
      vertex 23.1191 53.8985 5.4
      vertex 22.42 54.7175 5.4
      vertex 22.9314 53.8358 5.4
    endloop
  endfacet
  facet normal -0 0 1
    outer loop
      vertex 22.3512 54.6356 5.4
      vertex 22.9314 53.8358 5.4
      vertex 22.42 54.7175 5.4
    endloop
  endfacet
  facet normal 0 0 1
    outer loop
      vertex 22.9314 53.8358 5.4
      vertex 22.3512 54.6356 5.4
      vertex 22.7283 53.7849 5.4
    endloop
  endfacet
  facet normal 0 0 1
    outer loop
      vertex 22.9843 53.7464 5.4
      vertex 22.5182 52.9475 5.4
      vertex 22.7383 52.794 5.4
    endloop
  endfacet
  facet normal -0 0 1
    outer loop
      vertex 22.2698 54.5634 5.4
      vertex 22.7283 53.7849 5.4
      vertex 22.3512 54.6356 5.4
    endloop
  endfacet
  facet normal -0 0 1
    outer loop
      vertex 22.1747 54.5008 5.4
      vertex 22.7283 53.7849 5.4
      vertex 22.2698 54.5634 5.4
    endloop
  endfacet
  facet normal -0 0 1
    outer loop
      vertex 22.0643 54.4478 5.4
      vertex 22.7283 53.7849 5.4
      vertex 22.1747 54.5008 5.4
    endloop
  endfacet
  facet normal 0 0 1
    outer loop
      vertex 22.7283 53.7849 5.4
      vertex 22.2352 53.0571 5.4
      vertex 22.5182 52.9475 5.4
    endloop
  endfacet
  facet normal -0 0 1
    outer loop
      vertex 21.9389 54.4044 5.4
      vertex 22.7283 53.7849 5.4
      vertex 22.0643 54.4478 5.4
    endloop
  endfacet
  facet normal 0 0 1
    outer loop
      vertex 21.8893 53.1228 5.4
      vertex 22.7283 53.7849 5.4
      vertex 21.9389 54.4044 5.4
    endloop
  endfacet
  facet normal 0 0 1
    outer loop
      vertex 22.7283 53.7849 5.4
      vertex 21.8893 53.1228 5.4
      vertex 22.2352 53.0571 5.4
    endloop
  endfacet
  facet normal -0 0 1
    outer loop
      vertex 21.7982 54.3707 5.4
      vertex 21.8893 53.1228 5.4
      vertex 21.9389 54.4044 5.4
    endloop
  endfacet
  facet normal -0 0 1
    outer loop
      vertex 21.6424 54.3467 5.4
      vertex 21.8893 53.1228 5.4
      vertex 21.7982 54.3707 5.4
    endloop
  endfacet
  facet normal 0 0 1
    outer loop
      vertex 21.6424 54.3467 5.4
      vertex 21.4805 53.1448 5.4
      vertex 21.8893 53.1228 5.4
    endloop
  endfacet
  facet normal -0 0 1
    outer loop
      vertex 21.4714 54.3322 5.4
      vertex 21.4805 53.1448 5.4
      vertex 21.6424 54.3467 5.4
    endloop
  endfacet
  facet normal -0 0 1
    outer loop
      vertex 21.2853 54.3274 5.4
      vertex 21.4805 53.1448 5.4
      vertex 21.4714 54.3322 5.4
    endloop
  endfacet
  facet normal 0 0 1
    outer loop
      vertex 19.4516 53.1448 5.4
      vertex 21.2853 54.3274 5.4
      vertex 19.4516 54.3274 5.4
    endloop
  endfacet
  facet normal 0 0 1
    outer loop
      vertex 21.2853 54.3274 5.4
      vertex 19.4516 53.1448 5.4
      vertex 21.4805 53.1448 5.4
    endloop
  endfacet
  facet normal -0 0 1
    outer loop
      vertex 22.84 51.4149 5.4
      vertex 24.0531 50.507 5.4
      vertex 22.9052 51.5233 5.4
    endloop
  endfacet
  facet normal 0 0 1
    outer loop
      vertex 24.0531 50.507 5.4
      vertex 22.84 51.4149 5.4
      vertex 23.8458 50.3346 5.4
    endloop
  endfacet
  facet normal -0 0 1
    outer loop
      vertex 22.7602 51.318 5.4
      vertex 23.8458 50.3346 5.4
      vertex 22.84 51.4149 5.4
    endloop
  endfacet
  facet normal 0 0 1
    outer loop
      vertex 23.8458 50.3346 5.4
      vertex 22.7602 51.318 5.4
      vertex 23.6102 50.1835 5.4
    endloop
  endfacet
  facet normal -0 0 1
    outer loop
      vertex 22.6659 51.2325 5.4
      vertex 23.6102 50.1835 5.4
      vertex 22.7602 51.318 5.4
    endloop
  endfacet
  facet normal 0 0 1
    outer loop
      vertex 23.6102 50.1835 5.4
      vertex 22.6659 51.2325 5.4
      vertex 23.3498 50.0556 5.4
    endloop
  endfacet
  facet normal -0 0 1
    outer loop
      vertex 22.5559 51.1583 5.4
      vertex 23.3498 50.0556 5.4
      vertex 22.6659 51.2325 5.4
    endloop
  endfacet
  facet normal 0 0 1
    outer loop
      vertex 23.3498 50.0556 5.4
      vertex 22.5559 51.1583 5.4
      vertex 23.0646 49.951 5.4
    endloop
  endfacet
  facet normal -0 0 1
    outer loop
      vertex 22.429 51.0956 5.4
      vertex 23.0646 49.951 5.4
      vertex 22.5559 51.1583 5.4
    endloop
  endfacet
  facet normal 0 0 1
    outer loop
      vertex 23.0646 49.951 5.4
      vertex 22.429 51.0956 5.4
      vertex 22.7546 49.8696 5.4
    endloop
  endfacet
  facet normal -0 0 1
    outer loop
      vertex 22.2851 51.0443 5.4
      vertex 22.7546 49.8696 5.4
      vertex 22.429 51.0956 5.4
    endloop
  endfacet
  facet normal 0 0 1
    outer loop
      vertex 22.7546 49.8696 5.4
      vertex 22.2851 51.0443 5.4
      vertex 22.4198 49.8115 5.4
    endloop
  endfacet
  facet normal -0 0 1
    outer loop
      vertex 22.1243 51.0044 5.4
      vertex 22.4198 49.8115 5.4
      vertex 22.2851 51.0443 5.4
    endloop
  endfacet
  facet normal 0 0 1
    outer loop
      vertex 22.1243 51.0044 5.4
      vertex 22.0602 49.7766 5.4
      vertex 22.4198 49.8115 5.4
    endloop
  endfacet
  facet normal -0 0 1
    outer loop
      vertex 21.9465 50.9759 5.4
      vertex 22.0602 49.7766 5.4
      vertex 22.1243 51.0044 5.4
    endloop
  endfacet
  facet normal -0 0 1
    outer loop
      vertex 21.7518 50.9588 5.4
      vertex 22.0602 49.7766 5.4
      vertex 21.9465 50.9759 5.4
    endloop
  endfacet
  facet normal 0 0 1
    outer loop
      vertex 21.7518 50.9588 5.4
      vertex 21.6758 49.765 5.4
      vertex 22.0602 49.7766 5.4
    endloop
  endfacet
  facet normal -0 0 1
    outer loop
      vertex 21.5402 50.9531 5.4
      vertex 21.6758 49.765 5.4
      vertex 21.7518 50.9588 5.4
    endloop
  endfacet
  facet normal -0 0 1
    outer loop
      vertex 19.4516 50.9531 5.4
      vertex 21.6758 49.765 5.4
      vertex 21.5402 50.9531 5.4
    endloop
  endfacet
  facet normal 0 0 1
    outer loop
      vertex 19.4516 50.9531 5.4
      vertex 17.8512 49.765 5.4
      vertex 21.6758 49.765 5.4
    endloop
  endfacet
  facet normal 0 0 1
    outer loop
      vertex 19.4516 53.1448 5.4
      vertex 17.8512 49.765 5.4
      vertex 19.4516 50.9531 5.4
    endloop
  endfacet
  facet normal 0 0 1
    outer loop
      vertex 23.716 54.2679 5.4
      vertex 22.5201 54.9102 5.4
      vertex 23.5899 54.1578 5.4
    endloop
  endfacet
  facet normal 0 0 1
    outer loop
      vertex 24.1729 55.7501 5.4
      vertex 22.5496 55.5415 5.4
      vertex 22.5697 55.4126 5.4
    endloop
  endfacet
  facet normal 0 0 1
    outer loop
      vertex 24.1289 55.993 5.4
      vertex 22.5161 55.6583 5.4
      vertex 22.5496 55.5415 5.4
    endloop
  endfacet
  facet normal 0 0 1
    outer loop
      vertex 23.8208 56.6079 5.4
      vertex 22.4692 55.7629 5.4
      vertex 22.5161 55.6583 5.4
    endloop
  endfacet
  facet normal 0 0 1
    outer loop
      vertex 22.1479 56.0613 5.4
      vertex 22.7276 57.2503 5.4
      vertex 22.425 57.3196 5.4
    endloop
  endfacet
  facet normal 0 0 1
    outer loop
      vertex 23.4688 56.9232 5.4
      vertex 22.4089 55.8554 5.4
      vertex 22.4692 55.7629 5.4
    endloop
  endfacet
  facet normal 0 0 1
    outer loop
      vertex 23.2495 57.0521 5.4
      vertex 22.3352 55.9356 5.4
      vertex 22.4089 55.8554 5.4
    endloop
  endfacet
  facet normal 0 0 1
    outer loop
      vertex 23.0025 57.1611 5.4
      vertex 22.2481 56.0037 5.4
      vertex 22.3352 55.9356 5.4
    endloop
  endfacet
  facet normal 0 0 1
    outer loop
      vertex 22.7276 57.2503 5.4
      vertex 22.1479 56.0613 5.4
      vertex 22.2481 56.0037 5.4
    endloop
  endfacet
  facet normal 0 0 1
    outer loop
      vertex 22.0347 56.11 5.4
      vertex 22.425 57.3196 5.4
      vertex 22.0945 57.3692 5.4
    endloop
  endfacet
  facet normal 0 0 1
    outer loop
      vertex 22.425 57.3196 5.4
      vertex 22.0347 56.11 5.4
      vertex 22.1479 56.0613 5.4
    endloop
  endfacet
  facet normal 0 0 1
    outer loop
      vertex 22.0945 57.3692 5.4
      vertex 21.9086 56.1499 5.4
      vertex 22.0347 56.11 5.4
    endloop
  endfacet
  facet normal 0 0 1
    outer loop
      vertex 22.0945 57.3692 5.4
      vertex 21.7694 56.1809 5.4
      vertex 21.9086 56.1499 5.4
    endloop
  endfacet
  facet normal 0 0 1
    outer loop
      vertex 21.7363 57.3989 5.4
      vertex 21.7694 56.1809 5.4
      vertex 22.0945 57.3692 5.4
    endloop
  endfacet
  facet normal 0 0 1
    outer loop
      vertex 21.7363 57.3989 5.4
      vertex 21.6174 56.203 5.4
      vertex 21.7694 56.1809 5.4
    endloop
  endfacet
  facet normal 0 0 1
    outer loop
      vertex 21.7363 57.3989 5.4
      vertex 21.4524 56.2163 5.4
      vertex 21.6174 56.203 5.4
    endloop
  endfacet
  facet normal 0 0 1
    outer loop
      vertex 21.3503 57.4088 5.4
      vertex 21.4524 56.2163 5.4
      vertex 21.7363 57.3989 5.4
    endloop
  endfacet
  facet normal 0 0 1
    outer loop
      vertex 21.3503 57.4088 5.4
      vertex 21.2744 56.2207 5.4
      vertex 21.4524 56.2163 5.4
    endloop
  endfacet
  facet normal 0 0 1
    outer loop
      vertex 21.3503 57.4088 5.4
      vertex 19.4516 56.2207 5.4
      vertex 21.2744 56.2207 5.4
    endloop
  endfacet
  facet normal 0 0 1
    outer loop
      vertex 17.8512 57.4088 5.4
      vertex 19.4516 54.3274 5.4
      vertex 19.4516 56.2207 5.4
    endloop
  endfacet
  facet normal 0 0 1
    outer loop
      vertex 19.4516 54.3274 5.4
      vertex 17.8512 57.4088 5.4
      vertex 19.4516 53.1448 5.4
    endloop
  endfacet
  facet normal 0 0 1
    outer loop
      vertex 17.8512 49.765 5.4
      vertex 19.4516 53.1448 5.4
      vertex 17.8512 57.4088 5.4
    endloop
  endfacet
  facet normal -0 0 1
    outer loop
      vertex 17.8512 57.4088 5.4
      vertex 19.4516 56.2207 5.4
      vertex 21.3503 57.4088 5.4
    endloop
  endfacet
  facet normal -0.100984 0.994888 0
    outer loop
      vertex 45.5952 49.7006 5.4
      vertex 45.2691 49.6675 6
      vertex 45.5952 49.7006 6
    endloop
  endfacet
  facet normal -0.100984 0.994888 0
    outer loop
      vertex 45.2691 49.6675 6
      vertex 45.5952 49.7006 5.4
      vertex 45.2691 49.6675 5.4
    endloop
  endfacet
  facet normal -0.173911 0.984761 0
    outer loop
      vertex 45.9072 49.7557 5.4
      vertex 45.5952 49.7006 6
      vertex 45.9072 49.7557 6
    endloop
  endfacet
  facet normal -0.173911 0.984761 0
    outer loop
      vertex 45.5952 49.7006 6
      vertex 45.9072 49.7557 5.4
      vertex 45.5952 49.7006 5.4
    endloop
  endfacet
  facet normal -0.250477 0.968122 0
    outer loop
      vertex 46.2052 49.8328 5.4
      vertex 45.9072 49.7557 6
      vertex 46.2052 49.8328 6
    endloop
  endfacet
  facet normal -0.250477 0.968122 0
    outer loop
      vertex 45.9072 49.7557 6
      vertex 46.2052 49.8328 5.4
      vertex 45.9072 49.7557 5.4
    endloop
  endfacet
  facet normal -0.329565 0.944133 0
    outer loop
      vertex 46.4891 49.9319 5.4
      vertex 46.2052 49.8328 6
      vertex 46.4891 49.9319 6
    endloop
  endfacet
  facet normal -0.329565 0.944133 0
    outer loop
      vertex 46.2052 49.8328 6
      vertex 46.4891 49.9319 5.4
      vertex 46.2052 49.8328 5.4
    endloop
  endfacet
  facet normal -0.409648 0.912244 0
    outer loop
      vertex 46.759 50.0531 5.4
      vertex 46.4891 49.9319 6
      vertex 46.759 50.0531 6
    endloop
  endfacet
  facet normal -0.409648 0.912244 0
    outer loop
      vertex 46.4891 49.9319 6
      vertex 46.759 50.0531 5.4
      vertex 46.4891 49.9319 5.4
    endloop
  endfacet
  facet normal -0.488479 0.872576 0
    outer loop
      vertex 47.0148 50.1963 5.4
      vertex 46.759 50.0531 6
      vertex 47.0148 50.1963 6
    endloop
  endfacet
  facet normal -0.488479 0.872576 0
    outer loop
      vertex 46.759 50.0531 6
      vertex 47.0148 50.1963 5.4
      vertex 46.759 50.0531 5.4
    endloop
  endfacet
  facet normal -0.568069 0.822981 0
    outer loop
      vertex 47.255 50.3621 5.4
      vertex 47.0148 50.1963 6
      vertex 47.255 50.3621 6
    endloop
  endfacet
  facet normal -0.568069 0.822981 0
    outer loop
      vertex 47.0148 50.1963 6
      vertex 47.255 50.3621 5.4
      vertex 47.0148 50.1963 5.4
    endloop
  endfacet
  facet normal -0.646356 0.763036 0
    outer loop
      vertex 47.478 50.551 5.4
      vertex 47.255 50.3621 6
      vertex 47.478 50.551 6
    endloop
  endfacet
  facet normal -0.646356 0.763036 0
    outer loop
      vertex 47.255 50.3621 6
      vertex 47.478 50.551 5.4
      vertex 47.255 50.3621 5.4
    endloop
  endfacet
  facet normal -0.717516 0.696542 0
    outer loop
      vertex 47.478 50.551 5.4
      vertex 47.6839 50.7631 6
      vertex 47.6839 50.7631 5.4
    endloop
  endfacet
  facet normal -0.717516 0.696542 0
    outer loop
      vertex 47.6839 50.7631 6
      vertex 47.478 50.551 5.4
      vertex 47.478 50.551 6
    endloop
  endfacet
  facet normal -0.779994 0.625786 0
    outer loop
      vertex 47.6839 50.7631 5.4
      vertex 47.8726 50.9983 6
      vertex 47.8726 50.9983 5.4
    endloop
  endfacet
  facet normal -0.779994 0.625786 0
    outer loop
      vertex 47.8726 50.9983 6
      vertex 47.6839 50.7631 5.4
      vertex 47.6839 50.7631 6
    endloop
  endfacet
  facet normal -0.832942 0.55336 0
    outer loop
      vertex 47.8726 50.9983 5.4
      vertex 48.0442 51.2566 6
      vertex 48.0442 51.2566 5.4
    endloop
  endfacet
  facet normal -0.832942 0.55336 0
    outer loop
      vertex 48.0442 51.2566 6
      vertex 47.8726 50.9983 5.4
      vertex 47.8726 50.9983 6
    endloop
  endfacet
  facet normal -0.876906 0.480663 0
    outer loop
      vertex 48.0442 51.2566 5.4
      vertex 48.1985 51.5381 6
      vertex 48.1985 51.5381 5.4
    endloop
  endfacet
  facet normal -0.876906 0.480663 0
    outer loop
      vertex 48.1985 51.5381 6
      vertex 48.0442 51.2566 5.4
      vertex 48.0442 51.2566 6
    endloop
  endfacet
  facet normal -0.911714 0.410825 0
    outer loop
      vertex 48.1985 51.5381 5.4
      vertex 48.3358 51.8428 6
      vertex 48.3358 51.8428 5.4
    endloop
  endfacet
  facet normal -0.911714 0.410825 0
    outer loop
      vertex 48.3358 51.8428 6
      vertex 48.1985 51.5381 5.4
      vertex 48.1985 51.5381 6
    endloop
  endfacet
  facet normal -0.353086 -0.935591 0
    outer loop
      vertex 46.9415 52.369 5.4
      vertex 48.3358 51.8428 6
      vertex 46.9415 52.369 6
    endloop
  endfacet
  facet normal -0.353086 -0.935591 -0
    outer loop
      vertex 48.3358 51.8428 6
      vertex 46.9415 52.369 5.4
      vertex 48.3358 51.8428 5.4
    endloop
  endfacet
  facet normal 0.906897 -0.421353 0
    outer loop
      vertex 46.7623 51.9833 6
      vertex 46.9415 52.369 5.4
      vertex 46.9415 52.369 6
    endloop
  endfacet
  facet normal 0.906897 -0.421353 0
    outer loop
      vertex 46.9415 52.369 5.4
      vertex 46.7623 51.9833 6
      vertex 46.7623 51.9833 5.4
    endloop
  endfacet
  facet normal 0.834755 -0.550621 0
    outer loop
      vertex 46.547 51.6569 6
      vertex 46.7623 51.9833 5.4
      vertex 46.7623 51.9833 6
    endloop
  endfacet
  facet normal 0.834755 -0.550621 0
    outer loop
      vertex 46.7623 51.9833 5.4
      vertex 46.547 51.6569 6
      vertex 46.547 51.6569 5.4
    endloop
  endfacet
  facet normal 0.728048 -0.685526 0
    outer loop
      vertex 46.2955 51.3898 6
      vertex 46.547 51.6569 5.4
      vertex 46.547 51.6569 6
    endloop
  endfacet
  facet normal 0.728048 -0.685526 0
    outer loop
      vertex 46.547 51.6569 5.4
      vertex 46.2955 51.3898 6
      vertex 46.2955 51.3898 5.4
    endloop
  endfacet
  facet normal 0.585604 -0.810597 0
    outer loop
      vertex 46.008 51.1821 5.4
      vertex 46.2955 51.3898 6
      vertex 46.008 51.1821 6
    endloop
  endfacet
  facet normal 0.585604 -0.810597 0
    outer loop
      vertex 46.2955 51.3898 6
      vertex 46.008 51.1821 5.4
      vertex 46.2955 51.3898 5.4
    endloop
  endfacet
  facet normal 0.416616 -0.909083 0
    outer loop
      vertex 45.6844 51.0338 5.4
      vertex 46.008 51.1821 6
      vertex 45.6844 51.0338 6
    endloop
  endfacet
  facet normal 0.416616 -0.909083 0
    outer loop
      vertex 46.008 51.1821 6
      vertex 45.6844 51.0338 5.4
      vertex 46.008 51.1821 5.4
    endloop
  endfacet
  facet normal 0.240185 -0.970727 0
    outer loop
      vertex 45.3247 50.9448 5.4
      vertex 45.6844 51.0338 6
      vertex 45.3247 50.9448 6
    endloop
  endfacet
  facet normal 0.240185 -0.970727 0
    outer loop
      vertex 45.6844 51.0338 6
      vertex 45.3247 50.9448 5.4
      vertex 45.6844 51.0338 5.4
    endloop
  endfacet
  facet normal 0.0748275 -0.997196 0
    outer loop
      vertex 44.9289 50.9151 5.4
      vertex 45.3247 50.9448 6
      vertex 44.9289 50.9151 6
    endloop
  endfacet
  facet normal 0.0748275 -0.997196 0
    outer loop
      vertex 45.3247 50.9448 6
      vertex 44.9289 50.9151 5.4
      vertex 45.3247 50.9448 5.4
    endloop
  endfacet
  facet normal -0.0471081 -0.99889 0
    outer loop
      vertex 44.6278 50.9293 5.4
      vertex 44.9289 50.9151 6
      vertex 44.6278 50.9293 6
    endloop
  endfacet
  facet normal -0.0471081 -0.99889 -0
    outer loop
      vertex 44.9289 50.9151 6
      vertex 44.6278 50.9293 5.4
      vertex 44.9289 50.9151 5.4
    endloop
  endfacet
  facet normal -0.150014 -0.988684 0
    outer loop
      vertex 44.3477 50.9718 5.4
      vertex 44.6278 50.9293 6
      vertex 44.3477 50.9718 6
    endloop
  endfacet
  facet normal -0.150014 -0.988684 -0
    outer loop
      vertex 44.6278 50.9293 6
      vertex 44.3477 50.9718 5.4
      vertex 44.6278 50.9293 5.4
    endloop
  endfacet
  facet normal -0.263401 -0.964687 0
    outer loop
      vertex 44.0884 51.0426 5.4
      vertex 44.3477 50.9718 6
      vertex 44.0884 51.0426 6
    endloop
  endfacet
  facet normal -0.263401 -0.964687 -0
    outer loop
      vertex 44.3477 50.9718 6
      vertex 44.0884 51.0426 5.4
      vertex 44.3477 50.9718 5.4
    endloop
  endfacet
  facet normal -0.384313 -0.923203 0
    outer loop
      vertex 43.8501 51.1418 5.4
      vertex 44.0884 51.0426 6
      vertex 43.8501 51.1418 6
    endloop
  endfacet
  facet normal -0.384313 -0.923203 -0
    outer loop
      vertex 44.0884 51.0426 6
      vertex 43.8501 51.1418 5.4
      vertex 44.0884 51.0426 5.4
    endloop
  endfacet
  facet normal -0.506188 -0.862423 0
    outer loop
      vertex 43.6327 51.2694 5.4
      vertex 43.8501 51.1418 6
      vertex 43.6327 51.2694 6
    endloop
  endfacet
  facet normal -0.506188 -0.862423 -0
    outer loop
      vertex 43.8501 51.1418 6
      vertex 43.6327 51.2694 5.4
      vertex 43.8501 51.1418 5.4
    endloop
  endfacet
  facet normal -0.621724 -0.783237 0
    outer loop
      vertex 43.4363 51.4253 5.4
      vertex 43.6327 51.2694 6
      vertex 43.4363 51.4253 6
    endloop
  endfacet
  facet normal -0.621724 -0.783237 -0
    outer loop
      vertex 43.6327 51.2694 6
      vertex 43.4363 51.4253 5.4
      vertex 43.6327 51.2694 5.4
    endloop
  endfacet
  facet normal -0.723801 -0.690008 0
    outer loop
      vertex 43.4363 51.4253 5.4
      vertex 43.2607 51.6095 6
      vertex 43.2607 51.6095 5.4
    endloop
  endfacet
  facet normal -0.723801 -0.690008 0
    outer loop
      vertex 43.2607 51.6095 6
      vertex 43.4363 51.4253 5.4
      vertex 43.4363 51.4253 6
    endloop
  endfacet
  facet normal -0.80915 -0.587602 0
    outer loop
      vertex 43.2607 51.6095 5.4
      vertex 43.1074 51.8206 6
      vertex 43.1074 51.8206 5.4
    endloop
  endfacet
  facet normal -0.80915 -0.587602 0
    outer loop
      vertex 43.1074 51.8206 6
      vertex 43.2607 51.6095 5.4
      vertex 43.2607 51.6095 6
    endloop
  endfacet
  facet normal -0.876888 -0.480695 0
    outer loop
      vertex 43.1074 51.8206 5.4
      vertex 42.9777 52.0572 6
      vertex 42.9777 52.0572 5.4
    endloop
  endfacet
  facet normal -0.876888 -0.480695 0
    outer loop
      vertex 42.9777 52.0572 6
      vertex 43.1074 51.8206 5.4
      vertex 43.1074 51.8206 6
    endloop
  endfacet
  facet normal -0.926932 -0.375229 0
    outer loop
      vertex 42.9777 52.0572 5.4
      vertex 42.8716 52.3193 6
      vertex 42.8716 52.3193 5.4
    endloop
  endfacet
  facet normal -0.926932 -0.375229 0
    outer loop
      vertex 42.8716 52.3193 6
      vertex 42.9777 52.0572 5.4
      vertex 42.9777 52.0572 6
    endloop
  endfacet
  facet normal -0.961208 -0.275825 0
    outer loop
      vertex 42.8716 52.3193 5.4
      vertex 42.7891 52.6068 6
      vertex 42.7891 52.6068 5.4
    endloop
  endfacet
  facet normal -0.961208 -0.275825 0
    outer loop
      vertex 42.7891 52.6068 6
      vertex 42.8716 52.3193 5.4
      vertex 42.8716 52.3193 6
    endloop
  endfacet
  facet normal -0.982694 -0.185236 0
    outer loop
      vertex 42.7891 52.6068 5.4
      vertex 42.7301 52.9198 6
      vertex 42.7301 52.9198 5.4
    endloop
  endfacet
  facet normal -0.982694 -0.185236 0
    outer loop
      vertex 42.7301 52.9198 6
      vertex 42.7891 52.6068 5.4
      vertex 42.7891 52.6068 6
    endloop
  endfacet
  facet normal -0.994606 -0.103721 0
    outer loop
      vertex 42.7301 52.9198 5.4
      vertex 42.6948 53.2583 6
      vertex 42.6948 53.2583 5.4
    endloop
  endfacet
  facet normal -0.994606 -0.103721 0
    outer loop
      vertex 42.6948 53.2583 6
      vertex 42.7301 52.9198 5.4
      vertex 42.7301 52.9198 6
    endloop
  endfacet
  facet normal -0.999475 -0.0324095 0
    outer loop
      vertex 42.6948 53.2583 5.4
      vertex 42.683 53.6222 6
      vertex 42.683 53.6222 5.4
    endloop
  endfacet
  facet normal -0.999475 -0.0324095 0
    outer loop
      vertex 42.683 53.6222 6
      vertex 42.6948 53.2583 5.4
      vertex 42.6948 53.2583 6
    endloop
  endfacet
  facet normal -0.999493 0.0318541 0
    outer loop
      vertex 42.683 53.6222 5.4
      vertex 42.6944 53.9799 6
      vertex 42.6944 53.9799 5.4
    endloop
  endfacet
  facet normal -0.999493 0.0318541 0
    outer loop
      vertex 42.6944 53.9799 6
      vertex 42.683 53.6222 5.4
      vertex 42.683 53.6222 6
    endloop
  endfacet
  facet normal -0.994681 0.103001 0
    outer loop
      vertex 42.6944 53.9799 5.4
      vertex 42.7288 54.3121 6
      vertex 42.7288 54.3121 5.4
    endloop
  endfacet
  facet normal -0.994681 0.103001 0
    outer loop
      vertex 42.7288 54.3121 6
      vertex 42.6944 53.9799 5.4
      vertex 42.6944 53.9799 6
    endloop
  endfacet
  facet normal -0.983003 0.183592 0
    outer loop
      vertex 42.7288 54.3121 5.4
      vertex 42.7861 54.6189 6
      vertex 42.7861 54.6189 5.4
    endloop
  endfacet
  facet normal -0.983003 0.183592 0
    outer loop
      vertex 42.7861 54.6189 6
      vertex 42.7288 54.3121 5.4
      vertex 42.7288 54.3121 6
    endloop
  endfacet
  facet normal -0.961704 0.274089 0
    outer loop
      vertex 42.7861 54.6189 5.4
      vertex 42.8663 54.9003 6
      vertex 42.8663 54.9003 5.4
    endloop
  endfacet
  facet normal -0.961704 0.274089 0
    outer loop
      vertex 42.8663 54.9003 6
      vertex 42.7861 54.6189 5.4
      vertex 42.7861 54.6189 6
    endloop
  endfacet
  facet normal -0.927498 0.373827 0
    outer loop
      vertex 42.8663 54.9003 5.4
      vertex 42.9694 55.1561 6
      vertex 42.9694 55.1561 5.4
    endloop
  endfacet
  facet normal -0.927498 0.373827 0
    outer loop
      vertex 42.9694 55.1561 6
      vertex 42.8663 54.9003 5.4
      vertex 42.8663 54.9003 6
    endloop
  endfacet
  facet normal -0.877211 0.480105 0
    outer loop
      vertex 42.9694 55.1561 5.4
      vertex 43.0955 55.3865 6
      vertex 43.0955 55.3865 5.4
    endloop
  endfacet
  facet normal -0.877211 0.480105 0
    outer loop
      vertex 43.0955 55.3865 6
      vertex 42.9694 55.1561 5.4
      vertex 42.9694 55.1561 6
    endloop
  endfacet
  facet normal -0.808958 0.587866 0
    outer loop
      vertex 43.0955 55.3865 5.4
      vertex 43.2444 55.5914 6
      vertex 43.2444 55.5914 5.4
    endloop
  endfacet
  facet normal -0.808958 0.587866 0
    outer loop
      vertex 43.2444 55.5914 6
      vertex 43.0955 55.3865 5.4
      vertex 43.0955 55.3865 6
    endloop
  endfacet
  facet normal -0.721912 0.691984 0
    outer loop
      vertex 43.2444 55.5914 5.4
      vertex 43.4155 55.7699 6
      vertex 43.4155 55.7699 5.4
    endloop
  endfacet
  facet normal -0.721912 0.691984 0
    outer loop
      vertex 43.4155 55.7699 6
      vertex 43.2444 55.5914 5.4
      vertex 43.2444 55.5914 6
    endloop
  endfacet
  facet normal -0.61719 0.786814 0
    outer loop
      vertex 43.608 55.9209 5.4
      vertex 43.4155 55.7699 6
      vertex 43.608 55.9209 6
    endloop
  endfacet
  facet normal -0.61719 0.786814 0
    outer loop
      vertex 43.4155 55.7699 6
      vertex 43.608 55.9209 5.4
      vertex 43.4155 55.7699 5.4
    endloop
  endfacet
  facet normal -0.500015 0.866017 0
    outer loop
      vertex 43.8219 56.0444 5.4
      vertex 43.608 55.9209 6
      vertex 43.8219 56.0444 6
    endloop
  endfacet
  facet normal -0.500015 0.866017 0
    outer loop
      vertex 43.608 55.9209 6
      vertex 43.8219 56.0444 5.4
      vertex 43.608 55.9209 5.4
    endloop
  endfacet
  facet normal -0.378234 0.92571 0
    outer loop
      vertex 44.0571 56.1405 5.4
      vertex 43.8219 56.0444 6
      vertex 44.0571 56.1405 6
    endloop
  endfacet
  facet normal -0.378234 0.92571 0
    outer loop
      vertex 43.8219 56.0444 6
      vertex 44.0571 56.1405 5.4
      vertex 43.8219 56.0444 5.4
    endloop
  endfacet
  facet normal -0.258717 0.965953 0
    outer loop
      vertex 44.3136 56.2092 5.4
      vertex 44.0571 56.1405 6
      vertex 44.3136 56.2092 6
    endloop
  endfacet
  facet normal -0.258717 0.965953 0
    outer loop
      vertex 44.0571 56.1405 6
      vertex 44.3136 56.2092 5.4
      vertex 44.0571 56.1405 5.4
    endloop
  endfacet
  facet normal -0.1466 0.989196 0
    outer loop
      vertex 44.5916 56.2504 5.4
      vertex 44.3136 56.2092 6
      vertex 44.5916 56.2504 6
    endloop
  endfacet
  facet normal -0.1466 0.989196 0
    outer loop
      vertex 44.3136 56.2092 6
      vertex 44.5916 56.2504 5.4
      vertex 44.3136 56.2092 5.4
    endloop
  endfacet
  facet normal -0.0457256 0.998954 0
    outer loop
      vertex 44.8909 56.2641 5.4
      vertex 44.5916 56.2504 6
      vertex 44.8909 56.2641 6
    endloop
  endfacet
  facet normal -0.0457256 0.998954 0
    outer loop
      vertex 44.5916 56.2504 6
      vertex 44.8909 56.2641 5.4
      vertex 44.5916 56.2504 5.4
    endloop
  endfacet
  facet normal 0.0346178 0.999401 -0
    outer loop
      vertex 45.0901 56.2572 5.4
      vertex 44.8909 56.2641 6
      vertex 45.0901 56.2572 6
    endloop
  endfacet
  facet normal 0.0346178 0.999401 0
    outer loop
      vertex 44.8909 56.2641 6
      vertex 45.0901 56.2572 5.4
      vertex 44.8909 56.2641 5.4
    endloop
  endfacet
  facet normal 0.107925 0.994159 -0
    outer loop
      vertex 45.2817 56.2364 5.4
      vertex 45.0901 56.2572 6
      vertex 45.2817 56.2364 6
    endloop
  endfacet
  facet normal 0.107925 0.994159 0
    outer loop
      vertex 45.0901 56.2572 6
      vertex 45.2817 56.2364 5.4
      vertex 45.0901 56.2572 5.4
    endloop
  endfacet
  facet normal 0.184804 0.982775 -0
    outer loop
      vertex 45.4657 56.2018 5.4
      vertex 45.2817 56.2364 6
      vertex 45.4657 56.2018 6
    endloop
  endfacet
  facet normal 0.184804 0.982775 0
    outer loop
      vertex 45.2817 56.2364 6
      vertex 45.4657 56.2018 5.4
      vertex 45.2817 56.2364 5.4
    endloop
  endfacet
  facet normal 0.264737 0.964321 -0
    outer loop
      vertex 45.642 56.1534 5.4
      vertex 45.4657 56.2018 6
      vertex 45.642 56.1534 6
    endloop
  endfacet
  facet normal 0.264737 0.964321 0
    outer loop
      vertex 45.4657 56.2018 6
      vertex 45.642 56.1534 5.4
      vertex 45.4657 56.2018 5.4
    endloop
  endfacet
  facet normal 0.346427 0.938077 -0
    outer loop
      vertex 45.8107 56.0911 5.4
      vertex 45.642 56.1534 6
      vertex 45.8107 56.0911 6
    endloop
  endfacet
  facet normal 0.346427 0.938077 0
    outer loop
      vertex 45.642 56.1534 6
      vertex 45.8107 56.0911 5.4
      vertex 45.642 56.1534 5.4
    endloop
  endfacet
  facet normal 0.427338 0.904092 -0
    outer loop
      vertex 45.9717 56.015 5.4
      vertex 45.8107 56.0911 6
      vertex 45.9717 56.015 6
    endloop
  endfacet
  facet normal 0.427338 0.904092 0
    outer loop
      vertex 45.8107 56.0911 6
      vertex 45.9717 56.015 5.4
      vertex 45.8107 56.0911 5.4
    endloop
  endfacet
  facet normal 0.505618 0.862757 -0
    outer loop
      vertex 46.1251 55.9251 5.4
      vertex 45.9717 56.015 6
      vertex 46.1251 55.9251 6
    endloop
  endfacet
  facet normal 0.505618 0.862757 0
    outer loop
      vertex 45.9717 56.015 6
      vertex 46.1251 55.9251 5.4
      vertex 45.9717 56.015 5.4
    endloop
  endfacet
  facet normal 0.580644 0.814158 -0
    outer loop
      vertex 46.2677 55.8234 5.4
      vertex 46.1251 55.9251 6
      vertex 46.2677 55.8234 6
    endloop
  endfacet
  facet normal 0.580644 0.814158 0
    outer loop
      vertex 46.1251 55.9251 6
      vertex 46.2677 55.8234 5.4
      vertex 46.1251 55.9251 5.4
    endloop
  endfacet
  facet normal 0.654998 0.755631 -0
    outer loop
      vertex 46.3961 55.7121 5.4
      vertex 46.2677 55.8234 6
      vertex 46.3961 55.7121 6
    endloop
  endfacet
  facet normal 0.654998 0.755631 0
    outer loop
      vertex 46.2677 55.8234 6
      vertex 46.3961 55.7121 5.4
      vertex 46.2677 55.8234 5.4
    endloop
  endfacet
  facet normal 0.726347 0.687328 0
    outer loop
      vertex 46.5106 55.5911 6
      vertex 46.3961 55.7121 5.4
      vertex 46.3961 55.7121 6
    endloop
  endfacet
  facet normal 0.726347 0.687328 0
    outer loop
      vertex 46.3961 55.7121 5.4
      vertex 46.5106 55.5911 6
      vertex 46.5106 55.5911 5.4
    endloop
  endfacet
  facet normal 0.793098 0.609094 0
    outer loop
      vertex 46.6109 55.4605 6
      vertex 46.5106 55.5911 5.4
      vertex 46.5106 55.5911 6
    endloop
  endfacet
  facet normal 0.793098 0.609094 0
    outer loop
      vertex 46.5106 55.5911 5.4
      vertex 46.6109 55.4605 6
      vertex 46.6109 55.4605 5.4
    endloop
  endfacet
  facet normal 0.851596 0.524199 0
    outer loop
      vertex 46.6972 55.3203 6
      vertex 46.6109 55.4605 5.4
      vertex 46.6109 55.4605 6
    endloop
  endfacet
  facet normal 0.851596 0.524199 0
    outer loop
      vertex 46.6109 55.4605 5.4
      vertex 46.6972 55.3203 6
      vertex 46.6972 55.3203 5.4
    endloop
  endfacet
  facet normal 0.900827 0.434177 0
    outer loop
      vertex 46.7694 55.1705 6
      vertex 46.6972 55.3203 5.4
      vertex 46.6972 55.3203 6
    endloop
  endfacet
  facet normal 0.900827 0.434177 0
    outer loop
      vertex 46.6972 55.3203 5.4
      vertex 46.7694 55.1705 6
      vertex 46.7694 55.1705 5.4
    endloop
  endfacet
  facet normal 0.939415 0.342783 0
    outer loop
      vertex 46.8276 55.011 6
      vertex 46.7694 55.1705 5.4
      vertex 46.7694 55.1705 6
    endloop
  endfacet
  facet normal 0.939415 0.342783 0
    outer loop
      vertex 46.7694 55.1705 5.4
      vertex 46.8276 55.011 6
      vertex 46.8276 55.011 5.4
    endloop
  endfacet
  facet normal -0.263366 0.964696 0
    outer loop
      vertex 48.2382 55.3961 5.4
      vertex 46.8276 55.011 6
      vertex 48.2382 55.3961 6
    endloop
  endfacet
  facet normal -0.263366 0.964696 0
    outer loop
      vertex 46.8276 55.011 6
      vertex 48.2382 55.3961 5.4
      vertex 46.8276 55.011 5.4
    endloop
  endfacet
  facet normal -0.936649 -0.35027 0
    outer loop
      vertex 48.2382 55.3961 5.4
      vertex 48.1302 55.6849 6
      vertex 48.1302 55.6849 5.4
    endloop
  endfacet
  facet normal -0.936649 -0.35027 0
    outer loop
      vertex 48.1302 55.6849 6
      vertex 48.2382 55.3961 5.4
      vertex 48.2382 55.3961 6
    endloop
  endfacet
  facet normal -0.901638 -0.432491 0
    outer loop
      vertex 48.1302 55.6849 5.4
      vertex 48.0016 55.953 6
      vertex 48.0016 55.953 5.4
    endloop
  endfacet
  facet normal -0.901638 -0.432491 0
    outer loop
      vertex 48.0016 55.953 6
      vertex 48.1302 55.6849 5.4
      vertex 48.1302 55.6849 6
    endloop
  endfacet
  facet normal -0.856483 -0.516175 0
    outer loop
      vertex 48.0016 55.953 5.4
      vertex 47.8525 56.2004 6
      vertex 47.8525 56.2004 5.4
    endloop
  endfacet
  facet normal -0.856483 -0.516175 0
    outer loop
      vertex 47.8525 56.2004 6
      vertex 48.0016 55.953 5.4
      vertex 48.0016 55.953 6
    endloop
  endfacet
  facet normal -0.800551 -0.599265 0
    outer loop
      vertex 47.8525 56.2004 5.4
      vertex 47.6828 56.4271 6
      vertex 47.6828 56.4271 5.4
    endloop
  endfacet
  facet normal -0.800551 -0.599265 0
    outer loop
      vertex 47.6828 56.4271 6
      vertex 47.8525 56.2004 5.4
      vertex 47.8525 56.2004 6
    endloop
  endfacet
  facet normal -0.734366 -0.678754 0
    outer loop
      vertex 47.6828 56.4271 5.4
      vertex 47.4924 56.6331 6
      vertex 47.4924 56.6331 5.4
    endloop
  endfacet
  facet normal -0.734366 -0.678754 0
    outer loop
      vertex 47.4924 56.6331 6
      vertex 47.6828 56.4271 5.4
      vertex 47.6828 56.4271 6
    endloop
  endfacet
  facet normal -0.65984 -0.751406 0
    outer loop
      vertex 47.2815 56.8183 5.4
      vertex 47.4924 56.6331 6
      vertex 47.2815 56.8183 6
    endloop
  endfacet
  facet normal -0.65984 -0.751406 -0
    outer loop
      vertex 47.4924 56.6331 6
      vertex 47.2815 56.8183 5.4
      vertex 47.4924 56.6331 5.4
    endloop
  endfacet
  facet normal -0.579472 -0.814992 0
    outer loop
      vertex 47.05 56.9829 5.4
      vertex 47.2815 56.8183 6
      vertex 47.05 56.9829 6
    endloop
  endfacet
  facet normal -0.579472 -0.814992 -0
    outer loop
      vertex 47.2815 56.8183 6
      vertex 47.05 56.9829 5.4
      vertex 47.2815 56.8183 5.4
    endloop
  endfacet
  facet normal -0.494057 -0.86943 0
    outer loop
      vertex 46.798 57.1261 5.4
      vertex 47.05 56.9829 6
      vertex 46.798 57.1261 6
    endloop
  endfacet
  facet normal -0.494057 -0.86943 -0
    outer loop
      vertex 47.05 56.9829 6
      vertex 46.798 57.1261 5.4
      vertex 47.05 56.9829 5.4
    endloop
  endfacet
  facet normal -0.406636 -0.91359 0
    outer loop
      vertex 46.5257 57.2473 5.4
      vertex 46.798 57.1261 6
      vertex 46.5257 57.2473 6
    endloop
  endfacet
  facet normal -0.406636 -0.91359 -0
    outer loop
      vertex 46.798 57.1261 6
      vertex 46.5257 57.2473 5.4
      vertex 46.798 57.1261 5.4
    endloop
  endfacet
  facet normal -0.32098 -0.947086 0
    outer loop
      vertex 46.233 57.3465 5.4
      vertex 46.5257 57.2473 6
      vertex 46.233 57.3465 6
    endloop
  endfacet
  facet normal -0.32098 -0.947086 -0
    outer loop
      vertex 46.5257 57.2473 6
      vertex 46.233 57.3465 5.4
      vertex 46.5257 57.2473 5.4
    endloop
  endfacet
  facet normal -0.239105 -0.970994 0
    outer loop
      vertex 45.9199 57.4236 5.4
      vertex 46.233 57.3465 6
      vertex 45.9199 57.4236 6
    endloop
  endfacet
  facet normal -0.239105 -0.970994 -0
    outer loop
      vertex 46.233 57.3465 6
      vertex 45.9199 57.4236 5.4
      vertex 46.233 57.3465 5.4
    endloop
  endfacet
  facet normal -0.163008 -0.986625 0
    outer loop
      vertex 45.5864 57.4787 5.4
      vertex 45.9199 57.4236 6
      vertex 45.5864 57.4787 6
    endloop
  endfacet
  facet normal -0.163008 -0.986625 -0
    outer loop
      vertex 45.9199 57.4236 6
      vertex 45.5864 57.4787 5.4
      vertex 45.9199 57.4236 5.4
    endloop
  endfacet
  facet normal -0.0928699 -0.995678 0
    outer loop
      vertex 45.2326 57.5117 5.4
      vertex 45.5864 57.4787 6
      vertex 45.2326 57.5117 6
    endloop
  endfacet
  facet normal -0.0928699 -0.995678 -0
    outer loop
      vertex 45.5864 57.4787 6
      vertex 45.2326 57.5117 5.4
      vertex 45.5864 57.4787 5.4
    endloop
  endfacet
  facet normal -0.0296423 -0.999561 0
    outer loop
      vertex 44.8583 57.5228 5.4
      vertex 45.2326 57.5117 6
      vertex 44.8583 57.5228 6
    endloop
  endfacet
  facet normal -0.0296423 -0.999561 -0
    outer loop
      vertex 45.2326 57.5117 6
      vertex 44.8583 57.5228 5.4
      vertex 45.2326 57.5117 5.4
    endloop
  endfacet
  facet normal 0.0404305 -0.999182 0
    outer loop
      vertex 44.3492 57.5022 5.4
      vertex 44.8583 57.5228 6
      vertex 44.3492 57.5022 6
    endloop
  endfacet
  facet normal 0.0404305 -0.999182 0
    outer loop
      vertex 44.8583 57.5228 6
      vertex 44.3492 57.5022 5.4
      vertex 44.8583 57.5228 5.4
    endloop
  endfacet
  facet normal 0.129393 -0.991593 0
    outer loop
      vertex 43.8756 57.4404 5.4
      vertex 44.3492 57.5022 6
      vertex 43.8756 57.4404 6
    endloop
  endfacet
  facet normal 0.129393 -0.991593 0
    outer loop
      vertex 44.3492 57.5022 6
      vertex 43.8756 57.4404 5.4
      vertex 44.3492 57.5022 5.4
    endloop
  endfacet
  facet normal 0.229015 -0.973423 0
    outer loop
      vertex 43.4378 57.3374 5.4
      vertex 43.8756 57.4404 6
      vertex 43.4378 57.3374 6
    endloop
  endfacet
  facet normal 0.229015 -0.973423 0
    outer loop
      vertex 43.8756 57.4404 6
      vertex 43.4378 57.3374 5.4
      vertex 43.8756 57.4404 5.4
    endloop
  endfacet
  facet normal 0.337211 -0.941429 0
    outer loop
      vertex 43.0355 57.1933 5.4
      vertex 43.4378 57.3374 6
      vertex 43.0355 57.1933 6
    endloop
  endfacet
  facet normal 0.337211 -0.941429 0
    outer loop
      vertex 43.4378 57.3374 6
      vertex 43.0355 57.1933 5.4
      vertex 43.4378 57.3374 5.4
    endloop
  endfacet
  facet normal 0.451298 -0.892373 0
    outer loop
      vertex 42.6689 57.0079 5.4
      vertex 43.0355 57.1933 6
      vertex 42.6689 57.0079 6
    endloop
  endfacet
  facet normal 0.451298 -0.892373 0
    outer loop
      vertex 43.0355 57.1933 6
      vertex 42.6689 57.0079 5.4
      vertex 43.0355 57.1933 5.4
    endloop
  endfacet
  facet normal 0.564845 -0.825197 0
    outer loop
      vertex 42.338 56.7814 5.4
      vertex 42.6689 57.0079 6
      vertex 42.338 56.7814 6
    endloop
  endfacet
  facet normal 0.564845 -0.825197 0
    outer loop
      vertex 42.6689 57.0079 6
      vertex 42.338 56.7814 5.4
      vertex 42.6689 57.0079 5.4
    endloop
  endfacet
  facet normal 0.671636 -0.740882 0
    outer loop
      vertex 42.0427 56.5137 5.4
      vertex 42.338 56.7814 6
      vertex 42.0427 56.5137 6
    endloop
  endfacet
  facet normal 0.671636 -0.740882 0
    outer loop
      vertex 42.338 56.7814 6
      vertex 42.0427 56.5137 5.4
      vertex 42.338 56.7814 5.4
    endloop
  endfacet
  facet normal 0.765119 -0.643889 0
    outer loop
      vertex 41.7851 56.2076 6
      vertex 42.0427 56.5137 5.4
      vertex 42.0427 56.5137 6
    endloop
  endfacet
  facet normal 0.765119 -0.643889 0
    outer loop
      vertex 42.0427 56.5137 5.4
      vertex 41.7851 56.2076 6
      vertex 41.7851 56.2076 5.4
    endloop
  endfacet
  facet normal 0.843113 -0.537737 0
    outer loop
      vertex 41.5671 55.8658 6
      vertex 41.7851 56.2076 5.4
      vertex 41.7851 56.2076 6
    endloop
  endfacet
  facet normal 0.843113 -0.537737 0
    outer loop
      vertex 41.7851 56.2076 5.4
      vertex 41.5671 55.8658 6
      vertex 41.5671 55.8658 5.4
    endloop
  endfacet
  facet normal 0.904172 -0.42717 0
    outer loop
      vertex 41.3888 55.4884 6
      vertex 41.5671 55.8658 5.4
      vertex 41.5671 55.8658 6
    endloop
  endfacet
  facet normal 0.904172 -0.42717 0
    outer loop
      vertex 41.5671 55.8658 5.4
      vertex 41.3888 55.4884 6
      vertex 41.3888 55.4884 5.4
    endloop
  endfacet
  facet normal 0.947923 -0.318499 0
    outer loop
      vertex 41.25 55.0753 6
      vertex 41.3888 55.4884 5.4
      vertex 41.3888 55.4884 6
    endloop
  endfacet
  facet normal 0.947923 -0.318499 0
    outer loop
      vertex 41.3888 55.4884 5.4
      vertex 41.25 55.0753 6
      vertex 41.25 55.0753 5.4
    endloop
  endfacet
  facet normal 0.976514 -0.215455 0
    outer loop
      vertex 41.151 54.6266 6
      vertex 41.25 55.0753 5.4
      vertex 41.25 55.0753 6
    endloop
  endfacet
  facet normal 0.976514 -0.215455 0
    outer loop
      vertex 41.25 55.0753 5.4
      vertex 41.151 54.6266 6
      vertex 41.151 54.6266 5.4
    endloop
  endfacet
  facet normal 0.99254 -0.121916 0
    outer loop
      vertex 41.0915 54.1422 6
      vertex 41.151 54.6266 5.4
      vertex 41.151 54.6266 6
    endloop
  endfacet
  facet normal 0.99254 -0.121916 0
    outer loop
      vertex 41.151 54.6266 5.4
      vertex 41.0915 54.1422 6
      vertex 41.0915 54.1422 5.4
    endloop
  endfacet
  facet normal 0.999276 -0.0380494 0
    outer loop
      vertex 41.0717 53.6222 6
      vertex 41.0915 54.1422 5.4
      vertex 41.0915 54.1422 6
    endloop
  endfacet
  facet normal 0.999276 -0.0380494 0
    outer loop
      vertex 41.0915 54.1422 5.4
      vertex 41.0717 53.6222 6
      vertex 41.0717 53.6222 5.4
    endloop
  endfacet
  facet normal 0.999222 0.0394455 0
    outer loop
      vertex 41.0922 53.1029 6
      vertex 41.0717 53.6222 5.4
      vertex 41.0717 53.6222 6
    endloop
  endfacet
  facet normal 0.999222 0.0394455 0
    outer loop
      vertex 41.0717 53.6222 5.4
      vertex 41.0922 53.1029 6
      vertex 41.0922 53.1029 5.4
    endloop
  endfacet
  facet normal 0.99204 0.125921 0
    outer loop
      vertex 41.1538 52.6176 6
      vertex 41.0922 53.1029 5.4
      vertex 41.0922 53.1029 6
    endloop
  endfacet
  facet normal 0.99204 0.125921 0
    outer loop
      vertex 41.0922 53.1029 5.4
      vertex 41.1538 52.6176 6
      vertex 41.1538 52.6176 5.4
    endloop
  endfacet
  facet normal 0.975071 0.221892 0
    outer loop
      vertex 41.2565 52.1663 6
      vertex 41.1538 52.6176 5.4
      vertex 41.1538 52.6176 6
    endloop
  endfacet
  facet normal 0.975071 0.221892 0
    outer loop
      vertex 41.1538 52.6176 5.4
      vertex 41.2565 52.1663 6
      vertex 41.2565 52.1663 5.4
    endloop
  endfacet
  facet normal 0.945464 0.325725 0
    outer loop
      vertex 41.4003 51.7489 6
      vertex 41.2565 52.1663 5.4
      vertex 41.2565 52.1663 6
    endloop
  endfacet
  facet normal 0.945464 0.325725 0
    outer loop
      vertex 41.2565 52.1663 5.4
      vertex 41.4003 51.7489 6
      vertex 41.4003 51.7489 5.4
    endloop
  endfacet
  facet normal 0.900774 0.434289 0
    outer loop
      vertex 41.5851 51.3656 6
      vertex 41.4003 51.7489 5.4
      vertex 41.4003 51.7489 6
    endloop
  endfacet
  facet normal 0.900774 0.434289 0
    outer loop
      vertex 41.4003 51.7489 5.4
      vertex 41.5851 51.3656 6
      vertex 41.5851 51.3656 5.4
    endloop
  endfacet
  facet normal 0.83977 0.542942 0
    outer loop
      vertex 41.811 51.0162 6
      vertex 41.5851 51.3656 5.4
      vertex 41.5851 51.3656 6
    endloop
  endfacet
  facet normal 0.83977 0.542942 0
    outer loop
      vertex 41.5851 51.3656 5.4
      vertex 41.811 51.0162 6
      vertex 41.811 51.0162 5.4
    endloop
  endfacet
  facet normal 0.763138 0.646235 0
    outer loop
      vertex 42.078 50.7009 6
      vertex 41.811 51.0162 5.4
      vertex 41.811 51.0162 6
    endloop
  endfacet
  facet normal 0.763138 0.646235 0
    outer loop
      vertex 41.811 51.0162 5.4
      vertex 42.078 50.7009 6
      vertex 42.078 50.7009 5.4
    endloop
  endfacet
  facet normal 0.672806 0.739819 -0
    outer loop
      vertex 42.3827 50.4238 5.4
      vertex 42.078 50.7009 6
      vertex 42.3827 50.4238 6
    endloop
  endfacet
  facet normal 0.672806 0.739819 0
    outer loop
      vertex 42.078 50.7009 6
      vertex 42.3827 50.4238 5.4
      vertex 42.078 50.7009 5.4
    endloop
  endfacet
  facet normal 0.569122 0.822253 -0
    outer loop
      vertex 42.7215 50.1893 5.4
      vertex 42.3827 50.4238 6
      vertex 42.7215 50.1893 6
    endloop
  endfacet
  facet normal 0.569122 0.822253 0
    outer loop
      vertex 42.3827 50.4238 6
      vertex 42.7215 50.1893 5.4
      vertex 42.3827 50.4238 5.4
    endloop
  endfacet
  facet normal 0.457197 0.889365 -0
    outer loop
      vertex 43.0946 49.9975 5.4
      vertex 42.7215 50.1893 6
      vertex 43.0946 49.9975 6
    endloop
  endfacet
  facet normal 0.457197 0.889365 0
    outer loop
      vertex 42.7215 50.1893 6
      vertex 43.0946 49.9975 5.4
      vertex 42.7215 50.1893 5.4
    endloop
  endfacet
  facet normal 0.344038 0.938956 -0
    outer loop
      vertex 43.5018 49.8483 5.4
      vertex 43.0946 49.9975 6
      vertex 43.5018 49.8483 6
    endloop
  endfacet
  facet normal 0.344038 0.938956 0
    outer loop
      vertex 43.0946 49.9975 6
      vertex 43.5018 49.8483 5.4
      vertex 43.0946 49.9975 5.4
    endloop
  endfacet
  facet normal 0.234497 0.972117 -0
    outer loop
      vertex 43.9433 49.7418 5.4
      vertex 43.5018 49.8483 6
      vertex 43.9433 49.7418 6
    endloop
  endfacet
  facet normal 0.234497 0.972117 0
    outer loop
      vertex 43.5018 49.8483 6
      vertex 43.9433 49.7418 5.4
      vertex 43.5018 49.8483 5.4
    endloop
  endfacet
  facet normal 0.133337 0.991071 -0
    outer loop
      vertex 44.419 49.6778 5.4
      vertex 43.9433 49.7418 6
      vertex 44.419 49.6778 6
    endloop
  endfacet
  facet normal 0.133337 0.991071 0
    outer loop
      vertex 43.9433 49.7418 6
      vertex 44.419 49.6778 5.4
      vertex 43.9433 49.7418 5.4
    endloop
  endfacet
  facet normal 0.0417365 0.999129 -0
    outer loop
      vertex 44.9289 49.6565 5.4
      vertex 44.419 49.6778 6
      vertex 44.9289 49.6565 6
    endloop
  endfacet
  facet normal 0.0417365 0.999129 0
    outer loop
      vertex 44.419 49.6778 6
      vertex 44.9289 49.6565 5.4
      vertex 44.419 49.6778 5.4
    endloop
  endfacet
  facet normal -0.032317 0.999478 0
    outer loop
      vertex 45.2691 49.6675 5.4
      vertex 44.9289 49.6565 6
      vertex 45.2691 49.6675 6
    endloop
  endfacet
  facet normal -0.032317 0.999478 0
    outer loop
      vertex 44.9289 49.6565 6
      vertex 45.2691 49.6675 5.4
      vertex 44.9289 49.6565 5.4
    endloop
  endfacet
  facet normal -0.092406 0.995721 0
    outer loop
      vertex 53.3997 49.6957 5.4
      vertex 53.0829 49.6663 6
      vertex 53.3997 49.6957 6
    endloop
  endfacet
  facet normal -0.092406 0.995721 0
    outer loop
      vertex 53.0829 49.6663 6
      vertex 53.3997 49.6957 5.4
      vertex 53.0829 49.6663 5.4
    endloop
  endfacet
  facet normal -0.158672 0.987331 0
    outer loop
      vertex 53.7046 49.7447 5.4
      vertex 53.3997 49.6957 6
      vertex 53.7046 49.7447 6
    endloop
  endfacet
  facet normal -0.158672 0.987331 0
    outer loop
      vertex 53.3997 49.6957 6
      vertex 53.7046 49.7447 5.4
      vertex 53.3997 49.6957 5.4
    endloop
  endfacet
  facet normal -0.227965 0.973669 0
    outer loop
      vertex 53.9976 49.8133 5.4
      vertex 53.7046 49.7447 6
      vertex 53.9976 49.8133 6
    endloop
  endfacet
  facet normal -0.227965 0.973669 0
    outer loop
      vertex 53.7046 49.7447 6
      vertex 53.9976 49.8133 5.4
      vertex 53.7046 49.7447 5.4
    endloop
  endfacet
  facet normal -0.299473 0.954105 0
    outer loop
      vertex 54.2786 49.9015 5.4
      vertex 53.9976 49.8133 6
      vertex 54.2786 49.9015 6
    endloop
  endfacet
  facet normal -0.299473 0.954105 0
    outer loop
      vertex 53.9976 49.8133 6
      vertex 54.2786 49.9015 5.4
      vertex 53.9976 49.8133 5.4
    endloop
  endfacet
  facet normal -0.371688 0.928358 0
    outer loop
      vertex 54.5476 50.0092 5.4
      vertex 54.2786 49.9015 6
      vertex 54.5476 50.0092 6
    endloop
  endfacet
  facet normal -0.371688 0.928358 0
    outer loop
      vertex 54.2786 49.9015 6
      vertex 54.5476 50.0092 5.4
      vertex 54.2786 49.9015 5.4
    endloop
  endfacet
  facet normal -0.444004 0.896025 0
    outer loop
      vertex 54.8047 50.1366 5.4
      vertex 54.5476 50.0092 6
      vertex 54.8047 50.1366 6
    endloop
  endfacet
  facet normal -0.444004 0.896025 0
    outer loop
      vertex 54.5476 50.0092 6
      vertex 54.8047 50.1366 5.4
      vertex 54.5476 50.0092 5.4
    endloop
  endfacet
  facet normal -0.515067 0.85715 0
    outer loop
      vertex 55.0475 50.2825 5.4
      vertex 54.8047 50.1366 6
      vertex 55.0475 50.2825 6
    endloop
  endfacet
  facet normal -0.515067 0.85715 0
    outer loop
      vertex 54.8047 50.1366 6
      vertex 55.0475 50.2825 5.4
      vertex 54.8047 50.1366 5.4
    endloop
  endfacet
  facet normal -0.585098 0.810963 0
    outer loop
      vertex 55.2737 50.4457 5.4
      vertex 55.0475 50.2825 6
      vertex 55.2737 50.4457 6
    endloop
  endfacet
  facet normal -0.585098 0.810963 0
    outer loop
      vertex 55.0475 50.2825 6
      vertex 55.2737 50.4457 5.4
      vertex 55.0475 50.2825 5.4
    endloop
  endfacet
  facet normal -0.65314 0.757237 0
    outer loop
      vertex 55.4832 50.6264 5.4
      vertex 55.2737 50.4457 6
      vertex 55.4832 50.6264 6
    endloop
  endfacet
  facet normal -0.65314 0.757237 0
    outer loop
      vertex 55.2737 50.4457 6
      vertex 55.4832 50.6264 5.4
      vertex 55.2737 50.4457 5.4
    endloop
  endfacet
  facet normal -0.716091 0.698007 0
    outer loop
      vertex 55.4832 50.6264 5.4
      vertex 55.6762 50.8244 6
      vertex 55.6762 50.8244 5.4
    endloop
  endfacet
  facet normal -0.716091 0.698007 0
    outer loop
      vertex 55.6762 50.8244 6
      vertex 55.4832 50.6264 5.4
      vertex 55.4832 50.6264 6
    endloop
  endfacet
  facet normal -0.773669 0.63359 0
    outer loop
      vertex 55.6762 50.8244 5.4
      vertex 55.8526 51.0398 6
      vertex 55.8526 51.0398 5.4
    endloop
  endfacet
  facet normal -0.773669 0.63359 0
    outer loop
      vertex 55.8526 51.0398 6
      vertex 55.6762 50.8244 5.4
      vertex 55.6762 50.8244 6
    endloop
  endfacet
  facet normal -0.824507 0.565852 0
    outer loop
      vertex 55.8526 51.0398 5.4
      vertex 56.0123 51.2725 6
      vertex 56.0123 51.2725 5.4
    endloop
  endfacet
  facet normal -0.824507 0.565852 0
    outer loop
      vertex 56.0123 51.2725 6
      vertex 55.8526 51.0398 5.4
      vertex 55.8526 51.0398 6
    endloop
  endfacet
  facet normal -0.867901 0.496737 0
    outer loop
      vertex 56.0123 51.2725 5.4
      vertex 56.1555 51.5227 6
      vertex 56.1555 51.5227 5.4
    endloop
  endfacet
  facet normal -0.867901 0.496737 0
    outer loop
      vertex 56.1555 51.5227 6
      vertex 56.0123 51.2725 5.4
      vertex 56.0123 51.2725 6
    endloop
  endfacet
  facet normal -0.903981 0.427572 0
    outer loop
      vertex 56.1555 51.5227 5.4
      vertex 56.2807 51.7874 6
      vertex 56.2807 51.7874 5.4
    endloop
  endfacet
  facet normal -0.903981 0.427572 0
    outer loop
      vertex 56.2807 51.7874 6
      vertex 56.1555 51.5227 5.4
      vertex 56.1555 51.5227 6
    endloop
  endfacet
  facet normal -0.93385 0.357666 0
    outer loop
      vertex 56.2807 51.7874 5.4
      vertex 56.3866 52.0639 6
      vertex 56.3866 52.0639 5.4
    endloop
  endfacet
  facet normal -0.93385 0.357666 0
    outer loop
      vertex 56.3866 52.0639 6
      vertex 56.2807 51.7874 5.4
      vertex 56.2807 51.7874 6
    endloop
  endfacet
  facet normal -0.957607 0.288079 0
    outer loop
      vertex 56.3866 52.0639 5.4
      vertex 56.4733 52.3521 6
      vertex 56.4733 52.3521 5.4
    endloop
  endfacet
  facet normal -0.957607 0.288079 0
    outer loop
      vertex 56.4733 52.3521 6
      vertex 56.3866 52.0639 5.4
      vertex 56.3866 52.0639 6
    endloop
  endfacet
  facet normal -0.975594 0.219582 0
    outer loop
      vertex 56.4733 52.3521 5.4
      vertex 56.5408 52.652 6
      vertex 56.5408 52.652 5.4
    endloop
  endfacet
  facet normal -0.975594 0.219582 0
    outer loop
      vertex 56.5408 52.652 6
      vertex 56.4733 52.3521 5.4
      vertex 56.4733 52.3521 6
    endloop
  endfacet
  facet normal -0.988302 0.15251 0
    outer loop
      vertex 56.5408 52.652 5.4
      vertex 56.5889 52.9637 6
      vertex 56.5889 52.9637 5.4
    endloop
  endfacet
  facet normal -0.988302 0.15251 0
    outer loop
      vertex 56.5889 52.9637 6
      vertex 56.5408 52.652 5.4
      vertex 56.5408 52.652 6
    endloop
  endfacet
  facet normal -0.996031 0.0890083 0
    outer loop
      vertex 56.5889 52.9637 5.4
      vertex 56.6178 53.2871 6
      vertex 56.6178 53.2871 5.4
    endloop
  endfacet
  facet normal -0.996031 0.0890083 0
    outer loop
      vertex 56.6178 53.2871 6
      vertex 56.5889 52.9637 5.4
      vertex 56.5889 52.9637 6
    endloop
  endfacet
  facet normal -0.999581 0.0289345 0
    outer loop
      vertex 56.6178 53.2871 5.4
      vertex 56.6275 53.6222 6
      vertex 56.6275 53.6222 5.4
    endloop
  endfacet
  facet normal -0.999581 0.0289345 0
    outer loop
      vertex 56.6275 53.6222 6
      vertex 56.6178 53.2871 5.4
      vertex 56.6178 53.2871 6
    endloop
  endfacet
  facet normal -0.999139 -0.0414819 0
    outer loop
      vertex 56.6275 53.6222 5.4
      vertex 56.6066 54.1256 6
      vertex 56.6066 54.1256 5.4
    endloop
  endfacet
  facet normal -0.999139 -0.0414819 0
    outer loop
      vertex 56.6066 54.1256 6
      vertex 56.6275 53.6222 5.4
      vertex 56.6275 53.6222 6
    endloop
  endfacet
  facet normal -0.991312 -0.131531 0
    outer loop
      vertex 56.6066 54.1256 5.4
      vertex 56.544 54.5974 6
      vertex 56.544 54.5974 5.4
    endloop
  endfacet
  facet normal -0.991312 -0.131531 0
    outer loop
      vertex 56.544 54.5974 6
      vertex 56.6066 54.1256 5.4
      vertex 56.6066 54.1256 6
    endloop
  endfacet
  facet normal -0.972986 -0.230863 0
    outer loop
      vertex 56.544 54.5974 5.4
      vertex 56.4396 55.0374 6
      vertex 56.4396 55.0374 5.4
    endloop
  endfacet
  facet normal -0.972986 -0.230863 0
    outer loop
      vertex 56.4396 55.0374 6
      vertex 56.544 54.5974 5.4
      vertex 56.544 54.5974 6
    endloop
  endfacet
  facet normal -0.941591 -0.33676 0
    outer loop
      vertex 56.4396 55.0374 5.4
      vertex 56.2935 55.4459 6
      vertex 56.2935 55.4459 5.4
    endloop
  endfacet
  facet normal -0.941591 -0.33676 0
    outer loop
      vertex 56.2935 55.4459 6
      vertex 56.4396 55.0374 5.4
      vertex 56.4396 55.0374 6
    endloop
  endfacet
  facet normal -0.894949 -0.446168 0
    outer loop
      vertex 56.2935 55.4459 5.4
      vertex 56.1057 55.8226 6
      vertex 56.1057 55.8226 5.4
    endloop
  endfacet
  facet normal -0.894949 -0.446168 0
    outer loop
      vertex 56.1057 55.8226 6
      vertex 56.2935 55.4459 5.4
      vertex 56.2935 55.4459 6
    endloop
  endfacet
  facet normal -0.83257 -0.553921 0
    outer loop
      vertex 56.1057 55.8226 5.4
      vertex 55.8761 56.1677 6
      vertex 55.8761 56.1677 5.4
    endloop
  endfacet
  facet normal -0.83257 -0.553921 0
    outer loop
      vertex 55.8761 56.1677 6
      vertex 56.1057 55.8226 5.4
      vertex 56.1057 55.8226 6
    endloop
  endfacet
  facet normal -0.756166 -0.654379 0
    outer loop
      vertex 55.8761 56.1677 5.4
      vertex 55.6048 56.4812 6
      vertex 55.6048 56.4812 5.4
    endloop
  endfacet
  facet normal -0.756166 -0.654379 0
    outer loop
      vertex 55.6048 56.4812 6
      vertex 55.8761 56.1677 5.4
      vertex 55.8761 56.1677 6
    endloop
  endfacet
  facet normal -0.667282 -0.744805 0
    outer loop
      vertex 55.2964 56.7575 5.4
      vertex 55.6048 56.4812 6
      vertex 55.2964 56.7575 6
    endloop
  endfacet
  facet normal -0.667282 -0.744805 -0
    outer loop
      vertex 55.6048 56.4812 6
      vertex 55.2964 56.7575 5.4
      vertex 55.6048 56.4812 5.4
    endloop
  endfacet
  facet normal -0.565707 -0.824606 0
    outer loop
      vertex 54.9556 56.9913 5.4
      vertex 55.2964 56.7575 6
      vertex 54.9556 56.9913 6
    endloop
  endfacet
  facet normal -0.565707 -0.824606 -0
    outer loop
      vertex 55.2964 56.7575 6
      vertex 54.9556 56.9913 5.4
      vertex 55.2964 56.7575 5.4
    endloop
  endfacet
  facet normal -0.456157 -0.889899 0
    outer loop
      vertex 54.5824 57.1826 5.4
      vertex 54.9556 56.9913 6
      vertex 54.5824 57.1826 6
    endloop
  endfacet
  facet normal -0.456157 -0.889899 -0
    outer loop
      vertex 54.9556 56.9913 6
      vertex 54.5824 57.1826 5.4
      vertex 54.9556 56.9913 5.4
    endloop
  endfacet
  facet normal -0.344343 -0.938844 0
    outer loop
      vertex 54.1767 57.3314 5.4
      vertex 54.5824 57.1826 6
      vertex 54.1767 57.3314 6
    endloop
  endfacet
  facet normal -0.344343 -0.938844 -0
    outer loop
      vertex 54.5824 57.1826 6
      vertex 54.1767 57.3314 5.4
      vertex 54.5824 57.1826 5.4
    endloop
  endfacet
  facet normal -0.235746 -0.971815 0
    outer loop
      vertex 53.7385 57.4377 5.4
      vertex 54.1767 57.3314 6
      vertex 53.7385 57.4377 6
    endloop
  endfacet
  facet normal -0.235746 -0.971815 -0
    outer loop
      vertex 54.1767 57.3314 6
      vertex 53.7385 57.4377 5.4
      vertex 54.1767 57.3314 5.4
    endloop
  endfacet
  facet normal -0.134343 -0.990935 0
    outer loop
      vertex 53.2679 57.5015 5.4
      vertex 53.7385 57.4377 6
      vertex 53.2679 57.5015 6
    endloop
  endfacet
  facet normal -0.134343 -0.990935 -0
    outer loop
      vertex 53.7385 57.4377 6
      vertex 53.2679 57.5015 5.4
      vertex 53.7385 57.4377 5.4
    endloop
  endfacet
  facet normal -0.042308 -0.999105 0
    outer loop
      vertex 52.7649 57.5228 5.4
      vertex 53.2679 57.5015 6
      vertex 52.7649 57.5228 6
    endloop
  endfacet
  facet normal -0.042308 -0.999105 -0
    outer loop
      vertex 53.2679 57.5015 6
      vertex 52.7649 57.5228 5.4
      vertex 53.2679 57.5015 5.4
    endloop
  endfacet
  facet normal 0.0419115 -0.999121 0
    outer loop
      vertex 52.2619 57.5017 5.4
      vertex 52.7649 57.5228 6
      vertex 52.2619 57.5017 6
    endloop
  endfacet
  facet normal 0.0419115 -0.999121 0
    outer loop
      vertex 52.7649 57.5228 6
      vertex 52.2619 57.5017 5.4
      vertex 52.7649 57.5228 5.4
    endloop
  endfacet
  facet normal 0.13295 -0.991123 0
    outer loop
      vertex 51.7915 57.4386 5.4
      vertex 52.2619 57.5017 6
      vertex 51.7915 57.4386 6
    endloop
  endfacet
  facet normal 0.13295 -0.991123 0
    outer loop
      vertex 52.2619 57.5017 6
      vertex 51.7915 57.4386 5.4
      vertex 52.2619 57.5017 5.4
    endloop
  endfacet
  facet normal 0.233591 -0.972335 0
    outer loop
      vertex 51.3536 57.3334 5.4
      vertex 51.7915 57.4386 6
      vertex 51.3536 57.3334 6
    endloop
  endfacet
  facet normal 0.233591 -0.972335 0
    outer loop
      vertex 51.7915 57.4386 6
      vertex 51.3536 57.3334 5.4
      vertex 51.7915 57.4386 5.4
    endloop
  endfacet
  facet normal 0.341371 -0.939929 0
    outer loop
      vertex 50.9483 57.1862 5.4
      vertex 51.3536 57.3334 6
      vertex 50.9483 57.1862 6
    endloop
  endfacet
  facet normal 0.341371 -0.939929 0
    outer loop
      vertex 51.3536 57.3334 6
      vertex 50.9483 57.1862 5.4
      vertex 51.3536 57.3334 5.4
    endloop
  endfacet
  facet normal 0.452944 -0.891539 0
    outer loop
      vertex 50.5755 56.9968 5.4
      vertex 50.9483 57.1862 6
      vertex 50.5755 56.9968 6
    endloop
  endfacet
  facet normal 0.452944 -0.891539 0
    outer loop
      vertex 50.9483 57.1862 6
      vertex 50.5755 56.9968 5.4
      vertex 50.9483 57.1862 5.4
    endloop
  endfacet
  facet normal 0.562416 -0.826854 0
    outer loop
      vertex 50.2353 56.7654 5.4
      vertex 50.5755 56.9968 6
      vertex 50.2353 56.7654 6
    endloop
  endfacet
  facet normal 0.562416 -0.826854 0
    outer loop
      vertex 50.5755 56.9968 6
      vertex 50.2353 56.7654 5.4
      vertex 50.5755 56.9968 5.4
    endloop
  endfacet
  facet normal 0.664213 -0.747543 0
    outer loop
      vertex 49.9276 56.492 5.4
      vertex 50.2353 56.7654 6
      vertex 49.9276 56.492 6
    endloop
  endfacet
  facet normal 0.664213 -0.747543 0
    outer loop
      vertex 50.2353 56.7654 6
      vertex 49.9276 56.492 5.4
      vertex 50.2353 56.7654 5.4
    endloop
  endfacet
  facet normal 0.754407 -0.656407 0
    outer loop
      vertex 49.657 56.181 6
      vertex 49.9276 56.492 5.4
      vertex 49.9276 56.492 6
    endloop
  endfacet
  facet normal 0.754407 -0.656407 0
    outer loop
      vertex 49.9276 56.492 5.4
      vertex 49.657 56.181 6
      vertex 49.657 56.181 5.4
    endloop
  endfacet
  facet normal 0.832534 -0.553974 0
    outer loop
      vertex 49.4281 55.837 6
      vertex 49.657 56.181 5.4
      vertex 49.657 56.181 6
    endloop
  endfacet
  facet normal 0.832534 -0.553974 0
    outer loop
      vertex 49.657 56.181 5.4
      vertex 49.4281 55.837 6
      vertex 49.4281 55.837 5.4
    endloop
  endfacet
  facet normal 0.89547 -0.445122 0
    outer loop
      vertex 49.2407 55.46 6
      vertex 49.4281 55.837 5.4
      vertex 49.4281 55.837 6
    endloop
  endfacet
  facet normal 0.89547 -0.445122 0
    outer loop
      vertex 49.4281 55.837 5.4
      vertex 49.2407 55.46 6
      vertex 49.2407 55.46 5.4
    endloop
  endfacet
  facet normal 0.942271 -0.334851 0
    outer loop
      vertex 49.095 55.05 6
      vertex 49.2407 55.46 5.4
      vertex 49.2407 55.46 6
    endloop
  endfacet
  facet normal 0.942271 -0.334851 0
    outer loop
      vertex 49.2407 55.46 5.4
      vertex 49.095 55.05 6
      vertex 49.095 55.05 5.4
    endloop
  endfacet
  facet normal 0.973521 -0.228598 0
    outer loop
      vertex 48.991 54.6071 6
      vertex 49.095 55.05 5.4
      vertex 49.095 55.05 6
    endloop
  endfacet
  facet normal 0.973521 -0.228598 0
    outer loop
      vertex 49.095 55.05 5.4
      vertex 48.991 54.6071 6
      vertex 48.991 54.6071 5.4
    endloop
  endfacet
  facet normal 0.99149 -0.130185 0
    outer loop
      vertex 48.9285 54.1311 6
      vertex 48.991 54.6071 5.4
      vertex 48.991 54.6071 6
    endloop
  endfacet
  facet normal 0.99149 -0.130185 0
    outer loop
      vertex 48.991 54.6071 5.4
      vertex 48.9285 54.1311 6
      vertex 48.9285 54.1311 5.4
    endloop
  endfacet
  facet normal 0.999166 -0.0408384 0
    outer loop
      vertex 48.9077 53.6222 6
      vertex 48.9285 54.1311 5.4
      vertex 48.9285 54.1311 6
    endloop
  endfacet
  facet normal 0.999166 -0.0408384 0
    outer loop
      vertex 48.9285 54.1311 5.4
      vertex 48.9077 53.6222 6
      vertex 48.9077 53.6222 5.4
    endloop
  endfacet
  facet normal 0.999165 0.040866 0
    outer loop
      vertex 48.9286 53.1112 6
      vertex 48.9077 53.6222 5.4
      vertex 48.9077 53.6222 6
    endloop
  endfacet
  facet normal 0.999165 0.040866 0
    outer loop
      vertex 48.9077 53.6222 5.4
      vertex 48.9286 53.1112 6
      vertex 48.9286 53.1112 5.4
    endloop
  endfacet
  facet normal 0.991568 0.129587 0
    outer loop
      vertex 48.9912 52.6322 6
      vertex 48.9286 53.1112 5.4
      vertex 48.9286 53.1112 6
    endloop
  endfacet
  facet normal 0.991568 0.129587 0
    outer loop
      vertex 48.9286 53.1112 5.4
      vertex 48.9912 52.6322 6
      vertex 48.9912 52.6322 5.4
    endloop
  endfacet
  facet normal 0.973841 0.22723 0
    outer loop
      vertex 49.0955 52.1852 6
      vertex 48.9912 52.6322 5.4
      vertex 48.9912 52.6322 6
    endloop
  endfacet
  facet normal 0.973841 0.22723 0
    outer loop
      vertex 48.9912 52.6322 5.4
      vertex 49.0955 52.1852 6
      vertex 49.0955 52.1852 5.4
    endloop
  endfacet
  facet normal 0.943279 0.332 0
    outer loop
      vertex 49.2416 51.7701 6
      vertex 49.0955 52.1852 5.4
      vertex 49.0955 52.1852 6
    endloop
  endfacet
  facet normal 0.943279 0.332 0
    outer loop
      vertex 49.0955 52.1852 5.4
      vertex 49.2416 51.7701 6
      vertex 49.2416 51.7701 5.4
    endloop
  endfacet
  facet normal 0.897777 0.44045 0
    outer loop
      vertex 49.4295 51.3871 6
      vertex 49.2416 51.7701 5.4
      vertex 49.2416 51.7701 6
    endloop
  endfacet
  facet normal 0.897777 0.44045 0
    outer loop
      vertex 49.2416 51.7701 5.4
      vertex 49.4295 51.3871 6
      vertex 49.4295 51.3871 5.4
    endloop
  endfacet
  facet normal 0.83697 0.547249 0
    outer loop
      vertex 49.659 51.0361 6
      vertex 49.4295 51.3871 5.4
      vertex 49.4295 51.3871 6
    endloop
  endfacet
  facet normal 0.83697 0.547249 0
    outer loop
      vertex 49.4295 51.3871 5.4
      vertex 49.659 51.0361 6
      vertex 49.659 51.0361 5.4
    endloop
  endfacet
  facet normal 0.761763 0.647856 0
    outer loop
      vertex 49.9303 50.7171 6
      vertex 49.659 51.0361 5.4
      vertex 49.659 51.0361 6
    endloop
  endfacet
  facet normal 0.761763 0.647856 0
    outer loop
      vertex 49.659 51.0361 5.4
      vertex 49.9303 50.7171 6
      vertex 49.9303 50.7171 5.4
    endloop
  endfacet
  facet normal 0.674389 0.738377 -0
    outer loop
      vertex 50.2384 50.4357 5.4
      vertex 49.9303 50.7171 6
      vertex 50.2384 50.4357 6
    endloop
  endfacet
  facet normal 0.674389 0.738377 0
    outer loop
      vertex 49.9303 50.7171 6
      vertex 50.2384 50.4357 5.4
      vertex 49.9303 50.7171 5.4
    endloop
  endfacet
  facet normal 0.57385 0.81896 -0
    outer loop
      vertex 50.5782 50.1976 5.4
      vertex 50.2384 50.4357 6
      vertex 50.5782 50.1976 6
    endloop
  endfacet
  facet normal 0.57385 0.81896 0
    outer loop
      vertex 50.2384 50.4357 6
      vertex 50.5782 50.1976 5.4
      vertex 50.2384 50.4357 5.4
    endloop
  endfacet
  facet normal 0.464194 0.885734 -0
    outer loop
      vertex 50.9499 50.0028 5.4
      vertex 50.5782 50.1976 6
      vertex 50.9499 50.0028 6
    endloop
  endfacet
  facet normal 0.464194 0.885734 0
    outer loop
      vertex 50.5782 50.1976 6
      vertex 50.9499 50.0028 5.4
      vertex 50.5782 50.1976 5.4
    endloop
  endfacet
  facet normal 0.351658 0.936129 -0
    outer loop
      vertex 51.3532 49.8513 5.4
      vertex 50.9499 50.0028 6
      vertex 51.3532 49.8513 6
    endloop
  endfacet
  facet normal 0.351658 0.936129 0
    outer loop
      vertex 50.9499 50.0028 6
      vertex 51.3532 49.8513 5.4
      vertex 50.9499 50.0028 5.4
    endloop
  endfacet
  facet normal 0.241276 0.970456 -0
    outer loop
      vertex 51.7884 49.7431 5.4
      vertex 51.3532 49.8513 6
      vertex 51.7884 49.7431 6
    endloop
  endfacet
  facet normal 0.241276 0.970456 0
    outer loop
      vertex 51.3532 49.8513 6
      vertex 51.7884 49.7431 5.4
      vertex 51.3532 49.8513 5.4
    endloop
  endfacet
  facet normal 0.137678 0.990477 -0
    outer loop
      vertex 52.2553 49.6782 5.4
      vertex 51.7884 49.7431 6
      vertex 52.2553 49.6782 6
    endloop
  endfacet
  facet normal 0.137678 0.990477 0
    outer loop
      vertex 51.7884 49.7431 6
      vertex 52.2553 49.6782 5.4
      vertex 51.7884 49.7431 5.4
    endloop
  endfacet
  facet normal 0.043472 0.999055 -0
    outer loop
      vertex 52.754 49.6565 5.4
      vertex 52.2553 49.6782 6
      vertex 52.754 49.6565 6
    endloop
  endfacet
  facet normal 0.043472 0.999055 0
    outer loop
      vertex 52.2553 49.6782 6
      vertex 52.754 49.6565 5.4
      vertex 52.2553 49.6782 5.4
    endloop
  endfacet
  facet normal -0.0297831 0.999556 0
    outer loop
      vertex 53.0829 49.6663 5.4
      vertex 52.754 49.6565 6
      vertex 53.0829 49.6663 6
    endloop
  endfacet
  facet normal -0.0297831 0.999556 0
    outer loop
      vertex 52.754 49.6565 6
      vertex 53.0829 49.6663 5.4
      vertex 52.754 49.6565 5.4
    endloop
  endfacet
  facet normal -0.162319 -0.986738 0
    outer loop
      vertex 52.1976 50.9742 5.4
      vertex 52.4669 50.9299 6
      vertex 52.1976 50.9742 6
    endloop
  endfacet
  facet normal -0.162319 -0.986738 -0
    outer loop
      vertex 52.4669 50.9299 6
      vertex 52.1976 50.9742 5.4
      vertex 52.4669 50.9299 5.4
    endloop
  endfacet
  facet normal -0.281918 -0.959438 0
    outer loop
      vertex 51.9461 51.0481 5.4
      vertex 52.1976 50.9742 6
      vertex 51.9461 51.0481 6
    endloop
  endfacet
  facet normal -0.281918 -0.959438 -0
    outer loop
      vertex 52.1976 50.9742 6
      vertex 51.9461 51.0481 5.4
      vertex 52.1976 50.9742 5.4
    endloop
  endfacet
  facet normal -0.40494 -0.914343 0
    outer loop
      vertex 51.7124 51.1516 5.4
      vertex 51.9461 51.0481 6
      vertex 51.7124 51.1516 6
    endloop
  endfacet
  facet normal -0.40494 -0.914343 -0
    outer loop
      vertex 51.9461 51.0481 6
      vertex 51.7124 51.1516 5.4
      vertex 51.9461 51.0481 5.4
    endloop
  endfacet
  facet normal -0.52467 -0.851306 0
    outer loop
      vertex 51.4966 51.2846 5.4
      vertex 51.7124 51.1516 6
      vertex 51.4966 51.2846 6
    endloop
  endfacet
  facet normal -0.52467 -0.851306 -0
    outer loop
      vertex 51.7124 51.1516 6
      vertex 51.4966 51.2846 5.4
      vertex 51.7124 51.1516 5.4
    endloop
  endfacet
  facet normal -0.63464 -0.772808 0
    outer loop
      vertex 51.2986 51.4472 5.4
      vertex 51.4966 51.2846 6
      vertex 51.2986 51.4472 6
    endloop
  endfacet
  facet normal -0.63464 -0.772808 -0
    outer loop
      vertex 51.4966 51.2846 6
      vertex 51.2986 51.4472 5.4
      vertex 51.4966 51.2846 5.4
    endloop
  endfacet
  facet normal -0.729336 -0.684156 0
    outer loop
      vertex 51.2986 51.4472 5.4
      vertex 51.1184 51.6393 6
      vertex 51.1184 51.6393 5.4
    endloop
  endfacet
  facet normal -0.729336 -0.684156 0
    outer loop
      vertex 51.1184 51.6393 6
      vertex 51.2986 51.4472 5.4
      vertex 51.2986 51.4472 6
    endloop
  endfacet
  facet normal -0.807805 -0.589449 0
    outer loop
      vertex 51.1184 51.6393 5.4
      vertex 50.9594 51.8572 6
      vertex 50.9594 51.8572 5.4
    endloop
  endfacet
  facet normal -0.807805 -0.589449 0
    outer loop
      vertex 50.9594 51.8572 6
      vertex 51.1184 51.6393 5.4
      vertex 51.1184 51.6393 6
    endloop
  endfacet
  facet normal -0.871848 -0.489777 0
    outer loop
      vertex 50.9594 51.8572 5.4
      vertex 50.8248 52.0968 6
      vertex 50.8248 52.0968 5.4
    endloop
  endfacet
  facet normal -0.871848 -0.489777 0
    outer loop
      vertex 50.8248 52.0968 6
      vertex 50.9594 51.8572 5.4
      vertex 50.9594 51.8572 6
    endloop
  endfacet
  facet normal -0.921642 -0.388041 0
    outer loop
      vertex 50.8248 52.0968 5.4
      vertex 50.7147 52.3583 6
      vertex 50.7147 52.3583 5.4
    endloop
  endfacet
  facet normal -0.921642 -0.388041 0
    outer loop
      vertex 50.7147 52.3583 6
      vertex 50.8248 52.0968 5.4
      vertex 50.8248 52.0968 6
    endloop
  endfacet
  facet normal -0.957229 -0.289332 0
    outer loop
      vertex 50.7147 52.3583 5.4
      vertex 50.6291 52.6415 6
      vertex 50.6291 52.6415 5.4
    endloop
  endfacet
  facet normal -0.957229 -0.289332 0
    outer loop
      vertex 50.6291 52.6415 6
      vertex 50.7147 52.3583 5.4
      vertex 50.7147 52.3583 6
    endloop
  endfacet
  facet normal -0.980469 -0.196672 0
    outer loop
      vertex 50.6291 52.6415 5.4
      vertex 50.5679 52.9466 6
      vertex 50.5679 52.9466 5.4
    endloop
  endfacet
  facet normal -0.980469 -0.196672 0
    outer loop
      vertex 50.5679 52.9466 6
      vertex 50.6291 52.6415 5.4
      vertex 50.6291 52.6415 6
    endloop
  endfacet
  facet normal -0.993757 -0.111566 0
    outer loop
      vertex 50.5679 52.9466 5.4
      vertex 50.5312 53.2735 6
      vertex 50.5312 53.2735 5.4
    endloop
  endfacet
  facet normal -0.993757 -0.111566 0
    outer loop
      vertex 50.5312 53.2735 6
      vertex 50.5679 52.9466 5.4
      vertex 50.5679 52.9466 6
    endloop
  endfacet
  facet normal -0.999389 -0.0349657 0
    outer loop
      vertex 50.5312 53.2735 5.4
      vertex 50.519 53.6222 6
      vertex 50.519 53.6222 5.4
    endloop
  endfacet
  facet normal -0.999389 -0.0349657 0
    outer loop
      vertex 50.519 53.6222 6
      vertex 50.5312 53.2735 5.4
      vertex 50.5312 53.2735 6
    endloop
  endfacet
  facet normal -0.999407 0.0344423 0
    outer loop
      vertex 50.519 53.6222 5.4
      vertex 50.5309 53.9675 6
      vertex 50.5309 53.9675 5.4
    endloop
  endfacet
  facet normal -0.999407 0.0344423 0
    outer loop
      vertex 50.5309 53.9675 6
      vertex 50.519 53.6222 5.4
      vertex 50.519 53.6222 6
    endloop
  endfacet
  facet normal -0.993869 0.110567 0
    outer loop
      vertex 50.5309 53.9675 5.4
      vertex 50.5668 54.2902 6
      vertex 50.5668 54.2902 5.4
    endloop
  endfacet
  facet normal -0.993869 0.110567 0
    outer loop
      vertex 50.5668 54.2902 6
      vertex 50.5309 53.9675 5.4
      vertex 50.5309 53.9675 6
    endloop
  endfacet
  facet normal -0.980744 0.1953 0
    outer loop
      vertex 50.5668 54.2902 5.4
      vertex 50.6266 54.5905 6
      vertex 50.6266 54.5905 5.4
    endloop
  endfacet
  facet normal -0.980744 0.1953 0
    outer loop
      vertex 50.6266 54.5905 6
      vertex 50.5668 54.2902 5.4
      vertex 50.5668 54.2902 6
    endloop
  endfacet
  facet normal -0.957513 0.288391 0
    outer loop
      vertex 50.6266 54.5905 5.4
      vertex 50.7103 54.8684 6
      vertex 50.7103 54.8684 5.4
    endloop
  endfacet
  facet normal -0.957513 0.288391 0
    outer loop
      vertex 50.7103 54.8684 6
      vertex 50.6266 54.5905 5.4
      vertex 50.6266 54.5905 6
    endloop
  endfacet
  facet normal -0.921499 0.38838 0
    outer loop
      vertex 50.7103 54.8684 5.4
      vertex 50.8179 55.1237 6
      vertex 50.8179 55.1237 5.4
    endloop
  endfacet
  facet normal -0.921499 0.38838 0
    outer loop
      vertex 50.8179 55.1237 6
      vertex 50.7103 54.8684 5.4
      vertex 50.7103 54.8684 6
    endloop
  endfacet
  facet normal -0.870786 0.491663 0
    outer loop
      vertex 50.8179 55.1237 5.4
      vertex 50.9494 55.3566 6
      vertex 50.9494 55.3566 5.4
    endloop
  endfacet
  facet normal -0.870786 0.491663 0
    outer loop
      vertex 50.9494 55.3566 6
      vertex 50.8179 55.1237 5.4
      vertex 50.8179 55.1237 6
    endloop
  endfacet
  facet normal -0.804383 0.594112 0
    outer loop
      vertex 50.9494 55.3566 5.4
      vertex 51.1048 55.567 6
      vertex 51.1048 55.567 5.4
    endloop
  endfacet
  facet normal -0.804383 0.594112 0
    outer loop
      vertex 51.1048 55.567 6
      vertex 50.9494 55.3566 5.4
      vertex 50.9494 55.3566 6
    endloop
  endfacet
  facet normal -0.72159 0.692321 0
    outer loop
      vertex 51.1048 55.567 5.4
      vertex 51.2822 55.7519 6
      vertex 51.2822 55.7519 5.4
    endloop
  endfacet
  facet normal -0.72159 0.692321 0
    outer loop
      vertex 51.2822 55.7519 6
      vertex 51.1048 55.567 5.4
      vertex 51.1048 55.567 6
    endloop
  endfacet
  facet normal -0.621445 0.783458 0
    outer loop
      vertex 51.4795 55.9084 5.4
      vertex 51.2822 55.7519 6
      vertex 51.4795 55.9084 6
    endloop
  endfacet
  facet normal -0.621445 0.783458 0
    outer loop
      vertex 51.2822 55.7519 6
      vertex 51.4795 55.9084 5.4
      vertex 51.2822 55.7519 5.4
    endloop
  endfacet
  facet normal -0.508008 0.861353 0
    outer loop
      vertex 51.6967 56.0365 5.4
      vertex 51.4795 55.9084 6
      vertex 51.6967 56.0365 6
    endloop
  endfacet
  facet normal -0.508008 0.861353 0
    outer loop
      vertex 51.4795 55.9084 6
      vertex 51.6967 56.0365 5.4
      vertex 51.4795 55.9084 5.4
    endloop
  endfacet
  facet normal -0.387153 0.922015 0
    outer loop
      vertex 51.9339 56.1361 5.4
      vertex 51.6967 56.0365 6
      vertex 51.9339 56.1361 6
    endloop
  endfacet
  facet normal -0.387153 0.922015 0
    outer loop
      vertex 51.6967 56.0365 6
      vertex 51.9339 56.1361 5.4
      vertex 51.6967 56.0365 5.4
    endloop
  endfacet
  facet normal -0.266638 0.963797 0
    outer loop
      vertex 52.1909 56.2072 5.4
      vertex 51.9339 56.1361 6
      vertex 52.1909 56.2072 6
    endloop
  endfacet
  facet normal -0.266638 0.963797 0
    outer loop
      vertex 51.9339 56.1361 6
      vertex 52.1909 56.2072 5.4
      vertex 51.9339 56.1361 5.4
    endloop
  endfacet
  facet normal -0.152298 0.988335 0
    outer loop
      vertex 52.468 56.2499 5.4
      vertex 52.1909 56.2072 6
      vertex 52.468 56.2499 6
    endloop
  endfacet
  facet normal -0.152298 0.988335 0
    outer loop
      vertex 52.1909 56.2072 6
      vertex 52.468 56.2499 5.4
      vertex 52.1909 56.2072 5.4
    endloop
  endfacet
  facet normal -0.0477729 0.998858 0
    outer loop
      vertex 52.7649 56.2641 5.4
      vertex 52.468 56.2499 6
      vertex 52.7649 56.2641 6
    endloop
  endfacet
  facet normal -0.0477729 0.998858 0
    outer loop
      vertex 52.468 56.2499 6
      vertex 52.7649 56.2641 5.4
      vertex 52.468 56.2499 5.4
    endloop
  endfacet
  facet normal 0.0488139 0.998808 -0
    outer loop
      vertex 53.0575 56.2498 5.4
      vertex 52.7649 56.2641 6
      vertex 53.0575 56.2498 6
    endloop
  endfacet
  facet normal 0.0488139 0.998808 0
    outer loop
      vertex 52.7649 56.2641 6
      vertex 53.0575 56.2498 5.4
      vertex 52.7649 56.2641 5.4
    endloop
  endfacet
  facet normal 0.155369 0.987857 -0
    outer loop
      vertex 53.3309 56.2068 5.4
      vertex 53.0575 56.2498 6
      vertex 53.3309 56.2068 6
    endloop
  endfacet
  facet normal 0.155369 0.987857 0
    outer loop
      vertex 53.0575 56.2498 6
      vertex 53.3309 56.2068 5.4
      vertex 53.0575 56.2498 5.4
    endloop
  endfacet
  facet normal 0.271667 0.962391 -0
    outer loop
      vertex 53.5849 56.1351 5.4
      vertex 53.3309 56.2068 6
      vertex 53.5849 56.1351 6
    endloop
  endfacet
  facet normal 0.271667 0.962391 0
    outer loop
      vertex 53.3309 56.2068 6
      vertex 53.5849 56.1351 5.4
      vertex 53.3309 56.2068 5.4
    endloop
  endfacet
  facet normal 0.393021 0.919529 -0
    outer loop
      vertex 53.8198 56.0347 5.4
      vertex 53.5849 56.1351 6
      vertex 53.8198 56.0347 6
    endloop
  endfacet
  facet normal 0.393021 0.919529 0
    outer loop
      vertex 53.5849 56.1351 6
      vertex 53.8198 56.0347 5.4
      vertex 53.5849 56.1351 5.4
    endloop
  endfacet
  facet normal 0.513617 0.858019 -0
    outer loop
      vertex 54.0353 55.9057 5.4
      vertex 53.8198 56.0347 6
      vertex 54.0353 55.9057 6
    endloop
  endfacet
  facet normal 0.513617 0.858019 0
    outer loop
      vertex 53.8198 56.0347 6
      vertex 54.0353 55.9057 5.4
      vertex 53.8198 56.0347 5.4
    endloop
  endfacet
  facet normal 0.626533 0.779395 -0
    outer loop
      vertex 54.2316 55.7479 5.4
      vertex 54.0353 55.9057 6
      vertex 54.2316 55.7479 6
    endloop
  endfacet
  facet normal 0.626533 0.779395 0
    outer loop
      vertex 54.0353 55.9057 6
      vertex 54.2316 55.7479 5.4
      vertex 54.0353 55.9057 5.4
    endloop
  endfacet
  facet normal 0.724776 0.688985 0
    outer loop
      vertex 54.4087 55.5616 6
      vertex 54.2316 55.7479 5.4
      vertex 54.2316 55.7479 6
    endloop
  endfacet
  facet normal 0.724776 0.688985 0
    outer loop
      vertex 54.2316 55.7479 5.4
      vertex 54.4087 55.5616 6
      vertex 54.4087 55.5616 5.4
    endloop
  endfacet
  facet normal 0.806126 0.591743 0
    outer loop
      vertex 54.5641 55.3499 6
      vertex 54.4087 55.5616 5.4
      vertex 54.4087 55.5616 6
    endloop
  endfacet
  facet normal 0.806126 0.591743 0
    outer loop
      vertex 54.4087 55.5616 5.4
      vertex 54.5641 55.3499 6
      vertex 54.5641 55.3499 5.4
    endloop
  endfacet
  facet normal 0.871236 0.490864 0
    outer loop
      vertex 54.6956 55.1165 6
      vertex 54.5641 55.3499 5.4
      vertex 54.5641 55.3499 6
    endloop
  endfacet
  facet normal 0.871236 0.490864 0
    outer loop
      vertex 54.5641 55.3499 5.4
      vertex 54.6956 55.1165 6
      vertex 54.6956 55.1165 5.4
    endloop
  endfacet
  facet normal 0.921316 0.388815 0
    outer loop
      vertex 54.8033 54.8613 6
      vertex 54.6956 55.1165 5.4
      vertex 54.6956 55.1165 6
    endloop
  endfacet
  facet normal 0.921316 0.388815 0
    outer loop
      vertex 54.6956 55.1165 5.4
      vertex 54.8033 54.8613 6
      vertex 54.8033 54.8613 5.4
    endloop
  endfacet
  facet normal 0.957283 0.289154 0
    outer loop
      vertex 54.887 54.5842 6
      vertex 54.8033 54.8613 5.4
      vertex 54.8033 54.8613 6
    endloop
  endfacet
  facet normal 0.957283 0.289154 0
    outer loop
      vertex 54.8033 54.8613 5.4
      vertex 54.887 54.5842 6
      vertex 54.887 54.5842 5.4
    endloop
  endfacet
  facet normal 0.980619 0.195927 0
    outer loop
      vertex 54.9467 54.2854 6
      vertex 54.887 54.5842 5.4
      vertex 54.887 54.5842 6
    endloop
  endfacet
  facet normal 0.980619 0.195927 0
    outer loop
      vertex 54.887 54.5842 5.4
      vertex 54.9467 54.2854 6
      vertex 54.9467 54.2854 5.4
    endloop
  endfacet
  facet normal 0.993793 0.111248 0
    outer loop
      vertex 54.9826 53.9647 6
      vertex 54.9467 54.2854 5.4
      vertex 54.9467 54.2854 6
    endloop
  endfacet
  facet normal 0.993793 0.111248 0
    outer loop
      vertex 54.9467 54.2854 5.4
      vertex 54.9826 53.9647 6
      vertex 54.9826 53.9647 5.4
    endloop
  endfacet
  facet normal 0.999387 0.035015 0
    outer loop
      vertex 54.9946 53.6222 6
      vertex 54.9826 53.9647 5.4
      vertex 54.9826 53.9647 6
    endloop
  endfacet
  facet normal 0.999387 0.035015 0
    outer loop
      vertex 54.9826 53.9647 5.4
      vertex 54.9946 53.6222 6
      vertex 54.9946 53.6222 5.4
    endloop
  endfacet
  facet normal 0.999449 -0.0331848 0
    outer loop
      vertex 54.9827 53.2638 6
      vertex 54.9946 53.6222 5.4
      vertex 54.9946 53.6222 6
    endloop
  endfacet
  facet normal 0.999449 -0.0331848 0
    outer loop
      vertex 54.9946 53.6222 5.4
      vertex 54.9827 53.2638 6
      vertex 54.9827 53.2638 5.4
    endloop
  endfacet
  facet normal 0.994343 -0.106218 0
    outer loop
      vertex 54.947 52.9296 6
      vertex 54.9827 53.2638 5.4
      vertex 54.9827 53.2638 6
    endloop
  endfacet
  facet normal 0.994343 -0.106218 0
    outer loop
      vertex 54.9827 53.2638 5.4
      vertex 54.947 52.9296 6
      vertex 54.947 52.9296 5.4
    endloop
  endfacet
  facet normal 0.982085 -0.188436 0
    outer loop
      vertex 54.8875 52.6195 6
      vertex 54.947 52.9296 5.4
      vertex 54.947 52.9296 6
    endloop
  endfacet
  facet normal 0.982085 -0.188436 0
    outer loop
      vertex 54.947 52.9296 5.4
      vertex 54.8875 52.6195 6
      vertex 54.8875 52.6195 5.4
    endloop
  endfacet
  facet normal 0.960105 -0.279639 0
    outer loop
      vertex 54.8042 52.3335 6
      vertex 54.8875 52.6195 5.4
      vertex 54.8875 52.6195 6
    endloop
  endfacet
  facet normal 0.960105 -0.279639 0
    outer loop
      vertex 54.8875 52.6195 5.4
      vertex 54.8042 52.3335 6
      vertex 54.8042 52.3335 5.4
    endloop
  endfacet
  facet normal 0.925423 -0.378936 0
    outer loop
      vertex 54.697 52.0717 6
      vertex 54.8042 52.3335 5.4
      vertex 54.8042 52.3335 6
    endloop
  endfacet
  facet normal 0.925423 -0.378936 0
    outer loop
      vertex 54.8042 52.3335 5.4
      vertex 54.697 52.0717 6
      vertex 54.697 52.0717 5.4
    endloop
  endfacet
  facet normal 0.876045 -0.48223 0
    outer loop
      vertex 54.5661 51.8339 6
      vertex 54.697 52.0717 5.4
      vertex 54.697 52.0717 6
    endloop
  endfacet
  facet normal 0.876045 -0.48223 0
    outer loop
      vertex 54.697 52.0717 5.4
      vertex 54.5661 51.8339 6
      vertex 54.5661 51.8339 5.4
    endloop
  endfacet
  facet normal 0.809768 -0.58675 0
    outer loop
      vertex 54.4114 51.6204 6
      vertex 54.5661 51.8339 5.4
      vertex 54.5661 51.8339 6
    endloop
  endfacet
  facet normal 0.809768 -0.58675 0
    outer loop
      vertex 54.5661 51.8339 5.4
      vertex 54.4114 51.6204 6
      vertex 54.4114 51.6204 5.4
    endloop
  endfacet
  facet normal 0.727024 -0.686612 0
    outer loop
      vertex 54.2347 51.4333 6
      vertex 54.4114 51.6204 5.4
      vertex 54.4114 51.6204 6
    endloop
  endfacet
  facet normal 0.727024 -0.686612 0
    outer loop
      vertex 54.4114 51.6204 5.4
      vertex 54.2347 51.4333 6
      vertex 54.2347 51.4333 5.4
    endloop
  endfacet
  facet normal 0.627396 -0.7787 0
    outer loop
      vertex 54.0381 51.2749 5.4
      vertex 54.2347 51.4333 6
      vertex 54.0381 51.2749 6
    endloop
  endfacet
  facet normal 0.627396 -0.7787 0
    outer loop
      vertex 54.2347 51.4333 6
      vertex 54.0381 51.2749 5.4
      vertex 54.2347 51.4333 5.4
    endloop
  endfacet
  facet normal 0.512806 -0.858505 0
    outer loop
      vertex 53.8213 51.1454 5.4
      vertex 54.0381 51.2749 6
      vertex 53.8213 51.1454 6
    endloop
  endfacet
  facet normal 0.512806 -0.858505 0
    outer loop
      vertex 54.0381 51.2749 6
      vertex 53.8213 51.1454 5.4
      vertex 54.0381 51.2749 5.4
    endloop
  endfacet
  facet normal 0.391667 -0.920107 0
    outer loop
      vertex 53.5845 51.0446 5.4
      vertex 53.8213 51.1454 6
      vertex 53.5845 51.0446 6
    endloop
  endfacet
  facet normal 0.391667 -0.920107 0
    outer loop
      vertex 53.8213 51.1454 6
      vertex 53.5845 51.0446 5.4
      vertex 53.8213 51.1454 5.4
    endloop
  endfacet
  facet normal 0.269616 -0.962968 0
    outer loop
      vertex 53.3277 50.9727 5.4
      vertex 53.5845 51.0446 6
      vertex 53.3277 50.9727 6
    endloop
  endfacet
  facet normal 0.269616 -0.962968 0
    outer loop
      vertex 53.5845 51.0446 6
      vertex 53.3277 50.9727 5.4
      vertex 53.5845 51.0446 5.4
    endloop
  endfacet
  facet normal 0.154203 -0.988039 0
    outer loop
      vertex 53.0509 50.9295 5.4
      vertex 53.3277 50.9727 6
      vertex 53.0509 50.9295 6
    endloop
  endfacet
  facet normal 0.154203 -0.988039 0
    outer loop
      vertex 53.3277 50.9727 6
      vertex 53.0509 50.9295 5.4
      vertex 53.3277 50.9727 5.4
    endloop
  endfacet
  facet normal 0.0484442 -0.998826 0
    outer loop
      vertex 52.754 50.9151 5.4
      vertex 53.0509 50.9295 6
      vertex 52.754 50.9151 6
    endloop
  endfacet
  facet normal 0.0484442 -0.998826 0
    outer loop
      vertex 53.0509 50.9295 6
      vertex 52.754 50.9151 5.4
      vertex 53.0509 50.9295 5.4
    endloop
  endfacet
  facet normal -0.0514816 -0.998674 0
    outer loop
      vertex 52.4669 50.9299 5.4
      vertex 52.754 50.9151 6
      vertex 52.4669 50.9299 6
    endloop
  endfacet
  facet normal -0.0514816 -0.998674 -0
    outer loop
      vertex 52.754 50.9151 6
      vertex 52.4669 50.9299 5.4
      vertex 52.754 50.9151 5.4
    endloop
  endfacet
  facet normal -0.0965984 0.995323 0
    outer loop
      vertex 22.4198 49.8115 5.4
      vertex 22.0602 49.7766 6
      vertex 22.4198 49.8115 6
    endloop
  endfacet
  facet normal -0.0965984 0.995323 0
    outer loop
      vertex 22.0602 49.7766 6
      vertex 22.4198 49.8115 5.4
      vertex 22.0602 49.7766 5.4
    endloop
  endfacet
  facet normal -0.170981 0.985274 0
    outer loop
      vertex 22.7546 49.8696 5.4
      vertex 22.4198 49.8115 6
      vertex 22.7546 49.8696 6
    endloop
  endfacet
  facet normal -0.170981 0.985274 0
    outer loop
      vertex 22.4198 49.8115 6
      vertex 22.7546 49.8696 5.4
      vertex 22.4198 49.8115 5.4
    endloop
  endfacet
  facet normal -0.253971 0.967212 0
    outer loop
      vertex 23.0646 49.951 5.4
      vertex 22.7546 49.8696 6
      vertex 23.0646 49.951 6
    endloop
  endfacet
  facet normal -0.253971 0.967212 0
    outer loop
      vertex 22.7546 49.8696 6
      vertex 23.0646 49.951 5.4
      vertex 22.7546 49.8696 5.4
    endloop
  endfacet
  facet normal -0.344332 0.938848 0
    outer loop
      vertex 23.3498 50.0556 5.4
      vertex 23.0646 49.951 6
      vertex 23.3498 50.0556 6
    endloop
  endfacet
  facet normal -0.344332 0.938848 0
    outer loop
      vertex 23.0646 49.951 6
      vertex 23.3498 50.0556 5.4
      vertex 23.0646 49.951 5.4
    endloop
  endfacet
  facet normal -0.44086 0.897576 0
    outer loop
      vertex 23.6102 50.1835 5.4
      vertex 23.3498 50.0556 6
      vertex 23.6102 50.1835 6
    endloop
  endfacet
  facet normal -0.44086 0.897576 0
    outer loop
      vertex 23.3498 50.0556 6
      vertex 23.6102 50.1835 5.4
      vertex 23.3498 50.0556 5.4
    endloop
  endfacet
  facet normal -0.539854 0.841758 0
    outer loop
      vertex 23.8458 50.3346 5.4
      vertex 23.6102 50.1835 6
      vertex 23.8458 50.3346 6
    endloop
  endfacet
  facet normal -0.539854 0.841758 0
    outer loop
      vertex 23.6102 50.1835 6
      vertex 23.8458 50.3346 5.4
      vertex 23.6102 50.1835 5.4
    endloop
  endfacet
  facet normal -0.639418 0.768859 0
    outer loop
      vertex 24.0531 50.507 5.4
      vertex 23.8458 50.3346 6
      vertex 24.0531 50.507 6
    endloop
  endfacet
  facet normal -0.639418 0.768859 0
    outer loop
      vertex 23.8458 50.3346 6
      vertex 24.0531 50.507 5.4
      vertex 23.8458 50.3346 5.4
    endloop
  endfacet
  facet normal -0.737969 0.674835 0
    outer loop
      vertex 24.0531 50.507 5.4
      vertex 24.2284 50.6987 6
      vertex 24.2284 50.6987 5.4
    endloop
  endfacet
  facet normal -0.737969 0.674835 0
    outer loop
      vertex 24.2284 50.6987 6
      vertex 24.0531 50.507 5.4
      vertex 24.0531 50.507 6
    endloop
  endfacet
  facet normal -0.826766 0.562546 0
    outer loop
      vertex 24.2284 50.6987 5.4
      vertex 24.3719 50.9096 6
      vertex 24.3719 50.9096 5.4
    endloop
  endfacet
  facet normal -0.826766 0.562546 0
    outer loop
      vertex 24.3719 50.9096 6
      vertex 24.2284 50.6987 5.4
      vertex 24.2284 50.6987 6
    endloop
  endfacet
  facet normal -0.899833 0.436235 0
    outer loop
      vertex 24.3719 50.9096 5.4
      vertex 24.4835 51.1398 6
      vertex 24.4835 51.1398 5.4
    endloop
  endfacet
  facet normal -0.899833 0.436235 0
    outer loop
      vertex 24.4835 51.1398 6
      vertex 24.3719 50.9096 5.4
      vertex 24.3719 50.9096 6
    endloop
  endfacet
  facet normal -0.952544 0.304402 0
    outer loop
      vertex 24.4835 51.1398 5.4
      vertex 24.5632 51.3892 6
      vertex 24.5632 51.3892 5.4
    endloop
  endfacet
  facet normal -0.952544 0.304402 0
    outer loop
      vertex 24.5632 51.3892 6
      vertex 24.4835 51.1398 5.4
      vertex 24.4835 51.1398 6
    endloop
  endfacet
  facet normal -0.98448 0.175499 0
    outer loop
      vertex 24.5632 51.3892 5.4
      vertex 24.6111 51.6579 6
      vertex 24.6111 51.6579 5.4
    endloop
  endfacet
  facet normal -0.98448 0.175499 0
    outer loop
      vertex 24.6111 51.6579 6
      vertex 24.5632 51.3892 5.4
      vertex 24.5632 51.3892 6
    endloop
  endfacet
  facet normal -0.998479 0.0551244 0
    outer loop
      vertex 24.6111 51.6579 5.4
      vertex 24.627 51.9459 6
      vertex 24.627 51.9459 5.4
    endloop
  endfacet
  facet normal -0.998479 0.0551244 0
    outer loop
      vertex 24.627 51.9459 6
      vertex 24.6111 51.6579 5.4
      vertex 24.6111 51.6579 6
    endloop
  endfacet
  facet normal -0.99896 -0.0455957 0
    outer loop
      vertex 24.627 51.9459 5.4
      vertex 24.6171 52.1628 6
      vertex 24.6171 52.1628 5.4
    endloop
  endfacet
  facet normal -0.99896 -0.0455957 0
    outer loop
      vertex 24.6171 52.1628 6
      vertex 24.627 51.9459 5.4
      vertex 24.627 51.9459 6
    endloop
  endfacet
  facet normal -0.989618 -0.143724 0
    outer loop
      vertex 24.6171 52.1628 5.4
      vertex 24.5874 52.3673 6
      vertex 24.5874 52.3673 5.4
    endloop
  endfacet
  facet normal -0.989618 -0.143724 0
    outer loop
      vertex 24.5874 52.3673 6
      vertex 24.6171 52.1628 5.4
      vertex 24.6171 52.1628 6
    endloop
  endfacet
  facet normal -0.968183 -0.250244 0
    outer loop
      vertex 24.5874 52.3673 5.4
      vertex 24.5378 52.5592 6
      vertex 24.5378 52.5592 5.4
    endloop
  endfacet
  facet normal -0.968183 -0.250244 0
    outer loop
      vertex 24.5378 52.5592 6
      vertex 24.5874 52.3673 5.4
      vertex 24.5874 52.3673 6
    endloop
  endfacet
  facet normal -0.932822 -0.360338 0
    outer loop
      vertex 24.5378 52.5592 5.4
      vertex 24.4685 52.7386 6
      vertex 24.4685 52.7386 5.4
    endloop
  endfacet
  facet normal -0.932822 -0.360338 0
    outer loop
      vertex 24.4685 52.7386 6
      vertex 24.5378 52.5592 5.4
      vertex 24.5378 52.5592 6
    endloop
  endfacet
  facet normal -0.881943 -0.471356 0
    outer loop
      vertex 24.4685 52.7386 5.4
      vertex 24.3793 52.9055 6
      vertex 24.3793 52.9055 5.4
    endloop
  endfacet
  facet normal -0.881943 -0.471356 0
    outer loop
      vertex 24.3793 52.9055 6
      vertex 24.4685 52.7386 5.4
      vertex 24.4685 52.7386 6
    endloop
  endfacet
  facet normal -0.816939 -0.576725 0
    outer loop
      vertex 24.3793 52.9055 5.4
      vertex 24.2703 53.0599 6
      vertex 24.2703 53.0599 5.4
    endloop
  endfacet
  facet normal -0.816939 -0.576725 0
    outer loop
      vertex 24.2703 53.0599 6
      vertex 24.3793 52.9055 5.4
      vertex 24.3793 52.9055 6
    endloop
  endfacet
  facet normal -0.740223 -0.672361 0
    outer loop
      vertex 24.2703 53.0599 5.4
      vertex 24.1415 53.2017 6
      vertex 24.1415 53.2017 5.4
    endloop
  endfacet
  facet normal -0.740223 -0.672361 0
    outer loop
      vertex 24.1415 53.2017 6
      vertex 24.2703 53.0599 5.4
      vertex 24.2703 53.0599 6
    endloop
  endfacet
  facet normal -0.655495 -0.7552 0
    outer loop
      vertex 23.9938 53.3299 5.4
      vertex 24.1415 53.2017 6
      vertex 23.9938 53.3299 6
    endloop
  endfacet
  facet normal -0.655495 -0.7552 -0
    outer loop
      vertex 24.1415 53.2017 6
      vertex 23.9938 53.3299 5.4
      vertex 24.1415 53.2017 5.4
    endloop
  endfacet
  facet normal -0.563862 -0.825869 0
    outer loop
      vertex 23.828 53.4431 5.4
      vertex 23.9938 53.3299 6
      vertex 23.828 53.4431 6
    endloop
  endfacet
  facet normal -0.563862 -0.825869 -0
    outer loop
      vertex 23.9938 53.3299 6
      vertex 23.828 53.4431 5.4
      vertex 23.9938 53.3299 5.4
    endloop
  endfacet
  facet normal -0.471409 -0.881914 0
    outer loop
      vertex 23.6441 53.5414 5.4
      vertex 23.828 53.4431 6
      vertex 23.6441 53.5414 6
    endloop
  endfacet
  facet normal -0.471409 -0.881914 -0
    outer loop
      vertex 23.828 53.4431 6
      vertex 23.6441 53.5414 5.4
      vertex 23.828 53.4431 5.4
    endloop
  endfacet
  facet normal -0.381395 -0.924412 0
    outer loop
      vertex 23.4422 53.6247 5.4
      vertex 23.6441 53.5414 6
      vertex 23.4422 53.6247 6
    endloop
  endfacet
  facet normal -0.381395 -0.924412 -0
    outer loop
      vertex 23.6441 53.5414 6
      vertex 23.4422 53.6247 5.4
      vertex 23.6441 53.5414 5.4
    endloop
  endfacet
  facet normal -0.296618 -0.954996 0
    outer loop
      vertex 23.2223 53.693 5.4
      vertex 23.4422 53.6247 6
      vertex 23.2223 53.693 6
    endloop
  endfacet
  facet normal -0.296618 -0.954996 -0
    outer loop
      vertex 23.4422 53.6247 6
      vertex 23.2223 53.693 5.4
      vertex 23.4422 53.6247 5.4
    endloop
  endfacet
  facet normal -0.218927 -0.975741 0
    outer loop
      vertex 22.9843 53.7464 5.4
      vertex 23.2223 53.693 6
      vertex 22.9843 53.7464 6
    endloop
  endfacet
  facet normal -0.218927 -0.975741 -0
    outer loop
      vertex 23.2223 53.693 6
      vertex 22.9843 53.7464 5.4
      vertex 23.2223 53.693 5.4
    endloop
  endfacet
  facet normal -0.148718 -0.98888 0
    outer loop
      vertex 22.7283 53.7849 5.4
      vertex 22.9843 53.7464 6
      vertex 22.7283 53.7849 6
    endloop
  endfacet
  facet normal -0.148718 -0.98888 -0
    outer loop
      vertex 22.9843 53.7464 6
      vertex 22.7283 53.7849 5.4
      vertex 22.9843 53.7464 5.4
    endloop
  endfacet
  facet normal -0.243097 0.970002 0
    outer loop
      vertex 22.9314 53.8358 5.4
      vertex 22.7283 53.7849 6
      vertex 22.9314 53.8358 6
    endloop
  endfacet
  facet normal -0.243097 0.970002 0
    outer loop
      vertex 22.7283 53.7849 6
      vertex 22.9314 53.8358 5.4
      vertex 22.7283 53.7849 5.4
    endloop
  endfacet
  facet normal -0.316834 0.948481 0
    outer loop
      vertex 23.1191 53.8985 5.4
      vertex 22.9314 53.8358 6
      vertex 23.1191 53.8985 6
    endloop
  endfacet
  facet normal -0.316834 0.948481 0
    outer loop
      vertex 22.9314 53.8358 6
      vertex 23.1191 53.8985 5.4
      vertex 22.9314 53.8358 5.4
    endloop
  endfacet
  facet normal -0.397323 0.917679 0
    outer loop
      vertex 23.2914 53.9731 5.4
      vertex 23.1191 53.8985 6
      vertex 23.2914 53.9731 6
    endloop
  endfacet
  facet normal -0.397323 0.917679 0
    outer loop
      vertex 23.1191 53.8985 6
      vertex 23.2914 53.9731 5.4
      vertex 23.1191 53.8985 5.4
    endloop
  endfacet
  facet normal -0.482369 0.875968 0
    outer loop
      vertex 23.4483 54.0595 5.4
      vertex 23.2914 53.9731 6
      vertex 23.4483 54.0595 6
    endloop
  endfacet
  facet normal -0.482369 0.875968 0
    outer loop
      vertex 23.2914 53.9731 6
      vertex 23.4483 54.0595 5.4
      vertex 23.2914 53.9731 5.4
    endloop
  endfacet
  facet normal -0.570265 0.821461 0
    outer loop
      vertex 23.5899 54.1578 5.4
      vertex 23.4483 54.0595 6
      vertex 23.5899 54.1578 6
    endloop
  endfacet
  facet normal -0.570265 0.821461 0
    outer loop
      vertex 23.4483 54.0595 6
      vertex 23.5899 54.1578 5.4
      vertex 23.4483 54.0595 5.4
    endloop
  endfacet
  facet normal -0.657701 0.753279 0
    outer loop
      vertex 23.716 54.2679 5.4
      vertex 23.5899 54.1578 6
      vertex 23.716 54.2679 6
    endloop
  endfacet
  facet normal -0.657701 0.753279 0
    outer loop
      vertex 23.5899 54.1578 6
      vertex 23.716 54.2679 5.4
      vertex 23.5899 54.1578 5.4
    endloop
  endfacet
  facet normal -0.739995 0.672612 0
    outer loop
      vertex 23.716 54.2679 5.4
      vertex 23.8268 54.3898 6
      vertex 23.8268 54.3898 5.4
    endloop
  endfacet
  facet normal -0.739995 0.672612 0
    outer loop
      vertex 23.8268 54.3898 6
      vertex 23.716 54.2679 5.4
      vertex 23.716 54.2679 6
    endloop
  endfacet
  facet normal -0.80961 0.586968 0
    outer loop
      vertex 23.8268 54.3898 5.4
      vertex 23.9225 54.5218 6
      vertex 23.9225 54.5218 5.4
    endloop
  endfacet
  facet normal -0.80961 0.586968 0
    outer loop
      vertex 23.9225 54.5218 6
      vertex 23.8268 54.3898 5.4
      vertex 23.8268 54.3898 6
    endloop
  endfacet
  facet normal -0.866186 0.499722 0
    outer loop
      vertex 23.9225 54.5218 5.4
      vertex 24.0035 54.6622 6
      vertex 24.0035 54.6622 5.4
    endloop
  endfacet
  facet normal -0.866186 0.499722 0
    outer loop
      vertex 24.0035 54.6622 6
      vertex 23.9225 54.5218 5.4
      vertex 23.9225 54.5218 6
    endloop
  endfacet
  facet normal -0.913228 0.40745 0
    outer loop
      vertex 24.0035 54.6622 5.4
      vertex 24.0698 54.8108 6
      vertex 24.0698 54.8108 5.4
    endloop
  endfacet
  facet normal -0.913228 0.40745 0
    outer loop
      vertex 24.0698 54.8108 6
      vertex 24.0035 54.6622 5.4
      vertex 24.0035 54.6622 6
    endloop
  endfacet
  facet normal -0.950127 0.311864 0
    outer loop
      vertex 24.0698 54.8108 5.4
      vertex 24.1213 54.9677 6
      vertex 24.1213 54.9677 5.4
    endloop
  endfacet
  facet normal -0.950127 0.311864 0
    outer loop
      vertex 24.1213 54.9677 6
      vertex 24.0698 54.8108 5.4
      vertex 24.0698 54.8108 6
    endloop
  endfacet
  facet normal -0.976104 0.217306 0
    outer loop
      vertex 24.1213 54.9677 5.4
      vertex 24.1581 55.133 6
      vertex 24.1581 55.133 5.4
    endloop
  endfacet
  facet normal -0.976104 0.217306 0
    outer loop
      vertex 24.1581 55.133 6
      vertex 24.1213 54.9677 5.4
      vertex 24.1213 54.9677 6
    endloop
  endfacet
  facet normal -0.991985 0.126357 0
    outer loop
      vertex 24.1581 55.133 5.4
      vertex 24.1802 55.3065 6
      vertex 24.1802 55.3065 5.4
    endloop
  endfacet
  facet normal -0.991985 0.126357 0
    outer loop
      vertex 24.1802 55.3065 6
      vertex 24.1581 55.133 5.4
      vertex 24.1581 55.133 6
    endloop
  endfacet
  facet normal -0.999174 0.0406481 0
    outer loop
      vertex 24.1802 55.3065 5.4
      vertex 24.1876 55.4884 6
      vertex 24.1876 55.4884 5.4
    endloop
  endfacet
  facet normal -0.999174 0.0406481 0
    outer loop
      vertex 24.1876 55.4884 6
      vertex 24.1802 55.3065 5.4
      vertex 24.1802 55.3065 6
    endloop
  endfacet
  facet normal -0.998426 -0.0560828 0
    outer loop
      vertex 24.1876 55.4884 5.4
      vertex 24.1729 55.7501 6
      vertex 24.1729 55.7501 5.4
    endloop
  endfacet
  facet normal -0.998426 -0.0560828 0
    outer loop
      vertex 24.1729 55.7501 6
      vertex 24.1876 55.4884 5.4
      vertex 24.1876 55.4884 6
    endloop
  endfacet
  facet normal -0.983986 -0.178244 0
    outer loop
      vertex 24.1729 55.7501 5.4
      vertex 24.1289 55.993 6
      vertex 24.1289 55.993 5.4
    endloop
  endfacet
  facet normal -0.983986 -0.178244 0
    outer loop
      vertex 24.1289 55.993 6
      vertex 24.1729 55.7501 5.4
      vertex 24.1729 55.7501 6
    endloop
  endfacet
  facet normal -0.950367 -0.31113 0
    outer loop
      vertex 24.1289 55.993 5.4
      vertex 24.0556 56.2169 6
      vertex 24.0556 56.2169 5.4
    endloop
  endfacet
  facet normal -0.950367 -0.31113 0
    outer loop
      vertex 24.0556 56.2169 6
      vertex 24.1289 55.993 5.4
      vertex 24.1289 55.993 6
    endloop
  endfacet
  facet normal -0.894078 -0.447911 0
    outer loop
      vertex 24.0556 56.2169 5.4
      vertex 23.9529 56.4219 6
      vertex 23.9529 56.4219 5.4
    endloop
  endfacet
  facet normal -0.894078 -0.447911 0
    outer loop
      vertex 23.9529 56.4219 6
      vertex 24.0556 56.2169 5.4
      vertex 24.0556 56.2169 6
    endloop
  endfacet
  facet normal -0.8153 -0.579038 0
    outer loop
      vertex 23.9529 56.4219 5.4
      vertex 23.8208 56.6079 6
      vertex 23.8208 56.6079 5.4
    endloop
  endfacet
  facet normal -0.8153 -0.579038 0
    outer loop
      vertex 23.8208 56.6079 6
      vertex 23.9529 56.4219 5.4
      vertex 23.9529 56.4219 6
    endloop
  endfacet
  facet normal -0.719483 -0.69451 0
    outer loop
      vertex 23.8208 56.6079 5.4
      vertex 23.6595 56.775 6
      vertex 23.6595 56.775 5.4
    endloop
  endfacet
  facet normal -0.719483 -0.69451 0
    outer loop
      vertex 23.6595 56.775 6
      vertex 23.8208 56.6079 5.4
      vertex 23.8208 56.6079 6
    endloop
  endfacet
  facet normal -0.613625 -0.789597 0
    outer loop
      vertex 23.4688 56.9232 5.4
      vertex 23.6595 56.775 6
      vertex 23.4688 56.9232 6
    endloop
  endfacet
  facet normal -0.613625 -0.789597 -0
    outer loop
      vertex 23.6595 56.775 6
      vertex 23.4688 56.9232 5.4
      vertex 23.6595 56.775 5.4
    endloop
  endfacet
  facet normal -0.506728 -0.862106 0
    outer loop
      vertex 23.2495 57.0521 5.4
      vertex 23.4688 56.9232 6
      vertex 23.2495 57.0521 6
    endloop
  endfacet
  facet normal -0.506728 -0.862106 -0
    outer loop
      vertex 23.4688 56.9232 6
      vertex 23.2495 57.0521 5.4
      vertex 23.4688 56.9232 5.4
    endloop
  endfacet
  facet normal -0.403731 -0.914878 0
    outer loop
      vertex 23.0025 57.1611 5.4
      vertex 23.2495 57.0521 6
      vertex 23.0025 57.1611 6
    endloop
  endfacet
  facet normal -0.403731 -0.914878 -0
    outer loop
      vertex 23.2495 57.0521 6
      vertex 23.0025 57.1611 5.4
      vertex 23.2495 57.0521 5.4
    endloop
  endfacet
  facet normal -0.30864 -0.951179 0
    outer loop
      vertex 22.7276 57.2503 5.4
      vertex 23.0025 57.1611 6
      vertex 22.7276 57.2503 6
    endloop
  endfacet
  facet normal -0.30864 -0.951179 -0
    outer loop
      vertex 23.0025 57.1611 6
      vertex 22.7276 57.2503 5.4
      vertex 23.0025 57.1611 5.4
    endloop
  endfacet
  facet normal -0.223236 -0.974764 0
    outer loop
      vertex 22.425 57.3196 5.4
      vertex 22.7276 57.2503 6
      vertex 22.425 57.3196 6
    endloop
  endfacet
  facet normal -0.223236 -0.974764 -0
    outer loop
      vertex 22.7276 57.2503 6
      vertex 22.425 57.3196 5.4
      vertex 22.7276 57.2503 5.4
    endloop
  endfacet
  facet normal -0.148414 -0.988925 0
    outer loop
      vertex 22.0945 57.3692 5.4
      vertex 22.425 57.3196 6
      vertex 22.0945 57.3692 6
    endloop
  endfacet
  facet normal -0.148414 -0.988925 -0
    outer loop
      vertex 22.425 57.3196 6
      vertex 22.0945 57.3692 5.4
      vertex 22.425 57.3196 5.4
    endloop
  endfacet
  facet normal -0.082631 -0.99658 0
    outer loop
      vertex 21.7363 57.3989 5.4
      vertex 22.0945 57.3692 6
      vertex 21.7363 57.3989 6
    endloop
  endfacet
  facet normal -0.082631 -0.99658 -0
    outer loop
      vertex 22.0945 57.3692 6
      vertex 21.7363 57.3989 5.4
      vertex 22.0945 57.3692 5.4
    endloop
  endfacet
  facet normal -0.0256392 -0.999671 0
    outer loop
      vertex 21.3503 57.4088 5.4
      vertex 21.7363 57.3989 6
      vertex 21.3503 57.4088 6
    endloop
  endfacet
  facet normal -0.0256392 -0.999671 -0
    outer loop
      vertex 21.7363 57.3989 6
      vertex 21.3503 57.4088 5.4
      vertex 21.7363 57.3989 5.4
    endloop
  endfacet
  facet normal 0 -1 0
    outer loop
      vertex 17.8512 57.4088 5.4
      vertex 21.3503 57.4088 6
      vertex 17.8512 57.4088 6
    endloop
  endfacet
  facet normal 0 -1 -0
    outer loop
      vertex 21.3503 57.4088 6
      vertex 17.8512 57.4088 5.4
      vertex 21.3503 57.4088 5.4
    endloop
  endfacet
  facet normal 1 -0 0
    outer loop
      vertex 17.8512 49.765 6
      vertex 17.8512 57.4088 5.4
      vertex 17.8512 57.4088 6
    endloop
  endfacet
  facet normal 1 0 0
    outer loop
      vertex 17.8512 57.4088 5.4
      vertex 17.8512 49.765 6
      vertex 17.8512 49.765 5.4
    endloop
  endfacet
  facet normal 0 1 -0
    outer loop
      vertex 21.6758 49.765 5.4
      vertex 17.8512 49.765 6
      vertex 21.6758 49.765 6
    endloop
  endfacet
  facet normal 0 1 0
    outer loop
      vertex 17.8512 49.765 6
      vertex 21.6758 49.765 5.4
      vertex 17.8512 49.765 5.4
    endloop
  endfacet
  facet normal -0.0301632 0.999545 0
    outer loop
      vertex 22.0602 49.7766 5.4
      vertex 21.6758 49.765 6
      vertex 22.0602 49.7766 6
    endloop
  endfacet
  facet normal -0.0301632 0.999545 0
    outer loop
      vertex 21.6758 49.765 6
      vertex 22.0602 49.7766 5.4
      vertex 21.6758 49.765 5.4
    endloop
  endfacet
  facet normal -1 0 0
    outer loop
      vertex 19.4516 54.3274 5.4
      vertex 19.4516 56.2207 6
      vertex 19.4516 56.2207 5.4
    endloop
  endfacet
  facet normal -1 -0 0
    outer loop
      vertex 19.4516 56.2207 6
      vertex 19.4516 54.3274 5.4
      vertex 19.4516 54.3274 6
    endloop
  endfacet
  facet normal 0 1 -0
    outer loop
      vertex 21.2744 56.2207 5.4
      vertex 19.4516 56.2207 6
      vertex 21.2744 56.2207 6
    endloop
  endfacet
  facet normal 0 1 0
    outer loop
      vertex 19.4516 56.2207 6
      vertex 21.2744 56.2207 5.4
      vertex 19.4516 56.2207 5.4
    endloop
  endfacet
  facet normal 0.0247116 0.999695 -0
    outer loop
      vertex 21.4524 56.2163 5.4
      vertex 21.2744 56.2207 6
      vertex 21.4524 56.2163 6
    endloop
  endfacet
  facet normal 0.0247116 0.999695 0
    outer loop
      vertex 21.2744 56.2207 6
      vertex 21.4524 56.2163 5.4
      vertex 21.2744 56.2207 5.4
    endloop
  endfacet
  facet normal 0.0803455 0.996767 -0
    outer loop
      vertex 21.6174 56.203 5.4
      vertex 21.4524 56.2163 6
      vertex 21.6174 56.203 6
    endloop
  endfacet
  facet normal 0.0803455 0.996767 0
    outer loop
      vertex 21.4524 56.2163 6
      vertex 21.6174 56.203 5.4
      vertex 21.4524 56.2163 5.4
    endloop
  endfacet
  facet normal 0.143882 0.989595 -0
    outer loop
      vertex 21.7694 56.1809 5.4
      vertex 21.6174 56.203 6
      vertex 21.7694 56.1809 6
    endloop
  endfacet
  facet normal 0.143882 0.989595 0
    outer loop
      vertex 21.6174 56.203 6
      vertex 21.7694 56.1809 5.4
      vertex 21.6174 56.203 5.4
    endloop
  endfacet
  facet normal 0.217376 0.976088 -0
    outer loop
      vertex 21.9086 56.1499 5.4
      vertex 21.7694 56.1809 6
      vertex 21.9086 56.1499 6
    endloop
  endfacet
  facet normal 0.217376 0.976088 0
    outer loop
      vertex 21.7694 56.1809 6
      vertex 21.9086 56.1499 5.4
      vertex 21.7694 56.1809 5.4
    endloop
  endfacet
  facet normal 0.301674 0.953411 -0
    outer loop
      vertex 22.0347 56.11 5.4
      vertex 21.9086 56.1499 6
      vertex 22.0347 56.11 6
    endloop
  endfacet
  facet normal 0.301674 0.953411 0
    outer loop
      vertex 21.9086 56.1499 6
      vertex 22.0347 56.11 5.4
      vertex 21.9086 56.1499 5.4
    endloop
  endfacet
  facet normal 0.395192 0.918598 -0
    outer loop
      vertex 22.1479 56.0613 5.4
      vertex 22.0347 56.11 6
      vertex 22.1479 56.0613 6
    endloop
  endfacet
  facet normal 0.395192 0.918598 0
    outer loop
      vertex 22.0347 56.11 6
      vertex 22.1479 56.0613 5.4
      vertex 22.0347 56.11 5.4
    endloop
  endfacet
  facet normal 0.498374 0.866962 -0
    outer loop
      vertex 22.2481 56.0037 5.4
      vertex 22.1479 56.0613 6
      vertex 22.2481 56.0037 6
    endloop
  endfacet
  facet normal 0.498374 0.866962 0
    outer loop
      vertex 22.1479 56.0613 6
      vertex 22.2481 56.0037 5.4
      vertex 22.1479 56.0613 5.4
    endloop
  endfacet
  facet normal 0.615942 0.787791 -0
    outer loop
      vertex 22.3352 55.9356 5.4
      vertex 22.2481 56.0037 6
      vertex 22.3352 55.9356 6
    endloop
  endfacet
  facet normal 0.615942 0.787791 0
    outer loop
      vertex 22.2481 56.0037 6
      vertex 22.3352 55.9356 5.4
      vertex 22.2481 56.0037 5.4
    endloop
  endfacet
  facet normal 0.736315 0.676639 0
    outer loop
      vertex 22.4089 55.8554 6
      vertex 22.3352 55.9356 5.4
      vertex 22.3352 55.9356 6
    endloop
  endfacet
  facet normal 0.736315 0.676639 0
    outer loop
      vertex 22.3352 55.9356 5.4
      vertex 22.4089 55.8554 6
      vertex 22.4089 55.8554 5.4
    endloop
  endfacet
  facet normal 0.837719 0.546102 0
    outer loop
      vertex 22.4692 55.7629 6
      vertex 22.4089 55.8554 5.4
      vertex 22.4089 55.8554 6
    endloop
  endfacet
  facet normal 0.837719 0.546102 0
    outer loop
      vertex 22.4089 55.8554 5.4
      vertex 22.4692 55.7629 6
      vertex 22.4692 55.7629 5.4
    endloop
  endfacet
  facet normal 0.912476 0.409131 0
    outer loop
      vertex 22.5161 55.6583 6
      vertex 22.4692 55.7629 5.4
      vertex 22.4692 55.7629 6
    endloop
  endfacet
  facet normal 0.912476 0.409131 0
    outer loop
      vertex 22.4692 55.7629 5.4
      vertex 22.5161 55.6583 6
      vertex 22.5161 55.6583 5.4
    endloop
  endfacet
  facet normal 0.961244 0.275699 0
    outer loop
      vertex 22.5496 55.5415 6
      vertex 22.5161 55.6583 5.4
      vertex 22.5161 55.6583 6
    endloop
  endfacet
  facet normal 0.961244 0.275699 0
    outer loop
      vertex 22.5161 55.6583 5.4
      vertex 22.5496 55.5415 6
      vertex 22.5496 55.5415 5.4
    endloop
  endfacet
  facet normal 0.988059 0.154073 0
    outer loop
      vertex 22.5697 55.4126 6
      vertex 22.5496 55.5415 5.4
      vertex 22.5496 55.5415 6
    endloop
  endfacet
  facet normal 0.988059 0.154073 0
    outer loop
      vertex 22.5496 55.5415 5.4
      vertex 22.5697 55.4126 6
      vertex 22.5697 55.4126 5.4
    endloop
  endfacet
  facet normal 0.998876 0.0473971 0
    outer loop
      vertex 22.5764 55.2714 6
      vertex 22.5697 55.4126 5.4
      vertex 22.5697 55.4126 6
    endloop
  endfacet
  facet normal 0.998876 0.0473971 0
    outer loop
      vertex 22.5697 55.4126 5.4
      vertex 22.5764 55.2714 6
      vertex 22.5764 55.2714 5.4
    endloop
  endfacet
  facet normal 0.998828 -0.0484047 0
    outer loop
      vertex 22.5701 55.1414 6
      vertex 22.5764 55.2714 5.4
      vertex 22.5764 55.2714 6
    endloop
  endfacet
  facet normal 0.998828 -0.0484047 0
    outer loop
      vertex 22.5764 55.2714 5.4
      vertex 22.5701 55.1414 6
      vertex 22.5701 55.1414 5.4
    endloop
  endfacet
  facet normal 0.988028 -0.154277 0
    outer loop
      vertex 22.5513 55.021 6
      vertex 22.5701 55.1414 5.4
      vertex 22.5701 55.1414 6
    endloop
  endfacet
  facet normal 0.988028 -0.154277 0
    outer loop
      vertex 22.5701 55.1414 5.4
      vertex 22.5513 55.021 6
      vertex 22.5513 55.021 5.4
    endloop
  endfacet
  facet normal 0.962566 -0.271047 0
    outer loop
      vertex 22.5201 54.9102 6
      vertex 22.5513 55.021 5.4
      vertex 22.5513 55.021 6
    endloop
  endfacet
  facet normal 0.962566 -0.271047 0
    outer loop
      vertex 22.5513 55.021 5.4
      vertex 22.5201 54.9102 6
      vertex 22.5201 54.9102 5.4
    endloop
  endfacet
  facet normal 0.917732 -0.3972 0
    outer loop
      vertex 22.4763 54.809 6
      vertex 22.5201 54.9102 5.4
      vertex 22.5201 54.9102 6
    endloop
  endfacet
  facet normal 0.917732 -0.3972 0
    outer loop
      vertex 22.5201 54.9102 5.4
      vertex 22.4763 54.809 6
      vertex 22.4763 54.809 5.4
    endloop
  endfacet
  facet normal 0.85169 -0.524045 0
    outer loop
      vertex 22.42 54.7175 6
      vertex 22.4763 54.809 5.4
      vertex 22.4763 54.809 6
    endloop
  endfacet
  facet normal 0.85169 -0.524045 0
    outer loop
      vertex 22.4763 54.809 5.4
      vertex 22.42 54.7175 6
      vertex 22.42 54.7175 5.4
    endloop
  endfacet
  facet normal 0.765686 -0.643214 0
    outer loop
      vertex 22.3512 54.6356 6
      vertex 22.42 54.7175 5.4
      vertex 22.42 54.7175 6
    endloop
  endfacet
  facet normal 0.765686 -0.643214 0
    outer loop
      vertex 22.42 54.7175 5.4
      vertex 22.3512 54.6356 6
      vertex 22.3512 54.6356 5.4
    endloop
  endfacet
  facet normal 0.663565 -0.748119 0
    outer loop
      vertex 22.2698 54.5634 5.4
      vertex 22.3512 54.6356 6
      vertex 22.2698 54.5634 6
    endloop
  endfacet
  facet normal 0.663565 -0.748119 0
    outer loop
      vertex 22.3512 54.6356 6
      vertex 22.2698 54.5634 5.4
      vertex 22.3512 54.6356 5.4
    endloop
  endfacet
  facet normal 0.549826 -0.835279 0
    outer loop
      vertex 22.1747 54.5008 5.4
      vertex 22.2698 54.5634 6
      vertex 22.1747 54.5008 6
    endloop
  endfacet
  facet normal 0.549826 -0.835279 0
    outer loop
      vertex 22.2698 54.5634 6
      vertex 22.1747 54.5008 5.4
      vertex 22.2698 54.5634 5.4
    endloop
  endfacet
  facet normal 0.432784 -0.901498 0
    outer loop
      vertex 22.0643 54.4478 5.4
      vertex 22.1747 54.5008 6
      vertex 22.0643 54.4478 6
    endloop
  endfacet
  facet normal 0.432784 -0.901498 0
    outer loop
      vertex 22.1747 54.5008 6
      vertex 22.0643 54.4478 5.4
      vertex 22.1747 54.5008 5.4
    endloop
  endfacet
  facet normal 0.327059 -0.945004 0
    outer loop
      vertex 21.9389 54.4044 5.4
      vertex 22.0643 54.4478 6
      vertex 21.9389 54.4044 6
    endloop
  endfacet
  facet normal 0.327059 -0.945004 0
    outer loop
      vertex 22.0643 54.4478 6
      vertex 21.9389 54.4044 5.4
      vertex 22.0643 54.4478 5.4
    endloop
  endfacet
  facet normal 0.232929 -0.972494 0
    outer loop
      vertex 21.7982 54.3707 5.4
      vertex 21.9389 54.4044 6
      vertex 21.7982 54.3707 6
    endloop
  endfacet
  facet normal 0.232929 -0.972494 0
    outer loop
      vertex 21.9389 54.4044 6
      vertex 21.7982 54.3707 5.4
      vertex 21.9389 54.4044 5.4
    endloop
  endfacet
  facet normal 0.152248 -0.988342 0
    outer loop
      vertex 21.6424 54.3467 5.4
      vertex 21.7982 54.3707 6
      vertex 21.6424 54.3467 6
    endloop
  endfacet
  facet normal 0.152248 -0.988342 0
    outer loop
      vertex 21.7982 54.3707 6
      vertex 21.6424 54.3467 5.4
      vertex 21.7982 54.3707 5.4
    endloop
  endfacet
  facet normal 0.0844921 -0.996424 0
    outer loop
      vertex 21.4714 54.3322 5.4
      vertex 21.6424 54.3467 6
      vertex 21.4714 54.3322 6
    endloop
  endfacet
  facet normal 0.0844921 -0.996424 0
    outer loop
      vertex 21.6424 54.3467 6
      vertex 21.4714 54.3322 5.4
      vertex 21.6424 54.3467 5.4
    endloop
  endfacet
  facet normal 0.025784 -0.999668 0
    outer loop
      vertex 21.2853 54.3274 5.4
      vertex 21.4714 54.3322 6
      vertex 21.2853 54.3274 6
    endloop
  endfacet
  facet normal 0.025784 -0.999668 0
    outer loop
      vertex 21.4714 54.3322 6
      vertex 21.2853 54.3274 5.4
      vertex 21.4714 54.3322 5.4
    endloop
  endfacet
  facet normal 0 -1 0
    outer loop
      vertex 19.4516 54.3274 5.4
      vertex 21.2853 54.3274 6
      vertex 19.4516 54.3274 6
    endloop
  endfacet
  facet normal 0 -1 -0
    outer loop
      vertex 21.2853 54.3274 6
      vertex 19.4516 54.3274 5.4
      vertex 21.2853 54.3274 5.4
    endloop
  endfacet
  facet normal -1 0 0
    outer loop
      vertex 19.4516 50.9531 5.4
      vertex 19.4516 53.1448 6
      vertex 19.4516 53.1448 5.4
    endloop
  endfacet
  facet normal -1 -0 0
    outer loop
      vertex 19.4516 53.1448 6
      vertex 19.4516 50.9531 5.4
      vertex 19.4516 50.9531 6
    endloop
  endfacet
  facet normal 0 1 -0
    outer loop
      vertex 21.4805 53.1448 5.4
      vertex 19.4516 53.1448 6
      vertex 21.4805 53.1448 6
    endloop
  endfacet
  facet normal 0 1 0
    outer loop
      vertex 19.4516 53.1448 6
      vertex 21.4805 53.1448 5.4
      vertex 19.4516 53.1448 5.4
    endloop
  endfacet
  facet normal 0.0537383 0.998555 -0
    outer loop
      vertex 21.8893 53.1228 5.4
      vertex 21.4805 53.1448 6
      vertex 21.8893 53.1228 6
    endloop
  endfacet
  facet normal 0.0537383 0.998555 0
    outer loop
      vertex 21.4805 53.1448 6
      vertex 21.8893 53.1228 5.4
      vertex 21.4805 53.1448 5.4
    endloop
  endfacet
  facet normal 0.186603 0.982435 -0
    outer loop
      vertex 22.2352 53.0571 5.4
      vertex 21.8893 53.1228 6
      vertex 22.2352 53.0571 6
    endloop
  endfacet
  facet normal 0.186603 0.982435 0
    outer loop
      vertex 21.8893 53.1228 6
      vertex 22.2352 53.0571 5.4
      vertex 21.8893 53.1228 5.4
    endloop
  endfacet
  facet normal 0.361142 0.932511 -0
    outer loop
      vertex 22.5182 52.9475 5.4
      vertex 22.2352 53.0571 6
      vertex 22.5182 52.9475 6
    endloop
  endfacet
  facet normal 0.361142 0.932511 0
    outer loop
      vertex 22.2352 53.0571 6
      vertex 22.5182 52.9475 5.4
      vertex 22.2352 53.0571 5.4
    endloop
  endfacet
  facet normal 0.572036 0.820229 -0
    outer loop
      vertex 22.7383 52.794 5.4
      vertex 22.5182 52.9475 6
      vertex 22.7383 52.794 6
    endloop
  endfacet
  facet normal 0.572036 0.820229 0
    outer loop
      vertex 22.5182 52.9475 6
      vertex 22.7383 52.794 5.4
      vertex 22.5182 52.9475 5.4
    endloop
  endfacet
  facet normal 0.782105 0.623147 0
    outer loop
      vertex 22.8955 52.5967 6
      vertex 22.7383 52.794 5.4
      vertex 22.7383 52.794 6
    endloop
  endfacet
  facet normal 0.782105 0.623147 0
    outer loop
      vertex 22.7383 52.794 5.4
      vertex 22.8955 52.5967 6
      vertex 22.8955 52.5967 5.4
    endloop
  endfacet
  facet normal 0.9313 0.364254 0
    outer loop
      vertex 22.9898 52.3556 6
      vertex 22.8955 52.5967 5.4
      vertex 22.8955 52.5967 6
    endloop
  endfacet
  facet normal 0.9313 0.364254 0
    outer loop
      vertex 22.8955 52.5967 5.4
      vertex 22.9898 52.3556 6
      vertex 22.9898 52.3556 5.4
    endloop
  endfacet
  facet normal 0.993947 0.109857 0
    outer loop
      vertex 23.0213 52.0706 6
      vertex 22.9898 52.3556 5.4
      vertex 22.9898 52.3556 6
    endloop
  endfacet
  facet normal 0.993947 0.109857 0
    outer loop
      vertex 22.9898 52.3556 5.4
      vertex 23.0213 52.0706 6
      vertex 23.0213 52.0706 5.4
    endloop
  endfacet
  facet normal 0.998877 -0.0473801 0
    outer loop
      vertex 23.014 51.9167 6
      vertex 23.0213 52.0706 5.4
      vertex 23.0213 52.0706 6
    endloop
  endfacet
  facet normal 0.998877 -0.0473801 0
    outer loop
      vertex 23.0213 52.0706 5.4
      vertex 23.014 51.9167 6
      vertex 23.014 51.9167 5.4
    endloop
  endfacet
  facet normal 0.988516 -0.151119 0
    outer loop
      vertex 22.9922 51.7741 6
      vertex 23.014 51.9167 5.4
      vertex 23.014 51.9167 6
    endloop
  endfacet
  facet normal 0.988516 -0.151119 0
    outer loop
      vertex 23.014 51.9167 5.4
      vertex 22.9922 51.7741 6
      vertex 22.9922 51.7741 5.4
    endloop
  endfacet
  facet normal 0.963928 -0.266165 0
    outer loop
      vertex 22.956 51.643 6
      vertex 22.9922 51.7741 5.4
      vertex 22.9922 51.7741 6
    endloop
  endfacet
  facet normal 0.963928 -0.266165 0
    outer loop
      vertex 22.9922 51.7741 5.4
      vertex 22.956 51.643 6
      vertex 22.956 51.643 5.4
    endloop
  endfacet
  facet normal 0.920532 -0.390668 0
    outer loop
      vertex 22.9052 51.5233 6
      vertex 22.956 51.643 5.4
      vertex 22.956 51.643 6
    endloop
  endfacet
  facet normal 0.920532 -0.390668 0
    outer loop
      vertex 22.956 51.643 5.4
      vertex 22.9052 51.5233 6
      vertex 22.9052 51.5233 5.4
    endloop
  endfacet
  facet normal 0.856934 -0.515425 0
    outer loop
      vertex 22.84 51.4149 6
      vertex 22.9052 51.5233 5.4
      vertex 22.9052 51.5233 6
    endloop
  endfacet
  facet normal 0.856934 -0.515425 0
    outer loop
      vertex 22.9052 51.5233 5.4
      vertex 22.84 51.4149 6
      vertex 22.84 51.4149 5.4
    endloop
  endfacet
  facet normal 0.77193 -0.635707 0
    outer loop
      vertex 22.7602 51.318 6
      vertex 22.84 51.4149 5.4
      vertex 22.84 51.4149 6
    endloop
  endfacet
  facet normal 0.77193 -0.635707 0
    outer loop
      vertex 22.84 51.4149 5.4
      vertex 22.7602 51.318 6
      vertex 22.7602 51.318 5.4
    endloop
  endfacet
  facet normal 0.671695 -0.740828 0
    outer loop
      vertex 22.6659 51.2325 5.4
      vertex 22.7602 51.318 6
      vertex 22.6659 51.2325 6
    endloop
  endfacet
  facet normal 0.671695 -0.740828 0
    outer loop
      vertex 22.7602 51.318 6
      vertex 22.6659 51.2325 5.4
      vertex 22.7602 51.318 5.4
    endloop
  endfacet
  facet normal 0.559214 -0.829023 0
    outer loop
      vertex 22.5559 51.1583 5.4
      vertex 22.6659 51.2325 6
      vertex 22.5559 51.1583 6
    endloop
  endfacet
  facet normal 0.559214 -0.829023 0
    outer loop
      vertex 22.6659 51.2325 6
      vertex 22.5559 51.1583 5.4
      vertex 22.6659 51.2325 5.4
    endloop
  endfacet
  facet normal 0.44297 -0.896537 0
    outer loop
      vertex 22.429 51.0956 5.4
      vertex 22.5559 51.1583 6
      vertex 22.429 51.0956 6
    endloop
  endfacet
  facet normal 0.44297 -0.896537 0
    outer loop
      vertex 22.5559 51.1583 6
      vertex 22.429 51.0956 5.4
      vertex 22.5559 51.1583 5.4
    endloop
  endfacet
  facet normal 0.335797 -0.941934 0
    outer loop
      vertex 22.2851 51.0443 5.4
      vertex 22.429 51.0956 6
      vertex 22.2851 51.0443 6
    endloop
  endfacet
  facet normal 0.335797 -0.941934 0
    outer loop
      vertex 22.429 51.0956 6
      vertex 22.2851 51.0443 5.4
      vertex 22.429 51.0956 5.4
    endloop
  endfacet
  facet normal 0.240831 -0.970567 0
    outer loop
      vertex 22.1243 51.0044 5.4
      vertex 22.2851 51.0443 6
      vertex 22.1243 51.0044 6
    endloop
  endfacet
  facet normal 0.240831 -0.970567 0
    outer loop
      vertex 22.2851 51.0443 6
      vertex 22.1243 51.0044 5.4
      vertex 22.2851 51.0443 5.4
    endloop
  endfacet
  facet normal 0.158272 -0.987396 0
    outer loop
      vertex 21.9465 50.9759 5.4
      vertex 22.1243 51.0044 6
      vertex 21.9465 50.9759 6
    endloop
  endfacet
  facet normal 0.158272 -0.987396 0
    outer loop
      vertex 22.1243 51.0044 6
      vertex 21.9465 50.9759 5.4
      vertex 22.1243 51.0044 5.4
    endloop
  endfacet
  facet normal 0.0874906 -0.996165 0
    outer loop
      vertex 21.7518 50.9588 5.4
      vertex 21.9465 50.9759 6
      vertex 21.7518 50.9588 6
    endloop
  endfacet
  facet normal 0.0874906 -0.996165 0
    outer loop
      vertex 21.9465 50.9759 6
      vertex 21.7518 50.9588 5.4
      vertex 21.9465 50.9759 5.4
    endloop
  endfacet
  facet normal 0.0269279 -0.999637 0
    outer loop
      vertex 21.5402 50.9531 5.4
      vertex 21.7518 50.9588 6
      vertex 21.5402 50.9531 6
    endloop
  endfacet
  facet normal 0.0269279 -0.999637 0
    outer loop
      vertex 21.7518 50.9588 6
      vertex 21.5402 50.9531 5.4
      vertex 21.7518 50.9588 5.4
    endloop
  endfacet
  facet normal 0 -1 0
    outer loop
      vertex 19.4516 50.9531 5.4
      vertex 21.5402 50.9531 6
      vertex 19.4516 50.9531 6
    endloop
  endfacet
  facet normal 0 -1 -0
    outer loop
      vertex 21.5402 50.9531 6
      vertex 19.4516 50.9531 5.4
      vertex 21.5402 50.9531 5.4
    endloop
  endfacet
  facet normal 0 1 -0
    outer loop
      vertex 30.4124 51.718 5.4
      vertex 27.4992 51.718 6
      vertex 30.4124 51.718 6
    endloop
  endfacet
  facet normal 0 1 0
    outer loop
      vertex 27.4992 51.718 6
      vertex 30.4124 51.718 5.4
      vertex 27.4992 51.718 5.4
    endloop
  endfacet
  facet normal 0.944677 0.328001 0
    outer loop
      vertex 31.0905 49.765 6
      vertex 30.4124 51.718 5.4
      vertex 30.4124 51.718 6
    endloop
  endfacet
  facet normal 0.944677 0.328001 0
    outer loop
      vertex 30.4124 51.718 5.4
      vertex 31.0905 49.765 6
      vertex 31.0905 49.765 5.4
    endloop
  endfacet
  facet normal 0 1 -0
    outer loop
      vertex 32.6746 49.765 5.4
      vertex 31.0905 49.765 6
      vertex 32.6746 49.765 6
    endloop
  endfacet
  facet normal 0 1 0
    outer loop
      vertex 31.0905 49.765 6
      vertex 32.6746 49.765 5.4
      vertex 31.0905 49.765 5.4
    endloop
  endfacet
  facet normal -0.939871 -0.34153 0
    outer loop
      vertex 32.6746 49.765 5.4
      vertex 29.897 57.4088 6
      vertex 29.897 57.4088 5.4
    endloop
  endfacet
  facet normal -0.939871 -0.34153 0
    outer loop
      vertex 29.897 57.4088 6
      vertex 32.6746 49.765 5.4
      vertex 32.6746 49.765 6
    endloop
  endfacet
  facet normal 0 -1 0
    outer loop
      vertex 28.0091 57.4088 5.4
      vertex 29.897 57.4088 6
      vertex 28.0091 57.4088 6
    endloop
  endfacet
  facet normal 0 -1 -0
    outer loop
      vertex 29.897 57.4088 6
      vertex 28.0091 57.4088 5.4
      vertex 29.897 57.4088 5.4
    endloop
  endfacet
  facet normal 0.93944 -0.342713 0
    outer loop
      vertex 25.2206 49.765 6
      vertex 28.0091 57.4088 5.4
      vertex 28.0091 57.4088 6
    endloop
  endfacet
  facet normal 0.93944 -0.342713 0
    outer loop
      vertex 28.0091 57.4088 5.4
      vertex 25.2206 49.765 6
      vertex 25.2206 49.765 5.4
    endloop
  endfacet
  facet normal 0 1 -0
    outer loop
      vertex 26.821 49.765 5.4
      vertex 25.2206 49.765 6
      vertex 26.821 49.765 6
    endloop
  endfacet
  facet normal 0 1 0
    outer loop
      vertex 25.2206 49.765 6
      vertex 26.821 49.765 5.4
      vertex 25.2206 49.765 5.4
    endloop
  endfacet
  facet normal -0.944662 0.328044 0
    outer loop
      vertex 26.821 49.765 5.4
      vertex 27.4992 51.718 6
      vertex 27.4992 51.718 5.4
    endloop
  endfacet
  facet normal -0.944662 0.328044 0
    outer loop
      vertex 27.4992 51.718 6
      vertex 26.821 49.765 5.4
      vertex 26.821 49.765 6
    endloop
  endfacet
  facet normal -0.945824 0.32468 0
    outer loop
      vertex 27.8572 52.9224 5.4
      vertex 28.0862 53.5895 6
      vertex 28.0862 53.5895 5.4
    endloop
  endfacet
  facet normal -0.945824 0.32468 0
    outer loop
      vertex 28.0862 53.5895 6
      vertex 27.8572 52.9224 5.4
      vertex 27.8572 52.9224 6
    endloop
  endfacet
  facet normal -0.946104 0.323862 0
    outer loop
      vertex 28.0862 53.5895 5.4
      vertex 28.2832 54.165 6
      vertex 28.2832 54.165 5.4
    endloop
  endfacet
  facet normal -0.946104 0.323862 0
    outer loop
      vertex 28.2832 54.165 6
      vertex 28.0862 53.5895 5.4
      vertex 28.0862 53.5895 6
    endloop
  endfacet
  facet normal -0.94635 0.323144 0
    outer loop
      vertex 28.2832 54.165 5.4
      vertex 28.4484 54.6488 6
      vertex 28.4484 54.6488 5.4
    endloop
  endfacet
  facet normal -0.94635 0.323144 0
    outer loop
      vertex 28.4484 54.6488 6
      vertex 28.2832 54.165 5.4
      vertex 28.2832 54.165 6
    endloop
  endfacet
  facet normal -0.946808 0.321799 0
    outer loop
      vertex 28.4484 54.6488 5.4
      vertex 28.5817 55.041 6
      vertex 28.5817 55.041 5.4
    endloop
  endfacet
  facet normal -0.946808 0.321799 0
    outer loop
      vertex 28.5817 55.041 6
      vertex 28.4484 54.6488 5.4
      vertex 28.4484 54.6488 6
    endloop
  endfacet
  facet normal -0.947415 0.320009 0
    outer loop
      vertex 28.5817 55.041 5.4
      vertex 28.6832 55.3415 6
      vertex 28.6832 55.3415 5.4
    endloop
  endfacet
  facet normal -0.947415 0.320009 0
    outer loop
      vertex 28.6832 55.3415 6
      vertex 28.5817 55.041 5.4
      vertex 28.5817 55.041 6
    endloop
  endfacet
  facet normal -0.94882 0.315819 0
    outer loop
      vertex 28.6832 55.3415 5.4
      vertex 28.7527 55.5503 6
      vertex 28.7527 55.5503 5.4
    endloop
  endfacet
  facet normal -0.94882 0.315819 0
    outer loop
      vertex 28.7527 55.5503 6
      vertex 28.6832 55.3415 5.4
      vertex 28.6832 55.3415 6
    endloop
  endfacet
  facet normal -0.952122 0.30572 0
    outer loop
      vertex 28.7527 55.5503 5.4
      vertex 28.7903 55.6674 6
      vertex 28.7903 55.6674 5.4
    endloop
  endfacet
  facet normal -0.952122 0.30572 0
    outer loop
      vertex 28.7903 55.6674 6
      vertex 28.7527 55.5503 5.4
      vertex 28.7527 55.5503 6
    endloop
  endfacet
  facet normal -0.956921 0.290348 0
    outer loop
      vertex 28.7903 55.6674 5.4
      vertex 28.8116 55.7376 6
      vertex 28.8116 55.7376 5.4
    endloop
  endfacet
  facet normal -0.956921 0.290348 0
    outer loop
      vertex 28.8116 55.7376 6
      vertex 28.7903 55.6674 5.4
      vertex 28.7903 55.6674 6
    endloop
  endfacet
  facet normal -0.958213 0.286055 0
    outer loop
      vertex 28.8116 55.7376 5.4
      vertex 28.8319 55.8056 6
      vertex 28.8319 55.8056 5.4
    endloop
  endfacet
  facet normal -0.958213 0.286055 0
    outer loop
      vertex 28.8319 55.8056 6
      vertex 28.8116 55.7376 5.4
      vertex 28.8116 55.7376 6
    endloop
  endfacet
  facet normal -0.958666 0.284535 0
    outer loop
      vertex 28.8319 55.8056 5.4
      vertex 28.8514 55.8713 6
      vertex 28.8514 55.8713 5.4
    endloop
  endfacet
  facet normal -0.958666 0.284535 0
    outer loop
      vertex 28.8514 55.8713 6
      vertex 28.8319 55.8056 5.4
      vertex 28.8319 55.8056 6
    endloop
  endfacet
  facet normal -0.959797 0.280695 0
    outer loop
      vertex 28.8514 55.8713 5.4
      vertex 28.87 55.9349 6
      vertex 28.87 55.9349 5.4
    endloop
  endfacet
  facet normal -0.959797 0.280695 0
    outer loop
      vertex 28.87 55.9349 6
      vertex 28.8514 55.8713 5.4
      vertex 28.8514 55.8713 6
    endloop
  endfacet
  facet normal -0.960333 0.278857 0
    outer loop
      vertex 28.87 55.9349 5.4
      vertex 28.8878 55.9962 6
      vertex 28.8878 55.9962 5.4
    endloop
  endfacet
  facet normal -0.960333 0.278857 0
    outer loop
      vertex 28.8878 55.9962 6
      vertex 28.87 55.9349 5.4
      vertex 28.87 55.9349 6
    endloop
  endfacet
  facet normal -0.961892 0.273431 0
    outer loop
      vertex 28.8878 55.9962 5.4
      vertex 28.9046 56.0553 6
      vertex 28.9046 56.0553 5.4
    endloop
  endfacet
  facet normal -0.961892 0.273431 0
    outer loop
      vertex 28.9046 56.0553 6
      vertex 28.8878 55.9962 5.4
      vertex 28.8878 55.9962 6
    endloop
  endfacet
  facet normal -0.963227 0.26869 0
    outer loop
      vertex 28.9046 56.0553 5.4
      vertex 28.9205 56.1123 6
      vertex 28.9205 56.1123 5.4
    endloop
  endfacet
  facet normal -0.963227 0.26869 0
    outer loop
      vertex 28.9205 56.1123 6
      vertex 28.9046 56.0553 5.4
      vertex 28.9046 56.0553 6
    endloop
  endfacet
  facet normal -0.964838 0.262844 0
    outer loop
      vertex 28.9205 56.1123 5.4
      vertex 28.953 56.2316 6
      vertex 28.953 56.2316 5.4
    endloop
  endfacet
  facet normal -0.964838 0.262844 0
    outer loop
      vertex 28.953 56.2316 6
      vertex 28.9205 56.1123 5.4
      vertex 28.9205 56.1123 6
    endloop
  endfacet
  facet normal 0.956637 0.291284 0
    outer loop
      vertex 29.067 55.8572 6
      vertex 28.953 56.2316 5.4
      vertex 28.953 56.2316 6
    endloop
  endfacet
  facet normal 0.956637 0.291284 0
    outer loop
      vertex 28.953 56.2316 5.4
      vertex 29.067 55.8572 6
      vertex 29.067 55.8572 5.4
    endloop
  endfacet
  facet normal 0.953493 0.301416 0
    outer loop
      vertex 29.3002 55.1195 6
      vertex 29.067 55.8572 5.4
      vertex 29.067 55.8572 6
    endloop
  endfacet
  facet normal 0.953493 0.301416 0
    outer loop
      vertex 29.067 55.8572 5.4
      vertex 29.3002 55.1195 6
      vertex 29.3002 55.1195 5.4
    endloop
  endfacet
  facet normal 0.945839 0.324636 0
    outer loop
      vertex 30.0543 52.9224 6
      vertex 29.3002 55.1195 5.4
      vertex 29.3002 55.1195 6
    endloop
  endfacet
  facet normal 0.945839 0.324636 0
    outer loop
      vertex 29.3002 55.1195 5.4
      vertex 30.0543 52.9224 6
      vertex 30.0543 52.9224 5.4
    endloop
  endfacet
  facet normal 0 -1 0
    outer loop
      vertex 27.8572 52.9224 5.4
      vertex 30.0543 52.9224 6
      vertex 27.8572 52.9224 6
    endloop
  endfacet
  facet normal 0 -1 -0
    outer loop
      vertex 30.0543 52.9224 6
      vertex 27.8572 52.9224 5.4
      vertex 30.0543 52.9224 5.4
    endloop
  endfacet
  facet normal -0.999918 -0.0128442 0
    outer loop
      vertex 34.9446 54.2731 5.4
      vertex 34.9426 54.4288 6
      vertex 34.9426 54.4288 5.4
    endloop
  endfacet
  facet normal -0.999918 -0.0128442 0
    outer loop
      vertex 34.9426 54.4288 6
      vertex 34.9446 54.2731 5.4
      vertex 34.9446 54.2731 6
    endloop
  endfacet
  facet normal -0.999373 -0.0353969 0
    outer loop
      vertex 34.9426 54.4288 5.4
      vertex 34.9366 54.5982 6
      vertex 34.9366 54.5982 5.4
    endloop
  endfacet
  facet normal -0.999373 -0.0353969 0
    outer loop
      vertex 34.9366 54.5982 6
      vertex 34.9426 54.4288 5.4
      vertex 34.9426 54.4288 6
    endloop
  endfacet
  facet normal -0.998512 -0.0545337 0
    outer loop
      vertex 34.9366 54.5982 5.4
      vertex 34.9266 54.7813 6
      vertex 34.9266 54.7813 5.4
    endloop
  endfacet
  facet normal -0.998512 -0.0545337 0
    outer loop
      vertex 34.9266 54.7813 6
      vertex 34.9366 54.5982 5.4
      vertex 34.9366 54.5982 6
    endloop
  endfacet
  facet normal -0.997518 -0.070419 0
    outer loop
      vertex 34.9266 54.7813 5.4
      vertex 34.9127 54.9782 6
      vertex 34.9127 54.9782 5.4
    endloop
  endfacet
  facet normal -0.997518 -0.070419 0
    outer loop
      vertex 34.9127 54.9782 6
      vertex 34.9266 54.7813 5.4
      vertex 34.9266 54.7813 6
    endloop
  endfacet
  facet normal -0.996407 -0.0846899 0
    outer loop
      vertex 34.9127 54.9782 5.4
      vertex 34.8948 55.1888 6
      vertex 34.8948 55.1888 5.4
    endloop
  endfacet
  facet normal -0.996407 -0.0846899 0
    outer loop
      vertex 34.8948 55.1888 6
      vertex 34.9127 54.9782 5.4
      vertex 34.9127 54.9782 6
    endloop
  endfacet
  facet normal -0.995267 -0.097175 0
    outer loop
      vertex 34.8948 55.1888 5.4
      vertex 34.8729 55.4131 6
      vertex 34.8729 55.4131 5.4
    endloop
  endfacet
  facet normal -0.995267 -0.097175 0
    outer loop
      vertex 34.8729 55.4131 6
      vertex 34.8948 55.1888 5.4
      vertex 34.8948 55.1888 6
    endloop
  endfacet
  facet normal -0.994136 -0.10814 0
    outer loop
      vertex 34.8729 55.4131 5.4
      vertex 34.847 55.6512 6
      vertex 34.847 55.6512 5.4
    endloop
  endfacet
  facet normal -0.994136 -0.10814 0
    outer loop
      vertex 34.847 55.6512 6
      vertex 34.8729 55.4131 5.4
      vertex 34.8729 55.4131 6
    endloop
  endfacet
  facet normal 0.870321 0.492485 0
    outer loop
      vertex 38.1778 49.765 6
      vertex 34.847 55.6512 5.4
      vertex 34.847 55.6512 6
    endloop
  endfacet
  facet normal 0.870321 0.492485 0
    outer loop
      vertex 34.847 55.6512 5.4
      vertex 38.1778 49.765 6
      vertex 38.1778 49.765 5.4
    endloop
  endfacet
  facet normal 0 1 -0
    outer loop
      vertex 40.0549 49.765 5.4
      vertex 38.1778 49.765 6
      vertex 40.0549 49.765 6
    endloop
  endfacet
  facet normal 0 1 0
    outer loop
      vertex 38.1778 49.765 6
      vertex 40.0549 49.765 5.4
      vertex 38.1778 49.765 5.4
    endloop
  endfacet
  facet normal -1 0 0
    outer loop
      vertex 40.0549 49.765 5.4
      vertex 40.0549 57.4088 6
      vertex 40.0549 57.4088 5.4
    endloop
  endfacet
  facet normal -1 -0 0
    outer loop
      vertex 40.0549 57.4088 6
      vertex 40.0549 49.765 5.4
      vertex 40.0549 49.765 6
    endloop
  endfacet
  facet normal 0 -1 0
    outer loop
      vertex 38.6336 57.4088 5.4
      vertex 40.0549 57.4088 6
      vertex 38.6336 57.4088 6
    endloop
  endfacet
  facet normal 0 -1 -0
    outer loop
      vertex 40.0549 57.4088 6
      vertex 38.6336 57.4088 5.4
      vertex 40.0549 57.4088 5.4
    endloop
  endfacet
  facet normal 1 -0 0
    outer loop
      vertex 38.6336 52.9657 6
      vertex 38.6336 57.4088 5.4
      vertex 38.6336 57.4088 6
    endloop
  endfacet
  facet normal 1 0 0
    outer loop
      vertex 38.6336 57.4088 5.4
      vertex 38.6336 52.9657 6
      vertex 38.6336 52.9657 5.4
    endloop
  endfacet
  facet normal 0.999947 0.0102506 0
    outer loop
      vertex 38.6356 52.7706 6
      vertex 38.6336 52.9657 5.4
      vertex 38.6336 52.9657 6
    endloop
  endfacet
  facet normal 0.999947 0.0102506 0
    outer loop
      vertex 38.6336 52.9657 5.4
      vertex 38.6356 52.7706 6
      vertex 38.6356 52.7706 5.4
    endloop
  endfacet
  facet normal 0.999556 0.0298078 0
    outer loop
      vertex 38.6416 52.5694 6
      vertex 38.6356 52.7706 5.4
      vertex 38.6356 52.7706 6
    endloop
  endfacet
  facet normal 0.999556 0.0298078 0
    outer loop
      vertex 38.6356 52.7706 5.4
      vertex 38.6416 52.5694 6
      vertex 38.6416 52.5694 5.4
    endloop
  endfacet
  facet normal 0.998859 0.0477485 0
    outer loop
      vertex 38.6515 52.3623 6
      vertex 38.6416 52.5694 5.4
      vertex 38.6416 52.5694 6
    endloop
  endfacet
  facet normal 0.998859 0.0477485 0
    outer loop
      vertex 38.6416 52.5694 5.4
      vertex 38.6515 52.3623 6
      vertex 38.6515 52.3623 5.4
    endloop
  endfacet
  facet normal 0.997851 0.0655249 0
    outer loop
      vertex 38.6655 52.1491 6
      vertex 38.6515 52.3623 5.4
      vertex 38.6515 52.3623 6
    endloop
  endfacet
  facet normal 0.997851 0.0655249 0
    outer loop
      vertex 38.6515 52.3623 5.4
      vertex 38.6655 52.1491 6
      vertex 38.6655 52.1491 5.4
    endloop
  endfacet
  facet normal 0.996679 0.0814266 0
    outer loop
      vertex 38.6834 51.93 6
      vertex 38.6655 52.1491 5.4
      vertex 38.6655 52.1491 6
    endloop
  endfacet
  facet normal 0.996679 0.0814266 0
    outer loop
      vertex 38.6655 52.1491 5.4
      vertex 38.6834 51.93 6
      vertex 38.6834 51.93 5.4
    endloop
  endfacet
  facet normal 0.995297 0.0968755 0
    outer loop
      vertex 38.7053 51.705 6
      vertex 38.6834 51.93 5.4
      vertex 38.6834 51.93 6
    endloop
  endfacet
  facet normal 0.995297 0.0968755 0
    outer loop
      vertex 38.6834 51.93 5.4
      vertex 38.7053 51.705 6
      vertex 38.7053 51.705 5.4
    endloop
  endfacet
  facet normal 0.993778 0.111375 0
    outer loop
      vertex 38.7312 51.4739 6
      vertex 38.7053 51.705 5.4
      vertex 38.7053 51.705 6
    endloop
  endfacet
  facet normal 0.993778 0.111375 0
    outer loop
      vertex 38.7053 51.705 5.4
      vertex 38.7312 51.4739 6
      vertex 38.7312 51.4739 5.4
    endloop
  endfacet
  facet normal -0.868972 -0.494861 0
    outer loop
      vertex 38.7312 51.4739 5.4
      vertex 35.3514 57.4088 6
      vertex 35.3514 57.4088 5.4
    endloop
  endfacet
  facet normal -0.868972 -0.494861 0
    outer loop
      vertex 35.3514 57.4088 6
      vertex 38.7312 51.4739 5.4
      vertex 38.7312 51.4739 6
    endloop
  endfacet
  facet normal 0 -1 0
    outer loop
      vertex 33.5232 57.4088 5.4
      vertex 35.3514 57.4088 6
      vertex 33.5232 57.4088 6
    endloop
  endfacet
  facet normal 0 -1 -0
    outer loop
      vertex 35.3514 57.4088 6
      vertex 33.5232 57.4088 5.4
      vertex 35.3514 57.4088 5.4
    endloop
  endfacet
  facet normal 1 -0 0
    outer loop
      vertex 33.5232 49.765 6
      vertex 33.5232 57.4088 5.4
      vertex 33.5232 57.4088 6
    endloop
  endfacet
  facet normal 1 0 0
    outer loop
      vertex 33.5232 57.4088 5.4
      vertex 33.5232 49.765 6
      vertex 33.5232 49.765 5.4
    endloop
  endfacet
  facet normal 0 1 -0
    outer loop
      vertex 34.9446 49.765 5.4
      vertex 33.5232 49.765 6
      vertex 34.9446 49.765 6
    endloop
  endfacet
  facet normal 0 1 0
    outer loop
      vertex 33.5232 49.765 6
      vertex 34.9446 49.765 5.4
      vertex 33.5232 49.765 5.4
    endloop
  endfacet
  facet normal -1 0 0
    outer loop
      vertex 34.9446 49.765 5.4
      vertex 34.9446 54.2731 6
      vertex 34.9446 54.2731 5.4
    endloop
  endfacet
  facet normal -1 -0 0
    outer loop
      vertex 34.9446 54.2731 6
      vertex 34.9446 49.765 5.4
      vertex 34.9446 49.765 6
    endloop
  endfacet
  facet normal 1 -0 0
    outer loop
      vertex 6.2 105.557 7
      vertex 6.2 107 6.5
      vertex 6.2 107 7
    endloop
  endfacet
  facet normal 1 0 0
    outer loop
      vertex 6.2 107 6.5
      vertex 6.2 105.557 7
      vertex 6.2 105.557 6.5
    endloop
  endfacet
  facet normal -0.500162 0.865932 0
    outer loop
      vertex 11.2 105.557 6.5
      vertex 8.7 104.113 7
      vertex 11.2 105.557 7
    endloop
  endfacet
  facet normal -0.500162 0.865932 0
    outer loop
      vertex 8.7 104.113 7
      vertex 11.2 105.557 6.5
      vertex 8.7 104.113 6.5
    endloop
  endfacet
  facet normal -1 0 0
    outer loop
      vertex 11.2 105.557 6.5
      vertex 11.2 107 7
      vertex 11.2 107 6.5
    endloop
  endfacet
  facet normal -1 -0 0
    outer loop
      vertex 11.2 107 7
      vertex 11.2 105.557 6.5
      vertex 11.2 105.557 7
    endloop
  endfacet
  facet normal 0.500162 0.865932 -0
    outer loop
      vertex 8.7 104.113 6.5
      vertex 6.2 105.557 7
      vertex 8.7 104.113 7
    endloop
  endfacet
  facet normal 0.500162 0.865932 0
    outer loop
      vertex 6.2 105.557 7
      vertex 8.7 104.113 6.5
      vertex 6.2 105.557 6.5
    endloop
  endfacet
  facet normal 0 0 1
    outer loop
      vertex 11.2 107 6.5
      vertex 8.7 104.113 6.5
      vertex 11.2 105.557 6.5
    endloop
  endfacet
  facet normal -0 0 1
    outer loop
      vertex 6.2 107 6.5
      vertex 8.7 104.113 6.5
      vertex 11.2 107 6.5
    endloop
  endfacet
  facet normal 0 0 1
    outer loop
      vertex 8.7 104.113 6.5
      vertex 6.2 107 6.5
      vertex 6.2 105.557 6.5
    endloop
  endfacet
  facet normal 1 -0 0
    outer loop
      vertex 12.8 105.557 7
      vertex 12.8 107 6.5
      vertex 12.8 107 7
    endloop
  endfacet
  facet normal 1 0 0
    outer loop
      vertex 12.8 107 6.5
      vertex 12.8 105.557 7
      vertex 12.8 105.557 6.5
    endloop
  endfacet
  facet normal -0.500162 0.865932 0
    outer loop
      vertex 17.8 105.557 6.5
      vertex 15.3 104.113 7
      vertex 17.8 105.557 7
    endloop
  endfacet
  facet normal -0.500162 0.865932 0
    outer loop
      vertex 15.3 104.113 7
      vertex 17.8 105.557 6.5
      vertex 15.3 104.113 6.5
    endloop
  endfacet
  facet normal -1 0 0
    outer loop
      vertex 17.8 105.557 6.5
      vertex 17.8 107 7
      vertex 17.8 107 6.5
    endloop
  endfacet
  facet normal -1 -0 0
    outer loop
      vertex 17.8 107 7
      vertex 17.8 105.557 6.5
      vertex 17.8 105.557 7
    endloop
  endfacet
  facet normal 0.500162 0.865932 -0
    outer loop
      vertex 15.3 104.113 6.5
      vertex 12.8 105.557 7
      vertex 15.3 104.113 7
    endloop
  endfacet
  facet normal 0.500162 0.865932 0
    outer loop
      vertex 12.8 105.557 7
      vertex 15.3 104.113 6.5
      vertex 12.8 105.557 6.5
    endloop
  endfacet
  facet normal 0 0 1
    outer loop
      vertex 17.8 107 6.5
      vertex 15.3 104.113 6.5
      vertex 17.8 105.557 6.5
    endloop
  endfacet
  facet normal -0 0 1
    outer loop
      vertex 12.8 107 6.5
      vertex 15.3 104.113 6.5
      vertex 17.8 107 6.5
    endloop
  endfacet
  facet normal 0 0 1
    outer loop
      vertex 15.3 104.113 6.5
      vertex 12.8 107 6.5
      vertex 12.8 105.557 6.5
    endloop
  endfacet
  facet normal 1 -0 0
    outer loop
      vertex 19.4 105.557 7
      vertex 19.4 107 6.5
      vertex 19.4 107 7
    endloop
  endfacet
  facet normal 1 0 0
    outer loop
      vertex 19.4 107 6.5
      vertex 19.4 105.557 7
      vertex 19.4 105.557 6.5
    endloop
  endfacet
  facet normal -0.500162 0.865932 0
    outer loop
      vertex 24.4 105.557 6.5
      vertex 21.9 104.113 7
      vertex 24.4 105.557 7
    endloop
  endfacet
  facet normal -0.500162 0.865932 0
    outer loop
      vertex 21.9 104.113 7
      vertex 24.4 105.557 6.5
      vertex 21.9 104.113 6.5
    endloop
  endfacet
  facet normal -1 0 0
    outer loop
      vertex 24.4 105.557 6.5
      vertex 24.4 107 7
      vertex 24.4 107 6.5
    endloop
  endfacet
  facet normal -1 -0 0
    outer loop
      vertex 24.4 107 7
      vertex 24.4 105.557 6.5
      vertex 24.4 105.557 7
    endloop
  endfacet
  facet normal 0.500162 0.865932 -0
    outer loop
      vertex 21.9 104.113 6.5
      vertex 19.4 105.557 7
      vertex 21.9 104.113 7
    endloop
  endfacet
  facet normal 0.500162 0.865932 0
    outer loop
      vertex 19.4 105.557 7
      vertex 21.9 104.113 6.5
      vertex 19.4 105.557 6.5
    endloop
  endfacet
  facet normal 0 0 1
    outer loop
      vertex 24.4 107 6.5
      vertex 21.9 104.113 6.5
      vertex 24.4 105.557 6.5
    endloop
  endfacet
  facet normal -0 0 1
    outer loop
      vertex 19.4 107 6.5
      vertex 21.9 104.113 6.5
      vertex 24.4 107 6.5
    endloop
  endfacet
  facet normal 0 0 1
    outer loop
      vertex 21.9 104.113 6.5
      vertex 19.4 107 6.5
      vertex 19.4 105.557 6.5
    endloop
  endfacet
  facet normal 1 -0 0
    outer loop
      vertex 26 105.557 7
      vertex 26 107 6.5
      vertex 26 107 7
    endloop
  endfacet
  facet normal 1 0 0
    outer loop
      vertex 26 107 6.5
      vertex 26 105.557 7
      vertex 26 105.557 6.5
    endloop
  endfacet
  facet normal -0.500162 0.865932 0
    outer loop
      vertex 31 105.557 6.5
      vertex 28.5 104.113 7
      vertex 31 105.557 7
    endloop
  endfacet
  facet normal -0.500162 0.865932 0
    outer loop
      vertex 28.5 104.113 7
      vertex 31 105.557 6.5
      vertex 28.5 104.113 6.5
    endloop
  endfacet
  facet normal -1 0 0
    outer loop
      vertex 31 105.557 6.5
      vertex 31 107 7
      vertex 31 107 6.5
    endloop
  endfacet
  facet normal -1 -0 0
    outer loop
      vertex 31 107 7
      vertex 31 105.557 6.5
      vertex 31 105.557 7
    endloop
  endfacet
  facet normal 0.500162 0.865932 -0
    outer loop
      vertex 28.5 104.113 6.5
      vertex 26 105.557 7
      vertex 28.5 104.113 7
    endloop
  endfacet
  facet normal 0.500162 0.865932 0
    outer loop
      vertex 26 105.557 7
      vertex 28.5 104.113 6.5
      vertex 26 105.557 6.5
    endloop
  endfacet
  facet normal 0 0 1
    outer loop
      vertex 31 107 6.5
      vertex 28.5 104.113 6.5
      vertex 31 105.557 6.5
    endloop
  endfacet
  facet normal -0 0 1
    outer loop
      vertex 26 107 6.5
      vertex 28.5 104.113 6.5
      vertex 31 107 6.5
    endloop
  endfacet
  facet normal 0 0 1
    outer loop
      vertex 28.5 104.113 6.5
      vertex 26 107 6.5
      vertex 26 105.557 6.5
    endloop
  endfacet
  facet normal 1 -0 0
    outer loop
      vertex 32.6 105.557 7
      vertex 32.6 107 6.5
      vertex 32.6 107 7
    endloop
  endfacet
  facet normal 1 0 0
    outer loop
      vertex 32.6 107 6.5
      vertex 32.6 105.557 7
      vertex 32.6 105.557 6.5
    endloop
  endfacet
  facet normal -0.500162 0.865932 0
    outer loop
      vertex 37.6 105.557 6.5
      vertex 35.1 104.113 7
      vertex 37.6 105.557 7
    endloop
  endfacet
  facet normal -0.500162 0.865932 0
    outer loop
      vertex 35.1 104.113 7
      vertex 37.6 105.557 6.5
      vertex 35.1 104.113 6.5
    endloop
  endfacet
  facet normal -1 0 0
    outer loop
      vertex 37.6 105.557 6.5
      vertex 37.6 107 7
      vertex 37.6 107 6.5
    endloop
  endfacet
  facet normal -1 -0 0
    outer loop
      vertex 37.6 107 7
      vertex 37.6 105.557 6.5
      vertex 37.6 105.557 7
    endloop
  endfacet
  facet normal 0.500162 0.865932 -0
    outer loop
      vertex 35.1 104.113 6.5
      vertex 32.6 105.557 7
      vertex 35.1 104.113 7
    endloop
  endfacet
  facet normal 0.500162 0.865932 0
    outer loop
      vertex 32.6 105.557 7
      vertex 35.1 104.113 6.5
      vertex 32.6 105.557 6.5
    endloop
  endfacet
  facet normal 0 0 1
    outer loop
      vertex 37.6 107 6.5
      vertex 35.1 104.113 6.5
      vertex 37.6 105.557 6.5
    endloop
  endfacet
  facet normal -0 0 1
    outer loop
      vertex 32.6 107 6.5
      vertex 35.1 104.113 6.5
      vertex 37.6 107 6.5
    endloop
  endfacet
  facet normal 0 0 1
    outer loop
      vertex 35.1 104.113 6.5
      vertex 32.6 107 6.5
      vertex 32.6 105.557 6.5
    endloop
  endfacet
  facet normal 1 -0 0
    outer loop
      vertex 39.2 105.557 7
      vertex 39.2 107 6.5
      vertex 39.2 107 7
    endloop
  endfacet
  facet normal 1 0 0
    outer loop
      vertex 39.2 107 6.5
      vertex 39.2 105.557 7
      vertex 39.2 105.557 6.5
    endloop
  endfacet
  facet normal -0.500162 0.865932 0
    outer loop
      vertex 44.2 105.557 6.5
      vertex 41.7 104.113 7
      vertex 44.2 105.557 7
    endloop
  endfacet
  facet normal -0.500162 0.865932 0
    outer loop
      vertex 41.7 104.113 7
      vertex 44.2 105.557 6.5
      vertex 41.7 104.113 6.5
    endloop
  endfacet
  facet normal -1 0 0
    outer loop
      vertex 44.2 105.557 6.5
      vertex 44.2 107 7
      vertex 44.2 107 6.5
    endloop
  endfacet
  facet normal -1 -0 0
    outer loop
      vertex 44.2 107 7
      vertex 44.2 105.557 6.5
      vertex 44.2 105.557 7
    endloop
  endfacet
  facet normal 0.500162 0.865932 -0
    outer loop
      vertex 41.7 104.113 6.5
      vertex 39.2 105.557 7
      vertex 41.7 104.113 7
    endloop
  endfacet
  facet normal 0.500162 0.865932 0
    outer loop
      vertex 39.2 105.557 7
      vertex 41.7 104.113 6.5
      vertex 39.2 105.557 6.5
    endloop
  endfacet
  facet normal 0 0 1
    outer loop
      vertex 44.2 107 6.5
      vertex 41.7 104.113 6.5
      vertex 44.2 105.557 6.5
    endloop
  endfacet
  facet normal -0 0 1
    outer loop
      vertex 39.2 107 6.5
      vertex 41.7 104.113 6.5
      vertex 44.2 107 6.5
    endloop
  endfacet
  facet normal 0 0 1
    outer loop
      vertex 41.7 104.113 6.5
      vertex 39.2 107 6.5
      vertex 39.2 105.557 6.5
    endloop
  endfacet
  facet normal 1 -0 0
    outer loop
      vertex 45.8 105.557 7
      vertex 45.8 107 6.5
      vertex 45.8 107 7
    endloop
  endfacet
  facet normal 1 0 0
    outer loop
      vertex 45.8 107 6.5
      vertex 45.8 105.557 7
      vertex 45.8 105.557 6.5
    endloop
  endfacet
  facet normal -0.500162 0.865932 0
    outer loop
      vertex 50.8 105.557 6.5
      vertex 48.3 104.113 7
      vertex 50.8 105.557 7
    endloop
  endfacet
  facet normal -0.500162 0.865932 0
    outer loop
      vertex 48.3 104.113 7
      vertex 50.8 105.557 6.5
      vertex 48.3 104.113 6.5
    endloop
  endfacet
  facet normal -1 0 0
    outer loop
      vertex 50.8 105.557 6.5
      vertex 50.8 107 7
      vertex 50.8 107 6.5
    endloop
  endfacet
  facet normal -1 -0 0
    outer loop
      vertex 50.8 107 7
      vertex 50.8 105.557 6.5
      vertex 50.8 105.557 7
    endloop
  endfacet
  facet normal 0.500162 0.865932 -0
    outer loop
      vertex 48.3 104.113 6.5
      vertex 45.8 105.557 7
      vertex 48.3 104.113 7
    endloop
  endfacet
  facet normal 0.500162 0.865932 0
    outer loop
      vertex 45.8 105.557 7
      vertex 48.3 104.113 6.5
      vertex 45.8 105.557 6.5
    endloop
  endfacet
  facet normal 0 0 1
    outer loop
      vertex 50.8 107 6.5
      vertex 48.3 104.113 6.5
      vertex 50.8 105.557 6.5
    endloop
  endfacet
  facet normal -0 0 1
    outer loop
      vertex 45.8 107 6.5
      vertex 48.3 104.113 6.5
      vertex 50.8 107 6.5
    endloop
  endfacet
  facet normal 0 0 1
    outer loop
      vertex 48.3 104.113 6.5
      vertex 45.8 107 6.5
      vertex 45.8 105.557 6.5
    endloop
  endfacet
  facet normal 1 -0 0
    outer loop
      vertex 52.4 105.557 7
      vertex 52.4 107 6.5
      vertex 52.4 107 7
    endloop
  endfacet
  facet normal 1 0 0
    outer loop
      vertex 52.4 107 6.5
      vertex 52.4 105.557 7
      vertex 52.4 105.557 6.5
    endloop
  endfacet
  facet normal -0.500162 0.865932 0
    outer loop
      vertex 57.4 105.557 6.5
      vertex 54.9 104.113 7
      vertex 57.4 105.557 7
    endloop
  endfacet
  facet normal -0.500162 0.865932 0
    outer loop
      vertex 54.9 104.113 7
      vertex 57.4 105.557 6.5
      vertex 54.9 104.113 6.5
    endloop
  endfacet
  facet normal -1 0 0
    outer loop
      vertex 57.4 105.557 6.5
      vertex 57.4 107 7
      vertex 57.4 107 6.5
    endloop
  endfacet
  facet normal -1 -0 0
    outer loop
      vertex 57.4 107 7
      vertex 57.4 105.557 6.5
      vertex 57.4 105.557 7
    endloop
  endfacet
  facet normal 0.500162 0.865932 -0
    outer loop
      vertex 54.9 104.113 6.5
      vertex 52.4 105.557 7
      vertex 54.9 104.113 7
    endloop
  endfacet
  facet normal 0.500162 0.865932 0
    outer loop
      vertex 52.4 105.557 7
      vertex 54.9 104.113 6.5
      vertex 52.4 105.557 6.5
    endloop
  endfacet
  facet normal 0 0 1
    outer loop
      vertex 57.4 107 6.5
      vertex 54.9 104.113 6.5
      vertex 57.4 105.557 6.5
    endloop
  endfacet
  facet normal -0 0 1
    outer loop
      vertex 52.4 107 6.5
      vertex 54.9 104.113 6.5
      vertex 57.4 107 6.5
    endloop
  endfacet
  facet normal 0 0 1
    outer loop
      vertex 54.9 104.113 6.5
      vertex 52.4 107 6.5
      vertex 52.4 105.557 6.5
    endloop
  endfacet
  facet normal 1 -0 0
    outer loop
      vertex 59 105.557 7
      vertex 59 107 6.5
      vertex 59 107 7
    endloop
  endfacet
  facet normal 1 0 0
    outer loop
      vertex 59 107 6.5
      vertex 59 105.557 7
      vertex 59 105.557 6.5
    endloop
  endfacet
  facet normal -0.500162 0.865932 0
    outer loop
      vertex 64 105.557 6.5
      vertex 61.5 104.113 7
      vertex 64 105.557 7
    endloop
  endfacet
  facet normal -0.500162 0.865932 0
    outer loop
      vertex 61.5 104.113 7
      vertex 64 105.557 6.5
      vertex 61.5 104.113 6.5
    endloop
  endfacet
  facet normal -1 0 0
    outer loop
      vertex 64 105.557 6.5
      vertex 64 107 7
      vertex 64 107 6.5
    endloop
  endfacet
  facet normal -1 -0 0
    outer loop
      vertex 64 107 7
      vertex 64 105.557 6.5
      vertex 64 105.557 7
    endloop
  endfacet
  facet normal 0.500162 0.865932 -0
    outer loop
      vertex 61.5 104.113 6.5
      vertex 59 105.557 7
      vertex 61.5 104.113 7
    endloop
  endfacet
  facet normal 0.500162 0.865932 0
    outer loop
      vertex 59 105.557 7
      vertex 61.5 104.113 6.5
      vertex 59 105.557 6.5
    endloop
  endfacet
  facet normal 0 0 1
    outer loop
      vertex 64 107 6.5
      vertex 61.5 104.113 6.5
      vertex 64 105.557 6.5
    endloop
  endfacet
  facet normal -0 0 1
    outer loop
      vertex 59 107 6.5
      vertex 61.5 104.113 6.5
      vertex 64 107 6.5
    endloop
  endfacet
  facet normal 0 0 1
    outer loop
      vertex 61.5 104.113 6.5
      vertex 59 107 6.5
      vertex 59 105.557 6.5
    endloop
  endfacet
  facet normal -1 0 0
    outer loop
      vertex 149.6 4.4 2
      vertex 149.6 102.6 7
      vertex 149.6 102.6 2
    endloop
  endfacet
  facet normal -1 -0 0
    outer loop
      vertex 149.6 102.6 7
      vertex 149.6 4.4 2
      vertex 149.6 4.4 7
    endloop
  endfacet
  facet normal -0 0 1
    outer loop
      vertex 93.3376 56.172 2
      vertex 97.4172 54.2515 2
      vertex 97.7481 56.172 2
    endloop
  endfacet
  facet normal 0 0 1
    outer loop
      vertex 97.4172 54.2515 2
      vertex 93.3376 56.172 2
      vertex 93.3376 54.2515 2
    endloop
  endfacet
  facet normal 0 0 1
    outer loop
      vertex 128.473 54.4825 2
      vertex 131.57 56.172 2
      vertex 128.519 54.6895 2
    endloop
  endfacet
  facet normal 0 0 1
    outer loop
      vertex 128.408 54.2844 2
      vertex 131.57 56.172 2
      vertex 128.473 54.4825 2
    endloop
  endfacet
  facet normal 0 0 1
    outer loop
      vertex 131.57 56.172 2
      vertex 128.408 54.2844 2
      vertex 131.57 49.765 2
    endloop
  endfacet
  facet normal -0 0 1
    outer loop
      vertex 128.324 54.0954 2
      vertex 131.57 49.765 2
      vertex 128.408 54.2844 2
    endloop
  endfacet
  facet normal -0 0 1
    outer loop
      vertex 128.222 53.9153 2
      vertex 131.57 49.765 2
      vertex 128.324 54.0954 2
    endloop
  endfacet
  facet normal -0 0 1
    outer loop
      vertex 128.101 53.7442 2
      vertex 131.57 49.765 2
      vertex 128.222 53.9153 2
    endloop
  endfacet
  facet normal 0 0 1
    outer loop
      vertex 131.57 49.765 2
      vertex 128.101 53.7442 2
      vertex 128.936 49.765 2
    endloop
  endfacet
  facet normal -0 0 1
    outer loop
      vertex 127.964 53.5857 2
      vertex 128.936 49.765 2
      vertex 128.101 53.7442 2
    endloop
  endfacet
  facet normal -0 0 1
    outer loop
      vertex 127.814 53.4435 2
      vertex 128.936 49.765 2
      vertex 127.964 53.5857 2
    endloop
  endfacet
  facet normal -0 0 1
    outer loop
      vertex 127.652 53.3176 2
      vertex 128.936 49.765 2
      vertex 127.814 53.4435 2
    endloop
  endfacet
  facet normal -0 0 1
    outer loop
      vertex 127.476 53.2079 2
      vertex 128.936 49.765 2
      vertex 127.652 53.3176 2
    endloop
  endfacet
  facet normal -0 0 1
    outer loop
      vertex 127.287 53.1146 2
      vertex 128.936 49.765 2
      vertex 127.476 53.2079 2
    endloop
  endfacet
  facet normal -0 0 1
    outer loop
      vertex 127.085 53.0374 2
      vertex 128.936 49.765 2
      vertex 127.287 53.1146 2
    endloop
  endfacet
  facet normal 0 0 1
    outer loop
      vertex 128.936 49.765 2
      vertex 127.085 53.0374 2
      vertex 126.869 52.9766 2
    endloop
  endfacet
  facet normal 0 0 1
    outer loop
      vertex 113.091 55.3961 2
      vertex 111.794 52.369 2
      vertex 113.188 51.8428 2
    endloop
  endfacet
  facet normal -0 0 1
    outer loop
      vertex 111.68 55.011 2
      vertex 111.794 52.369 2
      vertex 113.091 55.3961 2
    endloop
  endfacet
  facet normal 0 0 1
    outer loop
      vertex 110.978 55.9251 2
      vertex 111.68 55.011 2
      vertex 111.622 55.1705 2
    endloop
  endfacet
  facet normal 0 0 1
    outer loop
      vertex 111.68 55.011 2
      vertex 107.536 53.6222 2
      vertex 111.794 52.369 2
    endloop
  endfacet
  facet normal 0 0 1
    outer loop
      vertex 110.978 55.9251 2
      vertex 111.622 55.1705 2
      vertex 111.55 55.3203 2
    endloop
  endfacet
  facet normal 0 0 1
    outer loop
      vertex 110.978 55.9251 2
      vertex 111.55 55.3203 2
      vertex 111.464 55.4605 2
    endloop
  endfacet
  facet normal -0 -0 1
    outer loop
      vertex 107.547 53.2583 2
      vertex 111.794 52.369 2
      vertex 107.536 53.6222 2
    endloop
  endfacet
  facet normal 0 0 1
    outer loop
      vertex 110.978 55.9251 2
      vertex 111.464 55.4605 2
      vertex 111.363 55.5911 2
    endloop
  endfacet
  facet normal 0 0 1
    outer loop
      vertex 110.978 55.9251 2
      vertex 111.363 55.5911 2
      vertex 111.249 55.7121 2
    endloop
  endfacet
  facet normal -0 -0 1
    outer loop
      vertex 107.583 52.9198 2
      vertex 111.794 52.369 2
      vertex 107.547 53.2583 2
    endloop
  endfacet
  facet normal 0 0 1
    outer loop
      vertex 110.978 55.9251 2
      vertex 111.249 55.7121 2
      vertex 111.12 55.8234 2
    endloop
  endfacet
  facet normal 0 0 1
    outer loop
      vertex 111.68 55.011 2
      vertex 110.978 55.9251 2
      vertex 110.824 56.015 2
    endloop
  endfacet
  facet normal -0 -0 1
    outer loop
      vertex 107.642 52.6068 2
      vertex 111.794 52.369 2
      vertex 107.583 52.9198 2
    endloop
  endfacet
  facet normal 0 0 1
    outer loop
      vertex 111.68 55.011 2
      vertex 110.824 56.015 2
      vertex 110.663 56.0911 2
    endloop
  endfacet
  facet normal 0 0 1
    outer loop
      vertex 111.68 55.011 2
      vertex 110.663 56.0911 2
      vertex 110.495 56.1534 2
    endloop
  endfacet
  facet normal 0 0 1
    outer loop
      vertex 111.794 52.369 2
      vertex 107.642 52.6068 2
      vertex 111.615 51.9833 2
    endloop
  endfacet
  facet normal 0 0 1
    outer loop
      vertex 111.68 55.011 2
      vertex 110.495 56.1534 2
      vertex 110.318 56.2018 2
    endloop
  endfacet
  facet normal 0 0 1
    outer loop
      vertex 111.68 55.011 2
      vertex 110.318 56.2018 2
      vertex 110.134 56.2364 2
    endloop
  endfacet
  facet normal 0 -0 1
    outer loop
      vertex 109.782 50.9151 2
      vertex 111.615 51.9833 2
      vertex 107.642 52.6068 2
    endloop
  endfacet
  facet normal 0 0 1
    outer loop
      vertex 111.68 55.011 2
      vertex 110.134 56.2364 2
      vertex 109.943 56.2572 2
    endloop
  endfacet
  facet normal 0 0 1
    outer loop
      vertex 111.68 55.011 2
      vertex 109.943 56.2572 2
      vertex 109.744 56.2641 2
    endloop
  endfacet
  facet normal 0 0 1
    outer loop
      vertex 111.615 51.9833 2
      vertex 109.782 50.9151 2
      vertex 111.4 51.6569 2
    endloop
  endfacet
  facet normal 0 0 1
    outer loop
      vertex 111.68 55.011 2
      vertex 109.744 56.2641 2
      vertex 107.639 54.6189 2
    endloop
  endfacet
  facet normal 0 0 1
    outer loop
      vertex 111.148 51.3898 2
      vertex 110.177 50.9448 2
      vertex 110.861 51.1821 2
    endloop
  endfacet
  facet normal 0 0 1
    outer loop
      vertex 107.639 54.6189 2
      vertex 109.744 56.2641 2
      vertex 109.444 56.2504 2
    endloop
  endfacet
  facet normal 0 0 1
    outer loop
      vertex 110.861 51.1821 2
      vertex 110.177 50.9448 2
      vertex 110.537 51.0338 2
    endloop
  endfacet
  facet normal 0 0 1
    outer loop
      vertex 107.719 54.9003 2
      vertex 109.444 56.2504 2
      vertex 109.166 56.2092 2
    endloop
  endfacet
  facet normal 0 0 1
    outer loop
      vertex 111.4 51.6569 2
      vertex 110.177 50.9448 2
      vertex 111.148 51.3898 2
    endloop
  endfacet
  facet normal 0 0 1
    outer loop
      vertex 107.822 55.1561 2
      vertex 109.166 56.2092 2
      vertex 108.91 56.1405 2
    endloop
  endfacet
  facet normal 0 -0 1
    outer loop
      vertex 110.177 50.9448 2
      vertex 111.4 51.6569 2
      vertex 109.782 50.9151 2
    endloop
  endfacet
  facet normal 0 0 1
    outer loop
      vertex 107.822 55.1561 2
      vertex 108.91 56.1405 2
      vertex 108.674 56.0444 2
    endloop
  endfacet
  facet normal 0 0 1
    outer loop
      vertex 109.782 50.9151 2
      vertex 107.642 52.6068 2
      vertex 109.48 50.9293 2
    endloop
  endfacet
  facet normal 0 0 1
    outer loop
      vertex 107.822 55.1561 2
      vertex 108.674 56.0444 2
      vertex 108.461 55.9209 2
    endloop
  endfacet
  facet normal -0 -0 1
    outer loop
      vertex 107.724 52.3193 2
      vertex 109.48 50.9293 2
      vertex 107.642 52.6068 2
    endloop
  endfacet
  facet normal 0 0 1
    outer loop
      vertex 107.822 55.1561 2
      vertex 108.461 55.9209 2
      vertex 108.268 55.7699 2
    endloop
  endfacet
  facet normal 0 0 1
    outer loop
      vertex 109.48 50.9293 2
      vertex 107.724 52.3193 2
      vertex 109.2 50.9718 2
    endloop
  endfacet
  facet normal 0 0 1
    outer loop
      vertex 107.822 55.1561 2
      vertex 108.268 55.7699 2
      vertex 108.097 55.5914 2
    endloop
  endfacet
  facet normal -0 -0 1
    outer loop
      vertex 107.83 52.0572 2
      vertex 109.2 50.9718 2
      vertex 107.724 52.3193 2
    endloop
  endfacet
  facet normal 0 0 1
    outer loop
      vertex 107.822 55.1561 2
      vertex 108.097 55.5914 2
      vertex 107.948 55.3865 2
    endloop
  endfacet
  facet normal 0 0 1
    outer loop
      vertex 109.2 50.9718 2
      vertex 107.83 52.0572 2
      vertex 108.941 51.0426 2
    endloop
  endfacet
  facet normal 0 0 1
    outer loop
      vertex 109.166 56.2092 2
      vertex 107.822 55.1561 2
      vertex 107.719 54.9003 2
    endloop
  endfacet
  facet normal -0 -0 1
    outer loop
      vertex 107.96 51.8206 2
      vertex 108.941 51.0426 2
      vertex 107.83 52.0572 2
    endloop
  endfacet
  facet normal 0 0 1
    outer loop
      vertex 109.444 56.2504 2
      vertex 107.719 54.9003 2
      vertex 107.639 54.6189 2
    endloop
  endfacet
  facet normal 0 0 1
    outer loop
      vertex 108.703 51.1418 2
      vertex 107.96 51.8206 2
      vertex 108.485 51.2694 2
    endloop
  endfacet
  facet normal 0 0 1
    outer loop
      vertex 111.68 55.011 2
      vertex 107.639 54.6189 2
      vertex 107.581 54.3121 2
    endloop
  endfacet
  facet normal 0 0 1
    outer loop
      vertex 108.289 51.4253 2
      vertex 107.96 51.8206 2
      vertex 108.113 51.6095 2
    endloop
  endfacet
  facet normal 0 0 1
    outer loop
      vertex 111.68 55.011 2
      vertex 107.581 54.3121 2
      vertex 107.547 53.9799 2
    endloop
  endfacet
  facet normal 0 0 1
    outer loop
      vertex 108.485 51.2694 2
      vertex 107.96 51.8206 2
      vertex 108.289 51.4253 2
    endloop
  endfacet
  facet normal 0 0 1
    outer loop
      vertex 111.68 55.011 2
      vertex 107.547 53.9799 2
      vertex 107.536 53.6222 2
    endloop
  endfacet
  facet normal 0 0 1
    outer loop
      vertex 108.941 51.0426 2
      vertex 107.96 51.8206 2
      vertex 108.703 51.1418 2
    endloop
  endfacet
  facet normal 0 0 1
    outer loop
      vertex 105.924 53.6222 2
      vertex 104.967 53.0119 2
      vertex 105.017 52.9136 2
    endloop
  endfacet
  facet normal 0 0 1
    outer loop
      vertex 105.944 54.1422 2
      vertex 104.912 53.1061 2
      vertex 104.967 53.0119 2
    endloop
  endfacet
  facet normal 0 0 1
    outer loop
      vertex 105.944 54.1422 2
      vertex 104.851 53.196 2
      vertex 104.912 53.1061 2
    endloop
  endfacet
  facet normal 0 0 1
    outer loop
      vertex 105.944 54.1422 2
      vertex 104.786 53.2817 2
      vertex 104.851 53.196 2
    endloop
  endfacet
  facet normal 0 0 1
    outer loop
      vertex 105.944 54.1422 2
      vertex 104.715 53.3632 2
      vertex 104.786 53.2817 2
    endloop
  endfacet
  facet normal 0 0 1
    outer loop
      vertex 105.944 54.1422 2
      vertex 104.638 53.4404 2
      vertex 104.715 53.3632 2
    endloop
  endfacet
  facet normal 0 0 1
    outer loop
      vertex 105.944 54.1422 2
      vertex 104.555 53.5143 2
      vertex 104.638 53.4404 2
    endloop
  endfacet
  facet normal 0 0 1
    outer loop
      vertex 105.944 54.1422 2
      vertex 104.464 53.5855 2
      vertex 104.555 53.5143 2
    endloop
  endfacet
  facet normal 0 0 1
    outer loop
      vertex 105.944 54.1422 2
      vertex 104.365 53.654 2
      vertex 104.464 53.5855 2
    endloop
  endfacet
  facet normal 0 0 1
    outer loop
      vertex 105.007 55.6077 2
      vertex 104.257 53.7199 2
      vertex 104.365 53.654 2
    endloop
  endfacet
  facet normal 0 0 1
    outer loop
      vertex 105.007 55.6077 2
      vertex 104.142 53.7831 2
      vertex 104.257 53.7199 2
    endloop
  endfacet
  facet normal 0 0 1
    outer loop
      vertex 105.007 55.6077 2
      vertex 104.018 53.8437 2
      vertex 104.142 53.7831 2
    endloop
  endfacet
  facet normal 0 0 1
    outer loop
      vertex 105.007 55.6077 2
      vertex 103.887 53.9016 2
      vertex 104.018 53.8437 2
    endloop
  endfacet
  facet normal -0 0 1
    outer loop
      vertex 103.456 55.3961 2
      vertex 103.887 53.9016 2
      vertex 105.007 55.6077 2
    endloop
  endfacet
  facet normal 0 0 1
    outer loop
      vertex 103.887 53.9016 2
      vertex 103.456 55.3961 2
      vertex 103.738 53.9588 2
    endloop
  endfacet
  facet normal 0 0 1
    outer loop
      vertex 103.738 53.9588 2
      vertex 103.456 55.3961 2
      vertex 103.564 54.0176 2
    endloop
  endfacet
  facet normal 0 0 1
    outer loop
      vertex 102.311 54.3328 2
      vertex 103.456 55.3961 2
      vertex 103.416 55.5322 2
    endloop
  endfacet
  facet normal 0 0 1
    outer loop
      vertex 102.311 54.3328 2
      vertex 103.416 55.5322 2
      vertex 103.367 55.6583 2
    endloop
  endfacet
  facet normal 0 0 1
    outer loop
      vertex 103.456 55.3961 2
      vertex 103.365 54.0777 2
      vertex 103.564 54.0176 2
    endloop
  endfacet
  facet normal 0 0 1
    outer loop
      vertex 102.311 54.3328 2
      vertex 103.367 55.6583 2
      vertex 103.308 55.7744 2
    endloop
  endfacet
  facet normal 0 0 1
    outer loop
      vertex 102.311 54.3328 2
      vertex 103.308 55.7744 2
      vertex 103.239 55.8806 2
    endloop
  endfacet
  facet normal 0 0 1
    outer loop
      vertex 102.311 54.3328 2
      vertex 103.239 55.8806 2
      vertex 103.159 55.9768 2
    endloop
  endfacet
  facet normal 0 0 1
    outer loop
      vertex 103.456 55.3961 2
      vertex 103.14 54.1394 2
      vertex 103.365 54.0777 2
    endloop
  endfacet
  facet normal 0 0 1
    outer loop
      vertex 102.311 54.3328 2
      vertex 103.159 55.9768 2
      vertex 103.07 56.063 2
    endloop
  endfacet
  facet normal 0 0 1
    outer loop
      vertex 102.311 54.3328 2
      vertex 103.07 56.063 2
      vertex 102.97 56.1393 2
    endloop
  endfacet
  facet normal 0 0 1
    outer loop
      vertex 103.456 55.3961 2
      vertex 102.889 54.2024 2
      vertex 103.14 54.1394 2
    endloop
  endfacet
  facet normal 0 0 1
    outer loop
      vertex 102.311 54.3328 2
      vertex 102.97 56.1393 2
      vertex 102.859 56.2055 2
    endloop
  endfacet
  facet normal 0 0 1
    outer loop
      vertex 102.059 54.3888 2
      vertex 102.859 56.2055 2
      vertex 102.735 56.2616 2
    endloop
  endfacet
  facet normal 0 0 1
    outer loop
      vertex 103.456 55.3961 2
      vertex 102.613 54.2669 2
      vertex 102.889 54.2024 2
    endloop
  endfacet
  facet normal 0 0 1
    outer loop
      vertex 102.059 54.3888 2
      vertex 102.735 56.2616 2
      vertex 102.598 56.3074 2
    endloop
  endfacet
  facet normal 0 0 1
    outer loop
      vertex 102.059 54.3888 2
      vertex 102.598 56.3074 2
      vertex 102.448 56.3431 2
    endloop
  endfacet
  facet normal 0 0 1
    outer loop
      vertex 103.456 55.3961 2
      vertex 102.311 54.3328 2
      vertex 102.613 54.2669 2
    endloop
  endfacet
  facet normal 0 0 1
    outer loop
      vertex 102.059 54.3888 2
      vertex 102.448 56.3431 2
      vertex 102.285 56.3685 2
    endloop
  endfacet
  facet normal 0 0 1
    outer loop
      vertex 101.832 54.442 2
      vertex 102.285 56.3685 2
      vertex 102.109 56.3838 2
    endloop
  endfacet
  facet normal 0 0 1
    outer loop
      vertex 102.859 56.2055 2
      vertex 102.059 54.3888 2
      vertex 102.311 54.3328 2
    endloop
  endfacet
  facet normal 0 0 1
    outer loop
      vertex 101.832 54.442 2
      vertex 102.109 56.3838 2
      vertex 101.92 56.3889 2
    endloop
  endfacet
  facet normal 0 0 1
    outer loop
      vertex 102.285 56.3685 2
      vertex 101.832 54.442 2
      vertex 102.059 54.3888 2
    endloop
  endfacet
  facet normal 0 0 1
    outer loop
      vertex 101.92 56.3889 2
      vertex 101.63 54.4924 2
      vertex 101.832 54.442 2
    endloop
  endfacet
  facet normal 0 0 1
    outer loop
      vertex 101.454 54.5401 2
      vertex 101.92 56.3889 2
      vertex 101.535 56.3703 2
    endloop
  endfacet
  facet normal 0 0 1
    outer loop
      vertex 101.92 56.3889 2
      vertex 101.454 54.5401 2
      vertex 101.63 54.4924 2
    endloop
  endfacet
  facet normal 0 0 1
    outer loop
      vertex 101.535 56.3703 2
      vertex 101.304 54.585 2
      vertex 101.454 54.5401 2
    endloop
  endfacet
  facet normal -0 0 1
    outer loop
      vertex 101.208 56.3145 2
      vertex 101.304 54.585 2
      vertex 101.535 56.3703 2
    endloop
  endfacet
  facet normal 0 0 1
    outer loop
      vertex 101.208 56.3145 2
      vertex 101.179 54.6271 2
      vertex 101.304 54.585 2
    endloop
  endfacet
  facet normal 0 0 1
    outer loop
      vertex 101.208 56.3145 2
      vertex 101.079 54.6664 2
      vertex 101.179 54.6271 2
    endloop
  endfacet
  facet normal 0 0 1
    outer loop
      vertex 101.208 56.3145 2
      vertex 100.996 54.7056 2
      vertex 101.079 54.6664 2
    endloop
  endfacet
  facet normal -0 0 1
    outer loop
      vertex 100.941 56.2215 2
      vertex 100.996 54.7056 2
      vertex 101.208 56.3145 2
    endloop
  endfacet
  facet normal 0 0 1
    outer loop
      vertex 100.941 56.2215 2
      vertex 100.918 54.7471 2
      vertex 100.996 54.7056 2
    endloop
  endfacet
  facet normal 0 0 1
    outer loop
      vertex 100.941 56.2215 2
      vertex 100.846 54.7908 2
      vertex 100.918 54.7471 2
    endloop
  endfacet
  facet normal 0 0 1
    outer loop
      vertex 100.941 56.2215 2
      vertex 100.781 54.837 2
      vertex 100.846 54.7908 2
    endloop
  endfacet
  facet normal 0 0 1
    outer loop
      vertex 100.466 55.4776 2
      vertex 100.941 56.2215 2
      vertex 100.733 56.0913 2
    endloop
  endfacet
  facet normal 0 0 1
    outer loop
      vertex 100.941 56.2215 2
      vertex 100.466 55.4776 2
      vertex 100.781 54.837 2
    endloop
  endfacet
  facet normal 0 0 1
    outer loop
      vertex 100.781 54.837 2
      vertex 100.466 55.4776 2
      vertex 100.722 54.8854 2
    endloop
  endfacet
  facet normal -0 -0 1
    outer loop
      vertex 100.47 55.3945 2
      vertex 100.722 54.8854 2
      vertex 100.466 55.4776 2
    endloop
  endfacet
  facet normal 0 0 1
    outer loop
      vertex 100.496 55.7193 2
      vertex 100.733 56.0913 2
      vertex 100.585 55.9239 2
    endloop
  endfacet
  facet normal 0 0 1
    outer loop
      vertex 100.722 54.8854 2
      vertex 100.47 55.3945 2
      vertex 100.668 54.9362 2
    endloop
  endfacet
  facet normal -0 -0 1
    outer loop
      vertex 100.479 55.3159 2
      vertex 100.668 54.9362 2
      vertex 100.47 55.3945 2
    endloop
  endfacet
  facet normal -0 -0 1
    outer loop
      vertex 100.495 55.2417 2
      vertex 100.668 54.9362 2
      vertex 100.479 55.3159 2
    endloop
  endfacet
  facet normal 0 0 1
    outer loop
      vertex 100.733 56.0913 2
      vertex 100.496 55.7193 2
      vertex 100.466 55.4776 2
    endloop
  endfacet
  facet normal 0 0 1
    outer loop
      vertex 100.668 54.9362 2
      vertex 100.495 55.2417 2
      vertex 100.621 54.9892 2
    endloop
  endfacet
  facet normal 0 0 1
    outer loop
      vertex 100.58 55.0457 2
      vertex 100.495 55.2417 2
      vertex 100.517 55.172 2
    endloop
  endfacet
  facet normal 0 0 1
    outer loop
      vertex 100.621 54.9892 2
      vertex 100.495 55.2417 2
      vertex 100.58 55.0457 2
    endloop
  endfacet
  facet normal 0 0 1
    outer loop
      vertex 100.58 55.0457 2
      vertex 100.517 55.172 2
      vertex 100.545 55.1066 2
    endloop
  endfacet
  facet normal 0 0 1
    outer loop
      vertex 103.4 52.4714 2
      vertex 103.647 51.966 2
      vertex 103.635 52.052 2
    endloop
  endfacet
  facet normal 0 0 1
    outer loop
      vertex 103.647 51.966 2
      vertex 103.4 52.4714 2
      vertex 103.651 51.8753 2
    endloop
  endfacet
  facet normal 0 0 1
    outer loop
      vertex 103.4 52.4714 2
      vertex 103.635 52.052 2
      vertex 103.616 52.1334 2
    endloop
  endfacet
  facet normal 0 0 1
    outer loop
      vertex 103.458 52.4124 2
      vertex 103.616 52.1334 2
      vertex 103.588 52.2101 2
    endloop
  endfacet
  facet normal 0 0 1
    outer loop
      vertex 103.458 52.4124 2
      vertex 103.588 52.2101 2
      vertex 103.553 52.2822 2
    endloop
  endfacet
  facet normal 0 0 1
    outer loop
      vertex 103.616 52.1334 2
      vertex 103.458 52.4124 2
      vertex 103.4 52.4714 2
    endloop
  endfacet
  facet normal 0 0 1
    outer loop
      vertex 103.458 52.4124 2
      vertex 103.553 52.2822 2
      vertex 103.509 52.3496 2
    endloop
  endfacet
  facet normal 0 0 1
    outer loop
      vertex 103.335 52.5275 2
      vertex 103.651 51.8753 2
      vertex 103.4 52.4714 2
    endloop
  endfacet
  facet normal 0 -0 1
    outer loop
      vertex 103.343 51.1884 2
      vertex 103.651 51.8753 2
      vertex 103.335 52.5275 2
    endloop
  endfacet
  facet normal 0 0 1
    outer loop
      vertex 103.617 51.6047 2
      vertex 103.343 51.1884 2
      vertex 103.514 51.3758 2
    endloop
  endfacet
  facet normal 0 0 1
    outer loop
      vertex 103.651 51.8753 2
      vertex 103.343 51.1884 2
      vertex 103.617 51.6047 2
    endloop
  endfacet
  facet normal 0 0 1
    outer loop
      vertex 103.264 52.5808 2
      vertex 103.343 51.1884 2
      vertex 103.335 52.5275 2
    endloop
  endfacet
  facet normal 0 0 1
    outer loop
      vertex 103.104 51.0427 2
      vertex 103.264 52.5808 2
      vertex 103.187 52.6311 2
    endloop
  endfacet
  facet normal 0 0 1
    outer loop
      vertex 103.264 52.5808 2
      vertex 103.104 51.0427 2
      vertex 103.343 51.1884 2
    endloop
  endfacet
  facet normal 0 0 1
    outer loop
      vertex 103.103 52.6786 2
      vertex 103.104 51.0427 2
      vertex 103.187 52.6311 2
    endloop
  endfacet
  facet normal 0 0 1
    outer loop
      vertex 102.796 50.9387 2
      vertex 103.103 52.6786 2
      vertex 103.013 52.7233 2
    endloop
  endfacet
  facet normal 0 0 1
    outer loop
      vertex 102.796 50.9387 2
      vertex 103.013 52.7233 2
      vertex 102.916 52.765 2
    endloop
  endfacet
  facet normal 0 0 1
    outer loop
      vertex 102.796 50.9387 2
      vertex 102.916 52.765 2
      vertex 102.803 52.8065 2
    endloop
  endfacet
  facet normal 0 0 1
    outer loop
      vertex 103.103 52.6786 2
      vertex 102.796 50.9387 2
      vertex 103.104 51.0427 2
    endloop
  endfacet
  facet normal 0 0 1
    outer loop
      vertex 102.419 50.8762 2
      vertex 102.803 52.8065 2
      vertex 102.663 52.8505 2
    endloop
  endfacet
  facet normal 0 0 1
    outer loop
      vertex 102.419 50.8762 2
      vertex 102.663 52.8505 2
      vertex 102.498 52.8969 2
    endloop
  endfacet
  facet normal 0 0 1
    outer loop
      vertex 102.803 52.8065 2
      vertex 102.419 50.8762 2
      vertex 102.796 50.9387 2
    endloop
  endfacet
  facet normal 0 0 1
    outer loop
      vertex 102.306 52.9457 2
      vertex 102.419 50.8762 2
      vertex 102.498 52.8969 2
    endloop
  endfacet
  facet normal 0 0 1
    outer loop
      vertex 101.975 50.8554 2
      vertex 102.306 52.9457 2
      vertex 102.088 52.997 2
    endloop
  endfacet
  facet normal 0 0 1
    outer loop
      vertex 102.306 52.9457 2
      vertex 101.975 50.8554 2
      vertex 102.419 50.8762 2
    endloop
  endfacet
  facet normal 0 0 1
    outer loop
      vertex 101.751 50.861 2
      vertex 102.088 52.997 2
      vertex 101.844 53.0507 2
    endloop
  endfacet
  facet normal 0 0 1
    outer loop
      vertex 102.088 52.997 2
      vertex 101.751 50.861 2
      vertex 101.975 50.8554 2
    endloop
  endfacet
  facet normal 0 0 1
    outer loop
      vertex 101.346 50.9057 2
      vertex 101.844 53.0507 2
      vertex 101.573 53.1068 2
    endloop
  endfacet
  facet normal 0 0 1
    outer loop
      vertex 101.844 53.0507 2
      vertex 101.541 50.8778 2
      vertex 101.751 50.861 2
    endloop
  endfacet
  facet normal 0 0 1
    outer loop
      vertex 101.844 53.0507 2
      vertex 101.346 50.9057 2
      vertex 101.541 50.8778 2
    endloop
  endfacet
  facet normal 0 0 1
    outer loop
      vertex 100.375 51.4255 2
      vertex 101.573 53.1068 2
      vertex 101.339 53.1626 2
    endloop
  endfacet
  facet normal 0 0 1
    outer loop
      vertex 101.573 53.1068 2
      vertex 101.166 50.9449 2
      vertex 101.346 50.9057 2
    endloop
  endfacet
  facet normal 0 0 1
    outer loop
      vertex 100.098 52.0109 2
      vertex 101.339 53.1626 2
      vertex 101.126 53.2151 2
    endloop
  endfacet
  facet normal 0 0 1
    outer loop
      vertex 101.573 53.1068 2
      vertex 101 50.9952 2
      vertex 101.166 50.9449 2
    endloop
  endfacet
  facet normal 0 0 1
    outer loop
      vertex 100.098 52.0109 2
      vertex 101.126 53.2151 2
      vertex 100.934 53.2644 2
    endloop
  endfacet
  facet normal 0 0 1
    outer loop
      vertex 101.573 53.1068 2
      vertex 100.848 51.0567 2
      vertex 101 50.9952 2
    endloop
  endfacet
  facet normal 0 0 1
    outer loop
      vertex 100.098 52.0109 2
      vertex 100.934 53.2644 2
      vertex 100.764 53.3105 2
    endloop
  endfacet
  facet normal 0 0 1
    outer loop
      vertex 101.573 53.1068 2
      vertex 100.71 51.1293 2
      vertex 100.848 51.0567 2
    endloop
  endfacet
  facet normal 0 0 1
    outer loop
      vertex 100.098 52.0109 2
      vertex 100.764 53.3105 2
      vertex 100.614 53.3534 2
    endloop
  endfacet
  facet normal 0 0 1
    outer loop
      vertex 101.339 53.1626 2
      vertex 100.212 51.691 2
      vertex 100.287 51.5514 2
    endloop
  endfacet
  facet normal 0 0 1
    outer loop
      vertex 100.098 52.0109 2
      vertex 100.614 53.3534 2
      vertex 100.486 53.3931 2
    endloop
  endfacet
  facet normal 0 0 1
    outer loop
      vertex 101.339 53.1626 2
      vertex 100.149 51.8441 2
      vertex 100.212 51.691 2
    endloop
  endfacet
  facet normal 0 0 1
    outer loop
      vertex 100.098 52.0109 2
      vertex 100.486 53.3931 2
      vertex 100.38 53.4296 2
    endloop
  endfacet
  facet normal 0 0 1
    outer loop
      vertex 101.339 53.1626 2
      vertex 100.098 52.0109 2
      vertex 100.149 51.8441 2
    endloop
  endfacet
  facet normal 0 0 1
    outer loop
      vertex 101.573 53.1068 2
      vertex 100.586 51.2144 2
      vertex 100.71 51.1293 2
    endloop
  endfacet
  facet normal 0 0 1
    outer loop
      vertex 100.098 52.0109 2
      vertex 100.38 53.4296 2
      vertex 100.285 53.4653 2
    endloop
  endfacet
  facet normal 0 0 1
    outer loop
      vertex 101.573 53.1068 2
      vertex 100.474 51.3131 2
      vertex 100.586 51.2144 2
    endloop
  endfacet
  facet normal 0 0 1
    outer loop
      vertex 100.098 52.0109 2
      vertex 100.285 53.4653 2
      vertex 100.193 53.5029 2
    endloop
  endfacet
  facet normal 0 0 1
    outer loop
      vertex 101.339 53.1626 2
      vertex 100.287 51.5514 2
      vertex 100.375 51.4255 2
    endloop
  endfacet
  facet normal 0 0 1
    outer loop
      vertex 100.098 52.0109 2
      vertex 100.193 53.5029 2
      vertex 100.103 53.5422 2
    endloop
  endfacet
  facet normal 0 0 1
    outer loop
      vertex 101.573 53.1068 2
      vertex 100.375 51.4255 2
      vertex 100.474 51.3131 2
    endloop
  endfacet
  facet normal 0 0 1
    outer loop
      vertex 100.016 53.5832 2
      vertex 100.098 52.0109 2
      vertex 100.103 53.5422 2
    endloop
  endfacet
  facet normal 0 0 1
    outer loop
      vertex 99.9323 53.6261 2
      vertex 100.098 52.0109 2
      vertex 100.016 53.5832 2
    endloop
  endfacet
  facet normal 0 0 1
    outer loop
      vertex 99.8508 53.6707 2
      vertex 100.098 52.0109 2
      vertex 99.9323 53.6261 2
    endloop
  endfacet
  facet normal 0 0 1
    outer loop
      vertex 99.7719 53.7171 2
      vertex 100.098 52.0109 2
      vertex 99.8508 53.6707 2
    endloop
  endfacet
  facet normal 0 0 1
    outer loop
      vertex 98.5514 51.756 2
      vertex 99.7719 53.7171 2
      vertex 99.6961 53.7657 2
    endloop
  endfacet
  facet normal 0 0 1
    outer loop
      vertex 98.5514 51.756 2
      vertex 99.6961 53.7657 2
      vertex 99.6236 53.8172 2
    endloop
  endfacet
  facet normal 0 0 1
    outer loop
      vertex 98.5514 51.756 2
      vertex 99.6236 53.8172 2
      vertex 99.5544 53.8714 2
    endloop
  endfacet
  facet normal 0 0 1
    outer loop
      vertex 98.5514 51.756 2
      vertex 99.5544 53.8714 2
      vertex 99.4885 53.9284 2
    endloop
  endfacet
  facet normal 0 0 1
    outer loop
      vertex 97.4172 53.0146 2
      vertex 99.4885 53.9284 2
      vertex 99.426 53.9881 2
    endloop
  endfacet
  facet normal 0 0 1
    outer loop
      vertex 97.4172 53.0146 2
      vertex 99.426 53.9881 2
      vertex 99.3667 54.0506 2
    endloop
  endfacet
  facet normal 0 0 1
    outer loop
      vertex 97.4172 53.0146 2
      vertex 99.3667 54.0506 2
      vertex 99.3108 54.1159 2
    endloop
  endfacet
  facet normal 0 0 1
    outer loop
      vertex 97.4172 53.0146 2
      vertex 99.3108 54.1159 2
      vertex 99.2583 54.1842 2
    endloop
  endfacet
  facet normal 0 0 1
    outer loop
      vertex 97.4172 53.0146 2
      vertex 99.2583 54.1842 2
      vertex 99.2092 54.2558 2
    endloop
  endfacet
  facet normal 0 0 1
    outer loop
      vertex 97.4172 54.2515 2
      vertex 99.2092 54.2558 2
      vertex 99.1635 54.3308 2
    endloop
  endfacet
  facet normal 0 0 1
    outer loop
      vertex 97.4172 54.2515 2
      vertex 99.1635 54.3308 2
      vertex 99.1213 54.409 2
    endloop
  endfacet
  facet normal 0 0 1
    outer loop
      vertex 97.4172 54.2515 2
      vertex 99.1213 54.409 2
      vertex 99.0825 54.4906 2
    endloop
  endfacet
  facet normal 0 0 1
    outer loop
      vertex 97.4172 54.2515 2
      vertex 99.0825 54.4906 2
      vertex 99.0471 54.5756 2
    endloop
  endfacet
  facet normal 0 0 1
    outer loop
      vertex 99.7719 53.7171 2
      vertex 98.5514 51.756 2
      vertex 100.098 52.0109 2
    endloop
  endfacet
  facet normal 0 0 1
    outer loop
      vertex 97.4172 54.2515 2
      vertex 99.0471 54.5756 2
      vertex 99.0152 54.6638 2
    endloop
  endfacet
  facet normal 0 0 1
    outer loop
      vertex 97.4172 54.2515 2
      vertex 99.0152 54.6638 2
      vertex 98.9872 54.7556 2
    endloop
  endfacet
  facet normal 0 0 1
    outer loop
      vertex 97.4172 54.2515 2
      vertex 98.9872 54.7556 2
      vertex 98.9634 54.8511 2
    endloop
  endfacet
  facet normal 0 0 1
    outer loop
      vertex 97.4172 54.2515 2
      vertex 98.9634 54.8511 2
      vertex 98.944 54.9504 2
    endloop
  endfacet
  facet normal 0 0 1
    outer loop
      vertex 97.4172 54.2515 2
      vertex 98.944 54.9504 2
      vertex 98.9289 55.0535 2
    endloop
  endfacet
  facet normal 0 0 1
    outer loop
      vertex 97.4172 54.2515 2
      vertex 98.9289 55.0535 2
      vertex 98.9181 55.1603 2
    endloop
  endfacet
  facet normal 0 0 1
    outer loop
      vertex 97.4172 54.2515 2
      vertex 98.9181 55.1603 2
      vertex 98.9116 55.271 2
    endloop
  endfacet
  facet normal 0 0 1
    outer loop
      vertex 97.7481 56.172 2
      vertex 98.9116 55.271 2
      vertex 98.9095 55.3853 2
    endloop
  endfacet
  facet normal 0 0 1
    outer loop
      vertex 99.2092 54.2558 2
      vertex 97.4172 54.2515 2
      vertex 97.4172 53.0146 2
    endloop
  endfacet
  facet normal 0 0 1
    outer loop
      vertex 99.4885 53.9284 2
      vertex 97.4172 53.0146 2
      vertex 98.5514 51.756 2
    endloop
  endfacet
  facet normal 0 0 1
    outer loop
      vertex 98.5514 51.756 2
      vertex 97.4172 53.0146 2
      vertex 97.9705 51.0019 2
    endloop
  endfacet
  facet normal 0 0 1
    outer loop
      vertex 93.3376 51.0019 2
      vertex 97.4172 53.0146 2
      vertex 93.3376 53.0146 2
    endloop
  endfacet
  facet normal 0 0 1
    outer loop
      vertex 97.4172 53.0146 2
      vertex 93.3376 51.0019 2
      vertex 97.9705 51.0019 2
    endloop
  endfacet
  facet normal 0 0 1
    outer loop
      vertex 128.547 54.9054 2
      vertex 131.57 56.172 2
      vertex 129.101 56.172 2
    endloop
  endfacet
  facet normal -0 0 1
    outer loop
      vertex 137.948 56.172 2
      vertex 142.028 54.2515 2
      vertex 142.359 56.172 2
    endloop
  endfacet
  facet normal 0 0 1
    outer loop
      vertex 142.028 54.2515 2
      vertex 137.948 56.172 2
      vertex 137.948 54.2515 2
    endloop
  endfacet
  facet normal 0 0 1
    outer loop
      vertex 149.6 102.6 2
      vertex 142.581 51.0019 2
      vertex 149.6 4.4 2
    endloop
  endfacet
  facet normal 0 0 1
    outer loop
      vertex 149.6 102.6 2
      vertex 142.359 57.4088 2
      vertex 142.581 51.0019 2
    endloop
  endfacet
  facet normal 0 0 1
    outer loop
      vertex 149.6 102.6 2
      vertex 136.348 57.4088 2
      vertex 142.359 57.4088 2
    endloop
  endfacet
  facet normal 0 0 1
    outer loop
      vertex 135.644 56.172 2
      vertex 136.348 57.4088 2
      vertex 135.644 57.4088 2
    endloop
  endfacet
  facet normal 0 0 1
    outer loop
      vertex 149.6 102.6 2
      vertex 135.644 57.4088 2
      vertex 136.348 57.4088 2
    endloop
  endfacet
  facet normal 0 0 1
    outer loop
      vertex 149.6 102.6 2
      vertex 129.101 57.4088 2
      vertex 135.644 57.4088 2
    endloop
  endfacet
  facet normal -0 0 1
    outer loop
      vertex 128.177 56.442 2
      vertex 129.101 56.172 2
      vertex 129.101 57.4088 2
    endloop
  endfacet
  facet normal 0 0 1
    outer loop
      vertex 128.547 54.9054 2
      vertex 129.101 56.172 2
      vertex 128.557 55.1304 2
    endloop
  endfacet
  facet normal 0 0 1
    outer loop
      vertex 129.101 56.172 2
      vertex 128.541 55.4345 2
      vertex 128.557 55.1304 2
    endloop
  endfacet
  facet normal 0 0 1
    outer loop
      vertex 129.101 56.172 2
      vertex 128.496 55.7178 2
      vertex 128.541 55.4345 2
    endloop
  endfacet
  facet normal 0 0 1
    outer loop
      vertex 129.101 56.172 2
      vertex 128.42 55.9801 2
      vertex 128.496 55.7178 2
    endloop
  endfacet
  facet normal 0 0 1
    outer loop
      vertex 126.081 57.3968 2
      vertex 129.101 57.4088 2
      vertex 149.6 102.6 2
    endloop
  endfacet
  facet normal 0 0 1
    outer loop
      vertex 129.101 56.172 2
      vertex 128.314 56.2215 2
      vertex 128.42 55.9801 2
    endloop
  endfacet
  facet normal 0 0 1
    outer loop
      vertex 129.101 56.172 2
      vertex 128.177 56.442 2
      vertex 128.314 56.2215 2
    endloop
  endfacet
  facet normal 0 0 1
    outer loop
      vertex 129.101 57.4088 2
      vertex 128.011 56.6416 2
      vertex 128.177 56.442 2
    endloop
  endfacet
  facet normal 0 0 1
    outer loop
      vertex 129.101 57.4088 2
      vertex 127.813 56.8202 2
      vertex 128.011 56.6416 2
    endloop
  endfacet
  facet normal 0 0 1
    outer loop
      vertex 129.101 57.4088 2
      vertex 127.588 56.9764 2
      vertex 127.813 56.8202 2
    endloop
  endfacet
  facet normal 0 0 1
    outer loop
      vertex 129.101 57.4088 2
      vertex 127.338 57.1085 2
      vertex 127.588 56.9764 2
    endloop
  endfacet
  facet normal 0 0 1
    outer loop
      vertex 129.101 57.4088 2
      vertex 127.062 57.2166 2
      vertex 127.338 57.1085 2
    endloop
  endfacet
  facet normal 0 0 1
    outer loop
      vertex 129.101 57.4088 2
      vertex 126.76 57.3007 2
      vertex 127.062 57.2166 2
    endloop
  endfacet
  facet normal 0 0 1
    outer loop
      vertex 129.101 57.4088 2
      vertex 126.433 57.3608 2
      vertex 126.76 57.3007 2
    endloop
  endfacet
  facet normal 0 0 1
    outer loop
      vertex 129.101 57.4088 2
      vertex 126.081 57.3968 2
      vertex 126.433 57.3608 2
    endloop
  endfacet
  facet normal 0 0 1
    outer loop
      vertex 149.6 102.6 2
      vertex 125.703 57.4088 2
      vertex 126.081 57.3968 2
    endloop
  endfacet
  facet normal 0 0 1
    outer loop
      vertex 149.6 102.6 2
      vertex 121.884 57.4088 2
      vertex 125.703 57.4088 2
    endloop
  endfacet
  facet normal 0 0 1
    outer loop
      vertex 121.884 57.4088 2
      vertex 121.035 49.765 2
      vertex 121.884 49.765 2
    endloop
  endfacet
  facet normal 0 0 1
    outer loop
      vertex 121.884 57.4088 2
      vertex 118.258 57.4088 2
      vertex 121.035 49.765 2
    endloop
  endfacet
  facet normal 0 0 1
    outer loop
      vertex 149.6 102.6 2
      vertex 118.258 57.4088 2
      vertex 121.884 57.4088 2
    endloop
  endfacet
  facet normal 0 0 1
    outer loop
      vertex 149.6 102.6 2
      vertex 116.37 57.4088 2
      vertex 118.258 57.4088 2
    endloop
  endfacet
  facet normal 0 0 1
    outer loop
      vertex 116.37 57.4088 2
      vertex 113.188 51.8428 2
      vertex 113.581 49.765 2
    endloop
  endfacet
  facet normal 0 0 1
    outer loop
      vertex 116.37 57.4088 2
      vertex 113.091 55.3961 2
      vertex 113.188 51.8428 2
    endloop
  endfacet
  facet normal -0 0 1
    outer loop
      vertex 110.439 57.4787 2
      vertex 116.37 57.4088 2
      vertex 149.6 102.6 2
    endloop
  endfacet
  facet normal 0 0 1
    outer loop
      vertex 116.37 57.4088 2
      vertex 112.983 55.6849 2
      vertex 113.091 55.3961 2
    endloop
  endfacet
  facet normal 0 0 1
    outer loop
      vertex 116.37 57.4088 2
      vertex 112.854 55.953 2
      vertex 112.983 55.6849 2
    endloop
  endfacet
  facet normal 0 0 1
    outer loop
      vertex 116.37 57.4088 2
      vertex 112.705 56.2004 2
      vertex 112.854 55.953 2
    endloop
  endfacet
  facet normal 0 0 1
    outer loop
      vertex 116.37 57.4088 2
      vertex 112.535 56.4271 2
      vertex 112.705 56.2004 2
    endloop
  endfacet
  facet normal 0 0 1
    outer loop
      vertex 116.37 57.4088 2
      vertex 112.345 56.6331 2
      vertex 112.535 56.4271 2
    endloop
  endfacet
  facet normal 0 0 1
    outer loop
      vertex 116.37 57.4088 2
      vertex 112.134 56.8183 2
      vertex 112.345 56.6331 2
    endloop
  endfacet
  facet normal 0 0 1
    outer loop
      vertex 116.37 57.4088 2
      vertex 111.903 56.9829 2
      vertex 112.134 56.8183 2
    endloop
  endfacet
  facet normal 0 0 1
    outer loop
      vertex 116.37 57.4088 2
      vertex 111.651 57.1261 2
      vertex 111.903 56.9829 2
    endloop
  endfacet
  facet normal 0 0 1
    outer loop
      vertex 116.37 57.4088 2
      vertex 111.378 57.2473 2
      vertex 111.651 57.1261 2
    endloop
  endfacet
  facet normal 0 0 1
    outer loop
      vertex 116.37 57.4088 2
      vertex 111.086 57.3465 2
      vertex 111.378 57.2473 2
    endloop
  endfacet
  facet normal 0 0 1
    outer loop
      vertex 116.37 57.4088 2
      vertex 110.773 57.4236 2
      vertex 111.086 57.3465 2
    endloop
  endfacet
  facet normal 0 0 1
    outer loop
      vertex 116.37 57.4088 2
      vertex 110.439 57.4787 2
      vertex 110.773 57.4236 2
    endloop
  endfacet
  facet normal 0 0 1
    outer loop
      vertex 149.6 102.6 2
      vertex 110.085 57.5117 2
      vertex 110.439 57.4787 2
    endloop
  endfacet
  facet normal -0 0 1
    outer loop
      vertex 76.4 102.6 2
      vertex 110.085 57.5117 2
      vertex 149.6 102.6 2
    endloop
  endfacet
  facet normal 0 0 1
    outer loop
      vertex 110.085 57.5117 2
      vertex 76.4 102.6 2
      vertex 109.711 57.5228 2
    endloop
  endfacet
  facet normal 0 0 1
    outer loop
      vertex 109.711 57.5228 2
      vertex 76.4 102.6 2
      vertex 109.202 57.5022 2
    endloop
  endfacet
  facet normal 0 -0 1
    outer loop
      vertex 102.707 57.4864 2
      vertex 109.202 57.5022 2
      vertex 76.4 102.6 2
    endloop
  endfacet
  facet normal 0 0 1
    outer loop
      vertex 109.202 57.5022 2
      vertex 102.707 57.4864 2
      vertex 108.728 57.4404 2
    endloop
  endfacet
  facet normal -0 -0 1
    outer loop
      vertex 103.041 57.441 2
      vertex 108.728 57.4404 2
      vertex 102.707 57.4864 2
    endloop
  endfacet
  facet normal 0 0 1
    outer loop
      vertex 108.728 57.4404 2
      vertex 103.346 57.3775 2
      vertex 108.29 57.3374 2
    endloop
  endfacet
  facet normal 0 -0 1
    outer loop
      vertex 103.622 57.2958 2
      vertex 108.29 57.3374 2
      vertex 103.346 57.3775 2
    endloop
  endfacet
  facet normal 0 0 1
    outer loop
      vertex 104.967 53.0119 2
      vertex 105.924 53.6222 2
      vertex 105.944 54.1422 2
    endloop
  endfacet
  facet normal 0 0 1
    outer loop
      vertex 104.365 53.654 2
      vertex 106.004 54.6266 2
      vertex 105.007 55.6077 2
    endloop
  endfacet
  facet normal 0 0 1
    outer loop
      vertex 105.007 55.6077 2
      vertex 106.004 54.6266 2
      vertex 106.103 55.0753 2
    endloop
  endfacet
  facet normal 0 0 1
    outer loop
      vertex 105.924 53.6222 2
      vertex 105.205 52.1017 2
      vertex 105.208 51.9676 2
    endloop
  endfacet
  facet normal 0 0 1
    outer loop
      vertex 105.924 53.6222 2
      vertex 105.196 52.2313 2
      vertex 105.205 52.1017 2
    endloop
  endfacet
  facet normal 0 0 1
    outer loop
      vertex 105.924 53.6222 2
      vertex 105.181 52.3563 2
      vertex 105.196 52.2313 2
    endloop
  endfacet
  facet normal 0 0 1
    outer loop
      vertex 105.007 55.6077 2
      vertex 106.103 55.0753 2
      vertex 106.241 55.4884 2
    endloop
  endfacet
  facet normal 0 0 1
    outer loop
      vertex 105.924 53.6222 2
      vertex 105.16 52.4768 2
      vertex 105.181 52.3563 2
    endloop
  endfacet
  facet normal 0 0 1
    outer loop
      vertex 105.924 53.6222 2
      vertex 105.133 52.5928 2
      vertex 105.16 52.4768 2
    endloop
  endfacet
  facet normal 0 0 1
    outer loop
      vertex 105.924 53.6222 2
      vertex 105.1 52.7042 2
      vertex 105.133 52.5928 2
    endloop
  endfacet
  facet normal 0 0 1
    outer loop
      vertex 105.924 53.6222 2
      vertex 105.061 52.8111 2
      vertex 105.1 52.7042 2
    endloop
  endfacet
  facet normal 0 0 1
    outer loop
      vertex 105.924 53.6222 2
      vertex 105.017 52.9136 2
      vertex 105.061 52.8111 2
    endloop
  endfacet
  facet normal 0 0 1
    outer loop
      vertex 104.938 55.8888 2
      vertex 106.241 55.4884 2
      vertex 106.42 55.8658 2
    endloop
  endfacet
  facet normal 0 0 1
    outer loop
      vertex 106.004 54.6266 2
      vertex 104.365 53.654 2
      vertex 105.944 54.1422 2
    endloop
  endfacet
  facet normal -0 0 1
    outer loop
      vertex 104.848 56.1462 2
      vertex 106.42 55.8658 2
      vertex 106.638 56.2076 2
    endloop
  endfacet
  facet normal 0 0 1
    outer loop
      vertex 104.606 56.59 2
      vertex 106.638 56.2076 2
      vertex 106.895 56.5137 2
    endloop
  endfacet
  facet normal -0 -0 1
    outer loop
      vertex 104.088 57.0779 2
      vertex 107.522 57.0079 2
      vertex 103.869 57.1959 2
    endloop
  endfacet
  facet normal 0 0 1
    outer loop
      vertex 106.241 55.4884 2
      vertex 104.938 55.8888 2
      vertex 105.007 55.6077 2
    endloop
  endfacet
  facet normal 0 0 1
    outer loop
      vertex 106.42 55.8658 2
      vertex 104.848 56.1462 2
      vertex 104.938 55.8888 2
    endloop
  endfacet
  facet normal 0 0 1
    outer loop
      vertex 106.638 56.2076 2
      vertex 104.737 56.38 2
      vertex 104.848 56.1462 2
    endloop
  endfacet
  facet normal 0 0 1
    outer loop
      vertex 106.638 56.2076 2
      vertex 104.606 56.59 2
      vertex 104.737 56.38 2
    endloop
  endfacet
  facet normal 0 0 1
    outer loop
      vertex 106.895 56.5137 2
      vertex 104.454 56.7763 2
      vertex 104.606 56.59 2
    endloop
  endfacet
  facet normal 0 0 1
    outer loop
      vertex 107.191 56.7814 2
      vertex 104.454 56.7763 2
      vertex 106.895 56.5137 2
    endloop
  endfacet
  facet normal 0 -0 1
    outer loop
      vertex 104.454 56.7763 2
      vertex 107.191 56.7814 2
      vertex 104.281 56.9389 2
    endloop
  endfacet
  facet normal 0 0 1
    outer loop
      vertex 107.522 57.0079 2
      vertex 104.281 56.9389 2
      vertex 107.191 56.7814 2
    endloop
  endfacet
  facet normal 0 -0 1
    outer loop
      vertex 104.281 56.9389 2
      vertex 107.522 57.0079 2
      vertex 104.088 57.0779 2
    endloop
  endfacet
  facet normal 0 0 1
    outer loop
      vertex 107.888 57.1933 2
      vertex 103.869 57.1959 2
      vertex 107.522 57.0079 2
    endloop
  endfacet
  facet normal -0 -0 1
    outer loop
      vertex 103.869 57.1959 2
      vertex 107.888 57.1933 2
      vertex 103.622 57.2958 2
    endloop
  endfacet
  facet normal 0 0 1
    outer loop
      vertex 108.29 57.3374 2
      vertex 103.622 57.2958 2
      vertex 107.888 57.1933 2
    endloop
  endfacet
  facet normal 0 -0 1
    outer loop
      vertex 103.346 57.3775 2
      vertex 108.728 57.4404 2
      vertex 103.041 57.441 2
    endloop
  endfacet
  facet normal 0 0 1
    outer loop
      vertex 102.707 57.4864 2
      vertex 76.4 102.6 2
      vertex 102.344 57.5137 2
    endloop
  endfacet
  facet normal 0 0 1
    outer loop
      vertex 102.344 57.5137 2
      vertex 76.4 102.6 2
      vertex 101.953 57.5228 2
    endloop
  endfacet
  facet normal 0 0 1
    outer loop
      vertex 101.953 57.5228 2
      vertex 76.4 102.6 2
      vertex 101.543 57.5115 2
    endloop
  endfacet
  facet normal 0 0 1
    outer loop
      vertex 101.543 57.5115 2
      vertex 76.4 102.6 2
      vertex 101.161 57.4778 2
    endloop
  endfacet
  facet normal 0 -0 1
    outer loop
      vertex 97.7481 57.4088 2
      vertex 101.161 57.4778 2
      vertex 76.4 102.6 2
    endloop
  endfacet
  facet normal 0 0 1
    outer loop
      vertex 101.161 57.4778 2
      vertex 97.7481 57.4088 2
      vertex 100.809 57.4216 2
    endloop
  endfacet
  facet normal 0 0 1
    outer loop
      vertex 100.809 57.4216 2
      vertex 97.7481 57.4088 2
      vertex 100.485 57.343 2
    endloop
  endfacet
  facet normal 0 0 1
    outer loop
      vertex 100.485 57.343 2
      vertex 97.7481 57.4088 2
      vertex 100.191 57.2418 2
    endloop
  endfacet
  facet normal 0 0 1
    outer loop
      vertex 100.191 57.2418 2
      vertex 97.7481 57.4088 2
      vertex 99.9248 57.1182 2
    endloop
  endfacet
  facet normal 0 0 1
    outer loop
      vertex 98.973 55.9378 2
      vertex 97.7481 56.172 2
      vertex 98.9253 55.6714 2
    endloop
  endfacet
  facet normal 0 0 1
    outer loop
      vertex 98.9116 55.271 2
      vertex 97.7481 56.172 2
      vertex 97.4172 54.2515 2
    endloop
  endfacet
  facet normal 0 0 1
    outer loop
      vertex 99.0524 56.1843 2
      vertex 97.7481 56.172 2
      vertex 98.973 55.9378 2
    endloop
  endfacet
  facet normal 0 0 1
    outer loop
      vertex 98.9253 55.6714 2
      vertex 97.7481 56.172 2
      vertex 98.9095 55.3853 2
    endloop
  endfacet
  facet normal 0 0 1
    outer loop
      vertex 99.1637 56.411 2
      vertex 97.7481 56.172 2
      vertex 99.0524 56.1843 2
    endloop
  endfacet
  facet normal 0 0 1
    outer loop
      vertex 97.7481 56.172 2
      vertex 99.1637 56.411 2
      vertex 97.7481 57.4088 2
    endloop
  endfacet
  facet normal 0 0 1
    outer loop
      vertex 99.3066 56.6178 2
      vertex 97.7481 57.4088 2
      vertex 99.1637 56.411 2
    endloop
  endfacet
  facet normal 0 0 1
    outer loop
      vertex 99.4814 56.8049 2
      vertex 97.7481 57.4088 2
      vertex 99.3066 56.6178 2
    endloop
  endfacet
  facet normal 0 0 1
    outer loop
      vertex 99.9248 57.1182 2
      vertex 97.7481 57.4088 2
      vertex 99.6879 56.9721 2
    endloop
  endfacet
  facet normal 0 0 1
    outer loop
      vertex 99.6879 56.9721 2
      vertex 97.7481 57.4088 2
      vertex 99.4814 56.8049 2
    endloop
  endfacet
  facet normal 0 0 1
    outer loop
      vertex 91.7372 57.4088 2
      vertex 90.715 53.6439 2
      vertex 91.7372 49.765 2
    endloop
  endfacet
  facet normal 0 0 1
    outer loop
      vertex 91.7372 57.4088 2
      vertex 90.6934 54.1459 2
      vertex 90.715 53.6439 2
    endloop
  endfacet
  facet normal 0 0 1
    outer loop
      vertex 91.7372 57.4088 2
      vertex 90.6286 54.6135 2
      vertex 90.6934 54.1459 2
    endloop
  endfacet
  facet normal 0 0 1
    outer loop
      vertex 91.7372 57.4088 2
      vertex 90.5207 55.0467 2
      vertex 90.6286 54.6135 2
    endloop
  endfacet
  facet normal 0 0 1
    outer loop
      vertex 91.7372 57.4088 2
      vertex 90.3695 55.4454 2
      vertex 90.5207 55.0467 2
    endloop
  endfacet
  facet normal 0 0 1
    outer loop
      vertex 91.7372 57.4088 2
      vertex 90.1752 55.8097 2
      vertex 90.3695 55.4454 2
    endloop
  endfacet
  facet normal 0 0 1
    outer loop
      vertex 91.7372 57.4088 2
      vertex 89.9377 56.1396 2
      vertex 90.1752 55.8097 2
    endloop
  endfacet
  facet normal 0 0 1
    outer loop
      vertex 97.7481 57.4088 2
      vertex 76.4 102.6 2
      vertex 91.7372 57.4088 2
    endloop
  endfacet
  facet normal 0 0 1
    outer loop
      vertex 91.7372 57.4088 2
      vertex 89.6571 56.435 2
      vertex 89.9377 56.1396 2
    endloop
  endfacet
  facet normal 0 0 1
    outer loop
      vertex 91.7372 57.4088 2
      vertex 89.337 56.6934 2
      vertex 89.6571 56.435 2
    endloop
  endfacet
  facet normal 0 -0 1
    outer loop
      vertex 87.2019 57.389 2
      vertex 91.7372 57.4088 2
      vertex 76.4 102.6 2
    endloop
  endfacet
  facet normal 0 0 1
    outer loop
      vertex 91.7372 57.4088 2
      vertex 88.9813 56.912 2
      vertex 89.337 56.6934 2
    endloop
  endfacet
  facet normal 0 0 1
    outer loop
      vertex 91.7372 57.4088 2
      vertex 88.5899 57.0909 2
      vertex 88.9813 56.912 2
    endloop
  endfacet
  facet normal 0 0 1
    outer loop
      vertex 91.7372 57.4088 2
      vertex 88.1629 57.23 2
      vertex 88.5899 57.0909 2
    endloop
  endfacet
  facet normal 0 0 1
    outer loop
      vertex 91.7372 57.4088 2
      vertex 87.7002 57.3293 2
      vertex 88.1629 57.23 2
    endloop
  endfacet
  facet normal 0 0 1
    outer loop
      vertex 91.7372 57.4088 2
      vertex 87.2019 57.389 2
      vertex 87.7002 57.3293 2
    endloop
  endfacet
  facet normal 0 0 1
    outer loop
      vertex 87.2019 57.389 2
      vertex 76.4 102.6 2
      vertex 86.6679 57.4088 2
    endloop
  endfacet
  facet normal 0 0 1
    outer loop
      vertex 83.9011 57.4088 2
      vertex 76.4 102.6 2
      vertex 83.9011 49.765 2
    endloop
  endfacet
  facet normal 0 0 1
    outer loop
      vertex 86.6679 57.4088 2
      vertex 76.4 102.6 2
      vertex 83.9011 57.4088 2
    endloop
  endfacet
  facet normal -0 0 1
    outer loop
      vertex 142.581 49.765 2
      vertex 149.6 4.4 2
      vertex 142.581 51.0019 2
    endloop
  endfacet
  facet normal -0 0 1
    outer loop
      vertex 136.348 49.765 2
      vertex 149.6 4.4 2
      vertex 142.581 49.765 2
    endloop
  endfacet
  facet normal 0 0 1
    outer loop
      vertex 136.348 57.4088 2
      vertex 135.644 56.172 2
      vertex 136.348 49.765 2
    endloop
  endfacet
  facet normal 0 0 1
    outer loop
      vertex 133.17 49.765 2
      vertex 135.644 56.172 2
      vertex 133.17 56.172 2
    endloop
  endfacet
  facet normal 0 0 1
    outer loop
      vertex 135.644 56.172 2
      vertex 133.17 49.765 2
      vertex 136.348 49.765 2
    endloop
  endfacet
  facet normal 0 0 1
    outer loop
      vertex 136.348 49.765 2
      vertex 133.17 49.765 2
      vertex 149.6 4.4 2
    endloop
  endfacet
  facet normal -0 0 1
    outer loop
      vertex 131.57 49.765 2
      vertex 149.6 4.4 2
      vertex 133.17 49.765 2
    endloop
  endfacet
  facet normal 0 0 1
    outer loop
      vertex 128.519 54.6895 2
      vertex 131.57 56.172 2
      vertex 128.547 54.9054 2
    endloop
  endfacet
  facet normal -0 0 1
    outer loop
      vertex 128.936 49.765 2
      vertex 149.6 4.4 2
      vertex 131.57 49.765 2
    endloop
  endfacet
  facet normal -0 0 1
    outer loop
      vertex 127.135 49.765 2
      vertex 149.6 4.4 2
      vertex 128.936 49.765 2
    endloop
  endfacet
  facet normal 0 0 1
    outer loop
      vertex 123.484 49.765 2
      vertex 127.135 49.765 2
      vertex 125.361 52.6674 2
    endloop
  endfacet
  facet normal 0 0 1
    outer loop
      vertex 123.484 49.765 2
      vertex 125.361 52.6674 2
      vertex 123.484 52.6674 2
    endloop
  endfacet
  facet normal 0 0 1
    outer loop
      vertex 127.135 49.765 2
      vertex 123.484 49.765 2
      vertex 149.6 4.4 2
    endloop
  endfacet
  facet normal -0 0 1
    outer loop
      vertex 121.884 49.765 2
      vertex 149.6 4.4 2
      vertex 123.484 49.765 2
    endloop
  endfacet
  facet normal -0 0 1
    outer loop
      vertex 121.035 49.765 2
      vertex 149.6 4.4 2
      vertex 121.884 49.765 2
    endloop
  endfacet
  facet normal -0 0 1
    outer loop
      vertex 119.451 49.765 2
      vertex 149.6 4.4 2
      vertex 121.035 49.765 2
    endloop
  endfacet
  facet normal -0 0 1
    outer loop
      vertex 115.86 51.718 2
      vertex 119.451 49.765 2
      vertex 118.773 51.718 2
    endloop
  endfacet
  facet normal 0 0 1
    outer loop
      vertex 115.182 49.765 2
      vertex 119.451 49.765 2
      vertex 115.86 51.718 2
    endloop
  endfacet
  facet normal 0 0 1
    outer loop
      vertex 119.451 49.765 2
      vertex 115.182 49.765 2
      vertex 149.6 4.4 2
    endloop
  endfacet
  facet normal -0 0 1
    outer loop
      vertex 113.581 49.765 2
      vertex 149.6 4.4 2
      vertex 115.182 49.765 2
    endloop
  endfacet
  facet normal -0 0 1
    outer loop
      vertex 113.051 51.5381 2
      vertex 113.581 49.765 2
      vertex 113.188 51.8428 2
    endloop
  endfacet
  facet normal -0 0 1
    outer loop
      vertex 112.897 51.2566 2
      vertex 113.581 49.765 2
      vertex 113.051 51.5381 2
    endloop
  endfacet
  facet normal -0 0 1
    outer loop
      vertex 112.725 50.9983 2
      vertex 113.581 49.765 2
      vertex 112.897 51.2566 2
    endloop
  endfacet
  facet normal -0 0 1
    outer loop
      vertex 112.537 50.7631 2
      vertex 113.581 49.765 2
      vertex 112.725 50.9983 2
    endloop
  endfacet
  facet normal -0 0 1
    outer loop
      vertex 112.331 50.551 2
      vertex 113.581 49.765 2
      vertex 112.537 50.7631 2
    endloop
  endfacet
  facet normal -0 0 1
    outer loop
      vertex 112.108 50.3621 2
      vertex 113.581 49.765 2
      vertex 112.331 50.551 2
    endloop
  endfacet
  facet normal -0 0 1
    outer loop
      vertex 111.867 50.1963 2
      vertex 113.581 49.765 2
      vertex 112.108 50.3621 2
    endloop
  endfacet
  facet normal -0 0 1
    outer loop
      vertex 111.612 50.0531 2
      vertex 113.581 49.765 2
      vertex 111.867 50.1963 2
    endloop
  endfacet
  facet normal -0 0 1
    outer loop
      vertex 111.342 49.9319 2
      vertex 113.581 49.765 2
      vertex 111.612 50.0531 2
    endloop
  endfacet
  facet normal -0 0 1
    outer loop
      vertex 111.058 49.8328 2
      vertex 113.581 49.765 2
      vertex 111.342 49.9319 2
    endloop
  endfacet
  facet normal 0 0 1
    outer loop
      vertex 110.76 49.7557 2
      vertex 113.581 49.765 2
      vertex 111.058 49.8328 2
    endloop
  endfacet
  facet normal 0 0 1
    outer loop
      vertex 110.448 49.7006 2
      vertex 113.581 49.765 2
      vertex 110.76 49.7557 2
    endloop
  endfacet
  facet normal 0 0 1
    outer loop
      vertex 110.122 49.6675 2
      vertex 113.581 49.765 2
      vertex 110.448 49.7006 2
    endloop
  endfacet
  facet normal 0 0 1
    outer loop
      vertex 113.581 49.765 2
      vertex 110.122 49.6675 2
      vertex 149.6 4.4 2
    endloop
  endfacet
  facet normal 0 0 1
    outer loop
      vertex 76.4 4.4 2
      vertex 110.122 49.6675 2
      vertex 109.782 49.6565 2
    endloop
  endfacet
  facet normal 0 0 1
    outer loop
      vertex 76.4 4.4 2
      vertex 109.782 49.6565 2
      vertex 109.272 49.6778 2
    endloop
  endfacet
  facet normal -0 0 1
    outer loop
      vertex 102.788 49.705 2
      vertex 109.272 49.6778 2
      vertex 108.796 49.7418 2
    endloop
  endfacet
  facet normal -0 0 1
    outer loop
      vertex 103.169 49.7656 2
      vertex 108.796 49.7418 2
      vertex 108.354 49.8483 2
    endloop
  endfacet
  facet normal -0 0 1
    outer loop
      vertex 103.836 49.9596 2
      vertex 108.354 49.8483 2
      vertex 107.947 49.9975 2
    endloop
  endfacet
  facet normal -0 0 1
    outer loop
      vertex 104.121 50.0929 2
      vertex 107.947 49.9975 2
      vertex 107.574 50.1893 2
    endloop
  endfacet
  facet normal -0 0 1
    outer loop
      vertex 104.375 50.2505 2
      vertex 107.574 50.1893 2
      vertex 107.235 50.4238 2
    endloop
  endfacet
  facet normal -0 0 1
    outer loop
      vertex 104.596 50.4311 2
      vertex 107.235 50.4238 2
      vertex 106.931 50.7009 2
    endloop
  endfacet
  facet normal 0 0 1
    outer loop
      vertex 105.208 51.9676 2
      vertex 105.945 53.1029 2
      vertex 105.924 53.6222 2
    endloop
  endfacet
  facet normal 0 0 1
    outer loop
      vertex 105.208 51.9676 2
      vertex 106.006 52.6176 2
      vertex 105.945 53.1029 2
    endloop
  endfacet
  facet normal 0 0 1
    outer loop
      vertex 105.208 51.9676 2
      vertex 106.109 52.1663 2
      vertex 106.006 52.6176 2
    endloop
  endfacet
  facet normal -0 0 1
    outer loop
      vertex 105.208 51.9676 2
      vertex 106.253 51.7489 2
      vertex 106.109 52.1663 2
    endloop
  endfacet
  facet normal 0 0 1
    outer loop
      vertex 105.191 51.6575 2
      vertex 106.253 51.7489 2
      vertex 105.208 51.9676 2
    endloop
  endfacet
  facet normal 0 0 1
    outer loop
      vertex 105.14 51.369 2
      vertex 106.253 51.7489 2
      vertex 105.191 51.6575 2
    endloop
  endfacet
  facet normal 0 0 1
    outer loop
      vertex 106.253 51.7489 2
      vertex 105.14 51.369 2
      vertex 106.438 51.3656 2
    endloop
  endfacet
  facet normal 0 0 1
    outer loop
      vertex 105.055 51.1022 2
      vertex 106.438 51.3656 2
      vertex 105.14 51.369 2
    endloop
  endfacet
  facet normal 0 0 1
    outer loop
      vertex 106.438 51.3656 2
      vertex 105.055 51.1022 2
      vertex 106.664 51.0162 2
    endloop
  endfacet
  facet normal 0 0 1
    outer loop
      vertex 104.936 50.8569 2
      vertex 106.664 51.0162 2
      vertex 105.055 51.1022 2
    endloop
  endfacet
  facet normal 0 0 1
    outer loop
      vertex 106.664 51.0162 2
      vertex 104.936 50.8569 2
      vertex 106.931 50.7009 2
    endloop
  endfacet
  facet normal 0 0 1
    outer loop
      vertex 104.783 50.6332 2
      vertex 106.931 50.7009 2
      vertex 104.936 50.8569 2
    endloop
  endfacet
  facet normal 0 0 1
    outer loop
      vertex 104.596 50.4311 2
      vertex 106.931 50.7009 2
      vertex 104.783 50.6332 2
    endloop
  endfacet
  facet normal 0 0 1
    outer loop
      vertex 107.235 50.4238 2
      vertex 104.596 50.4311 2
      vertex 104.375 50.2505 2
    endloop
  endfacet
  facet normal 0 0 1
    outer loop
      vertex 107.574 50.1893 2
      vertex 104.375 50.2505 2
      vertex 104.121 50.0929 2
    endloop
  endfacet
  facet normal 0 0 1
    outer loop
      vertex 107.947 49.9975 2
      vertex 104.121 50.0929 2
      vertex 103.836 49.9596 2
    endloop
  endfacet
  facet normal 0 0 1
    outer loop
      vertex 108.354 49.8483 2
      vertex 103.836 49.9596 2
      vertex 103.518 49.8505 2
    endloop
  endfacet
  facet normal 0 0 1
    outer loop
      vertex 108.354 49.8483 2
      vertex 103.518 49.8505 2
      vertex 103.169 49.7656 2
    endloop
  endfacet
  facet normal 0 0 1
    outer loop
      vertex 108.796 49.7418 2
      vertex 103.169 49.7656 2
      vertex 102.788 49.705 2
    endloop
  endfacet
  facet normal 0 0 1
    outer loop
      vertex 109.272 49.6778 2
      vertex 102.788 49.705 2
      vertex 76.4 4.4 2
    endloop
  endfacet
  facet normal 0 0 1
    outer loop
      vertex 76.4 4.4 2
      vertex 102.788 49.705 2
      vertex 102.376 49.6687 2
    endloop
  endfacet
  facet normal 0 0 1
    outer loop
      vertex 76.4 4.4 2
      vertex 102.376 49.6687 2
      vertex 101.931 49.6565 2
    endloop
  endfacet
  facet normal 0 0 1
    outer loop
      vertex 76.4 4.4 2
      vertex 101.931 49.6565 2
      vertex 101.524 49.6672 2
    endloop
  endfacet
  facet normal 0 0 1
    outer loop
      vertex 76.4 4.4 2
      vertex 101.524 49.6672 2
      vertex 101.143 49.699 2
    endloop
  endfacet
  facet normal 0 0 1
    outer loop
      vertex 97.9705 49.765 2
      vertex 101.143 49.699 2
      vertex 100.788 49.7522 2
    endloop
  endfacet
  facet normal -0 0 1
    outer loop
      vertex 97.9705 49.765 2
      vertex 100.788 49.7522 2
      vertex 100.458 49.8266 2
    endloop
  endfacet
  facet normal 0 0 1
    outer loop
      vertex 97.9705 49.765 2
      vertex 100.458 49.8266 2
      vertex 100.155 49.9222 2
    endloop
  endfacet
  facet normal 0 0 1
    outer loop
      vertex 97.9705 49.765 2
      vertex 100.155 49.9222 2
      vertex 99.8772 50.0392 2
    endloop
  endfacet
  facet normal 0 0 1
    outer loop
      vertex 97.9705 49.765 2
      vertex 99.8772 50.0392 2
      vertex 99.6255 50.1773 2
    endloop
  endfacet
  facet normal 0 0 1
    outer loop
      vertex 97.9705 49.765 2
      vertex 99.6255 50.1773 2
      vertex 99.399 50.3371 2
    endloop
  endfacet
  facet normal 0 0 1
    outer loop
      vertex 97.9705 49.765 2
      vertex 99.399 50.3371 2
      vertex 99.1969 50.5188 2
    endloop
  endfacet
  facet normal 0 0 1
    outer loop
      vertex 97.9705 51.0019 2
      vertex 98.6318 51.4647 2
      vertex 98.5514 51.756 2
    endloop
  endfacet
  facet normal 0 0 1
    outer loop
      vertex 97.9705 51.0019 2
      vertex 98.7365 51.1953 2
      vertex 98.6318 51.4647 2
    endloop
  endfacet
  facet normal -0 0 1
    outer loop
      vertex 97.9705 51.0019 2
      vertex 98.8656 50.9479 2
      vertex 98.7365 51.1953 2
    endloop
  endfacet
  facet normal 0 0 1
    outer loop
      vertex 97.9705 51.0019 2
      vertex 99.019 50.7224 2
      vertex 98.8656 50.9479 2
    endloop
  endfacet
  facet normal 0 0 1
    outer loop
      vertex 97.9705 49.765 2
      vertex 99.019 50.7224 2
      vertex 97.9705 51.0019 2
    endloop
  endfacet
  facet normal 0 0 1
    outer loop
      vertex 99.019 50.7224 2
      vertex 97.9705 49.765 2
      vertex 99.1969 50.5188 2
    endloop
  endfacet
  facet normal 0 0 1
    outer loop
      vertex 101.143 49.699 2
      vertex 97.9705 49.765 2
      vertex 76.4 4.4 2
    endloop
  endfacet
  facet normal 0 0 1
    outer loop
      vertex 76.4 4.4 2
      vertex 97.9705 49.765 2
      vertex 91.7372 49.765 2
    endloop
  endfacet
  facet normal -0 0 1
    outer loop
      vertex 90.7055 53.3121 2
      vertex 91.7372 49.765 2
      vertex 90.715 53.6439 2
    endloop
  endfacet
  facet normal -0 0 1
    outer loop
      vertex 90.6771 52.9927 2
      vertex 91.7372 49.765 2
      vertex 90.7055 53.3121 2
    endloop
  endfacet
  facet normal -0 0 1
    outer loop
      vertex 90.6298 52.6855 2
      vertex 91.7372 49.765 2
      vertex 90.6771 52.9927 2
    endloop
  endfacet
  facet normal -0 0 1
    outer loop
      vertex 90.5635 52.3906 2
      vertex 91.7372 49.765 2
      vertex 90.6298 52.6855 2
    endloop
  endfacet
  facet normal -0 0 1
    outer loop
      vertex 90.4783 52.108 2
      vertex 91.7372 49.765 2
      vertex 90.5635 52.3906 2
    endloop
  endfacet
  facet normal -0 0 1
    outer loop
      vertex 90.3742 51.8377 2
      vertex 91.7372 49.765 2
      vertex 90.4783 52.108 2
    endloop
  endfacet
  facet normal -0 0 1
    outer loop
      vertex 90.2511 51.5797 2
      vertex 91.7372 49.765 2
      vertex 90.3742 51.8377 2
    endloop
  endfacet
  facet normal -0 0 1
    outer loop
      vertex 90.1107 51.3363 2
      vertex 91.7372 49.765 2
      vertex 90.2511 51.5797 2
    endloop
  endfacet
  facet normal -0 0 1
    outer loop
      vertex 89.9546 51.1098 2
      vertex 91.7372 49.765 2
      vertex 90.1107 51.3363 2
    endloop
  endfacet
  facet normal -0 0 1
    outer loop
      vertex 89.7828 50.9003 2
      vertex 91.7372 49.765 2
      vertex 89.9546 51.1098 2
    endloop
  endfacet
  facet normal -0 0 1
    outer loop
      vertex 89.5953 50.7077 2
      vertex 91.7372 49.765 2
      vertex 89.7828 50.9003 2
    endloop
  endfacet
  facet normal -0 0 1
    outer loop
      vertex 89.392 50.532 2
      vertex 91.7372 49.765 2
      vertex 89.5953 50.7077 2
    endloop
  endfacet
  facet normal -0 0 1
    outer loop
      vertex 89.173 50.3733 2
      vertex 91.7372 49.765 2
      vertex 89.392 50.532 2
    endloop
  endfacet
  facet normal -0 0 1
    outer loop
      vertex 88.9383 50.2316 2
      vertex 91.7372 49.765 2
      vertex 89.173 50.3733 2
    endloop
  endfacet
  facet normal -0 0 1
    outer loop
      vertex 88.6907 50.1078 2
      vertex 91.7372 49.765 2
      vertex 88.9383 50.2316 2
    endloop
  endfacet
  facet normal -0 0 1
    outer loop
      vertex 88.433 50.0031 2
      vertex 91.7372 49.765 2
      vertex 88.6907 50.1078 2
    endloop
  endfacet
  facet normal -0 0 1
    outer loop
      vertex 88.1652 49.9174 2
      vertex 91.7372 49.765 2
      vertex 88.433 50.0031 2
    endloop
  endfacet
  facet normal -0 0 1
    outer loop
      vertex 87.8874 49.8507 2
      vertex 91.7372 49.765 2
      vertex 88.1652 49.9174 2
    endloop
  endfacet
  facet normal -0 0 1
    outer loop
      vertex 87.5995 49.8031 2
      vertex 91.7372 49.765 2
      vertex 87.8874 49.8507 2
    endloop
  endfacet
  facet normal -0 0 1
    outer loop
      vertex 87.3015 49.7745 2
      vertex 91.7372 49.765 2
      vertex 87.5995 49.8031 2
    endloop
  endfacet
  facet normal 0 0 1
    outer loop
      vertex 91.7372 49.765 2
      vertex 87.3015 49.7745 2
      vertex 76.4 4.4 2
    endloop
  endfacet
  facet normal 0 0 1
    outer loop
      vertex 76.4 4.4 2
      vertex 87.3015 49.7745 2
      vertex 86.9934 49.765 2
    endloop
  endfacet
  facet normal 0 0 1
    outer loop
      vertex 76.4 4.4 2
      vertex 86.9934 49.765 2
      vertex 83.9011 49.765 2
    endloop
  endfacet
  facet normal 0 0 1
    outer loop
      vertex 110.122 49.6675 2
      vertex 76.4 4.4 2
      vertex 149.6 4.4 2
    endloop
  endfacet
  facet normal 0 0 1
    outer loop
      vertex 76.4 4.4 2
      vertex 83.9011 49.765 2
      vertex 76.4 102.6 2
    endloop
  endfacet
  facet normal -0 0 1
    outer loop
      vertex 142.359 56.172 2
      vertex 142.581 51.0019 2
      vertex 142.359 57.4088 2
    endloop
  endfacet
  facet normal -0 0 1
    outer loop
      vertex 142.028 54.2515 2
      vertex 142.581 51.0019 2
      vertex 142.359 56.172 2
    endloop
  endfacet
  facet normal -0 0 1
    outer loop
      vertex 142.028 53.0146 2
      vertex 142.581 51.0019 2
      vertex 142.028 54.2515 2
    endloop
  endfacet
  facet normal 0 0 1
    outer loop
      vertex 137.948 51.0019 2
      vertex 142.028 53.0146 2
      vertex 137.948 53.0146 2
    endloop
  endfacet
  facet normal 0 0 1
    outer loop
      vertex 142.028 53.0146 2
      vertex 137.948 51.0019 2
      vertex 142.581 51.0019 2
    endloop
  endfacet
  facet normal 0 0 1
    outer loop
      vertex 86.6354 56.172 2
      vertex 89.1038 53.6439 2
      vertex 89.0907 53.9838 2
    endloop
  endfacet
  facet normal 0 0 1
    outer loop
      vertex 89.1038 53.6439 2
      vertex 86.6354 56.172 2
      vertex 89.0914 53.3055 2
    endloop
  endfacet
  facet normal 0 0 1
    outer loop
      vertex 86.9637 56.1587 2
      vertex 89.0907 53.9838 2
      vertex 89.0515 54.3 2
    endloop
  endfacet
  facet normal 0 -0 1
    outer loop
      vertex 86.8578 51.0019 2
      vertex 89.0914 53.3055 2
      vertex 86.6354 56.172 2
    endloop
  endfacet
  facet normal 0 0 1
    outer loop
      vertex 87.2695 56.119 2
      vertex 89.0515 54.3 2
      vertex 88.9862 54.5923 2
    endloop
  endfacet
  facet normal 0 0 1
    outer loop
      vertex 89.0914 53.3055 2
      vertex 86.8578 51.0019 2
      vertex 89.0542 52.988 2
    endloop
  endfacet
  facet normal 0 0 1
    outer loop
      vertex 87.5531 56.0529 2
      vertex 88.9862 54.5923 2
      vertex 88.8947 54.8608 2
    endloop
  endfacet
  facet normal 0 0 1
    outer loop
      vertex 89.0542 52.988 2
      vertex 86.8578 51.0019 2
      vertex 88.9922 52.6913 2
    endloop
  endfacet
  facet normal 0 0 1
    outer loop
      vertex 87.5531 56.0529 2
      vertex 88.8947 54.8608 2
      vertex 88.7772 55.1056 2
    endloop
  endfacet
  facet normal 0 0 1
    outer loop
      vertex 89.0907 53.9838 2
      vertex 86.9637 56.1587 2
      vertex 86.6354 56.172 2
    endloop
  endfacet
  facet normal 0 0 1
    outer loop
      vertex 87.5531 56.0529 2
      vertex 88.7772 55.1056 2
      vertex 88.6335 55.3265 2
    endloop
  endfacet
  facet normal 0 0 1
    outer loop
      vertex 88.9922 52.6913 2
      vertex 86.8578 51.0019 2
      vertex 88.9054 52.4154 2
    endloop
  endfacet
  facet normal 0 0 1
    outer loop
      vertex 87.5531 56.0529 2
      vertex 88.6335 55.3265 2
      vertex 88.4636 55.5236 2
    endloop
  endfacet
  facet normal 0 0 1
    outer loop
      vertex 88.9054 52.4154 2
      vertex 86.8578 51.0019 2
      vertex 88.7938 52.1603 2
    endloop
  endfacet
  facet normal 0 0 1
    outer loop
      vertex 87.5531 56.0529 2
      vertex 88.4636 55.5236 2
      vertex 88.2695 55.6956 2
    endloop
  endfacet
  facet normal 0 0 1
    outer loop
      vertex 89.0515 54.3 2
      vertex 87.2695 56.119 2
      vertex 86.9637 56.1587 2
    endloop
  endfacet
  facet normal 0 0 1
    outer loop
      vertex 87.5531 56.0529 2
      vertex 88.2695 55.6956 2
      vertex 88.0531 55.8412 2
    endloop
  endfacet
  facet normal 0 0 1
    outer loop
      vertex 88.4962 51.7125 2
      vertex 87.1437 51.0164 2
      vertex 88.3139 51.524 2
    endloop
  endfacet
  facet normal 0 0 1
    outer loop
      vertex 87.5531 56.0529 2
      vertex 88.0531 55.8412 2
      vertex 87.8143 55.9603 2
    endloop
  endfacet
  facet normal 0 0 1
    outer loop
      vertex 88.9862 54.5923 2
      vertex 87.5531 56.0529 2
      vertex 87.2695 56.119 2
    endloop
  endfacet
  facet normal 0 0 1
    outer loop
      vertex 88.3139 51.524 2
      vertex 87.1437 51.0164 2
      vertex 88.1144 51.3645 2
    endloop
  endfacet
  facet normal 0 0 1
    outer loop
      vertex 87.8976 51.2339 2
      vertex 87.1437 51.0164 2
      vertex 87.6636 51.1324 2
    endloop
  endfacet
  facet normal 0 0 1
    outer loop
      vertex 88.7938 52.1603 2
      vertex 87.1437 51.0164 2
      vertex 88.6574 51.926 2
    endloop
  endfacet
  facet normal 0 0 1
    outer loop
      vertex 87.6636 51.1324 2
      vertex 87.1437 51.0164 2
      vertex 87.4123 51.0599 2
    endloop
  endfacet
  facet normal 0 0 1
    outer loop
      vertex 88.6574 51.926 2
      vertex 87.1437 51.0164 2
      vertex 88.4962 51.7125 2
    endloop
  endfacet
  facet normal 0 0 1
    outer loop
      vertex 88.1144 51.3645 2
      vertex 87.1437 51.0164 2
      vertex 87.8976 51.2339 2
    endloop
  endfacet
  facet normal 0 -0 1
    outer loop
      vertex 87.1437 51.0164 2
      vertex 88.7938 52.1603 2
      vertex 86.8578 51.0019 2
    endloop
  endfacet
  facet normal 0 0 1
    outer loop
      vertex 85.5015 51.0019 2
      vertex 86.6354 56.172 2
      vertex 85.5015 56.172 2
    endloop
  endfacet
  facet normal 0 0 1
    outer loop
      vertex 86.6354 56.172 2
      vertex 85.5015 51.0019 2
      vertex 86.8578 51.0019 2
    endloop
  endfacet
  facet normal -0 0 1
    outer loop
      vertex 117.281 56.1123 2
      vertex 117.428 55.8572 2
      vertex 117.314 56.2316 2
    endloop
  endfacet
  facet normal -0 0 1
    outer loop
      vertex 117.265 56.0553 2
      vertex 117.428 55.8572 2
      vertex 117.281 56.1123 2
    endloop
  endfacet
  facet normal -0 0 1
    outer loop
      vertex 117.248 55.9962 2
      vertex 117.428 55.8572 2
      vertex 117.265 56.0553 2
    endloop
  endfacet
  facet normal -0 0 1
    outer loop
      vertex 117.231 55.9349 2
      vertex 117.428 55.8572 2
      vertex 117.248 55.9962 2
    endloop
  endfacet
  facet normal -0 0 1
    outer loop
      vertex 117.212 55.8713 2
      vertex 117.428 55.8572 2
      vertex 117.231 55.9349 2
    endloop
  endfacet
  facet normal 0 0 1
    outer loop
      vertex 117.193 55.8056 2
      vertex 117.428 55.8572 2
      vertex 117.212 55.8713 2
    endloop
  endfacet
  facet normal 0 0 1
    outer loop
      vertex 117.172 55.7376 2
      vertex 117.428 55.8572 2
      vertex 117.193 55.8056 2
    endloop
  endfacet
  facet normal 0 0 1
    outer loop
      vertex 117.151 55.6674 2
      vertex 117.428 55.8572 2
      vertex 117.172 55.7376 2
    endloop
  endfacet
  facet normal 0 0 1
    outer loop
      vertex 117.113 55.5503 2
      vertex 117.428 55.8572 2
      vertex 117.151 55.6674 2
    endloop
  endfacet
  facet normal 0 0 1
    outer loop
      vertex 117.428 55.8572 2
      vertex 117.113 55.5503 2
      vertex 117.661 55.1195 2
    endloop
  endfacet
  facet normal -0 0 1
    outer loop
      vertex 117.044 55.3415 2
      vertex 117.661 55.1195 2
      vertex 117.113 55.5503 2
    endloop
  endfacet
  facet normal 0 0 1
    outer loop
      vertex 116.942 55.041 2
      vertex 117.661 55.1195 2
      vertex 117.044 55.3415 2
    endloop
  endfacet
  facet normal 0 0 1
    outer loop
      vertex 116.809 54.6488 2
      vertex 117.661 55.1195 2
      vertex 116.942 55.041 2
    endloop
  endfacet
  facet normal 0 0 1
    outer loop
      vertex 116.644 54.165 2
      vertex 117.661 55.1195 2
      vertex 116.809 54.6488 2
    endloop
  endfacet
  facet normal 0 0 1
    outer loop
      vertex 117.661 55.1195 2
      vertex 116.644 54.165 2
      vertex 118.415 52.9224 2
    endloop
  endfacet
  facet normal -0 0 1
    outer loop
      vertex 116.447 53.5895 2
      vertex 118.415 52.9224 2
      vertex 116.644 54.165 2
    endloop
  endfacet
  facet normal 0 0 1
    outer loop
      vertex 118.415 52.9224 2
      vertex 116.447 53.5895 2
      vertex 116.218 52.9224 2
    endloop
  endfacet
  facet normal 0 0 1
    outer loop
      vertex 126.095 53.9655 2
      vertex 126.938 54.9137 2
      vertex 126.945 55.0652 2
    endloop
  endfacet
  facet normal 0 0 1
    outer loop
      vertex 126.226 56.0766 2
      vertex 126.945 55.0652 2
      vertex 126.917 55.3574 2
    endloop
  endfacet
  facet normal 0 0 1
    outer loop
      vertex 126.095 53.9655 2
      vertex 126.945 55.0652 2
      vertex 126.226 56.0766 2
    endloop
  endfacet
  facet normal 0 0 1
    outer loop
      vertex 126.938 54.9137 2
      vertex 126.241 54.0089 2
      vertex 126.917 54.7721 2
    endloop
  endfacet
  facet normal 0 0 1
    outer loop
      vertex 126.485 55.9642 2
      vertex 126.917 55.3574 2
      vertex 126.83 55.6046 2
    endloop
  endfacet
  facet normal 0 -0 1
    outer loop
      vertex 126.373 54.0647 2
      vertex 126.917 54.7721 2
      vertex 126.241 54.0089 2
    endloop
  endfacet
  facet normal 0 0 1
    outer loop
      vertex 126.917 54.7721 2
      vertex 126.373 54.0647 2
      vertex 126.882 54.6404 2
    endloop
  endfacet
  facet normal 0 0 1
    outer loop
      vertex 126.485 55.9642 2
      vertex 126.83 55.6046 2
      vertex 126.686 55.8069 2
    endloop
  endfacet
  facet normal 0 0 1
    outer loop
      vertex 126.917 55.3574 2
      vertex 126.485 55.9642 2
      vertex 126.226 56.0766 2
    endloop
  endfacet
  facet normal 0 0 1
    outer loop
      vertex 126.832 54.5187 2
      vertex 126.373 54.0647 2
      vertex 126.768 54.407 2
    endloop
  endfacet
  facet normal 0 0 1
    outer loop
      vertex 126.768 54.407 2
      vertex 126.373 54.0647 2
      vertex 126.69 54.3053 2
    endloop
  endfacet
  facet normal 0 0 1
    outer loop
      vertex 126.69 54.3053 2
      vertex 126.492 54.1329 2
      vertex 126.598 54.2135 2
    endloop
  endfacet
  facet normal 0 0 1
    outer loop
      vertex 126.69 54.3053 2
      vertex 126.373 54.0647 2
      vertex 126.492 54.1329 2
    endloop
  endfacet
  facet normal 0 0 1
    outer loop
      vertex 126.882 54.6404 2
      vertex 126.373 54.0647 2
      vertex 126.832 54.5187 2
    endloop
  endfacet
  facet normal 0 0 1
    outer loop
      vertex 126.938 54.9137 2
      vertex 126.095 53.9655 2
      vertex 126.241 54.0089 2
    endloop
  endfacet
  facet normal 0 0 1
    outer loop
      vertex 125.909 56.144 2
      vertex 126.095 53.9655 2
      vertex 126.226 56.0766 2
    endloop
  endfacet
  facet normal 0 0 1
    outer loop
      vertex 126.095 53.9655 2
      vertex 125.909 56.144 2
      vertex 125.936 53.9345 2
    endloop
  endfacet
  facet normal 0 0 1
    outer loop
      vertex 125.909 56.144 2
      vertex 125.764 53.9159 2
      vertex 125.936 53.9345 2
    endloop
  endfacet
  facet normal 0 0 1
    outer loop
      vertex 125.535 56.1665 2
      vertex 125.764 53.9159 2
      vertex 125.909 56.144 2
    endloop
  endfacet
  facet normal 0 0 1
    outer loop
      vertex 125.764 53.9159 2
      vertex 125.535 56.1665 2
      vertex 125.578 53.9097 2
    endloop
  endfacet
  facet normal 0 0 1
    outer loop
      vertex 123.484 53.9097 2
      vertex 125.535 56.1665 2
      vertex 123.484 56.1665 2
    endloop
  endfacet
  facet normal 0 0 1
    outer loop
      vertex 125.535 56.1665 2
      vertex 123.484 53.9097 2
      vertex 125.578 53.9097 2
    endloop
  endfacet
  facet normal 1 -0 0
    outer loop
      vertex 76.4 4.4 7
      vertex 76.4 102.6 2
      vertex 76.4 102.6 7
    endloop
  endfacet
  facet normal 1 0 0
    outer loop
      vertex 76.4 102.6 2
      vertex 76.4 4.4 7
      vertex 76.4 4.4 2
    endloop
  endfacet
  facet normal 0 -1 0
    outer loop
      vertex 76.4 102.6 2
      vertex 149.6 102.6 7
      vertex 76.4 102.6 7
    endloop
  endfacet
  facet normal 0 -1 -0
    outer loop
      vertex 149.6 102.6 7
      vertex 76.4 102.6 2
      vertex 149.6 102.6 2
    endloop
  endfacet
  facet normal 0 1 -0
    outer loop
      vertex 149.6 4.4 2
      vertex 76.4 4.4 7
      vertex 149.6 4.4 7
    endloop
  endfacet
  facet normal 0 1 0
    outer loop
      vertex 76.4 4.4 7
      vertex 149.6 4.4 2
      vertex 76.4 4.4 2
    endloop
  endfacet
  facet normal 0 0 1
    outer loop
      vertex 111.622 55.1705 1.4
      vertex 112.983 55.6849 1.4
      vertex 112.854 55.953 1.4
    endloop
  endfacet
  facet normal 0 0 1
    outer loop
      vertex 111.55 55.3203 1.4
      vertex 112.854 55.953 1.4
      vertex 112.705 56.2004 1.4
    endloop
  endfacet
  facet normal 0 0 1
    outer loop
      vertex 111.464 55.4605 1.4
      vertex 112.705 56.2004 1.4
      vertex 112.535 56.4271 1.4
    endloop
  endfacet
  facet normal 0 0 1
    outer loop
      vertex 111.363 55.5911 1.4
      vertex 112.535 56.4271 1.4
      vertex 112.345 56.6331 1.4
    endloop
  endfacet
  facet normal 0 0 1
    outer loop
      vertex 111.249 55.7121 1.4
      vertex 112.345 56.6331 1.4
      vertex 112.134 56.8183 1.4
    endloop
  endfacet
  facet normal 0 0 1
    outer loop
      vertex 111.12 55.8234 1.4
      vertex 112.134 56.8183 1.4
      vertex 111.903 56.9829 1.4
    endloop
  endfacet
  facet normal 0 0 1
    outer loop
      vertex 112.705 56.2004 1.4
      vertex 111.464 55.4605 1.4
      vertex 111.55 55.3203 1.4
    endloop
  endfacet
  facet normal 0 0 1
    outer loop
      vertex 110.978 55.9251 1.4
      vertex 111.903 56.9829 1.4
      vertex 111.651 57.1261 1.4
    endloop
  endfacet
  facet normal 0 0 1
    outer loop
      vertex 112.983 55.6849 1.4
      vertex 111.68 55.011 1.4
      vertex 113.091 55.3961 1.4
    endloop
  endfacet
  facet normal 0 -0 1
    outer loop
      vertex 111.68 55.011 1.4
      vertex 112.983 55.6849 1.4
      vertex 111.622 55.1705 1.4
    endloop
  endfacet
  facet normal 0 0 1
    outer loop
      vertex 112.854 55.953 1.4
      vertex 111.55 55.3203 1.4
      vertex 111.622 55.1705 1.4
    endloop
  endfacet
  facet normal 0 0 1
    outer loop
      vertex 110.824 56.015 1.4
      vertex 111.651 57.1261 1.4
      vertex 111.378 57.2473 1.4
    endloop
  endfacet
  facet normal 0 0 1
    outer loop
      vertex 112.535 56.4271 1.4
      vertex 111.363 55.5911 1.4
      vertex 111.464 55.4605 1.4
    endloop
  endfacet
  facet normal 0 0 1
    outer loop
      vertex 112.345 56.6331 1.4
      vertex 111.249 55.7121 1.4
      vertex 111.363 55.5911 1.4
    endloop
  endfacet
  facet normal 0 0 1
    outer loop
      vertex 112.134 56.8183 1.4
      vertex 111.12 55.8234 1.4
      vertex 111.249 55.7121 1.4
    endloop
  endfacet
  facet normal 0 0 1
    outer loop
      vertex 110.663 56.0911 1.4
      vertex 111.378 57.2473 1.4
      vertex 111.086 57.3465 1.4
    endloop
  endfacet
  facet normal 0 0 1
    outer loop
      vertex 111.903 56.9829 1.4
      vertex 110.978 55.9251 1.4
      vertex 111.12 55.8234 1.4
    endloop
  endfacet
  facet normal 0 0 1
    outer loop
      vertex 111.651 57.1261 1.4
      vertex 110.824 56.015 1.4
      vertex 110.978 55.9251 1.4
    endloop
  endfacet
  facet normal 0 0 1
    outer loop
      vertex 110.495 56.1534 1.4
      vertex 111.086 57.3465 1.4
      vertex 110.773 57.4236 1.4
    endloop
  endfacet
  facet normal 0 0 1
    outer loop
      vertex 111.378 57.2473 1.4
      vertex 110.663 56.0911 1.4
      vertex 110.824 56.015 1.4
    endloop
  endfacet
  facet normal 0 0 1
    outer loop
      vertex 111.086 57.3465 1.4
      vertex 110.495 56.1534 1.4
      vertex 110.663 56.0911 1.4
    endloop
  endfacet
  facet normal 0 0 1
    outer loop
      vertex 110.318 56.2018 1.4
      vertex 110.773 57.4236 1.4
      vertex 110.439 57.4787 1.4
    endloop
  endfacet
  facet normal 0 0 1
    outer loop
      vertex 110.773 57.4236 1.4
      vertex 110.318 56.2018 1.4
      vertex 110.495 56.1534 1.4
    endloop
  endfacet
  facet normal 0 0 1
    outer loop
      vertex 110.439 57.4787 1.4
      vertex 110.134 56.2364 1.4
      vertex 110.318 56.2018 1.4
    endloop
  endfacet
  facet normal 0 0 1
    outer loop
      vertex 110.085 57.5117 1.4
      vertex 110.134 56.2364 1.4
      vertex 110.439 57.4787 1.4
    endloop
  endfacet
  facet normal 0 0 1
    outer loop
      vertex 110.085 57.5117 1.4
      vertex 109.943 56.2572 1.4
      vertex 110.134 56.2364 1.4
    endloop
  endfacet
  facet normal 0 0 1
    outer loop
      vertex 109.711 57.5228 1.4
      vertex 109.943 56.2572 1.4
      vertex 110.085 57.5117 1.4
    endloop
  endfacet
  facet normal 0 0 1
    outer loop
      vertex 109.943 56.2572 1.4
      vertex 109.711 57.5228 1.4
      vertex 109.744 56.2641 1.4
    endloop
  endfacet
  facet normal 0 0 1
    outer loop
      vertex 109.711 57.5228 1.4
      vertex 109.444 56.2504 1.4
      vertex 109.744 56.2641 1.4
    endloop
  endfacet
  facet normal -0 0 1
    outer loop
      vertex 109.202 57.5022 1.4
      vertex 109.444 56.2504 1.4
      vertex 109.711 57.5228 1.4
    endloop
  endfacet
  facet normal 0 0 1
    outer loop
      vertex 109.202 57.5022 1.4
      vertex 109.166 56.2092 1.4
      vertex 109.444 56.2504 1.4
    endloop
  endfacet
  facet normal -0 0 1
    outer loop
      vertex 108.728 57.4404 1.4
      vertex 109.166 56.2092 1.4
      vertex 109.202 57.5022 1.4
    endloop
  endfacet
  facet normal 0 0 1
    outer loop
      vertex 109.166 56.2092 1.4
      vertex 108.728 57.4404 1.4
      vertex 108.91 56.1405 1.4
    endloop
  endfacet
  facet normal -0 0 1
    outer loop
      vertex 108.29 57.3374 1.4
      vertex 108.91 56.1405 1.4
      vertex 108.728 57.4404 1.4
    endloop
  endfacet
  facet normal 0 0 1
    outer loop
      vertex 108.91 56.1405 1.4
      vertex 108.29 57.3374 1.4
      vertex 108.674 56.0444 1.4
    endloop
  endfacet
  facet normal -0 0 1
    outer loop
      vertex 107.888 57.1933 1.4
      vertex 108.674 56.0444 1.4
      vertex 108.29 57.3374 1.4
    endloop
  endfacet
  facet normal 0 0 1
    outer loop
      vertex 108.674 56.0444 1.4
      vertex 107.888 57.1933 1.4
      vertex 108.461 55.9209 1.4
    endloop
  endfacet
  facet normal -0 0 1
    outer loop
      vertex 107.522 57.0079 1.4
      vertex 108.461 55.9209 1.4
      vertex 107.888 57.1933 1.4
    endloop
  endfacet
  facet normal 0 0 1
    outer loop
      vertex 108.461 55.9209 1.4
      vertex 107.522 57.0079 1.4
      vertex 108.268 55.7699 1.4
    endloop
  endfacet
  facet normal -0 0 1
    outer loop
      vertex 107.191 56.7814 1.4
      vertex 108.268 55.7699 1.4
      vertex 107.522 57.0079 1.4
    endloop
  endfacet
  facet normal 0 0 1
    outer loop
      vertex 108.268 55.7699 1.4
      vertex 107.191 56.7814 1.4
      vertex 108.097 55.5914 1.4
    endloop
  endfacet
  facet normal -0 0 1
    outer loop
      vertex 106.895 56.5137 1.4
      vertex 108.097 55.5914 1.4
      vertex 107.191 56.7814 1.4
    endloop
  endfacet
  facet normal 0 0 1
    outer loop
      vertex 108.097 55.5914 1.4
      vertex 106.895 56.5137 1.4
      vertex 107.948 55.3865 1.4
    endloop
  endfacet
  facet normal -0 0 1
    outer loop
      vertex 106.638 56.2076 1.4
      vertex 107.948 55.3865 1.4
      vertex 106.895 56.5137 1.4
    endloop
  endfacet
  facet normal -0 0 1
    outer loop
      vertex 106.241 55.4884 1.4
      vertex 107.822 55.1561 1.4
      vertex 106.42 55.8658 1.4
    endloop
  endfacet
  facet normal -0 0 1
    outer loop
      vertex 106.42 55.8658 1.4
      vertex 107.822 55.1561 1.4
      vertex 106.638 56.2076 1.4
    endloop
  endfacet
  facet normal 0 0 1
    outer loop
      vertex 107.948 55.3865 1.4
      vertex 106.638 56.2076 1.4
      vertex 107.822 55.1561 1.4
    endloop
  endfacet
  facet normal 0 0 1
    outer loop
      vertex 111.794 52.369 1.4
      vertex 113.051 51.5381 1.4
      vertex 113.188 51.8428 1.4
    endloop
  endfacet
  facet normal -0 0 1
    outer loop
      vertex 111.615 51.9833 1.4
      vertex 113.051 51.5381 1.4
      vertex 111.794 52.369 1.4
    endloop
  endfacet
  facet normal 0 0 1
    outer loop
      vertex 112.897 51.2566 1.4
      vertex 111.615 51.9833 1.4
      vertex 112.725 50.9983 1.4
    endloop
  endfacet
  facet normal -0 0 1
    outer loop
      vertex 111.4 51.6569 1.4
      vertex 112.725 50.9983 1.4
      vertex 111.615 51.9833 1.4
    endloop
  endfacet
  facet normal 0 0 1
    outer loop
      vertex 112.725 50.9983 1.4
      vertex 111.4 51.6569 1.4
      vertex 112.537 50.7631 1.4
    endloop
  endfacet
  facet normal 0 0 1
    outer loop
      vertex 112.537 50.7631 1.4
      vertex 111.4 51.6569 1.4
      vertex 112.331 50.551 1.4
    endloop
  endfacet
  facet normal 0 0 1
    outer loop
      vertex 113.051 51.5381 1.4
      vertex 111.615 51.9833 1.4
      vertex 112.897 51.2566 1.4
    endloop
  endfacet
  facet normal -0 0 1
    outer loop
      vertex 111.148 51.3898 1.4
      vertex 112.331 50.551 1.4
      vertex 111.4 51.6569 1.4
    endloop
  endfacet
  facet normal 0 0 1
    outer loop
      vertex 112.331 50.551 1.4
      vertex 111.148 51.3898 1.4
      vertex 112.108 50.3621 1.4
    endloop
  endfacet
  facet normal 0 0 1
    outer loop
      vertex 112.108 50.3621 1.4
      vertex 111.148 51.3898 1.4
      vertex 111.867 50.1963 1.4
    endloop
  endfacet
  facet normal 0 0 1
    outer loop
      vertex 111.867 50.1963 1.4
      vertex 111.148 51.3898 1.4
      vertex 111.612 50.0531 1.4
    endloop
  endfacet
  facet normal -0 0 1
    outer loop
      vertex 110.861 51.1821 1.4
      vertex 111.612 50.0531 1.4
      vertex 111.148 51.3898 1.4
    endloop
  endfacet
  facet normal 0 0 1
    outer loop
      vertex 111.612 50.0531 1.4
      vertex 110.861 51.1821 1.4
      vertex 111.342 49.9319 1.4
    endloop
  endfacet
  facet normal 0 0 1
    outer loop
      vertex 111.342 49.9319 1.4
      vertex 110.861 51.1821 1.4
      vertex 111.058 49.8328 1.4
    endloop
  endfacet
  facet normal -0 0 1
    outer loop
      vertex 110.537 51.0338 1.4
      vertex 111.058 49.8328 1.4
      vertex 110.861 51.1821 1.4
    endloop
  endfacet
  facet normal 0 0 1
    outer loop
      vertex 111.058 49.8328 1.4
      vertex 110.537 51.0338 1.4
      vertex 110.76 49.7557 1.4
    endloop
  endfacet
  facet normal -0 0 1
    outer loop
      vertex 110.177 50.9448 1.4
      vertex 110.76 49.7557 1.4
      vertex 110.537 51.0338 1.4
    endloop
  endfacet
  facet normal 0 0 1
    outer loop
      vertex 110.76 49.7557 1.4
      vertex 110.177 50.9448 1.4
      vertex 110.448 49.7006 1.4
    endloop
  endfacet
  facet normal 0 0 1
    outer loop
      vertex 110.177 50.9448 1.4
      vertex 110.122 49.6675 1.4
      vertex 110.448 49.7006 1.4
    endloop
  endfacet
  facet normal -0 0 1
    outer loop
      vertex 109.782 50.9151 1.4
      vertex 110.122 49.6675 1.4
      vertex 110.177 50.9448 1.4
    endloop
  endfacet
  facet normal 0 0 1
    outer loop
      vertex 109.782 50.9151 1.4
      vertex 109.782 49.6565 1.4
      vertex 110.122 49.6675 1.4
    endloop
  endfacet
  facet normal 0 0 1
    outer loop
      vertex 109.48 50.9293 1.4
      vertex 109.782 49.6565 1.4
      vertex 109.782 50.9151 1.4
    endloop
  endfacet
  facet normal 0 0 1
    outer loop
      vertex 109.48 50.9293 1.4
      vertex 109.272 49.6778 1.4
      vertex 109.782 49.6565 1.4
    endloop
  endfacet
  facet normal 0 0 1
    outer loop
      vertex 109.2 50.9718 1.4
      vertex 109.272 49.6778 1.4
      vertex 109.48 50.9293 1.4
    endloop
  endfacet
  facet normal 0 0 1
    outer loop
      vertex 108.796 49.7418 1.4
      vertex 109.2 50.9718 1.4
      vertex 108.941 51.0426 1.4
    endloop
  endfacet
  facet normal 0 0 1
    outer loop
      vertex 109.2 50.9718 1.4
      vertex 108.796 49.7418 1.4
      vertex 109.272 49.6778 1.4
    endloop
  endfacet
  facet normal 0 0 1
    outer loop
      vertex 108.354 49.8483 1.4
      vertex 108.941 51.0426 1.4
      vertex 108.703 51.1418 1.4
    endloop
  endfacet
  facet normal 0 0 1
    outer loop
      vertex 107.947 49.9975 1.4
      vertex 108.703 51.1418 1.4
      vertex 108.485 51.2694 1.4
    endloop
  endfacet
  facet normal 0 0 1
    outer loop
      vertex 108.941 51.0426 1.4
      vertex 108.354 49.8483 1.4
      vertex 108.796 49.7418 1.4
    endloop
  endfacet
  facet normal 0 0 1
    outer loop
      vertex 107.574 50.1893 1.4
      vertex 108.485 51.2694 1.4
      vertex 108.289 51.4253 1.4
    endloop
  endfacet
  facet normal 0 0 1
    outer loop
      vertex 107.235 50.4238 1.4
      vertex 108.289 51.4253 1.4
      vertex 108.113 51.6095 1.4
    endloop
  endfacet
  facet normal 0 0 1
    outer loop
      vertex 106.931 50.7009 1.4
      vertex 108.113 51.6095 1.4
      vertex 107.96 51.8206 1.4
    endloop
  endfacet
  facet normal 0 0 1
    outer loop
      vertex 108.703 51.1418 1.4
      vertex 107.947 49.9975 1.4
      vertex 108.354 49.8483 1.4
    endloop
  endfacet
  facet normal 0 0 1
    outer loop
      vertex 106.664 51.0162 1.4
      vertex 107.96 51.8206 1.4
      vertex 107.83 52.0572 1.4
    endloop
  endfacet
  facet normal 0 0 1
    outer loop
      vertex 106.438 51.3656 1.4
      vertex 107.83 52.0572 1.4
      vertex 107.724 52.3193 1.4
    endloop
  endfacet
  facet normal 0 0 1
    outer loop
      vertex 106.109 52.1663 1.4
      vertex 107.724 52.3193 1.4
      vertex 107.642 52.6068 1.4
    endloop
  endfacet
  facet normal -0 0 1
    outer loop
      vertex 106.006 52.6176 1.4
      vertex 107.642 52.6068 1.4
      vertex 107.583 52.9198 1.4
    endloop
  endfacet
  facet normal 0 0 1
    outer loop
      vertex 108.485 51.2694 1.4
      vertex 107.574 50.1893 1.4
      vertex 107.947 49.9975 1.4
    endloop
  endfacet
  facet normal -0 0 1
    outer loop
      vertex 105.945 53.1029 1.4
      vertex 107.583 52.9198 1.4
      vertex 107.547 53.2583 1.4
    endloop
  endfacet
  facet normal -0 0 1
    outer loop
      vertex 105.924 53.6222 1.4
      vertex 107.547 53.2583 1.4
      vertex 107.536 53.6222 1.4
    endloop
  endfacet
  facet normal 0 0 1
    outer loop
      vertex 108.289 51.4253 1.4
      vertex 107.235 50.4238 1.4
      vertex 107.574 50.1893 1.4
    endloop
  endfacet
  facet normal 0 0 1
    outer loop
      vertex 107.822 55.1561 1.4
      vertex 106.241 55.4884 1.4
      vertex 107.719 54.9003 1.4
    endloop
  endfacet
  facet normal -0 0 1
    outer loop
      vertex 106.103 55.0753 1.4
      vertex 107.719 54.9003 1.4
      vertex 106.241 55.4884 1.4
    endloop
  endfacet
  facet normal 0 0 1
    outer loop
      vertex 107.547 53.2583 1.4
      vertex 105.924 53.6222 1.4
      vertex 105.945 53.1029 1.4
    endloop
  endfacet
  facet normal 0 0 1
    outer loop
      vertex 107.719 54.9003 1.4
      vertex 106.103 55.0753 1.4
      vertex 107.639 54.6189 1.4
    endloop
  endfacet
  facet normal 0 0 1
    outer loop
      vertex 107.583 52.9198 1.4
      vertex 105.945 53.1029 1.4
      vertex 106.006 52.6176 1.4
    endloop
  endfacet
  facet normal -0 0 1
    outer loop
      vertex 106.004 54.6266 1.4
      vertex 107.639 54.6189 1.4
      vertex 106.103 55.0753 1.4
    endloop
  endfacet
  facet normal 0 0 1
    outer loop
      vertex 107.642 52.6068 1.4
      vertex 106.006 52.6176 1.4
      vertex 106.109 52.1663 1.4
    endloop
  endfacet
  facet normal 0 0 1
    outer loop
      vertex 107.639 54.6189 1.4
      vertex 106.004 54.6266 1.4
      vertex 107.581 54.3121 1.4
    endloop
  endfacet
  facet normal 0 0 1
    outer loop
      vertex 107.724 52.3193 1.4
      vertex 106.109 52.1663 1.4
      vertex 106.253 51.7489 1.4
    endloop
  endfacet
  facet normal 0 0 1
    outer loop
      vertex 105.944 54.1422 1.4
      vertex 107.581 54.3121 1.4
      vertex 106.004 54.6266 1.4
    endloop
  endfacet
  facet normal 0 0 1
    outer loop
      vertex 107.724 52.3193 1.4
      vertex 106.253 51.7489 1.4
      vertex 106.438 51.3656 1.4
    endloop
  endfacet
  facet normal 0 0 1
    outer loop
      vertex 107.581 54.3121 1.4
      vertex 105.944 54.1422 1.4
      vertex 107.547 53.9799 1.4
    endloop
  endfacet
  facet normal 0 0 1
    outer loop
      vertex 107.83 52.0572 1.4
      vertex 106.438 51.3656 1.4
      vertex 106.664 51.0162 1.4
    endloop
  endfacet
  facet normal 0 0 1
    outer loop
      vertex 105.924 53.6222 1.4
      vertex 107.547 53.9799 1.4
      vertex 105.944 54.1422 1.4
    endloop
  endfacet
  facet normal 0 0 1
    outer loop
      vertex 107.96 51.8206 1.4
      vertex 106.664 51.0162 1.4
      vertex 106.931 50.7009 1.4
    endloop
  endfacet
  facet normal 0 0 1
    outer loop
      vertex 107.547 53.9799 1.4
      vertex 105.924 53.6222 1.4
      vertex 107.536 53.6222 1.4
    endloop
  endfacet
  facet normal 0 0 1
    outer loop
      vertex 108.113 51.6095 1.4
      vertex 106.931 50.7009 1.4
      vertex 107.235 50.4238 1.4
    endloop
  endfacet
  facet normal 0 0 1
    outer loop
      vertex 103.416 55.5322 1.4
      vertex 104.938 55.8888 1.4
      vertex 104.848 56.1462 1.4
    endloop
  endfacet
  facet normal 0 0 1
    outer loop
      vertex 103.367 55.6583 1.4
      vertex 104.848 56.1462 1.4
      vertex 104.737 56.38 1.4
    endloop
  endfacet
  facet normal 0 0 1
    outer loop
      vertex 103.308 55.7744 1.4
      vertex 104.737 56.38 1.4
      vertex 104.606 56.59 1.4
    endloop
  endfacet
  facet normal 0 0 1
    outer loop
      vertex 103.308 55.7744 1.4
      vertex 104.606 56.59 1.4
      vertex 104.454 56.7763 1.4
    endloop
  endfacet
  facet normal 0 0 1
    outer loop
      vertex 103.239 55.8806 1.4
      vertex 104.454 56.7763 1.4
      vertex 104.281 56.9389 1.4
    endloop
  endfacet
  facet normal 0 0 1
    outer loop
      vertex 103.159 55.9768 1.4
      vertex 104.281 56.9389 1.4
      vertex 104.088 57.0779 1.4
    endloop
  endfacet
  facet normal 0 0 1
    outer loop
      vertex 103.159 55.9768 1.4
      vertex 104.088 57.0779 1.4
      vertex 103.869 57.1959 1.4
    endloop
  endfacet
  facet normal 0 0 1
    outer loop
      vertex 103.07 56.063 1.4
      vertex 103.869 57.1959 1.4
      vertex 103.622 57.2958 1.4
    endloop
  endfacet
  facet normal 0 0 1
    outer loop
      vertex 104.737 56.38 1.4
      vertex 103.308 55.7744 1.4
      vertex 103.367 55.6583 1.4
    endloop
  endfacet
  facet normal 0 0 1
    outer loop
      vertex 104.938 55.8888 1.4
      vertex 103.456 55.3961 1.4
      vertex 105.007 55.6077 1.4
    endloop
  endfacet
  facet normal 0 0 1
    outer loop
      vertex 104.938 55.8888 1.4
      vertex 103.416 55.5322 1.4
      vertex 103.456 55.3961 1.4
    endloop
  endfacet
  facet normal 0 0 1
    outer loop
      vertex 102.97 56.1393 1.4
      vertex 103.622 57.2958 1.4
      vertex 103.346 57.3775 1.4
    endloop
  endfacet
  facet normal 0 0 1
    outer loop
      vertex 104.848 56.1462 1.4
      vertex 103.367 55.6583 1.4
      vertex 103.416 55.5322 1.4
    endloop
  endfacet
  facet normal 0 0 1
    outer loop
      vertex 104.454 56.7763 1.4
      vertex 103.239 55.8806 1.4
      vertex 103.308 55.7744 1.4
    endloop
  endfacet
  facet normal 0 0 1
    outer loop
      vertex 104.281 56.9389 1.4
      vertex 103.159 55.9768 1.4
      vertex 103.239 55.8806 1.4
    endloop
  endfacet
  facet normal 0 0 1
    outer loop
      vertex 103.869 57.1959 1.4
      vertex 103.07 56.063 1.4
      vertex 103.159 55.9768 1.4
    endloop
  endfacet
  facet normal 0 0 1
    outer loop
      vertex 102.859 56.2055 1.4
      vertex 103.346 57.3775 1.4
      vertex 103.041 57.441 1.4
    endloop
  endfacet
  facet normal 0 0 1
    outer loop
      vertex 103.622 57.2958 1.4
      vertex 102.97 56.1393 1.4
      vertex 103.07 56.063 1.4
    endloop
  endfacet
  facet normal 0 0 1
    outer loop
      vertex 103.346 57.3775 1.4
      vertex 102.859 56.2055 1.4
      vertex 102.97 56.1393 1.4
    endloop
  endfacet
  facet normal 0 0 1
    outer loop
      vertex 103.041 57.441 1.4
      vertex 102.735 56.2616 1.4
      vertex 102.859 56.2055 1.4
    endloop
  endfacet
  facet normal 0 0 1
    outer loop
      vertex 102.598 56.3074 1.4
      vertex 103.041 57.441 1.4
      vertex 102.707 57.4864 1.4
    endloop
  endfacet
  facet normal 0 0 1
    outer loop
      vertex 103.041 57.441 1.4
      vertex 102.598 56.3074 1.4
      vertex 102.735 56.2616 1.4
    endloop
  endfacet
  facet normal 0 0 1
    outer loop
      vertex 102.707 57.4864 1.4
      vertex 102.448 56.3431 1.4
      vertex 102.598 56.3074 1.4
    endloop
  endfacet
  facet normal 0 0 1
    outer loop
      vertex 102.344 57.5137 1.4
      vertex 102.448 56.3431 1.4
      vertex 102.707 57.4864 1.4
    endloop
  endfacet
  facet normal 0 0 1
    outer loop
      vertex 102.344 57.5137 1.4
      vertex 102.285 56.3685 1.4
      vertex 102.448 56.3431 1.4
    endloop
  endfacet
  facet normal 0 0 1
    outer loop
      vertex 102.344 57.5137 1.4
      vertex 102.109 56.3838 1.4
      vertex 102.285 56.3685 1.4
    endloop
  endfacet
  facet normal 0 0 1
    outer loop
      vertex 101.953 57.5228 1.4
      vertex 102.109 56.3838 1.4
      vertex 102.344 57.5137 1.4
    endloop
  endfacet
  facet normal 0 0 1
    outer loop
      vertex 101.953 57.5228 1.4
      vertex 101.92 56.3889 1.4
      vertex 102.109 56.3838 1.4
    endloop
  endfacet
  facet normal -0 0 1
    outer loop
      vertex 101.543 57.5115 1.4
      vertex 101.92 56.3889 1.4
      vertex 101.953 57.5228 1.4
    endloop
  endfacet
  facet normal 0 0 1
    outer loop
      vertex 101.543 57.5115 1.4
      vertex 101.535 56.3703 1.4
      vertex 101.92 56.3889 1.4
    endloop
  endfacet
  facet normal -0 0 1
    outer loop
      vertex 101.161 57.4778 1.4
      vertex 101.535 56.3703 1.4
      vertex 101.543 57.5115 1.4
    endloop
  endfacet
  facet normal 0 0 1
    outer loop
      vertex 101.535 56.3703 1.4
      vertex 101.161 57.4778 1.4
      vertex 101.208 56.3145 1.4
    endloop
  endfacet
  facet normal -0 0 1
    outer loop
      vertex 100.809 57.4216 1.4
      vertex 101.208 56.3145 1.4
      vertex 101.161 57.4778 1.4
    endloop
  endfacet
  facet normal 0 0 1
    outer loop
      vertex 101.208 56.3145 1.4
      vertex 100.809 57.4216 1.4
      vertex 100.941 56.2215 1.4
    endloop
  endfacet
  facet normal -0 0 1
    outer loop
      vertex 100.485 57.343 1.4
      vertex 100.941 56.2215 1.4
      vertex 100.809 57.4216 1.4
    endloop
  endfacet
  facet normal -0 0 1
    outer loop
      vertex 100.191 57.2418 1.4
      vertex 100.941 56.2215 1.4
      vertex 100.485 57.343 1.4
    endloop
  endfacet
  facet normal 0 0 1
    outer loop
      vertex 100.941 56.2215 1.4
      vertex 100.191 57.2418 1.4
      vertex 100.733 56.0913 1.4
    endloop
  endfacet
  facet normal -0 0 1
    outer loop
      vertex 99.9248 57.1182 1.4
      vertex 100.733 56.0913 1.4
      vertex 100.191 57.2418 1.4
    endloop
  endfacet
  facet normal -0 0 1
    outer loop
      vertex 99.6879 56.9721 1.4
      vertex 100.733 56.0913 1.4
      vertex 99.9248 57.1182 1.4
    endloop
  endfacet
  facet normal 0 0 1
    outer loop
      vertex 100.733 56.0913 1.4
      vertex 99.6879 56.9721 1.4
      vertex 100.585 55.9239 1.4
    endloop
  endfacet
  facet normal 0 0 1
    outer loop
      vertex 100.466 55.4776 1.4
      vertex 100.285 53.4653 1.4
      vertex 100.38 53.4296 1.4
    endloop
  endfacet
  facet normal 0 0 1
    outer loop
      vertex 100.466 55.4776 1.4
      vertex 100.193 53.5029 1.4
      vertex 100.285 53.4653 1.4
    endloop
  endfacet
  facet normal -0 0 1
    outer loop
      vertex 99.4814 56.8049 1.4
      vertex 100.585 55.9239 1.4
      vertex 99.6879 56.9721 1.4
    endloop
  endfacet
  facet normal 0 0 1
    outer loop
      vertex 100.466 55.4776 1.4
      vertex 100.103 53.5422 1.4
      vertex 100.193 53.5029 1.4
    endloop
  endfacet
  facet normal 0 0 1
    outer loop
      vertex 100.466 55.4776 1.4
      vertex 100.016 53.5832 1.4
      vertex 100.103 53.5422 1.4
    endloop
  endfacet
  facet normal 0 0 1
    outer loop
      vertex 100.466 55.4776 1.4
      vertex 99.9323 53.6261 1.4
      vertex 100.016 53.5832 1.4
    endloop
  endfacet
  facet normal -0 0 1
    outer loop
      vertex 99.3066 56.6178 1.4
      vertex 100.585 55.9239 1.4
      vertex 99.4814 56.8049 1.4
    endloop
  endfacet
  facet normal 0 -0 1
    outer loop
      vertex 98.9181 55.1603 1.4
      vertex 100.466 55.4776 1.4
      vertex 98.9116 55.271 1.4
    endloop
  endfacet
  facet normal 0 -0 1
    outer loop
      vertex 98.9289 55.0535 1.4
      vertex 100.466 55.4776 1.4
      vertex 98.9181 55.1603 1.4
    endloop
  endfacet
  facet normal 0 0 1
    outer loop
      vertex 100.466 55.4776 1.4
      vertex 99.8508 53.6707 1.4
      vertex 99.9323 53.6261 1.4
    endloop
  endfacet
  facet normal 0 0 1
    outer loop
      vertex 100.585 55.9239 1.4
      vertex 99.3066 56.6178 1.4
      vertex 100.496 55.7193 1.4
    endloop
  endfacet
  facet normal 0 -0 1
    outer loop
      vertex 98.944 54.9504 1.4
      vertex 100.466 55.4776 1.4
      vertex 98.9289 55.0535 1.4
    endloop
  endfacet
  facet normal 0 0 1
    outer loop
      vertex 100.466 55.4776 1.4
      vertex 99.7719 53.7171 1.4
      vertex 99.8508 53.6707 1.4
    endloop
  endfacet
  facet normal 0 0 1
    outer loop
      vertex 100.466 55.4776 1.4
      vertex 99.6961 53.7657 1.4
      vertex 99.7719 53.7171 1.4
    endloop
  endfacet
  facet normal -0 0 1
    outer loop
      vertex 99.1637 56.411 1.4
      vertex 100.496 55.7193 1.4
      vertex 99.3066 56.6178 1.4
    endloop
  endfacet
  facet normal 0 0 1
    outer loop
      vertex 100.466 55.4776 1.4
      vertex 99.6236 53.8172 1.4
      vertex 99.6961 53.7657 1.4
    endloop
  endfacet
  facet normal 0 0 1
    outer loop
      vertex 100.466 55.4776 1.4
      vertex 99.5544 53.8714 1.4
      vertex 99.6236 53.8172 1.4
    endloop
  endfacet
  facet normal 0 0 1
    outer loop
      vertex 100.466 55.4776 1.4
      vertex 99.4885 53.9284 1.4
      vertex 99.5544 53.8714 1.4
    endloop
  endfacet
  facet normal -0 0 1
    outer loop
      vertex 99.0524 56.1843 1.4
      vertex 100.496 55.7193 1.4
      vertex 99.1637 56.411 1.4
    endloop
  endfacet
  facet normal 0 0 1
    outer loop
      vertex 100.466 55.4776 1.4
      vertex 99.426 53.9881 1.4
      vertex 99.4885 53.9284 1.4
    endloop
  endfacet
  facet normal 0 0 1
    outer loop
      vertex 100.466 55.4776 1.4
      vertex 99.3667 54.0506 1.4
      vertex 99.426 53.9881 1.4
    endloop
  endfacet
  facet normal -0 0 1
    outer loop
      vertex 98.973 55.9378 1.4
      vertex 100.496 55.7193 1.4
      vertex 99.0524 56.1843 1.4
    endloop
  endfacet
  facet normal 0 0 1
    outer loop
      vertex 100.466 55.4776 1.4
      vertex 99.3108 54.1159 1.4
      vertex 99.3667 54.0506 1.4
    endloop
  endfacet
  facet normal 0 0 1
    outer loop
      vertex 100.466 55.4776 1.4
      vertex 99.2583 54.1842 1.4
      vertex 99.3108 54.1159 1.4
    endloop
  endfacet
  facet normal 0 0 1
    outer loop
      vertex 100.466 55.4776 1.4
      vertex 99.2092 54.2558 1.4
      vertex 99.2583 54.1842 1.4
    endloop
  endfacet
  facet normal 0 0 1
    outer loop
      vertex 100.496 55.7193 1.4
      vertex 98.973 55.9378 1.4
      vertex 100.466 55.4776 1.4
    endloop
  endfacet
  facet normal 0 0 1
    outer loop
      vertex 100.466 55.4776 1.4
      vertex 99.1635 54.3308 1.4
      vertex 99.2092 54.2558 1.4
    endloop
  endfacet
  facet normal 0 0 1
    outer loop
      vertex 100.466 55.4776 1.4
      vertex 99.0825 54.4906 1.4
      vertex 99.1213 54.409 1.4
    endloop
  endfacet
  facet normal 0 0 1
    outer loop
      vertex 100.466 55.4776 1.4
      vertex 99.0471 54.5756 1.4
      vertex 99.0825 54.4906 1.4
    endloop
  endfacet
  facet normal 0 0 1
    outer loop
      vertex 100.466 55.4776 1.4
      vertex 98.973 55.9378 1.4
      vertex 98.9253 55.6714 1.4
    endloop
  endfacet
  facet normal 0 0 1
    outer loop
      vertex 100.466 55.4776 1.4
      vertex 98.9872 54.7556 1.4
      vertex 99.0152 54.6638 1.4
    endloop
  endfacet
  facet normal 0 -0 1
    outer loop
      vertex 98.9872 54.7556 1.4
      vertex 100.466 55.4776 1.4
      vertex 98.9634 54.8511 1.4
    endloop
  endfacet
  facet normal 0 -0 1
    outer loop
      vertex 98.9634 54.8511 1.4
      vertex 100.466 55.4776 1.4
      vertex 98.944 54.9504 1.4
    endloop
  endfacet
  facet normal 0 0 1
    outer loop
      vertex 100.466 55.4776 1.4
      vertex 98.9253 55.6714 1.4
      vertex 98.9095 55.3853 1.4
    endloop
  endfacet
  facet normal 0 0 1
    outer loop
      vertex 100.466 55.4776 1.4
      vertex 99.0152 54.6638 1.4
      vertex 99.0471 54.5756 1.4
    endloop
  endfacet
  facet normal 0 0 1
    outer loop
      vertex 100.466 55.4776 1.4
      vertex 99.1213 54.409 1.4
      vertex 99.1635 54.3308 1.4
    endloop
  endfacet
  facet normal 0 0 1
    outer loop
      vertex 100.466 55.4776 1.4
      vertex 98.9095 55.3853 1.4
      vertex 98.9116 55.271 1.4
    endloop
  endfacet
  facet normal 0 0 1
    outer loop
      vertex 105.208 51.9676 1.4
      vertex 103.647 51.966 1.4
      vertex 103.651 51.8753 1.4
    endloop
  endfacet
  facet normal 0 0 1
    outer loop
      vertex 103.887 53.9016 1.4
      vertex 103.635 52.052 1.4
      vertex 103.647 51.966 1.4
    endloop
  endfacet
  facet normal 0 0 1
    outer loop
      vertex 103.887 53.9016 1.4
      vertex 103.616 52.1334 1.4
      vertex 103.635 52.052 1.4
    endloop
  endfacet
  facet normal 0 0 1
    outer loop
      vertex 103.887 53.9016 1.4
      vertex 103.588 52.2101 1.4
      vertex 103.616 52.1334 1.4
    endloop
  endfacet
  facet normal 0 0 1
    outer loop
      vertex 103.103 52.6786 1.4
      vertex 103.738 53.9588 1.4
      vertex 103.564 54.0176 1.4
    endloop
  endfacet
  facet normal 0 0 1
    outer loop
      vertex 103.887 53.9016 1.4
      vertex 103.553 52.2822 1.4
      vertex 103.588 52.2101 1.4
    endloop
  endfacet
  facet normal 0 0 1
    outer loop
      vertex 103.887 53.9016 1.4
      vertex 103.509 52.3496 1.4
      vertex 103.553 52.2822 1.4
    endloop
  endfacet
  facet normal 0 0 1
    outer loop
      vertex 103.887 53.9016 1.4
      vertex 103.458 52.4124 1.4
      vertex 103.509 52.3496 1.4
    endloop
  endfacet
  facet normal 0 0 1
    outer loop
      vertex 103.887 53.9016 1.4
      vertex 103.4 52.4714 1.4
      vertex 103.458 52.4124 1.4
    endloop
  endfacet
  facet normal 0 0 1
    outer loop
      vertex 103.013 52.7233 1.4
      vertex 103.564 54.0176 1.4
      vertex 103.365 54.0777 1.4
    endloop
  endfacet
  facet normal 0 0 1
    outer loop
      vertex 103.887 53.9016 1.4
      vertex 103.335 52.5275 1.4
      vertex 103.4 52.4714 1.4
    endloop
  endfacet
  facet normal 0 0 1
    outer loop
      vertex 103.887 53.9016 1.4
      vertex 103.264 52.5808 1.4
      vertex 103.335 52.5275 1.4
    endloop
  endfacet
  facet normal 0 0 1
    outer loop
      vertex 103.887 53.9016 1.4
      vertex 103.187 52.6311 1.4
      vertex 103.264 52.5808 1.4
    endloop
  endfacet
  facet normal 0 0 1
    outer loop
      vertex 102.803 52.8065 1.4
      vertex 103.365 54.0777 1.4
      vertex 103.14 54.1394 1.4
    endloop
  endfacet
  facet normal 0 0 1
    outer loop
      vertex 103.738 53.9588 1.4
      vertex 103.103 52.6786 1.4
      vertex 103.187 52.6311 1.4
    endloop
  endfacet
  facet normal 0 0 1
    outer loop
      vertex 103.564 54.0176 1.4
      vertex 103.013 52.7233 1.4
      vertex 103.103 52.6786 1.4
    endloop
  endfacet
  facet normal 0 0 1
    outer loop
      vertex 103.365 54.0777 1.4
      vertex 102.916 52.765 1.4
      vertex 103.013 52.7233 1.4
    endloop
  endfacet
  facet normal 0 0 1
    outer loop
      vertex 102.663 52.8505 1.4
      vertex 103.14 54.1394 1.4
      vertex 102.889 54.2024 1.4
    endloop
  endfacet
  facet normal 0 0 1
    outer loop
      vertex 103.365 54.0777 1.4
      vertex 102.803 52.8065 1.4
      vertex 102.916 52.765 1.4
    endloop
  endfacet
  facet normal 0 0 1
    outer loop
      vertex 103.14 54.1394 1.4
      vertex 102.663 52.8505 1.4
      vertex 102.803 52.8065 1.4
    endloop
  endfacet
  facet normal 0 0 1
    outer loop
      vertex 102.498 52.8969 1.4
      vertex 102.889 54.2024 1.4
      vertex 102.613 54.2669 1.4
    endloop
  endfacet
  facet normal 0 0 1
    outer loop
      vertex 102.889 54.2024 1.4
      vertex 102.498 52.8969 1.4
      vertex 102.663 52.8505 1.4
    endloop
  endfacet
  facet normal 0 0 1
    outer loop
      vertex 102.088 52.997 1.4
      vertex 102.613 54.2669 1.4
      vertex 102.311 54.3328 1.4
    endloop
  endfacet
  facet normal 0 0 1
    outer loop
      vertex 102.613 54.2669 1.4
      vertex 102.306 52.9457 1.4
      vertex 102.498 52.8969 1.4
    endloop
  endfacet
  facet normal 0 0 1
    outer loop
      vertex 102.613 54.2669 1.4
      vertex 102.088 52.997 1.4
      vertex 102.306 52.9457 1.4
    endloop
  endfacet
  facet normal 0 0 1
    outer loop
      vertex 101.844 53.0507 1.4
      vertex 102.311 54.3328 1.4
      vertex 102.059 54.3888 1.4
    endloop
  endfacet
  facet normal 0 0 1
    outer loop
      vertex 102.311 54.3328 1.4
      vertex 101.844 53.0507 1.4
      vertex 102.088 52.997 1.4
    endloop
  endfacet
  facet normal 0 0 1
    outer loop
      vertex 101.573 53.1068 1.4
      vertex 102.059 54.3888 1.4
      vertex 101.832 54.442 1.4
    endloop
  endfacet
  facet normal 0 0 1
    outer loop
      vertex 101.339 53.1626 1.4
      vertex 101.832 54.442 1.4
      vertex 101.63 54.4924 1.4
    endloop
  endfacet
  facet normal 0 0 1
    outer loop
      vertex 102.059 54.3888 1.4
      vertex 101.573 53.1068 1.4
      vertex 101.844 53.0507 1.4
    endloop
  endfacet
  facet normal 0 0 1
    outer loop
      vertex 101.126 53.2151 1.4
      vertex 101.63 54.4924 1.4
      vertex 101.454 54.5401 1.4
    endloop
  endfacet
  facet normal 0 0 1
    outer loop
      vertex 101.832 54.442 1.4
      vertex 101.339 53.1626 1.4
      vertex 101.573 53.1068 1.4
    endloop
  endfacet
  facet normal 0 0 1
    outer loop
      vertex 100.934 53.2644 1.4
      vertex 101.454 54.5401 1.4
      vertex 101.304 54.585 1.4
    endloop
  endfacet
  facet normal 0 0 1
    outer loop
      vertex 100.764 53.3105 1.4
      vertex 101.304 54.585 1.4
      vertex 101.179 54.6271 1.4
    endloop
  endfacet
  facet normal 0 0 1
    outer loop
      vertex 101.63 54.4924 1.4
      vertex 101.126 53.2151 1.4
      vertex 101.339 53.1626 1.4
    endloop
  endfacet
  facet normal 0 0 1
    outer loop
      vertex 100.614 53.3534 1.4
      vertex 101.179 54.6271 1.4
      vertex 101.079 54.6664 1.4
    endloop
  endfacet
  facet normal 0 0 1
    outer loop
      vertex 100.486 53.3931 1.4
      vertex 101.079 54.6664 1.4
      vertex 100.996 54.7056 1.4
    endloop
  endfacet
  facet normal 0 0 1
    outer loop
      vertex 101.454 54.5401 1.4
      vertex 100.934 53.2644 1.4
      vertex 101.126 53.2151 1.4
    endloop
  endfacet
  facet normal 0 0 1
    outer loop
      vertex 100.38 53.4296 1.4
      vertex 100.996 54.7056 1.4
      vertex 100.918 54.7471 1.4
    endloop
  endfacet
  facet normal 0 0 1
    outer loop
      vertex 100.38 53.4296 1.4
      vertex 100.918 54.7471 1.4
      vertex 100.846 54.7908 1.4
    endloop
  endfacet
  facet normal 0 0 1
    outer loop
      vertex 100.38 53.4296 1.4
      vertex 100.846 54.7908 1.4
      vertex 100.781 54.837 1.4
    endloop
  endfacet
  facet normal 0 0 1
    outer loop
      vertex 101.304 54.585 1.4
      vertex 100.764 53.3105 1.4
      vertex 100.934 53.2644 1.4
    endloop
  endfacet
  facet normal 0 0 1
    outer loop
      vertex 100.38 53.4296 1.4
      vertex 100.781 54.837 1.4
      vertex 100.722 54.8854 1.4
    endloop
  endfacet
  facet normal 0 0 1
    outer loop
      vertex 100.38 53.4296 1.4
      vertex 100.722 54.8854 1.4
      vertex 100.668 54.9362 1.4
    endloop
  endfacet
  facet normal 0 0 1
    outer loop
      vertex 100.38 53.4296 1.4
      vertex 100.668 54.9362 1.4
      vertex 100.621 54.9892 1.4
    endloop
  endfacet
  facet normal 0 0 1
    outer loop
      vertex 101.179 54.6271 1.4
      vertex 100.614 53.3534 1.4
      vertex 100.764 53.3105 1.4
    endloop
  endfacet
  facet normal 0 0 1
    outer loop
      vertex 100.38 53.4296 1.4
      vertex 100.621 54.9892 1.4
      vertex 100.58 55.0457 1.4
    endloop
  endfacet
  facet normal 0 0 1
    outer loop
      vertex 100.38 53.4296 1.4
      vertex 100.58 55.0457 1.4
      vertex 100.545 55.1066 1.4
    endloop
  endfacet
  facet normal 0 0 1
    outer loop
      vertex 100.38 53.4296 1.4
      vertex 100.545 55.1066 1.4
      vertex 100.517 55.172 1.4
    endloop
  endfacet
  facet normal 0 0 1
    outer loop
      vertex 100.38 53.4296 1.4
      vertex 100.517 55.172 1.4
      vertex 100.495 55.2417 1.4
    endloop
  endfacet
  facet normal 0 0 1
    outer loop
      vertex 101.079 54.6664 1.4
      vertex 100.486 53.3931 1.4
      vertex 100.614 53.3534 1.4
    endloop
  endfacet
  facet normal 0 0 1
    outer loop
      vertex 100.38 53.4296 1.4
      vertex 100.495 55.2417 1.4
      vertex 100.479 55.3159 1.4
    endloop
  endfacet
  facet normal 0 0 1
    outer loop
      vertex 100.38 53.4296 1.4
      vertex 100.479 55.3159 1.4
      vertex 100.47 55.3945 1.4
    endloop
  endfacet
  facet normal 0 0 1
    outer loop
      vertex 100.38 53.4296 1.4
      vertex 100.47 55.3945 1.4
      vertex 100.466 55.4776 1.4
    endloop
  endfacet
  facet normal 0 0 1
    outer loop
      vertex 100.996 54.7056 1.4
      vertex 100.38 53.4296 1.4
      vertex 100.486 53.3931 1.4
    endloop
  endfacet
  facet normal 0 0 1
    outer loop
      vertex 103.647 51.966 1.4
      vertex 105.205 52.1017 1.4
      vertex 105.196 52.2313 1.4
    endloop
  endfacet
  facet normal 0 0 1
    outer loop
      vertex 103.647 51.966 1.4
      vertex 105.208 51.9676 1.4
      vertex 105.205 52.1017 1.4
    endloop
  endfacet
  facet normal 0 0 1
    outer loop
      vertex 103.647 51.966 1.4
      vertex 105.196 52.2313 1.4
      vertex 105.181 52.3563 1.4
    endloop
  endfacet
  facet normal 0 0 1
    outer loop
      vertex 103.647 51.966 1.4
      vertex 105.181 52.3563 1.4
      vertex 105.16 52.4768 1.4
    endloop
  endfacet
  facet normal 0 0 1
    outer loop
      vertex 105.208 51.9676 1.4
      vertex 103.651 51.8753 1.4
      vertex 105.191 51.6575 1.4
    endloop
  endfacet
  facet normal 0 0 1
    outer loop
      vertex 103.647 51.966 1.4
      vertex 105.16 52.4768 1.4
      vertex 105.133 52.5928 1.4
    endloop
  endfacet
  facet normal 0 0 1
    outer loop
      vertex 103.647 51.966 1.4
      vertex 105.133 52.5928 1.4
      vertex 105.1 52.7042 1.4
    endloop
  endfacet
  facet normal 0 0 1
    outer loop
      vertex 103.647 51.966 1.4
      vertex 105.1 52.7042 1.4
      vertex 105.061 52.8111 1.4
    endloop
  endfacet
  facet normal 0 0 1
    outer loop
      vertex 105.191 51.6575 1.4
      vertex 103.651 51.8753 1.4
      vertex 105.14 51.369 1.4
    endloop
  endfacet
  facet normal 0 0 1
    outer loop
      vertex 103.647 51.966 1.4
      vertex 105.061 52.8111 1.4
      vertex 105.017 52.9136 1.4
    endloop
  endfacet
  facet normal 0 0 1
    outer loop
      vertex 103.647 51.966 1.4
      vertex 105.017 52.9136 1.4
      vertex 104.967 53.0119 1.4
    endloop
  endfacet
  facet normal -0 0 1
    outer loop
      vertex 103.617 51.6047 1.4
      vertex 105.14 51.369 1.4
      vertex 103.651 51.8753 1.4
    endloop
  endfacet
  facet normal 0 0 1
    outer loop
      vertex 103.647 51.966 1.4
      vertex 104.967 53.0119 1.4
      vertex 104.912 53.1061 1.4
    endloop
  endfacet
  facet normal 0 0 1
    outer loop
      vertex 103.647 51.966 1.4
      vertex 104.912 53.1061 1.4
      vertex 104.851 53.196 1.4
    endloop
  endfacet
  facet normal 0 0 1
    outer loop
      vertex 103.647 51.966 1.4
      vertex 104.851 53.196 1.4
      vertex 104.786 53.2817 1.4
    endloop
  endfacet
  facet normal 0 0 1
    outer loop
      vertex 105.14 51.369 1.4
      vertex 103.617 51.6047 1.4
      vertex 105.055 51.1022 1.4
    endloop
  endfacet
  facet normal 0 0 1
    outer loop
      vertex 103.647 51.966 1.4
      vertex 104.786 53.2817 1.4
      vertex 104.715 53.3632 1.4
    endloop
  endfacet
  facet normal 0 0 1
    outer loop
      vertex 103.647 51.966 1.4
      vertex 104.715 53.3632 1.4
      vertex 104.638 53.4404 1.4
    endloop
  endfacet
  facet normal 0 0 1
    outer loop
      vertex 105.055 51.1022 1.4
      vertex 103.617 51.6047 1.4
      vertex 104.936 50.8569 1.4
    endloop
  endfacet
  facet normal 0 0 1
    outer loop
      vertex 103.647 51.966 1.4
      vertex 104.638 53.4404 1.4
      vertex 104.555 53.5143 1.4
    endloop
  endfacet
  facet normal 0 0 1
    outer loop
      vertex 103.647 51.966 1.4
      vertex 104.555 53.5143 1.4
      vertex 104.464 53.5855 1.4
    endloop
  endfacet
  facet normal -0 0 1
    outer loop
      vertex 103.514 51.3758 1.4
      vertex 104.936 50.8569 1.4
      vertex 103.617 51.6047 1.4
    endloop
  endfacet
  facet normal 0 0 1
    outer loop
      vertex 103.647 51.966 1.4
      vertex 104.464 53.5855 1.4
      vertex 104.365 53.654 1.4
    endloop
  endfacet
  facet normal 0 0 1
    outer loop
      vertex 103.647 51.966 1.4
      vertex 104.365 53.654 1.4
      vertex 104.257 53.7199 1.4
    endloop
  endfacet
  facet normal 0 0 1
    outer loop
      vertex 103.647 51.966 1.4
      vertex 104.257 53.7199 1.4
      vertex 104.142 53.7831 1.4
    endloop
  endfacet
  facet normal 0 0 1
    outer loop
      vertex 104.936 50.8569 1.4
      vertex 103.514 51.3758 1.4
      vertex 104.783 50.6332 1.4
    endloop
  endfacet
  facet normal 0 0 1
    outer loop
      vertex 103.647 51.966 1.4
      vertex 104.142 53.7831 1.4
      vertex 104.018 53.8437 1.4
    endloop
  endfacet
  facet normal 0 0 1
    outer loop
      vertex 103.647 51.966 1.4
      vertex 104.018 53.8437 1.4
      vertex 103.887 53.9016 1.4
    endloop
  endfacet
  facet normal 0 0 1
    outer loop
      vertex 104.783 50.6332 1.4
      vertex 103.514 51.3758 1.4
      vertex 104.596 50.4311 1.4
    endloop
  endfacet
  facet normal 0 0 1
    outer loop
      vertex 103.187 52.6311 1.4
      vertex 103.887 53.9016 1.4
      vertex 103.738 53.9588 1.4
    endloop
  endfacet
  facet normal 0 0 1
    outer loop
      vertex 104.596 50.4311 1.4
      vertex 103.514 51.3758 1.4
      vertex 104.375 50.2505 1.4
    endloop
  endfacet
  facet normal -0 0 1
    outer loop
      vertex 103.343 51.1884 1.4
      vertex 104.375 50.2505 1.4
      vertex 103.514 51.3758 1.4
    endloop
  endfacet
  facet normal 0 0 1
    outer loop
      vertex 104.375 50.2505 1.4
      vertex 103.343 51.1884 1.4
      vertex 104.121 50.0929 1.4
    endloop
  endfacet
  facet normal 0 0 1
    outer loop
      vertex 104.121 50.0929 1.4
      vertex 103.343 51.1884 1.4
      vertex 103.836 49.9596 1.4
    endloop
  endfacet
  facet normal -0 0 1
    outer loop
      vertex 103.104 51.0427 1.4
      vertex 103.836 49.9596 1.4
      vertex 103.343 51.1884 1.4
    endloop
  endfacet
  facet normal 0 0 1
    outer loop
      vertex 103.836 49.9596 1.4
      vertex 103.104 51.0427 1.4
      vertex 103.518 49.8505 1.4
    endloop
  endfacet
  facet normal 0 0 1
    outer loop
      vertex 103.518 49.8505 1.4
      vertex 103.104 51.0427 1.4
      vertex 103.169 49.7656 1.4
    endloop
  endfacet
  facet normal -0 0 1
    outer loop
      vertex 102.796 50.9387 1.4
      vertex 103.169 49.7656 1.4
      vertex 103.104 51.0427 1.4
    endloop
  endfacet
  facet normal 0 0 1
    outer loop
      vertex 102.796 50.9387 1.4
      vertex 102.788 49.705 1.4
      vertex 103.169 49.7656 1.4
    endloop
  endfacet
  facet normal -0 0 1
    outer loop
      vertex 102.419 50.8762 1.4
      vertex 102.788 49.705 1.4
      vertex 102.796 50.9387 1.4
    endloop
  endfacet
  facet normal 0 0 1
    outer loop
      vertex 102.419 50.8762 1.4
      vertex 102.376 49.6687 1.4
      vertex 102.788 49.705 1.4
    endloop
  endfacet
  facet normal -0 0 1
    outer loop
      vertex 101.975 50.8554 1.4
      vertex 102.376 49.6687 1.4
      vertex 102.419 50.8762 1.4
    endloop
  endfacet
  facet normal 0 0 1
    outer loop
      vertex 101.975 50.8554 1.4
      vertex 101.931 49.6565 1.4
      vertex 102.376 49.6687 1.4
    endloop
  endfacet
  facet normal 0 0 1
    outer loop
      vertex 101.751 50.861 1.4
      vertex 101.931 49.6565 1.4
      vertex 101.975 50.8554 1.4
    endloop
  endfacet
  facet normal 0 0 1
    outer loop
      vertex 101.524 49.6672 1.4
      vertex 101.751 50.861 1.4
      vertex 101.541 50.8778 1.4
    endloop
  endfacet
  facet normal 0 0 1
    outer loop
      vertex 101.751 50.861 1.4
      vertex 101.524 49.6672 1.4
      vertex 101.931 49.6565 1.4
    endloop
  endfacet
  facet normal 0 0 1
    outer loop
      vertex 101.143 49.699 1.4
      vertex 101.541 50.8778 1.4
      vertex 101.346 50.9057 1.4
    endloop
  endfacet
  facet normal 0 0 1
    outer loop
      vertex 101.143 49.699 1.4
      vertex 101.346 50.9057 1.4
      vertex 101.166 50.9449 1.4
    endloop
  endfacet
  facet normal 0 0 1
    outer loop
      vertex 101.541 50.8778 1.4
      vertex 101.143 49.699 1.4
      vertex 101.524 49.6672 1.4
    endloop
  endfacet
  facet normal 0 0 1
    outer loop
      vertex 100.788 49.7522 1.4
      vertex 101.166 50.9449 1.4
      vertex 101 50.9952 1.4
    endloop
  endfacet
  facet normal 0 0 1
    outer loop
      vertex 100.458 49.8266 1.4
      vertex 101 50.9952 1.4
      vertex 100.848 51.0567 1.4
    endloop
  endfacet
  facet normal 0 0 1
    outer loop
      vertex 101.166 50.9449 1.4
      vertex 100.788 49.7522 1.4
      vertex 101.143 49.699 1.4
    endloop
  endfacet
  facet normal 0 0 1
    outer loop
      vertex 100.155 49.9222 1.4
      vertex 100.848 51.0567 1.4
      vertex 100.71 51.1293 1.4
    endloop
  endfacet
  facet normal 0 0 1
    outer loop
      vertex 99.8772 50.0392 1.4
      vertex 100.71 51.1293 1.4
      vertex 100.586 51.2144 1.4
    endloop
  endfacet
  facet normal 0 0 1
    outer loop
      vertex 99.6255 50.1773 1.4
      vertex 100.586 51.2144 1.4
      vertex 100.474 51.3131 1.4
    endloop
  endfacet
  facet normal 0 0 1
    outer loop
      vertex 101 50.9952 1.4
      vertex 100.458 49.8266 1.4
      vertex 100.788 49.7522 1.4
    endloop
  endfacet
  facet normal 0 0 1
    outer loop
      vertex 99.399 50.3371 1.4
      vertex 100.474 51.3131 1.4
      vertex 100.375 51.4255 1.4
    endloop
  endfacet
  facet normal 0 0 1
    outer loop
      vertex 99.1969 50.5188 1.4
      vertex 100.375 51.4255 1.4
      vertex 100.287 51.5514 1.4
    endloop
  endfacet
  facet normal 0 0 1
    outer loop
      vertex 99.019 50.7224 1.4
      vertex 100.287 51.5514 1.4
      vertex 100.212 51.691 1.4
    endloop
  endfacet
  facet normal 0 0 1
    outer loop
      vertex 100.848 51.0567 1.4
      vertex 100.155 49.9222 1.4
      vertex 100.458 49.8266 1.4
    endloop
  endfacet
  facet normal 0 0 1
    outer loop
      vertex 98.7365 51.1953 1.4
      vertex 100.212 51.691 1.4
      vertex 100.149 51.8441 1.4
    endloop
  endfacet
  facet normal 0 0 1
    outer loop
      vertex 98.6318 51.4647 1.4
      vertex 100.149 51.8441 1.4
      vertex 100.098 52.0109 1.4
    endloop
  endfacet
  facet normal 0 0 1
    outer loop
      vertex 100.71 51.1293 1.4
      vertex 99.8772 50.0392 1.4
      vertex 100.155 49.9222 1.4
    endloop
  endfacet
  facet normal 0 0 1
    outer loop
      vertex 100.586 51.2144 1.4
      vertex 99.6255 50.1773 1.4
      vertex 99.8772 50.0392 1.4
    endloop
  endfacet
  facet normal 0 0 1
    outer loop
      vertex 100.474 51.3131 1.4
      vertex 99.399 50.3371 1.4
      vertex 99.6255 50.1773 1.4
    endloop
  endfacet
  facet normal 0 0 1
    outer loop
      vertex 100.375 51.4255 1.4
      vertex 99.1969 50.5188 1.4
      vertex 99.399 50.3371 1.4
    endloop
  endfacet
  facet normal 0 0 1
    outer loop
      vertex 100.287 51.5514 1.4
      vertex 99.019 50.7224 1.4
      vertex 99.1969 50.5188 1.4
    endloop
  endfacet
  facet normal 0 0 1
    outer loop
      vertex 100.212 51.691 1.4
      vertex 98.8656 50.9479 1.4
      vertex 99.019 50.7224 1.4
    endloop
  endfacet
  facet normal 0 0 1
    outer loop
      vertex 100.212 51.691 1.4
      vertex 98.7365 51.1953 1.4
      vertex 98.8656 50.9479 1.4
    endloop
  endfacet
  facet normal 0 0 1
    outer loop
      vertex 100.149 51.8441 1.4
      vertex 98.6318 51.4647 1.4
      vertex 98.7365 51.1953 1.4
    endloop
  endfacet
  facet normal 0 -0 1
    outer loop
      vertex 98.6318 51.4647 1.4
      vertex 100.098 52.0109 1.4
      vertex 98.5514 51.756 1.4
    endloop
  endfacet
  facet normal 0 0 1
    outer loop
      vertex 142.359 57.4088 1.4
      vertex 137.948 56.172 1.4
      vertex 142.359 56.172 1.4
    endloop
  endfacet
  facet normal 0 0 1
    outer loop
      vertex 136.348 57.4088 1.4
      vertex 137.948 54.2515 1.4
      vertex 137.948 56.172 1.4
    endloop
  endfacet
  facet normal 0 0 1
    outer loop
      vertex 137.948 54.2515 1.4
      vertex 136.348 57.4088 1.4
      vertex 137.948 53.0146 1.4
    endloop
  endfacet
  facet normal 0 0 1
    outer loop
      vertex 136.348 49.765 1.4
      vertex 137.948 53.0146 1.4
      vertex 136.348 57.4088 1.4
    endloop
  endfacet
  facet normal -0 0 1
    outer loop
      vertex 136.348 57.4088 1.4
      vertex 137.948 56.172 1.4
      vertex 142.359 57.4088 1.4
    endloop
  endfacet
  facet normal -0 0 1
    outer loop
      vertex 137.948 54.2515 1.4
      vertex 142.028 53.0146 1.4
      vertex 142.028 54.2515 1.4
    endloop
  endfacet
  facet normal 0 0 1
    outer loop
      vertex 142.028 53.0146 1.4
      vertex 137.948 54.2515 1.4
      vertex 137.948 53.0146 1.4
    endloop
  endfacet
  facet normal -0 0 1
    outer loop
      vertex 137.948 51.0019 1.4
      vertex 142.581 49.765 1.4
      vertex 142.581 51.0019 1.4
    endloop
  endfacet
  facet normal 0 0 1
    outer loop
      vertex 137.948 51.0019 1.4
      vertex 136.348 49.765 1.4
      vertex 142.581 49.765 1.4
    endloop
  endfacet
  facet normal 0 0 1
    outer loop
      vertex 137.948 53.0146 1.4
      vertex 136.348 49.765 1.4
      vertex 137.948 51.0019 1.4
    endloop
  endfacet
  facet normal 0 0 1
    outer loop
      vertex 135.644 57.4088 1.4
      vertex 133.17 56.172 1.4
      vertex 135.644 56.172 1.4
    endloop
  endfacet
  facet normal 0 0 1
    outer loop
      vertex 133.17 56.172 1.4
      vertex 131.57 56.172 1.4
      vertex 133.17 49.765 1.4
    endloop
  endfacet
  facet normal 0 0 1
    outer loop
      vertex 135.644 57.4088 1.4
      vertex 131.57 56.172 1.4
      vertex 133.17 56.172 1.4
    endloop
  endfacet
  facet normal -0 0 1
    outer loop
      vertex 129.101 57.4088 1.4
      vertex 131.57 56.172 1.4
      vertex 135.644 57.4088 1.4
    endloop
  endfacet
  facet normal 0 0 1
    outer loop
      vertex 131.57 56.172 1.4
      vertex 129.101 57.4088 1.4
      vertex 129.101 56.172 1.4
    endloop
  endfacet
  facet normal 0 0 1
    outer loop
      vertex 133.17 49.765 1.4
      vertex 131.57 56.172 1.4
      vertex 131.57 49.765 1.4
    endloop
  endfacet
  facet normal 0 0 1
    outer loop
      vertex 121.035 49.765 1.4
      vertex 118.773 51.718 1.4
      vertex 119.451 49.765 1.4
    endloop
  endfacet
  facet normal 0 0 1
    outer loop
      vertex 121.035 49.765 1.4
      vertex 118.415 52.9224 1.4
      vertex 118.773 51.718 1.4
    endloop
  endfacet
  facet normal 0 0 1
    outer loop
      vertex 118.258 57.4088 1.4
      vertex 118.415 52.9224 1.4
      vertex 121.035 49.765 1.4
    endloop
  endfacet
  facet normal 0 0 1
    outer loop
      vertex 118.258 57.4088 1.4
      vertex 117.661 55.1195 1.4
      vertex 118.415 52.9224 1.4
    endloop
  endfacet
  facet normal 0 0 1
    outer loop
      vertex 118.258 57.4088 1.4
      vertex 117.428 55.8572 1.4
      vertex 117.661 55.1195 1.4
    endloop
  endfacet
  facet normal 0 0 1
    outer loop
      vertex 118.258 57.4088 1.4
      vertex 117.314 56.2316 1.4
      vertex 117.428 55.8572 1.4
    endloop
  endfacet
  facet normal 0 0 1
    outer loop
      vertex 116.37 57.4088 1.4
      vertex 117.281 56.1123 1.4
      vertex 117.314 56.2316 1.4
    endloop
  endfacet
  facet normal 0 0 1
    outer loop
      vertex 117.281 56.1123 1.4
      vertex 116.37 57.4088 1.4
      vertex 117.265 56.0553 1.4
    endloop
  endfacet
  facet normal 0 0 1
    outer loop
      vertex 117.265 56.0553 1.4
      vertex 116.37 57.4088 1.4
      vertex 117.248 55.9962 1.4
    endloop
  endfacet
  facet normal 0 0 1
    outer loop
      vertex 117.248 55.9962 1.4
      vertex 116.37 57.4088 1.4
      vertex 117.231 55.9349 1.4
    endloop
  endfacet
  facet normal 0 0 1
    outer loop
      vertex 117.231 55.9349 1.4
      vertex 116.37 57.4088 1.4
      vertex 117.212 55.8713 1.4
    endloop
  endfacet
  facet normal 0 0 1
    outer loop
      vertex 117.212 55.8713 1.4
      vertex 116.37 57.4088 1.4
      vertex 117.193 55.8056 1.4
    endloop
  endfacet
  facet normal 0 0 1
    outer loop
      vertex 117.193 55.8056 1.4
      vertex 116.37 57.4088 1.4
      vertex 117.172 55.7376 1.4
    endloop
  endfacet
  facet normal 0 0 1
    outer loop
      vertex 117.172 55.7376 1.4
      vertex 116.37 57.4088 1.4
      vertex 117.151 55.6674 1.4
    endloop
  endfacet
  facet normal 0 0 1
    outer loop
      vertex 117.151 55.6674 1.4
      vertex 116.37 57.4088 1.4
      vertex 117.113 55.5503 1.4
    endloop
  endfacet
  facet normal 0 0 1
    outer loop
      vertex 117.113 55.5503 1.4
      vertex 116.37 57.4088 1.4
      vertex 117.044 55.3415 1.4
    endloop
  endfacet
  facet normal 0 0 1
    outer loop
      vertex 117.044 55.3415 1.4
      vertex 116.37 57.4088 1.4
      vertex 116.942 55.041 1.4
    endloop
  endfacet
  facet normal 0 0 1
    outer loop
      vertex 116.942 55.041 1.4
      vertex 116.37 57.4088 1.4
      vertex 116.809 54.6488 1.4
    endloop
  endfacet
  facet normal 0 0 1
    outer loop
      vertex 116.809 54.6488 1.4
      vertex 116.37 57.4088 1.4
      vertex 116.644 54.165 1.4
    endloop
  endfacet
  facet normal -0 0 1
    outer loop
      vertex 116.37 57.4088 1.4
      vertex 117.314 56.2316 1.4
      vertex 118.258 57.4088 1.4
    endloop
  endfacet
  facet normal 0 0 1
    outer loop
      vertex 116.644 54.165 1.4
      vertex 116.37 57.4088 1.4
      vertex 116.447 53.5895 1.4
    endloop
  endfacet
  facet normal 0 0 1
    outer loop
      vertex 116.37 57.4088 1.4
      vertex 116.218 52.9224 1.4
      vertex 116.447 53.5895 1.4
    endloop
  endfacet
  facet normal 0 0 1
    outer loop
      vertex 113.581 49.765 1.4
      vertex 116.218 52.9224 1.4
      vertex 116.37 57.4088 1.4
    endloop
  endfacet
  facet normal 0 0 1
    outer loop
      vertex 116.218 52.9224 1.4
      vertex 113.581 49.765 1.4
      vertex 115.86 51.718 1.4
    endloop
  endfacet
  facet normal 0 0 1
    outer loop
      vertex 115.86 51.718 1.4
      vertex 113.581 49.765 1.4
      vertex 115.182 49.765 1.4
    endloop
  endfacet
  facet normal -0 0 1
    outer loop
      vertex 116.218 52.9224 1.4
      vertex 118.773 51.718 1.4
      vertex 118.415 52.9224 1.4
    endloop
  endfacet
  facet normal 0 0 1
    outer loop
      vertex 118.773 51.718 1.4
      vertex 116.218 52.9224 1.4
      vertex 115.86 51.718 1.4
    endloop
  endfacet
  facet normal 0 0 1
    outer loop
      vertex 97.7481 57.4088 1.4
      vertex 93.3376 56.172 1.4
      vertex 97.7481 56.172 1.4
    endloop
  endfacet
  facet normal 0 0 1
    outer loop
      vertex 91.7372 57.4088 1.4
      vertex 93.3376 54.2515 1.4
      vertex 93.3376 56.172 1.4
    endloop
  endfacet
  facet normal 0 0 1
    outer loop
      vertex 93.3376 54.2515 1.4
      vertex 91.7372 57.4088 1.4
      vertex 93.3376 53.0146 1.4
    endloop
  endfacet
  facet normal 0 0 1
    outer loop
      vertex 91.7372 49.765 1.4
      vertex 93.3376 53.0146 1.4
      vertex 91.7372 57.4088 1.4
    endloop
  endfacet
  facet normal -0 0 1
    outer loop
      vertex 91.7372 57.4088 1.4
      vertex 93.3376 56.172 1.4
      vertex 97.7481 57.4088 1.4
    endloop
  endfacet
  facet normal -0 0 1
    outer loop
      vertex 93.3376 54.2515 1.4
      vertex 97.4172 53.0146 1.4
      vertex 97.4172 54.2515 1.4
    endloop
  endfacet
  facet normal 0 0 1
    outer loop
      vertex 97.4172 53.0146 1.4
      vertex 93.3376 54.2515 1.4
      vertex 93.3376 53.0146 1.4
    endloop
  endfacet
  facet normal -0 0 1
    outer loop
      vertex 93.3376 51.0019 1.4
      vertex 97.9705 49.765 1.4
      vertex 97.9705 51.0019 1.4
    endloop
  endfacet
  facet normal 0 0 1
    outer loop
      vertex 93.3376 51.0019 1.4
      vertex 91.7372 49.765 1.4
      vertex 97.9705 49.765 1.4
    endloop
  endfacet
  facet normal 0 0 1
    outer loop
      vertex 93.3376 53.0146 1.4
      vertex 91.7372 49.765 1.4
      vertex 93.3376 51.0019 1.4
    endloop
  endfacet
  facet normal 0 0 1
    outer loop
      vertex 128.541 55.4345 1.4
      vertex 126.917 55.3574 1.4
      vertex 126.945 55.0652 1.4
    endloop
  endfacet
  facet normal 0 0 1
    outer loop
      vertex 127.338 57.1085 1.4
      vertex 126.83 55.6046 1.4
      vertex 126.917 55.3574 1.4
    endloop
  endfacet
  facet normal 0 0 1
    outer loop
      vertex 126.485 55.9642 1.4
      vertex 127.062 57.2166 1.4
      vertex 126.76 57.3007 1.4
    endloop
  endfacet
  facet normal 0 0 1
    outer loop
      vertex 127.338 57.1085 1.4
      vertex 126.686 55.8069 1.4
      vertex 126.83 55.6046 1.4
    endloop
  endfacet
  facet normal 0 0 1
    outer loop
      vertex 127.338 57.1085 1.4
      vertex 126.485 55.9642 1.4
      vertex 126.686 55.8069 1.4
    endloop
  endfacet
  facet normal 0 0 1
    outer loop
      vertex 126.226 56.0766 1.4
      vertex 126.76 57.3007 1.4
      vertex 126.433 57.3608 1.4
    endloop
  endfacet
  facet normal 0 0 1
    outer loop
      vertex 126.76 57.3007 1.4
      vertex 126.226 56.0766 1.4
      vertex 126.485 55.9642 1.4
    endloop
  endfacet
  facet normal 0 0 1
    outer loop
      vertex 125.909 56.144 1.4
      vertex 126.433 57.3608 1.4
      vertex 126.081 57.3968 1.4
    endloop
  endfacet
  facet normal 0 0 1
    outer loop
      vertex 126.433 57.3608 1.4
      vertex 125.909 56.144 1.4
      vertex 126.226 56.0766 1.4
    endloop
  endfacet
  facet normal 0 0 1
    outer loop
      vertex 125.703 57.4088 1.4
      vertex 125.909 56.144 1.4
      vertex 126.081 57.3968 1.4
    endloop
  endfacet
  facet normal 0 0 1
    outer loop
      vertex 125.703 57.4088 1.4
      vertex 125.535 56.1665 1.4
      vertex 125.909 56.144 1.4
    endloop
  endfacet
  facet normal 0 0 1
    outer loop
      vertex 125.703 57.4088 1.4
      vertex 123.484 56.1665 1.4
      vertex 125.535 56.1665 1.4
    endloop
  endfacet
  facet normal 0 0 1
    outer loop
      vertex 121.884 57.4088 1.4
      vertex 123.484 53.9097 1.4
      vertex 123.484 56.1665 1.4
    endloop
  endfacet
  facet normal 0 0 1
    outer loop
      vertex 121.884 49.765 1.4
      vertex 123.484 53.9097 1.4
      vertex 121.884 57.4088 1.4
    endloop
  endfacet
  facet normal -0 0 1
    outer loop
      vertex 121.884 57.4088 1.4
      vertex 123.484 56.1665 1.4
      vertex 125.703 57.4088 1.4
    endloop
  endfacet
  facet normal 0 0 1
    outer loop
      vertex 123.484 53.9097 1.4
      vertex 121.884 49.765 1.4
      vertex 123.484 52.6674 1.4
    endloop
  endfacet
  facet normal 0 0 1
    outer loop
      vertex 123.484 52.6674 1.4
      vertex 121.884 49.765 1.4
      vertex 123.484 49.765 1.4
    endloop
  endfacet
  facet normal 0 0 1
    outer loop
      vertex 126.945 55.0652 1.4
      vertex 128.557 55.1304 1.4
      vertex 128.541 55.4345 1.4
    endloop
  endfacet
  facet normal 0 0 1
    outer loop
      vertex 128.557 55.1304 1.4
      vertex 126.945 55.0652 1.4
      vertex 128.547 54.9054 1.4
    endloop
  endfacet
  facet normal 0 0 1
    outer loop
      vertex 126.917 55.3574 1.4
      vertex 128.541 55.4345 1.4
      vertex 128.496 55.7178 1.4
    endloop
  endfacet
  facet normal -0 0 1
    outer loop
      vertex 126.938 54.9137 1.4
      vertex 128.547 54.9054 1.4
      vertex 126.945 55.0652 1.4
    endloop
  endfacet
  facet normal 0 0 1
    outer loop
      vertex 126.917 55.3574 1.4
      vertex 128.496 55.7178 1.4
      vertex 128.42 55.9801 1.4
    endloop
  endfacet
  facet normal 0 0 1
    outer loop
      vertex 128.547 54.9054 1.4
      vertex 126.938 54.9137 1.4
      vertex 128.519 54.6895 1.4
    endloop
  endfacet
  facet normal 0 0 1
    outer loop
      vertex 128.519 54.6895 1.4
      vertex 126.938 54.9137 1.4
      vertex 128.473 54.4825 1.4
    endloop
  endfacet
  facet normal 0 0 1
    outer loop
      vertex 126.917 55.3574 1.4
      vertex 128.42 55.9801 1.4
      vertex 128.314 56.2215 1.4
    endloop
  endfacet
  facet normal -0 0 1
    outer loop
      vertex 126.917 54.7721 1.4
      vertex 128.473 54.4825 1.4
      vertex 126.938 54.9137 1.4
    endloop
  endfacet
  facet normal 0 0 1
    outer loop
      vertex 126.917 55.3574 1.4
      vertex 128.314 56.2215 1.4
      vertex 128.177 56.442 1.4
    endloop
  endfacet
  facet normal 0 0 1
    outer loop
      vertex 128.473 54.4825 1.4
      vertex 126.917 54.7721 1.4
      vertex 128.408 54.2844 1.4
    endloop
  endfacet
  facet normal 0 0 1
    outer loop
      vertex 126.917 55.3574 1.4
      vertex 128.177 56.442 1.4
      vertex 128.011 56.6416 1.4
    endloop
  endfacet
  facet normal 0 0 1
    outer loop
      vertex 128.408 54.2844 1.4
      vertex 126.917 54.7721 1.4
      vertex 128.324 54.0954 1.4
    endloop
  endfacet
  facet normal -0 0 1
    outer loop
      vertex 126.882 54.6404 1.4
      vertex 128.324 54.0954 1.4
      vertex 126.917 54.7721 1.4
    endloop
  endfacet
  facet normal 0 0 1
    outer loop
      vertex 126.917 55.3574 1.4
      vertex 128.011 56.6416 1.4
      vertex 127.813 56.8202 1.4
    endloop
  endfacet
  facet normal 0 0 1
    outer loop
      vertex 128.324 54.0954 1.4
      vertex 126.882 54.6404 1.4
      vertex 128.222 53.9153 1.4
    endloop
  endfacet
  facet normal 0 0 1
    outer loop
      vertex 126.917 55.3574 1.4
      vertex 127.813 56.8202 1.4
      vertex 127.588 56.9764 1.4
    endloop
  endfacet
  facet normal -0 0 1
    outer loop
      vertex 126.832 54.5187 1.4
      vertex 128.222 53.9153 1.4
      vertex 126.882 54.6404 1.4
    endloop
  endfacet
  facet normal 0 0 1
    outer loop
      vertex 126.917 55.3574 1.4
      vertex 127.588 56.9764 1.4
      vertex 127.338 57.1085 1.4
    endloop
  endfacet
  facet normal 0 0 1
    outer loop
      vertex 128.222 53.9153 1.4
      vertex 126.832 54.5187 1.4
      vertex 128.101 53.7442 1.4
    endloop
  endfacet
  facet normal 0 0 1
    outer loop
      vertex 128.101 53.7442 1.4
      vertex 126.832 54.5187 1.4
      vertex 127.964 53.5857 1.4
    endloop
  endfacet
  facet normal 0 0 1
    outer loop
      vertex 126.485 55.9642 1.4
      vertex 127.338 57.1085 1.4
      vertex 127.062 57.2166 1.4
    endloop
  endfacet
  facet normal -0 0 1
    outer loop
      vertex 126.768 54.407 1.4
      vertex 127.964 53.5857 1.4
      vertex 126.832 54.5187 1.4
    endloop
  endfacet
  facet normal 0 0 1
    outer loop
      vertex 127.964 53.5857 1.4
      vertex 126.768 54.407 1.4
      vertex 127.814 53.4435 1.4
    endloop
  endfacet
  facet normal 0 0 1
    outer loop
      vertex 127.814 53.4435 1.4
      vertex 126.768 54.407 1.4
      vertex 127.652 53.3176 1.4
    endloop
  endfacet
  facet normal -0 0 1
    outer loop
      vertex 126.69 54.3053 1.4
      vertex 127.652 53.3176 1.4
      vertex 126.768 54.407 1.4
    endloop
  endfacet
  facet normal 0 0 1
    outer loop
      vertex 127.652 53.3176 1.4
      vertex 126.69 54.3053 1.4
      vertex 127.476 53.2079 1.4
    endloop
  endfacet
  facet normal -0 0 1
    outer loop
      vertex 126.598 54.2135 1.4
      vertex 127.476 53.2079 1.4
      vertex 126.69 54.3053 1.4
    endloop
  endfacet
  facet normal 0 0 1
    outer loop
      vertex 126.869 52.9766 1.4
      vertex 127.135 49.765 1.4
      vertex 128.936 49.765 1.4
    endloop
  endfacet
  facet normal 0 0 1
    outer loop
      vertex 127.476 53.2079 1.4
      vertex 126.598 54.2135 1.4
      vertex 127.287 53.1146 1.4
    endloop
  endfacet
  facet normal 0 0 1
    outer loop
      vertex 127.287 53.1146 1.4
      vertex 126.598 54.2135 1.4
      vertex 127.085 53.0374 1.4
    endloop
  endfacet
  facet normal -0 0 1
    outer loop
      vertex 126.492 54.1329 1.4
      vertex 127.085 53.0374 1.4
      vertex 126.598 54.2135 1.4
    endloop
  endfacet
  facet normal 0 0 1
    outer loop
      vertex 127.085 53.0374 1.4
      vertex 126.492 54.1329 1.4
      vertex 126.869 52.9766 1.4
    endloop
  endfacet
  facet normal -0 0 1
    outer loop
      vertex 126.373 54.0647 1.4
      vertex 126.869 52.9766 1.4
      vertex 126.492 54.1329 1.4
    endloop
  endfacet
  facet normal -0 0 1
    outer loop
      vertex 126.241 54.0089 1.4
      vertex 126.869 52.9766 1.4
      vertex 126.373 54.0647 1.4
    endloop
  endfacet
  facet normal -0 0 1
    outer loop
      vertex 126.095 53.9655 1.4
      vertex 126.869 52.9766 1.4
      vertex 126.241 54.0089 1.4
    endloop
  endfacet
  facet normal -0 0 1
    outer loop
      vertex 125.936 53.9345 1.4
      vertex 126.869 52.9766 1.4
      vertex 126.095 53.9655 1.4
    endloop
  endfacet
  facet normal 0 0 1
    outer loop
      vertex 126.869 52.9766 1.4
      vertex 125.936 53.9345 1.4
      vertex 125.361 52.6674 1.4
    endloop
  endfacet
  facet normal 0 0 1
    outer loop
      vertex 125.361 52.6674 1.4
      vertex 125.936 53.9345 1.4
      vertex 125.764 53.9159 1.4
    endloop
  endfacet
  facet normal 0 0 1
    outer loop
      vertex 125.361 52.6674 1.4
      vertex 125.764 53.9159 1.4
      vertex 125.578 53.9097 1.4
    endloop
  endfacet
  facet normal 0 0 1
    outer loop
      vertex 126.869 52.9766 1.4
      vertex 125.361 52.6674 1.4
      vertex 127.135 49.765 1.4
    endloop
  endfacet
  facet normal -0 0 1
    outer loop
      vertex 123.484 53.9097 1.4
      vertex 125.361 52.6674 1.4
      vertex 125.578 53.9097 1.4
    endloop
  endfacet
  facet normal 0 0 1
    outer loop
      vertex 125.361 52.6674 1.4
      vertex 123.484 53.9097 1.4
      vertex 123.484 52.6674 1.4
    endloop
  endfacet
  facet normal -0 0 1
    outer loop
      vertex 89.0907 53.9838 1.4
      vertex 90.715 53.6439 1.4
      vertex 90.6934 54.1459 1.4
    endloop
  endfacet
  facet normal 0 0 1
    outer loop
      vertex 90.715 53.6439 1.4
      vertex 89.1038 53.6439 1.4
      vertex 90.7055 53.3121 1.4
    endloop
  endfacet
  facet normal 0 0 1
    outer loop
      vertex 89.0914 53.3055 1.4
      vertex 90.7055 53.3121 1.4
      vertex 89.1038 53.6439 1.4
    endloop
  endfacet
  facet normal -0 0 1
    outer loop
      vertex 89.0515 54.3 1.4
      vertex 90.6934 54.1459 1.4
      vertex 90.6286 54.6135 1.4
    endloop
  endfacet
  facet normal 0 0 1
    outer loop
      vertex 90.7055 53.3121 1.4
      vertex 89.0914 53.3055 1.4
      vertex 90.6771 52.9927 1.4
    endloop
  endfacet
  facet normal 0 0 1
    outer loop
      vertex 88.9862 54.5923 1.4
      vertex 90.6286 54.6135 1.4
      vertex 90.5207 55.0467 1.4
    endloop
  endfacet
  facet normal 0 0 1
    outer loop
      vertex 89.0542 52.988 1.4
      vertex 90.6771 52.9927 1.4
      vertex 89.0914 53.3055 1.4
    endloop
  endfacet
  facet normal 0 0 1
    outer loop
      vertex 90.6771 52.9927 1.4
      vertex 89.0542 52.988 1.4
      vertex 90.6298 52.6855 1.4
    endloop
  endfacet
  facet normal 0 0 1
    outer loop
      vertex 88.9862 54.5923 1.4
      vertex 90.5207 55.0467 1.4
      vertex 90.3695 55.4454 1.4
    endloop
  endfacet
  facet normal 0 0 1
    outer loop
      vertex 90.6298 52.6855 1.4
      vertex 89.0542 52.988 1.4
      vertex 90.5635 52.3906 1.4
    endloop
  endfacet
  facet normal 0 0 1
    outer loop
      vertex 88.8947 54.8608 1.4
      vertex 90.3695 55.4454 1.4
      vertex 90.1752 55.8097 1.4
    endloop
  endfacet
  facet normal -0 0 1
    outer loop
      vertex 88.9922 52.6913 1.4
      vertex 90.5635 52.3906 1.4
      vertex 89.0542 52.988 1.4
    endloop
  endfacet
  facet normal 0 0 1
    outer loop
      vertex 90.5635 52.3906 1.4
      vertex 88.9922 52.6913 1.4
      vertex 90.4783 52.108 1.4
    endloop
  endfacet
  facet normal 0 0 1
    outer loop
      vertex 88.7772 55.1056 1.4
      vertex 90.1752 55.8097 1.4
      vertex 89.9377 56.1396 1.4
    endloop
  endfacet
  facet normal -0 0 1
    outer loop
      vertex 88.9054 52.4154 1.4
      vertex 90.4783 52.108 1.4
      vertex 88.9922 52.6913 1.4
    endloop
  endfacet
  facet normal 0 0 1
    outer loop
      vertex 88.6335 55.3265 1.4
      vertex 89.9377 56.1396 1.4
      vertex 89.6571 56.435 1.4
    endloop
  endfacet
  facet normal 0 0 1
    outer loop
      vertex 90.4783 52.108 1.4
      vertex 88.9054 52.4154 1.4
      vertex 90.3742 51.8377 1.4
    endloop
  endfacet
  facet normal 0 0 1
    outer loop
      vertex 90.3742 51.8377 1.4
      vertex 88.9054 52.4154 1.4
      vertex 90.2511 51.5797 1.4
    endloop
  endfacet
  facet normal 0 0 1
    outer loop
      vertex 88.4636 55.5236 1.4
      vertex 89.6571 56.435 1.4
      vertex 89.337 56.6934 1.4
    endloop
  endfacet
  facet normal -0 0 1
    outer loop
      vertex 88.7938 52.1603 1.4
      vertex 90.2511 51.5797 1.4
      vertex 88.9054 52.4154 1.4
    endloop
  endfacet
  facet normal 0 0 1
    outer loop
      vertex 90.2511 51.5797 1.4
      vertex 88.7938 52.1603 1.4
      vertex 90.1107 51.3363 1.4
    endloop
  endfacet
  facet normal 0 0 1
    outer loop
      vertex 90.715 53.6439 1.4
      vertex 89.0907 53.9838 1.4
      vertex 89.1038 53.6439 1.4
    endloop
  endfacet
  facet normal 0 0 1
    outer loop
      vertex 90.6934 54.1459 1.4
      vertex 89.0515 54.3 1.4
      vertex 89.0907 53.9838 1.4
    endloop
  endfacet
  facet normal 0 0 1
    outer loop
      vertex 90.6286 54.6135 1.4
      vertex 88.9862 54.5923 1.4
      vertex 89.0515 54.3 1.4
    endloop
  endfacet
  facet normal 0 0 1
    outer loop
      vertex 88.2695 55.6956 1.4
      vertex 89.337 56.6934 1.4
      vertex 88.9813 56.912 1.4
    endloop
  endfacet
  facet normal 0 0 1
    outer loop
      vertex 90.3695 55.4454 1.4
      vertex 88.8947 54.8608 1.4
      vertex 88.9862 54.5923 1.4
    endloop
  endfacet
  facet normal 0 0 1
    outer loop
      vertex 90.1752 55.8097 1.4
      vertex 88.7772 55.1056 1.4
      vertex 88.8947 54.8608 1.4
    endloop
  endfacet
  facet normal 0 0 1
    outer loop
      vertex 89.9377 56.1396 1.4
      vertex 88.6335 55.3265 1.4
      vertex 88.7772 55.1056 1.4
    endloop
  endfacet
  facet normal 0 0 1
    outer loop
      vertex 88.0531 55.8412 1.4
      vertex 88.9813 56.912 1.4
      vertex 88.5899 57.0909 1.4
    endloop
  endfacet
  facet normal 0 0 1
    outer loop
      vertex 89.6571 56.435 1.4
      vertex 88.4636 55.5236 1.4
      vertex 88.6335 55.3265 1.4
    endloop
  endfacet
  facet normal 0 0 1
    outer loop
      vertex 89.337 56.6934 1.4
      vertex 88.2695 55.6956 1.4
      vertex 88.4636 55.5236 1.4
    endloop
  endfacet
  facet normal 0 0 1
    outer loop
      vertex 87.8143 55.9603 1.4
      vertex 88.5899 57.0909 1.4
      vertex 88.1629 57.23 1.4
    endloop
  endfacet
  facet normal 0 0 1
    outer loop
      vertex 88.9813 56.912 1.4
      vertex 88.0531 55.8412 1.4
      vertex 88.2695 55.6956 1.4
    endloop
  endfacet
  facet normal 0 0 1
    outer loop
      vertex 88.5899 57.0909 1.4
      vertex 87.8143 55.9603 1.4
      vertex 88.0531 55.8412 1.4
    endloop
  endfacet
  facet normal 0 0 1
    outer loop
      vertex 87.5531 56.0529 1.4
      vertex 88.1629 57.23 1.4
      vertex 87.7002 57.3293 1.4
    endloop
  endfacet
  facet normal 0 0 1
    outer loop
      vertex 88.1629 57.23 1.4
      vertex 87.5531 56.0529 1.4
      vertex 87.8143 55.9603 1.4
    endloop
  endfacet
  facet normal 0 0 1
    outer loop
      vertex 87.7002 57.3293 1.4
      vertex 87.2695 56.119 1.4
      vertex 87.5531 56.0529 1.4
    endloop
  endfacet
  facet normal 0 0 1
    outer loop
      vertex 87.2019 57.389 1.4
      vertex 87.2695 56.119 1.4
      vertex 87.7002 57.3293 1.4
    endloop
  endfacet
  facet normal 0 0 1
    outer loop
      vertex 87.2019 57.389 1.4
      vertex 86.9637 56.1587 1.4
      vertex 87.2695 56.119 1.4
    endloop
  endfacet
  facet normal 0 0 1
    outer loop
      vertex 86.6679 57.4088 1.4
      vertex 86.9637 56.1587 1.4
      vertex 87.2019 57.389 1.4
    endloop
  endfacet
  facet normal 0 0 1
    outer loop
      vertex 86.6679 57.4088 1.4
      vertex 86.6354 56.172 1.4
      vertex 86.9637 56.1587 1.4
    endloop
  endfacet
  facet normal 0 0 1
    outer loop
      vertex 86.6679 57.4088 1.4
      vertex 85.5015 56.172 1.4
      vertex 86.6354 56.172 1.4
    endloop
  endfacet
  facet normal 0 0 1
    outer loop
      vertex 85.5015 56.172 1.4
      vertex 83.9011 57.4088 1.4
      vertex 85.5015 51.0019 1.4
    endloop
  endfacet
  facet normal -0 0 1
    outer loop
      vertex 83.9011 57.4088 1.4
      vertex 85.5015 56.172 1.4
      vertex 86.6679 57.4088 1.4
    endloop
  endfacet
  facet normal 0 0 1
    outer loop
      vertex 90.1107 51.3363 1.4
      vertex 88.7938 52.1603 1.4
      vertex 89.9546 51.1098 1.4
    endloop
  endfacet
  facet normal -0 0 1
    outer loop
      vertex 88.6574 51.926 1.4
      vertex 89.9546 51.1098 1.4
      vertex 88.7938 52.1603 1.4
    endloop
  endfacet
  facet normal 0 0 1
    outer loop
      vertex 89.9546 51.1098 1.4
      vertex 88.6574 51.926 1.4
      vertex 89.7828 50.9003 1.4
    endloop
  endfacet
  facet normal -0 0 1
    outer loop
      vertex 88.4962 51.7125 1.4
      vertex 89.7828 50.9003 1.4
      vertex 88.6574 51.926 1.4
    endloop
  endfacet
  facet normal 0 0 1
    outer loop
      vertex 89.7828 50.9003 1.4
      vertex 88.4962 51.7125 1.4
      vertex 89.5953 50.7077 1.4
    endloop
  endfacet
  facet normal 0 0 1
    outer loop
      vertex 89.5953 50.7077 1.4
      vertex 88.4962 51.7125 1.4
      vertex 89.392 50.532 1.4
    endloop
  endfacet
  facet normal -0 0 1
    outer loop
      vertex 88.3139 51.524 1.4
      vertex 89.392 50.532 1.4
      vertex 88.4962 51.7125 1.4
    endloop
  endfacet
  facet normal 0 0 1
    outer loop
      vertex 89.392 50.532 1.4
      vertex 88.3139 51.524 1.4
      vertex 89.173 50.3733 1.4
    endloop
  endfacet
  facet normal 0 0 1
    outer loop
      vertex 89.173 50.3733 1.4
      vertex 88.3139 51.524 1.4
      vertex 88.9383 50.2316 1.4
    endloop
  endfacet
  facet normal -0 0 1
    outer loop
      vertex 88.1144 51.3645 1.4
      vertex 88.9383 50.2316 1.4
      vertex 88.3139 51.524 1.4
    endloop
  endfacet
  facet normal 0 0 1
    outer loop
      vertex 88.9383 50.2316 1.4
      vertex 88.1144 51.3645 1.4
      vertex 88.6907 50.1078 1.4
    endloop
  endfacet
  facet normal -0 0 1
    outer loop
      vertex 87.8976 51.2339 1.4
      vertex 88.6907 50.1078 1.4
      vertex 88.1144 51.3645 1.4
    endloop
  endfacet
  facet normal 0 0 1
    outer loop
      vertex 88.6907 50.1078 1.4
      vertex 87.8976 51.2339 1.4
      vertex 88.433 50.0031 1.4
    endloop
  endfacet
  facet normal 0 0 1
    outer loop
      vertex 88.433 50.0031 1.4
      vertex 87.8976 51.2339 1.4
      vertex 88.1652 49.9174 1.4
    endloop
  endfacet
  facet normal -0 0 1
    outer loop
      vertex 87.6636 51.1324 1.4
      vertex 88.1652 49.9174 1.4
      vertex 87.8976 51.2339 1.4
    endloop
  endfacet
  facet normal 0 0 1
    outer loop
      vertex 88.1652 49.9174 1.4
      vertex 87.6636 51.1324 1.4
      vertex 87.8874 49.8507 1.4
    endloop
  endfacet
  facet normal -0 0 1
    outer loop
      vertex 87.4123 51.0599 1.4
      vertex 87.8874 49.8507 1.4
      vertex 87.6636 51.1324 1.4
    endloop
  endfacet
  facet normal 0 0 1
    outer loop
      vertex 87.8874 49.8507 1.4
      vertex 87.4123 51.0599 1.4
      vertex 87.5995 49.8031 1.4
    endloop
  endfacet
  facet normal 0 0 1
    outer loop
      vertex 87.4123 51.0599 1.4
      vertex 87.3015 49.7745 1.4
      vertex 87.5995 49.8031 1.4
    endloop
  endfacet
  facet normal -0 0 1
    outer loop
      vertex 87.1437 51.0164 1.4
      vertex 87.3015 49.7745 1.4
      vertex 87.4123 51.0599 1.4
    endloop
  endfacet
  facet normal 0 0 1
    outer loop
      vertex 87.1437 51.0164 1.4
      vertex 86.9934 49.765 1.4
      vertex 87.3015 49.7745 1.4
    endloop
  endfacet
  facet normal -0 0 1
    outer loop
      vertex 86.8578 51.0019 1.4
      vertex 86.9934 49.765 1.4
      vertex 87.1437 51.0164 1.4
    endloop
  endfacet
  facet normal -0 0 1
    outer loop
      vertex 85.5015 51.0019 1.4
      vertex 86.9934 49.765 1.4
      vertex 86.8578 51.0019 1.4
    endloop
  endfacet
  facet normal 0 0 1
    outer loop
      vertex 85.5015 51.0019 1.4
      vertex 83.9011 49.765 1.4
      vertex 86.9934 49.765 1.4
    endloop
  endfacet
  facet normal 0 0 1
    outer loop
      vertex 83.9011 49.765 1.4
      vertex 85.5015 51.0019 1.4
      vertex 83.9011 57.4088 1.4
    endloop
  endfacet
  facet normal -0.0877668 0.996141 0
    outer loop
      vertex 102.788 49.705 1.4
      vertex 102.376 49.6687 2
      vertex 102.788 49.705 2
    endloop
  endfacet
  facet normal -0.0877668 0.996141 0
    outer loop
      vertex 102.376 49.6687 2
      vertex 102.788 49.705 1.4
      vertex 102.376 49.6687 1.4
    endloop
  endfacet
  facet normal -0.157081 0.987586 0
    outer loop
      vertex 103.169 49.7656 1.4
      vertex 102.788 49.705 2
      vertex 103.169 49.7656 2
    endloop
  endfacet
  facet normal -0.157081 0.987586 0
    outer loop
      vertex 102.788 49.705 2
      vertex 103.169 49.7656 1.4
      vertex 102.788 49.705 1.4
    endloop
  endfacet
  facet normal -0.236373 0.971662 0
    outer loop
      vertex 103.518 49.8505 1.4
      vertex 103.169 49.7656 2
      vertex 103.518 49.8505 2
    endloop
  endfacet
  facet normal -0.236373 0.971662 0
    outer loop
      vertex 103.169 49.7656 2
      vertex 103.518 49.8505 1.4
      vertex 103.169 49.7656 1.4
    endloop
  endfacet
  facet normal -0.324514 0.945881 0
    outer loop
      vertex 103.836 49.9596 1.4
      vertex 103.518 49.8505 2
      vertex 103.836 49.9596 2
    endloop
  endfacet
  facet normal -0.324514 0.945881 0
    outer loop
      vertex 103.518 49.8505 2
      vertex 103.836 49.9596 1.4
      vertex 103.518 49.8505 1.4
    endloop
  endfacet
  facet normal -0.423668 0.905817 0
    outer loop
      vertex 104.121 50.0929 1.4
      vertex 103.836 49.9596 2
      vertex 104.121 50.0929 2
    endloop
  endfacet
  facet normal -0.423668 0.905817 0
    outer loop
      vertex 103.836 49.9596 2
      vertex 104.121 50.0929 1.4
      vertex 103.836 49.9596 1.4
    endloop
  endfacet
  facet normal -0.52723 0.849723 0
    outer loop
      vertex 104.375 50.2505 1.4
      vertex 104.121 50.0929 2
      vertex 104.375 50.2505 2
    endloop
  endfacet
  facet normal -0.52723 0.849723 0
    outer loop
      vertex 104.121 50.0929 2
      vertex 104.375 50.2505 1.4
      vertex 104.121 50.0929 1.4
    endloop
  endfacet
  facet normal -0.63278 0.774332 0
    outer loop
      vertex 104.596 50.4311 1.4
      vertex 104.375 50.2505 2
      vertex 104.596 50.4311 2
    endloop
  endfacet
  facet normal -0.63278 0.774332 0
    outer loop
      vertex 104.375 50.2505 2
      vertex 104.596 50.4311 1.4
      vertex 104.375 50.2505 1.4
    endloop
  endfacet
  facet normal -0.733995 0.679155 0
    outer loop
      vertex 104.596 50.4311 1.4
      vertex 104.783 50.6332 2
      vertex 104.783 50.6332 1.4
    endloop
  endfacet
  facet normal -0.733995 0.679155 0
    outer loop
      vertex 104.783 50.6332 2
      vertex 104.596 50.4311 1.4
      vertex 104.596 50.4311 2
    endloop
  endfacet
  facet normal -0.825407 0.564538 0
    outer loop
      vertex 104.783 50.6332 1.4
      vertex 104.936 50.8569 2
      vertex 104.936 50.8569 1.4
    endloop
  endfacet
  facet normal -0.825407 0.564538 0
    outer loop
      vertex 104.936 50.8569 2
      vertex 104.783 50.6332 1.4
      vertex 104.783 50.6332 2
    endloop
  endfacet
  facet normal -0.899718 0.436471 0
    outer loop
      vertex 104.936 50.8569 1.4
      vertex 105.055 51.1022 2
      vertex 105.055 51.1022 1.4
    endloop
  endfacet
  facet normal -0.899718 0.436471 0
    outer loop
      vertex 105.055 51.1022 2
      vertex 104.936 50.8569 1.4
      vertex 104.936 50.8569 2
    endloop
  endfacet
  facet normal -0.952813 0.303557 0
    outer loop
      vertex 105.055 51.1022 1.4
      vertex 105.14 51.369 2
      vertex 105.14 51.369 1.4
    endloop
  endfacet
  facet normal -0.952813 0.303557 0
    outer loop
      vertex 105.14 51.369 2
      vertex 105.055 51.1022 1.4
      vertex 105.055 51.1022 2
    endloop
  endfacet
  facet normal -0.984732 0.174077 0
    outer loop
      vertex 105.14 51.369 1.4
      vertex 105.191 51.6575 2
      vertex 105.191 51.6575 1.4
    endloop
  endfacet
  facet normal -0.984732 0.174077 0
    outer loop
      vertex 105.191 51.6575 2
      vertex 105.14 51.369 1.4
      vertex 105.14 51.369 2
    endloop
  endfacet
  facet normal -0.998501 0.0547388 0
    outer loop
      vertex 105.191 51.6575 1.4
      vertex 105.208 51.9676 2
      vertex 105.208 51.9676 1.4
    endloop
  endfacet
  facet normal -0.998501 0.0547388 0
    outer loop
      vertex 105.208 51.9676 2
      vertex 105.191 51.6575 1.4
      vertex 105.191 51.6575 2
    endloop
  endfacet
  facet normal -0.99975 -0.0223658 0
    outer loop
      vertex 105.208 51.9676 1.4
      vertex 105.205 52.1017 2
      vertex 105.205 52.1017 1.4
    endloop
  endfacet
  facet normal -0.99975 -0.0223658 0
    outer loop
      vertex 105.205 52.1017 2
      vertex 105.208 51.9676 1.4
      vertex 105.208 51.9676 2
    endloop
  endfacet
  facet normal -0.997597 -0.0692776 0
    outer loop
      vertex 105.205 52.1017 1.4
      vertex 105.196 52.2313 2
      vertex 105.196 52.2313 1.4
    endloop
  endfacet
  facet normal -0.997597 -0.0692776 0
    outer loop
      vertex 105.196 52.2313 2
      vertex 105.205 52.1017 1.4
      vertex 105.205 52.1017 2
    endloop
  endfacet
  facet normal -0.992877 -0.119145 0
    outer loop
      vertex 105.196 52.2313 1.4
      vertex 105.181 52.3563 2
      vertex 105.181 52.3563 1.4
    endloop
  endfacet
  facet normal -0.992877 -0.119145 0
    outer loop
      vertex 105.181 52.3563 2
      vertex 105.196 52.2313 1.4
      vertex 105.196 52.2313 2
    endloop
  endfacet
  facet normal -0.985152 -0.171686 0
    outer loop
      vertex 105.181 52.3563 1.4
      vertex 105.16 52.4768 2
      vertex 105.16 52.4768 1.4
    endloop
  endfacet
  facet normal -0.985152 -0.171686 0
    outer loop
      vertex 105.16 52.4768 2
      vertex 105.181 52.3563 1.4
      vertex 105.181 52.3563 2
    endloop
  endfacet
  facet normal -0.973965 -0.226699 0
    outer loop
      vertex 105.16 52.4768 1.4
      vertex 105.133 52.5928 2
      vertex 105.133 52.5928 1.4
    endloop
  endfacet
  facet normal -0.973965 -0.226699 0
    outer loop
      vertex 105.133 52.5928 2
      vertex 105.16 52.4768 1.4
      vertex 105.16 52.4768 2
    endloop
  endfacet
  facet normal -0.958815 -0.28403 0
    outer loop
      vertex 105.133 52.5928 1.4
      vertex 105.1 52.7042 2
      vertex 105.1 52.7042 1.4
    endloop
  endfacet
  facet normal -0.958815 -0.28403 0
    outer loop
      vertex 105.1 52.7042 2
      vertex 105.133 52.5928 1.4
      vertex 105.133 52.5928 2
    endloop
  endfacet
  facet normal -0.939434 -0.342731 0
    outer loop
      vertex 105.1 52.7042 1.4
      vertex 105.061 52.8111 2
      vertex 105.061 52.8111 1.4
    endloop
  endfacet
  facet normal -0.939434 -0.342731 0
    outer loop
      vertex 105.061 52.8111 2
      vertex 105.1 52.7042 1.4
      vertex 105.1 52.7042 2
    endloop
  endfacet
  facet normal -0.918913 -0.39446 0
    outer loop
      vertex 105.061 52.8111 1.4
      vertex 105.017 52.9136 2
      vertex 105.017 52.9136 1.4
    endloop
  endfacet
  facet normal -0.918913 -0.39446 0
    outer loop
      vertex 105.017 52.9136 2
      vertex 105.061 52.8111 1.4
      vertex 105.061 52.8111 2
    endloop
  endfacet
  facet normal -0.891323 -0.453369 0
    outer loop
      vertex 105.017 52.9136 1.4
      vertex 104.967 53.0119 2
      vertex 104.967 53.0119 1.4
    endloop
  endfacet
  facet normal -0.891323 -0.453369 0
    outer loop
      vertex 104.967 53.0119 2
      vertex 105.017 52.9136 1.4
      vertex 105.017 52.9136 2
    endloop
  endfacet
  facet normal -0.863579 -0.504213 0
    outer loop
      vertex 104.967 53.0119 1.4
      vertex 104.912 53.1061 2
      vertex 104.912 53.1061 1.4
    endloop
  endfacet
  facet normal -0.863579 -0.504213 0
    outer loop
      vertex 104.912 53.1061 2
      vertex 104.967 53.0119 1.4
      vertex 104.967 53.0119 2
    endloop
  endfacet
  facet normal -0.827491 -0.561479 0
    outer loop
      vertex 104.912 53.1061 1.4
      vertex 104.851 53.196 2
      vertex 104.851 53.196 1.4
    endloop
  endfacet
  facet normal -0.827491 -0.561479 0
    outer loop
      vertex 104.851 53.196 2
      vertex 104.912 53.1061 1.4
      vertex 104.912 53.1061 2
    endloop
  endfacet
  facet normal -0.796753 -0.604305 0
    outer loop
      vertex 104.851 53.196 1.4
      vertex 104.786 53.2817 2
      vertex 104.786 53.2817 1.4
    endloop
  endfacet
  facet normal -0.796753 -0.604305 0
    outer loop
      vertex 104.786 53.2817 2
      vertex 104.851 53.196 1.4
      vertex 104.851 53.196 2
    endloop
  endfacet
  facet normal -0.754008 -0.656866 0
    outer loop
      vertex 104.786 53.2817 1.4
      vertex 104.715 53.3632 2
      vertex 104.715 53.3632 1.4
    endloop
  endfacet
  facet normal -0.754008 -0.656866 0
    outer loop
      vertex 104.715 53.3632 2
      vertex 104.786 53.2817 1.4
      vertex 104.786 53.2817 2
    endloop
  endfacet
  facet normal -0.708023 -0.706189 0
    outer loop
      vertex 104.715 53.3632 1.4
      vertex 104.638 53.4404 2
      vertex 104.638 53.4404 1.4
    endloop
  endfacet
  facet normal -0.708023 -0.706189 0
    outer loop
      vertex 104.638 53.4404 2
      vertex 104.715 53.3632 1.4
      vertex 104.715 53.3632 2
    endloop
  endfacet
  facet normal -0.664978 -0.746863 0
    outer loop
      vertex 104.555 53.5143 1.4
      vertex 104.638 53.4404 2
      vertex 104.555 53.5143 2
    endloop
  endfacet
  facet normal -0.664978 -0.746863 -0
    outer loop
      vertex 104.638 53.4404 2
      vertex 104.555 53.5143 1.4
      vertex 104.638 53.4404 1.4
    endloop
  endfacet
  facet normal -0.616215 -0.787578 0
    outer loop
      vertex 104.464 53.5855 1.4
      vertex 104.555 53.5143 2
      vertex 104.464 53.5855 2
    endloop
  endfacet
  facet normal -0.616215 -0.787578 -0
    outer loop
      vertex 104.555 53.5143 2
      vertex 104.464 53.5855 1.4
      vertex 104.555 53.5143 1.4
    endloop
  endfacet
  facet normal -0.568994 -0.822342 0
    outer loop
      vertex 104.365 53.654 1.4
      vertex 104.464 53.5855 2
      vertex 104.365 53.654 2
    endloop
  endfacet
  facet normal -0.568994 -0.822342 -0
    outer loop
      vertex 104.464 53.5855 2
      vertex 104.365 53.654 1.4
      vertex 104.464 53.5855 1.4
    endloop
  endfacet
  facet normal -0.520874 -0.853633 0
    outer loop
      vertex 104.257 53.7199 1.4
      vertex 104.365 53.654 2
      vertex 104.257 53.7199 2
    endloop
  endfacet
  facet normal -0.520874 -0.853633 -0
    outer loop
      vertex 104.365 53.654 2
      vertex 104.257 53.7199 1.4
      vertex 104.365 53.654 1.4
    endloop
  endfacet
  facet normal -0.481626 -0.876377 0
    outer loop
      vertex 104.142 53.7831 1.4
      vertex 104.257 53.7199 2
      vertex 104.142 53.7831 2
    endloop
  endfacet
  facet normal -0.481626 -0.876377 -0
    outer loop
      vertex 104.257 53.7199 2
      vertex 104.142 53.7831 1.4
      vertex 104.257 53.7199 1.4
    endloop
  endfacet
  facet normal -0.43908 -0.898448 0
    outer loop
      vertex 104.018 53.8437 1.4
      vertex 104.142 53.7831 2
      vertex 104.018 53.8437 2
    endloop
  endfacet
  facet normal -0.43908 -0.898448 -0
    outer loop
      vertex 104.142 53.7831 2
      vertex 104.018 53.8437 1.4
      vertex 104.142 53.7831 1.4
    endloop
  endfacet
  facet normal -0.404259 -0.914645 0
    outer loop
      vertex 103.887 53.9016 1.4
      vertex 104.018 53.8437 2
      vertex 103.887 53.9016 2
    endloop
  endfacet
  facet normal -0.404259 -0.914645 -0
    outer loop
      vertex 104.018 53.8437 2
      vertex 103.887 53.9016 1.4
      vertex 104.018 53.8437 1.4
    endloop
  endfacet
  facet normal -0.358391 -0.933571 0
    outer loop
      vertex 103.738 53.9588 1.4
      vertex 103.887 53.9016 2
      vertex 103.738 53.9588 2
    endloop
  endfacet
  facet normal -0.358391 -0.933571 -0
    outer loop
      vertex 103.887 53.9016 2
      vertex 103.738 53.9588 1.4
      vertex 103.887 53.9016 1.4
    endloop
  endfacet
  facet normal -0.320145 -0.947368 0
    outer loop
      vertex 103.564 54.0176 1.4
      vertex 103.738 53.9588 2
      vertex 103.564 54.0176 2
    endloop
  endfacet
  facet normal -0.320145 -0.947368 -0
    outer loop
      vertex 103.738 53.9588 2
      vertex 103.564 54.0176 1.4
      vertex 103.738 53.9588 1.4
    endloop
  endfacet
  facet normal -0.289113 -0.957295 0
    outer loop
      vertex 103.365 54.0777 1.4
      vertex 103.564 54.0176 2
      vertex 103.365 54.0777 2
    endloop
  endfacet
  facet normal -0.289113 -0.957295 -0
    outer loop
      vertex 103.564 54.0176 2
      vertex 103.365 54.0777 1.4
      vertex 103.564 54.0176 1.4
    endloop
  endfacet
  facet normal -0.264459 -0.964397 0
    outer loop
      vertex 103.14 54.1394 1.4
      vertex 103.365 54.0777 2
      vertex 103.14 54.1394 2
    endloop
  endfacet
  facet normal -0.264459 -0.964397 -0
    outer loop
      vertex 103.365 54.0777 2
      vertex 103.14 54.1394 1.4
      vertex 103.365 54.0777 1.4
    endloop
  endfacet
  facet normal -0.243445 -0.969915 0
    outer loop
      vertex 102.889 54.2024 1.4
      vertex 103.14 54.1394 2
      vertex 102.889 54.2024 2
    endloop
  endfacet
  facet normal -0.243445 -0.969915 -0
    outer loop
      vertex 103.14 54.1394 2
      vertex 102.889 54.2024 1.4
      vertex 103.14 54.1394 1.4
    endloop
  endfacet
  facet normal -0.227564 -0.973763 0
    outer loop
      vertex 102.613 54.2669 1.4
      vertex 102.889 54.2024 2
      vertex 102.613 54.2669 2
    endloop
  endfacet
  facet normal -0.227564 -0.973763 -0
    outer loop
      vertex 102.889 54.2024 2
      vertex 102.613 54.2669 1.4
      vertex 102.889 54.2024 1.4
    endloop
  endfacet
  facet normal -0.213195 -0.97701 0
    outer loop
      vertex 102.311 54.3328 1.4
      vertex 102.613 54.2669 2
      vertex 102.311 54.3328 2
    endloop
  endfacet
  facet normal -0.213195 -0.97701 -0
    outer loop
      vertex 102.613 54.2669 2
      vertex 102.311 54.3328 1.4
      vertex 102.613 54.2669 1.4
    endloop
  endfacet
  facet normal -0.21693 -0.976187 0
    outer loop
      vertex 102.059 54.3888 1.4
      vertex 102.311 54.3328 2
      vertex 102.059 54.3888 2
    endloop
  endfacet
  facet normal -0.21693 -0.976187 -0
    outer loop
      vertex 102.311 54.3328 2
      vertex 102.059 54.3888 1.4
      vertex 102.311 54.3328 1.4
    endloop
  endfacet
  facet normal -0.228179 -0.973619 0
    outer loop
      vertex 101.832 54.442 1.4
      vertex 102.059 54.3888 2
      vertex 101.832 54.442 2
    endloop
  endfacet
  facet normal -0.228179 -0.973619 -0
    outer loop
      vertex 102.059 54.3888 2
      vertex 101.832 54.442 1.4
      vertex 102.059 54.3888 1.4
    endloop
  endfacet
  facet normal -0.242084 -0.970255 0
    outer loop
      vertex 101.63 54.4924 1.4
      vertex 101.832 54.442 2
      vertex 101.63 54.4924 2
    endloop
  endfacet
  facet normal -0.242084 -0.970255 -0
    outer loop
      vertex 101.832 54.442 2
      vertex 101.63 54.4924 1.4
      vertex 101.832 54.442 1.4
    endloop
  endfacet
  facet normal -0.261586 -0.96518 0
    outer loop
      vertex 101.454 54.5401 1.4
      vertex 101.63 54.4924 2
      vertex 101.454 54.5401 2
    endloop
  endfacet
  facet normal -0.261586 -0.96518 -0
    outer loop
      vertex 101.63 54.4924 2
      vertex 101.454 54.5401 1.4
      vertex 101.63 54.4924 1.4
    endloop
  endfacet
  facet normal -0.286762 -0.958002 0
    outer loop
      vertex 101.304 54.585 1.4
      vertex 101.454 54.5401 2
      vertex 101.304 54.585 2
    endloop
  endfacet
  facet normal -0.286762 -0.958002 -0
    outer loop
      vertex 101.454 54.5401 2
      vertex 101.304 54.585 1.4
      vertex 101.454 54.5401 1.4
    endloop
  endfacet
  facet normal -0.319183 -0.947693 0
    outer loop
      vertex 101.179 54.6271 1.4
      vertex 101.304 54.585 2
      vertex 101.179 54.6271 2
    endloop
  endfacet
  facet normal -0.319183 -0.947693 -0
    outer loop
      vertex 101.304 54.585 2
      vertex 101.179 54.6271 1.4
      vertex 101.304 54.585 1.4
    endloop
  endfacet
  facet normal -0.365768 -0.930706 0
    outer loop
      vertex 101.079 54.6664 1.4
      vertex 101.179 54.6271 2
      vertex 101.079 54.6664 2
    endloop
  endfacet
  facet normal -0.365768 -0.930706 -0
    outer loop
      vertex 101.179 54.6271 2
      vertex 101.079 54.6664 1.4
      vertex 101.179 54.6271 1.4
    endloop
  endfacet
  facet normal -0.427056 -0.904225 0
    outer loop
      vertex 100.996 54.7056 1.4
      vertex 101.079 54.6664 2
      vertex 100.996 54.7056 2
    endloop
  endfacet
  facet normal -0.427056 -0.904225 -0
    outer loop
      vertex 101.079 54.6664 2
      vertex 100.996 54.7056 1.4
      vertex 101.079 54.6664 1.4
    endloop
  endfacet
  facet normal -0.469707 -0.882822 0
    outer loop
      vertex 100.918 54.7471 1.4
      vertex 100.996 54.7056 2
      vertex 100.918 54.7471 2
    endloop
  endfacet
  facet normal -0.469707 -0.882822 -0
    outer loop
      vertex 100.996 54.7056 2
      vertex 100.918 54.7471 1.4
      vertex 100.996 54.7056 1.4
    endloop
  endfacet
  facet normal -0.518854 -0.854863 0
    outer loop
      vertex 100.846 54.7908 1.4
      vertex 100.918 54.7471 2
      vertex 100.846 54.7908 2
    endloop
  endfacet
  facet normal -0.518854 -0.854863 -0
    outer loop
      vertex 100.918 54.7471 2
      vertex 100.846 54.7908 1.4
      vertex 100.918 54.7471 1.4
    endloop
  endfacet
  facet normal -0.579339 -0.815087 0
    outer loop
      vertex 100.781 54.837 1.4
      vertex 100.846 54.7908 2
      vertex 100.781 54.837 2
    endloop
  endfacet
  facet normal -0.579339 -0.815087 -0
    outer loop
      vertex 100.846 54.7908 2
      vertex 100.781 54.837 1.4
      vertex 100.846 54.7908 1.4
    endloop
  endfacet
  facet normal -0.634236 -0.773139 0
    outer loop
      vertex 100.722 54.8854 1.4
      vertex 100.781 54.837 2
      vertex 100.722 54.8854 2
    endloop
  endfacet
  facet normal -0.634236 -0.773139 -0
    outer loop
      vertex 100.781 54.837 2
      vertex 100.722 54.8854 1.4
      vertex 100.781 54.837 1.4
    endloop
  endfacet
  facet normal -0.685196 -0.728358 0
    outer loop
      vertex 100.668 54.9362 1.4
      vertex 100.722 54.8854 2
      vertex 100.668 54.9362 2
    endloop
  endfacet
  facet normal -0.685196 -0.728358 -0
    outer loop
      vertex 100.722 54.8854 2
      vertex 100.668 54.9362 1.4
      vertex 100.722 54.8854 1.4
    endloop
  endfacet
  facet normal -0.748188 -0.663487 0
    outer loop
      vertex 100.668 54.9362 1.4
      vertex 100.621 54.9892 2
      vertex 100.621 54.9892 1.4
    endloop
  endfacet
  facet normal -0.748188 -0.663487 0
    outer loop
      vertex 100.621 54.9892 2
      vertex 100.668 54.9362 1.4
      vertex 100.668 54.9362 2
    endloop
  endfacet
  facet normal -0.809355 -0.58732 0
    outer loop
      vertex 100.621 54.9892 1.4
      vertex 100.58 55.0457 2
      vertex 100.58 55.0457 1.4
    endloop
  endfacet
  facet normal -0.809355 -0.58732 0
    outer loop
      vertex 100.58 55.0457 2
      vertex 100.621 54.9892 1.4
      vertex 100.621 54.9892 2
    endloop
  endfacet
  facet normal -0.867014 -0.498284 0
    outer loop
      vertex 100.58 55.0457 1.4
      vertex 100.545 55.1066 2
      vertex 100.545 55.1066 1.4
    endloop
  endfacet
  facet normal -0.867014 -0.498284 0
    outer loop
      vertex 100.545 55.1066 2
      vertex 100.58 55.0457 1.4
      vertex 100.58 55.0457 2
    endloop
  endfacet
  facet normal -0.91929 -0.39358 0
    outer loop
      vertex 100.545 55.1066 1.4
      vertex 100.517 55.172 2
      vertex 100.517 55.172 1.4
    endloop
  endfacet
  facet normal -0.91929 -0.39358 0
    outer loop
      vertex 100.517 55.172 2
      vertex 100.545 55.1066 1.4
      vertex 100.545 55.1066 2
    endloop
  endfacet
  facet normal -0.953624 -0.301 0
    outer loop
      vertex 100.517 55.172 1.4
      vertex 100.495 55.2417 2
      vertex 100.495 55.2417 1.4
    endloop
  endfacet
  facet normal -0.953624 -0.301 0
    outer loop
      vertex 100.495 55.2417 2
      vertex 100.517 55.172 1.4
      vertex 100.517 55.172 2
    endloop
  endfacet
  facet normal -0.977532 -0.210789 0
    outer loop
      vertex 100.495 55.2417 1.4
      vertex 100.479 55.3159 2
      vertex 100.479 55.3159 1.4
    endloop
  endfacet
  facet normal -0.977532 -0.210789 0
    outer loop
      vertex 100.479 55.3159 2
      vertex 100.495 55.2417 1.4
      vertex 100.495 55.2417 2
    endloop
  endfacet
  facet normal -0.993508 -0.11376 0
    outer loop
      vertex 100.479 55.3159 1.4
      vertex 100.47 55.3945 2
      vertex 100.47 55.3945 1.4
    endloop
  endfacet
  facet normal -0.993508 -0.11376 0
    outer loop
      vertex 100.47 55.3945 2
      vertex 100.479 55.3159 1.4
      vertex 100.479 55.3159 2
    endloop
  endfacet
  facet normal -0.998844 -0.0480791 0
    outer loop
      vertex 100.47 55.3945 1.4
      vertex 100.466 55.4776 2
      vertex 100.466 55.4776 1.4
    endloop
  endfacet
  facet normal -0.998844 -0.0480791 0
    outer loop
      vertex 100.466 55.4776 2
      vertex 100.47 55.3945 1.4
      vertex 100.47 55.3945 2
    endloop
  endfacet
  facet normal -0.992385 0.123176 0
    outer loop
      vertex 100.466 55.4776 1.4
      vertex 100.496 55.7193 2
      vertex 100.496 55.7193 1.4
    endloop
  endfacet
  facet normal -0.992385 0.123176 0
    outer loop
      vertex 100.496 55.7193 2
      vertex 100.466 55.4776 1.4
      vertex 100.466 55.4776 2
    endloop
  endfacet
  facet normal -0.916999 0.39889 0
    outer loop
      vertex 100.496 55.7193 1.4
      vertex 100.585 55.9239 2
      vertex 100.585 55.9239 1.4
    endloop
  endfacet
  facet normal -0.916999 0.39889 0
    outer loop
      vertex 100.585 55.9239 2
      vertex 100.496 55.7193 1.4
      vertex 100.496 55.7193 2
    endloop
  endfacet
  facet normal -0.749184 0.662361 0
    outer loop
      vertex 100.585 55.9239 1.4
      vertex 100.733 56.0913 2
      vertex 100.733 56.0913 1.4
    endloop
  endfacet
  facet normal -0.749184 0.662361 0
    outer loop
      vertex 100.733 56.0913 2
      vertex 100.585 55.9239 1.4
      vertex 100.585 55.9239 2
    endloop
  endfacet
  facet normal -0.530585 0.847632 0
    outer loop
      vertex 100.941 56.2215 1.4
      vertex 100.733 56.0913 2
      vertex 100.941 56.2215 2
    endloop
  endfacet
  facet normal -0.530585 0.847632 0
    outer loop
      vertex 100.733 56.0913 2
      vertex 100.941 56.2215 1.4
      vertex 100.733 56.0913 1.4
    endloop
  endfacet
  facet normal -0.328932 0.944354 0
    outer loop
      vertex 101.208 56.3145 1.4
      vertex 100.941 56.2215 2
      vertex 101.208 56.3145 2
    endloop
  endfacet
  facet normal -0.328932 0.944354 0
    outer loop
      vertex 100.941 56.2215 2
      vertex 101.208 56.3145 1.4
      vertex 100.941 56.2215 1.4
    endloop
  endfacet
  facet normal -0.168211 0.985751 0
    outer loop
      vertex 101.535 56.3703 1.4
      vertex 101.208 56.3145 2
      vertex 101.535 56.3703 2
    endloop
  endfacet
  facet normal -0.168211 0.985751 0
    outer loop
      vertex 101.208 56.3145 2
      vertex 101.535 56.3703 1.4
      vertex 101.208 56.3145 1.4
    endloop
  endfacet
  facet normal -0.0482554 0.998835 0
    outer loop
      vertex 101.92 56.3889 1.4
      vertex 101.535 56.3703 2
      vertex 101.92 56.3889 2
    endloop
  endfacet
  facet normal -0.0482554 0.998835 0
    outer loop
      vertex 101.535 56.3703 2
      vertex 101.92 56.3889 1.4
      vertex 101.535 56.3703 1.4
    endloop
  endfacet
  facet normal 0.0269743 0.999636 -0
    outer loop
      vertex 102.109 56.3838 1.4
      vertex 101.92 56.3889 2
      vertex 102.109 56.3838 2
    endloop
  endfacet
  facet normal 0.0269743 0.999636 0
    outer loop
      vertex 101.92 56.3889 2
      vertex 102.109 56.3838 1.4
      vertex 101.92 56.3889 1.4
    endloop
  endfacet
  facet normal 0.0866052 0.996243 -0
    outer loop
      vertex 102.285 56.3685 1.4
      vertex 102.109 56.3838 2
      vertex 102.285 56.3685 2
    endloop
  endfacet
  facet normal 0.0866052 0.996243 0
    outer loop
      vertex 102.109 56.3838 2
      vertex 102.285 56.3685 1.4
      vertex 102.109 56.3838 1.4
    endloop
  endfacet
  facet normal 0.15397 0.988076 -0
    outer loop
      vertex 102.448 56.3431 1.4
      vertex 102.285 56.3685 2
      vertex 102.448 56.3431 2
    endloop
  endfacet
  facet normal 0.15397 0.988076 0
    outer loop
      vertex 102.285 56.3685 2
      vertex 102.448 56.3431 1.4
      vertex 102.285 56.3685 1.4
    endloop
  endfacet
  facet normal 0.231533 0.972827 -0
    outer loop
      vertex 102.598 56.3074 1.4
      vertex 102.448 56.3431 2
      vertex 102.598 56.3074 2
    endloop
  endfacet
  facet normal 0.231533 0.972827 0
    outer loop
      vertex 102.448 56.3431 2
      vertex 102.598 56.3074 1.4
      vertex 102.448 56.3431 1.4
    endloop
  endfacet
  facet normal 0.317058 0.948406 -0
    outer loop
      vertex 102.735 56.2616 1.4
      vertex 102.598 56.3074 2
      vertex 102.735 56.2616 2
    endloop
  endfacet
  facet normal 0.317058 0.948406 0
    outer loop
      vertex 102.598 56.3074 2
      vertex 102.735 56.2616 1.4
      vertex 102.598 56.3074 1.4
    endloop
  endfacet
  facet normal 0.412197 0.911095 -0
    outer loop
      vertex 102.859 56.2055 1.4
      vertex 102.735 56.2616 2
      vertex 102.859 56.2055 2
    endloop
  endfacet
  facet normal 0.412197 0.911095 0
    outer loop
      vertex 102.735 56.2616 2
      vertex 102.859 56.2055 1.4
      vertex 102.735 56.2616 1.4
    endloop
  endfacet
  facet normal 0.512218 0.858855 -0
    outer loop
      vertex 102.97 56.1393 1.4
      vertex 102.859 56.2055 2
      vertex 102.97 56.1393 2
    endloop
  endfacet
  facet normal 0.512218 0.858855 0
    outer loop
      vertex 102.859 56.2055 2
      vertex 102.97 56.1393 1.4
      vertex 102.859 56.2055 1.4
    endloop
  endfacet
  facet normal 0.606594 0.795012 -0
    outer loop
      vertex 103.07 56.063 1.4
      vertex 102.97 56.1393 2
      vertex 103.07 56.063 2
    endloop
  endfacet
  facet normal 0.606594 0.795012 0
    outer loop
      vertex 102.97 56.1393 2
      vertex 103.07 56.063 1.4
      vertex 102.97 56.1393 1.4
    endloop
  endfacet
  facet normal 0.695717 0.718316 -0
    outer loop
      vertex 103.159 55.9768 1.4
      vertex 103.07 56.063 2
      vertex 103.159 55.9768 2
    endloop
  endfacet
  facet normal 0.695717 0.718316 0
    outer loop
      vertex 103.07 56.063 2
      vertex 103.159 55.9768 1.4
      vertex 103.07 56.063 1.4
    endloop
  endfacet
  facet normal 0.768876 0.639398 0
    outer loop
      vertex 103.239 55.8806 2
      vertex 103.159 55.9768 1.4
      vertex 103.159 55.9768 2
    endloop
  endfacet
  facet normal 0.768876 0.639398 0
    outer loop
      vertex 103.159 55.9768 1.4
      vertex 103.239 55.8806 2
      vertex 103.239 55.8806 1.4
    endloop
  endfacet
  facet normal 0.838552 0.544822 0
    outer loop
      vertex 103.308 55.7744 2
      vertex 103.239 55.8806 1.4
      vertex 103.239 55.8806 2
    endloop
  endfacet
  facet normal 0.838552 0.544822 0
    outer loop
      vertex 103.239 55.8806 1.4
      vertex 103.308 55.7744 2
      vertex 103.308 55.7744 1.4
    endloop
  endfacet
  facet normal 0.89149 0.45304 0
    outer loop
      vertex 103.367 55.6583 2
      vertex 103.308 55.7744 1.4
      vertex 103.308 55.7744 2
    endloop
  endfacet
  facet normal 0.89149 0.45304 0
    outer loop
      vertex 103.308 55.7744 1.4
      vertex 103.367 55.6583 2
      vertex 103.367 55.6583 1.4
    endloop
  endfacet
  facet normal 0.932102 0.362197 0
    outer loop
      vertex 103.416 55.5322 2
      vertex 103.367 55.6583 1.4
      vertex 103.367 55.6583 2
    endloop
  endfacet
  facet normal 0.932102 0.362197 0
    outer loop
      vertex 103.367 55.6583 1.4
      vertex 103.416 55.5322 2
      vertex 103.416 55.5322 1.4
    endloop
  endfacet
  facet normal 0.959422 0.281975 0
    outer loop
      vertex 103.456 55.3961 2
      vertex 103.416 55.5322 1.4
      vertex 103.416 55.5322 2
    endloop
  endfacet
  facet normal 0.959422 0.281975 0
    outer loop
      vertex 103.416 55.5322 1.4
      vertex 103.456 55.3961 2
      vertex 103.456 55.3961 1.4
    endloop
  endfacet
  facet normal -0.135176 0.990822 0
    outer loop
      vertex 105.007 55.6077 1.4
      vertex 103.456 55.3961 2
      vertex 105.007 55.6077 2
    endloop
  endfacet
  facet normal -0.135176 0.990822 0
    outer loop
      vertex 103.456 55.3961 2
      vertex 105.007 55.6077 1.4
      vertex 103.456 55.3961 1.4
    endloop
  endfacet
  facet normal -0.97117 -0.238388 0
    outer loop
      vertex 105.007 55.6077 1.4
      vertex 104.938 55.8888 2
      vertex 104.938 55.8888 1.4
    endloop
  endfacet
  facet normal -0.97117 -0.238388 0
    outer loop
      vertex 104.938 55.8888 2
      vertex 105.007 55.6077 1.4
      vertex 105.007 55.6077 2
    endloop
  endfacet
  facet normal -0.943961 -0.330056 0
    outer loop
      vertex 104.938 55.8888 1.4
      vertex 104.848 56.1462 2
      vertex 104.848 56.1462 1.4
    endloop
  endfacet
  facet normal -0.943961 -0.330056 0
    outer loop
      vertex 104.848 56.1462 2
      vertex 104.938 55.8888 1.4
      vertex 104.938 55.8888 2
    endloop
  endfacet
  facet normal -0.90336 -0.428883 0
    outer loop
      vertex 104.848 56.1462 1.4
      vertex 104.737 56.38 2
      vertex 104.737 56.38 1.4
    endloop
  endfacet
  facet normal -0.90336 -0.428883 0
    outer loop
      vertex 104.737 56.38 2
      vertex 104.848 56.1462 1.4
      vertex 104.848 56.1462 2
    endloop
  endfacet
  facet normal -0.848452 -0.529272 0
    outer loop
      vertex 104.737 56.38 1.4
      vertex 104.606 56.59 2
      vertex 104.606 56.59 1.4
    endloop
  endfacet
  facet normal -0.848452 -0.529272 0
    outer loop
      vertex 104.606 56.59 2
      vertex 104.737 56.38 1.4
      vertex 104.737 56.38 2
    endloop
  endfacet
  facet normal -0.774827 -0.632173 0
    outer loop
      vertex 104.606 56.59 1.4
      vertex 104.454 56.7763 2
      vertex 104.454 56.7763 1.4
    endloop
  endfacet
  facet normal -0.774827 -0.632173 0
    outer loop
      vertex 104.454 56.7763 2
      vertex 104.606 56.59 1.4
      vertex 104.606 56.59 2
    endloop
  endfacet
  facet normal -0.684865 -0.72867 0
    outer loop
      vertex 104.281 56.9389 1.4
      vertex 104.454 56.7763 2
      vertex 104.281 56.9389 2
    endloop
  endfacet
  facet normal -0.684865 -0.72867 -0
    outer loop
      vertex 104.454 56.7763 2
      vertex 104.281 56.9389 1.4
      vertex 104.454 56.7763 1.4
    endloop
  endfacet
  facet normal -0.584415 -0.811455 0
    outer loop
      vertex 104.088 57.0779 1.4
      vertex 104.281 56.9389 2
      vertex 104.088 57.0779 2
    endloop
  endfacet
  facet normal -0.584415 -0.811455 -0
    outer loop
      vertex 104.281 56.9389 2
      vertex 104.088 57.0779 1.4
      vertex 104.281 56.9389 1.4
    endloop
  endfacet
  facet normal -0.47434 -0.880342 0
    outer loop
      vertex 103.869 57.1959 1.4
      vertex 104.088 57.0779 2
      vertex 103.869 57.1959 2
    endloop
  endfacet
  facet normal -0.47434 -0.880342 -0
    outer loop
      vertex 104.088 57.0779 2
      vertex 103.869 57.1959 1.4
      vertex 104.088 57.0779 1.4
    endloop
  endfacet
  facet normal -0.374947 -0.927046 0
    outer loop
      vertex 103.622 57.2958 1.4
      vertex 103.869 57.1959 2
      vertex 103.622 57.2958 2
    endloop
  endfacet
  facet normal -0.374947 -0.927046 -0
    outer loop
      vertex 103.869 57.1959 2
      vertex 103.622 57.2958 1.4
      vertex 103.869 57.1959 1.4
    endloop
  endfacet
  facet normal -0.28384 -0.958872 0
    outer loop
      vertex 103.346 57.3775 1.4
      vertex 103.622 57.2958 2
      vertex 103.346 57.3775 2
    endloop
  endfacet
  facet normal -0.28384 -0.958872 -0
    outer loop
      vertex 103.622 57.2958 2
      vertex 103.346 57.3775 1.4
      vertex 103.622 57.2958 1.4
    endloop
  endfacet
  facet normal -0.203826 -0.979007 0
    outer loop
      vertex 103.041 57.441 1.4
      vertex 103.346 57.3775 2
      vertex 103.041 57.441 2
    endloop
  endfacet
  facet normal -0.203826 -0.979007 -0
    outer loop
      vertex 103.346 57.3775 2
      vertex 103.041 57.441 1.4
      vertex 103.346 57.3775 1.4
    endloop
  endfacet
  facet normal -0.13469 -0.990888 0
    outer loop
      vertex 102.707 57.4864 1.4
      vertex 103.041 57.441 2
      vertex 102.707 57.4864 2
    endloop
  endfacet
  facet normal -0.13469 -0.990888 -0
    outer loop
      vertex 103.041 57.441 2
      vertex 102.707 57.4864 1.4
      vertex 103.041 57.441 1.4
    endloop
  endfacet
  facet normal -0.0749948 -0.997184 0
    outer loop
      vertex 102.344 57.5137 1.4
      vertex 102.707 57.4864 2
      vertex 102.344 57.5137 2
    endloop
  endfacet
  facet normal -0.0749948 -0.997184 -0
    outer loop
      vertex 102.707 57.4864 2
      vertex 102.344 57.5137 1.4
      vertex 102.707 57.4864 1.4
    endloop
  endfacet
  facet normal -0.0232674 -0.999729 0
    outer loop
      vertex 101.953 57.5228 1.4
      vertex 102.344 57.5137 2
      vertex 101.953 57.5228 2
    endloop
  endfacet
  facet normal -0.0232674 -0.999729 -0
    outer loop
      vertex 102.344 57.5137 2
      vertex 101.953 57.5228 1.4
      vertex 102.344 57.5137 1.4
    endloop
  endfacet
  facet normal 0.0275505 -0.99962 0
    outer loop
      vertex 101.543 57.5115 1.4
      vertex 101.953 57.5228 2
      vertex 101.543 57.5115 2
    endloop
  endfacet
  facet normal 0.0275505 -0.99962 0
    outer loop
      vertex 101.953 57.5228 2
      vertex 101.543 57.5115 1.4
      vertex 101.953 57.5228 1.4
    endloop
  endfacet
  facet normal 0.0878786 -0.996131 0
    outer loop
      vertex 101.161 57.4778 1.4
      vertex 101.543 57.5115 2
      vertex 101.161 57.4778 2
    endloop
  endfacet
  facet normal 0.0878786 -0.996131 0
    outer loop
      vertex 101.543 57.5115 2
      vertex 101.161 57.4778 1.4
      vertex 101.543 57.5115 1.4
    endloop
  endfacet
  facet normal 0.157662 -0.987493 0
    outer loop
      vertex 100.809 57.4216 1.4
      vertex 101.161 57.4778 2
      vertex 100.809 57.4216 2
    endloop
  endfacet
  facet normal 0.157662 -0.987493 0
    outer loop
      vertex 101.161 57.4778 2
      vertex 100.809 57.4216 1.4
      vertex 101.161 57.4778 1.4
    endloop
  endfacet
  facet normal 0.235755 -0.971813 0
    outer loop
      vertex 100.485 57.343 1.4
      vertex 100.809 57.4216 2
      vertex 100.485 57.343 2
    endloop
  endfacet
  facet normal 0.235755 -0.971813 0
    outer loop
      vertex 100.809 57.4216 2
      vertex 100.485 57.343 1.4
      vertex 100.809 57.4216 1.4
    endloop
  endfacet
  facet normal 0.325475 -0.945551 0
    outer loop
      vertex 100.191 57.2418 1.4
      vertex 100.485 57.343 2
      vertex 100.191 57.2418 2
    endloop
  endfacet
  facet normal 0.325475 -0.945551 0
    outer loop
      vertex 100.485 57.343 2
      vertex 100.191 57.2418 1.4
      vertex 100.485 57.343 1.4
    endloop
  endfacet
  facet normal 0.421131 -0.907 0
    outer loop
      vertex 99.9248 57.1182 1.4
      vertex 100.191 57.2418 2
      vertex 99.9248 57.1182 2
    endloop
  endfacet
  facet normal 0.421131 -0.907 0
    outer loop
      vertex 100.191 57.2418 2
      vertex 99.9248 57.1182 1.4
      vertex 100.191 57.2418 1.4
    endloop
  endfacet
  facet normal 0.524919 -0.851152 0
    outer loop
      vertex 99.6879 56.9721 1.4
      vertex 99.9248 57.1182 2
      vertex 99.6879 56.9721 2
    endloop
  endfacet
  facet normal 0.524919 -0.851152 0
    outer loop
      vertex 99.9248 57.1182 2
      vertex 99.6879 56.9721 1.4
      vertex 99.9248 57.1182 1.4
    endloop
  endfacet
  facet normal 0.629274 -0.777184 0
    outer loop
      vertex 99.4814 56.8049 1.4
      vertex 99.6879 56.9721 2
      vertex 99.4814 56.8049 2
    endloop
  endfacet
  facet normal 0.629274 -0.777184 0
    outer loop
      vertex 99.6879 56.9721 2
      vertex 99.4814 56.8049 1.4
      vertex 99.6879 56.9721 1.4
    endloop
  endfacet
  facet normal 0.730718 -0.68268 0
    outer loop
      vertex 99.3066 56.6178 2
      vertex 99.4814 56.8049 1.4
      vertex 99.4814 56.8049 2
    endloop
  endfacet
  facet normal 0.730718 -0.68268 0
    outer loop
      vertex 99.4814 56.8049 1.4
      vertex 99.3066 56.6178 2
      vertex 99.3066 56.6178 1.4
    endloop
  endfacet
  facet normal 0.822693 -0.568486 0
    outer loop
      vertex 99.1637 56.411 2
      vertex 99.3066 56.6178 1.4
      vertex 99.3066 56.6178 2
    endloop
  endfacet
  facet normal 0.822693 -0.568486 0
    outer loop
      vertex 99.3066 56.6178 1.4
      vertex 99.1637 56.411 2
      vertex 99.1637 56.411 1.4
    endloop
  endfacet
  facet normal 0.897651 -0.440708 0
    outer loop
      vertex 99.0524 56.1843 2
      vertex 99.1637 56.411 1.4
      vertex 99.1637 56.411 2
    endloop
  endfacet
  facet normal 0.897651 -0.440708 0
    outer loop
      vertex 99.1637 56.411 1.4
      vertex 99.0524 56.1843 2
      vertex 99.0524 56.1843 1.4
    endloop
  endfacet
  facet normal 0.95184 -0.306597 0
    outer loop
      vertex 98.973 55.9378 2
      vertex 99.0524 56.1843 1.4
      vertex 99.0524 56.1843 2
    endloop
  endfacet
  facet normal 0.95184 -0.306597 0
    outer loop
      vertex 99.0524 56.1843 1.4
      vertex 98.973 55.9378 2
      vertex 98.973 55.9378 1.4
    endloop
  endfacet
  facet normal 0.984345 -0.176251 0
    outer loop
      vertex 98.9253 55.6714 2
      vertex 98.973 55.9378 1.4
      vertex 98.973 55.9378 2
    endloop
  endfacet
  facet normal 0.984345 -0.176251 0
    outer loop
      vertex 98.973 55.9378 1.4
      vertex 98.9253 55.6714 2
      vertex 98.9253 55.6714 1.4
    endloop
  endfacet
  facet normal 0.998479 -0.0551414 0
    outer loop
      vertex 98.9095 55.3853 2
      vertex 98.9253 55.6714 1.4
      vertex 98.9253 55.6714 2
    endloop
  endfacet
  facet normal 0.998479 -0.0551414 0
    outer loop
      vertex 98.9253 55.6714 1.4
      vertex 98.9095 55.3853 2
      vertex 98.9095 55.3853 1.4
    endloop
  endfacet
  facet normal 0.999831 0.0183696 0
    outer loop
      vertex 98.9116 55.271 2
      vertex 98.9095 55.3853 1.4
      vertex 98.9095 55.3853 2
    endloop
  endfacet
  facet normal 0.999831 0.0183696 0
    outer loop
      vertex 98.9095 55.3853 1.4
      vertex 98.9116 55.271 2
      vertex 98.9116 55.271 1.4
    endloop
  endfacet
  facet normal 0.998281 0.0586163 0
    outer loop
      vertex 98.9181 55.1603 2
      vertex 98.9116 55.271 1.4
      vertex 98.9116 55.271 2
    endloop
  endfacet
  facet normal 0.998281 0.0586163 0
    outer loop
      vertex 98.9116 55.271 1.4
      vertex 98.9181 55.1603 2
      vertex 98.9181 55.1603 1.4
    endloop
  endfacet
  facet normal 0.994926 0.10061 0
    outer loop
      vertex 98.9289 55.0535 2
      vertex 98.9181 55.1603 1.4
      vertex 98.9181 55.1603 2
    endloop
  endfacet
  facet normal 0.994926 0.10061 0
    outer loop
      vertex 98.9181 55.1603 1.4
      vertex 98.9289 55.0535 2
      vertex 98.9289 55.0535 1.4
    endloop
  endfacet
  facet normal 0.989444 0.144914 0
    outer loop
      vertex 98.944 54.9504 2
      vertex 98.9289 55.0535 1.4
      vertex 98.9289 55.0535 2
    endloop
  endfacet
  facet normal 0.989444 0.144914 0
    outer loop
      vertex 98.9289 55.0535 1.4
      vertex 98.944 54.9504 2
      vertex 98.944 54.9504 1.4
    endloop
  endfacet
  facet normal 0.981445 0.191743 0
    outer loop
      vertex 98.9634 54.8511 2
      vertex 98.944 54.9504 1.4
      vertex 98.944 54.9504 2
    endloop
  endfacet
  facet normal 0.981445 0.191743 0
    outer loop
      vertex 98.944 54.9504 1.4
      vertex 98.9634 54.8511 2
      vertex 98.9634 54.8511 1.4
    endloop
  endfacet
  facet normal 0.970322 0.241818 0
    outer loop
      vertex 98.9872 54.7556 2
      vertex 98.9634 54.8511 1.4
      vertex 98.9634 54.8511 2
    endloop
  endfacet
  facet normal 0.970322 0.241818 0
    outer loop
      vertex 98.9634 54.8511 1.4
      vertex 98.9872 54.7556 2
      vertex 98.9872 54.7556 1.4
    endloop
  endfacet
  facet normal 0.956497 0.291742 0
    outer loop
      vertex 99.0152 54.6638 2
      vertex 98.9872 54.7556 1.4
      vertex 98.9872 54.7556 2
    endloop
  endfacet
  facet normal 0.956497 0.291742 0
    outer loop
      vertex 98.9872 54.7556 1.4
      vertex 99.0152 54.6638 2
      vertex 99.0152 54.6638 1.4
    endloop
  endfacet
  facet normal 0.940383 0.340116 0
    outer loop
      vertex 99.0471 54.5756 2
      vertex 99.0152 54.6638 1.4
      vertex 99.0152 54.6638 2
    endloop
  endfacet
  facet normal 0.940383 0.340116 0
    outer loop
      vertex 99.0152 54.6638 1.4
      vertex 99.0471 54.5756 2
      vertex 99.0471 54.5756 1.4
    endloop
  endfacet
  facet normal 0.923141 0.384461 0
    outer loop
      vertex 99.0825 54.4906 2
      vertex 99.0471 54.5756 1.4
      vertex 99.0471 54.5756 2
    endloop
  endfacet
  facet normal 0.923141 0.384461 0
    outer loop
      vertex 99.0471 54.5756 1.4
      vertex 99.0825 54.4906 2
      vertex 99.0825 54.4906 1.4
    endloop
  endfacet
  facet normal 0.903106 0.429418 0
    outer loop
      vertex 99.1213 54.409 2
      vertex 99.0825 54.4906 1.4
      vertex 99.0825 54.4906 2
    endloop
  endfacet
  facet normal 0.903106 0.429418 0
    outer loop
      vertex 99.0825 54.4906 1.4
      vertex 99.1213 54.409 2
      vertex 99.1213 54.409 1.4
    endloop
  endfacet
  facet normal 0.880037 0.474905 0
    outer loop
      vertex 99.1635 54.3308 2
      vertex 99.1213 54.409 1.4
      vertex 99.1213 54.409 2
    endloop
  endfacet
  facet normal 0.880037 0.474905 0
    outer loop
      vertex 99.1213 54.409 1.4
      vertex 99.1635 54.3308 2
      vertex 99.1635 54.3308 1.4
    endloop
  endfacet
  facet normal 0.853957 0.520344 0
    outer loop
      vertex 99.2092 54.2558 2
      vertex 99.1635 54.3308 1.4
      vertex 99.1635 54.3308 2
    endloop
  endfacet
  facet normal 0.853957 0.520344 0
    outer loop
      vertex 99.1635 54.3308 1.4
      vertex 99.2092 54.2558 2
      vertex 99.2092 54.2558 1.4
    endloop
  endfacet
  facet normal 0.824714 0.565551 0
    outer loop
      vertex 99.2583 54.1842 2
      vertex 99.2092 54.2558 1.4
      vertex 99.2092 54.2558 2
    endloop
  endfacet
  facet normal 0.824714 0.565551 0
    outer loop
      vertex 99.2092 54.2558 1.4
      vertex 99.2583 54.1842 2
      vertex 99.2583 54.1842 1.4
    endloop
  endfacet
  facet normal 0.79284 0.60943 0
    outer loop
      vertex 99.3108 54.1159 2
      vertex 99.2583 54.1842 1.4
      vertex 99.2583 54.1842 2
    endloop
  endfacet
  facet normal 0.79284 0.60943 0
    outer loop
      vertex 99.2583 54.1842 1.4
      vertex 99.3108 54.1159 2
      vertex 99.3108 54.1159 1.4
    endloop
  endfacet
  facet normal 0.759667 0.650312 0
    outer loop
      vertex 99.3667 54.0506 2
      vertex 99.3108 54.1159 1.4
      vertex 99.3108 54.1159 2
    endloop
  endfacet
  facet normal 0.759667 0.650312 0
    outer loop
      vertex 99.3108 54.1159 1.4
      vertex 99.3667 54.0506 2
      vertex 99.3667 54.0506 1.4
    endloop
  endfacet
  facet normal 0.725434 0.688292 0
    outer loop
      vertex 99.426 53.9881 2
      vertex 99.3667 54.0506 1.4
      vertex 99.3667 54.0506 2
    endloop
  endfacet
  facet normal 0.725434 0.688292 0
    outer loop
      vertex 99.3667 54.0506 1.4
      vertex 99.426 53.9881 2
      vertex 99.426 53.9881 1.4
    endloop
  endfacet
  facet normal 0.690723 0.723119 -0
    outer loop
      vertex 99.4885 53.9284 1.4
      vertex 99.426 53.9881 2
      vertex 99.4885 53.9284 2
    endloop
  endfacet
  facet normal 0.690723 0.723119 0
    outer loop
      vertex 99.426 53.9881 2
      vertex 99.4885 53.9284 1.4
      vertex 99.426 53.9881 1.4
    endloop
  endfacet
  facet normal 0.654187 0.756332 -0
    outer loop
      vertex 99.5544 53.8714 1.4
      vertex 99.4885 53.9284 2
      vertex 99.5544 53.8714 2
    endloop
  endfacet
  facet normal 0.654187 0.756332 0
    outer loop
      vertex 99.4885 53.9284 2
      vertex 99.5544 53.8714 1.4
      vertex 99.4885 53.9284 1.4
    endloop
  endfacet
  facet normal 0.616615 0.787265 -0
    outer loop
      vertex 99.6236 53.8172 1.4
      vertex 99.5544 53.8714 2
      vertex 99.6236 53.8172 2
    endloop
  endfacet
  facet normal 0.616615 0.787265 0
    outer loop
      vertex 99.5544 53.8714 2
      vertex 99.6236 53.8172 1.4
      vertex 99.5544 53.8714 1.4
    endloop
  endfacet
  facet normal 0.579109 0.81525 -0
    outer loop
      vertex 99.6961 53.7657 1.4
      vertex 99.6236 53.8172 2
      vertex 99.6961 53.7657 2
    endloop
  endfacet
  facet normal 0.579109 0.81525 0
    outer loop
      vertex 99.6236 53.8172 2
      vertex 99.6961 53.7657 1.4
      vertex 99.6236 53.8172 1.4
    endloop
  endfacet
  facet normal 0.539747 0.841827 -0
    outer loop
      vertex 99.7719 53.7171 1.4
      vertex 99.6961 53.7657 2
      vertex 99.7719 53.7171 2
    endloop
  endfacet
  facet normal 0.539747 0.841827 0
    outer loop
      vertex 99.6961 53.7657 2
      vertex 99.7719 53.7171 1.4
      vertex 99.6961 53.7657 1.4
    endloop
  endfacet
  facet normal 0.506925 0.86199 -0
    outer loop
      vertex 99.8508 53.6707 1.4
      vertex 99.7719 53.7171 2
      vertex 99.8508 53.6707 2
    endloop
  endfacet
  facet normal 0.506925 0.86199 0
    outer loop
      vertex 99.7719 53.7171 2
      vertex 99.8508 53.6707 1.4
      vertex 99.7719 53.7171 1.4
    endloop
  endfacet
  facet normal 0.480058 0.877237 -0
    outer loop
      vertex 99.9323 53.6261 1.4
      vertex 99.8508 53.6707 2
      vertex 99.9323 53.6261 2
    endloop
  endfacet
  facet normal 0.480058 0.877237 0
    outer loop
      vertex 99.8508 53.6707 2
      vertex 99.9323 53.6261 1.4
      vertex 99.8508 53.6707 1.4
    endloop
  endfacet
  facet normal 0.456122 0.889917 -0
    outer loop
      vertex 100.016 53.5832 1.4
      vertex 99.9323 53.6261 2
      vertex 100.016 53.5832 2
    endloop
  endfacet
  facet normal 0.456122 0.889917 0
    outer loop
      vertex 99.9323 53.6261 2
      vertex 100.016 53.5832 1.4
      vertex 99.9323 53.6261 1.4
    endloop
  endfacet
  facet normal 0.426298 0.904583 -0
    outer loop
      vertex 100.103 53.5422 1.4
      vertex 100.016 53.5832 2
      vertex 100.103 53.5422 2
    endloop
  endfacet
  facet normal 0.426298 0.904583 0
    outer loop
      vertex 100.016 53.5832 2
      vertex 100.103 53.5422 1.4
      vertex 100.016 53.5832 1.4
    endloop
  endfacet
  facet normal 0.400178 0.916438 -0
    outer loop
      vertex 100.193 53.5029 1.4
      vertex 100.103 53.5422 2
      vertex 100.193 53.5029 2
    endloop
  endfacet
  facet normal 0.400178 0.916438 0
    outer loop
      vertex 100.103 53.5422 2
      vertex 100.193 53.5029 1.4
      vertex 100.103 53.5422 1.4
    endloop
  endfacet
  facet normal 0.378319 0.925675 -0
    outer loop
      vertex 100.285 53.4653 1.4
      vertex 100.193 53.5029 2
      vertex 100.285 53.4653 2
    endloop
  endfacet
  facet normal 0.378319 0.925675 0
    outer loop
      vertex 100.193 53.5029 2
      vertex 100.285 53.4653 1.4
      vertex 100.193 53.5029 1.4
    endloop
  endfacet
  facet normal 0.351771 0.936086 -0
    outer loop
      vertex 100.38 53.4296 1.4
      vertex 100.285 53.4653 2
      vertex 100.38 53.4296 2
    endloop
  endfacet
  facet normal 0.351771 0.936086 0
    outer loop
      vertex 100.285 53.4653 2
      vertex 100.38 53.4296 1.4
      vertex 100.285 53.4653 1.4
    endloop
  endfacet
  facet normal 0.325578 0.945515 -0
    outer loop
      vertex 100.486 53.3931 1.4
      vertex 100.38 53.4296 2
      vertex 100.486 53.3931 2
    endloop
  endfacet
  facet normal 0.325578 0.945515 0
    outer loop
      vertex 100.38 53.4296 2
      vertex 100.486 53.3931 1.4
      vertex 100.38 53.4296 1.4
    endloop
  endfacet
  facet normal 0.296235 0.955115 -0
    outer loop
      vertex 100.614 53.3534 1.4
      vertex 100.486 53.3931 2
      vertex 100.614 53.3534 2
    endloop
  endfacet
  facet normal 0.296235 0.955115 0
    outer loop
      vertex 100.486 53.3931 2
      vertex 100.614 53.3534 1.4
      vertex 100.486 53.3931 1.4
    endloop
  endfacet
  facet normal 0.274975 0.961451 -0
    outer loop
      vertex 100.764 53.3105 1.4
      vertex 100.614 53.3534 2
      vertex 100.764 53.3105 2
    endloop
  endfacet
  facet normal 0.274975 0.961451 0
    outer loop
      vertex 100.614 53.3534 2
      vertex 100.764 53.3105 1.4
      vertex 100.614 53.3534 1.4
    endloop
  endfacet
  facet normal 0.261724 0.965143 -0
    outer loop
      vertex 100.934 53.2644 1.4
      vertex 100.764 53.3105 2
      vertex 100.934 53.2644 2
    endloop
  endfacet
  facet normal 0.261724 0.965143 0
    outer loop
      vertex 100.764 53.3105 2
      vertex 100.934 53.2644 1.4
      vertex 100.764 53.3105 1.4
    endloop
  endfacet
  facet normal 0.248703 0.96858 -0
    outer loop
      vertex 101.126 53.2151 1.4
      vertex 100.934 53.2644 2
      vertex 101.126 53.2151 2
    endloop
  endfacet
  facet normal 0.248703 0.96858 0
    outer loop
      vertex 100.934 53.2644 2
      vertex 101.126 53.2151 1.4
      vertex 100.934 53.2644 1.4
    endloop
  endfacet
  facet normal 0.239317 0.970942 -0
    outer loop
      vertex 101.339 53.1626 1.4
      vertex 101.126 53.2151 2
      vertex 101.339 53.1626 2
    endloop
  endfacet
  facet normal 0.239317 0.970942 0
    outer loop
      vertex 101.126 53.2151 2
      vertex 101.339 53.1626 1.4
      vertex 101.126 53.2151 1.4
    endloop
  endfacet
  facet normal 0.231958 0.972726 -0
    outer loop
      vertex 101.573 53.1068 1.4
      vertex 101.339 53.1626 2
      vertex 101.573 53.1068 2
    endloop
  endfacet
  facet normal 0.231958 0.972726 0
    outer loop
      vertex 101.339 53.1626 2
      vertex 101.573 53.1068 1.4
      vertex 101.339 53.1626 1.4
    endloop
  endfacet
  facet normal 0.202713 0.979238 -0
    outer loop
      vertex 101.844 53.0507 1.4
      vertex 101.573 53.1068 2
      vertex 101.844 53.0507 2
    endloop
  endfacet
  facet normal 0.202713 0.979238 0
    outer loop
      vertex 101.573 53.1068 2
      vertex 101.844 53.0507 1.4
      vertex 101.573 53.1068 1.4
    endloop
  endfacet
  facet normal 0.214938 0.976628 -0
    outer loop
      vertex 102.088 52.997 1.4
      vertex 101.844 53.0507 2
      vertex 102.088 52.997 2
    endloop
  endfacet
  facet normal 0.214938 0.976628 0
    outer loop
      vertex 101.844 53.0507 2
      vertex 102.088 52.997 1.4
      vertex 101.844 53.0507 1.4
    endloop
  endfacet
  facet normal 0.229064 0.973411 -0
    outer loop
      vertex 102.306 52.9457 1.4
      vertex 102.088 52.997 2
      vertex 102.306 52.9457 2
    endloop
  endfacet
  facet normal 0.229064 0.973411 0
    outer loop
      vertex 102.088 52.997 2
      vertex 102.306 52.9457 1.4
      vertex 102.088 52.997 1.4
    endloop
  endfacet
  facet normal 0.246334 0.969185 -0
    outer loop
      vertex 102.498 52.8969 1.4
      vertex 102.306 52.9457 2
      vertex 102.498 52.8969 2
    endloop
  endfacet
  facet normal 0.246334 0.969185 0
    outer loop
      vertex 102.306 52.9457 2
      vertex 102.498 52.8969 1.4
      vertex 102.306 52.9457 1.4
    endloop
  endfacet
  facet normal 0.270712 0.96266 -0
    outer loop
      vertex 102.663 52.8505 1.4
      vertex 102.498 52.8969 2
      vertex 102.663 52.8505 2
    endloop
  endfacet
  facet normal 0.270712 0.96266 0
    outer loop
      vertex 102.498 52.8969 2
      vertex 102.663 52.8505 1.4
      vertex 102.498 52.8969 1.4
    endloop
  endfacet
  facet normal 0.299827 0.953994 -0
    outer loop
      vertex 102.803 52.8065 1.4
      vertex 102.663 52.8505 2
      vertex 102.803 52.8065 2
    endloop
  endfacet
  facet normal 0.299827 0.953994 0
    outer loop
      vertex 102.663 52.8505 2
      vertex 102.803 52.8065 1.4
      vertex 102.663 52.8505 1.4
    endloop
  endfacet
  facet normal 0.344743 0.938697 -0
    outer loop
      vertex 102.916 52.765 1.4
      vertex 102.803 52.8065 2
      vertex 102.916 52.765 2
    endloop
  endfacet
  facet normal 0.344743 0.938697 0
    outer loop
      vertex 102.803 52.8065 2
      vertex 102.916 52.765 1.4
      vertex 102.803 52.8065 1.4
    endloop
  endfacet
  facet normal 0.394948 0.918704 -0
    outer loop
      vertex 103.013 52.7233 1.4
      vertex 102.916 52.765 2
      vertex 103.013 52.7233 2
    endloop
  endfacet
  facet normal 0.394948 0.918704 0
    outer loop
      vertex 102.916 52.765 2
      vertex 103.013 52.7233 1.4
      vertex 102.916 52.765 1.4
    endloop
  endfacet
  facet normal 0.444824 0.895618 -0
    outer loop
      vertex 103.103 52.6786 1.4
      vertex 103.013 52.7233 2
      vertex 103.103 52.6786 2
    endloop
  endfacet
  facet normal 0.444824 0.895618 0
    outer loop
      vertex 103.013 52.7233 2
      vertex 103.103 52.6786 1.4
      vertex 103.013 52.7233 1.4
    endloop
  endfacet
  facet normal 0.492228 0.870466 -0
    outer loop
      vertex 103.187 52.6311 1.4
      vertex 103.103 52.6786 2
      vertex 103.187 52.6311 2
    endloop
  endfacet
  facet normal 0.492228 0.870466 0
    outer loop
      vertex 103.103 52.6786 2
      vertex 103.187 52.6311 1.4
      vertex 103.103 52.6786 1.4
    endloop
  endfacet
  facet normal 0.546898 0.837199 -0
    outer loop
      vertex 103.264 52.5808 1.4
      vertex 103.187 52.6311 2
      vertex 103.264 52.5808 2
    endloop
  endfacet
  facet normal 0.546898 0.837199 0
    outer loop
      vertex 103.187 52.6311 2
      vertex 103.264 52.5808 1.4
      vertex 103.187 52.6311 1.4
    endloop
  endfacet
  facet normal 0.60036 0.79973 -0
    outer loop
      vertex 103.335 52.5275 1.4
      vertex 103.264 52.5808 2
      vertex 103.335 52.5275 2
    endloop
  endfacet
  facet normal 0.60036 0.79973 0
    outer loop
      vertex 103.264 52.5808 2
      vertex 103.335 52.5275 1.4
      vertex 103.264 52.5808 1.4
    endloop
  endfacet
  facet normal 0.653377 0.757032 -0
    outer loop
      vertex 103.4 52.4714 1.4
      vertex 103.335 52.5275 2
      vertex 103.4 52.4714 2
    endloop
  endfacet
  facet normal 0.653377 0.757032 0
    outer loop
      vertex 103.335 52.5275 2
      vertex 103.4 52.4714 1.4
      vertex 103.335 52.5275 1.4
    endloop
  endfacet
  facet normal 0.713124 0.701038 0
    outer loop
      vertex 103.458 52.4124 2
      vertex 103.4 52.4714 1.4
      vertex 103.4 52.4714 2
    endloop
  endfacet
  facet normal 0.713124 0.701038 0
    outer loop
      vertex 103.4 52.4714 1.4
      vertex 103.458 52.4124 2
      vertex 103.458 52.4124 1.4
    endloop
  endfacet
  facet normal 0.776265 0.630406 0
    outer loop
      vertex 103.509 52.3496 2
      vertex 103.458 52.4124 1.4
      vertex 103.458 52.4124 2
    endloop
  endfacet
  facet normal 0.776265 0.630406 0
    outer loop
      vertex 103.458 52.4124 1.4
      vertex 103.509 52.3496 2
      vertex 103.509 52.3496 1.4
    endloop
  endfacet
  facet normal 0.837363 0.546647 0
    outer loop
      vertex 103.553 52.2822 2
      vertex 103.509 52.3496 1.4
      vertex 103.509 52.3496 2
    endloop
  endfacet
  facet normal 0.837363 0.546647 0
    outer loop
      vertex 103.509 52.3496 1.4
      vertex 103.553 52.2822 2
      vertex 103.553 52.2822 1.4
    endloop
  endfacet
  facet normal 0.899606 0.436702 0
    outer loop
      vertex 103.588 52.2101 2
      vertex 103.553 52.2822 1.4
      vertex 103.553 52.2822 2
    endloop
  endfacet
  facet normal 0.899606 0.436702 0
    outer loop
      vertex 103.553 52.2822 1.4
      vertex 103.588 52.2101 2
      vertex 103.588 52.2101 1.4
    endloop
  endfacet
  facet normal 0.939364 0.342923 0
    outer loop
      vertex 103.616 52.1334 2
      vertex 103.588 52.2101 1.4
      vertex 103.588 52.2101 2
    endloop
  endfacet
  facet normal 0.939364 0.342923 0
    outer loop
      vertex 103.588 52.2101 1.4
      vertex 103.616 52.1334 2
      vertex 103.616 52.1334 1.4
    endloop
  endfacet
  facet normal 0.973824 0.227305 0
    outer loop
      vertex 103.635 52.052 2
      vertex 103.616 52.1334 1.4
      vertex 103.616 52.1334 2
    endloop
  endfacet
  facet normal 0.973824 0.227305 0
    outer loop
      vertex 103.616 52.1334 1.4
      vertex 103.635 52.052 2
      vertex 103.635 52.052 1.4
    endloop
  endfacet
  facet normal 0.990405 0.138196 0
    outer loop
      vertex 103.647 51.966 2
      vertex 103.635 52.052 1.4
      vertex 103.635 52.052 2
    endloop
  endfacet
  facet normal 0.990405 0.138196 0
    outer loop
      vertex 103.635 52.052 1.4
      vertex 103.647 51.966 2
      vertex 103.647 51.966 1.4
    endloop
  endfacet
  facet normal 0.999029 0.0440586 0
    outer loop
      vertex 103.651 51.8753 2
      vertex 103.647 51.966 1.4
      vertex 103.647 51.966 2
    endloop
  endfacet
  facet normal 0.999029 0.0440586 0
    outer loop
      vertex 103.647 51.966 1.4
      vertex 103.651 51.8753 2
      vertex 103.651 51.8753 1.4
    endloop
  endfacet
  facet normal 0.992199 -0.124667 0
    outer loop
      vertex 103.617 51.6047 2
      vertex 103.651 51.8753 1.4
      vertex 103.651 51.8753 2
    endloop
  endfacet
  facet normal 0.992199 -0.124667 0
    outer loop
      vertex 103.651 51.8753 1.4
      vertex 103.617 51.6047 2
      vertex 103.617 51.6047 1.4
    endloop
  endfacet
  facet normal 0.911929 -0.410348 0
    outer loop
      vertex 103.514 51.3758 2
      vertex 103.617 51.6047 1.4
      vertex 103.617 51.6047 2
    endloop
  endfacet
  facet normal 0.911929 -0.410348 0
    outer loop
      vertex 103.617 51.6047 1.4
      vertex 103.514 51.3758 2
      vertex 103.514 51.3758 1.4
    endloop
  endfacet
  facet normal 0.73869 -0.674045 0
    outer loop
      vertex 103.343 51.1884 2
      vertex 103.514 51.3758 1.4
      vertex 103.514 51.3758 2
    endloop
  endfacet
  facet normal 0.73869 -0.674045 0
    outer loop
      vertex 103.514 51.3758 1.4
      vertex 103.343 51.1884 2
      vertex 103.343 51.1884 1.4
    endloop
  endfacet
  facet normal 0.520525 -0.853847 0
    outer loop
      vertex 103.104 51.0427 1.4
      vertex 103.343 51.1884 2
      vertex 103.104 51.0427 2
    endloop
  endfacet
  facet normal 0.520525 -0.853847 0
    outer loop
      vertex 103.343 51.1884 2
      vertex 103.104 51.0427 1.4
      vertex 103.343 51.1884 1.4
    endloop
  endfacet
  facet normal 0.319917 -0.947446 0
    outer loop
      vertex 102.796 50.9387 1.4
      vertex 103.104 51.0427 2
      vertex 102.796 50.9387 2
    endloop
  endfacet
  facet normal 0.319917 -0.947446 0
    outer loop
      vertex 103.104 51.0427 2
      vertex 102.796 50.9387 1.4
      vertex 103.104 51.0427 1.4
    endloop
  endfacet
  facet normal 0.16355 -0.986535 0
    outer loop
      vertex 102.419 50.8762 1.4
      vertex 102.796 50.9387 2
      vertex 102.419 50.8762 2
    endloop
  endfacet
  facet normal 0.16355 -0.986535 0
    outer loop
      vertex 102.796 50.9387 2
      vertex 102.419 50.8762 1.4
      vertex 102.796 50.9387 1.4
    endloop
  endfacet
  facet normal 0.0467955 -0.998904 0
    outer loop
      vertex 101.975 50.8554 1.4
      vertex 102.419 50.8762 2
      vertex 101.975 50.8554 2
    endloop
  endfacet
  facet normal 0.0467955 -0.998904 0
    outer loop
      vertex 102.419 50.8762 2
      vertex 101.975 50.8554 1.4
      vertex 102.419 50.8762 1.4
    endloop
  endfacet
  facet normal -0.0249922 -0.999688 0
    outer loop
      vertex 101.751 50.861 1.4
      vertex 101.975 50.8554 2
      vertex 101.751 50.861 2
    endloop
  endfacet
  facet normal -0.0249922 -0.999688 -0
    outer loop
      vertex 101.975 50.8554 2
      vertex 101.751 50.861 1.4
      vertex 101.975 50.8554 1.4
    endloop
  endfacet
  facet normal -0.0797452 -0.996815 0
    outer loop
      vertex 101.541 50.8778 1.4
      vertex 101.751 50.861 2
      vertex 101.541 50.8778 2
    endloop
  endfacet
  facet normal -0.0797452 -0.996815 -0
    outer loop
      vertex 101.751 50.861 2
      vertex 101.541 50.8778 1.4
      vertex 101.751 50.861 1.4
    endloop
  endfacet
  facet normal -0.141635 -0.989919 0
    outer loop
      vertex 101.346 50.9057 1.4
      vertex 101.541 50.8778 2
      vertex 101.346 50.9057 2
    endloop
  endfacet
  facet normal -0.141635 -0.989919 -0
    outer loop
      vertex 101.541 50.8778 2
      vertex 101.346 50.9057 1.4
      vertex 101.541 50.8778 1.4
    endloop
  endfacet
  facet normal -0.21279 -0.977098 0
    outer loop
      vertex 101.166 50.9449 1.4
      vertex 101.346 50.9057 2
      vertex 101.166 50.9449 2
    endloop
  endfacet
  facet normal -0.21279 -0.977098 -0
    outer loop
      vertex 101.346 50.9057 2
      vertex 101.166 50.9449 1.4
      vertex 101.346 50.9057 1.4
    endloop
  endfacet
  facet normal -0.289991 -0.957029 0
    outer loop
      vertex 101 50.9952 1.4
      vertex 101.166 50.9449 2
      vertex 101 50.9952 2
    endloop
  endfacet
  facet normal -0.289991 -0.957029 -0
    outer loop
      vertex 101.166 50.9449 2
      vertex 101 50.9952 1.4
      vertex 101.166 50.9449 1.4
    endloop
  endfacet
  facet normal -0.375068 -0.926997 0
    outer loop
      vertex 100.848 51.0567 1.4
      vertex 101 50.9952 2
      vertex 100.848 51.0567 2
    endloop
  endfacet
  facet normal -0.375068 -0.926997 -0
    outer loop
      vertex 101 50.9952 2
      vertex 100.848 51.0567 1.4
      vertex 101 50.9952 1.4
    endloop
  endfacet
  facet normal -0.465588 -0.885002 0
    outer loop
      vertex 100.71 51.1293 1.4
      vertex 100.848 51.0567 2
      vertex 100.71 51.1293 2
    endloop
  endfacet
  facet normal -0.465588 -0.885002 -0
    outer loop
      vertex 100.848 51.0567 2
      vertex 100.71 51.1293 1.4
      vertex 100.848 51.0567 1.4
    endloop
  endfacet
  facet normal -0.565851 -0.824507 0
    outer loop
      vertex 100.586 51.2144 1.4
      vertex 100.71 51.1293 2
      vertex 100.586 51.2144 2
    endloop
  endfacet
  facet normal -0.565851 -0.824507 -0
    outer loop
      vertex 100.71 51.1293 2
      vertex 100.586 51.2144 1.4
      vertex 100.71 51.1293 1.4
    endloop
  endfacet
  facet normal -0.661156 -0.750248 0
    outer loop
      vertex 100.474 51.3131 1.4
      vertex 100.586 51.2144 2
      vertex 100.474 51.3131 2
    endloop
  endfacet
  facet normal -0.661156 -0.750248 -0
    outer loop
      vertex 100.586 51.2144 2
      vertex 100.474 51.3131 1.4
      vertex 100.586 51.2144 1.4
    endloop
  endfacet
  facet normal -0.750422 -0.660959 0
    outer loop
      vertex 100.474 51.3131 1.4
      vertex 100.375 51.4255 2
      vertex 100.375 51.4255 1.4
    endloop
  endfacet
  facet normal -0.750422 -0.660959 0
    outer loop
      vertex 100.375 51.4255 2
      vertex 100.474 51.3131 1.4
      vertex 100.474 51.3131 2
    endloop
  endfacet
  facet normal -0.819629 -0.572894 0
    outer loop
      vertex 100.375 51.4255 1.4
      vertex 100.287 51.5514 2
      vertex 100.287 51.5514 1.4
    endloop
  endfacet
  facet normal -0.819629 -0.572894 0
    outer loop
      vertex 100.287 51.5514 2
      vertex 100.375 51.4255 1.4
      vertex 100.375 51.4255 2
    endloop
  endfacet
  facet normal -0.880916 -0.473272 0
    outer loop
      vertex 100.287 51.5514 1.4
      vertex 100.212 51.691 2
      vertex 100.212 51.691 1.4
    endloop
  endfacet
  facet normal -0.880916 -0.473272 0
    outer loop
      vertex 100.212 51.691 2
      vertex 100.287 51.5514 1.4
      vertex 100.287 51.5514 2
    endloop
  endfacet
  facet normal -0.924766 -0.380537 0
    outer loop
      vertex 100.212 51.691 1.4
      vertex 100.149 51.8441 2
      vertex 100.149 51.8441 1.4
    endloop
  endfacet
  facet normal -0.924766 -0.380537 0
    outer loop
      vertex 100.149 51.8441 2
      vertex 100.212 51.691 1.4
      vertex 100.212 51.691 2
    endloop
  endfacet
  facet normal -0.956298 -0.292393 0
    outer loop
      vertex 100.149 51.8441 1.4
      vertex 100.098 52.0109 2
      vertex 100.098 52.0109 1.4
    endloop
  endfacet
  facet normal -0.956298 -0.292393 0
    outer loop
      vertex 100.098 52.0109 2
      vertex 100.149 51.8441 1.4
      vertex 100.149 51.8441 2
    endloop
  endfacet
  facet normal 0.162619 -0.986689 0
    outer loop
      vertex 98.5514 51.756 1.4
      vertex 100.098 52.0109 2
      vertex 98.5514 51.756 2
    endloop
  endfacet
  facet normal 0.162619 -0.986689 0
    outer loop
      vertex 100.098 52.0109 2
      vertex 98.5514 51.756 1.4
      vertex 100.098 52.0109 1.4
    endloop
  endfacet
  facet normal 0.963958 0.266056 0
    outer loop
      vertex 98.6318 51.4647 2
      vertex 98.5514 51.756 1.4
      vertex 98.5514 51.756 2
    endloop
  endfacet
  facet normal 0.963958 0.266056 0
    outer loop
      vertex 98.5514 51.756 1.4
      vertex 98.6318 51.4647 2
      vertex 98.6318 51.4647 1.4
    endloop
  endfacet
  facet normal 0.932083 0.362246 0
    outer loop
      vertex 98.7365 51.1953 2
      vertex 98.6318 51.4647 1.4
      vertex 98.6318 51.4647 2
    endloop
  endfacet
  facet normal 0.932083 0.362246 0
    outer loop
      vertex 98.6318 51.4647 1.4
      vertex 98.7365 51.1953 2
      vertex 98.7365 51.1953 1.4
    endloop
  endfacet
  facet normal 0.886553 0.462627 0
    outer loop
      vertex 98.8656 50.9479 2
      vertex 98.7365 51.1953 1.4
      vertex 98.7365 51.1953 2
    endloop
  endfacet
  facet normal 0.886553 0.462627 0
    outer loop
      vertex 98.7365 51.1953 1.4
      vertex 98.8656 50.9479 2
      vertex 98.8656 50.9479 1.4
    endloop
  endfacet
  facet normal 0.826824 0.56246 0
    outer loop
      vertex 99.019 50.7224 2
      vertex 98.8656 50.9479 1.4
      vertex 98.8656 50.9479 2
    endloop
  endfacet
  facet normal 0.826824 0.56246 0
    outer loop
      vertex 98.8656 50.9479 1.4
      vertex 99.019 50.7224 2
      vertex 99.019 50.7224 1.4
    endloop
  endfacet
  facet normal 0.753035 0.657981 0
    outer loop
      vertex 99.1969 50.5188 2
      vertex 99.019 50.7224 1.4
      vertex 99.019 50.7224 2
    endloop
  endfacet
  facet normal 0.753035 0.657981 0
    outer loop
      vertex 99.019 50.7224 1.4
      vertex 99.1969 50.5188 2
      vertex 99.1969 50.5188 1.4
    endloop
  endfacet
  facet normal 0.668578 0.743642 -0
    outer loop
      vertex 99.399 50.3371 1.4
      vertex 99.1969 50.5188 2
      vertex 99.399 50.3371 2
    endloop
  endfacet
  facet normal 0.668578 0.743642 0
    outer loop
      vertex 99.1969 50.5188 2
      vertex 99.399 50.3371 1.4
      vertex 99.1969 50.5188 1.4
    endloop
  endfacet
  facet normal 0.576485 0.817108 -0
    outer loop
      vertex 99.6255 50.1773 1.4
      vertex 99.399 50.3371 2
      vertex 99.6255 50.1773 2
    endloop
  endfacet
  facet normal 0.576485 0.817108 0
    outer loop
      vertex 99.399 50.3371 2
      vertex 99.6255 50.1773 1.4
      vertex 99.399 50.3371 1.4
    endloop
  endfacet
  facet normal 0.481023 0.876708 -0
    outer loop
      vertex 99.8772 50.0392 1.4
      vertex 99.6255 50.1773 2
      vertex 99.8772 50.0392 2
    endloop
  endfacet
  facet normal 0.481023 0.876708 0
    outer loop
      vertex 99.6255 50.1773 2
      vertex 99.8772 50.0392 1.4
      vertex 99.6255 50.1773 1.4
    endloop
  endfacet
  facet normal 0.388146 0.921598 -0
    outer loop
      vertex 100.155 49.9222 1.4
      vertex 99.8772 50.0392 2
      vertex 100.155 49.9222 2
    endloop
  endfacet
  facet normal 0.388146 0.921598 0
    outer loop
      vertex 99.8772 50.0392 2
      vertex 100.155 49.9222 1.4
      vertex 99.8772 50.0392 1.4
    endloop
  endfacet
  facet normal 0.30089 0.953659 -0
    outer loop
      vertex 100.458 49.8266 1.4
      vertex 100.155 49.9222 2
      vertex 100.458 49.8266 2
    endloop
  endfacet
  facet normal 0.30089 0.953659 0
    outer loop
      vertex 100.155 49.9222 2
      vertex 100.458 49.8266 1.4
      vertex 100.155 49.9222 1.4
    endloop
  endfacet
  facet normal 0.219934 0.975515 -0
    outer loop
      vertex 100.788 49.7522 1.4
      vertex 100.458 49.8266 2
      vertex 100.788 49.7522 2
    endloop
  endfacet
  facet normal 0.219934 0.975515 0
    outer loop
      vertex 100.458 49.8266 2
      vertex 100.788 49.7522 1.4
      vertex 100.458 49.8266 1.4
    endloop
  endfacet
  facet normal 0.148204 0.988957 -0
    outer loop
      vertex 101.143 49.699 1.4
      vertex 100.788 49.7522 2
      vertex 101.143 49.699 2
    endloop
  endfacet
  facet normal 0.148204 0.988957 0
    outer loop
      vertex 100.788 49.7522 2
      vertex 101.143 49.699 1.4
      vertex 100.788 49.7522 1.4
    endloop
  endfacet
  facet normal 0.0831754 0.996535 -0
    outer loop
      vertex 101.524 49.6672 1.4
      vertex 101.143 49.699 2
      vertex 101.524 49.6672 2
    endloop
  endfacet
  facet normal 0.0831754 0.996535 0
    outer loop
      vertex 101.143 49.699 2
      vertex 101.524 49.6672 1.4
      vertex 101.143 49.699 1.4
    endloop
  endfacet
  facet normal 0.0262808 0.999655 -0
    outer loop
      vertex 101.931 49.6565 1.4
      vertex 101.524 49.6672 2
      vertex 101.931 49.6565 2
    endloop
  endfacet
  facet normal 0.0262808 0.999655 0
    outer loop
      vertex 101.524 49.6672 2
      vertex 101.931 49.6565 1.4
      vertex 101.524 49.6672 1.4
    endloop
  endfacet
  facet normal -0.0274054 0.999624 0
    outer loop
      vertex 102.376 49.6687 1.4
      vertex 101.931 49.6565 2
      vertex 102.376 49.6687 2
    endloop
  endfacet
  facet normal -0.0274054 0.999624 0
    outer loop
      vertex 101.931 49.6565 2
      vertex 102.376 49.6687 1.4
      vertex 101.931 49.6565 1.4
    endloop
  endfacet
  facet normal -0.101014 0.994885 0
    outer loop
      vertex 110.448 49.7006 1.4
      vertex 110.122 49.6675 2
      vertex 110.448 49.7006 2
    endloop
  endfacet
  facet normal -0.101014 0.994885 0
    outer loop
      vertex 110.122 49.6675 2
      vertex 110.448 49.7006 1.4
      vertex 110.122 49.6675 1.4
    endloop
  endfacet
  facet normal -0.173911 0.984761 0
    outer loop
      vertex 110.76 49.7557 1.4
      vertex 110.448 49.7006 2
      vertex 110.76 49.7557 2
    endloop
  endfacet
  facet normal -0.173911 0.984761 0
    outer loop
      vertex 110.448 49.7006 2
      vertex 110.76 49.7557 1.4
      vertex 110.448 49.7006 1.4
    endloop
  endfacet
  facet normal -0.250477 0.968122 0
    outer loop
      vertex 111.058 49.8328 1.4
      vertex 110.76 49.7557 2
      vertex 111.058 49.8328 2
    endloop
  endfacet
  facet normal -0.250477 0.968122 0
    outer loop
      vertex 110.76 49.7557 2
      vertex 111.058 49.8328 1.4
      vertex 110.76 49.7557 1.4
    endloop
  endfacet
  facet normal -0.329462 0.944169 0
    outer loop
      vertex 111.342 49.9319 1.4
      vertex 111.058 49.8328 2
      vertex 111.342 49.9319 2
    endloop
  endfacet
  facet normal -0.329462 0.944169 0
    outer loop
      vertex 111.058 49.8328 2
      vertex 111.342 49.9319 1.4
      vertex 111.058 49.8328 1.4
    endloop
  endfacet
  facet normal -0.409522 0.9123 0
    outer loop
      vertex 111.612 50.0531 1.4
      vertex 111.342 49.9319 2
      vertex 111.612 50.0531 2
    endloop
  endfacet
  facet normal -0.409522 0.9123 0
    outer loop
      vertex 111.342 49.9319 2
      vertex 111.612 50.0531 1.4
      vertex 111.342 49.9319 1.4
    endloop
  endfacet
  facet normal -0.489644 0.871922 0
    outer loop
      vertex 111.867 50.1963 1.4
      vertex 111.612 50.0531 2
      vertex 111.867 50.1963 2
    endloop
  endfacet
  facet normal -0.489644 0.871922 0
    outer loop
      vertex 111.612 50.0531 2
      vertex 111.867 50.1963 1.4
      vertex 111.612 50.0531 1.4
    endloop
  endfacet
  facet normal -0.56679 0.823862 0
    outer loop
      vertex 112.108 50.3621 1.4
      vertex 111.867 50.1963 2
      vertex 112.108 50.3621 2
    endloop
  endfacet
  facet normal -0.56679 0.823862 0
    outer loop
      vertex 111.867 50.1963 2
      vertex 112.108 50.3621 1.4
      vertex 111.867 50.1963 1.4
    endloop
  endfacet
  facet normal -0.646356 0.763036 0
    outer loop
      vertex 112.331 50.551 1.4
      vertex 112.108 50.3621 2
      vertex 112.331 50.551 2
    endloop
  endfacet
  facet normal -0.646356 0.763036 0
    outer loop
      vertex 112.108 50.3621 2
      vertex 112.331 50.551 1.4
      vertex 112.108 50.3621 1.4
    endloop
  endfacet
  facet normal -0.717347 0.696716 0
    outer loop
      vertex 112.331 50.551 1.4
      vertex 112.537 50.7631 2
      vertex 112.537 50.7631 1.4
    endloop
  endfacet
  facet normal -0.717347 0.696716 0
    outer loop
      vertex 112.537 50.7631 2
      vertex 112.331 50.551 1.4
      vertex 112.331 50.551 2
    endloop
  endfacet
  facet normal -0.781128 0.624371 0
    outer loop
      vertex 112.537 50.7631 1.4
      vertex 112.725 50.9983 2
      vertex 112.725 50.9983 1.4
    endloop
  endfacet
  facet normal -0.781128 0.624371 0
    outer loop
      vertex 112.725 50.9983 2
      vertex 112.537 50.7631 1.4
      vertex 112.537 50.7631 2
    endloop
  endfacet
  facet normal -0.832348 0.554254 0
    outer loop
      vertex 112.725 50.9983 1.4
      vertex 112.897 51.2566 2
      vertex 112.897 51.2566 1.4
    endloop
  endfacet
  facet normal -0.832348 0.554254 0
    outer loop
      vertex 112.897 51.2566 2
      vertex 112.725 50.9983 1.4
      vertex 112.725 50.9983 2
    endloop
  endfacet
  facet normal -0.877299 0.479944 0
    outer loop
      vertex 112.897 51.2566 1.4
      vertex 113.051 51.5381 2
      vertex 113.051 51.5381 1.4
    endloop
  endfacet
  facet normal -0.877299 0.479944 0
    outer loop
      vertex 113.051 51.5381 2
      vertex 112.897 51.2566 1.4
      vertex 112.897 51.2566 2
    endloop
  endfacet
  facet normal -0.91205 0.410078 0
    outer loop
      vertex 113.051 51.5381 1.4
      vertex 113.188 51.8428 2
      vertex 113.188 51.8428 1.4
    endloop
  endfacet
  facet normal -0.91205 0.410078 0
    outer loop
      vertex 113.188 51.8428 2
      vertex 113.051 51.5381 1.4
      vertex 113.051 51.5381 2
    endloop
  endfacet
  facet normal -0.353153 -0.935566 0
    outer loop
      vertex 111.794 52.369 1.4
      vertex 113.188 51.8428 2
      vertex 111.794 52.369 2
    endloop
  endfacet
  facet normal -0.353153 -0.935566 -0
    outer loop
      vertex 113.188 51.8428 2
      vertex 111.794 52.369 1.4
      vertex 113.188 51.8428 1.4
    endloop
  endfacet
  facet normal 0.907076 -0.420966 0
    outer loop
      vertex 111.615 51.9833 2
      vertex 111.794 52.369 1.4
      vertex 111.794 52.369 2
    endloop
  endfacet
  facet normal 0.907076 -0.420966 0
    outer loop
      vertex 111.794 52.369 1.4
      vertex 111.615 51.9833 2
      vertex 111.615 51.9833 1.4
    endloop
  endfacet
  facet normal 0.835108 -0.550086 0
    outer loop
      vertex 111.4 51.6569 2
      vertex 111.615 51.9833 1.4
      vertex 111.615 51.9833 2
    endloop
  endfacet
  facet normal 0.835108 -0.550086 0
    outer loop
      vertex 111.615 51.9833 1.4
      vertex 111.4 51.6569 2
      vertex 111.4 51.6569 1.4
    endloop
  endfacet
  facet normal 0.727368 -0.686248 0
    outer loop
      vertex 111.148 51.3898 2
      vertex 111.4 51.6569 1.4
      vertex 111.4 51.6569 2
    endloop
  endfacet
  facet normal 0.727368 -0.686248 0
    outer loop
      vertex 111.4 51.6569 1.4
      vertex 111.148 51.3898 2
      vertex 111.148 51.3898 1.4
    endloop
  endfacet
  facet normal 0.586274 -0.810113 0
    outer loop
      vertex 110.861 51.1821 1.4
      vertex 111.148 51.3898 2
      vertex 110.861 51.1821 2
    endloop
  endfacet
  facet normal 0.586274 -0.810113 0
    outer loop
      vertex 111.148 51.3898 2
      vertex 110.861 51.1821 1.4
      vertex 111.148 51.3898 1.4
    endloop
  endfacet
  facet normal 0.416191 -0.909277 0
    outer loop
      vertex 110.537 51.0338 1.4
      vertex 110.861 51.1821 2
      vertex 110.537 51.0338 2
    endloop
  endfacet
  facet normal 0.416191 -0.909277 0
    outer loop
      vertex 110.861 51.1821 2
      vertex 110.537 51.0338 1.4
      vertex 110.861 51.1821 1.4
    endloop
  endfacet
  facet normal 0.239997 -0.970774 0
    outer loop
      vertex 110.177 50.9448 1.4
      vertex 110.537 51.0338 2
      vertex 110.177 50.9448 2
    endloop
  endfacet
  facet normal 0.239997 -0.970774 0
    outer loop
      vertex 110.537 51.0338 2
      vertex 110.177 50.9448 1.4
      vertex 110.537 51.0338 1.4
    endloop
  endfacet
  facet normal 0.0749782 -0.997185 0
    outer loop
      vertex 109.782 50.9151 1.4
      vertex 110.177 50.9448 2
      vertex 109.782 50.9151 2
    endloop
  endfacet
  facet normal 0.0749782 -0.997185 0
    outer loop
      vertex 110.177 50.9448 2
      vertex 109.782 50.9151 1.4
      vertex 110.177 50.9448 1.4
    endloop
  endfacet
  facet normal -0.046968 -0.998896 0
    outer loop
      vertex 109.48 50.9293 1.4
      vertex 109.782 50.9151 2
      vertex 109.48 50.9293 2
    endloop
  endfacet
  facet normal -0.046968 -0.998896 -0
    outer loop
      vertex 109.782 50.9151 2
      vertex 109.48 50.9293 1.4
      vertex 109.782 50.9151 1.4
    endloop
  endfacet
  facet normal -0.150067 -0.988676 0
    outer loop
      vertex 109.2 50.9718 1.4
      vertex 109.48 50.9293 2
      vertex 109.2 50.9718 2
    endloop
  endfacet
  facet normal -0.150067 -0.988676 -0
    outer loop
      vertex 109.48 50.9293 2
      vertex 109.2 50.9718 1.4
      vertex 109.48 50.9293 1.4
    endloop
  endfacet
  facet normal -0.263685 -0.964609 0
    outer loop
      vertex 108.941 51.0426 1.4
      vertex 109.2 50.9718 2
      vertex 108.941 51.0426 2
    endloop
  endfacet
  facet normal -0.263685 -0.964609 -0
    outer loop
      vertex 109.2 50.9718 2
      vertex 108.941 51.0426 1.4
      vertex 109.2 50.9718 1.4
    endloop
  endfacet
  facet normal -0.384726 -0.923031 0
    outer loop
      vertex 108.703 51.1418 1.4
      vertex 108.941 51.0426 2
      vertex 108.703 51.1418 2
    endloop
  endfacet
  facet normal -0.384726 -0.923031 -0
    outer loop
      vertex 108.941 51.0426 2
      vertex 108.703 51.1418 1.4
      vertex 108.941 51.0426 1.4
    endloop
  endfacet
  facet normal -0.50515 -0.863031 0
    outer loop
      vertex 108.485 51.2694 1.4
      vertex 108.703 51.1418 2
      vertex 108.485 51.2694 2
    endloop
  endfacet
  facet normal -0.50515 -0.863031 -0
    outer loop
      vertex 108.703 51.1418 2
      vertex 108.485 51.2694 1.4
      vertex 108.703 51.1418 1.4
    endloop
  endfacet
  facet normal -0.622501 -0.782619 0
    outer loop
      vertex 108.289 51.4253 1.4
      vertex 108.485 51.2694 2
      vertex 108.289 51.4253 2
    endloop
  endfacet
  facet normal -0.622501 -0.782619 -0
    outer loop
      vertex 108.485 51.2694 2
      vertex 108.289 51.4253 1.4
      vertex 108.485 51.2694 1.4
    endloop
  endfacet
  facet normal -0.723017 -0.69083 0
    outer loop
      vertex 108.289 51.4253 1.4
      vertex 108.113 51.6095 2
      vertex 108.113 51.6095 1.4
    endloop
  endfacet
  facet normal -0.723017 -0.69083 0
    outer loop
      vertex 108.113 51.6095 2
      vertex 108.289 51.4253 1.4
      vertex 108.289 51.4253 2
    endloop
  endfacet
  facet normal -0.809697 -0.586848 0
    outer loop
      vertex 108.113 51.6095 1.4
      vertex 107.96 51.8206 2
      vertex 107.96 51.8206 1.4
    endloop
  endfacet
  facet normal -0.809697 -0.586848 0
    outer loop
      vertex 107.96 51.8206 2
      vertex 108.113 51.6095 1.4
      vertex 108.113 51.6095 2
    endloop
  endfacet
  facet normal -0.876419 -0.481549 0
    outer loop
      vertex 107.96 51.8206 1.4
      vertex 107.83 52.0572 2
      vertex 107.83 52.0572 1.4
    endloop
  endfacet
  facet normal -0.876419 -0.481549 0
    outer loop
      vertex 107.83 52.0572 2
      vertex 107.96 51.8206 1.4
      vertex 107.96 51.8206 2
    endloop
  endfacet
  facet normal -0.927055 -0.374925 0
    outer loop
      vertex 107.83 52.0572 1.4
      vertex 107.724 52.3193 2
      vertex 107.724 52.3193 1.4
    endloop
  endfacet
  facet normal -0.927055 -0.374925 0
    outer loop
      vertex 107.724 52.3193 2
      vertex 107.83 52.0572 1.4
      vertex 107.83 52.0572 2
    endloop
  endfacet
  facet normal -0.96165 -0.274279 0
    outer loop
      vertex 107.724 52.3193 1.4
      vertex 107.642 52.6068 2
      vertex 107.642 52.6068 1.4
    endloop
  endfacet
  facet normal -0.96165 -0.274279 0
    outer loop
      vertex 107.642 52.6068 2
      vertex 107.724 52.3193 1.4
      vertex 107.724 52.3193 2
    endloop
  endfacet
  facet normal -0.982694 -0.185236 0
    outer loop
      vertex 107.642 52.6068 1.4
      vertex 107.583 52.9198 2
      vertex 107.583 52.9198 1.4
    endloop
  endfacet
  facet normal -0.982694 -0.185236 0
    outer loop
      vertex 107.583 52.9198 2
      vertex 107.642 52.6068 1.4
      vertex 107.642 52.6068 2
    endloop
  endfacet
  facet normal -0.994392 -0.105755 0
    outer loop
      vertex 107.583 52.9198 1.4
      vertex 107.547 53.2583 2
      vertex 107.547 53.2583 1.4
    endloop
  endfacet
  facet normal -0.994392 -0.105755 0
    outer loop
      vertex 107.547 53.2583 2
      vertex 107.583 52.9198 1.4
      vertex 107.583 52.9198 2
    endloop
  endfacet
  facet normal -0.999543 -0.0302143 0
    outer loop
      vertex 107.547 53.2583 1.4
      vertex 107.536 53.6222 2
      vertex 107.536 53.6222 1.4
    endloop
  endfacet
  facet normal -0.999543 -0.0302143 0
    outer loop
      vertex 107.536 53.6222 2
      vertex 107.547 53.2583 1.4
      vertex 107.547 53.2583 2
    endloop
  endfacet
  facet normal -0.999527 0.0307375 0
    outer loop
      vertex 107.536 53.6222 1.4
      vertex 107.547 53.9799 2
      vertex 107.547 53.9799 1.4
    endloop
  endfacet
  facet normal -0.999527 0.0307375 0
    outer loop
      vertex 107.547 53.9799 2
      vertex 107.536 53.6222 1.4
      vertex 107.536 53.6222 2
    endloop
  endfacet
  facet normal -0.994803 0.101816 0
    outer loop
      vertex 107.547 53.9799 1.4
      vertex 107.581 54.3121 2
      vertex 107.581 54.3121 1.4
    endloop
  endfacet
  facet normal -0.994803 0.101816 0
    outer loop
      vertex 107.581 54.3121 2
      vertex 107.547 53.9799 1.4
      vertex 107.547 53.9799 2
    endloop
  endfacet
  facet normal -0.982596 0.185758 0
    outer loop
      vertex 107.581 54.3121 1.4
      vertex 107.639 54.6189 2
      vertex 107.639 54.6189 1.4
    endloop
  endfacet
  facet normal -0.982596 0.185758 0
    outer loop
      vertex 107.639 54.6189 2
      vertex 107.581 54.3121 1.4
      vertex 107.581 54.3121 2
    endloop
  endfacet
  facet normal -0.961884 0.273457 0
    outer loop
      vertex 107.639 54.6189 1.4
      vertex 107.719 54.9003 2
      vertex 107.719 54.9003 1.4
    endloop
  endfacet
  facet normal -0.961884 0.273457 0
    outer loop
      vertex 107.719 54.9003 2
      vertex 107.639 54.6189 1.4
      vertex 107.639 54.6189 2
    endloop
  endfacet
  facet normal -0.927624 0.373516 0
    outer loop
      vertex 107.719 54.9003 1.4
      vertex 107.822 55.1561 2
      vertex 107.822 55.1561 1.4
    endloop
  endfacet
  facet normal -0.927624 0.373516 0
    outer loop
      vertex 107.822 55.1561 2
      vertex 107.719 54.9003 1.4
      vertex 107.719 54.9003 2
    endloop
  endfacet
  facet normal -0.877371 0.479812 0
    outer loop
      vertex 107.822 55.1561 1.4
      vertex 107.948 55.3865 2
      vertex 107.948 55.3865 1.4
    endloop
  endfacet
  facet normal -0.877371 0.479812 0
    outer loop
      vertex 107.948 55.3865 2
      vertex 107.822 55.1561 1.4
      vertex 107.822 55.1561 2
    endloop
  endfacet
  facet normal -0.80877 0.588125 0
    outer loop
      vertex 107.948 55.3865 1.4
      vertex 108.097 55.5914 2
      vertex 108.097 55.5914 1.4
    endloop
  endfacet
  facet normal -0.80877 0.588125 0
    outer loop
      vertex 108.097 55.5914 2
      vertex 107.948 55.3865 1.4
      vertex 107.948 55.3865 2
    endloop
  endfacet
  facet normal -0.722114 0.691774 0
    outer loop
      vertex 108.097 55.5914 1.4
      vertex 108.268 55.7699 2
      vertex 108.268 55.7699 1.4
    endloop
  endfacet
  facet normal -0.722114 0.691774 0
    outer loop
      vertex 108.268 55.7699 2
      vertex 108.097 55.5914 1.4
      vertex 108.097 55.5914 2
    endloop
  endfacet
  facet normal -0.616198 0.787591 0
    outer loop
      vertex 108.461 55.9209 1.4
      vertex 108.268 55.7699 2
      vertex 108.461 55.9209 2
    endloop
  endfacet
  facet normal -0.616198 0.787591 0
    outer loop
      vertex 108.268 55.7699 2
      vertex 108.461 55.9209 1.4
      vertex 108.268 55.7699 1.4
    endloop
  endfacet
  facet normal -0.501597 0.865102 0
    outer loop
      vertex 108.674 56.0444 1.4
      vertex 108.461 55.9209 2
      vertex 108.674 56.0444 2
    endloop
  endfacet
  facet normal -0.501597 0.865102 0
    outer loop
      vertex 108.461 55.9209 2
      vertex 108.674 56.0444 1.4
      vertex 108.461 55.9209 1.4
    endloop
  endfacet
  facet normal -0.377135 0.926158 0
    outer loop
      vertex 108.91 56.1405 1.4
      vertex 108.674 56.0444 2
      vertex 108.91 56.1405 2
    endloop
  endfacet
  facet normal -0.377135 0.926158 0
    outer loop
      vertex 108.674 56.0444 2
      vertex 108.91 56.1405 1.4
      vertex 108.674 56.0444 1.4
    endloop
  endfacet
  facet normal -0.259189 0.965827 0
    outer loop
      vertex 109.166 56.2092 1.4
      vertex 108.91 56.1405 2
      vertex 109.166 56.2092 2
    endloop
  endfacet
  facet normal -0.259189 0.965827 0
    outer loop
      vertex 108.91 56.1405 2
      vertex 109.166 56.2092 1.4
      vertex 108.91 56.1405 1.4
    endloop
  endfacet
  facet normal -0.1466 0.989196 0
    outer loop
      vertex 109.444 56.2504 1.4
      vertex 109.166 56.2092 2
      vertex 109.444 56.2504 2
    endloop
  endfacet
  facet normal -0.1466 0.989196 0
    outer loop
      vertex 109.166 56.2092 2
      vertex 109.444 56.2504 1.4
      vertex 109.166 56.2092 1.4
    endloop
  endfacet
  facet normal -0.0456191 0.998959 0
    outer loop
      vertex 109.744 56.2641 1.4
      vertex 109.444 56.2504 2
      vertex 109.744 56.2641 2
    endloop
  endfacet
  facet normal -0.0456191 0.998959 0
    outer loop
      vertex 109.444 56.2504 2
      vertex 109.744 56.2641 1.4
      vertex 109.444 56.2504 1.4
    endloop
  endfacet
  facet normal 0.0346525 0.999399 -0
    outer loop
      vertex 109.943 56.2572 1.4
      vertex 109.744 56.2641 2
      vertex 109.943 56.2572 2
    endloop
  endfacet
  facet normal 0.0346525 0.999399 0
    outer loop
      vertex 109.744 56.2641 2
      vertex 109.943 56.2572 1.4
      vertex 109.744 56.2641 1.4
    endloop
  endfacet
  facet normal 0.10826 0.994123 -0
    outer loop
      vertex 110.134 56.2364 1.4
      vertex 109.943 56.2572 2
      vertex 110.134 56.2364 2
    endloop
  endfacet
  facet normal 0.10826 0.994123 0
    outer loop
      vertex 109.943 56.2572 2
      vertex 110.134 56.2364 1.4
      vertex 109.943 56.2572 1.4
    endloop
  endfacet
  facet normal 0.184804 0.982775 -0
    outer loop
      vertex 110.318 56.2018 1.4
      vertex 110.134 56.2364 2
      vertex 110.318 56.2018 2
    endloop
  endfacet
  facet normal 0.184804 0.982775 0
    outer loop
      vertex 110.134 56.2364 2
      vertex 110.318 56.2018 1.4
      vertex 110.134 56.2364 1.4
    endloop
  endfacet
  facet normal 0.263763 0.964588 -0
    outer loop
      vertex 110.495 56.1534 1.4
      vertex 110.318 56.2018 2
      vertex 110.495 56.1534 2
    endloop
  endfacet
  facet normal 0.263763 0.964588 0
    outer loop
      vertex 110.318 56.2018 2
      vertex 110.495 56.1534 1.4
      vertex 110.318 56.2018 1.4
    endloop
  endfacet
  facet normal 0.347696 0.937607 -0
    outer loop
      vertex 110.663 56.0911 1.4
      vertex 110.495 56.1534 2
      vertex 110.663 56.0911 2
    endloop
  endfacet
  facet normal 0.347696 0.937607 0
    outer loop
      vertex 110.495 56.1534 2
      vertex 110.663 56.0911 1.4
      vertex 110.495 56.1534 1.4
    endloop
  endfacet
  facet normal 0.427338 0.904092 -0
    outer loop
      vertex 110.824 56.015 1.4
      vertex 110.663 56.0911 2
      vertex 110.824 56.015 2
    endloop
  endfacet
  facet normal 0.427338 0.904092 0
    outer loop
      vertex 110.663 56.0911 2
      vertex 110.824 56.015 1.4
      vertex 110.663 56.0911 1.4
    endloop
  endfacet
  facet normal 0.50415 0.863616 -0
    outer loop
      vertex 110.978 55.9251 1.4
      vertex 110.824 56.015 2
      vertex 110.978 55.9251 2
    endloop
  endfacet
  facet normal 0.50415 0.863616 0
    outer loop
      vertex 110.824 56.015 2
      vertex 110.978 55.9251 1.4
      vertex 110.824 56.015 1.4
    endloop
  endfacet
  facet normal 0.582267 0.812998 -0
    outer loop
      vertex 111.12 55.8234 1.4
      vertex 110.978 55.9251 2
      vertex 111.12 55.8234 2
    endloop
  endfacet
  facet normal 0.582267 0.812998 0
    outer loop
      vertex 110.978 55.9251 2
      vertex 111.12 55.8234 1.4
      vertex 110.978 55.9251 1.4
    endloop
  endfacet
  facet normal 0.653253 0.75714 -0
    outer loop
      vertex 111.249 55.7121 1.4
      vertex 111.12 55.8234 2
      vertex 111.249 55.7121 2
    endloop
  endfacet
  facet normal 0.653253 0.75714 0
    outer loop
      vertex 111.12 55.8234 2
      vertex 111.249 55.7121 1.4
      vertex 111.12 55.8234 1.4
    endloop
  endfacet
  facet normal 0.727847 0.68574 0
    outer loop
      vertex 111.363 55.5911 2
      vertex 111.249 55.7121 1.4
      vertex 111.249 55.7121 2
    endloop
  endfacet
  facet normal 0.727847 0.68574 0
    outer loop
      vertex 111.249 55.7121 1.4
      vertex 111.363 55.5911 2
      vertex 111.363 55.5911 1.4
    endloop
  endfacet
  facet normal 0.791045 0.611758 0
    outer loop
      vertex 111.464 55.4605 2
      vertex 111.363 55.5911 1.4
      vertex 111.363 55.5911 2
    endloop
  endfacet
  facet normal 0.791045 0.611758 0
    outer loop
      vertex 111.363 55.5911 1.4
      vertex 111.464 55.4605 2
      vertex 111.464 55.4605 1.4
    endloop
  endfacet
  facet normal 0.852409 0.522876 0
    outer loop
      vertex 111.55 55.3203 2
      vertex 111.464 55.4605 1.4
      vertex 111.464 55.4605 2
    endloop
  endfacet
  facet normal 0.852409 0.522876 0
    outer loop
      vertex 111.464 55.4605 1.4
      vertex 111.55 55.3203 2
      vertex 111.55 55.3203 1.4
    endloop
  endfacet
  facet normal 0.901298 0.4332 0
    outer loop
      vertex 111.622 55.1705 2
      vertex 111.55 55.3203 1.4
      vertex 111.55 55.3203 2
    endloop
  endfacet
  facet normal 0.901298 0.4332 0
    outer loop
      vertex 111.55 55.3203 1.4
      vertex 111.622 55.1705 2
      vertex 111.622 55.1705 1.4
    endloop
  endfacet
  facet normal 0.939793 0.341743 0
    outer loop
      vertex 111.68 55.011 2
      vertex 111.622 55.1705 1.4
      vertex 111.622 55.1705 2
    endloop
  endfacet
  facet normal 0.939793 0.341743 0
    outer loop
      vertex 111.622 55.1705 1.4
      vertex 111.68 55.011 2
      vertex 111.68 55.011 1.4
    endloop
  endfacet
  facet normal -0.263297 0.964715 0
    outer loop
      vertex 113.091 55.3961 1.4
      vertex 111.68 55.011 2
      vertex 113.091 55.3961 2
    endloop
  endfacet
  facet normal -0.263297 0.964715 0
    outer loop
      vertex 111.68 55.011 2
      vertex 113.091 55.3961 1.4
      vertex 111.68 55.011 1.4
    endloop
  endfacet
  facet normal -0.936649 -0.35027 0
    outer loop
      vertex 113.091 55.3961 1.4
      vertex 112.983 55.6849 2
      vertex 112.983 55.6849 1.4
    endloop
  endfacet
  facet normal -0.936649 -0.35027 0
    outer loop
      vertex 112.983 55.6849 2
      vertex 113.091 55.3961 1.4
      vertex 113.091 55.3961 2
    endloop
  endfacet
  facet normal -0.901114 -0.433583 0
    outer loop
      vertex 112.983 55.6849 1.4
      vertex 112.854 55.953 2
      vertex 112.854 55.953 1.4
    endloop
  endfacet
  facet normal -0.901114 -0.433583 0
    outer loop
      vertex 112.854 55.953 2
      vertex 112.983 55.6849 1.4
      vertex 112.983 55.6849 2
    endloop
  endfacet
  facet normal -0.856636 -0.515921 0
    outer loop
      vertex 112.854 55.953 1.4
      vertex 112.705 56.2004 2
      vertex 112.705 56.2004 1.4
    endloop
  endfacet
  facet normal -0.856636 -0.515921 0
    outer loop
      vertex 112.705 56.2004 2
      vertex 112.854 55.953 1.4
      vertex 112.854 55.953 2
    endloop
  endfacet
  facet normal -0.800042 -0.599944 0
    outer loop
      vertex 112.705 56.2004 1.4
      vertex 112.535 56.4271 2
      vertex 112.535 56.4271 1.4
    endloop
  endfacet
  facet normal -0.800042 -0.599944 0
    outer loop
      vertex 112.535 56.4271 2
      vertex 112.705 56.2004 1.4
      vertex 112.705 56.2004 2
    endloop
  endfacet
  facet normal -0.735077 -0.677984 0
    outer loop
      vertex 112.535 56.4271 1.4
      vertex 112.345 56.6331 2
      vertex 112.345 56.6331 1.4
    endloop
  endfacet
  facet normal -0.735077 -0.677984 0
    outer loop
      vertex 112.345 56.6331 2
      vertex 112.535 56.4271 1.4
      vertex 112.535 56.4271 2
    endloop
  endfacet
  facet normal -0.659664 -0.751561 0
    outer loop
      vertex 112.134 56.8183 1.4
      vertex 112.345 56.6331 2
      vertex 112.134 56.8183 2
    endloop
  endfacet
  facet normal -0.659664 -0.751561 -0
    outer loop
      vertex 112.345 56.6331 2
      vertex 112.134 56.8183 1.4
      vertex 112.345 56.6331 1.4
    endloop
  endfacet
  facet normal -0.580304 -0.8144 0
    outer loop
      vertex 111.903 56.9829 1.4
      vertex 112.134 56.8183 2
      vertex 111.903 56.9829 2
    endloop
  endfacet
  facet normal -0.580304 -0.8144 -0
    outer loop
      vertex 112.134 56.8183 2
      vertex 111.903 56.9829 1.4
      vertex 112.134 56.8183 1.4
    endloop
  endfacet
  facet normal -0.494057 -0.86943 0
    outer loop
      vertex 111.651 57.1261 1.4
      vertex 111.903 56.9829 2
      vertex 111.651 57.1261 2
    endloop
  endfacet
  facet normal -0.494057 -0.86943 -0
    outer loop
      vertex 111.903 56.9829 2
      vertex 111.651 57.1261 1.4
      vertex 111.903 56.9829 1.4
    endloop
  endfacet
  facet normal -0.405766 -0.913977 0
    outer loop
      vertex 111.378 57.2473 1.4
      vertex 111.651 57.1261 2
      vertex 111.378 57.2473 2
    endloop
  endfacet
  facet normal -0.405766 -0.913977 -0
    outer loop
      vertex 111.651 57.1261 2
      vertex 111.378 57.2473 1.4
      vertex 111.651 57.1261 1.4
    endloop
  endfacet
  facet normal -0.32167 -0.946852 0
    outer loop
      vertex 111.086 57.3465 1.4
      vertex 111.378 57.2473 2
      vertex 111.086 57.3465 2
    endloop
  endfacet
  facet normal -0.32167 -0.946852 -0
    outer loop
      vertex 111.378 57.2473 2
      vertex 111.086 57.3465 1.4
      vertex 111.378 57.2473 1.4
    endloop
  endfacet
  facet normal -0.239177 -0.970976 0
    outer loop
      vertex 110.773 57.4236 1.4
      vertex 111.086 57.3465 2
      vertex 110.773 57.4236 2
    endloop
  endfacet
  facet normal -0.239177 -0.970976 -0
    outer loop
      vertex 111.086 57.3465 2
      vertex 110.773 57.4236 1.4
      vertex 111.086 57.3465 1.4
    endloop
  endfacet
  facet normal -0.16277 -0.986664 0
    outer loop
      vertex 110.439 57.4787 1.4
      vertex 110.773 57.4236 2
      vertex 110.439 57.4787 2
    endloop
  endfacet
  facet normal -0.16277 -0.986664 -0
    outer loop
      vertex 110.773 57.4236 2
      vertex 110.439 57.4787 1.4
      vertex 110.773 57.4236 1.4
    endloop
  endfacet
  facet normal -0.0928179 -0.995683 0
    outer loop
      vertex 110.085 57.5117 1.4
      vertex 110.439 57.4787 2
      vertex 110.085 57.5117 2
    endloop
  endfacet
  facet normal -0.0928179 -0.995683 -0
    outer loop
      vertex 110.439 57.4787 2
      vertex 110.085 57.5117 1.4
      vertex 110.439 57.4787 1.4
    endloop
  endfacet
  facet normal -0.0296661 -0.99956 0
    outer loop
      vertex 109.711 57.5228 1.4
      vertex 110.085 57.5117 2
      vertex 109.711 57.5228 2
    endloop
  endfacet
  facet normal -0.0296661 -0.99956 -0
    outer loop
      vertex 110.085 57.5117 2
      vertex 109.711 57.5228 1.4
      vertex 110.085 57.5117 1.4
    endloop
  endfacet
  facet normal 0.0404384 -0.999182 0
    outer loop
      vertex 109.202 57.5022 1.4
      vertex 109.711 57.5228 2
      vertex 109.202 57.5022 2
    endloop
  endfacet
  facet normal 0.0404384 -0.999182 0
    outer loop
      vertex 109.711 57.5228 2
      vertex 109.202 57.5022 1.4
      vertex 109.711 57.5228 1.4
    endloop
  endfacet
  facet normal 0.129286 -0.991607 0
    outer loop
      vertex 108.728 57.4404 1.4
      vertex 109.202 57.5022 2
      vertex 108.728 57.4404 2
    endloop
  endfacet
  facet normal 0.129286 -0.991607 0
    outer loop
      vertex 109.202 57.5022 2
      vertex 108.728 57.4404 1.4
      vertex 109.202 57.5022 1.4
    endloop
  endfacet
  facet normal 0.228915 -0.973446 0
    outer loop
      vertex 108.29 57.3374 1.4
      vertex 108.728 57.4404 2
      vertex 108.29 57.3374 2
    endloop
  endfacet
  facet normal 0.228915 -0.973446 0
    outer loop
      vertex 108.728 57.4404 2
      vertex 108.29 57.3374 1.4
      vertex 108.728 57.4404 1.4
    endloop
  endfacet
  facet normal 0.337434 -0.941349 0
    outer loop
      vertex 107.888 57.1933 1.4
      vertex 108.29 57.3374 2
      vertex 107.888 57.1933 2
    endloop
  endfacet
  facet normal 0.337434 -0.941349 0
    outer loop
      vertex 108.29 57.3374 2
      vertex 107.888 57.1933 1.4
      vertex 108.29 57.3374 1.4
    endloop
  endfacet
  facet normal 0.451887 -0.892075 0
    outer loop
      vertex 107.522 57.0079 1.4
      vertex 107.888 57.1933 2
      vertex 107.522 57.0079 2
    endloop
  endfacet
  facet normal 0.451887 -0.892075 0
    outer loop
      vertex 107.888 57.1933 2
      vertex 107.522 57.0079 1.4
      vertex 107.888 57.1933 1.4
    endloop
  endfacet
  facet normal 0.564729 -0.825277 0
    outer loop
      vertex 107.191 56.7814 1.4
      vertex 107.522 57.0079 2
      vertex 107.191 56.7814 2
    endloop
  endfacet
  facet normal 0.564729 -0.825277 0
    outer loop
      vertex 107.522 57.0079 2
      vertex 107.191 56.7814 1.4
      vertex 107.522 57.0079 1.4
    endloop
  endfacet
  facet normal 0.670762 -0.741672 0
    outer loop
      vertex 106.895 56.5137 1.4
      vertex 107.191 56.7814 2
      vertex 106.895 56.5137 2
    endloop
  endfacet
  facet normal 0.670762 -0.741672 0
    outer loop
      vertex 107.191 56.7814 2
      vertex 106.895 56.5137 1.4
      vertex 107.191 56.7814 1.4
    endloop
  endfacet
  facet normal 0.765858 -0.64301 0
    outer loop
      vertex 106.638 56.2076 2
      vertex 106.895 56.5137 1.4
      vertex 106.895 56.5137 2
    endloop
  endfacet
  facet normal 0.765858 -0.64301 0
    outer loop
      vertex 106.895 56.5137 1.4
      vertex 106.638 56.2076 2
      vertex 106.638 56.2076 1.4
    endloop
  endfacet
  facet normal 0.843113 -0.537737 0
    outer loop
      vertex 106.42 55.8658 2
      vertex 106.638 56.2076 1.4
      vertex 106.638 56.2076 2
    endloop
  endfacet
  facet normal 0.843113 -0.537737 0
    outer loop
      vertex 106.638 56.2076 1.4
      vertex 106.42 55.8658 2
      vertex 106.42 55.8658 1.4
    endloop
  endfacet
  facet normal 0.903523 -0.428539 0
    outer loop
      vertex 106.241 55.4884 2
      vertex 106.42 55.8658 1.4
      vertex 106.42 55.8658 2
    endloop
  endfacet
  facet normal 0.903523 -0.428539 0
    outer loop
      vertex 106.42 55.8658 1.4
      vertex 106.241 55.4884 2
      vertex 106.241 55.4884 1.4
    endloop
  endfacet
  facet normal 0.948476 -0.316848 0
    outer loop
      vertex 106.103 55.0753 2
      vertex 106.241 55.4884 1.4
      vertex 106.241 55.4884 2
    endloop
  endfacet
  facet normal 0.948476 -0.316848 0
    outer loop
      vertex 106.241 55.4884 1.4
      vertex 106.103 55.0753 2
      vertex 106.103 55.0753 1.4
    endloop
  endfacet
  facet normal 0.976514 -0.215455 0
    outer loop
      vertex 106.004 54.6266 2
      vertex 106.103 55.0753 1.4
      vertex 106.103 55.0753 2
    endloop
  endfacet
  facet normal 0.976514 -0.215455 0
    outer loop
      vertex 106.103 55.0753 1.4
      vertex 106.004 54.6266 2
      vertex 106.004 54.6266 1.4
    endloop
  endfacet
  facet normal 0.992416 -0.122925 0
    outer loop
      vertex 105.944 54.1422 2
      vertex 106.004 54.6266 1.4
      vertex 106.004 54.6266 2
    endloop
  endfacet
  facet normal 0.992416 -0.122925 0
    outer loop
      vertex 106.004 54.6266 1.4
      vertex 105.944 54.1422 2
      vertex 105.944 54.1422 1.4
    endloop
  endfacet
  facet normal 0.999261 -0.0384331 0
    outer loop
      vertex 105.924 53.6222 2
      vertex 105.944 54.1422 1.4
      vertex 105.944 54.1422 2
    endloop
  endfacet
  facet normal 0.999261 -0.0384331 0
    outer loop
      vertex 105.944 54.1422 1.4
      vertex 105.924 53.6222 2
      vertex 105.924 53.6222 1.4
    endloop
  endfacet
  facet normal 0.999183 0.040406 0
    outer loop
      vertex 105.945 53.1029 2
      vertex 105.924 53.6222 1.4
      vertex 105.924 53.6222 2
    endloop
  endfacet
  facet normal 0.999183 0.040406 0
    outer loop
      vertex 105.924 53.6222 1.4
      vertex 105.945 53.1029 2
      vertex 105.945 53.1029 1.4
    endloop
  endfacet
  facet normal 0.992193 0.124714 0
    outer loop
      vertex 106.006 52.6176 2
      vertex 105.945 53.1029 1.4
      vertex 105.945 53.1029 2
    endloop
  endfacet
  facet normal 0.992193 0.124714 0
    outer loop
      vertex 105.945 53.1029 1.4
      vertex 106.006 52.6176 2
      vertex 106.006 52.6176 1.4
    endloop
  endfacet
  facet normal 0.974931 0.222508 0
    outer loop
      vertex 106.109 52.1663 2
      vertex 106.006 52.6176 1.4
      vertex 106.006 52.6176 2
    endloop
  endfacet
  facet normal 0.974931 0.222508 0
    outer loop
      vertex 106.006 52.6176 1.4
      vertex 106.109 52.1663 2
      vertex 106.109 52.1663 1.4
    endloop
  endfacet
  facet normal 0.945325 0.32613 0
    outer loop
      vertex 106.253 51.7489 2
      vertex 106.109 52.1663 1.4
      vertex 106.109 52.1663 2
    endloop
  endfacet
  facet normal 0.945325 0.32613 0
    outer loop
      vertex 106.109 52.1663 1.4
      vertex 106.253 51.7489 2
      vertex 106.253 51.7489 1.4
    endloop
  endfacet
  facet normal 0.90059 0.43467 0
    outer loop
      vertex 106.438 51.3656 2
      vertex 106.253 51.7489 1.4
      vertex 106.253 51.7489 2
    endloop
  endfacet
  facet normal 0.90059 0.43467 0
    outer loop
      vertex 106.253 51.7489 1.4
      vertex 106.438 51.3656 2
      vertex 106.438 51.3656 1.4
    endloop
  endfacet
  facet normal 0.83966 0.543112 0
    outer loop
      vertex 106.664 51.0162 2
      vertex 106.438 51.3656 1.4
      vertex 106.438 51.3656 2
    endloop
  endfacet
  facet normal 0.83966 0.543112 0
    outer loop
      vertex 106.438 51.3656 1.4
      vertex 106.664 51.0162 2
      vertex 106.664 51.0162 1.4
    endloop
  endfacet
  facet normal 0.763138 0.646235 0
    outer loop
      vertex 106.931 50.7009 2
      vertex 106.664 51.0162 1.4
      vertex 106.664 51.0162 2
    endloop
  endfacet
  facet normal 0.763138 0.646235 0
    outer loop
      vertex 106.664 51.0162 1.4
      vertex 106.931 50.7009 2
      vertex 106.931 50.7009 1.4
    endloop
  endfacet
  facet normal 0.673652 0.739048 -0
    outer loop
      vertex 107.235 50.4238 1.4
      vertex 106.931 50.7009 2
      vertex 107.235 50.4238 2
    endloop
  endfacet
  facet normal 0.673652 0.739048 0
    outer loop
      vertex 106.931 50.7009 2
      vertex 107.235 50.4238 1.4
      vertex 106.931 50.7009 1.4
    endloop
  endfacet
  facet normal 0.568895 0.82241 -0
    outer loop
      vertex 107.574 50.1893 1.4
      vertex 107.235 50.4238 2
      vertex 107.574 50.1893 2
    endloop
  endfacet
  facet normal 0.568895 0.82241 0
    outer loop
      vertex 107.235 50.4238 2
      vertex 107.574 50.1893 1.4
      vertex 107.235 50.4238 1.4
    endloop
  endfacet
  facet normal 0.457294 0.889316 -0
    outer loop
      vertex 107.947 49.9975 1.4
      vertex 107.574 50.1893 2
      vertex 107.947 49.9975 2
    endloop
  endfacet
  facet normal 0.457294 0.889316 0
    outer loop
      vertex 107.574 50.1893 2
      vertex 107.947 49.9975 1.4
      vertex 107.574 50.1893 1.4
    endloop
  endfacet
  facet normal 0.344187 0.938901 -0
    outer loop
      vertex 108.354 49.8483 1.4
      vertex 107.947 49.9975 2
      vertex 108.354 49.8483 2
    endloop
  endfacet
  facet normal 0.344187 0.938901 0
    outer loop
      vertex 107.947 49.9975 2
      vertex 108.354 49.8483 1.4
      vertex 107.947 49.9975 1.4
    endloop
  endfacet
  facet normal 0.234246 0.972177 -0
    outer loop
      vertex 108.796 49.7418 1.4
      vertex 108.354 49.8483 2
      vertex 108.796 49.7418 2
    endloop
  endfacet
  facet normal 0.234246 0.972177 0
    outer loop
      vertex 108.354 49.8483 2
      vertex 108.796 49.7418 1.4
      vertex 108.354 49.8483 1.4
    endloop
  endfacet
  facet normal 0.133255 0.991082 -0
    outer loop
      vertex 109.272 49.6778 1.4
      vertex 108.796 49.7418 2
      vertex 109.272 49.6778 2
    endloop
  endfacet
  facet normal 0.133255 0.991082 0
    outer loop
      vertex 108.796 49.7418 2
      vertex 109.272 49.6778 1.4
      vertex 108.796 49.7418 1.4
    endloop
  endfacet
  facet normal 0.0417283 0.999129 -0
    outer loop
      vertex 109.782 49.6565 1.4
      vertex 109.272 49.6778 2
      vertex 109.782 49.6565 2
    endloop
  endfacet
  facet normal 0.0417283 0.999129 0
    outer loop
      vertex 109.272 49.6778 2
      vertex 109.782 49.6565 1.4
      vertex 109.272 49.6778 1.4
    endloop
  endfacet
  facet normal -0.032336 0.999477 0
    outer loop
      vertex 110.122 49.6675 1.4
      vertex 109.782 49.6565 2
      vertex 110.122 49.6675 2
    endloop
  endfacet
  facet normal -0.032336 0.999477 0
    outer loop
      vertex 109.782 49.6565 2
      vertex 110.122 49.6675 1.4
      vertex 109.782 49.6565 1.4
    endloop
  endfacet
  facet normal 0 -1 0
    outer loop
      vertex 137.948 51.0019 1.4
      vertex 142.581 51.0019 2
      vertex 137.948 51.0019 2
    endloop
  endfacet
  facet normal 0 -1 -0
    outer loop
      vertex 142.581 51.0019 2
      vertex 137.948 51.0019 1.4
      vertex 142.581 51.0019 1.4
    endloop
  endfacet
  facet normal -1 0 0
    outer loop
      vertex 137.948 51.0019 1.4
      vertex 137.948 53.0146 2
      vertex 137.948 53.0146 1.4
    endloop
  endfacet
  facet normal -1 -0 0
    outer loop
      vertex 137.948 53.0146 2
      vertex 137.948 51.0019 1.4
      vertex 137.948 51.0019 2
    endloop
  endfacet
  facet normal 0 1 -0
    outer loop
      vertex 142.028 53.0146 1.4
      vertex 137.948 53.0146 2
      vertex 142.028 53.0146 2
    endloop
  endfacet
  facet normal 0 1 0
    outer loop
      vertex 137.948 53.0146 2
      vertex 142.028 53.0146 1.4
      vertex 137.948 53.0146 1.4
    endloop
  endfacet
  facet normal -1 0 0
    outer loop
      vertex 142.028 53.0146 1.4
      vertex 142.028 54.2515 2
      vertex 142.028 54.2515 1.4
    endloop
  endfacet
  facet normal -1 -0 0
    outer loop
      vertex 142.028 54.2515 2
      vertex 142.028 53.0146 1.4
      vertex 142.028 53.0146 2
    endloop
  endfacet
  facet normal 0 -1 0
    outer loop
      vertex 137.948 54.2515 1.4
      vertex 142.028 54.2515 2
      vertex 137.948 54.2515 2
    endloop
  endfacet
  facet normal 0 -1 -0
    outer loop
      vertex 142.028 54.2515 2
      vertex 137.948 54.2515 1.4
      vertex 142.028 54.2515 1.4
    endloop
  endfacet
  facet normal -1 0 0
    outer loop
      vertex 137.948 54.2515 1.4
      vertex 137.948 56.172 2
      vertex 137.948 56.172 1.4
    endloop
  endfacet
  facet normal -1 -0 0
    outer loop
      vertex 137.948 56.172 2
      vertex 137.948 54.2515 1.4
      vertex 137.948 54.2515 2
    endloop
  endfacet
  facet normal 0 1 -0
    outer loop
      vertex 142.359 56.172 1.4
      vertex 137.948 56.172 2
      vertex 142.359 56.172 2
    endloop
  endfacet
  facet normal 0 1 0
    outer loop
      vertex 137.948 56.172 2
      vertex 142.359 56.172 1.4
      vertex 137.948 56.172 1.4
    endloop
  endfacet
  facet normal -1 0 0
    outer loop
      vertex 142.359 56.172 1.4
      vertex 142.359 57.4088 2
      vertex 142.359 57.4088 1.4
    endloop
  endfacet
  facet normal -1 -0 0
    outer loop
      vertex 142.359 57.4088 2
      vertex 142.359 56.172 1.4
      vertex 142.359 56.172 2
    endloop
  endfacet
  facet normal 0 -1 0
    outer loop
      vertex 136.348 57.4088 1.4
      vertex 142.359 57.4088 2
      vertex 136.348 57.4088 2
    endloop
  endfacet
  facet normal 0 -1 -0
    outer loop
      vertex 142.359 57.4088 2
      vertex 136.348 57.4088 1.4
      vertex 142.359 57.4088 1.4
    endloop
  endfacet
  facet normal 1 -0 0
    outer loop
      vertex 136.348 49.765 2
      vertex 136.348 57.4088 1.4
      vertex 136.348 57.4088 2
    endloop
  endfacet
  facet normal 1 0 0
    outer loop
      vertex 136.348 57.4088 1.4
      vertex 136.348 49.765 2
      vertex 136.348 49.765 1.4
    endloop
  endfacet
  facet normal 0 1 -0
    outer loop
      vertex 142.581 49.765 1.4
      vertex 136.348 49.765 2
      vertex 142.581 49.765 2
    endloop
  endfacet
  facet normal 0 1 0
    outer loop
      vertex 136.348 49.765 2
      vertex 142.581 49.765 1.4
      vertex 136.348 49.765 1.4
    endloop
  endfacet
  facet normal -1 0 0
    outer loop
      vertex 142.581 49.765 1.4
      vertex 142.581 51.0019 2
      vertex 142.581 51.0019 1.4
    endloop
  endfacet
  facet normal -1 -0 0
    outer loop
      vertex 142.581 51.0019 2
      vertex 142.581 49.765 1.4
      vertex 142.581 49.765 2
    endloop
  endfacet
  facet normal 0 -1 0
    outer loop
      vertex 93.3376 51.0019 1.4
      vertex 97.9705 51.0019 2
      vertex 93.3376 51.0019 2
    endloop
  endfacet
  facet normal 0 -1 -0
    outer loop
      vertex 97.9705 51.0019 2
      vertex 93.3376 51.0019 1.4
      vertex 97.9705 51.0019 1.4
    endloop
  endfacet
  facet normal -1 0 0
    outer loop
      vertex 93.3376 51.0019 1.4
      vertex 93.3376 53.0146 2
      vertex 93.3376 53.0146 1.4
    endloop
  endfacet
  facet normal -1 -0 0
    outer loop
      vertex 93.3376 53.0146 2
      vertex 93.3376 51.0019 1.4
      vertex 93.3376 51.0019 2
    endloop
  endfacet
  facet normal 0 1 -0
    outer loop
      vertex 97.4172 53.0146 1.4
      vertex 93.3376 53.0146 2
      vertex 97.4172 53.0146 2
    endloop
  endfacet
  facet normal 0 1 0
    outer loop
      vertex 93.3376 53.0146 2
      vertex 97.4172 53.0146 1.4
      vertex 93.3376 53.0146 1.4
    endloop
  endfacet
  facet normal -1 0 0
    outer loop
      vertex 97.4172 53.0146 1.4
      vertex 97.4172 54.2515 2
      vertex 97.4172 54.2515 1.4
    endloop
  endfacet
  facet normal -1 -0 0
    outer loop
      vertex 97.4172 54.2515 2
      vertex 97.4172 53.0146 1.4
      vertex 97.4172 53.0146 2
    endloop
  endfacet
  facet normal 0 -1 0
    outer loop
      vertex 93.3376 54.2515 1.4
      vertex 97.4172 54.2515 2
      vertex 93.3376 54.2515 2
    endloop
  endfacet
  facet normal 0 -1 -0
    outer loop
      vertex 97.4172 54.2515 2
      vertex 93.3376 54.2515 1.4
      vertex 97.4172 54.2515 1.4
    endloop
  endfacet
  facet normal -1 0 0
    outer loop
      vertex 93.3376 54.2515 1.4
      vertex 93.3376 56.172 2
      vertex 93.3376 56.172 1.4
    endloop
  endfacet
  facet normal -1 -0 0
    outer loop
      vertex 93.3376 56.172 2
      vertex 93.3376 54.2515 1.4
      vertex 93.3376 54.2515 2
    endloop
  endfacet
  facet normal 0 1 -0
    outer loop
      vertex 97.7481 56.172 1.4
      vertex 93.3376 56.172 2
      vertex 97.7481 56.172 2
    endloop
  endfacet
  facet normal 0 1 0
    outer loop
      vertex 93.3376 56.172 2
      vertex 97.7481 56.172 1.4
      vertex 93.3376 56.172 1.4
    endloop
  endfacet
  facet normal -1 0 0
    outer loop
      vertex 97.7481 56.172 1.4
      vertex 97.7481 57.4088 2
      vertex 97.7481 57.4088 1.4
    endloop
  endfacet
  facet normal -1 -0 0
    outer loop
      vertex 97.7481 57.4088 2
      vertex 97.7481 56.172 1.4
      vertex 97.7481 56.172 2
    endloop
  endfacet
  facet normal 0 -1 0
    outer loop
      vertex 91.7372 57.4088 1.4
      vertex 97.7481 57.4088 2
      vertex 91.7372 57.4088 2
    endloop
  endfacet
  facet normal 0 -1 -0
    outer loop
      vertex 97.7481 57.4088 2
      vertex 91.7372 57.4088 1.4
      vertex 97.7481 57.4088 1.4
    endloop
  endfacet
  facet normal 1 -0 0
    outer loop
      vertex 91.7372 49.765 2
      vertex 91.7372 57.4088 1.4
      vertex 91.7372 57.4088 2
    endloop
  endfacet
  facet normal 1 0 0
    outer loop
      vertex 91.7372 57.4088 1.4
      vertex 91.7372 49.765 2
      vertex 91.7372 49.765 1.4
    endloop
  endfacet
  facet normal 0 1 -0
    outer loop
      vertex 97.9705 49.765 1.4
      vertex 91.7372 49.765 2
      vertex 97.9705 49.765 2
    endloop
  endfacet
  facet normal 0 1 0
    outer loop
      vertex 91.7372 49.765 2
      vertex 97.9705 49.765 1.4
      vertex 91.7372 49.765 1.4
    endloop
  endfacet
  facet normal -1 0 0
    outer loop
      vertex 97.9705 49.765 1.4
      vertex 97.9705 51.0019 2
      vertex 97.9705 51.0019 1.4
    endloop
  endfacet
  facet normal -1 -0 0
    outer loop
      vertex 97.9705 51.0019 2
      vertex 97.9705 49.765 1.4
      vertex 97.9705 49.765 2
    endloop
  endfacet
  facet normal 0 1 -0
    outer loop
      vertex 135.644 56.172 1.4
      vertex 133.17 56.172 2
      vertex 135.644 56.172 2
    endloop
  endfacet
  facet normal 0 1 0
    outer loop
      vertex 133.17 56.172 2
      vertex 135.644 56.172 1.4
      vertex 133.17 56.172 1.4
    endloop
  endfacet
  facet normal -1 0 0
    outer loop
      vertex 135.644 56.172 1.4
      vertex 135.644 57.4088 2
      vertex 135.644 57.4088 1.4
    endloop
  endfacet
  facet normal -1 -0 0
    outer loop
      vertex 135.644 57.4088 2
      vertex 135.644 56.172 1.4
      vertex 135.644 56.172 2
    endloop
  endfacet
  facet normal 0 -1 0
    outer loop
      vertex 129.101 57.4088 1.4
      vertex 135.644 57.4088 2
      vertex 129.101 57.4088 2
    endloop
  endfacet
  facet normal 0 -1 -0
    outer loop
      vertex 135.644 57.4088 2
      vertex 129.101 57.4088 1.4
      vertex 135.644 57.4088 1.4
    endloop
  endfacet
  facet normal 1 -0 0
    outer loop
      vertex 129.101 56.172 2
      vertex 129.101 57.4088 1.4
      vertex 129.101 57.4088 2
    endloop
  endfacet
  facet normal 1 0 0
    outer loop
      vertex 129.101 57.4088 1.4
      vertex 129.101 56.172 2
      vertex 129.101 56.172 1.4
    endloop
  endfacet
  facet normal 0 1 -0
    outer loop
      vertex 131.57 56.172 1.4
      vertex 129.101 56.172 2
      vertex 131.57 56.172 2
    endloop
  endfacet
  facet normal 0 1 0
    outer loop
      vertex 129.101 56.172 2
      vertex 131.57 56.172 1.4
      vertex 129.101 56.172 1.4
    endloop
  endfacet
  facet normal 1 -0 0
    outer loop
      vertex 131.57 49.765 2
      vertex 131.57 56.172 1.4
      vertex 131.57 56.172 2
    endloop
  endfacet
  facet normal 1 0 0
    outer loop
      vertex 131.57 56.172 1.4
      vertex 131.57 49.765 2
      vertex 131.57 49.765 1.4
    endloop
  endfacet
  facet normal 0 1 -0
    outer loop
      vertex 133.17 49.765 1.4
      vertex 131.57 49.765 2
      vertex 133.17 49.765 2
    endloop
  endfacet
  facet normal 0 1 0
    outer loop
      vertex 131.57 49.765 2
      vertex 133.17 49.765 1.4
      vertex 131.57 49.765 1.4
    endloop
  endfacet
  facet normal -1 0 0
    outer loop
      vertex 133.17 49.765 1.4
      vertex 133.17 56.172 2
      vertex 133.17 56.172 1.4
    endloop
  endfacet
  facet normal -1 -0 0
    outer loop
      vertex 133.17 56.172 2
      vertex 133.17 49.765 1.4
      vertex 133.17 49.765 2
    endloop
  endfacet
  facet normal 0 1 -0
    outer loop
      vertex 125.361 52.6674 1.4
      vertex 123.484 52.6674 2
      vertex 125.361 52.6674 2
    endloop
  endfacet
  facet normal 0 1 0
    outer loop
      vertex 123.484 52.6674 2
      vertex 125.361 52.6674 1.4
      vertex 123.484 52.6674 1.4
    endloop
  endfacet
  facet normal 0.853241 0.521517 0
    outer loop
      vertex 127.135 49.765 2
      vertex 125.361 52.6674 1.4
      vertex 125.361 52.6674 2
    endloop
  endfacet
  facet normal 0.853241 0.521517 0
    outer loop
      vertex 125.361 52.6674 1.4
      vertex 127.135 49.765 2
      vertex 127.135 49.765 1.4
    endloop
  endfacet
  facet normal 0 1 -0
    outer loop
      vertex 128.936 49.765 1.4
      vertex 127.135 49.765 2
      vertex 128.936 49.765 2
    endloop
  endfacet
  facet normal 0 1 0
    outer loop
      vertex 127.135 49.765 2
      vertex 128.936 49.765 1.4
      vertex 127.135 49.765 1.4
    endloop
  endfacet
  facet normal -0.840893 -0.541202 0
    outer loop
      vertex 128.936 49.765 1.4
      vertex 126.869 52.9766 2
      vertex 126.869 52.9766 1.4
    endloop
  endfacet
  facet normal -0.840893 -0.541202 0
    outer loop
      vertex 126.869 52.9766 2
      vertex 128.936 49.765 1.4
      vertex 128.936 49.765 2
    endloop
  endfacet
  facet normal -0.270952 0.962593 0
    outer loop
      vertex 127.085 53.0374 1.4
      vertex 126.869 52.9766 2
      vertex 127.085 53.0374 2
    endloop
  endfacet
  facet normal -0.270952 0.962593 0
    outer loop
      vertex 126.869 52.9766 2
      vertex 127.085 53.0374 1.4
      vertex 126.869 52.9766 1.4
    endloop
  endfacet
  facet normal -0.356995 0.934106 0
    outer loop
      vertex 127.287 53.1146 1.4
      vertex 127.085 53.0374 2
      vertex 127.287 53.1146 2
    endloop
  endfacet
  facet normal -0.356995 0.934106 0
    outer loop
      vertex 127.085 53.0374 2
      vertex 127.287 53.1146 1.4
      vertex 127.085 53.0374 1.4
    endloop
  endfacet
  facet normal -0.442653 0.896693 0
    outer loop
      vertex 127.476 53.2079 1.4
      vertex 127.287 53.1146 2
      vertex 127.476 53.2079 2
    endloop
  endfacet
  facet normal -0.442653 0.896693 0
    outer loop
      vertex 127.287 53.1146 2
      vertex 127.476 53.2079 1.4
      vertex 127.287 53.1146 1.4
    endloop
  endfacet
  facet normal -0.528958 0.848648 0
    outer loop
      vertex 127.652 53.3176 1.4
      vertex 127.476 53.2079 2
      vertex 127.652 53.3176 2
    endloop
  endfacet
  facet normal -0.528958 0.848648 0
    outer loop
      vertex 127.476 53.2079 2
      vertex 127.652 53.3176 1.4
      vertex 127.476 53.2079 1.4
    endloop
  endfacet
  facet normal -0.613637 0.789588 0
    outer loop
      vertex 127.814 53.4435 1.4
      vertex 127.652 53.3176 2
      vertex 127.814 53.4435 2
    endloop
  endfacet
  facet normal -0.613637 0.789588 0
    outer loop
      vertex 127.652 53.3176 2
      vertex 127.814 53.4435 1.4
      vertex 127.652 53.3176 1.4
    endloop
  endfacet
  facet normal -0.687986 0.725724 0
    outer loop
      vertex 127.964 53.5857 1.4
      vertex 127.814 53.4435 2
      vertex 127.964 53.5857 2
    endloop
  endfacet
  facet normal -0.687986 0.725724 0
    outer loop
      vertex 127.814 53.4435 2
      vertex 127.964 53.5857 1.4
      vertex 127.814 53.4435 1.4
    endloop
  endfacet
  facet normal -0.756555 0.65393 0
    outer loop
      vertex 127.964 53.5857 1.4
      vertex 128.101 53.7442 2
      vertex 128.101 53.7442 1.4
    endloop
  endfacet
  facet normal -0.756555 0.65393 0
    outer loop
      vertex 128.101 53.7442 2
      vertex 127.964 53.5857 1.4
      vertex 127.964 53.5857 2
    endloop
  endfacet
  facet normal -0.816465 0.577395 0
    outer loop
      vertex 128.101 53.7442 1.4
      vertex 128.222 53.9153 2
      vertex 128.222 53.9153 1.4
    endloop
  endfacet
  facet normal -0.816465 0.577395 0
    outer loop
      vertex 128.222 53.9153 2
      vertex 128.101 53.7442 1.4
      vertex 128.101 53.7442 2
    endloop
  endfacet
  facet normal -0.87014 0.492805 0
    outer loop
      vertex 128.222 53.9153 1.4
      vertex 128.324 54.0954 2
      vertex 128.324 54.0954 1.4
    endloop
  endfacet
  facet normal -0.87014 0.492805 0
    outer loop
      vertex 128.324 54.0954 2
      vertex 128.222 53.9153 1.4
      vertex 128.222 53.9153 2
    endloop
  endfacet
  facet normal -0.913812 0.406138 0
    outer loop
      vertex 128.324 54.0954 1.4
      vertex 128.408 54.2844 2
      vertex 128.408 54.2844 1.4
    endloop
  endfacet
  facet normal -0.913812 0.406138 0
    outer loop
      vertex 128.408 54.2844 2
      vertex 128.324 54.0954 1.4
      vertex 128.324 54.0954 2
    endloop
  endfacet
  facet normal -0.95016 0.311764 0
    outer loop
      vertex 128.408 54.2844 1.4
      vertex 128.473 54.4825 2
      vertex 128.473 54.4825 1.4
    endloop
  endfacet
  facet normal -0.95016 0.311764 0
    outer loop
      vertex 128.473 54.4825 2
      vertex 128.408 54.2844 1.4
      vertex 128.408 54.2844 2
    endloop
  endfacet
  facet normal -0.976187 0.21693 0
    outer loop
      vertex 128.473 54.4825 1.4
      vertex 128.519 54.6895 2
      vertex 128.519 54.6895 1.4
    endloop
  endfacet
  facet normal -0.976187 0.21693 0
    outer loop
      vertex 128.519 54.6895 2
      vertex 128.473 54.4825 1.4
      vertex 128.473 54.4825 2
    endloop
  endfacet
  facet normal -0.991695 0.128613 0
    outer loop
      vertex 128.519 54.6895 1.4
      vertex 128.547 54.9054 2
      vertex 128.547 54.9054 1.4
    endloop
  endfacet
  facet normal -0.991695 0.128613 0
    outer loop
      vertex 128.547 54.9054 2
      vertex 128.519 54.6895 1.4
      vertex 128.519 54.6895 2
    endloop
  endfacet
  facet normal -0.999014 0.0444006 0
    outer loop
      vertex 128.547 54.9054 1.4
      vertex 128.557 55.1304 2
      vertex 128.557 55.1304 1.4
    endloop
  endfacet
  facet normal -0.999014 0.0444006 0
    outer loop
      vertex 128.557 55.1304 2
      vertex 128.547 54.9054 1.4
      vertex 128.547 54.9054 2
    endloop
  endfacet
  facet normal -0.998619 -0.0525416 0
    outer loop
      vertex 128.557 55.1304 1.4
      vertex 128.541 55.4345 2
      vertex 128.541 55.4345 1.4
    endloop
  endfacet
  facet normal -0.998619 -0.0525416 0
    outer loop
      vertex 128.541 55.4345 2
      vertex 128.557 55.1304 1.4
      vertex 128.557 55.1304 2
    endloop
  endfacet
  facet normal -0.987618 -0.156875 0
    outer loop
      vertex 128.541 55.4345 1.4
      vertex 128.496 55.7178 2
      vertex 128.496 55.7178 1.4
    endloop
  endfacet
  facet normal -0.987618 -0.156875 0
    outer loop
      vertex 128.496 55.7178 2
      vertex 128.541 55.4345 1.4
      vertex 128.541 55.4345 2
    endloop
  endfacet
  facet normal -0.960495 -0.278298 0
    outer loop
      vertex 128.496 55.7178 1.4
      vertex 128.42 55.9801 2
      vertex 128.42 55.9801 1.4
    endloop
  endfacet
  facet normal -0.960495 -0.278298 0
    outer loop
      vertex 128.42 55.9801 2
      vertex 128.496 55.7178 1.4
      vertex 128.496 55.7178 2
    endloop
  endfacet
  facet normal -0.915617 -0.402052 0
    outer loop
      vertex 128.42 55.9801 1.4
      vertex 128.314 56.2215 2
      vertex 128.314 56.2215 1.4
    endloop
  endfacet
  facet normal -0.915617 -0.402052 0
    outer loop
      vertex 128.314 56.2215 2
      vertex 128.42 55.9801 1.4
      vertex 128.42 55.9801 2
    endloop
  endfacet
  facet normal -0.849402 -0.527746 0
    outer loop
      vertex 128.314 56.2215 1.4
      vertex 128.177 56.442 2
      vertex 128.177 56.442 1.4
    endloop
  endfacet
  facet normal -0.849402 -0.527746 0
    outer loop
      vertex 128.177 56.442 2
      vertex 128.314 56.2215 1.4
      vertex 128.314 56.2215 2
    endloop
  endfacet
  facet normal -0.768852 -0.639426 0
    outer loop
      vertex 128.177 56.442 1.4
      vertex 128.011 56.6416 2
      vertex 128.011 56.6416 1.4
    endloop
  endfacet
  facet normal -0.768852 -0.639426 0
    outer loop
      vertex 128.011 56.6416 2
      vertex 128.177 56.442 1.4
      vertex 128.177 56.442 2
    endloop
  endfacet
  facet normal -0.669793 -0.742548 0
    outer loop
      vertex 127.813 56.8202 1.4
      vertex 128.011 56.6416 2
      vertex 127.813 56.8202 2
    endloop
  endfacet
  facet normal -0.669793 -0.742548 -0
    outer loop
      vertex 128.011 56.6416 2
      vertex 127.813 56.8202 1.4
      vertex 128.011 56.6416 1.4
    endloop
  endfacet
  facet normal -0.570273 -0.821455 0
    outer loop
      vertex 127.588 56.9764 1.4
      vertex 127.813 56.8202 2
      vertex 127.588 56.9764 2
    endloop
  endfacet
  facet normal -0.570273 -0.821455 -0
    outer loop
      vertex 127.813 56.8202 2
      vertex 127.588 56.9764 1.4
      vertex 127.813 56.8202 1.4
    endloop
  endfacet
  facet normal -0.467189 -0.884158 0
    outer loop
      vertex 127.338 57.1085 1.4
      vertex 127.588 56.9764 2
      vertex 127.338 57.1085 2
    endloop
  endfacet
  facet normal -0.467189 -0.884158 -0
    outer loop
      vertex 127.588 56.9764 2
      vertex 127.338 57.1085 1.4
      vertex 127.588 56.9764 1.4
    endloop
  endfacet
  facet normal -0.364692 -0.931128 0
    outer loop
      vertex 127.062 57.2166 1.4
      vertex 127.338 57.1085 2
      vertex 127.062 57.2166 2
    endloop
  endfacet
  facet normal -0.364692 -0.931128 -0
    outer loop
      vertex 127.338 57.1085 2
      vertex 127.062 57.2166 1.4
      vertex 127.338 57.1085 1.4
    endloop
  endfacet
  facet normal -0.268269 -0.963344 0
    outer loop
      vertex 126.76 57.3007 1.4
      vertex 127.062 57.2166 2
      vertex 126.76 57.3007 2
    endloop
  endfacet
  facet normal -0.268269 -0.963344 -0
    outer loop
      vertex 127.062 57.2166 2
      vertex 126.76 57.3007 1.4
      vertex 127.062 57.2166 1.4
    endloop
  endfacet
  facet normal -0.180764 -0.983526 0
    outer loop
      vertex 126.433 57.3608 1.4
      vertex 126.76 57.3007 2
      vertex 126.433 57.3608 2
    endloop
  endfacet
  facet normal -0.180764 -0.983526 -0
    outer loop
      vertex 126.76 57.3007 2
      vertex 126.433 57.3608 1.4
      vertex 126.76 57.3007 1.4
    endloop
  endfacet
  facet normal -0.101742 -0.994811 0
    outer loop
      vertex 126.081 57.3968 1.4
      vertex 126.433 57.3608 2
      vertex 126.081 57.3968 2
    endloop
  endfacet
  facet normal -0.101742 -0.994811 -0
    outer loop
      vertex 126.433 57.3608 2
      vertex 126.081 57.3968 1.4
      vertex 126.433 57.3608 1.4
    endloop
  endfacet
  facet normal -0.03173 -0.999496 0
    outer loop
      vertex 125.703 57.4088 1.4
      vertex 126.081 57.3968 2
      vertex 125.703 57.4088 2
    endloop
  endfacet
  facet normal -0.03173 -0.999496 -0
    outer loop
      vertex 126.081 57.3968 2
      vertex 125.703 57.4088 1.4
      vertex 126.081 57.3968 1.4
    endloop
  endfacet
  facet normal 0 -1 0
    outer loop
      vertex 121.884 57.4088 1.4
      vertex 125.703 57.4088 2
      vertex 121.884 57.4088 2
    endloop
  endfacet
  facet normal 0 -1 -0
    outer loop
      vertex 125.703 57.4088 2
      vertex 121.884 57.4088 1.4
      vertex 125.703 57.4088 1.4
    endloop
  endfacet
  facet normal 1 -0 0
    outer loop
      vertex 121.884 49.765 2
      vertex 121.884 57.4088 1.4
      vertex 121.884 57.4088 2
    endloop
  endfacet
  facet normal 1 0 0
    outer loop
      vertex 121.884 57.4088 1.4
      vertex 121.884 49.765 2
      vertex 121.884 49.765 1.4
    endloop
  endfacet
  facet normal 0 1 -0
    outer loop
      vertex 123.484 49.765 1.4
      vertex 121.884 49.765 2
      vertex 123.484 49.765 2
    endloop
  endfacet
  facet normal 0 1 0
    outer loop
      vertex 121.884 49.765 2
      vertex 123.484 49.765 1.4
      vertex 121.884 49.765 1.4
    endloop
  endfacet
  facet normal -1 0 0
    outer loop
      vertex 123.484 49.765 1.4
      vertex 123.484 52.6674 2
      vertex 123.484 52.6674 1.4
    endloop
  endfacet
  facet normal -1 -0 0
    outer loop
      vertex 123.484 52.6674 2
      vertex 123.484 49.765 1.4
      vertex 123.484 49.765 2
    endloop
  endfacet
  facet normal -1 0 0
    outer loop
      vertex 123.484 53.9097 1.4
      vertex 123.484 56.1665 2
      vertex 123.484 56.1665 1.4
    endloop
  endfacet
  facet normal -1 -0 0
    outer loop
      vertex 123.484 56.1665 2
      vertex 123.484 53.9097 1.4
      vertex 123.484 53.9097 2
    endloop
  endfacet
  facet normal 0 1 -0
    outer loop
      vertex 125.535 56.1665 1.4
      vertex 123.484 56.1665 2
      vertex 125.535 56.1665 2
    endloop
  endfacet
  facet normal 0 1 0
    outer loop
      vertex 123.484 56.1665 2
      vertex 125.535 56.1665 1.4
      vertex 123.484 56.1665 1.4
    endloop
  endfacet
  facet normal 0.0600519 0.998195 -0
    outer loop
      vertex 125.909 56.144 1.4
      vertex 125.535 56.1665 2
      vertex 125.909 56.144 2
    endloop
  endfacet
  facet normal 0.0600519 0.998195 0
    outer loop
      vertex 125.535 56.1665 2
      vertex 125.909 56.144 1.4
      vertex 125.535 56.1665 1.4
    endloop
  endfacet
  facet normal 0.207969 0.978135 -0
    outer loop
      vertex 126.226 56.0766 1.4
      vertex 125.909 56.144 2
      vertex 126.226 56.0766 2
    endloop
  endfacet
  facet normal 0.207969 0.978135 0
    outer loop
      vertex 125.909 56.144 2
      vertex 126.226 56.0766 1.4
      vertex 125.909 56.144 1.4
    endloop
  endfacet
  facet normal 0.398104 0.91734 -0
    outer loop
      vertex 126.485 55.9642 1.4
      vertex 126.226 56.0766 2
      vertex 126.485 55.9642 2
    endloop
  endfacet
  facet normal 0.398104 0.91734 0
    outer loop
      vertex 126.226 56.0766 2
      vertex 126.485 55.9642 1.4
      vertex 126.226 56.0766 1.4
    endloop
  endfacet
  facet normal 0.616298 0.787513 -0
    outer loop
      vertex 126.686 55.8069 1.4
      vertex 126.485 55.9642 2
      vertex 126.686 55.8069 2
    endloop
  endfacet
  facet normal 0.616298 0.787513 0
    outer loop
      vertex 126.485 55.9642 2
      vertex 126.686 55.8069 1.4
      vertex 126.485 55.9642 1.4
    endloop
  endfacet
  facet normal 0.814685 0.579904 0
    outer loop
      vertex 126.83 55.6046 2
      vertex 126.686 55.8069 1.4
      vertex 126.686 55.8069 2
    endloop
  endfacet
  facet normal 0.814685 0.579904 0
    outer loop
      vertex 126.686 55.8069 1.4
      vertex 126.83 55.6046 2
      vertex 126.83 55.6046 1.4
    endloop
  endfacet
  facet normal 0.943286 0.331982 0
    outer loop
      vertex 126.917 55.3574 2
      vertex 126.83 55.6046 1.4
      vertex 126.83 55.6046 2
    endloop
  endfacet
  facet normal 0.943286 0.331982 0
    outer loop
      vertex 126.83 55.6046 1.4
      vertex 126.917 55.3574 2
      vertex 126.917 55.3574 1.4
    endloop
  endfacet
  facet normal 0.99544 0.0953878 0
    outer loop
      vertex 126.945 55.0652 2
      vertex 126.917 55.3574 1.4
      vertex 126.917 55.3574 2
    endloop
  endfacet
  facet normal 0.99544 0.0953878 0
    outer loop
      vertex 126.917 55.3574 1.4
      vertex 126.945 55.0652 2
      vertex 126.945 55.0652 1.4
    endloop
  endfacet
  facet normal 0.998934 -0.0461554 0
    outer loop
      vertex 126.938 54.9137 2
      vertex 126.945 55.0652 1.4
      vertex 126.945 55.0652 2
    endloop
  endfacet
  facet normal 0.998934 -0.0461554 0
    outer loop
      vertex 126.945 55.0652 1.4
      vertex 126.938 54.9137 2
      vertex 126.938 54.9137 1.4
    endloop
  endfacet
  facet normal 0.989181 -0.146701 0
    outer loop
      vertex 126.917 54.7721 2
      vertex 126.938 54.9137 1.4
      vertex 126.938 54.9137 2
    endloop
  endfacet
  facet normal 0.989181 -0.146701 0
    outer loop
      vertex 126.938 54.9137 1.4
      vertex 126.917 54.7721 2
      vertex 126.917 54.7721 1.4
    endloop
  endfacet
  facet normal 0.966454 -0.25684 0
    outer loop
      vertex 126.882 54.6404 2
      vertex 126.917 54.7721 1.4
      vertex 126.917 54.7721 2
    endloop
  endfacet
  facet normal 0.966454 -0.25684 0
    outer loop
      vertex 126.917 54.7721 1.4
      vertex 126.882 54.6404 2
      vertex 126.882 54.6404 1.4
    endloop
  endfacet
  facet normal 0.924977 -0.380023 0
    outer loop
      vertex 126.832 54.5187 2
      vertex 126.882 54.6404 1.4
      vertex 126.882 54.6404 2
    endloop
  endfacet
  facet normal 0.924977 -0.380023 0
    outer loop
      vertex 126.882 54.6404 1.4
      vertex 126.832 54.5187 2
      vertex 126.832 54.5187 1.4
    endloop
  endfacet
  facet normal 0.867669 -0.497142 0
    outer loop
      vertex 126.768 54.407 2
      vertex 126.832 54.5187 1.4
      vertex 126.832 54.5187 2
    endloop
  endfacet
  facet normal 0.867669 -0.497142 0
    outer loop
      vertex 126.832 54.5187 1.4
      vertex 126.768 54.407 2
      vertex 126.768 54.407 1.4
    endloop
  endfacet
  facet normal 0.793493 -0.608579 0
    outer loop
      vertex 126.69 54.3053 2
      vertex 126.768 54.407 1.4
      vertex 126.768 54.407 2
    endloop
  endfacet
  facet normal 0.793493 -0.608579 0
    outer loop
      vertex 126.768 54.407 1.4
      vertex 126.69 54.3053 2
      vertex 126.69 54.3053 1.4
    endloop
  endfacet
  facet normal 0.706337 -0.707876 0
    outer loop
      vertex 126.598 54.2135 1.4
      vertex 126.69 54.3053 2
      vertex 126.598 54.2135 2
    endloop
  endfacet
  facet normal 0.706337 -0.707876 0
    outer loop
      vertex 126.69 54.3053 2
      vertex 126.598 54.2135 1.4
      vertex 126.69 54.3053 1.4
    endloop
  endfacet
  facet normal 0.605274 -0.796017 0
    outer loop
      vertex 126.492 54.1329 1.4
      vertex 126.598 54.2135 2
      vertex 126.492 54.1329 2
    endloop
  endfacet
  facet normal 0.605274 -0.796017 0
    outer loop
      vertex 126.598 54.2135 2
      vertex 126.492 54.1329 1.4
      vertex 126.598 54.2135 1.4
    endloop
  endfacet
  facet normal 0.497238 -0.867614 0
    outer loop
      vertex 126.373 54.0647 1.4
      vertex 126.492 54.1329 2
      vertex 126.373 54.0647 2
    endloop
  endfacet
  facet normal 0.497238 -0.867614 0
    outer loop
      vertex 126.492 54.1329 2
      vertex 126.373 54.0647 1.4
      vertex 126.492 54.1329 1.4
    endloop
  endfacet
  facet normal 0.389367 -0.921083 0
    outer loop
      vertex 126.241 54.0089 1.4
      vertex 126.373 54.0647 2
      vertex 126.241 54.0089 2
    endloop
  endfacet
  facet normal 0.389367 -0.921083 0
    outer loop
      vertex 126.373 54.0647 2
      vertex 126.241 54.0089 1.4
      vertex 126.373 54.0647 1.4
    endloop
  endfacet
  facet normal 0.284938 -0.958546 0
    outer loop
      vertex 126.095 53.9655 1.4
      vertex 126.241 54.0089 2
      vertex 126.095 53.9655 2
    endloop
  endfacet
  facet normal 0.284938 -0.958546 0
    outer loop
      vertex 126.241 54.0089 2
      vertex 126.095 53.9655 1.4
      vertex 126.241 54.0089 1.4
    endloop
  endfacet
  facet normal 0.191365 -0.981519 0
    outer loop
      vertex 125.936 53.9345 1.4
      vertex 126.095 53.9655 2
      vertex 125.936 53.9345 2
    endloop
  endfacet
  facet normal 0.191365 -0.981519 0
    outer loop
      vertex 126.095 53.9655 2
      vertex 125.936 53.9345 1.4
      vertex 126.095 53.9655 1.4
    endloop
  endfacet
  facet normal 0.107513 -0.994204 0
    outer loop
      vertex 125.764 53.9159 1.4
      vertex 125.936 53.9345 2
      vertex 125.764 53.9159 2
    endloop
  endfacet
  facet normal 0.107513 -0.994204 0
    outer loop
      vertex 125.936 53.9345 2
      vertex 125.764 53.9159 1.4
      vertex 125.936 53.9345 1.4
    endloop
  endfacet
  facet normal 0.0333148 -0.999445 0
    outer loop
      vertex 125.578 53.9097 1.4
      vertex 125.764 53.9159 2
      vertex 125.578 53.9097 2
    endloop
  endfacet
  facet normal 0.0333148 -0.999445 0
    outer loop
      vertex 125.764 53.9159 2
      vertex 125.578 53.9097 1.4
      vertex 125.764 53.9159 1.4
    endloop
  endfacet
  facet normal 0 -1 0
    outer loop
      vertex 123.484 53.9097 1.4
      vertex 125.578 53.9097 2
      vertex 123.484 53.9097 2
    endloop
  endfacet
  facet normal 0 -1 -0
    outer loop
      vertex 125.578 53.9097 2
      vertex 123.484 53.9097 1.4
      vertex 125.578 53.9097 1.4
    endloop
  endfacet
  facet normal -0.0955342 0.995426 0
    outer loop
      vertex 87.5995 49.8031 1.4
      vertex 87.3015 49.7745 2
      vertex 87.5995 49.8031 2
    endloop
  endfacet
  facet normal -0.0955342 0.995426 0
    outer loop
      vertex 87.3015 49.7745 2
      vertex 87.5995 49.8031 1.4
      vertex 87.3015 49.7745 1.4
    endloop
  endfacet
  facet normal -0.163121 0.986606 0
    outer loop
      vertex 87.8874 49.8507 1.4
      vertex 87.5995 49.8031 2
      vertex 87.8874 49.8507 2
    endloop
  endfacet
  facet normal -0.163121 0.986606 0
    outer loop
      vertex 87.5995 49.8031 2
      vertex 87.8874 49.8507 1.4
      vertex 87.5995 49.8031 1.4
    endloop
  endfacet
  facet normal -0.233466 0.972365 0
    outer loop
      vertex 88.1652 49.9174 1.4
      vertex 87.8874 49.8507 2
      vertex 88.1652 49.9174 2
    endloop
  endfacet
  facet normal -0.233466 0.972365 0
    outer loop
      vertex 87.8874 49.8507 2
      vertex 88.1652 49.9174 1.4
      vertex 87.8874 49.8507 1.4
    endloop
  endfacet
  facet normal -0.304789 0.95242 0
    outer loop
      vertex 88.433 50.0031 1.4
      vertex 88.1652 49.9174 2
      vertex 88.433 50.0031 2
    endloop
  endfacet
  facet normal -0.304789 0.95242 0
    outer loop
      vertex 88.1652 49.9174 2
      vertex 88.433 50.0031 1.4
      vertex 88.1652 49.9174 1.4
    endloop
  endfacet
  facet normal -0.376406 0.926455 0
    outer loop
      vertex 88.6907 50.1078 1.4
      vertex 88.433 50.0031 2
      vertex 88.6907 50.1078 2
    endloop
  endfacet
  facet normal -0.376406 0.926455 0
    outer loop
      vertex 88.433 50.0031 2
      vertex 88.6907 50.1078 1.4
      vertex 88.433 50.0031 1.4
    endloop
  endfacet
  facet normal -0.447214 0.894427 0
    outer loop
      vertex 88.9383 50.2316 1.4
      vertex 88.6907 50.1078 2
      vertex 88.9383 50.2316 2
    endloop
  endfacet
  facet normal -0.447214 0.894427 0
    outer loop
      vertex 88.6907 50.1078 2
      vertex 88.9383 50.2316 1.4
      vertex 88.6907 50.1078 1.4
    endloop
  endfacet
  facet normal -0.516854 0.856074 0
    outer loop
      vertex 89.173 50.3733 1.4
      vertex 88.9383 50.2316 2
      vertex 89.173 50.3733 2
    endloop
  endfacet
  facet normal -0.516854 0.856074 0
    outer loop
      vertex 88.9383 50.2316 2
      vertex 89.173 50.3733 1.4
      vertex 88.9383 50.2316 1.4
    endloop
  endfacet
  facet normal -0.586786 0.809742 0
    outer loop
      vertex 89.392 50.532 1.4
      vertex 89.173 50.3733 2
      vertex 89.392 50.532 2
    endloop
  endfacet
  facet normal -0.586786 0.809742 0
    outer loop
      vertex 89.173 50.3733 2
      vertex 89.392 50.532 1.4
      vertex 89.173 50.3733 1.4
    endloop
  endfacet
  facet normal -0.653881 0.756597 0
    outer loop
      vertex 89.5953 50.7077 1.4
      vertex 89.392 50.532 2
      vertex 89.5953 50.7077 2
    endloop
  endfacet
  facet normal -0.653881 0.756597 0
    outer loop
      vertex 89.392 50.532 2
      vertex 89.5953 50.7077 1.4
      vertex 89.392 50.532 1.4
    endloop
  endfacet
  facet normal -0.71653 0.697556 0
    outer loop
      vertex 89.5953 50.7077 1.4
      vertex 89.7828 50.9003 2
      vertex 89.7828 50.9003 1.4
    endloop
  endfacet
  facet normal -0.71653 0.697556 0
    outer loop
      vertex 89.7828 50.9003 2
      vertex 89.5953 50.7077 1.4
      vertex 89.5953 50.7077 2
    endloop
  endfacet
  facet normal -0.77325 0.634102 0
    outer loop
      vertex 89.7828 50.9003 1.4
      vertex 89.9546 51.1098 2
      vertex 89.9546 51.1098 1.4
    endloop
  endfacet
  facet normal -0.77325 0.634102 0
    outer loop
      vertex 89.9546 51.1098 2
      vertex 89.7828 50.9003 1.4
      vertex 89.7828 50.9003 2
    endloop
  endfacet
  facet normal -0.823394 0.56747 0
    outer loop
      vertex 89.9546 51.1098 1.4
      vertex 90.1107 51.3363 2
      vertex 90.1107 51.3363 1.4
    endloop
  endfacet
  facet normal -0.823394 0.56747 0
    outer loop
      vertex 90.1107 51.3363 2
      vertex 89.9546 51.1098 1.4
      vertex 89.9546 51.1098 2
    endloop
  endfacet
  facet normal -0.866221 0.499661 0
    outer loop
      vertex 90.1107 51.3363 1.4
      vertex 90.2511 51.5797 2
      vertex 90.2511 51.5797 1.4
    endloop
  endfacet
  facet normal -0.866221 0.499661 0
    outer loop
      vertex 90.2511 51.5797 2
      vertex 90.1107 51.3363 1.4
      vertex 90.1107 51.3363 2
    endloop
  endfacet
  facet normal -0.90253 0.430626 0
    outer loop
      vertex 90.2511 51.5797 1.4
      vertex 90.3742 51.8377 2
      vertex 90.3742 51.8377 1.4
    endloop
  endfacet
  facet normal -0.90253 0.430626 0
    outer loop
      vertex 90.3742 51.8377 2
      vertex 90.2511 51.5797 1.4
      vertex 90.2511 51.5797 2
    endloop
  endfacet
  facet normal -0.933185 0.359395 0
    outer loop
      vertex 90.3742 51.8377 1.4
      vertex 90.4783 52.108 2
      vertex 90.4783 52.108 1.4
    endloop
  endfacet
  facet normal -0.933185 0.359395 0
    outer loop
      vertex 90.4783 52.108 2
      vertex 90.3742 51.8377 1.4
      vertex 90.3742 51.8377 2
    endloop
  endfacet
  facet normal -0.957434 0.288653 0
    outer loop
      vertex 90.4783 52.108 1.4
      vertex 90.5635 52.3906 2
      vertex 90.5635 52.3906 1.4
    endloop
  endfacet
  facet normal -0.957434 0.288653 0
    outer loop
      vertex 90.5635 52.3906 2
      vertex 90.4783 52.108 1.4
      vertex 90.4783 52.108 2
    endloop
  endfacet
  facet normal -0.975647 0.219347 0
    outer loop
      vertex 90.5635 52.3906 1.4
      vertex 90.6298 52.6855 2
      vertex 90.6298 52.6855 1.4
    endloop
  endfacet
  facet normal -0.975647 0.219347 0
    outer loop
      vertex 90.6298 52.6855 2
      vertex 90.5635 52.3906 1.4
      vertex 90.5635 52.3906 2
    endloop
  endfacet
  facet normal -0.988353 0.152178 0
    outer loop
      vertex 90.6298 52.6855 1.4
      vertex 90.6771 52.9927 2
      vertex 90.6771 52.9927 1.4
    endloop
  endfacet
  facet normal -0.988353 0.152178 0
    outer loop
      vertex 90.6771 52.9927 2
      vertex 90.6298 52.6855 1.4
      vertex 90.6298 52.6855 2
    endloop
  endfacet
  facet normal -0.99607 0.0885673 0
    outer loop
      vertex 90.6771 52.9927 1.4
      vertex 90.7055 53.3121 2
      vertex 90.7055 53.3121 1.4
    endloop
  endfacet
  facet normal -0.99607 0.0885673 0
    outer loop
      vertex 90.7055 53.3121 2
      vertex 90.6771 52.9927 1.4
      vertex 90.6771 52.9927 2
    endloop
  endfacet
  facet normal -0.99959 0.02862 0
    outer loop
      vertex 90.7055 53.3121 1.4
      vertex 90.715 53.6439 2
      vertex 90.715 53.6439 1.4
    endloop
  endfacet
  facet normal -0.99959 0.02862 0
    outer loop
      vertex 90.715 53.6439 2
      vertex 90.7055 53.3121 1.4
      vertex 90.7055 53.3121 2
    endloop
  endfacet
  facet normal -0.999076 -0.0429881 0
    outer loop
      vertex 90.715 53.6439 1.4
      vertex 90.6934 54.1459 2
      vertex 90.6934 54.1459 1.4
    endloop
  endfacet
  facet normal -0.999076 -0.0429881 0
    outer loop
      vertex 90.6934 54.1459 2
      vertex 90.715 53.6439 1.4
      vertex 90.715 53.6439 2
    endloop
  endfacet
  facet normal -0.990534 -0.137268 0
    outer loop
      vertex 90.6934 54.1459 1.4
      vertex 90.6286 54.6135 2
      vertex 90.6286 54.6135 1.4
    endloop
  endfacet
  facet normal -0.990534 -0.137268 0
    outer loop
      vertex 90.6286 54.6135 2
      vertex 90.6934 54.1459 1.4
      vertex 90.6934 54.1459 2
    endloop
  endfacet
  facet normal -0.970353 -0.241692 0
    outer loop
      vertex 90.6286 54.6135 1.4
      vertex 90.5207 55.0467 2
      vertex 90.5207 55.0467 1.4
    endloop
  endfacet
  facet normal -0.970353 -0.241692 0
    outer loop
      vertex 90.5207 55.0467 2
      vertex 90.6286 54.6135 1.4
      vertex 90.6286 54.6135 2
    endloop
  endfacet
  facet normal -0.935022 -0.354591 0
    outer loop
      vertex 90.5207 55.0467 1.4
      vertex 90.3695 55.4454 2
      vertex 90.3695 55.4454 1.4
    endloop
  endfacet
  facet normal -0.935022 -0.354591 0
    outer loop
      vertex 90.3695 55.4454 2
      vertex 90.5207 55.0467 1.4
      vertex 90.5207 55.0467 2
    endloop
  endfacet
  facet normal -0.882346 -0.470601 0
    outer loop
      vertex 90.3695 55.4454 1.4
      vertex 90.1752 55.8097 2
      vertex 90.1752 55.8097 1.4
    endloop
  endfacet
  facet normal -0.882346 -0.470601 0
    outer loop
      vertex 90.1752 55.8097 2
      vertex 90.3695 55.4454 1.4
      vertex 90.3695 55.4454 2
    endloop
  endfacet
  facet normal -0.811567 -0.584259 0
    outer loop
      vertex 90.1752 55.8097 1.4
      vertex 89.9377 56.1396 2
      vertex 89.9377 56.1396 1.4
    endloop
  endfacet
  facet normal -0.811567 -0.584259 0
    outer loop
      vertex 89.9377 56.1396 2
      vertex 90.1752 55.8097 1.4
      vertex 90.1752 55.8097 2
    endloop
  endfacet
  facet normal -0.725036 -0.688711 0
    outer loop
      vertex 89.9377 56.1396 1.4
      vertex 89.6571 56.435 2
      vertex 89.6571 56.435 1.4
    endloop
  endfacet
  facet normal -0.725036 -0.688711 0
    outer loop
      vertex 89.6571 56.435 2
      vertex 89.9377 56.1396 1.4
      vertex 89.9377 56.1396 2
    endloop
  endfacet
  facet normal -0.628128 -0.77811 0
    outer loop
      vertex 89.337 56.6934 1.4
      vertex 89.6571 56.435 2
      vertex 89.337 56.6934 2
    endloop
  endfacet
  facet normal -0.628128 -0.77811 -0
    outer loop
      vertex 89.6571 56.435 2
      vertex 89.337 56.6934 1.4
      vertex 89.6571 56.435 1.4
    endloop
  endfacet
  facet normal -0.52359 -0.851971 0
    outer loop
      vertex 88.9813 56.912 1.4
      vertex 89.337 56.6934 2
      vertex 88.9813 56.912 2
    endloop
  endfacet
  facet normal -0.52359 -0.851971 -0
    outer loop
      vertex 89.337 56.6934 2
      vertex 88.9813 56.912 1.4
      vertex 89.337 56.6934 1.4
    endloop
  endfacet
  facet normal -0.41571 -0.909497 0
    outer loop
      vertex 88.5899 57.0909 1.4
      vertex 88.9813 56.912 2
      vertex 88.5899 57.0909 2
    endloop
  endfacet
  facet normal -0.41571 -0.909497 -0
    outer loop
      vertex 88.9813 56.912 2
      vertex 88.5899 57.0909 1.4
      vertex 88.9813 56.912 1.4
    endloop
  endfacet
  facet normal -0.309741 -0.950821 0
    outer loop
      vertex 88.1629 57.23 1.4
      vertex 88.5899 57.0909 2
      vertex 88.1629 57.23 2
    endloop
  endfacet
  facet normal -0.309741 -0.950821 -0
    outer loop
      vertex 88.5899 57.0909 2
      vertex 88.1629 57.23 1.4
      vertex 88.5899 57.0909 1.4
    endloop
  endfacet
  facet normal -0.209832 -0.977737 0
    outer loop
      vertex 87.7002 57.3293 1.4
      vertex 88.1629 57.23 2
      vertex 87.7002 57.3293 2
    endloop
  endfacet
  facet normal -0.209832 -0.977737 -0
    outer loop
      vertex 88.1629 57.23 2
      vertex 87.7002 57.3293 1.4
      vertex 88.1629 57.23 1.4
    endloop
  endfacet
  facet normal -0.118957 -0.992899 0
    outer loop
      vertex 87.2019 57.389 1.4
      vertex 87.7002 57.3293 2
      vertex 87.2019 57.389 2
    endloop
  endfacet
  facet normal -0.118957 -0.992899 -0
    outer loop
      vertex 87.7002 57.3293 2
      vertex 87.2019 57.389 1.4
      vertex 87.7002 57.3293 1.4
    endloop
  endfacet
  facet normal -0.0370532 -0.999313 0
    outer loop
      vertex 86.6679 57.4088 1.4
      vertex 87.2019 57.389 2
      vertex 86.6679 57.4088 2
    endloop
  endfacet
  facet normal -0.0370532 -0.999313 -0
    outer loop
      vertex 87.2019 57.389 2
      vertex 86.6679 57.4088 1.4
      vertex 87.2019 57.389 1.4
    endloop
  endfacet
  facet normal 0 -1 0
    outer loop
      vertex 83.9011 57.4088 1.4
      vertex 86.6679 57.4088 2
      vertex 83.9011 57.4088 2
    endloop
  endfacet
  facet normal 0 -1 -0
    outer loop
      vertex 86.6679 57.4088 2
      vertex 83.9011 57.4088 1.4
      vertex 86.6679 57.4088 1.4
    endloop
  endfacet
  facet normal 1 -0 0
    outer loop
      vertex 83.9011 49.765 2
      vertex 83.9011 57.4088 1.4
      vertex 83.9011 57.4088 2
    endloop
  endfacet
  facet normal 1 0 0
    outer loop
      vertex 83.9011 57.4088 1.4
      vertex 83.9011 49.765 2
      vertex 83.9011 49.765 1.4
    endloop
  endfacet
  facet normal 0 1 -0
    outer loop
      vertex 86.9934 49.765 1.4
      vertex 83.9011 49.765 2
      vertex 86.9934 49.765 2
    endloop
  endfacet
  facet normal 0 1 0
    outer loop
      vertex 83.9011 49.765 2
      vertex 86.9934 49.765 1.4
      vertex 83.9011 49.765 1.4
    endloop
  endfacet
  facet normal -0.0308195 0.999525 0
    outer loop
      vertex 87.3015 49.7745 1.4
      vertex 86.9934 49.765 2
      vertex 87.3015 49.7745 2
    endloop
  endfacet
  facet normal -0.0308195 0.999525 0
    outer loop
      vertex 86.9934 49.765 2
      vertex 87.3015 49.7745 1.4
      vertex 86.9934 49.765 1.4
    endloop
  endfacet
  facet normal -1 0 0
    outer loop
      vertex 85.5015 51.0019 1.4
      vertex 85.5015 56.172 2
      vertex 85.5015 56.172 1.4
    endloop
  endfacet
  facet normal -1 -0 0
    outer loop
      vertex 85.5015 56.172 2
      vertex 85.5015 51.0019 1.4
      vertex 85.5015 51.0019 2
    endloop
  endfacet
  facet normal 0 1 -0
    outer loop
      vertex 86.6354 56.172 1.4
      vertex 85.5015 56.172 2
      vertex 86.6354 56.172 2
    endloop
  endfacet
  facet normal 0 1 0
    outer loop
      vertex 85.5015 56.172 2
      vertex 86.6354 56.172 1.4
      vertex 85.5015 56.172 1.4
    endloop
  endfacet
  facet normal 0.0404785 0.99918 -0
    outer loop
      vertex 86.9637 56.1587 1.4
      vertex 86.6354 56.172 2
      vertex 86.9637 56.1587 2
    endloop
  endfacet
  facet normal 0.0404785 0.99918 0
    outer loop
      vertex 86.6354 56.172 2
      vertex 86.9637 56.1587 1.4
      vertex 86.6354 56.172 1.4
    endloop
  endfacet
  facet normal 0.128743 0.991678 -0
    outer loop
      vertex 87.2695 56.119 1.4
      vertex 86.9637 56.1587 2
      vertex 87.2695 56.119 2
    endloop
  endfacet
  facet normal 0.128743 0.991678 0
    outer loop
      vertex 86.9637 56.1587 2
      vertex 87.2695 56.119 1.4
      vertex 86.9637 56.1587 1.4
    endloop
  endfacet
  facet normal 0.226991 0.973897 -0
    outer loop
      vertex 87.5531 56.0529 1.4
      vertex 87.2695 56.119 2
      vertex 87.5531 56.0529 2
    endloop
  endfacet
  facet normal 0.226991 0.973897 0
    outer loop
      vertex 87.2695 56.119 2
      vertex 87.5531 56.0529 1.4
      vertex 87.2695 56.119 1.4
    endloop
  endfacet
  facet normal 0.334141 0.942523 -0
    outer loop
      vertex 87.8143 55.9603 1.4
      vertex 87.5531 56.0529 2
      vertex 87.8143 55.9603 2
    endloop
  endfacet
  facet normal 0.334141 0.942523 0
    outer loop
      vertex 87.5531 56.0529 2
      vertex 87.8143 55.9603 1.4
      vertex 87.5531 56.0529 1.4
    endloop
  endfacet
  facet normal 0.446314 0.894876 -0
    outer loop
      vertex 88.0531 55.8412 1.4
      vertex 87.8143 55.9603 2
      vertex 88.0531 55.8412 2
    endloop
  endfacet
  facet normal 0.446314 0.894876 0
    outer loop
      vertex 87.8143 55.9603 2
      vertex 88.0531 55.8412 1.4
      vertex 87.8143 55.9603 1.4
    endloop
  endfacet
  facet normal 0.558234 0.829683 -0
    outer loop
      vertex 88.2695 55.6956 1.4
      vertex 88.0531 55.8412 2
      vertex 88.2695 55.6956 2
    endloop
  endfacet
  facet normal 0.558234 0.829683 0
    outer loop
      vertex 88.0531 55.8412 2
      vertex 88.2695 55.6956 1.4
      vertex 88.0531 55.8412 1.4
    endloop
  endfacet
  facet normal 0.663214 0.74843 -0
    outer loop
      vertex 88.4636 55.5236 1.4
      vertex 88.2695 55.6956 2
      vertex 88.4636 55.5236 2
    endloop
  endfacet
  facet normal 0.663214 0.74843 0
    outer loop
      vertex 88.2695 55.6956 2
      vertex 88.4636 55.5236 1.4
      vertex 88.2695 55.6956 1.4
    endloop
  endfacet
  facet normal 0.757436 0.652909 0
    outer loop
      vertex 88.6335 55.3265 2
      vertex 88.4636 55.5236 1.4
      vertex 88.4636 55.5236 2
    endloop
  endfacet
  facet normal 0.757436 0.652909 0
    outer loop
      vertex 88.4636 55.5236 1.4
      vertex 88.6335 55.3265 2
      vertex 88.6335 55.3265 1.4
    endloop
  endfacet
  facet normal 0.838244 0.545295 0
    outer loop
      vertex 88.7772 55.1056 2
      vertex 88.6335 55.3265 1.4
      vertex 88.6335 55.3265 2
    endloop
  endfacet
  facet normal 0.838244 0.545295 0
    outer loop
      vertex 88.6335 55.3265 1.4
      vertex 88.7772 55.1056 2
      vertex 88.7772 55.1056 1.4
    endloop
  endfacet
  facet normal 0.901529 0.432719 0
    outer loop
      vertex 88.8947 54.8608 2
      vertex 88.7772 55.1056 1.4
      vertex 88.7772 55.1056 2
    endloop
  endfacet
  facet normal 0.901529 0.432719 0
    outer loop
      vertex 88.7772 55.1056 1.4
      vertex 88.8947 54.8608 2
      vertex 88.8947 54.8608 1.4
    endloop
  endfacet
  facet normal 0.946547 0.322566 0
    outer loop
      vertex 88.9862 54.5923 2
      vertex 88.8947 54.8608 1.4
      vertex 88.8947 54.8608 2
    endloop
  endfacet
  facet normal 0.946547 0.322566 0
    outer loop
      vertex 88.8947 54.8608 1.4
      vertex 88.9862 54.5923 2
      vertex 88.9862 54.5923 1.4
    endloop
  endfacet
  facet normal 0.975943 0.218026 0
    outer loop
      vertex 89.0515 54.3 2
      vertex 88.9862 54.5923 1.4
      vertex 88.9862 54.5923 2
    endloop
  endfacet
  facet normal 0.975943 0.218026 0
    outer loop
      vertex 88.9862 54.5923 1.4
      vertex 89.0515 54.3 2
      vertex 89.0515 54.3 1.4
    endloop
  endfacet
  facet normal 0.992403 0.12303 0
    outer loop
      vertex 89.0907 53.9838 2
      vertex 89.0515 54.3 1.4
      vertex 89.0515 54.3 2
    endloop
  endfacet
  facet normal 0.992403 0.12303 0
    outer loop
      vertex 89.0515 54.3 1.4
      vertex 89.0907 53.9838 2
      vertex 89.0907 53.9838 1.4
    endloop
  endfacet
  facet normal 0.999258 0.0385122 0
    outer loop
      vertex 89.1038 53.6439 2
      vertex 89.0907 53.9838 1.4
      vertex 89.0907 53.9838 2
    endloop
  endfacet
  facet normal 0.999258 0.0385122 0
    outer loop
      vertex 89.0907 53.9838 1.4
      vertex 89.1038 53.6439 2
      vertex 89.1038 53.6439 1.4
    endloop
  endfacet
  facet normal 0.999329 -0.0366185 0
    outer loop
      vertex 89.0914 53.3055 2
      vertex 89.1038 53.6439 1.4
      vertex 89.1038 53.6439 2
    endloop
  endfacet
  facet normal 0.999329 -0.0366185 0
    outer loop
      vertex 89.1038 53.6439 1.4
      vertex 89.0914 53.3055 2
      vertex 89.0914 53.3055 1.4
    endloop
  endfacet
  facet normal 0.993206 -0.116369 0
    outer loop
      vertex 89.0542 52.988 2
      vertex 89.0914 53.3055 1.4
      vertex 89.0914 53.3055 2
    endloop
  endfacet
  facet normal 0.993206 -0.116369 0
    outer loop
      vertex 89.0914 53.3055 1.4
      vertex 89.0542 52.988 2
      vertex 89.0542 52.988 1.4
    endloop
  endfacet
  facet normal 0.978857 -0.204547 0
    outer loop
      vertex 88.9922 52.6913 2
      vertex 89.0542 52.988 1.4
      vertex 89.0542 52.988 2
    endloop
  endfacet
  facet normal 0.978857 -0.204547 0
    outer loop
      vertex 89.0542 52.988 1.4
      vertex 88.9922 52.6913 2
      vertex 88.9922 52.6913 1.4
    endloop
  endfacet
  facet normal 0.953906 -0.300105 0
    outer loop
      vertex 88.9054 52.4154 2
      vertex 88.9922 52.6913 1.4
      vertex 88.9922 52.6913 2
    endloop
  endfacet
  facet normal 0.953906 -0.300105 0
    outer loop
      vertex 88.9922 52.6913 1.4
      vertex 88.9054 52.4154 2
      vertex 88.9054 52.4154 1.4
    endloop
  endfacet
  facet normal 0.916166 -0.4008 0
    outer loop
      vertex 88.7938 52.1603 2
      vertex 88.9054 52.4154 1.4
      vertex 88.9054 52.4154 2
    endloop
  endfacet
  facet normal 0.916166 -0.4008 0
    outer loop
      vertex 88.9054 52.4154 1.4
      vertex 88.7938 52.1603 2
      vertex 88.7938 52.1603 1.4
    endloop
  endfacet
  facet normal 0.86422 -0.503114 0
    outer loop
      vertex 88.6574 51.926 2
      vertex 88.7938 52.1603 1.4
      vertex 88.7938 52.1603 2
    endloop
  endfacet
  facet normal 0.86422 -0.503114 0
    outer loop
      vertex 88.7938 52.1603 1.4
      vertex 88.6574 51.926 2
      vertex 88.6574 51.926 1.4
    endloop
  endfacet
  facet normal 0.798067 -0.602569 0
    outer loop
      vertex 88.4962 51.7125 2
      vertex 88.6574 51.926 1.4
      vertex 88.6574 51.926 2
    endloop
  endfacet
  facet normal 0.798067 -0.602569 0
    outer loop
      vertex 88.6574 51.926 1.4
      vertex 88.4962 51.7125 2
      vertex 88.4962 51.7125 1.4
    endloop
  endfacet
  facet normal 0.71883 -0.695186 0
    outer loop
      vertex 88.3139 51.524 2
      vertex 88.4962 51.7125 1.4
      vertex 88.4962 51.7125 2
    endloop
  endfacet
  facet normal 0.71883 -0.695186 0
    outer loop
      vertex 88.4962 51.7125 1.4
      vertex 88.3139 51.524 2
      vertex 88.3139 51.524 1.4
    endloop
  endfacet
  facet normal 0.624456 -0.78106 0
    outer loop
      vertex 88.1144 51.3645 1.4
      vertex 88.3139 51.524 2
      vertex 88.1144 51.3645 2
    endloop
  endfacet
  facet normal 0.624456 -0.78106 0
    outer loop
      vertex 88.3139 51.524 2
      vertex 88.1144 51.3645 1.4
      vertex 88.3139 51.524 1.4
    endloop
  endfacet
  facet normal 0.516006 -0.856585 0
    outer loop
      vertex 87.8976 51.2339 1.4
      vertex 88.1144 51.3645 2
      vertex 87.8976 51.2339 2
    endloop
  endfacet
  facet normal 0.516006 -0.856585 0
    outer loop
      vertex 88.1144 51.3645 2
      vertex 87.8976 51.2339 1.4
      vertex 88.1144 51.3645 1.4
    endloop
  endfacet
  facet normal 0.397937 -0.917413 0
    outer loop
      vertex 87.6636 51.1324 1.4
      vertex 87.8976 51.2339 2
      vertex 87.6636 51.1324 2
    endloop
  endfacet
  facet normal 0.397937 -0.917413 0
    outer loop
      vertex 87.8976 51.2339 2
      vertex 87.6636 51.1324 1.4
      vertex 87.8976 51.2339 1.4
    endloop
  endfacet
  facet normal 0.277195 -0.960814 0
    outer loop
      vertex 87.4123 51.0599 1.4
      vertex 87.6636 51.1324 2
      vertex 87.4123 51.0599 2
    endloop
  endfacet
  facet normal 0.277195 -0.960814 0
    outer loop
      vertex 87.6636 51.1324 2
      vertex 87.4123 51.0599 1.4
      vertex 87.6636 51.1324 1.4
    endloop
  endfacet
  facet normal 0.159868 -0.987138 0
    outer loop
      vertex 87.1437 51.0164 1.4
      vertex 87.4123 51.0599 2
      vertex 87.1437 51.0164 2
    endloop
  endfacet
  facet normal 0.159868 -0.987138 0
    outer loop
      vertex 87.4123 51.0599 2
      vertex 87.1437 51.0164 1.4
      vertex 87.4123 51.0599 1.4
    endloop
  endfacet
  facet normal 0.0506519 -0.998716 0
    outer loop
      vertex 86.8578 51.0019 1.4
      vertex 87.1437 51.0164 2
      vertex 86.8578 51.0019 2
    endloop
  endfacet
  facet normal 0.0506519 -0.998716 0
    outer loop
      vertex 87.1437 51.0164 2
      vertex 86.8578 51.0019 1.4
      vertex 87.1437 51.0164 1.4
    endloop
  endfacet
  facet normal 0 -1 0
    outer loop
      vertex 85.5015 51.0019 1.4
      vertex 86.8578 51.0019 2
      vertex 85.5015 51.0019 2
    endloop
  endfacet
  facet normal 0 -1 -0
    outer loop
      vertex 86.8578 51.0019 2
      vertex 85.5015 51.0019 1.4
      vertex 86.8578 51.0019 1.4
    endloop
  endfacet
  facet normal 0 1 -0
    outer loop
      vertex 118.773 51.718 1.4
      vertex 115.86 51.718 2
      vertex 118.773 51.718 2
    endloop
  endfacet
  facet normal 0 1 0
    outer loop
      vertex 115.86 51.718 2
      vertex 118.773 51.718 1.4
      vertex 115.86 51.718 1.4
    endloop
  endfacet
  facet normal 0.944692 0.327958 0
    outer loop
      vertex 119.451 49.765 2
      vertex 118.773 51.718 1.4
      vertex 118.773 51.718 2
    endloop
  endfacet
  facet normal 0.944692 0.327958 0
    outer loop
      vertex 118.773 51.718 1.4
      vertex 119.451 49.765 2
      vertex 119.451 49.765 1.4
    endloop
  endfacet
  facet normal 0 1 -0
    outer loop
      vertex 121.035 49.765 1.4
      vertex 119.451 49.765 2
      vertex 121.035 49.765 2
    endloop
  endfacet
  facet normal 0 1 0
    outer loop
      vertex 119.451 49.765 2
      vertex 121.035 49.765 1.4
      vertex 119.451 49.765 1.4
    endloop
  endfacet
  facet normal -0.939895 -0.341465 0
    outer loop
      vertex 121.035 49.765 1.4
      vertex 118.258 57.4088 2
      vertex 118.258 57.4088 1.4
    endloop
  endfacet
  facet normal -0.939895 -0.341465 0
    outer loop
      vertex 118.258 57.4088 2
      vertex 121.035 49.765 1.4
      vertex 121.035 49.765 2
    endloop
  endfacet
  facet normal 0 -1 0
    outer loop
      vertex 116.37 57.4088 1.4
      vertex 118.258 57.4088 2
      vertex 116.37 57.4088 2
    endloop
  endfacet
  facet normal 0 -1 -0
    outer loop
      vertex 118.258 57.4088 2
      vertex 116.37 57.4088 1.4
      vertex 118.258 57.4088 1.4
    endloop
  endfacet
  facet normal 0.93942 -0.342767 0
    outer loop
      vertex 113.581 49.765 2
      vertex 116.37 57.4088 1.4
      vertex 116.37 57.4088 2
    endloop
  endfacet
  facet normal 0.93942 -0.342767 0
    outer loop
      vertex 116.37 57.4088 1.4
      vertex 113.581 49.765 2
      vertex 113.581 49.765 1.4
    endloop
  endfacet
  facet normal 0 1 -0
    outer loop
      vertex 115.182 49.765 1.4
      vertex 113.581 49.765 2
      vertex 115.182 49.765 2
    endloop
  endfacet
  facet normal 0 1 0
    outer loop
      vertex 113.581 49.765 2
      vertex 115.182 49.765 1.4
      vertex 113.581 49.765 1.4
    endloop
  endfacet
  facet normal -0.944692 0.327958 0
    outer loop
      vertex 115.182 49.765 1.4
      vertex 115.86 51.718 2
      vertex 115.86 51.718 1.4
    endloop
  endfacet
  facet normal -0.944692 0.327958 0
    outer loop
      vertex 115.86 51.718 2
      vertex 115.182 49.765 1.4
      vertex 115.182 49.765 2
    endloop
  endfacet
  facet normal -0.945824 0.32468 0
    outer loop
      vertex 116.218 52.9224 1.4
      vertex 116.447 53.5895 2
      vertex 116.447 53.5895 1.4
    endloop
  endfacet
  facet normal -0.945824 0.32468 0
    outer loop
      vertex 116.447 53.5895 2
      vertex 116.218 52.9224 1.4
      vertex 116.218 52.9224 2
    endloop
  endfacet
  facet normal -0.946104 0.323862 0
    outer loop
      vertex 116.447 53.5895 1.4
      vertex 116.644 54.165 2
      vertex 116.644 54.165 1.4
    endloop
  endfacet
  facet normal -0.946104 0.323862 0
    outer loop
      vertex 116.644 54.165 2
      vertex 116.447 53.5895 1.4
      vertex 116.447 53.5895 2
    endloop
  endfacet
  facet normal -0.946469 0.322793 0
    outer loop
      vertex 116.644 54.165 1.4
      vertex 116.809 54.6488 2
      vertex 116.809 54.6488 1.4
    endloop
  endfacet
  facet normal -0.946469 0.322793 0
    outer loop
      vertex 116.809 54.6488 2
      vertex 116.644 54.165 1.4
      vertex 116.644 54.165 2
    endloop
  endfacet
  facet normal -0.947029 0.321149 0
    outer loop
      vertex 116.809 54.6488 1.4
      vertex 116.942 55.041 2
      vertex 116.942 55.041 1.4
    endloop
  endfacet
  facet normal -0.947029 0.321149 0
    outer loop
      vertex 116.942 55.041 2
      vertex 116.809 54.6488 1.4
      vertex 116.809 54.6488 2
    endloop
  endfacet
  facet normal -0.946936 0.321422 0
    outer loop
      vertex 116.942 55.041 1.4
      vertex 117.044 55.3415 2
      vertex 117.044 55.3415 1.4
    endloop
  endfacet
  facet normal -0.946936 0.321422 0
    outer loop
      vertex 117.044 55.3415 2
      vertex 116.942 55.041 1.4
      vertex 116.942 55.041 2
    endloop
  endfacet
  facet normal -0.949499 0.313771 0
    outer loop
      vertex 117.044 55.3415 1.4
      vertex 117.113 55.5503 2
      vertex 117.113 55.5503 1.4
    endloop
  endfacet
  facet normal -0.949499 0.313771 0
    outer loop
      vertex 117.113 55.5503 2
      vertex 117.044 55.3415 1.4
      vertex 117.044 55.3415 2
    endloop
  endfacet
  facet normal -0.951171 0.308664 0
    outer loop
      vertex 117.113 55.5503 1.4
      vertex 117.151 55.6674 2
      vertex 117.151 55.6674 1.4
    endloop
  endfacet
  facet normal -0.951171 0.308664 0
    outer loop
      vertex 117.151 55.6674 2
      vertex 117.113 55.5503 1.4
      vertex 117.113 55.5503 2
    endloop
  endfacet
  facet normal -0.958051 0.286597 0
    outer loop
      vertex 117.151 55.6674 1.4
      vertex 117.172 55.7376 2
      vertex 117.172 55.7376 1.4
    endloop
  endfacet
  facet normal -0.958051 0.286597 0
    outer loop
      vertex 117.172 55.7376 2
      vertex 117.151 55.6674 1.4
      vertex 117.151 55.6674 2
    endloop
  endfacet
  facet normal -0.955475 0.295073 0
    outer loop
      vertex 117.172 55.7376 1.4
      vertex 117.193 55.8056 2
      vertex 117.193 55.8056 1.4
    endloop
  endfacet
  facet normal -0.955475 0.295073 0
    outer loop
      vertex 117.193 55.8056 2
      vertex 117.172 55.7376 1.4
      vertex 117.172 55.7376 2
    endloop
  endfacet
  facet normal -0.960636 0.27781 0
    outer loop
      vertex 117.193 55.8056 1.4
      vertex 117.212 55.8713 2
      vertex 117.212 55.8713 1.4
    endloop
  endfacet
  facet normal -0.960636 0.27781 0
    outer loop
      vertex 117.212 55.8713 2
      vertex 117.193 55.8056 1.4
      vertex 117.193 55.8056 2
    endloop
  endfacet
  facet normal -0.958157 0.286242 0
    outer loop
      vertex 117.212 55.8713 1.4
      vertex 117.231 55.9349 2
      vertex 117.231 55.9349 1.4
    endloop
  endfacet
  facet normal -0.958157 0.286242 0
    outer loop
      vertex 117.231 55.9349 2
      vertex 117.212 55.8713 1.4
      vertex 117.212 55.8713 2
    endloop
  endfacet
  facet normal -0.96363 0.267238 0
    outer loop
      vertex 117.231 55.9349 1.4
      vertex 117.248 55.9962 2
      vertex 117.248 55.9962 1.4
    endloop
  endfacet
  facet normal -0.96363 0.267238 0
    outer loop
      vertex 117.248 55.9962 2
      vertex 117.231 55.9349 1.4
      vertex 117.231 55.9349 2
    endloop
  endfacet
  facet normal -0.961032 0.276439 0
    outer loop
      vertex 117.248 55.9962 1.4
      vertex 117.265 56.0553 2
      vertex 117.265 56.0553 1.4
    endloop
  endfacet
  facet normal -0.961032 0.276439 0
    outer loop
      vertex 117.265 56.0553 2
      vertex 117.248 55.9962 1.4
      vertex 117.248 55.9962 2
    endloop
  endfacet
  facet normal -0.962788 0.270256 0
    outer loop
      vertex 117.265 56.0553 1.4
      vertex 117.281 56.1123 2
      vertex 117.281 56.1123 1.4
    endloop
  endfacet
  facet normal -0.962788 0.270256 0
    outer loop
      vertex 117.281 56.1123 2
      vertex 117.265 56.0553 1.4
      vertex 117.265 56.0553 2
    endloop
  endfacet
  facet normal -0.963807 0.266602 0
    outer loop
      vertex 117.281 56.1123 1.4
      vertex 117.314 56.2316 2
      vertex 117.314 56.2316 1.4
    endloop
  endfacet
  facet normal -0.963807 0.266602 0
    outer loop
      vertex 117.314 56.2316 2
      vertex 117.281 56.1123 1.4
      vertex 117.281 56.1123 2
    endloop
  endfacet
  facet normal 0.956637 0.291284 0
    outer loop
      vertex 117.428 55.8572 2
      vertex 117.314 56.2316 1.4
      vertex 117.314 56.2316 2
    endloop
  endfacet
  facet normal 0.956637 0.291284 0
    outer loop
      vertex 117.314 56.2316 1.4
      vertex 117.428 55.8572 2
      vertex 117.428 55.8572 1.4
    endloop
  endfacet
  facet normal 0.953567 0.301181 0
    outer loop
      vertex 117.661 55.1195 2
      vertex 117.428 55.8572 1.4
      vertex 117.428 55.8572 2
    endloop
  endfacet
  facet normal 0.953567 0.301181 0
    outer loop
      vertex 117.428 55.8572 1.4
      vertex 117.661 55.1195 2
      vertex 117.661 55.1195 1.4
    endloop
  endfacet
  facet normal 0.945852 0.324597 0
    outer loop
      vertex 118.415 52.9224 2
      vertex 117.661 55.1195 1.4
      vertex 117.661 55.1195 2
    endloop
  endfacet
  facet normal 0.945852 0.324597 0
    outer loop
      vertex 117.661 55.1195 1.4
      vertex 118.415 52.9224 2
      vertex 118.415 52.9224 1.4
    endloop
  endfacet
  facet normal 0 -1 0
    outer loop
      vertex 116.218 52.9224 1.4
      vertex 118.415 52.9224 2
      vertex 116.218 52.9224 2
    endloop
  endfacet
  facet normal 0 -1 -0
    outer loop
      vertex 118.415 52.9224 2
      vertex 116.218 52.9224 1.4
      vertex 118.415 52.9224 1.4
    endloop
  endfacet
  facet normal 0.500003 -0.866023 0
    outer loop
      vertex 6 13.7942 0
      vertex 10.5 16.3923 4.6
      vertex 6 13.7942 4.6
    endloop
  endfacet
  facet normal 0.500003 -0.866023 0
    outer loop
      vertex 10.5 16.3923 4.6
      vertex 6 13.7942 0
      vertex 10.5 16.3923 0
    endloop
  endfacet
  facet normal -0.500003 -0.866023 0
    outer loop
      vertex 10.5 16.3923 0
      vertex 15 13.7942 4.6
      vertex 10.5 16.3923 4.6
    endloop
  endfacet
  facet normal -0.500003 -0.866023 -0
    outer loop
      vertex 15 13.7942 4.6
      vertex 10.5 16.3923 0
      vertex 15 13.7942 0
    endloop
  endfacet
  facet normal 1 -0 0
    outer loop
      vertex 6 8.59808 4.6
      vertex 6 13.7942 0
      vertex 6 13.7942 4.6
    endloop
  endfacet
  facet normal 1 0 0
    outer loop
      vertex 6 13.7942 0
      vertex 6 8.59808 4.6
      vertex 6 8.59808 0
    endloop
  endfacet
  facet normal 0 0 -1
    outer loop
      vertex 10.5 6 4.6
      vertex 15 13.7942 4.6
      vertex 15 8.59808 4.6
    endloop
  endfacet
  facet normal 0 0 -1
    outer loop
      vertex 10.5 6 4.6
      vertex 10.5 16.3923 4.6
      vertex 15 13.7942 4.6
    endloop
  endfacet
  facet normal 0 0 -1
    outer loop
      vertex 6 8.59808 4.6
      vertex 10.5 16.3923 4.6
      vertex 10.5 6 4.6
    endloop
  endfacet
  facet normal 0 0 -1
    outer loop
      vertex 10.5 16.3923 4.6
      vertex 6 8.59808 4.6
      vertex 6 13.7942 4.6
    endloop
  endfacet
  facet normal -0.500001 0.866025 0
    outer loop
      vertex 15 8.59808 0
      vertex 10.5 6 4.6
      vertex 15 8.59808 4.6
    endloop
  endfacet
  facet normal -0.500001 0.866025 0
    outer loop
      vertex 10.5 6 4.6
      vertex 15 8.59808 0
      vertex 10.5 6 0
    endloop
  endfacet
  facet normal -1 0 0
    outer loop
      vertex 15 8.59808 0
      vertex 15 13.7942 4.6
      vertex 15 13.7942 0
    endloop
  endfacet
  facet normal -1 -0 0
    outer loop
      vertex 15 13.7942 4.6
      vertex 15 8.59808 0
      vertex 15 8.59808 4.6
    endloop
  endfacet
  facet normal 0.500001 0.866025 -0
    outer loop
      vertex 10.5 6 0
      vertex 6 8.59808 4.6
      vertex 10.5 6 4.6
    endloop
  endfacet
  facet normal 0.500001 0.866025 0
    outer loop
      vertex 6 8.59808 4.6
      vertex 10.5 6 0
      vertex 6 8.59808 0
    endloop
  endfacet
  facet normal 0.500003 -0.866023 0
    outer loop
      vertex 16.6 13.7942 0
      vertex 21.1 16.3923 4.6
      vertex 16.6 13.7942 4.6
    endloop
  endfacet
  facet normal 0.500003 -0.866023 0
    outer loop
      vertex 21.1 16.3923 4.6
      vertex 16.6 13.7942 0
      vertex 21.1 16.3923 0
    endloop
  endfacet
  facet normal -0.500003 -0.866023 0
    outer loop
      vertex 21.1 16.3923 0
      vertex 25.6 13.7942 4.6
      vertex 21.1 16.3923 4.6
    endloop
  endfacet
  facet normal -0.500003 -0.866023 -0
    outer loop
      vertex 25.6 13.7942 4.6
      vertex 21.1 16.3923 0
      vertex 25.6 13.7942 0
    endloop
  endfacet
  facet normal 1 -0 0
    outer loop
      vertex 16.6 8.59808 4.6
      vertex 16.6 13.7942 0
      vertex 16.6 13.7942 4.6
    endloop
  endfacet
  facet normal 1 0 0
    outer loop
      vertex 16.6 13.7942 0
      vertex 16.6 8.59808 4.6
      vertex 16.6 8.59808 0
    endloop
  endfacet
  facet normal 0 0 -1
    outer loop
      vertex 21.1 6 4.6
      vertex 25.6 13.7942 4.6
      vertex 25.6 8.59808 4.6
    endloop
  endfacet
  facet normal 0 0 -1
    outer loop
      vertex 21.1 6 4.6
      vertex 21.1 16.3923 4.6
      vertex 25.6 13.7942 4.6
    endloop
  endfacet
  facet normal 0 0 -1
    outer loop
      vertex 16.6 8.59808 4.6
      vertex 21.1 16.3923 4.6
      vertex 21.1 6 4.6
    endloop
  endfacet
  facet normal 0 0 -1
    outer loop
      vertex 21.1 16.3923 4.6
      vertex 16.6 8.59808 4.6
      vertex 16.6 13.7942 4.6
    endloop
  endfacet
  facet normal -0.500001 0.866025 0
    outer loop
      vertex 25.6 8.59808 0
      vertex 21.1 6 4.6
      vertex 25.6 8.59808 4.6
    endloop
  endfacet
  facet normal -0.500001 0.866025 0
    outer loop
      vertex 21.1 6 4.6
      vertex 25.6 8.59808 0
      vertex 21.1 6 0
    endloop
  endfacet
  facet normal -1 0 0
    outer loop
      vertex 25.6 8.59808 0
      vertex 25.6 13.7942 4.6
      vertex 25.6 13.7942 0
    endloop
  endfacet
  facet normal -1 -0 0
    outer loop
      vertex 25.6 13.7942 4.6
      vertex 25.6 8.59808 0
      vertex 25.6 8.59808 4.6
    endloop
  endfacet
  facet normal 0.500001 0.866025 -0
    outer loop
      vertex 21.1 6 0
      vertex 16.6 8.59808 4.6
      vertex 21.1 6 4.6
    endloop
  endfacet
  facet normal 0.500001 0.866025 0
    outer loop
      vertex 16.6 8.59808 4.6
      vertex 21.1 6 0
      vertex 16.6 8.59808 0
    endloop
  endfacet
  facet normal 0.500003 -0.866023 0
    outer loop
      vertex 27.2 13.7942 0
      vertex 31.7 16.3923 4.6
      vertex 27.2 13.7942 4.6
    endloop
  endfacet
  facet normal 0.500003 -0.866023 0
    outer loop
      vertex 31.7 16.3923 4.6
      vertex 27.2 13.7942 0
      vertex 31.7 16.3923 0
    endloop
  endfacet
  facet normal -0.500003 -0.866023 0
    outer loop
      vertex 31.7 16.3923 0
      vertex 36.2 13.7942 4.6
      vertex 31.7 16.3923 4.6
    endloop
  endfacet
  facet normal -0.500003 -0.866023 -0
    outer loop
      vertex 36.2 13.7942 4.6
      vertex 31.7 16.3923 0
      vertex 36.2 13.7942 0
    endloop
  endfacet
  facet normal 1 -0 0
    outer loop
      vertex 27.2 8.59808 4.6
      vertex 27.2 13.7942 0
      vertex 27.2 13.7942 4.6
    endloop
  endfacet
  facet normal 1 0 0
    outer loop
      vertex 27.2 13.7942 0
      vertex 27.2 8.59808 4.6
      vertex 27.2 8.59808 0
    endloop
  endfacet
  facet normal 0 0 -1
    outer loop
      vertex 31.7 6 4.6
      vertex 36.2 13.7942 4.6
      vertex 36.2 8.59808 4.6
    endloop
  endfacet
  facet normal 0 0 -1
    outer loop
      vertex 31.7 6 4.6
      vertex 31.7 16.3923 4.6
      vertex 36.2 13.7942 4.6
    endloop
  endfacet
  facet normal 0 0 -1
    outer loop
      vertex 27.2 8.59808 4.6
      vertex 31.7 16.3923 4.6
      vertex 31.7 6 4.6
    endloop
  endfacet
  facet normal 0 0 -1
    outer loop
      vertex 31.7 16.3923 4.6
      vertex 27.2 8.59808 4.6
      vertex 27.2 13.7942 4.6
    endloop
  endfacet
  facet normal -0.500001 0.866025 0
    outer loop
      vertex 36.2 8.59808 0
      vertex 31.7 6 4.6
      vertex 36.2 8.59808 4.6
    endloop
  endfacet
  facet normal -0.500001 0.866025 0
    outer loop
      vertex 31.7 6 4.6
      vertex 36.2 8.59808 0
      vertex 31.7 6 0
    endloop
  endfacet
  facet normal -1 0 0
    outer loop
      vertex 36.2 8.59808 0
      vertex 36.2 13.7942 4.6
      vertex 36.2 13.7942 0
    endloop
  endfacet
  facet normal -1 -0 0
    outer loop
      vertex 36.2 13.7942 4.6
      vertex 36.2 8.59808 0
      vertex 36.2 8.59808 4.6
    endloop
  endfacet
  facet normal 0.500001 0.866025 -0
    outer loop
      vertex 31.7 6 0
      vertex 27.2 8.59808 4.6
      vertex 31.7 6 4.6
    endloop
  endfacet
  facet normal 0.500001 0.866025 0
    outer loop
      vertex 27.2 8.59808 4.6
      vertex 31.7 6 0
      vertex 27.2 8.59808 0
    endloop
  endfacet
  facet normal 0.500003 -0.866023 0
    outer loop
      vertex 37.8 13.7942 0
      vertex 42.3 16.3923 4.6
      vertex 37.8 13.7942 4.6
    endloop
  endfacet
  facet normal 0.500003 -0.866023 0
    outer loop
      vertex 42.3 16.3923 4.6
      vertex 37.8 13.7942 0
      vertex 42.3 16.3923 0
    endloop
  endfacet
  facet normal -0.500003 -0.866023 0
    outer loop
      vertex 42.3 16.3923 0
      vertex 46.8 13.7942 4.6
      vertex 42.3 16.3923 4.6
    endloop
  endfacet
  facet normal -0.500003 -0.866023 -0
    outer loop
      vertex 46.8 13.7942 4.6
      vertex 42.3 16.3923 0
      vertex 46.8 13.7942 0
    endloop
  endfacet
  facet normal 1 -0 0
    outer loop
      vertex 37.8 8.59808 4.6
      vertex 37.8 13.7942 0
      vertex 37.8 13.7942 4.6
    endloop
  endfacet
  facet normal 1 0 0
    outer loop
      vertex 37.8 13.7942 0
      vertex 37.8 8.59808 4.6
      vertex 37.8 8.59808 0
    endloop
  endfacet
  facet normal 0 0 -1
    outer loop
      vertex 42.3 6 4.6
      vertex 46.8 13.7942 4.6
      vertex 46.8 8.59808 4.6
    endloop
  endfacet
  facet normal 0 0 -1
    outer loop
      vertex 42.3 6 4.6
      vertex 42.3 16.3923 4.6
      vertex 46.8 13.7942 4.6
    endloop
  endfacet
  facet normal 0 0 -1
    outer loop
      vertex 37.8 8.59808 4.6
      vertex 42.3 16.3923 4.6
      vertex 42.3 6 4.6
    endloop
  endfacet
  facet normal 0 0 -1
    outer loop
      vertex 42.3 16.3923 4.6
      vertex 37.8 8.59808 4.6
      vertex 37.8 13.7942 4.6
    endloop
  endfacet
  facet normal -0.500001 0.866025 0
    outer loop
      vertex 46.8 8.59808 0
      vertex 42.3 6 4.6
      vertex 46.8 8.59808 4.6
    endloop
  endfacet
  facet normal -0.500001 0.866025 0
    outer loop
      vertex 42.3 6 4.6
      vertex 46.8 8.59808 0
      vertex 42.3 6 0
    endloop
  endfacet
  facet normal -1 0 0
    outer loop
      vertex 46.8 8.59808 0
      vertex 46.8 13.7942 4.6
      vertex 46.8 13.7942 0
    endloop
  endfacet
  facet normal -1 -0 0
    outer loop
      vertex 46.8 13.7942 4.6
      vertex 46.8 8.59808 0
      vertex 46.8 8.59808 4.6
    endloop
  endfacet
  facet normal 0.500001 0.866025 -0
    outer loop
      vertex 42.3 6 0
      vertex 37.8 8.59808 4.6
      vertex 42.3 6 4.6
    endloop
  endfacet
  facet normal 0.500001 0.866025 0
    outer loop
      vertex 37.8 8.59808 4.6
      vertex 42.3 6 0
      vertex 37.8 8.59808 0
    endloop
  endfacet
  facet normal 0.500003 -0.866023 0
    outer loop
      vertex 48.4 13.7942 0
      vertex 52.9 16.3923 4.6
      vertex 48.4 13.7942 4.6
    endloop
  endfacet
  facet normal 0.500003 -0.866023 0
    outer loop
      vertex 52.9 16.3923 4.6
      vertex 48.4 13.7942 0
      vertex 52.9 16.3923 0
    endloop
  endfacet
  facet normal -0.500003 -0.866023 0
    outer loop
      vertex 52.9 16.3923 0
      vertex 57.4 13.7942 4.6
      vertex 52.9 16.3923 4.6
    endloop
  endfacet
  facet normal -0.500003 -0.866023 -0
    outer loop
      vertex 57.4 13.7942 4.6
      vertex 52.9 16.3923 0
      vertex 57.4 13.7942 0
    endloop
  endfacet
  facet normal 1 -0 0
    outer loop
      vertex 48.4 8.59808 4.6
      vertex 48.4 13.7942 0
      vertex 48.4 13.7942 4.6
    endloop
  endfacet
  facet normal 1 0 0
    outer loop
      vertex 48.4 13.7942 0
      vertex 48.4 8.59808 4.6
      vertex 48.4 8.59808 0
    endloop
  endfacet
  facet normal 0 0 -1
    outer loop
      vertex 52.9 6 4.6
      vertex 57.4 13.7942 4.6
      vertex 57.4 8.59808 4.6
    endloop
  endfacet
  facet normal 0 0 -1
    outer loop
      vertex 52.9 6 4.6
      vertex 52.9 16.3923 4.6
      vertex 57.4 13.7942 4.6
    endloop
  endfacet
  facet normal 0 0 -1
    outer loop
      vertex 48.4 8.59808 4.6
      vertex 52.9 16.3923 4.6
      vertex 52.9 6 4.6
    endloop
  endfacet
  facet normal 0 0 -1
    outer loop
      vertex 52.9 16.3923 4.6
      vertex 48.4 8.59808 4.6
      vertex 48.4 13.7942 4.6
    endloop
  endfacet
  facet normal -0.500001 0.866025 0
    outer loop
      vertex 57.4 8.59808 0
      vertex 52.9 6 4.6
      vertex 57.4 8.59808 4.6
    endloop
  endfacet
  facet normal -0.500001 0.866025 0
    outer loop
      vertex 52.9 6 4.6
      vertex 57.4 8.59808 0
      vertex 52.9 6 0
    endloop
  endfacet
  facet normal -1 0 0
    outer loop
      vertex 57.4 8.59808 0
      vertex 57.4 13.7942 4.6
      vertex 57.4 13.7942 0
    endloop
  endfacet
  facet normal -1 -0 0
    outer loop
      vertex 57.4 13.7942 4.6
      vertex 57.4 8.59808 0
      vertex 57.4 8.59808 4.6
    endloop
  endfacet
  facet normal 0.500001 0.866025 -0
    outer loop
      vertex 52.9 6 0
      vertex 48.4 8.59808 4.6
      vertex 52.9 6 4.6
    endloop
  endfacet
  facet normal 0.500001 0.866025 0
    outer loop
      vertex 48.4 8.59808 4.6
      vertex 52.9 6 0
      vertex 48.4 8.59808 0
    endloop
  endfacet
  facet normal 0.500003 -0.866023 0
    outer loop
      vertex 59 13.7942 0
      vertex 63.5 16.3923 4.6
      vertex 59 13.7942 4.6
    endloop
  endfacet
  facet normal 0.500003 -0.866023 0
    outer loop
      vertex 63.5 16.3923 4.6
      vertex 59 13.7942 0
      vertex 63.5 16.3923 0
    endloop
  endfacet
  facet normal -0.500003 -0.866023 0
    outer loop
      vertex 63.5 16.3923 0
      vertex 68 13.7942 4.6
      vertex 63.5 16.3923 4.6
    endloop
  endfacet
  facet normal -0.500003 -0.866023 -0
    outer loop
      vertex 68 13.7942 4.6
      vertex 63.5 16.3923 0
      vertex 68 13.7942 0
    endloop
  endfacet
  facet normal 1 -0 0
    outer loop
      vertex 59 8.59808 4.6
      vertex 59 13.7942 0
      vertex 59 13.7942 4.6
    endloop
  endfacet
  facet normal 1 0 0
    outer loop
      vertex 59 13.7942 0
      vertex 59 8.59808 4.6
      vertex 59 8.59808 0
    endloop
  endfacet
  facet normal 0 0 -1
    outer loop
      vertex 63.5 6 4.6
      vertex 68 13.7942 4.6
      vertex 68 8.59808 4.6
    endloop
  endfacet
  facet normal 0 0 -1
    outer loop
      vertex 63.5 6 4.6
      vertex 63.5 16.3923 4.6
      vertex 68 13.7942 4.6
    endloop
  endfacet
  facet normal 0 0 -1
    outer loop
      vertex 59 8.59808 4.6
      vertex 63.5 16.3923 4.6
      vertex 63.5 6 4.6
    endloop
  endfacet
  facet normal 0 0 -1
    outer loop
      vertex 63.5 16.3923 4.6
      vertex 59 8.59808 4.6
      vertex 59 13.7942 4.6
    endloop
  endfacet
  facet normal -0.500001 0.866025 0
    outer loop
      vertex 68 8.59808 0
      vertex 63.5 6 4.6
      vertex 68 8.59808 4.6
    endloop
  endfacet
  facet normal -0.500001 0.866025 0
    outer loop
      vertex 63.5 6 4.6
      vertex 68 8.59808 0
      vertex 63.5 6 0
    endloop
  endfacet
  facet normal -1 0 0
    outer loop
      vertex 68 8.59808 0
      vertex 68 13.7942 4.6
      vertex 68 13.7942 0
    endloop
  endfacet
  facet normal -1 -0 0
    outer loop
      vertex 68 13.7942 4.6
      vertex 68 8.59808 0
      vertex 68 8.59808 4.6
    endloop
  endfacet
  facet normal 0.500001 0.866025 -0
    outer loop
      vertex 63.5 6 0
      vertex 59 8.59808 4.6
      vertex 63.5 6 4.6
    endloop
  endfacet
  facet normal 0.500001 0.866025 0
    outer loop
      vertex 59 8.59808 4.6
      vertex 63.5 6 0
      vertex 59 8.59808 0
    endloop
  endfacet
  facet normal 0.500003 -0.866023 0
    outer loop
      vertex 11.3 22.9741 0
      vertex 15.8 25.5722 4.6
      vertex 11.3 22.9741 4.6
    endloop
  endfacet
  facet normal 0.500003 -0.866023 0
    outer loop
      vertex 15.8 25.5722 4.6
      vertex 11.3 22.9741 0
      vertex 15.8 25.5722 0
    endloop
  endfacet
  facet normal -0.500003 -0.866023 0
    outer loop
      vertex 15.8 25.5722 0
      vertex 20.3 22.9741 4.6
      vertex 15.8 25.5722 4.6
    endloop
  endfacet
  facet normal -0.500003 -0.866023 -0
    outer loop
      vertex 20.3 22.9741 4.6
      vertex 15.8 25.5722 0
      vertex 20.3 22.9741 0
    endloop
  endfacet
  facet normal 1 -0 0
    outer loop
      vertex 11.3 17.7779 4.6
      vertex 11.3 22.9741 0
      vertex 11.3 22.9741 4.6
    endloop
  endfacet
  facet normal 1 0 0
    outer loop
      vertex 11.3 22.9741 0
      vertex 11.3 17.7779 4.6
      vertex 11.3 17.7779 0
    endloop
  endfacet
  facet normal 0 0 -1
    outer loop
      vertex 15.8 15.1799 4.6
      vertex 20.3 22.9741 4.6
      vertex 20.3 17.7779 4.6
    endloop
  endfacet
  facet normal 0 0 -1
    outer loop
      vertex 15.8 15.1799 4.6
      vertex 15.8 25.5722 4.6
      vertex 20.3 22.9741 4.6
    endloop
  endfacet
  facet normal 0 0 -1
    outer loop
      vertex 11.3 17.7779 4.6
      vertex 15.8 25.5722 4.6
      vertex 15.8 15.1799 4.6
    endloop
  endfacet
  facet normal 0 0 -1
    outer loop
      vertex 15.8 25.5722 4.6
      vertex 11.3 17.7779 4.6
      vertex 11.3 22.9741 4.6
    endloop
  endfacet
  facet normal -0.499989 0.866032 0
    outer loop
      vertex 20.3 17.7779 0
      vertex 15.8 15.1799 4.6
      vertex 20.3 17.7779 4.6
    endloop
  endfacet
  facet normal -0.499989 0.866032 0
    outer loop
      vertex 15.8 15.1799 4.6
      vertex 20.3 17.7779 0
      vertex 15.8 15.1799 0
    endloop
  endfacet
  facet normal -1 0 0
    outer loop
      vertex 20.3 17.7779 0
      vertex 20.3 22.9741 4.6
      vertex 20.3 22.9741 0
    endloop
  endfacet
  facet normal -1 -0 0
    outer loop
      vertex 20.3 22.9741 4.6
      vertex 20.3 17.7779 0
      vertex 20.3 17.7779 4.6
    endloop
  endfacet
  facet normal 0.499989 0.866032 -0
    outer loop
      vertex 15.8 15.1799 0
      vertex 11.3 17.7779 4.6
      vertex 15.8 15.1799 4.6
    endloop
  endfacet
  facet normal 0.499989 0.866032 0
    outer loop
      vertex 11.3 17.7779 4.6
      vertex 15.8 15.1799 0
      vertex 11.3 17.7779 0
    endloop
  endfacet
  facet normal 0.500003 -0.866023 0
    outer loop
      vertex 21.9 22.9741 0
      vertex 26.4 25.5722 4.6
      vertex 21.9 22.9741 4.6
    endloop
  endfacet
  facet normal 0.500003 -0.866023 0
    outer loop
      vertex 26.4 25.5722 4.6
      vertex 21.9 22.9741 0
      vertex 26.4 25.5722 0
    endloop
  endfacet
  facet normal -0.500003 -0.866023 0
    outer loop
      vertex 26.4 25.5722 0
      vertex 30.9 22.9741 4.6
      vertex 26.4 25.5722 4.6
    endloop
  endfacet
  facet normal -0.500003 -0.866023 -0
    outer loop
      vertex 30.9 22.9741 4.6
      vertex 26.4 25.5722 0
      vertex 30.9 22.9741 0
    endloop
  endfacet
  facet normal 1 -0 0
    outer loop
      vertex 21.9 17.7779 4.6
      vertex 21.9 22.9741 0
      vertex 21.9 22.9741 4.6
    endloop
  endfacet
  facet normal 1 0 0
    outer loop
      vertex 21.9 22.9741 0
      vertex 21.9 17.7779 4.6
      vertex 21.9 17.7779 0
    endloop
  endfacet
  facet normal 0 0 -1
    outer loop
      vertex 26.4 15.1799 4.6
      vertex 30.9 22.9741 4.6
      vertex 30.9 17.7779 4.6
    endloop
  endfacet
  facet normal 0 0 -1
    outer loop
      vertex 26.4 15.1799 4.6
      vertex 26.4 25.5722 4.6
      vertex 30.9 22.9741 4.6
    endloop
  endfacet
  facet normal 0 0 -1
    outer loop
      vertex 21.9 17.7779 4.6
      vertex 26.4 25.5722 4.6
      vertex 26.4 15.1799 4.6
    endloop
  endfacet
  facet normal 0 0 -1
    outer loop
      vertex 26.4 25.5722 4.6
      vertex 21.9 17.7779 4.6
      vertex 21.9 22.9741 4.6
    endloop
  endfacet
  facet normal -0.499989 0.866032 0
    outer loop
      vertex 30.9 17.7779 0
      vertex 26.4 15.1799 4.6
      vertex 30.9 17.7779 4.6
    endloop
  endfacet
  facet normal -0.499989 0.866032 0
    outer loop
      vertex 26.4 15.1799 4.6
      vertex 30.9 17.7779 0
      vertex 26.4 15.1799 0
    endloop
  endfacet
  facet normal -1 0 0
    outer loop
      vertex 30.9 17.7779 0
      vertex 30.9 22.9741 4.6
      vertex 30.9 22.9741 0
    endloop
  endfacet
  facet normal -1 -0 0
    outer loop
      vertex 30.9 22.9741 4.6
      vertex 30.9 17.7779 0
      vertex 30.9 17.7779 4.6
    endloop
  endfacet
  facet normal 0.499989 0.866032 -0
    outer loop
      vertex 26.4 15.1799 0
      vertex 21.9 17.7779 4.6
      vertex 26.4 15.1799 4.6
    endloop
  endfacet
  facet normal 0.499989 0.866032 0
    outer loop
      vertex 21.9 17.7779 4.6
      vertex 26.4 15.1799 0
      vertex 21.9 17.7779 0
    endloop
  endfacet
  facet normal 0.500003 -0.866023 0
    outer loop
      vertex 32.5 22.9741 0
      vertex 37 25.5722 4.6
      vertex 32.5 22.9741 4.6
    endloop
  endfacet
  facet normal 0.500003 -0.866023 0
    outer loop
      vertex 37 25.5722 4.6
      vertex 32.5 22.9741 0
      vertex 37 25.5722 0
    endloop
  endfacet
  facet normal -0.500003 -0.866023 0
    outer loop
      vertex 37 25.5722 0
      vertex 41.5 22.9741 4.6
      vertex 37 25.5722 4.6
    endloop
  endfacet
  facet normal -0.500003 -0.866023 -0
    outer loop
      vertex 41.5 22.9741 4.6
      vertex 37 25.5722 0
      vertex 41.5 22.9741 0
    endloop
  endfacet
  facet normal 1 -0 0
    outer loop
      vertex 32.5 17.7779 4.6
      vertex 32.5 22.9741 0
      vertex 32.5 22.9741 4.6
    endloop
  endfacet
  facet normal 1 0 0
    outer loop
      vertex 32.5 22.9741 0
      vertex 32.5 17.7779 4.6
      vertex 32.5 17.7779 0
    endloop
  endfacet
  facet normal 0 0 -1
    outer loop
      vertex 37 15.1799 4.6
      vertex 41.5 22.9741 4.6
      vertex 41.5 17.7779 4.6
    endloop
  endfacet
  facet normal 0 0 -1
    outer loop
      vertex 37 15.1799 4.6
      vertex 37 25.5722 4.6
      vertex 41.5 22.9741 4.6
    endloop
  endfacet
  facet normal 0 0 -1
    outer loop
      vertex 32.5 17.7779 4.6
      vertex 37 25.5722 4.6
      vertex 37 15.1799 4.6
    endloop
  endfacet
  facet normal 0 0 -1
    outer loop
      vertex 37 25.5722 4.6
      vertex 32.5 17.7779 4.6
      vertex 32.5 22.9741 4.6
    endloop
  endfacet
  facet normal -0.499989 0.866032 0
    outer loop
      vertex 41.5 17.7779 0
      vertex 37 15.1799 4.6
      vertex 41.5 17.7779 4.6
    endloop
  endfacet
  facet normal -0.499989 0.866032 0
    outer loop
      vertex 37 15.1799 4.6
      vertex 41.5 17.7779 0
      vertex 37 15.1799 0
    endloop
  endfacet
  facet normal -1 0 0
    outer loop
      vertex 41.5 17.7779 0
      vertex 41.5 22.9741 4.6
      vertex 41.5 22.9741 0
    endloop
  endfacet
  facet normal -1 -0 0
    outer loop
      vertex 41.5 22.9741 4.6
      vertex 41.5 17.7779 0
      vertex 41.5 17.7779 4.6
    endloop
  endfacet
  facet normal 0.499989 0.866032 -0
    outer loop
      vertex 37 15.1799 0
      vertex 32.5 17.7779 4.6
      vertex 37 15.1799 4.6
    endloop
  endfacet
  facet normal 0.499989 0.866032 0
    outer loop
      vertex 32.5 17.7779 4.6
      vertex 37 15.1799 0
      vertex 32.5 17.7779 0
    endloop
  endfacet
  facet normal 0.500003 -0.866023 0
    outer loop
      vertex 43.1 22.9741 0
      vertex 47.6 25.5722 4.6
      vertex 43.1 22.9741 4.6
    endloop
  endfacet
  facet normal 0.500003 -0.866023 0
    outer loop
      vertex 47.6 25.5722 4.6
      vertex 43.1 22.9741 0
      vertex 47.6 25.5722 0
    endloop
  endfacet
  facet normal -0.500003 -0.866023 0
    outer loop
      vertex 47.6 25.5722 0
      vertex 52.1 22.9741 4.6
      vertex 47.6 25.5722 4.6
    endloop
  endfacet
  facet normal -0.500003 -0.866023 -0
    outer loop
      vertex 52.1 22.9741 4.6
      vertex 47.6 25.5722 0
      vertex 52.1 22.9741 0
    endloop
  endfacet
  facet normal 1 -0 0
    outer loop
      vertex 43.1 17.7779 4.6
      vertex 43.1 22.9741 0
      vertex 43.1 22.9741 4.6
    endloop
  endfacet
  facet normal 1 0 0
    outer loop
      vertex 43.1 22.9741 0
      vertex 43.1 17.7779 4.6
      vertex 43.1 17.7779 0
    endloop
  endfacet
  facet normal 0 0 -1
    outer loop
      vertex 47.6 15.1799 4.6
      vertex 52.1 22.9741 4.6
      vertex 52.1 17.7779 4.6
    endloop
  endfacet
  facet normal 0 0 -1
    outer loop
      vertex 47.6 15.1799 4.6
      vertex 47.6 25.5722 4.6
      vertex 52.1 22.9741 4.6
    endloop
  endfacet
  facet normal 0 0 -1
    outer loop
      vertex 43.1 17.7779 4.6
      vertex 47.6 25.5722 4.6
      vertex 47.6 15.1799 4.6
    endloop
  endfacet
  facet normal 0 0 -1
    outer loop
      vertex 47.6 25.5722 4.6
      vertex 43.1 17.7779 4.6
      vertex 43.1 22.9741 4.6
    endloop
  endfacet
  facet normal -0.499989 0.866032 0
    outer loop
      vertex 52.1 17.7779 0
      vertex 47.6 15.1799 4.6
      vertex 52.1 17.7779 4.6
    endloop
  endfacet
  facet normal -0.499989 0.866032 0
    outer loop
      vertex 47.6 15.1799 4.6
      vertex 52.1 17.7779 0
      vertex 47.6 15.1799 0
    endloop
  endfacet
  facet normal -1 0 0
    outer loop
      vertex 52.1 17.7779 0
      vertex 52.1 22.9741 4.6
      vertex 52.1 22.9741 0
    endloop
  endfacet
  facet normal -1 -0 0
    outer loop
      vertex 52.1 22.9741 4.6
      vertex 52.1 17.7779 0
      vertex 52.1 17.7779 4.6
    endloop
  endfacet
  facet normal 0.499989 0.866032 -0
    outer loop
      vertex 47.6 15.1799 0
      vertex 43.1 17.7779 4.6
      vertex 47.6 15.1799 4.6
    endloop
  endfacet
  facet normal 0.499989 0.866032 0
    outer loop
      vertex 43.1 17.7779 4.6
      vertex 47.6 15.1799 0
      vertex 43.1 17.7779 0
    endloop
  endfacet
  facet normal 0.500003 -0.866023 0
    outer loop
      vertex 53.7 22.9741 0
      vertex 58.2 25.5722 4.6
      vertex 53.7 22.9741 4.6
    endloop
  endfacet
  facet normal 0.500003 -0.866023 0
    outer loop
      vertex 58.2 25.5722 4.6
      vertex 53.7 22.9741 0
      vertex 58.2 25.5722 0
    endloop
  endfacet
  facet normal -0.500003 -0.866023 0
    outer loop
      vertex 58.2 25.5722 0
      vertex 62.7 22.9741 4.6
      vertex 58.2 25.5722 4.6
    endloop
  endfacet
  facet normal -0.500003 -0.866023 -0
    outer loop
      vertex 62.7 22.9741 4.6
      vertex 58.2 25.5722 0
      vertex 62.7 22.9741 0
    endloop
  endfacet
  facet normal 1 -0 0
    outer loop
      vertex 53.7 17.7779 4.6
      vertex 53.7 22.9741 0
      vertex 53.7 22.9741 4.6
    endloop
  endfacet
  facet normal 1 0 0
    outer loop
      vertex 53.7 22.9741 0
      vertex 53.7 17.7779 4.6
      vertex 53.7 17.7779 0
    endloop
  endfacet
  facet normal 0 0 -1
    outer loop
      vertex 58.2 15.1799 4.6
      vertex 62.7 22.9741 4.6
      vertex 62.7 17.7779 4.6
    endloop
  endfacet
  facet normal 0 0 -1
    outer loop
      vertex 58.2 15.1799 4.6
      vertex 58.2 25.5722 4.6
      vertex 62.7 22.9741 4.6
    endloop
  endfacet
  facet normal 0 0 -1
    outer loop
      vertex 53.7 17.7779 4.6
      vertex 58.2 25.5722 4.6
      vertex 58.2 15.1799 4.6
    endloop
  endfacet
  facet normal 0 0 -1
    outer loop
      vertex 58.2 25.5722 4.6
      vertex 53.7 17.7779 4.6
      vertex 53.7 22.9741 4.6
    endloop
  endfacet
  facet normal -0.499989 0.866032 0
    outer loop
      vertex 62.7 17.7779 0
      vertex 58.2 15.1799 4.6
      vertex 62.7 17.7779 4.6
    endloop
  endfacet
  facet normal -0.499989 0.866032 0
    outer loop
      vertex 58.2 15.1799 4.6
      vertex 62.7 17.7779 0
      vertex 58.2 15.1799 0
    endloop
  endfacet
  facet normal -1 0 0
    outer loop
      vertex 62.7 17.7779 0
      vertex 62.7 22.9741 4.6
      vertex 62.7 22.9741 0
    endloop
  endfacet
  facet normal -1 -0 0
    outer loop
      vertex 62.7 22.9741 4.6
      vertex 62.7 17.7779 0
      vertex 62.7 17.7779 4.6
    endloop
  endfacet
  facet normal 0.499989 0.866032 -0
    outer loop
      vertex 58.2 15.1799 0
      vertex 53.7 17.7779 4.6
      vertex 58.2 15.1799 4.6
    endloop
  endfacet
  facet normal 0.499989 0.866032 0
    outer loop
      vertex 53.7 17.7779 4.6
      vertex 58.2 15.1799 0
      vertex 53.7 17.7779 0
    endloop
  endfacet
  facet normal 0.500003 -0.866023 0
    outer loop
      vertex 64.3 22.9741 0
      vertex 68.8 25.5722 4.6
      vertex 64.3 22.9741 4.6
    endloop
  endfacet
  facet normal 0.500003 -0.866023 0
    outer loop
      vertex 68.8 25.5722 4.6
      vertex 64.3 22.9741 0
      vertex 68.8 25.5722 0
    endloop
  endfacet
  facet normal -0.500003 -0.866023 0
    outer loop
      vertex 68.8 25.5722 0
      vertex 73.3 22.9741 4.6
      vertex 68.8 25.5722 4.6
    endloop
  endfacet
  facet normal -0.500003 -0.866023 -0
    outer loop
      vertex 73.3 22.9741 4.6
      vertex 68.8 25.5722 0
      vertex 73.3 22.9741 0
    endloop
  endfacet
  facet normal 1 -0 0
    outer loop
      vertex 64.3 17.7779 4.6
      vertex 64.3 22.9741 0
      vertex 64.3 22.9741 4.6
    endloop
  endfacet
  facet normal 1 0 0
    outer loop
      vertex 64.3 22.9741 0
      vertex 64.3 17.7779 4.6
      vertex 64.3 17.7779 0
    endloop
  endfacet
  facet normal 0 0 -1
    outer loop
      vertex 68.8 15.1799 4.6
      vertex 73.3 22.9741 4.6
      vertex 73.3 17.7779 4.6
    endloop
  endfacet
  facet normal 0 0 -1
    outer loop
      vertex 68.8 15.1799 4.6
      vertex 68.8 25.5722 4.6
      vertex 73.3 22.9741 4.6
    endloop
  endfacet
  facet normal 0 0 -1
    outer loop
      vertex 64.3 17.7779 4.6
      vertex 68.8 25.5722 4.6
      vertex 68.8 15.1799 4.6
    endloop
  endfacet
  facet normal 0 0 -1
    outer loop
      vertex 68.8 25.5722 4.6
      vertex 64.3 17.7779 4.6
      vertex 64.3 22.9741 4.6
    endloop
  endfacet
  facet normal -0.499989 0.866032 0
    outer loop
      vertex 73.3 17.7779 0
      vertex 68.8 15.1799 4.6
      vertex 73.3 17.7779 4.6
    endloop
  endfacet
  facet normal -0.499989 0.866032 0
    outer loop
      vertex 68.8 15.1799 4.6
      vertex 73.3 17.7779 0
      vertex 68.8 15.1799 0
    endloop
  endfacet
  facet normal -1 0 0
    outer loop
      vertex 73.3 17.7779 0
      vertex 73.3 22.9741 4.6
      vertex 73.3 22.9741 0
    endloop
  endfacet
  facet normal -1 -0 0
    outer loop
      vertex 73.3 22.9741 4.6
      vertex 73.3 17.7779 0
      vertex 73.3 17.7779 4.6
    endloop
  endfacet
  facet normal 0.499989 0.866032 -0
    outer loop
      vertex 68.8 15.1799 0
      vertex 64.3 17.7779 4.6
      vertex 68.8 15.1799 4.6
    endloop
  endfacet
  facet normal 0.499989 0.866032 0
    outer loop
      vertex 64.3 17.7779 4.6
      vertex 68.8 15.1799 0
      vertex 64.3 17.7779 0
    endloop
  endfacet
  facet normal 0.499989 -0.866032 0
    outer loop
      vertex 6 32.154 0
      vertex 10.5 34.752 4.6
      vertex 6 32.154 4.6
    endloop
  endfacet
  facet normal 0.499989 -0.866032 0
    outer loop
      vertex 10.5 34.752 4.6
      vertex 6 32.154 0
      vertex 10.5 34.752 0
    endloop
  endfacet
  facet normal -0.499989 -0.866032 0
    outer loop
      vertex 10.5 34.752 0
      vertex 15 32.154 4.6
      vertex 10.5 34.752 4.6
    endloop
  endfacet
  facet normal -0.499989 -0.866032 -0
    outer loop
      vertex 15 32.154 4.6
      vertex 10.5 34.752 0
      vertex 15 32.154 0
    endloop
  endfacet
  facet normal 1 -0 0
    outer loop
      vertex 6 26.9578 4.6
      vertex 6 32.154 0
      vertex 6 32.154 4.6
    endloop
  endfacet
  facet normal 1 0 0
    outer loop
      vertex 6 32.154 0
      vertex 6 26.9578 4.6
      vertex 6 26.9578 0
    endloop
  endfacet
  facet normal 0 0 -1
    outer loop
      vertex 10.5 24.3597 4.6
      vertex 15 32.154 4.6
      vertex 15 26.9578 4.6
    endloop
  endfacet
  facet normal 0 0 -1
    outer loop
      vertex 10.5 24.3597 4.6
      vertex 10.5 34.752 4.6
      vertex 15 32.154 4.6
    endloop
  endfacet
  facet normal 0 0 -1
    outer loop
      vertex 6 26.9578 4.6
      vertex 10.5 34.752 4.6
      vertex 10.5 24.3597 4.6
    endloop
  endfacet
  facet normal 0 0 -1
    outer loop
      vertex 10.5 34.752 4.6
      vertex 6 26.9578 4.6
      vertex 6 32.154 4.6
    endloop
  endfacet
  facet normal -0.500003 0.866023 0
    outer loop
      vertex 15 26.9578 0
      vertex 10.5 24.3597 4.6
      vertex 15 26.9578 4.6
    endloop
  endfacet
  facet normal -0.500003 0.866023 0
    outer loop
      vertex 10.5 24.3597 4.6
      vertex 15 26.9578 0
      vertex 10.5 24.3597 0
    endloop
  endfacet
  facet normal -1 0 0
    outer loop
      vertex 15 26.9578 0
      vertex 15 32.154 4.6
      vertex 15 32.154 0
    endloop
  endfacet
  facet normal -1 -0 0
    outer loop
      vertex 15 32.154 4.6
      vertex 15 26.9578 0
      vertex 15 26.9578 4.6
    endloop
  endfacet
  facet normal 0.500003 0.866023 -0
    outer loop
      vertex 10.5 24.3597 0
      vertex 6 26.9578 4.6
      vertex 10.5 24.3597 4.6
    endloop
  endfacet
  facet normal 0.500003 0.866023 0
    outer loop
      vertex 6 26.9578 4.6
      vertex 10.5 24.3597 0
      vertex 6 26.9578 0
    endloop
  endfacet
  facet normal 0.499989 -0.866032 0
    outer loop
      vertex 16.6 32.154 0
      vertex 21.1 34.752 4.6
      vertex 16.6 32.154 4.6
    endloop
  endfacet
  facet normal 0.499989 -0.866032 0
    outer loop
      vertex 21.1 34.752 4.6
      vertex 16.6 32.154 0
      vertex 21.1 34.752 0
    endloop
  endfacet
  facet normal -0.499989 -0.866032 0
    outer loop
      vertex 21.1 34.752 0
      vertex 25.6 32.154 4.6
      vertex 21.1 34.752 4.6
    endloop
  endfacet
  facet normal -0.499989 -0.866032 -0
    outer loop
      vertex 25.6 32.154 4.6
      vertex 21.1 34.752 0
      vertex 25.6 32.154 0
    endloop
  endfacet
  facet normal 1 -0 0
    outer loop
      vertex 16.6 26.9578 4.6
      vertex 16.6 32.154 0
      vertex 16.6 32.154 4.6
    endloop
  endfacet
  facet normal 1 0 0
    outer loop
      vertex 16.6 32.154 0
      vertex 16.6 26.9578 4.6
      vertex 16.6 26.9578 0
    endloop
  endfacet
  facet normal 0 0 -1
    outer loop
      vertex 21.1 24.3597 4.6
      vertex 25.6 32.154 4.6
      vertex 25.6 26.9578 4.6
    endloop
  endfacet
  facet normal 0 0 -1
    outer loop
      vertex 21.1 24.3597 4.6
      vertex 21.1 34.752 4.6
      vertex 25.6 32.154 4.6
    endloop
  endfacet
  facet normal 0 0 -1
    outer loop
      vertex 16.6 26.9578 4.6
      vertex 21.1 34.752 4.6
      vertex 21.1 24.3597 4.6
    endloop
  endfacet
  facet normal 0 0 -1
    outer loop
      vertex 21.1 34.752 4.6
      vertex 16.6 26.9578 4.6
      vertex 16.6 32.154 4.6
    endloop
  endfacet
  facet normal -0.500003 0.866023 0
    outer loop
      vertex 25.6 26.9578 0
      vertex 21.1 24.3597 4.6
      vertex 25.6 26.9578 4.6
    endloop
  endfacet
  facet normal -0.500003 0.866023 0
    outer loop
      vertex 21.1 24.3597 4.6
      vertex 25.6 26.9578 0
      vertex 21.1 24.3597 0
    endloop
  endfacet
  facet normal -1 0 0
    outer loop
      vertex 25.6 26.9578 0
      vertex 25.6 32.154 4.6
      vertex 25.6 32.154 0
    endloop
  endfacet
  facet normal -1 -0 0
    outer loop
      vertex 25.6 32.154 4.6
      vertex 25.6 26.9578 0
      vertex 25.6 26.9578 4.6
    endloop
  endfacet
  facet normal 0.500003 0.866023 -0
    outer loop
      vertex 21.1 24.3597 0
      vertex 16.6 26.9578 4.6
      vertex 21.1 24.3597 4.6
    endloop
  endfacet
  facet normal 0.500003 0.866023 0
    outer loop
      vertex 16.6 26.9578 4.6
      vertex 21.1 24.3597 0
      vertex 16.6 26.9578 0
    endloop
  endfacet
  facet normal 0.499989 -0.866032 0
    outer loop
      vertex 27.2 32.154 0
      vertex 31.7 34.752 4.6
      vertex 27.2 32.154 4.6
    endloop
  endfacet
  facet normal 0.499989 -0.866032 0
    outer loop
      vertex 31.7 34.752 4.6
      vertex 27.2 32.154 0
      vertex 31.7 34.752 0
    endloop
  endfacet
  facet normal -0.499989 -0.866032 0
    outer loop
      vertex 31.7 34.752 0
      vertex 36.2 32.154 4.6
      vertex 31.7 34.752 4.6
    endloop
  endfacet
  facet normal -0.499989 -0.866032 -0
    outer loop
      vertex 36.2 32.154 4.6
      vertex 31.7 34.752 0
      vertex 36.2 32.154 0
    endloop
  endfacet
  facet normal 1 -0 0
    outer loop
      vertex 27.2 26.9578 4.6
      vertex 27.2 32.154 0
      vertex 27.2 32.154 4.6
    endloop
  endfacet
  facet normal 1 0 0
    outer loop
      vertex 27.2 32.154 0
      vertex 27.2 26.9578 4.6
      vertex 27.2 26.9578 0
    endloop
  endfacet
  facet normal 0 0 -1
    outer loop
      vertex 31.7 24.3597 4.6
      vertex 36.2 32.154 4.6
      vertex 36.2 26.9578 4.6
    endloop
  endfacet
  facet normal 0 0 -1
    outer loop
      vertex 31.7 24.3597 4.6
      vertex 31.7 34.752 4.6
      vertex 36.2 32.154 4.6
    endloop
  endfacet
  facet normal 0 0 -1
    outer loop
      vertex 27.2 26.9578 4.6
      vertex 31.7 34.752 4.6
      vertex 31.7 24.3597 4.6
    endloop
  endfacet
  facet normal 0 0 -1
    outer loop
      vertex 31.7 34.752 4.6
      vertex 27.2 26.9578 4.6
      vertex 27.2 32.154 4.6
    endloop
  endfacet
  facet normal -0.500003 0.866023 0
    outer loop
      vertex 36.2 26.9578 0
      vertex 31.7 24.3597 4.6
      vertex 36.2 26.9578 4.6
    endloop
  endfacet
  facet normal -0.500003 0.866023 0
    outer loop
      vertex 31.7 24.3597 4.6
      vertex 36.2 26.9578 0
      vertex 31.7 24.3597 0
    endloop
  endfacet
  facet normal -1 0 0
    outer loop
      vertex 36.2 26.9578 0
      vertex 36.2 32.154 4.6
      vertex 36.2 32.154 0
    endloop
  endfacet
  facet normal -1 -0 0
    outer loop
      vertex 36.2 32.154 4.6
      vertex 36.2 26.9578 0
      vertex 36.2 26.9578 4.6
    endloop
  endfacet
  facet normal 0.500003 0.866023 -0
    outer loop
      vertex 31.7 24.3597 0
      vertex 27.2 26.9578 4.6
      vertex 31.7 24.3597 4.6
    endloop
  endfacet
  facet normal 0.500003 0.866023 0
    outer loop
      vertex 27.2 26.9578 4.6
      vertex 31.7 24.3597 0
      vertex 27.2 26.9578 0
    endloop
  endfacet
  facet normal 0.499989 -0.866032 0
    outer loop
      vertex 37.8 32.154 0
      vertex 42.3 34.752 4.6
      vertex 37.8 32.154 4.6
    endloop
  endfacet
  facet normal 0.499989 -0.866032 0
    outer loop
      vertex 42.3 34.752 4.6
      vertex 37.8 32.154 0
      vertex 42.3 34.752 0
    endloop
  endfacet
  facet normal -0.499989 -0.866032 0
    outer loop
      vertex 42.3 34.752 0
      vertex 46.8 32.154 4.6
      vertex 42.3 34.752 4.6
    endloop
  endfacet
  facet normal -0.499989 -0.866032 -0
    outer loop
      vertex 46.8 32.154 4.6
      vertex 42.3 34.752 0
      vertex 46.8 32.154 0
    endloop
  endfacet
  facet normal 1 -0 0
    outer loop
      vertex 37.8 26.9578 4.6
      vertex 37.8 32.154 0
      vertex 37.8 32.154 4.6
    endloop
  endfacet
  facet normal 1 0 0
    outer loop
      vertex 37.8 32.154 0
      vertex 37.8 26.9578 4.6
      vertex 37.8 26.9578 0
    endloop
  endfacet
  facet normal 0 0 -1
    outer loop
      vertex 42.3 24.3597 4.6
      vertex 46.8 32.154 4.6
      vertex 46.8 26.9578 4.6
    endloop
  endfacet
  facet normal 0 0 -1
    outer loop
      vertex 42.3 24.3597 4.6
      vertex 42.3 34.752 4.6
      vertex 46.8 32.154 4.6
    endloop
  endfacet
  facet normal 0 0 -1
    outer loop
      vertex 37.8 26.9578 4.6
      vertex 42.3 34.752 4.6
      vertex 42.3 24.3597 4.6
    endloop
  endfacet
  facet normal 0 0 -1
    outer loop
      vertex 42.3 34.752 4.6
      vertex 37.8 26.9578 4.6
      vertex 37.8 32.154 4.6
    endloop
  endfacet
  facet normal -0.500003 0.866023 0
    outer loop
      vertex 46.8 26.9578 0
      vertex 42.3 24.3597 4.6
      vertex 46.8 26.9578 4.6
    endloop
  endfacet
  facet normal -0.500003 0.866023 0
    outer loop
      vertex 42.3 24.3597 4.6
      vertex 46.8 26.9578 0
      vertex 42.3 24.3597 0
    endloop
  endfacet
  facet normal -1 0 0
    outer loop
      vertex 46.8 26.9578 0
      vertex 46.8 32.154 4.6
      vertex 46.8 32.154 0
    endloop
  endfacet
  facet normal -1 -0 0
    outer loop
      vertex 46.8 32.154 4.6
      vertex 46.8 26.9578 0
      vertex 46.8 26.9578 4.6
    endloop
  endfacet
  facet normal 0.500003 0.866023 -0
    outer loop
      vertex 42.3 24.3597 0
      vertex 37.8 26.9578 4.6
      vertex 42.3 24.3597 4.6
    endloop
  endfacet
  facet normal 0.500003 0.866023 0
    outer loop
      vertex 37.8 26.9578 4.6
      vertex 42.3 24.3597 0
      vertex 37.8 26.9578 0
    endloop
  endfacet
  facet normal 0.499989 -0.866032 0
    outer loop
      vertex 48.4 32.154 0
      vertex 52.9 34.752 4.6
      vertex 48.4 32.154 4.6
    endloop
  endfacet
  facet normal 0.499989 -0.866032 0
    outer loop
      vertex 52.9 34.752 4.6
      vertex 48.4 32.154 0
      vertex 52.9 34.752 0
    endloop
  endfacet
  facet normal -0.499989 -0.866032 0
    outer loop
      vertex 52.9 34.752 0
      vertex 57.4 32.154 4.6
      vertex 52.9 34.752 4.6
    endloop
  endfacet
  facet normal -0.499989 -0.866032 -0
    outer loop
      vertex 57.4 32.154 4.6
      vertex 52.9 34.752 0
      vertex 57.4 32.154 0
    endloop
  endfacet
  facet normal 1 -0 0
    outer loop
      vertex 48.4 26.9578 4.6
      vertex 48.4 32.154 0
      vertex 48.4 32.154 4.6
    endloop
  endfacet
  facet normal 1 0 0
    outer loop
      vertex 48.4 32.154 0
      vertex 48.4 26.9578 4.6
      vertex 48.4 26.9578 0
    endloop
  endfacet
  facet normal 0 0 -1
    outer loop
      vertex 52.9 24.3597 4.6
      vertex 57.4 32.154 4.6
      vertex 57.4 26.9578 4.6
    endloop
  endfacet
  facet normal 0 0 -1
    outer loop
      vertex 52.9 24.3597 4.6
      vertex 52.9 34.752 4.6
      vertex 57.4 32.154 4.6
    endloop
  endfacet
  facet normal 0 0 -1
    outer loop
      vertex 48.4 26.9578 4.6
      vertex 52.9 34.752 4.6
      vertex 52.9 24.3597 4.6
    endloop
  endfacet
  facet normal 0 0 -1
    outer loop
      vertex 52.9 34.752 4.6
      vertex 48.4 26.9578 4.6
      vertex 48.4 32.154 4.6
    endloop
  endfacet
  facet normal -0.500003 0.866023 0
    outer loop
      vertex 57.4 26.9578 0
      vertex 52.9 24.3597 4.6
      vertex 57.4 26.9578 4.6
    endloop
  endfacet
  facet normal -0.500003 0.866023 0
    outer loop
      vertex 52.9 24.3597 4.6
      vertex 57.4 26.9578 0
      vertex 52.9 24.3597 0
    endloop
  endfacet
  facet normal -1 0 0
    outer loop
      vertex 57.4 26.9578 0
      vertex 57.4 32.154 4.6
      vertex 57.4 32.154 0
    endloop
  endfacet
  facet normal -1 -0 0
    outer loop
      vertex 57.4 32.154 4.6
      vertex 57.4 26.9578 0
      vertex 57.4 26.9578 4.6
    endloop
  endfacet
  facet normal 0.500003 0.866023 -0
    outer loop
      vertex 52.9 24.3597 0
      vertex 48.4 26.9578 4.6
      vertex 52.9 24.3597 4.6
    endloop
  endfacet
  facet normal 0.500003 0.866023 0
    outer loop
      vertex 48.4 26.9578 4.6
      vertex 52.9 24.3597 0
      vertex 48.4 26.9578 0
    endloop
  endfacet
  facet normal 0.499989 -0.866032 0
    outer loop
      vertex 59 32.154 0
      vertex 63.5 34.752 4.6
      vertex 59 32.154 4.6
    endloop
  endfacet
  facet normal 0.499989 -0.866032 0
    outer loop
      vertex 63.5 34.752 4.6
      vertex 59 32.154 0
      vertex 63.5 34.752 0
    endloop
  endfacet
  facet normal -0.499989 -0.866032 0
    outer loop
      vertex 63.5 34.752 0
      vertex 68 32.154 4.6
      vertex 63.5 34.752 4.6
    endloop
  endfacet
  facet normal -0.499989 -0.866032 -0
    outer loop
      vertex 68 32.154 4.6
      vertex 63.5 34.752 0
      vertex 68 32.154 0
    endloop
  endfacet
  facet normal 1 -0 0
    outer loop
      vertex 59 26.9578 4.6
      vertex 59 32.154 0
      vertex 59 32.154 4.6
    endloop
  endfacet
  facet normal 1 0 0
    outer loop
      vertex 59 32.154 0
      vertex 59 26.9578 4.6
      vertex 59 26.9578 0
    endloop
  endfacet
  facet normal 0 0 -1
    outer loop
      vertex 63.5 24.3597 4.6
      vertex 68 32.154 4.6
      vertex 68 26.9578 4.6
    endloop
  endfacet
  facet normal 0 0 -1
    outer loop
      vertex 63.5 24.3597 4.6
      vertex 63.5 34.752 4.6
      vertex 68 32.154 4.6
    endloop
  endfacet
  facet normal 0 0 -1
    outer loop
      vertex 59 26.9578 4.6
      vertex 63.5 34.752 4.6
      vertex 63.5 24.3597 4.6
    endloop
  endfacet
  facet normal 0 0 -1
    outer loop
      vertex 63.5 34.752 4.6
      vertex 59 26.9578 4.6
      vertex 59 32.154 4.6
    endloop
  endfacet
  facet normal -0.500003 0.866023 0
    outer loop
      vertex 68 26.9578 0
      vertex 63.5 24.3597 4.6
      vertex 68 26.9578 4.6
    endloop
  endfacet
  facet normal -0.500003 0.866023 0
    outer loop
      vertex 63.5 24.3597 4.6
      vertex 68 26.9578 0
      vertex 63.5 24.3597 0
    endloop
  endfacet
  facet normal -1 0 0
    outer loop
      vertex 68 26.9578 0
      vertex 68 32.154 4.6
      vertex 68 32.154 0
    endloop
  endfacet
  facet normal -1 -0 0
    outer loop
      vertex 68 32.154 4.6
      vertex 68 26.9578 0
      vertex 68 26.9578 4.6
    endloop
  endfacet
  facet normal 0.500003 0.866023 -0
    outer loop
      vertex 63.5 24.3597 0
      vertex 59 26.9578 4.6
      vertex 63.5 24.3597 4.6
    endloop
  endfacet
  facet normal 0.500003 0.866023 0
    outer loop
      vertex 59 26.9578 4.6
      vertex 63.5 24.3597 0
      vertex 59 26.9578 0
    endloop
  endfacet
  facet normal -0.500003 0.866023 0
    outer loop
      vertex 20.3 36.1377 0
      vertex 15.8 33.5396 4.6
      vertex 20.3 36.1377 4.6
    endloop
  endfacet
  facet normal -0.500003 0.866023 0
    outer loop
      vertex 15.8 33.5396 4.6
      vertex 20.3 36.1377 0
      vertex 15.8 33.5396 0
    endloop
  endfacet
  facet normal -1 0 0
    outer loop
      vertex 20.3 36.1377 0
      vertex 20.3 41.3338 4.6
      vertex 20.3 41.3338 0
    endloop
  endfacet
  facet normal -1 -0 0
    outer loop
      vertex 20.3 41.3338 4.6
      vertex 20.3 36.1377 0
      vertex 20.3 36.1377 4.6
    endloop
  endfacet
  facet normal 0.500003 -0.866023 0
    outer loop
      vertex 11.3 41.3338 0
      vertex 15.8 43.9319 4.6
      vertex 11.3 41.3338 4.6
    endloop
  endfacet
  facet normal 0.500003 -0.866023 0
    outer loop
      vertex 15.8 43.9319 4.6
      vertex 11.3 41.3338 0
      vertex 15.8 43.9319 0
    endloop
  endfacet
  facet normal -0.500003 -0.866023 0
    outer loop
      vertex 15.8 43.9319 0
      vertex 20.3 41.3338 4.6
      vertex 15.8 43.9319 4.6
    endloop
  endfacet
  facet normal -0.500003 -0.866023 -0
    outer loop
      vertex 20.3 41.3338 4.6
      vertex 15.8 43.9319 0
      vertex 20.3 41.3338 0
    endloop
  endfacet
  facet normal 1 -0 0
    outer loop
      vertex 11.3 36.1377 4.6
      vertex 11.3 41.3338 0
      vertex 11.3 41.3338 4.6
    endloop
  endfacet
  facet normal 1 0 0
    outer loop
      vertex 11.3 41.3338 0
      vertex 11.3 36.1377 4.6
      vertex 11.3 36.1377 0
    endloop
  endfacet
  facet normal 0.500003 0.866023 -0
    outer loop
      vertex 15.8 33.5396 0
      vertex 11.3 36.1377 4.6
      vertex 15.8 33.5396 4.6
    endloop
  endfacet
  facet normal 0.500003 0.866023 0
    outer loop
      vertex 11.3 36.1377 4.6
      vertex 15.8 33.5396 0
      vertex 11.3 36.1377 0
    endloop
  endfacet
  facet normal 0 0 -1
    outer loop
      vertex 15.8 33.5396 4.6
      vertex 20.3 41.3338 4.6
      vertex 20.3 36.1377 4.6
    endloop
  endfacet
  facet normal 0 0 -1
    outer loop
      vertex 15.8 33.5396 4.6
      vertex 15.8 43.9319 4.6
      vertex 20.3 41.3338 4.6
    endloop
  endfacet
  facet normal 0 0 -1
    outer loop
      vertex 11.3 36.1377 4.6
      vertex 15.8 43.9319 4.6
      vertex 15.8 33.5396 4.6
    endloop
  endfacet
  facet normal 0 0 -1
    outer loop
      vertex 15.8 43.9319 4.6
      vertex 11.3 36.1377 4.6
      vertex 11.3 41.3338 4.6
    endloop
  endfacet
  facet normal -0.500003 0.866023 0
    outer loop
      vertex 30.9 36.1377 0
      vertex 26.4 33.5396 4.6
      vertex 30.9 36.1377 4.6
    endloop
  endfacet
  facet normal -0.500003 0.866023 0
    outer loop
      vertex 26.4 33.5396 4.6
      vertex 30.9 36.1377 0
      vertex 26.4 33.5396 0
    endloop
  endfacet
  facet normal -1 0 0
    outer loop
      vertex 30.9 36.1377 0
      vertex 30.9 41.3338 4.6
      vertex 30.9 41.3338 0
    endloop
  endfacet
  facet normal -1 -0 0
    outer loop
      vertex 30.9 41.3338 4.6
      vertex 30.9 36.1377 0
      vertex 30.9 36.1377 4.6
    endloop
  endfacet
  facet normal 0.500003 -0.866023 0
    outer loop
      vertex 21.9 41.3338 0
      vertex 26.4 43.9319 4.6
      vertex 21.9 41.3338 4.6
    endloop
  endfacet
  facet normal 0.500003 -0.866023 0
    outer loop
      vertex 26.4 43.9319 4.6
      vertex 21.9 41.3338 0
      vertex 26.4 43.9319 0
    endloop
  endfacet
  facet normal -0.500003 -0.866023 0
    outer loop
      vertex 26.4 43.9319 0
      vertex 30.9 41.3338 4.6
      vertex 26.4 43.9319 4.6
    endloop
  endfacet
  facet normal -0.500003 -0.866023 -0
    outer loop
      vertex 30.9 41.3338 4.6
      vertex 26.4 43.9319 0
      vertex 30.9 41.3338 0
    endloop
  endfacet
  facet normal 1 -0 0
    outer loop
      vertex 21.9 36.1377 4.6
      vertex 21.9 41.3338 0
      vertex 21.9 41.3338 4.6
    endloop
  endfacet
  facet normal 1 0 0
    outer loop
      vertex 21.9 41.3338 0
      vertex 21.9 36.1377 4.6
      vertex 21.9 36.1377 0
    endloop
  endfacet
  facet normal 0.500003 0.866023 -0
    outer loop
      vertex 26.4 33.5396 0
      vertex 21.9 36.1377 4.6
      vertex 26.4 33.5396 4.6
    endloop
  endfacet
  facet normal 0.500003 0.866023 0
    outer loop
      vertex 21.9 36.1377 4.6
      vertex 26.4 33.5396 0
      vertex 21.9 36.1377 0
    endloop
  endfacet
  facet normal 0 0 -1
    outer loop
      vertex 26.4 33.5396 4.6
      vertex 30.9 41.3338 4.6
      vertex 30.9 36.1377 4.6
    endloop
  endfacet
  facet normal 0 0 -1
    outer loop
      vertex 26.4 33.5396 4.6
      vertex 26.4 43.9319 4.6
      vertex 30.9 41.3338 4.6
    endloop
  endfacet
  facet normal 0 0 -1
    outer loop
      vertex 21.9 36.1377 4.6
      vertex 26.4 43.9319 4.6
      vertex 26.4 33.5396 4.6
    endloop
  endfacet
  facet normal 0 0 -1
    outer loop
      vertex 26.4 43.9319 4.6
      vertex 21.9 36.1377 4.6
      vertex 21.9 41.3338 4.6
    endloop
  endfacet
  facet normal -0.500003 0.866023 0
    outer loop
      vertex 41.5 36.1377 0
      vertex 37 33.5396 4.6
      vertex 41.5 36.1377 4.6
    endloop
  endfacet
  facet normal -0.500003 0.866023 0
    outer loop
      vertex 37 33.5396 4.6
      vertex 41.5 36.1377 0
      vertex 37 33.5396 0
    endloop
  endfacet
  facet normal -1 0 0
    outer loop
      vertex 41.5 36.1377 0
      vertex 41.5 41.3338 4.6
      vertex 41.5 41.3338 0
    endloop
  endfacet
  facet normal -1 -0 0
    outer loop
      vertex 41.5 41.3338 4.6
      vertex 41.5 36.1377 0
      vertex 41.5 36.1377 4.6
    endloop
  endfacet
  facet normal 0.500003 -0.866023 0
    outer loop
      vertex 32.5 41.3338 0
      vertex 37 43.9319 4.6
      vertex 32.5 41.3338 4.6
    endloop
  endfacet
  facet normal 0.500003 -0.866023 0
    outer loop
      vertex 37 43.9319 4.6
      vertex 32.5 41.3338 0
      vertex 37 43.9319 0
    endloop
  endfacet
  facet normal -0.500003 -0.866023 0
    outer loop
      vertex 37 43.9319 0
      vertex 41.5 41.3338 4.6
      vertex 37 43.9319 4.6
    endloop
  endfacet
  facet normal -0.500003 -0.866023 -0
    outer loop
      vertex 41.5 41.3338 4.6
      vertex 37 43.9319 0
      vertex 41.5 41.3338 0
    endloop
  endfacet
  facet normal 1 -0 0
    outer loop
      vertex 32.5 36.1377 4.6
      vertex 32.5 41.3338 0
      vertex 32.5 41.3338 4.6
    endloop
  endfacet
  facet normal 1 0 0
    outer loop
      vertex 32.5 41.3338 0
      vertex 32.5 36.1377 4.6
      vertex 32.5 36.1377 0
    endloop
  endfacet
  facet normal 0.500003 0.866023 -0
    outer loop
      vertex 37 33.5396 0
      vertex 32.5 36.1377 4.6
      vertex 37 33.5396 4.6
    endloop
  endfacet
  facet normal 0.500003 0.866023 0
    outer loop
      vertex 32.5 36.1377 4.6
      vertex 37 33.5396 0
      vertex 32.5 36.1377 0
    endloop
  endfacet
  facet normal 0 0 -1
    outer loop
      vertex 37 33.5396 4.6
      vertex 41.5 41.3338 4.6
      vertex 41.5 36.1377 4.6
    endloop
  endfacet
  facet normal 0 0 -1
    outer loop
      vertex 37 33.5396 4.6
      vertex 37 43.9319 4.6
      vertex 41.5 41.3338 4.6
    endloop
  endfacet
  facet normal 0 0 -1
    outer loop
      vertex 32.5 36.1377 4.6
      vertex 37 43.9319 4.6
      vertex 37 33.5396 4.6
    endloop
  endfacet
  facet normal 0 0 -1
    outer loop
      vertex 37 43.9319 4.6
      vertex 32.5 36.1377 4.6
      vertex 32.5 41.3338 4.6
    endloop
  endfacet
  facet normal -0.500003 0.866023 0
    outer loop
      vertex 52.1 36.1377 0
      vertex 47.6 33.5396 4.6
      vertex 52.1 36.1377 4.6
    endloop
  endfacet
  facet normal -0.500003 0.866023 0
    outer loop
      vertex 47.6 33.5396 4.6
      vertex 52.1 36.1377 0
      vertex 47.6 33.5396 0
    endloop
  endfacet
  facet normal -1 0 0
    outer loop
      vertex 52.1 36.1377 0
      vertex 52.1 41.3338 4.6
      vertex 52.1 41.3338 0
    endloop
  endfacet
  facet normal -1 -0 0
    outer loop
      vertex 52.1 41.3338 4.6
      vertex 52.1 36.1377 0
      vertex 52.1 36.1377 4.6
    endloop
  endfacet
  facet normal 0.500003 -0.866023 0
    outer loop
      vertex 43.1 41.3338 0
      vertex 47.6 43.9319 4.6
      vertex 43.1 41.3338 4.6
    endloop
  endfacet
  facet normal 0.500003 -0.866023 0
    outer loop
      vertex 47.6 43.9319 4.6
      vertex 43.1 41.3338 0
      vertex 47.6 43.9319 0
    endloop
  endfacet
  facet normal -0.500003 -0.866023 0
    outer loop
      vertex 47.6 43.9319 0
      vertex 52.1 41.3338 4.6
      vertex 47.6 43.9319 4.6
    endloop
  endfacet
  facet normal -0.500003 -0.866023 -0
    outer loop
      vertex 52.1 41.3338 4.6
      vertex 47.6 43.9319 0
      vertex 52.1 41.3338 0
    endloop
  endfacet
  facet normal 1 -0 0
    outer loop
      vertex 43.1 36.1377 4.6
      vertex 43.1 41.3338 0
      vertex 43.1 41.3338 4.6
    endloop
  endfacet
  facet normal 1 0 0
    outer loop
      vertex 43.1 41.3338 0
      vertex 43.1 36.1377 4.6
      vertex 43.1 36.1377 0
    endloop
  endfacet
  facet normal 0.500003 0.866023 -0
    outer loop
      vertex 47.6 33.5396 0
      vertex 43.1 36.1377 4.6
      vertex 47.6 33.5396 4.6
    endloop
  endfacet
  facet normal 0.500003 0.866023 0
    outer loop
      vertex 43.1 36.1377 4.6
      vertex 47.6 33.5396 0
      vertex 43.1 36.1377 0
    endloop
  endfacet
  facet normal 0 0 -1
    outer loop
      vertex 47.6 33.5396 4.6
      vertex 52.1 41.3338 4.6
      vertex 52.1 36.1377 4.6
    endloop
  endfacet
  facet normal 0 0 -1
    outer loop
      vertex 47.6 33.5396 4.6
      vertex 47.6 43.9319 4.6
      vertex 52.1 41.3338 4.6
    endloop
  endfacet
  facet normal 0 0 -1
    outer loop
      vertex 43.1 36.1377 4.6
      vertex 47.6 43.9319 4.6
      vertex 47.6 33.5396 4.6
    endloop
  endfacet
  facet normal 0 0 -1
    outer loop
      vertex 47.6 43.9319 4.6
      vertex 43.1 36.1377 4.6
      vertex 43.1 41.3338 4.6
    endloop
  endfacet
  facet normal -0.500003 0.866023 0
    outer loop
      vertex 62.7 36.1377 0
      vertex 58.2 33.5396 4.6
      vertex 62.7 36.1377 4.6
    endloop
  endfacet
  facet normal -0.500003 0.866023 0
    outer loop
      vertex 58.2 33.5396 4.6
      vertex 62.7 36.1377 0
      vertex 58.2 33.5396 0
    endloop
  endfacet
  facet normal -1 0 0
    outer loop
      vertex 62.7 36.1377 0
      vertex 62.7 41.3338 4.6
      vertex 62.7 41.3338 0
    endloop
  endfacet
  facet normal -1 -0 0
    outer loop
      vertex 62.7 41.3338 4.6
      vertex 62.7 36.1377 0
      vertex 62.7 36.1377 4.6
    endloop
  endfacet
  facet normal 0.500003 -0.866023 0
    outer loop
      vertex 53.7 41.3338 0
      vertex 58.2 43.9319 4.6
      vertex 53.7 41.3338 4.6
    endloop
  endfacet
  facet normal 0.500003 -0.866023 0
    outer loop
      vertex 58.2 43.9319 4.6
      vertex 53.7 41.3338 0
      vertex 58.2 43.9319 0
    endloop
  endfacet
  facet normal -0.500003 -0.866023 0
    outer loop
      vertex 58.2 43.9319 0
      vertex 62.7 41.3338 4.6
      vertex 58.2 43.9319 4.6
    endloop
  endfacet
  facet normal -0.500003 -0.866023 -0
    outer loop
      vertex 62.7 41.3338 4.6
      vertex 58.2 43.9319 0
      vertex 62.7 41.3338 0
    endloop
  endfacet
  facet normal 1 -0 0
    outer loop
      vertex 53.7 36.1377 4.6
      vertex 53.7 41.3338 0
      vertex 53.7 41.3338 4.6
    endloop
  endfacet
  facet normal 1 0 0
    outer loop
      vertex 53.7 41.3338 0
      vertex 53.7 36.1377 4.6
      vertex 53.7 36.1377 0
    endloop
  endfacet
  facet normal 0.500003 0.866023 -0
    outer loop
      vertex 58.2 33.5396 0
      vertex 53.7 36.1377 4.6
      vertex 58.2 33.5396 4.6
    endloop
  endfacet
  facet normal 0.500003 0.866023 0
    outer loop
      vertex 53.7 36.1377 4.6
      vertex 58.2 33.5396 0
      vertex 53.7 36.1377 0
    endloop
  endfacet
  facet normal 0 0 -1
    outer loop
      vertex 58.2 33.5396 4.6
      vertex 62.7 41.3338 4.6
      vertex 62.7 36.1377 4.6
    endloop
  endfacet
  facet normal 0 0 -1
    outer loop
      vertex 58.2 33.5396 4.6
      vertex 58.2 43.9319 4.6
      vertex 62.7 41.3338 4.6
    endloop
  endfacet
  facet normal 0 0 -1
    outer loop
      vertex 53.7 36.1377 4.6
      vertex 58.2 43.9319 4.6
      vertex 58.2 33.5396 4.6
    endloop
  endfacet
  facet normal 0 0 -1
    outer loop
      vertex 58.2 43.9319 4.6
      vertex 53.7 36.1377 4.6
      vertex 53.7 41.3338 4.6
    endloop
  endfacet
  facet normal -0.500003 0.866023 0
    outer loop
      vertex 73.3 36.1377 0
      vertex 68.8 33.5396 4.6
      vertex 73.3 36.1377 4.6
    endloop
  endfacet
  facet normal -0.500003 0.866023 0
    outer loop
      vertex 68.8 33.5396 4.6
      vertex 73.3 36.1377 0
      vertex 68.8 33.5396 0
    endloop
  endfacet
  facet normal -1 0 0
    outer loop
      vertex 73.3 36.1377 0
      vertex 73.3 41.3338 4.6
      vertex 73.3 41.3338 0
    endloop
  endfacet
  facet normal -1 -0 0
    outer loop
      vertex 73.3 41.3338 4.6
      vertex 73.3 36.1377 0
      vertex 73.3 36.1377 4.6
    endloop
  endfacet
  facet normal 0.500003 -0.866023 0
    outer loop
      vertex 64.3 41.3338 0
      vertex 68.8 43.9319 4.6
      vertex 64.3 41.3338 4.6
    endloop
  endfacet
  facet normal 0.500003 -0.866023 0
    outer loop
      vertex 68.8 43.9319 4.6
      vertex 64.3 41.3338 0
      vertex 68.8 43.9319 0
    endloop
  endfacet
  facet normal -0.500003 -0.866023 0
    outer loop
      vertex 68.8 43.9319 0
      vertex 73.3 41.3338 4.6
      vertex 68.8 43.9319 4.6
    endloop
  endfacet
  facet normal -0.500003 -0.866023 -0
    outer loop
      vertex 73.3 41.3338 4.6
      vertex 68.8 43.9319 0
      vertex 73.3 41.3338 0
    endloop
  endfacet
  facet normal 1 -0 0
    outer loop
      vertex 64.3 36.1377 4.6
      vertex 64.3 41.3338 0
      vertex 64.3 41.3338 4.6
    endloop
  endfacet
  facet normal 1 0 0
    outer loop
      vertex 64.3 41.3338 0
      vertex 64.3 36.1377 4.6
      vertex 64.3 36.1377 0
    endloop
  endfacet
  facet normal 0.500003 0.866023 -0
    outer loop
      vertex 68.8 33.5396 0
      vertex 64.3 36.1377 4.6
      vertex 68.8 33.5396 4.6
    endloop
  endfacet
  facet normal 0.500003 0.866023 0
    outer loop
      vertex 64.3 36.1377 4.6
      vertex 68.8 33.5396 0
      vertex 64.3 36.1377 0
    endloop
  endfacet
  facet normal 0 0 -1
    outer loop
      vertex 68.8 33.5396 4.6
      vertex 73.3 41.3338 4.6
      vertex 73.3 36.1377 4.6
    endloop
  endfacet
  facet normal 0 0 -1
    outer loop
      vertex 68.8 33.5396 4.6
      vertex 68.8 43.9319 4.6
      vertex 73.3 41.3338 4.6
    endloop
  endfacet
  facet normal 0 0 -1
    outer loop
      vertex 64.3 36.1377 4.6
      vertex 68.8 43.9319 4.6
      vertex 68.8 33.5396 4.6
    endloop
  endfacet
  facet normal 0 0 -1
    outer loop
      vertex 68.8 43.9319 4.6
      vertex 64.3 36.1377 4.6
      vertex 64.3 41.3338 4.6
    endloop
  endfacet
  facet normal 0.500003 -0.866023 0
    outer loop
      vertex 6 50.5137 0
      vertex 10.5 53.1118 4.6
      vertex 6 50.5137 4.6
    endloop
  endfacet
  facet normal 0.500003 -0.866023 0
    outer loop
      vertex 10.5 53.1118 4.6
      vertex 6 50.5137 0
      vertex 10.5 53.1118 0
    endloop
  endfacet
  facet normal -0.500003 -0.866023 0
    outer loop
      vertex 10.5 53.1118 0
      vertex 15 50.5137 4.6
      vertex 10.5 53.1118 4.6
    endloop
  endfacet
  facet normal -0.500003 -0.866023 -0
    outer loop
      vertex 15 50.5137 4.6
      vertex 10.5 53.1118 0
      vertex 15 50.5137 0
    endloop
  endfacet
  facet normal 1 -0 0
    outer loop
      vertex 6 45.3176 4.6
      vertex 6 50.5137 0
      vertex 6 50.5137 4.6
    endloop
  endfacet
  facet normal 1 0 0
    outer loop
      vertex 6 50.5137 0
      vertex 6 45.3176 4.6
      vertex 6 45.3176 0
    endloop
  endfacet
  facet normal 0 0 -1
    outer loop
      vertex 10.5 42.7195 4.6
      vertex 15 50.5137 4.6
      vertex 15 45.3176 4.6
    endloop
  endfacet
  facet normal 0 0 -1
    outer loop
      vertex 10.5 42.7195 4.6
      vertex 10.5 53.1118 4.6
      vertex 15 50.5137 4.6
    endloop
  endfacet
  facet normal 0 0 -1
    outer loop
      vertex 6 45.3176 4.6
      vertex 10.5 53.1118 4.6
      vertex 10.5 42.7195 4.6
    endloop
  endfacet
  facet normal 0 0 -1
    outer loop
      vertex 10.5 53.1118 4.6
      vertex 6 45.3176 4.6
      vertex 6 50.5137 4.6
    endloop
  endfacet
  facet normal -0.500003 0.866023 0
    outer loop
      vertex 15 45.3176 0
      vertex 10.5 42.7195 4.6
      vertex 15 45.3176 4.6
    endloop
  endfacet
  facet normal -0.500003 0.866023 0
    outer loop
      vertex 10.5 42.7195 4.6
      vertex 15 45.3176 0
      vertex 10.5 42.7195 0
    endloop
  endfacet
  facet normal -1 0 0
    outer loop
      vertex 15 45.3176 0
      vertex 15 50.5137 4.6
      vertex 15 50.5137 0
    endloop
  endfacet
  facet normal -1 -0 0
    outer loop
      vertex 15 50.5137 4.6
      vertex 15 45.3176 0
      vertex 15 45.3176 4.6
    endloop
  endfacet
  facet normal 0.500003 0.866023 -0
    outer loop
      vertex 10.5 42.7195 0
      vertex 6 45.3176 4.6
      vertex 10.5 42.7195 4.6
    endloop
  endfacet
  facet normal 0.500003 0.866023 0
    outer loop
      vertex 6 45.3176 4.6
      vertex 10.5 42.7195 0
      vertex 6 45.3176 0
    endloop
  endfacet
  facet normal 0.500003 -0.866023 0
    outer loop
      vertex 16.6 50.5137 0
      vertex 21.1 53.1118 4.6
      vertex 16.6 50.5137 4.6
    endloop
  endfacet
  facet normal 0.500003 -0.866023 0
    outer loop
      vertex 21.1 53.1118 4.6
      vertex 16.6 50.5137 0
      vertex 21.1 53.1118 0
    endloop
  endfacet
  facet normal -0.500003 -0.866023 0
    outer loop
      vertex 21.1 53.1118 0
      vertex 25.6 50.5137 4.6
      vertex 21.1 53.1118 4.6
    endloop
  endfacet
  facet normal -0.500003 -0.866023 -0
    outer loop
      vertex 25.6 50.5137 4.6
      vertex 21.1 53.1118 0
      vertex 25.6 50.5137 0
    endloop
  endfacet
  facet normal 1 -0 0
    outer loop
      vertex 16.6 45.3176 4.6
      vertex 16.6 50.5137 0
      vertex 16.6 50.5137 4.6
    endloop
  endfacet
  facet normal 1 0 0
    outer loop
      vertex 16.6 50.5137 0
      vertex 16.6 45.3176 4.6
      vertex 16.6 45.3176 0
    endloop
  endfacet
  facet normal 0 0 -1
    outer loop
      vertex 21.1 42.7195 4.6
      vertex 25.6 50.5137 4.6
      vertex 25.6 45.3176 4.6
    endloop
  endfacet
  facet normal 0 0 -1
    outer loop
      vertex 21.1 42.7195 4.6
      vertex 21.1 53.1118 4.6
      vertex 25.6 50.5137 4.6
    endloop
  endfacet
  facet normal 0 0 -1
    outer loop
      vertex 16.6 45.3176 4.6
      vertex 21.1 53.1118 4.6
      vertex 21.1 42.7195 4.6
    endloop
  endfacet
  facet normal 0 0 -1
    outer loop
      vertex 21.1 53.1118 4.6
      vertex 16.6 45.3176 4.6
      vertex 16.6 50.5137 4.6
    endloop
  endfacet
  facet normal -0.500003 0.866023 0
    outer loop
      vertex 25.6 45.3176 0
      vertex 21.1 42.7195 4.6
      vertex 25.6 45.3176 4.6
    endloop
  endfacet
  facet normal -0.500003 0.866023 0
    outer loop
      vertex 21.1 42.7195 4.6
      vertex 25.6 45.3176 0
      vertex 21.1 42.7195 0
    endloop
  endfacet
  facet normal -1 0 0
    outer loop
      vertex 25.6 45.3176 0
      vertex 25.6 50.5137 4.6
      vertex 25.6 50.5137 0
    endloop
  endfacet
  facet normal -1 -0 0
    outer loop
      vertex 25.6 50.5137 4.6
      vertex 25.6 45.3176 0
      vertex 25.6 45.3176 4.6
    endloop
  endfacet
  facet normal 0.500003 0.866023 -0
    outer loop
      vertex 21.1 42.7195 0
      vertex 16.6 45.3176 4.6
      vertex 21.1 42.7195 4.6
    endloop
  endfacet
  facet normal 0.500003 0.866023 0
    outer loop
      vertex 16.6 45.3176 4.6
      vertex 21.1 42.7195 0
      vertex 16.6 45.3176 0
    endloop
  endfacet
  facet normal 0.500003 -0.866023 0
    outer loop
      vertex 27.2 50.5137 0
      vertex 31.7 53.1118 4.6
      vertex 27.2 50.5137 4.6
    endloop
  endfacet
  facet normal 0.500003 -0.866023 0
    outer loop
      vertex 31.7 53.1118 4.6
      vertex 27.2 50.5137 0
      vertex 31.7 53.1118 0
    endloop
  endfacet
  facet normal -0.500003 -0.866023 0
    outer loop
      vertex 31.7 53.1118 0
      vertex 36.2 50.5137 4.6
      vertex 31.7 53.1118 4.6
    endloop
  endfacet
  facet normal -0.500003 -0.866023 -0
    outer loop
      vertex 36.2 50.5137 4.6
      vertex 31.7 53.1118 0
      vertex 36.2 50.5137 0
    endloop
  endfacet
  facet normal 1 -0 0
    outer loop
      vertex 27.2 45.3176 4.6
      vertex 27.2 50.5137 0
      vertex 27.2 50.5137 4.6
    endloop
  endfacet
  facet normal 1 0 0
    outer loop
      vertex 27.2 50.5137 0
      vertex 27.2 45.3176 4.6
      vertex 27.2 45.3176 0
    endloop
  endfacet
  facet normal 0 0 -1
    outer loop
      vertex 31.7 42.7195 4.6
      vertex 36.2 50.5137 4.6
      vertex 36.2 45.3176 4.6
    endloop
  endfacet
  facet normal 0 0 -1
    outer loop
      vertex 31.7 42.7195 4.6
      vertex 31.7 53.1118 4.6
      vertex 36.2 50.5137 4.6
    endloop
  endfacet
  facet normal 0 0 -1
    outer loop
      vertex 27.2 45.3176 4.6
      vertex 31.7 53.1118 4.6
      vertex 31.7 42.7195 4.6
    endloop
  endfacet
  facet normal 0 0 -1
    outer loop
      vertex 31.7 53.1118 4.6
      vertex 27.2 45.3176 4.6
      vertex 27.2 50.5137 4.6
    endloop
  endfacet
  facet normal -0.500003 0.866023 0
    outer loop
      vertex 36.2 45.3176 0
      vertex 31.7 42.7195 4.6
      vertex 36.2 45.3176 4.6
    endloop
  endfacet
  facet normal -0.500003 0.866023 0
    outer loop
      vertex 31.7 42.7195 4.6
      vertex 36.2 45.3176 0
      vertex 31.7 42.7195 0
    endloop
  endfacet
  facet normal -1 0 0
    outer loop
      vertex 36.2 45.3176 0
      vertex 36.2 50.5137 4.6
      vertex 36.2 50.5137 0
    endloop
  endfacet
  facet normal -1 -0 0
    outer loop
      vertex 36.2 50.5137 4.6
      vertex 36.2 45.3176 0
      vertex 36.2 45.3176 4.6
    endloop
  endfacet
  facet normal 0.500003 0.866023 -0
    outer loop
      vertex 31.7 42.7195 0
      vertex 27.2 45.3176 4.6
      vertex 31.7 42.7195 4.6
    endloop
  endfacet
  facet normal 0.500003 0.866023 0
    outer loop
      vertex 27.2 45.3176 4.6
      vertex 31.7 42.7195 0
      vertex 27.2 45.3176 0
    endloop
  endfacet
  facet normal 0.500003 -0.866023 0
    outer loop
      vertex 37.8 50.5137 0
      vertex 42.3 53.1118 4.6
      vertex 37.8 50.5137 4.6
    endloop
  endfacet
  facet normal 0.500003 -0.866023 0
    outer loop
      vertex 42.3 53.1118 4.6
      vertex 37.8 50.5137 0
      vertex 42.3 53.1118 0
    endloop
  endfacet
  facet normal -0.500003 -0.866023 0
    outer loop
      vertex 42.3 53.1118 0
      vertex 46.8 50.5137 4.6
      vertex 42.3 53.1118 4.6
    endloop
  endfacet
  facet normal -0.500003 -0.866023 -0
    outer loop
      vertex 46.8 50.5137 4.6
      vertex 42.3 53.1118 0
      vertex 46.8 50.5137 0
    endloop
  endfacet
  facet normal 1 -0 0
    outer loop
      vertex 37.8 45.3176 4.6
      vertex 37.8 50.5137 0
      vertex 37.8 50.5137 4.6
    endloop
  endfacet
  facet normal 1 0 0
    outer loop
      vertex 37.8 50.5137 0
      vertex 37.8 45.3176 4.6
      vertex 37.8 45.3176 0
    endloop
  endfacet
  facet normal 0 0 -1
    outer loop
      vertex 42.3 42.7195 4.6
      vertex 46.8 50.5137 4.6
      vertex 46.8 45.3176 4.6
    endloop
  endfacet
  facet normal 0 0 -1
    outer loop
      vertex 42.3 42.7195 4.6
      vertex 42.3 53.1118 4.6
      vertex 46.8 50.5137 4.6
    endloop
  endfacet
  facet normal 0 0 -1
    outer loop
      vertex 37.8 45.3176 4.6
      vertex 42.3 53.1118 4.6
      vertex 42.3 42.7195 4.6
    endloop
  endfacet
  facet normal 0 0 -1
    outer loop
      vertex 42.3 53.1118 4.6
      vertex 37.8 45.3176 4.6
      vertex 37.8 50.5137 4.6
    endloop
  endfacet
  facet normal -0.500003 0.866023 0
    outer loop
      vertex 46.8 45.3176 0
      vertex 42.3 42.7195 4.6
      vertex 46.8 45.3176 4.6
    endloop
  endfacet
  facet normal -0.500003 0.866023 0
    outer loop
      vertex 42.3 42.7195 4.6
      vertex 46.8 45.3176 0
      vertex 42.3 42.7195 0
    endloop
  endfacet
  facet normal -1 0 0
    outer loop
      vertex 46.8 45.3176 0
      vertex 46.8 50.5137 4.6
      vertex 46.8 50.5137 0
    endloop
  endfacet
  facet normal -1 -0 0
    outer loop
      vertex 46.8 50.5137 4.6
      vertex 46.8 45.3176 0
      vertex 46.8 45.3176 4.6
    endloop
  endfacet
  facet normal 0.500003 0.866023 -0
    outer loop
      vertex 42.3 42.7195 0
      vertex 37.8 45.3176 4.6
      vertex 42.3 42.7195 4.6
    endloop
  endfacet
  facet normal 0.500003 0.866023 0
    outer loop
      vertex 37.8 45.3176 4.6
      vertex 42.3 42.7195 0
      vertex 37.8 45.3176 0
    endloop
  endfacet
  facet normal 0.500003 -0.866023 0
    outer loop
      vertex 48.4 50.5137 0
      vertex 52.9 53.1118 4.6
      vertex 48.4 50.5137 4.6
    endloop
  endfacet
  facet normal 0.500003 -0.866023 0
    outer loop
      vertex 52.9 53.1118 4.6
      vertex 48.4 50.5137 0
      vertex 52.9 53.1118 0
    endloop
  endfacet
  facet normal -0.500003 -0.866023 0
    outer loop
      vertex 52.9 53.1118 0
      vertex 57.4 50.5137 4.6
      vertex 52.9 53.1118 4.6
    endloop
  endfacet
  facet normal -0.500003 -0.866023 -0
    outer loop
      vertex 57.4 50.5137 4.6
      vertex 52.9 53.1118 0
      vertex 57.4 50.5137 0
    endloop
  endfacet
  facet normal 1 -0 0
    outer loop
      vertex 48.4 45.3176 4.6
      vertex 48.4 50.5137 0
      vertex 48.4 50.5137 4.6
    endloop
  endfacet
  facet normal 1 0 0
    outer loop
      vertex 48.4 50.5137 0
      vertex 48.4 45.3176 4.6
      vertex 48.4 45.3176 0
    endloop
  endfacet
  facet normal 0 0 -1
    outer loop
      vertex 52.9 42.7195 4.6
      vertex 57.4 50.5137 4.6
      vertex 57.4 45.3176 4.6
    endloop
  endfacet
  facet normal 0 0 -1
    outer loop
      vertex 52.9 42.7195 4.6
      vertex 52.9 53.1118 4.6
      vertex 57.4 50.5137 4.6
    endloop
  endfacet
  facet normal 0 0 -1
    outer loop
      vertex 48.4 45.3176 4.6
      vertex 52.9 53.1118 4.6
      vertex 52.9 42.7195 4.6
    endloop
  endfacet
  facet normal 0 0 -1
    outer loop
      vertex 52.9 53.1118 4.6
      vertex 48.4 45.3176 4.6
      vertex 48.4 50.5137 4.6
    endloop
  endfacet
  facet normal -0.500003 0.866023 0
    outer loop
      vertex 57.4 45.3176 0
      vertex 52.9 42.7195 4.6
      vertex 57.4 45.3176 4.6
    endloop
  endfacet
  facet normal -0.500003 0.866023 0
    outer loop
      vertex 52.9 42.7195 4.6
      vertex 57.4 45.3176 0
      vertex 52.9 42.7195 0
    endloop
  endfacet
  facet normal -1 0 0
    outer loop
      vertex 57.4 45.3176 0
      vertex 57.4 50.5137 4.6
      vertex 57.4 50.5137 0
    endloop
  endfacet
  facet normal -1 -0 0
    outer loop
      vertex 57.4 50.5137 4.6
      vertex 57.4 45.3176 0
      vertex 57.4 45.3176 4.6
    endloop
  endfacet
  facet normal 0.500003 0.866023 -0
    outer loop
      vertex 52.9 42.7195 0
      vertex 48.4 45.3176 4.6
      vertex 52.9 42.7195 4.6
    endloop
  endfacet
  facet normal 0.500003 0.866023 0
    outer loop
      vertex 48.4 45.3176 4.6
      vertex 52.9 42.7195 0
      vertex 48.4 45.3176 0
    endloop
  endfacet
  facet normal 0.500003 -0.866023 0
    outer loop
      vertex 59 50.5137 0
      vertex 63.5 53.1118 4.6
      vertex 59 50.5137 4.6
    endloop
  endfacet
  facet normal 0.500003 -0.866023 0
    outer loop
      vertex 63.5 53.1118 4.6
      vertex 59 50.5137 0
      vertex 63.5 53.1118 0
    endloop
  endfacet
  facet normal -0.500003 -0.866023 0
    outer loop
      vertex 63.5 53.1118 0
      vertex 68 50.5137 4.6
      vertex 63.5 53.1118 4.6
    endloop
  endfacet
  facet normal -0.500003 -0.866023 -0
    outer loop
      vertex 68 50.5137 4.6
      vertex 63.5 53.1118 0
      vertex 68 50.5137 0
    endloop
  endfacet
  facet normal 1 -0 0
    outer loop
      vertex 59 45.3176 4.6
      vertex 59 50.5137 0
      vertex 59 50.5137 4.6
    endloop
  endfacet
  facet normal 1 0 0
    outer loop
      vertex 59 50.5137 0
      vertex 59 45.3176 4.6
      vertex 59 45.3176 0
    endloop
  endfacet
  facet normal 0 0 -1
    outer loop
      vertex 63.5 42.7195 4.6
      vertex 68 50.5137 4.6
      vertex 68 45.3176 4.6
    endloop
  endfacet
  facet normal 0 0 -1
    outer loop
      vertex 63.5 42.7195 4.6
      vertex 63.5 53.1118 4.6
      vertex 68 50.5137 4.6
    endloop
  endfacet
  facet normal 0 0 -1
    outer loop
      vertex 59 45.3176 4.6
      vertex 63.5 53.1118 4.6
      vertex 63.5 42.7195 4.6
    endloop
  endfacet
  facet normal 0 0 -1
    outer loop
      vertex 63.5 53.1118 4.6
      vertex 59 45.3176 4.6
      vertex 59 50.5137 4.6
    endloop
  endfacet
  facet normal -0.500003 0.866023 0
    outer loop
      vertex 68 45.3176 0
      vertex 63.5 42.7195 4.6
      vertex 68 45.3176 4.6
    endloop
  endfacet
  facet normal -0.500003 0.866023 0
    outer loop
      vertex 63.5 42.7195 4.6
      vertex 68 45.3176 0
      vertex 63.5 42.7195 0
    endloop
  endfacet
  facet normal -1 0 0
    outer loop
      vertex 68 45.3176 0
      vertex 68 50.5137 4.6
      vertex 68 50.5137 0
    endloop
  endfacet
  facet normal -1 -0 0
    outer loop
      vertex 68 50.5137 4.6
      vertex 68 45.3176 0
      vertex 68 45.3176 4.6
    endloop
  endfacet
  facet normal 0.500003 0.866023 -0
    outer loop
      vertex 63.5 42.7195 0
      vertex 59 45.3176 4.6
      vertex 63.5 42.7195 4.6
    endloop
  endfacet
  facet normal 0.500003 0.866023 0
    outer loop
      vertex 59 45.3176 4.6
      vertex 63.5 42.7195 0
      vertex 59 45.3176 0
    endloop
  endfacet
  facet normal 0.499989 -0.866032 0
    outer loop
      vertex 11.3 59.6936 0
      vertex 15.8 62.2916 4.6
      vertex 11.3 59.6936 4.6
    endloop
  endfacet
  facet normal 0.499989 -0.866032 0
    outer loop
      vertex 15.8 62.2916 4.6
      vertex 11.3 59.6936 0
      vertex 15.8 62.2916 0
    endloop
  endfacet
  facet normal -0.499989 -0.866032 0
    outer loop
      vertex 15.8 62.2916 0
      vertex 20.3 59.6936 4.6
      vertex 15.8 62.2916 4.6
    endloop
  endfacet
  facet normal -0.499989 -0.866032 -0
    outer loop
      vertex 20.3 59.6936 4.6
      vertex 15.8 62.2916 0
      vertex 20.3 59.6936 0
    endloop
  endfacet
  facet normal 1 -0 0
    outer loop
      vertex 11.3 54.4974 4.6
      vertex 11.3 59.6936 0
      vertex 11.3 59.6936 4.6
    endloop
  endfacet
  facet normal 1 0 0
    outer loop
      vertex 11.3 59.6936 0
      vertex 11.3 54.4974 4.6
      vertex 11.3 54.4974 0
    endloop
  endfacet
  facet normal 0 0 -1
    outer loop
      vertex 15.8 51.8993 4.6
      vertex 20.3 59.6936 4.6
      vertex 20.3 54.4974 4.6
    endloop
  endfacet
  facet normal 0 0 -1
    outer loop
      vertex 15.8 51.8993 4.6
      vertex 15.8 62.2916 4.6
      vertex 20.3 59.6936 4.6
    endloop
  endfacet
  facet normal 0 0 -1
    outer loop
      vertex 11.3 54.4974 4.6
      vertex 15.8 62.2916 4.6
      vertex 15.8 51.8993 4.6
    endloop
  endfacet
  facet normal 0 0 -1
    outer loop
      vertex 15.8 62.2916 4.6
      vertex 11.3 54.4974 4.6
      vertex 11.3 59.6936 4.6
    endloop
  endfacet
  facet normal -0.500003 0.866023 0
    outer loop
      vertex 20.3 54.4974 0
      vertex 15.8 51.8993 4.6
      vertex 20.3 54.4974 4.6
    endloop
  endfacet
  facet normal -0.500003 0.866023 0
    outer loop
      vertex 15.8 51.8993 4.6
      vertex 20.3 54.4974 0
      vertex 15.8 51.8993 0
    endloop
  endfacet
  facet normal -1 0 0
    outer loop
      vertex 20.3 54.4974 0
      vertex 20.3 59.6936 4.6
      vertex 20.3 59.6936 0
    endloop
  endfacet
  facet normal -1 -0 0
    outer loop
      vertex 20.3 59.6936 4.6
      vertex 20.3 54.4974 0
      vertex 20.3 54.4974 4.6
    endloop
  endfacet
  facet normal 0.500003 0.866023 -0
    outer loop
      vertex 15.8 51.8993 0
      vertex 11.3 54.4974 4.6
      vertex 15.8 51.8993 4.6
    endloop
  endfacet
  facet normal 0.500003 0.866023 0
    outer loop
      vertex 11.3 54.4974 4.6
      vertex 15.8 51.8993 0
      vertex 11.3 54.4974 0
    endloop
  endfacet
  facet normal 0.499989 -0.866032 0
    outer loop
      vertex 21.9 59.6936 0
      vertex 26.4 62.2916 4.6
      vertex 21.9 59.6936 4.6
    endloop
  endfacet
  facet normal 0.499989 -0.866032 0
    outer loop
      vertex 26.4 62.2916 4.6
      vertex 21.9 59.6936 0
      vertex 26.4 62.2916 0
    endloop
  endfacet
  facet normal -0.499989 -0.866032 0
    outer loop
      vertex 26.4 62.2916 0
      vertex 30.9 59.6936 4.6
      vertex 26.4 62.2916 4.6
    endloop
  endfacet
  facet normal -0.499989 -0.866032 -0
    outer loop
      vertex 30.9 59.6936 4.6
      vertex 26.4 62.2916 0
      vertex 30.9 59.6936 0
    endloop
  endfacet
  facet normal 1 -0 0
    outer loop
      vertex 21.9 54.4974 4.6
      vertex 21.9 59.6936 0
      vertex 21.9 59.6936 4.6
    endloop
  endfacet
  facet normal 1 0 0
    outer loop
      vertex 21.9 59.6936 0
      vertex 21.9 54.4974 4.6
      vertex 21.9 54.4974 0
    endloop
  endfacet
  facet normal 0 0 -1
    outer loop
      vertex 26.4 51.8993 4.6
      vertex 30.9 59.6936 4.6
      vertex 30.9 54.4974 4.6
    endloop
  endfacet
  facet normal 0 0 -1
    outer loop
      vertex 26.4 51.8993 4.6
      vertex 26.4 62.2916 4.6
      vertex 30.9 59.6936 4.6
    endloop
  endfacet
  facet normal 0 0 -1
    outer loop
      vertex 21.9 54.4974 4.6
      vertex 26.4 62.2916 4.6
      vertex 26.4 51.8993 4.6
    endloop
  endfacet
  facet normal 0 0 -1
    outer loop
      vertex 26.4 62.2916 4.6
      vertex 21.9 54.4974 4.6
      vertex 21.9 59.6936 4.6
    endloop
  endfacet
  facet normal -0.500003 0.866023 0
    outer loop
      vertex 30.9 54.4974 0
      vertex 26.4 51.8993 4.6
      vertex 30.9 54.4974 4.6
    endloop
  endfacet
  facet normal -0.500003 0.866023 0
    outer loop
      vertex 26.4 51.8993 4.6
      vertex 30.9 54.4974 0
      vertex 26.4 51.8993 0
    endloop
  endfacet
  facet normal -1 0 0
    outer loop
      vertex 30.9 54.4974 0
      vertex 30.9 59.6936 4.6
      vertex 30.9 59.6936 0
    endloop
  endfacet
  facet normal -1 -0 0
    outer loop
      vertex 30.9 59.6936 4.6
      vertex 30.9 54.4974 0
      vertex 30.9 54.4974 4.6
    endloop
  endfacet
  facet normal 0.500003 0.866023 -0
    outer loop
      vertex 26.4 51.8993 0
      vertex 21.9 54.4974 4.6
      vertex 26.4 51.8993 4.6
    endloop
  endfacet
  facet normal 0.500003 0.866023 0
    outer loop
      vertex 21.9 54.4974 4.6
      vertex 26.4 51.8993 0
      vertex 21.9 54.4974 0
    endloop
  endfacet
  facet normal 0.499989 -0.866032 0
    outer loop
      vertex 32.5 59.6936 0
      vertex 37 62.2916 4.6
      vertex 32.5 59.6936 4.6
    endloop
  endfacet
  facet normal 0.499989 -0.866032 0
    outer loop
      vertex 37 62.2916 4.6
      vertex 32.5 59.6936 0
      vertex 37 62.2916 0
    endloop
  endfacet
  facet normal -0.499989 -0.866032 0
    outer loop
      vertex 37 62.2916 0
      vertex 41.5 59.6936 4.6
      vertex 37 62.2916 4.6
    endloop
  endfacet
  facet normal -0.499989 -0.866032 -0
    outer loop
      vertex 41.5 59.6936 4.6
      vertex 37 62.2916 0
      vertex 41.5 59.6936 0
    endloop
  endfacet
  facet normal 1 -0 0
    outer loop
      vertex 32.5 54.4974 4.6
      vertex 32.5 59.6936 0
      vertex 32.5 59.6936 4.6
    endloop
  endfacet
  facet normal 1 0 0
    outer loop
      vertex 32.5 59.6936 0
      vertex 32.5 54.4974 4.6
      vertex 32.5 54.4974 0
    endloop
  endfacet
  facet normal 0 0 -1
    outer loop
      vertex 37 51.8993 4.6
      vertex 41.5 59.6936 4.6
      vertex 41.5 54.4974 4.6
    endloop
  endfacet
  facet normal 0 0 -1
    outer loop
      vertex 37 51.8993 4.6
      vertex 37 62.2916 4.6
      vertex 41.5 59.6936 4.6
    endloop
  endfacet
  facet normal 0 0 -1
    outer loop
      vertex 32.5 54.4974 4.6
      vertex 37 62.2916 4.6
      vertex 37 51.8993 4.6
    endloop
  endfacet
  facet normal 0 0 -1
    outer loop
      vertex 37 62.2916 4.6
      vertex 32.5 54.4974 4.6
      vertex 32.5 59.6936 4.6
    endloop
  endfacet
  facet normal -0.500003 0.866023 0
    outer loop
      vertex 41.5 54.4974 0
      vertex 37 51.8993 4.6
      vertex 41.5 54.4974 4.6
    endloop
  endfacet
  facet normal -0.500003 0.866023 0
    outer loop
      vertex 37 51.8993 4.6
      vertex 41.5 54.4974 0
      vertex 37 51.8993 0
    endloop
  endfacet
  facet normal -1 0 0
    outer loop
      vertex 41.5 54.4974 0
      vertex 41.5 59.6936 4.6
      vertex 41.5 59.6936 0
    endloop
  endfacet
  facet normal -1 -0 0
    outer loop
      vertex 41.5 59.6936 4.6
      vertex 41.5 54.4974 0
      vertex 41.5 54.4974 4.6
    endloop
  endfacet
  facet normal 0.500003 0.866023 -0
    outer loop
      vertex 37 51.8993 0
      vertex 32.5 54.4974 4.6
      vertex 37 51.8993 4.6
    endloop
  endfacet
  facet normal 0.500003 0.866023 0
    outer loop
      vertex 32.5 54.4974 4.6
      vertex 37 51.8993 0
      vertex 32.5 54.4974 0
    endloop
  endfacet
  facet normal 0.499989 -0.866032 0
    outer loop
      vertex 43.1 59.6936 0
      vertex 47.6 62.2916 4.6
      vertex 43.1 59.6936 4.6
    endloop
  endfacet
  facet normal 0.499989 -0.866032 0
    outer loop
      vertex 47.6 62.2916 4.6
      vertex 43.1 59.6936 0
      vertex 47.6 62.2916 0
    endloop
  endfacet
  facet normal -0.499989 -0.866032 0
    outer loop
      vertex 47.6 62.2916 0
      vertex 52.1 59.6936 4.6
      vertex 47.6 62.2916 4.6
    endloop
  endfacet
  facet normal -0.499989 -0.866032 -0
    outer loop
      vertex 52.1 59.6936 4.6
      vertex 47.6 62.2916 0
      vertex 52.1 59.6936 0
    endloop
  endfacet
  facet normal 1 -0 0
    outer loop
      vertex 43.1 54.4974 4.6
      vertex 43.1 59.6936 0
      vertex 43.1 59.6936 4.6
    endloop
  endfacet
  facet normal 1 0 0
    outer loop
      vertex 43.1 59.6936 0
      vertex 43.1 54.4974 4.6
      vertex 43.1 54.4974 0
    endloop
  endfacet
  facet normal 0 0 -1
    outer loop
      vertex 47.6 51.8993 4.6
      vertex 52.1 59.6936 4.6
      vertex 52.1 54.4974 4.6
    endloop
  endfacet
  facet normal 0 0 -1
    outer loop
      vertex 47.6 51.8993 4.6
      vertex 47.6 62.2916 4.6
      vertex 52.1 59.6936 4.6
    endloop
  endfacet
  facet normal 0 0 -1
    outer loop
      vertex 43.1 54.4974 4.6
      vertex 47.6 62.2916 4.6
      vertex 47.6 51.8993 4.6
    endloop
  endfacet
  facet normal 0 0 -1
    outer loop
      vertex 47.6 62.2916 4.6
      vertex 43.1 54.4974 4.6
      vertex 43.1 59.6936 4.6
    endloop
  endfacet
  facet normal -0.500003 0.866023 0
    outer loop
      vertex 52.1 54.4974 0
      vertex 47.6 51.8993 4.6
      vertex 52.1 54.4974 4.6
    endloop
  endfacet
  facet normal -0.500003 0.866023 0
    outer loop
      vertex 47.6 51.8993 4.6
      vertex 52.1 54.4974 0
      vertex 47.6 51.8993 0
    endloop
  endfacet
  facet normal -1 0 0
    outer loop
      vertex 52.1 54.4974 0
      vertex 52.1 59.6936 4.6
      vertex 52.1 59.6936 0
    endloop
  endfacet
  facet normal -1 -0 0
    outer loop
      vertex 52.1 59.6936 4.6
      vertex 52.1 54.4974 0
      vertex 52.1 54.4974 4.6
    endloop
  endfacet
  facet normal 0.500003 0.866023 -0
    outer loop
      vertex 47.6 51.8993 0
      vertex 43.1 54.4974 4.6
      vertex 47.6 51.8993 4.6
    endloop
  endfacet
  facet normal 0.500003 0.866023 0
    outer loop
      vertex 43.1 54.4974 4.6
      vertex 47.6 51.8993 0
      vertex 43.1 54.4974 0
    endloop
  endfacet
  facet normal 0.499989 -0.866032 0
    outer loop
      vertex 53.7 59.6936 0
      vertex 58.2 62.2916 4.6
      vertex 53.7 59.6936 4.6
    endloop
  endfacet
  facet normal 0.499989 -0.866032 0
    outer loop
      vertex 58.2 62.2916 4.6
      vertex 53.7 59.6936 0
      vertex 58.2 62.2916 0
    endloop
  endfacet
  facet normal -0.499989 -0.866032 0
    outer loop
      vertex 58.2 62.2916 0
      vertex 62.7 59.6936 4.6
      vertex 58.2 62.2916 4.6
    endloop
  endfacet
  facet normal -0.499989 -0.866032 -0
    outer loop
      vertex 62.7 59.6936 4.6
      vertex 58.2 62.2916 0
      vertex 62.7 59.6936 0
    endloop
  endfacet
  facet normal 1 -0 0
    outer loop
      vertex 53.7 54.4974 4.6
      vertex 53.7 59.6936 0
      vertex 53.7 59.6936 4.6
    endloop
  endfacet
  facet normal 1 0 0
    outer loop
      vertex 53.7 59.6936 0
      vertex 53.7 54.4974 4.6
      vertex 53.7 54.4974 0
    endloop
  endfacet
  facet normal 0 0 -1
    outer loop
      vertex 58.2 51.8993 4.6
      vertex 62.7 59.6936 4.6
      vertex 62.7 54.4974 4.6
    endloop
  endfacet
  facet normal 0 0 -1
    outer loop
      vertex 58.2 51.8993 4.6
      vertex 58.2 62.2916 4.6
      vertex 62.7 59.6936 4.6
    endloop
  endfacet
  facet normal 0 0 -1
    outer loop
      vertex 53.7 54.4974 4.6
      vertex 58.2 62.2916 4.6
      vertex 58.2 51.8993 4.6
    endloop
  endfacet
  facet normal 0 0 -1
    outer loop
      vertex 58.2 62.2916 4.6
      vertex 53.7 54.4974 4.6
      vertex 53.7 59.6936 4.6
    endloop
  endfacet
  facet normal -0.500003 0.866023 0
    outer loop
      vertex 62.7 54.4974 0
      vertex 58.2 51.8993 4.6
      vertex 62.7 54.4974 4.6
    endloop
  endfacet
  facet normal -0.500003 0.866023 0
    outer loop
      vertex 58.2 51.8993 4.6
      vertex 62.7 54.4974 0
      vertex 58.2 51.8993 0
    endloop
  endfacet
  facet normal -1 0 0
    outer loop
      vertex 62.7 54.4974 0
      vertex 62.7 59.6936 4.6
      vertex 62.7 59.6936 0
    endloop
  endfacet
  facet normal -1 -0 0
    outer loop
      vertex 62.7 59.6936 4.6
      vertex 62.7 54.4974 0
      vertex 62.7 54.4974 4.6
    endloop
  endfacet
  facet normal 0.500003 0.866023 -0
    outer loop
      vertex 58.2 51.8993 0
      vertex 53.7 54.4974 4.6
      vertex 58.2 51.8993 4.6
    endloop
  endfacet
  facet normal 0.500003 0.866023 0
    outer loop
      vertex 53.7 54.4974 4.6
      vertex 58.2 51.8993 0
      vertex 53.7 54.4974 0
    endloop
  endfacet
  facet normal 0.499989 -0.866032 0
    outer loop
      vertex 64.3 59.6936 0
      vertex 68.8 62.2916 4.6
      vertex 64.3 59.6936 4.6
    endloop
  endfacet
  facet normal 0.499989 -0.866032 0
    outer loop
      vertex 68.8 62.2916 4.6
      vertex 64.3 59.6936 0
      vertex 68.8 62.2916 0
    endloop
  endfacet
  facet normal -0.499989 -0.866032 0
    outer loop
      vertex 68.8 62.2916 0
      vertex 73.3 59.6936 4.6
      vertex 68.8 62.2916 4.6
    endloop
  endfacet
  facet normal -0.499989 -0.866032 -0
    outer loop
      vertex 73.3 59.6936 4.6
      vertex 68.8 62.2916 0
      vertex 73.3 59.6936 0
    endloop
  endfacet
  facet normal 1 -0 0
    outer loop
      vertex 64.3 54.4974 4.6
      vertex 64.3 59.6936 0
      vertex 64.3 59.6936 4.6
    endloop
  endfacet
  facet normal 1 0 0
    outer loop
      vertex 64.3 59.6936 0
      vertex 64.3 54.4974 4.6
      vertex 64.3 54.4974 0
    endloop
  endfacet
  facet normal 0 0 -1
    outer loop
      vertex 68.8 51.8993 4.6
      vertex 73.3 59.6936 4.6
      vertex 73.3 54.4974 4.6
    endloop
  endfacet
  facet normal 0 0 -1
    outer loop
      vertex 68.8 51.8993 4.6
      vertex 68.8 62.2916 4.6
      vertex 73.3 59.6936 4.6
    endloop
  endfacet
  facet normal 0 0 -1
    outer loop
      vertex 64.3 54.4974 4.6
      vertex 68.8 62.2916 4.6
      vertex 68.8 51.8993 4.6
    endloop
  endfacet
  facet normal 0 0 -1
    outer loop
      vertex 68.8 62.2916 4.6
      vertex 64.3 54.4974 4.6
      vertex 64.3 59.6936 4.6
    endloop
  endfacet
  facet normal -0.500003 0.866023 0
    outer loop
      vertex 73.3 54.4974 0
      vertex 68.8 51.8993 4.6
      vertex 73.3 54.4974 4.6
    endloop
  endfacet
  facet normal -0.500003 0.866023 0
    outer loop
      vertex 68.8 51.8993 4.6
      vertex 73.3 54.4974 0
      vertex 68.8 51.8993 0
    endloop
  endfacet
  facet normal -1 0 0
    outer loop
      vertex 73.3 54.4974 0
      vertex 73.3 59.6936 4.6
      vertex 73.3 59.6936 0
    endloop
  endfacet
  facet normal -1 -0 0
    outer loop
      vertex 73.3 59.6936 4.6
      vertex 73.3 54.4974 0
      vertex 73.3 54.4974 4.6
    endloop
  endfacet
  facet normal 0.500003 0.866023 -0
    outer loop
      vertex 68.8 51.8993 0
      vertex 64.3 54.4974 4.6
      vertex 68.8 51.8993 4.6
    endloop
  endfacet
  facet normal 0.500003 0.866023 0
    outer loop
      vertex 64.3 54.4974 4.6
      vertex 68.8 51.8993 0
      vertex 64.3 54.4974 0
    endloop
  endfacet
  facet normal -0.500003 0.866023 0
    outer loop
      vertex 15 63.6773 0
      vertex 10.5 61.0792 4.6
      vertex 15 63.6773 4.6
    endloop
  endfacet
  facet normal -0.500003 0.866023 0
    outer loop
      vertex 10.5 61.0792 4.6
      vertex 15 63.6773 0
      vertex 10.5 61.0792 0
    endloop
  endfacet
  facet normal -1 0 0
    outer loop
      vertex 15 63.6773 0
      vertex 15 68.8734 4.6
      vertex 15 68.8734 0
    endloop
  endfacet
  facet normal -1 -0 0
    outer loop
      vertex 15 68.8734 4.6
      vertex 15 63.6773 0
      vertex 15 63.6773 4.6
    endloop
  endfacet
  facet normal 0.500003 -0.866023 0
    outer loop
      vertex 6 68.8734 0
      vertex 10.5 71.4715 4.6
      vertex 6 68.8734 4.6
    endloop
  endfacet
  facet normal 0.500003 -0.866023 0
    outer loop
      vertex 10.5 71.4715 4.6
      vertex 6 68.8734 0
      vertex 10.5 71.4715 0
    endloop
  endfacet
  facet normal -0.500003 -0.866023 0
    outer loop
      vertex 10.5 71.4715 0
      vertex 15 68.8734 4.6
      vertex 10.5 71.4715 4.6
    endloop
  endfacet
  facet normal -0.500003 -0.866023 -0
    outer loop
      vertex 15 68.8734 4.6
      vertex 10.5 71.4715 0
      vertex 15 68.8734 0
    endloop
  endfacet
  facet normal 1 -0 0
    outer loop
      vertex 6 63.6773 4.6
      vertex 6 68.8734 0
      vertex 6 68.8734 4.6
    endloop
  endfacet
  facet normal 1 0 0
    outer loop
      vertex 6 68.8734 0
      vertex 6 63.6773 4.6
      vertex 6 63.6773 0
    endloop
  endfacet
  facet normal 0.500003 0.866023 -0
    outer loop
      vertex 10.5 61.0792 0
      vertex 6 63.6773 4.6
      vertex 10.5 61.0792 4.6
    endloop
  endfacet
  facet normal 0.500003 0.866023 0
    outer loop
      vertex 6 63.6773 4.6
      vertex 10.5 61.0792 0
      vertex 6 63.6773 0
    endloop
  endfacet
  facet normal 0 0 -1
    outer loop
      vertex 10.5 61.0792 4.6
      vertex 15 68.8734 4.6
      vertex 15 63.6773 4.6
    endloop
  endfacet
  facet normal 0 0 -1
    outer loop
      vertex 10.5 61.0792 4.6
      vertex 10.5 71.4715 4.6
      vertex 15 68.8734 4.6
    endloop
  endfacet
  facet normal 0 0 -1
    outer loop
      vertex 6 63.6773 4.6
      vertex 10.5 71.4715 4.6
      vertex 10.5 61.0792 4.6
    endloop
  endfacet
  facet normal 0 0 -1
    outer loop
      vertex 10.5 71.4715 4.6
      vertex 6 63.6773 4.6
      vertex 6 68.8734 4.6
    endloop
  endfacet
  facet normal -0.500003 0.866023 0
    outer loop
      vertex 25.6 63.6773 0
      vertex 21.1 61.0792 4.6
      vertex 25.6 63.6773 4.6
    endloop
  endfacet
  facet normal -0.500003 0.866023 0
    outer loop
      vertex 21.1 61.0792 4.6
      vertex 25.6 63.6773 0
      vertex 21.1 61.0792 0
    endloop
  endfacet
  facet normal -1 0 0
    outer loop
      vertex 25.6 63.6773 0
      vertex 25.6 68.8734 4.6
      vertex 25.6 68.8734 0
    endloop
  endfacet
  facet normal -1 -0 0
    outer loop
      vertex 25.6 68.8734 4.6
      vertex 25.6 63.6773 0
      vertex 25.6 63.6773 4.6
    endloop
  endfacet
  facet normal 0.500003 -0.866023 0
    outer loop
      vertex 16.6 68.8734 0
      vertex 21.1 71.4715 4.6
      vertex 16.6 68.8734 4.6
    endloop
  endfacet
  facet normal 0.500003 -0.866023 0
    outer loop
      vertex 21.1 71.4715 4.6
      vertex 16.6 68.8734 0
      vertex 21.1 71.4715 0
    endloop
  endfacet
  facet normal -0.500003 -0.866023 0
    outer loop
      vertex 21.1 71.4715 0
      vertex 25.6 68.8734 4.6
      vertex 21.1 71.4715 4.6
    endloop
  endfacet
  facet normal -0.500003 -0.866023 -0
    outer loop
      vertex 25.6 68.8734 4.6
      vertex 21.1 71.4715 0
      vertex 25.6 68.8734 0
    endloop
  endfacet
  facet normal 1 -0 0
    outer loop
      vertex 16.6 63.6773 4.6
      vertex 16.6 68.8734 0
      vertex 16.6 68.8734 4.6
    endloop
  endfacet
  facet normal 1 0 0
    outer loop
      vertex 16.6 68.8734 0
      vertex 16.6 63.6773 4.6
      vertex 16.6 63.6773 0
    endloop
  endfacet
  facet normal 0.500003 0.866023 -0
    outer loop
      vertex 21.1 61.0792 0
      vertex 16.6 63.6773 4.6
      vertex 21.1 61.0792 4.6
    endloop
  endfacet
  facet normal 0.500003 0.866023 0
    outer loop
      vertex 16.6 63.6773 4.6
      vertex 21.1 61.0792 0
      vertex 16.6 63.6773 0
    endloop
  endfacet
  facet normal 0 0 -1
    outer loop
      vertex 21.1 61.0792 4.6
      vertex 25.6 68.8734 4.6
      vertex 25.6 63.6773 4.6
    endloop
  endfacet
  facet normal 0 0 -1
    outer loop
      vertex 21.1 61.0792 4.6
      vertex 21.1 71.4715 4.6
      vertex 25.6 68.8734 4.6
    endloop
  endfacet
  facet normal 0 0 -1
    outer loop
      vertex 16.6 63.6773 4.6
      vertex 21.1 71.4715 4.6
      vertex 21.1 61.0792 4.6
    endloop
  endfacet
  facet normal 0 0 -1
    outer loop
      vertex 21.1 71.4715 4.6
      vertex 16.6 63.6773 4.6
      vertex 16.6 68.8734 4.6
    endloop
  endfacet
  facet normal -0.500003 0.866023 0
    outer loop
      vertex 36.2 63.6773 0
      vertex 31.7 61.0792 4.6
      vertex 36.2 63.6773 4.6
    endloop
  endfacet
  facet normal -0.500003 0.866023 0
    outer loop
      vertex 31.7 61.0792 4.6
      vertex 36.2 63.6773 0
      vertex 31.7 61.0792 0
    endloop
  endfacet
  facet normal -1 0 0
    outer loop
      vertex 36.2 63.6773 0
      vertex 36.2 68.8734 4.6
      vertex 36.2 68.8734 0
    endloop
  endfacet
  facet normal -1 -0 0
    outer loop
      vertex 36.2 68.8734 4.6
      vertex 36.2 63.6773 0
      vertex 36.2 63.6773 4.6
    endloop
  endfacet
  facet normal 0.500003 -0.866023 0
    outer loop
      vertex 27.2 68.8734 0
      vertex 31.7 71.4715 4.6
      vertex 27.2 68.8734 4.6
    endloop
  endfacet
  facet normal 0.500003 -0.866023 0
    outer loop
      vertex 31.7 71.4715 4.6
      vertex 27.2 68.8734 0
      vertex 31.7 71.4715 0
    endloop
  endfacet
  facet normal -0.500003 -0.866023 0
    outer loop
      vertex 31.7 71.4715 0
      vertex 36.2 68.8734 4.6
      vertex 31.7 71.4715 4.6
    endloop
  endfacet
  facet normal -0.500003 -0.866023 -0
    outer loop
      vertex 36.2 68.8734 4.6
      vertex 31.7 71.4715 0
      vertex 36.2 68.8734 0
    endloop
  endfacet
  facet normal 1 -0 0
    outer loop
      vertex 27.2 63.6773 4.6
      vertex 27.2 68.8734 0
      vertex 27.2 68.8734 4.6
    endloop
  endfacet
  facet normal 1 0 0
    outer loop
      vertex 27.2 68.8734 0
      vertex 27.2 63.6773 4.6
      vertex 27.2 63.6773 0
    endloop
  endfacet
  facet normal 0.500003 0.866023 -0
    outer loop
      vertex 31.7 61.0792 0
      vertex 27.2 63.6773 4.6
      vertex 31.7 61.0792 4.6
    endloop
  endfacet
  facet normal 0.500003 0.866023 0
    outer loop
      vertex 27.2 63.6773 4.6
      vertex 31.7 61.0792 0
      vertex 27.2 63.6773 0
    endloop
  endfacet
  facet normal 0 0 -1
    outer loop
      vertex 31.7 61.0792 4.6
      vertex 36.2 68.8734 4.6
      vertex 36.2 63.6773 4.6
    endloop
  endfacet
  facet normal 0 0 -1
    outer loop
      vertex 31.7 61.0792 4.6
      vertex 31.7 71.4715 4.6
      vertex 36.2 68.8734 4.6
    endloop
  endfacet
  facet normal 0 0 -1
    outer loop
      vertex 27.2 63.6773 4.6
      vertex 31.7 71.4715 4.6
      vertex 31.7 61.0792 4.6
    endloop
  endfacet
  facet normal 0 0 -1
    outer loop
      vertex 31.7 71.4715 4.6
      vertex 27.2 63.6773 4.6
      vertex 27.2 68.8734 4.6
    endloop
  endfacet
  facet normal -0.500003 0.866023 0
    outer loop
      vertex 46.8 63.6773 0
      vertex 42.3 61.0792 4.6
      vertex 46.8 63.6773 4.6
    endloop
  endfacet
  facet normal -0.500003 0.866023 0
    outer loop
      vertex 42.3 61.0792 4.6
      vertex 46.8 63.6773 0
      vertex 42.3 61.0792 0
    endloop
  endfacet
  facet normal -1 0 0
    outer loop
      vertex 46.8 63.6773 0
      vertex 46.8 68.8734 4.6
      vertex 46.8 68.8734 0
    endloop
  endfacet
  facet normal -1 -0 0
    outer loop
      vertex 46.8 68.8734 4.6
      vertex 46.8 63.6773 0
      vertex 46.8 63.6773 4.6
    endloop
  endfacet
  facet normal 0.500003 -0.866023 0
    outer loop
      vertex 37.8 68.8734 0
      vertex 42.3 71.4715 4.6
      vertex 37.8 68.8734 4.6
    endloop
  endfacet
  facet normal 0.500003 -0.866023 0
    outer loop
      vertex 42.3 71.4715 4.6
      vertex 37.8 68.8734 0
      vertex 42.3 71.4715 0
    endloop
  endfacet
  facet normal -0.500003 -0.866023 0
    outer loop
      vertex 42.3 71.4715 0
      vertex 46.8 68.8734 4.6
      vertex 42.3 71.4715 4.6
    endloop
  endfacet
  facet normal -0.500003 -0.866023 -0
    outer loop
      vertex 46.8 68.8734 4.6
      vertex 42.3 71.4715 0
      vertex 46.8 68.8734 0
    endloop
  endfacet
  facet normal 1 -0 0
    outer loop
      vertex 37.8 63.6773 4.6
      vertex 37.8 68.8734 0
      vertex 37.8 68.8734 4.6
    endloop
  endfacet
  facet normal 1 0 0
    outer loop
      vertex 37.8 68.8734 0
      vertex 37.8 63.6773 4.6
      vertex 37.8 63.6773 0
    endloop
  endfacet
  facet normal 0.500003 0.866023 -0
    outer loop
      vertex 42.3 61.0792 0
      vertex 37.8 63.6773 4.6
      vertex 42.3 61.0792 4.6
    endloop
  endfacet
  facet normal 0.500003 0.866023 0
    outer loop
      vertex 37.8 63.6773 4.6
      vertex 42.3 61.0792 0
      vertex 37.8 63.6773 0
    endloop
  endfacet
  facet normal 0 0 -1
    outer loop
      vertex 42.3 61.0792 4.6
      vertex 46.8 68.8734 4.6
      vertex 46.8 63.6773 4.6
    endloop
  endfacet
  facet normal 0 0 -1
    outer loop
      vertex 42.3 61.0792 4.6
      vertex 42.3 71.4715 4.6
      vertex 46.8 68.8734 4.6
    endloop
  endfacet
  facet normal 0 0 -1
    outer loop
      vertex 37.8 63.6773 4.6
      vertex 42.3 71.4715 4.6
      vertex 42.3 61.0792 4.6
    endloop
  endfacet
  facet normal 0 0 -1
    outer loop
      vertex 42.3 71.4715 4.6
      vertex 37.8 63.6773 4.6
      vertex 37.8 68.8734 4.6
    endloop
  endfacet
  facet normal -0.500003 0.866023 0
    outer loop
      vertex 57.4 63.6773 0
      vertex 52.9 61.0792 4.6
      vertex 57.4 63.6773 4.6
    endloop
  endfacet
  facet normal -0.500003 0.866023 0
    outer loop
      vertex 52.9 61.0792 4.6
      vertex 57.4 63.6773 0
      vertex 52.9 61.0792 0
    endloop
  endfacet
  facet normal -1 0 0
    outer loop
      vertex 57.4 63.6773 0
      vertex 57.4 68.8734 4.6
      vertex 57.4 68.8734 0
    endloop
  endfacet
  facet normal -1 -0 0
    outer loop
      vertex 57.4 68.8734 4.6
      vertex 57.4 63.6773 0
      vertex 57.4 63.6773 4.6
    endloop
  endfacet
  facet normal 0.500003 -0.866023 0
    outer loop
      vertex 48.4 68.8734 0
      vertex 52.9 71.4715 4.6
      vertex 48.4 68.8734 4.6
    endloop
  endfacet
  facet normal 0.500003 -0.866023 0
    outer loop
      vertex 52.9 71.4715 4.6
      vertex 48.4 68.8734 0
      vertex 52.9 71.4715 0
    endloop
  endfacet
  facet normal -0.500003 -0.866023 0
    outer loop
      vertex 52.9 71.4715 0
      vertex 57.4 68.8734 4.6
      vertex 52.9 71.4715 4.6
    endloop
  endfacet
  facet normal -0.500003 -0.866023 -0
    outer loop
      vertex 57.4 68.8734 4.6
      vertex 52.9 71.4715 0
      vertex 57.4 68.8734 0
    endloop
  endfacet
  facet normal 1 -0 0
    outer loop
      vertex 48.4 63.6773 4.6
      vertex 48.4 68.8734 0
      vertex 48.4 68.8734 4.6
    endloop
  endfacet
  facet normal 1 0 0
    outer loop
      vertex 48.4 68.8734 0
      vertex 48.4 63.6773 4.6
      vertex 48.4 63.6773 0
    endloop
  endfacet
  facet normal 0.500003 0.866023 -0
    outer loop
      vertex 52.9 61.0792 0
      vertex 48.4 63.6773 4.6
      vertex 52.9 61.0792 4.6
    endloop
  endfacet
  facet normal 0.500003 0.866023 0
    outer loop
      vertex 48.4 63.6773 4.6
      vertex 52.9 61.0792 0
      vertex 48.4 63.6773 0
    endloop
  endfacet
  facet normal 0 0 -1
    outer loop
      vertex 52.9 61.0792 4.6
      vertex 57.4 68.8734 4.6
      vertex 57.4 63.6773 4.6
    endloop
  endfacet
  facet normal 0 0 -1
    outer loop
      vertex 52.9 61.0792 4.6
      vertex 52.9 71.4715 4.6
      vertex 57.4 68.8734 4.6
    endloop
  endfacet
  facet normal 0 0 -1
    outer loop
      vertex 48.4 63.6773 4.6
      vertex 52.9 71.4715 4.6
      vertex 52.9 61.0792 4.6
    endloop
  endfacet
  facet normal 0 0 -1
    outer loop
      vertex 52.9 71.4715 4.6
      vertex 48.4 63.6773 4.6
      vertex 48.4 68.8734 4.6
    endloop
  endfacet
  facet normal -0.500003 0.866023 0
    outer loop
      vertex 68 63.6773 0
      vertex 63.5 61.0792 4.6
      vertex 68 63.6773 4.6
    endloop
  endfacet
  facet normal -0.500003 0.866023 0
    outer loop
      vertex 63.5 61.0792 4.6
      vertex 68 63.6773 0
      vertex 63.5 61.0792 0
    endloop
  endfacet
  facet normal -1 0 0
    outer loop
      vertex 68 63.6773 0
      vertex 68 68.8734 4.6
      vertex 68 68.8734 0
    endloop
  endfacet
  facet normal -1 -0 0
    outer loop
      vertex 68 68.8734 4.6
      vertex 68 63.6773 0
      vertex 68 63.6773 4.6
    endloop
  endfacet
  facet normal 0.500003 -0.866023 0
    outer loop
      vertex 59 68.8734 0
      vertex 63.5 71.4715 4.6
      vertex 59 68.8734 4.6
    endloop
  endfacet
  facet normal 0.500003 -0.866023 0
    outer loop
      vertex 63.5 71.4715 4.6
      vertex 59 68.8734 0
      vertex 63.5 71.4715 0
    endloop
  endfacet
  facet normal -0.500003 -0.866023 0
    outer loop
      vertex 63.5 71.4715 0
      vertex 68 68.8734 4.6
      vertex 63.5 71.4715 4.6
    endloop
  endfacet
  facet normal -0.500003 -0.866023 -0
    outer loop
      vertex 68 68.8734 4.6
      vertex 63.5 71.4715 0
      vertex 68 68.8734 0
    endloop
  endfacet
  facet normal 1 -0 0
    outer loop
      vertex 59 63.6773 4.6
      vertex 59 68.8734 0
      vertex 59 68.8734 4.6
    endloop
  endfacet
  facet normal 1 0 0
    outer loop
      vertex 59 68.8734 0
      vertex 59 63.6773 4.6
      vertex 59 63.6773 0
    endloop
  endfacet
  facet normal 0.500003 0.866023 -0
    outer loop
      vertex 63.5 61.0792 0
      vertex 59 63.6773 4.6
      vertex 63.5 61.0792 4.6
    endloop
  endfacet
  facet normal 0.500003 0.866023 0
    outer loop
      vertex 59 63.6773 4.6
      vertex 63.5 61.0792 0
      vertex 59 63.6773 0
    endloop
  endfacet
  facet normal 0 0 -1
    outer loop
      vertex 63.5 61.0792 4.6
      vertex 68 68.8734 4.6
      vertex 68 63.6773 4.6
    endloop
  endfacet
  facet normal 0 0 -1
    outer loop
      vertex 63.5 61.0792 4.6
      vertex 63.5 71.4715 4.6
      vertex 68 68.8734 4.6
    endloop
  endfacet
  facet normal 0 0 -1
    outer loop
      vertex 59 63.6773 4.6
      vertex 63.5 71.4715 4.6
      vertex 63.5 61.0792 4.6
    endloop
  endfacet
  facet normal 0 0 -1
    outer loop
      vertex 63.5 71.4715 4.6
      vertex 59 63.6773 4.6
      vertex 59 68.8734 4.6
    endloop
  endfacet
  facet normal 0.500003 -0.866023 0
    outer loop
      vertex 11.3 78.0533 0
      vertex 15.8 80.6514 4.6
      vertex 11.3 78.0533 4.6
    endloop
  endfacet
  facet normal 0.500003 -0.866023 0
    outer loop
      vertex 15.8 80.6514 4.6
      vertex 11.3 78.0533 0
      vertex 15.8 80.6514 0
    endloop
  endfacet
  facet normal -0.500003 -0.866023 0
    outer loop
      vertex 15.8 80.6514 0
      vertex 20.3 78.0533 4.6
      vertex 15.8 80.6514 4.6
    endloop
  endfacet
  facet normal -0.500003 -0.866023 -0
    outer loop
      vertex 20.3 78.0533 4.6
      vertex 15.8 80.6514 0
      vertex 20.3 78.0533 0
    endloop
  endfacet
  facet normal 1 -0 0
    outer loop
      vertex 11.3 72.8572 4.6
      vertex 11.3 78.0533 0
      vertex 11.3 78.0533 4.6
    endloop
  endfacet
  facet normal 1 0 0
    outer loop
      vertex 11.3 78.0533 0
      vertex 11.3 72.8572 4.6
      vertex 11.3 72.8572 0
    endloop
  endfacet
  facet normal 0 0 -1
    outer loop
      vertex 15.8 70.2591 4.6
      vertex 20.3 78.0533 4.6
      vertex 20.3 72.8572 4.6
    endloop
  endfacet
  facet normal 0 0 -1
    outer loop
      vertex 15.8 70.2591 4.6
      vertex 15.8 80.6514 4.6
      vertex 20.3 78.0533 4.6
    endloop
  endfacet
  facet normal 0 0 -1
    outer loop
      vertex 11.3 72.8572 4.6
      vertex 15.8 80.6514 4.6
      vertex 15.8 70.2591 4.6
    endloop
  endfacet
  facet normal 0 0 -1
    outer loop
      vertex 15.8 80.6514 4.6
      vertex 11.3 72.8572 4.6
      vertex 11.3 78.0533 4.6
    endloop
  endfacet
  facet normal -0.500003 0.866023 0
    outer loop
      vertex 20.3 72.8572 0
      vertex 15.8 70.2591 4.6
      vertex 20.3 72.8572 4.6
    endloop
  endfacet
  facet normal -0.500003 0.866023 0
    outer loop
      vertex 15.8 70.2591 4.6
      vertex 20.3 72.8572 0
      vertex 15.8 70.2591 0
    endloop
  endfacet
  facet normal -1 0 0
    outer loop
      vertex 20.3 72.8572 0
      vertex 20.3 78.0533 4.6
      vertex 20.3 78.0533 0
    endloop
  endfacet
  facet normal -1 -0 0
    outer loop
      vertex 20.3 78.0533 4.6
      vertex 20.3 72.8572 0
      vertex 20.3 72.8572 4.6
    endloop
  endfacet
  facet normal 0.500003 0.866023 -0
    outer loop
      vertex 15.8 70.2591 0
      vertex 11.3 72.8572 4.6
      vertex 15.8 70.2591 4.6
    endloop
  endfacet
  facet normal 0.500003 0.866023 0
    outer loop
      vertex 11.3 72.8572 4.6
      vertex 15.8 70.2591 0
      vertex 11.3 72.8572 0
    endloop
  endfacet
  facet normal 0.500003 -0.866023 0
    outer loop
      vertex 21.9 78.0533 0
      vertex 26.4 80.6514 4.6
      vertex 21.9 78.0533 4.6
    endloop
  endfacet
  facet normal 0.500003 -0.866023 0
    outer loop
      vertex 26.4 80.6514 4.6
      vertex 21.9 78.0533 0
      vertex 26.4 80.6514 0
    endloop
  endfacet
  facet normal -0.500003 -0.866023 0
    outer loop
      vertex 26.4 80.6514 0
      vertex 30.9 78.0533 4.6
      vertex 26.4 80.6514 4.6
    endloop
  endfacet
  facet normal -0.500003 -0.866023 -0
    outer loop
      vertex 30.9 78.0533 4.6
      vertex 26.4 80.6514 0
      vertex 30.9 78.0533 0
    endloop
  endfacet
  facet normal 1 -0 0
    outer loop
      vertex 21.9 72.8572 4.6
      vertex 21.9 78.0533 0
      vertex 21.9 78.0533 4.6
    endloop
  endfacet
  facet normal 1 0 0
    outer loop
      vertex 21.9 78.0533 0
      vertex 21.9 72.8572 4.6
      vertex 21.9 72.8572 0
    endloop
  endfacet
  facet normal 0 0 -1
    outer loop
      vertex 26.4 70.2591 4.6
      vertex 30.9 78.0533 4.6
      vertex 30.9 72.8572 4.6
    endloop
  endfacet
  facet normal 0 0 -1
    outer loop
      vertex 26.4 70.2591 4.6
      vertex 26.4 80.6514 4.6
      vertex 30.9 78.0533 4.6
    endloop
  endfacet
  facet normal 0 0 -1
    outer loop
      vertex 21.9 72.8572 4.6
      vertex 26.4 80.6514 4.6
      vertex 26.4 70.2591 4.6
    endloop
  endfacet
  facet normal 0 0 -1
    outer loop
      vertex 26.4 80.6514 4.6
      vertex 21.9 72.8572 4.6
      vertex 21.9 78.0533 4.6
    endloop
  endfacet
  facet normal -0.500003 0.866023 0
    outer loop
      vertex 30.9 72.8572 0
      vertex 26.4 70.2591 4.6
      vertex 30.9 72.8572 4.6
    endloop
  endfacet
  facet normal -0.500003 0.866023 0
    outer loop
      vertex 26.4 70.2591 4.6
      vertex 30.9 72.8572 0
      vertex 26.4 70.2591 0
    endloop
  endfacet
  facet normal -1 0 0
    outer loop
      vertex 30.9 72.8572 0
      vertex 30.9 78.0533 4.6
      vertex 30.9 78.0533 0
    endloop
  endfacet
  facet normal -1 -0 0
    outer loop
      vertex 30.9 78.0533 4.6
      vertex 30.9 72.8572 0
      vertex 30.9 72.8572 4.6
    endloop
  endfacet
  facet normal 0.500003 0.866023 -0
    outer loop
      vertex 26.4 70.2591 0
      vertex 21.9 72.8572 4.6
      vertex 26.4 70.2591 4.6
    endloop
  endfacet
  facet normal 0.500003 0.866023 0
    outer loop
      vertex 21.9 72.8572 4.6
      vertex 26.4 70.2591 0
      vertex 21.9 72.8572 0
    endloop
  endfacet
  facet normal 0.500003 -0.866023 0
    outer loop
      vertex 32.5 78.0533 0
      vertex 37 80.6514 4.6
      vertex 32.5 78.0533 4.6
    endloop
  endfacet
  facet normal 0.500003 -0.866023 0
    outer loop
      vertex 37 80.6514 4.6
      vertex 32.5 78.0533 0
      vertex 37 80.6514 0
    endloop
  endfacet
  facet normal -0.500003 -0.866023 0
    outer loop
      vertex 37 80.6514 0
      vertex 41.5 78.0533 4.6
      vertex 37 80.6514 4.6
    endloop
  endfacet
  facet normal -0.500003 -0.866023 -0
    outer loop
      vertex 41.5 78.0533 4.6
      vertex 37 80.6514 0
      vertex 41.5 78.0533 0
    endloop
  endfacet
  facet normal 1 -0 0
    outer loop
      vertex 32.5 72.8572 4.6
      vertex 32.5 78.0533 0
      vertex 32.5 78.0533 4.6
    endloop
  endfacet
  facet normal 1 0 0
    outer loop
      vertex 32.5 78.0533 0
      vertex 32.5 72.8572 4.6
      vertex 32.5 72.8572 0
    endloop
  endfacet
  facet normal 0 0 -1
    outer loop
      vertex 37 70.2591 4.6
      vertex 41.5 78.0533 4.6
      vertex 41.5 72.8572 4.6
    endloop
  endfacet
  facet normal 0 0 -1
    outer loop
      vertex 37 70.2591 4.6
      vertex 37 80.6514 4.6
      vertex 41.5 78.0533 4.6
    endloop
  endfacet
  facet normal 0 0 -1
    outer loop
      vertex 32.5 72.8572 4.6
      vertex 37 80.6514 4.6
      vertex 37 70.2591 4.6
    endloop
  endfacet
  facet normal 0 0 -1
    outer loop
      vertex 37 80.6514 4.6
      vertex 32.5 72.8572 4.6
      vertex 32.5 78.0533 4.6
    endloop
  endfacet
  facet normal -0.500003 0.866023 0
    outer loop
      vertex 41.5 72.8572 0
      vertex 37 70.2591 4.6
      vertex 41.5 72.8572 4.6
    endloop
  endfacet
  facet normal -0.500003 0.866023 0
    outer loop
      vertex 37 70.2591 4.6
      vertex 41.5 72.8572 0
      vertex 37 70.2591 0
    endloop
  endfacet
  facet normal -1 0 0
    outer loop
      vertex 41.5 72.8572 0
      vertex 41.5 78.0533 4.6
      vertex 41.5 78.0533 0
    endloop
  endfacet
  facet normal -1 -0 0
    outer loop
      vertex 41.5 78.0533 4.6
      vertex 41.5 72.8572 0
      vertex 41.5 72.8572 4.6
    endloop
  endfacet
  facet normal 0.500003 0.866023 -0
    outer loop
      vertex 37 70.2591 0
      vertex 32.5 72.8572 4.6
      vertex 37 70.2591 4.6
    endloop
  endfacet
  facet normal 0.500003 0.866023 0
    outer loop
      vertex 32.5 72.8572 4.6
      vertex 37 70.2591 0
      vertex 32.5 72.8572 0
    endloop
  endfacet
  facet normal 0.500003 -0.866023 0
    outer loop
      vertex 43.1 78.0533 0
      vertex 47.6 80.6514 4.6
      vertex 43.1 78.0533 4.6
    endloop
  endfacet
  facet normal 0.500003 -0.866023 0
    outer loop
      vertex 47.6 80.6514 4.6
      vertex 43.1 78.0533 0
      vertex 47.6 80.6514 0
    endloop
  endfacet
  facet normal -0.500003 -0.866023 0
    outer loop
      vertex 47.6 80.6514 0
      vertex 52.1 78.0533 4.6
      vertex 47.6 80.6514 4.6
    endloop
  endfacet
  facet normal -0.500003 -0.866023 -0
    outer loop
      vertex 52.1 78.0533 4.6
      vertex 47.6 80.6514 0
      vertex 52.1 78.0533 0
    endloop
  endfacet
  facet normal 1 -0 0
    outer loop
      vertex 43.1 72.8572 4.6
      vertex 43.1 78.0533 0
      vertex 43.1 78.0533 4.6
    endloop
  endfacet
  facet normal 1 0 0
    outer loop
      vertex 43.1 78.0533 0
      vertex 43.1 72.8572 4.6
      vertex 43.1 72.8572 0
    endloop
  endfacet
  facet normal 0 0 -1
    outer loop
      vertex 47.6 70.2591 4.6
      vertex 52.1 78.0533 4.6
      vertex 52.1 72.8572 4.6
    endloop
  endfacet
  facet normal 0 0 -1
    outer loop
      vertex 47.6 70.2591 4.6
      vertex 47.6 80.6514 4.6
      vertex 52.1 78.0533 4.6
    endloop
  endfacet
  facet normal 0 0 -1
    outer loop
      vertex 43.1 72.8572 4.6
      vertex 47.6 80.6514 4.6
      vertex 47.6 70.2591 4.6
    endloop
  endfacet
  facet normal 0 0 -1
    outer loop
      vertex 47.6 80.6514 4.6
      vertex 43.1 72.8572 4.6
      vertex 43.1 78.0533 4.6
    endloop
  endfacet
  facet normal -0.500003 0.866023 0
    outer loop
      vertex 52.1 72.8572 0
      vertex 47.6 70.2591 4.6
      vertex 52.1 72.8572 4.6
    endloop
  endfacet
  facet normal -0.500003 0.866023 0
    outer loop
      vertex 47.6 70.2591 4.6
      vertex 52.1 72.8572 0
      vertex 47.6 70.2591 0
    endloop
  endfacet
  facet normal -1 0 0
    outer loop
      vertex 52.1 72.8572 0
      vertex 52.1 78.0533 4.6
      vertex 52.1 78.0533 0
    endloop
  endfacet
  facet normal -1 -0 0
    outer loop
      vertex 52.1 78.0533 4.6
      vertex 52.1 72.8572 0
      vertex 52.1 72.8572 4.6
    endloop
  endfacet
  facet normal 0.500003 0.866023 -0
    outer loop
      vertex 47.6 70.2591 0
      vertex 43.1 72.8572 4.6
      vertex 47.6 70.2591 4.6
    endloop
  endfacet
  facet normal 0.500003 0.866023 0
    outer loop
      vertex 43.1 72.8572 4.6
      vertex 47.6 70.2591 0
      vertex 43.1 72.8572 0
    endloop
  endfacet
  facet normal 0.500003 -0.866023 0
    outer loop
      vertex 53.7 78.0533 0
      vertex 58.2 80.6514 4.6
      vertex 53.7 78.0533 4.6
    endloop
  endfacet
  facet normal 0.500003 -0.866023 0
    outer loop
      vertex 58.2 80.6514 4.6
      vertex 53.7 78.0533 0
      vertex 58.2 80.6514 0
    endloop
  endfacet
  facet normal -0.500003 -0.866023 0
    outer loop
      vertex 58.2 80.6514 0
      vertex 62.7 78.0533 4.6
      vertex 58.2 80.6514 4.6
    endloop
  endfacet
  facet normal -0.500003 -0.866023 -0
    outer loop
      vertex 62.7 78.0533 4.6
      vertex 58.2 80.6514 0
      vertex 62.7 78.0533 0
    endloop
  endfacet
  facet normal 1 -0 0
    outer loop
      vertex 53.7 72.8572 4.6
      vertex 53.7 78.0533 0
      vertex 53.7 78.0533 4.6
    endloop
  endfacet
  facet normal 1 0 0
    outer loop
      vertex 53.7 78.0533 0
      vertex 53.7 72.8572 4.6
      vertex 53.7 72.8572 0
    endloop
  endfacet
  facet normal 0 0 -1
    outer loop
      vertex 58.2 70.2591 4.6
      vertex 62.7 78.0533 4.6
      vertex 62.7 72.8572 4.6
    endloop
  endfacet
  facet normal 0 0 -1
    outer loop
      vertex 58.2 70.2591 4.6
      vertex 58.2 80.6514 4.6
      vertex 62.7 78.0533 4.6
    endloop
  endfacet
  facet normal 0 0 -1
    outer loop
      vertex 53.7 72.8572 4.6
      vertex 58.2 80.6514 4.6
      vertex 58.2 70.2591 4.6
    endloop
  endfacet
  facet normal 0 0 -1
    outer loop
      vertex 58.2 80.6514 4.6
      vertex 53.7 72.8572 4.6
      vertex 53.7 78.0533 4.6
    endloop
  endfacet
  facet normal -0.500003 0.866023 0
    outer loop
      vertex 62.7 72.8572 0
      vertex 58.2 70.2591 4.6
      vertex 62.7 72.8572 4.6
    endloop
  endfacet
  facet normal -0.500003 0.866023 0
    outer loop
      vertex 58.2 70.2591 4.6
      vertex 62.7 72.8572 0
      vertex 58.2 70.2591 0
    endloop
  endfacet
  facet normal -1 0 0
    outer loop
      vertex 62.7 72.8572 0
      vertex 62.7 78.0533 4.6
      vertex 62.7 78.0533 0
    endloop
  endfacet
  facet normal -1 -0 0
    outer loop
      vertex 62.7 78.0533 4.6
      vertex 62.7 72.8572 0
      vertex 62.7 72.8572 4.6
    endloop
  endfacet
  facet normal 0.500003 0.866023 -0
    outer loop
      vertex 58.2 70.2591 0
      vertex 53.7 72.8572 4.6
      vertex 58.2 70.2591 4.6
    endloop
  endfacet
  facet normal 0.500003 0.866023 0
    outer loop
      vertex 53.7 72.8572 4.6
      vertex 58.2 70.2591 0
      vertex 53.7 72.8572 0
    endloop
  endfacet
  facet normal 0.500003 -0.866023 0
    outer loop
      vertex 64.3 78.0533 0
      vertex 68.8 80.6514 4.6
      vertex 64.3 78.0533 4.6
    endloop
  endfacet
  facet normal 0.500003 -0.866023 0
    outer loop
      vertex 68.8 80.6514 4.6
      vertex 64.3 78.0533 0
      vertex 68.8 80.6514 0
    endloop
  endfacet
  facet normal -0.500003 -0.866023 0
    outer loop
      vertex 68.8 80.6514 0
      vertex 73.3 78.0533 4.6
      vertex 68.8 80.6514 4.6
    endloop
  endfacet
  facet normal -0.500003 -0.866023 -0
    outer loop
      vertex 73.3 78.0533 4.6
      vertex 68.8 80.6514 0
      vertex 73.3 78.0533 0
    endloop
  endfacet
  facet normal 1 -0 0
    outer loop
      vertex 64.3 72.8572 4.6
      vertex 64.3 78.0533 0
      vertex 64.3 78.0533 4.6
    endloop
  endfacet
  facet normal 1 0 0
    outer loop
      vertex 64.3 78.0533 0
      vertex 64.3 72.8572 4.6
      vertex 64.3 72.8572 0
    endloop
  endfacet
  facet normal 0 0 -1
    outer loop
      vertex 68.8 70.2591 4.6
      vertex 73.3 78.0533 4.6
      vertex 73.3 72.8572 4.6
    endloop
  endfacet
  facet normal 0 0 -1
    outer loop
      vertex 68.8 70.2591 4.6
      vertex 68.8 80.6514 4.6
      vertex 73.3 78.0533 4.6
    endloop
  endfacet
  facet normal 0 0 -1
    outer loop
      vertex 64.3 72.8572 4.6
      vertex 68.8 80.6514 4.6
      vertex 68.8 70.2591 4.6
    endloop
  endfacet
  facet normal 0 0 -1
    outer loop
      vertex 68.8 80.6514 4.6
      vertex 64.3 72.8572 4.6
      vertex 64.3 78.0533 4.6
    endloop
  endfacet
  facet normal -0.500003 0.866023 0
    outer loop
      vertex 73.3 72.8572 0
      vertex 68.8 70.2591 4.6
      vertex 73.3 72.8572 4.6
    endloop
  endfacet
  facet normal -0.500003 0.866023 0
    outer loop
      vertex 68.8 70.2591 4.6
      vertex 73.3 72.8572 0
      vertex 68.8 70.2591 0
    endloop
  endfacet
  facet normal -1 0 0
    outer loop
      vertex 73.3 72.8572 0
      vertex 73.3 78.0533 4.6
      vertex 73.3 78.0533 0
    endloop
  endfacet
  facet normal -1 -0 0
    outer loop
      vertex 73.3 78.0533 4.6
      vertex 73.3 72.8572 0
      vertex 73.3 72.8572 4.6
    endloop
  endfacet
  facet normal 0.500003 0.866023 -0
    outer loop
      vertex 68.8 70.2591 0
      vertex 64.3 72.8572 4.6
      vertex 68.8 70.2591 4.6
    endloop
  endfacet
  facet normal 0.500003 0.866023 0
    outer loop
      vertex 64.3 72.8572 4.6
      vertex 68.8 70.2591 0
      vertex 64.3 72.8572 0
    endloop
  endfacet
  facet normal -0.500003 0.866023 0
    outer loop
      vertex 15 82.037 0
      vertex 10.5 79.4389 4.6
      vertex 15 82.037 4.6
    endloop
  endfacet
  facet normal -0.500003 0.866023 0
    outer loop
      vertex 10.5 79.4389 4.6
      vertex 15 82.037 0
      vertex 10.5 79.4389 0
    endloop
  endfacet
  facet normal -1 0 0
    outer loop
      vertex 15 82.037 0
      vertex 15 87.2332 4.6
      vertex 15 87.2332 0
    endloop
  endfacet
  facet normal -1 -0 0
    outer loop
      vertex 15 87.2332 4.6
      vertex 15 82.037 0
      vertex 15 82.037 4.6
    endloop
  endfacet
  facet normal 0.500003 -0.866023 0
    outer loop
      vertex 6 87.2332 0
      vertex 10.5 89.8313 4.6
      vertex 6 87.2332 4.6
    endloop
  endfacet
  facet normal 0.500003 -0.866023 0
    outer loop
      vertex 10.5 89.8313 4.6
      vertex 6 87.2332 0
      vertex 10.5 89.8313 0
    endloop
  endfacet
  facet normal -0.500003 -0.866023 0
    outer loop
      vertex 10.5 89.8313 0
      vertex 15 87.2332 4.6
      vertex 10.5 89.8313 4.6
    endloop
  endfacet
  facet normal -0.500003 -0.866023 -0
    outer loop
      vertex 15 87.2332 4.6
      vertex 10.5 89.8313 0
      vertex 15 87.2332 0
    endloop
  endfacet
  facet normal 1 -0 0
    outer loop
      vertex 6 82.037 4.6
      vertex 6 87.2332 0
      vertex 6 87.2332 4.6
    endloop
  endfacet
  facet normal 1 0 0
    outer loop
      vertex 6 87.2332 0
      vertex 6 82.037 4.6
      vertex 6 82.037 0
    endloop
  endfacet
  facet normal 0.500003 0.866023 -0
    outer loop
      vertex 10.5 79.4389 0
      vertex 6 82.037 4.6
      vertex 10.5 79.4389 4.6
    endloop
  endfacet
  facet normal 0.500003 0.866023 0
    outer loop
      vertex 6 82.037 4.6
      vertex 10.5 79.4389 0
      vertex 6 82.037 0
    endloop
  endfacet
  facet normal 0 0 -1
    outer loop
      vertex 10.5 79.4389 4.6
      vertex 15 87.2332 4.6
      vertex 15 82.037 4.6
    endloop
  endfacet
  facet normal 0 0 -1
    outer loop
      vertex 10.5 79.4389 4.6
      vertex 10.5 89.8313 4.6
      vertex 15 87.2332 4.6
    endloop
  endfacet
  facet normal 0 0 -1
    outer loop
      vertex 6 82.037 4.6
      vertex 10.5 89.8313 4.6
      vertex 10.5 79.4389 4.6
    endloop
  endfacet
  facet normal 0 0 -1
    outer loop
      vertex 10.5 89.8313 4.6
      vertex 6 82.037 4.6
      vertex 6 87.2332 4.6
    endloop
  endfacet
  facet normal -0.500003 0.866023 0
    outer loop
      vertex 25.6 82.037 0
      vertex 21.1 79.4389 4.6
      vertex 25.6 82.037 4.6
    endloop
  endfacet
  facet normal -0.500003 0.866023 0
    outer loop
      vertex 21.1 79.4389 4.6
      vertex 25.6 82.037 0
      vertex 21.1 79.4389 0
    endloop
  endfacet
  facet normal -1 0 0
    outer loop
      vertex 25.6 82.037 0
      vertex 25.6 87.2332 4.6
      vertex 25.6 87.2332 0
    endloop
  endfacet
  facet normal -1 -0 0
    outer loop
      vertex 25.6 87.2332 4.6
      vertex 25.6 82.037 0
      vertex 25.6 82.037 4.6
    endloop
  endfacet
  facet normal 0.500003 -0.866023 0
    outer loop
      vertex 16.6 87.2332 0
      vertex 21.1 89.8313 4.6
      vertex 16.6 87.2332 4.6
    endloop
  endfacet
  facet normal 0.500003 -0.866023 0
    outer loop
      vertex 21.1 89.8313 4.6
      vertex 16.6 87.2332 0
      vertex 21.1 89.8313 0
    endloop
  endfacet
  facet normal -0.500003 -0.866023 0
    outer loop
      vertex 21.1 89.8313 0
      vertex 25.6 87.2332 4.6
      vertex 21.1 89.8313 4.6
    endloop
  endfacet
  facet normal -0.500003 -0.866023 -0
    outer loop
      vertex 25.6 87.2332 4.6
      vertex 21.1 89.8313 0
      vertex 25.6 87.2332 0
    endloop
  endfacet
  facet normal 1 -0 0
    outer loop
      vertex 16.6 82.037 4.6
      vertex 16.6 87.2332 0
      vertex 16.6 87.2332 4.6
    endloop
  endfacet
  facet normal 1 0 0
    outer loop
      vertex 16.6 87.2332 0
      vertex 16.6 82.037 4.6
      vertex 16.6 82.037 0
    endloop
  endfacet
  facet normal 0.500003 0.866023 -0
    outer loop
      vertex 21.1 79.4389 0
      vertex 16.6 82.037 4.6
      vertex 21.1 79.4389 4.6
    endloop
  endfacet
  facet normal 0.500003 0.866023 0
    outer loop
      vertex 16.6 82.037 4.6
      vertex 21.1 79.4389 0
      vertex 16.6 82.037 0
    endloop
  endfacet
  facet normal 0 0 -1
    outer loop
      vertex 21.1 79.4389 4.6
      vertex 25.6 87.2332 4.6
      vertex 25.6 82.037 4.6
    endloop
  endfacet
  facet normal 0 0 -1
    outer loop
      vertex 21.1 79.4389 4.6
      vertex 21.1 89.8313 4.6
      vertex 25.6 87.2332 4.6
    endloop
  endfacet
  facet normal 0 0 -1
    outer loop
      vertex 16.6 82.037 4.6
      vertex 21.1 89.8313 4.6
      vertex 21.1 79.4389 4.6
    endloop
  endfacet
  facet normal 0 0 -1
    outer loop
      vertex 21.1 89.8313 4.6
      vertex 16.6 82.037 4.6
      vertex 16.6 87.2332 4.6
    endloop
  endfacet
  facet normal -0.500003 0.866023 0
    outer loop
      vertex 36.2 82.037 0
      vertex 31.7 79.4389 4.6
      vertex 36.2 82.037 4.6
    endloop
  endfacet
  facet normal -0.500003 0.866023 0
    outer loop
      vertex 31.7 79.4389 4.6
      vertex 36.2 82.037 0
      vertex 31.7 79.4389 0
    endloop
  endfacet
  facet normal -1 0 0
    outer loop
      vertex 36.2 82.037 0
      vertex 36.2 87.2332 4.6
      vertex 36.2 87.2332 0
    endloop
  endfacet
  facet normal -1 -0 0
    outer loop
      vertex 36.2 87.2332 4.6
      vertex 36.2 82.037 0
      vertex 36.2 82.037 4.6
    endloop
  endfacet
  facet normal 0.500003 -0.866023 0
    outer loop
      vertex 27.2 87.2332 0
      vertex 31.7 89.8313 4.6
      vertex 27.2 87.2332 4.6
    endloop
  endfacet
  facet normal 0.500003 -0.866023 0
    outer loop
      vertex 31.7 89.8313 4.6
      vertex 27.2 87.2332 0
      vertex 31.7 89.8313 0
    endloop
  endfacet
  facet normal -0.500003 -0.866023 0
    outer loop
      vertex 31.7 89.8313 0
      vertex 36.2 87.2332 4.6
      vertex 31.7 89.8313 4.6
    endloop
  endfacet
  facet normal -0.500003 -0.866023 -0
    outer loop
      vertex 36.2 87.2332 4.6
      vertex 31.7 89.8313 0
      vertex 36.2 87.2332 0
    endloop
  endfacet
  facet normal 1 -0 0
    outer loop
      vertex 27.2 82.037 4.6
      vertex 27.2 87.2332 0
      vertex 27.2 87.2332 4.6
    endloop
  endfacet
  facet normal 1 0 0
    outer loop
      vertex 27.2 87.2332 0
      vertex 27.2 82.037 4.6
      vertex 27.2 82.037 0
    endloop
  endfacet
  facet normal 0.500003 0.866023 -0
    outer loop
      vertex 31.7 79.4389 0
      vertex 27.2 82.037 4.6
      vertex 31.7 79.4389 4.6
    endloop
  endfacet
  facet normal 0.500003 0.866023 0
    outer loop
      vertex 27.2 82.037 4.6
      vertex 31.7 79.4389 0
      vertex 27.2 82.037 0
    endloop
  endfacet
  facet normal 0 0 -1
    outer loop
      vertex 31.7 79.4389 4.6
      vertex 36.2 87.2332 4.6
      vertex 36.2 82.037 4.6
    endloop
  endfacet
  facet normal 0 0 -1
    outer loop
      vertex 31.7 79.4389 4.6
      vertex 31.7 89.8313 4.6
      vertex 36.2 87.2332 4.6
    endloop
  endfacet
  facet normal 0 0 -1
    outer loop
      vertex 27.2 82.037 4.6
      vertex 31.7 89.8313 4.6
      vertex 31.7 79.4389 4.6
    endloop
  endfacet
  facet normal 0 0 -1
    outer loop
      vertex 31.7 89.8313 4.6
      vertex 27.2 82.037 4.6
      vertex 27.2 87.2332 4.6
    endloop
  endfacet
  facet normal -0.500003 0.866023 0
    outer loop
      vertex 46.8 82.037 0
      vertex 42.3 79.4389 4.6
      vertex 46.8 82.037 4.6
    endloop
  endfacet
  facet normal -0.500003 0.866023 0
    outer loop
      vertex 42.3 79.4389 4.6
      vertex 46.8 82.037 0
      vertex 42.3 79.4389 0
    endloop
  endfacet
  facet normal -1 0 0
    outer loop
      vertex 46.8 82.037 0
      vertex 46.8 87.2332 4.6
      vertex 46.8 87.2332 0
    endloop
  endfacet
  facet normal -1 -0 0
    outer loop
      vertex 46.8 87.2332 4.6
      vertex 46.8 82.037 0
      vertex 46.8 82.037 4.6
    endloop
  endfacet
  facet normal 0.500003 -0.866023 0
    outer loop
      vertex 37.8 87.2332 0
      vertex 42.3 89.8313 4.6
      vertex 37.8 87.2332 4.6
    endloop
  endfacet
  facet normal 0.500003 -0.866023 0
    outer loop
      vertex 42.3 89.8313 4.6
      vertex 37.8 87.2332 0
      vertex 42.3 89.8313 0
    endloop
  endfacet
  facet normal -0.500003 -0.866023 0
    outer loop
      vertex 42.3 89.8313 0
      vertex 46.8 87.2332 4.6
      vertex 42.3 89.8313 4.6
    endloop
  endfacet
  facet normal -0.500003 -0.866023 -0
    outer loop
      vertex 46.8 87.2332 4.6
      vertex 42.3 89.8313 0
      vertex 46.8 87.2332 0
    endloop
  endfacet
  facet normal 1 -0 0
    outer loop
      vertex 37.8 82.037 4.6
      vertex 37.8 87.2332 0
      vertex 37.8 87.2332 4.6
    endloop
  endfacet
  facet normal 1 0 0
    outer loop
      vertex 37.8 87.2332 0
      vertex 37.8 82.037 4.6
      vertex 37.8 82.037 0
    endloop
  endfacet
  facet normal 0.500003 0.866023 -0
    outer loop
      vertex 42.3 79.4389 0
      vertex 37.8 82.037 4.6
      vertex 42.3 79.4389 4.6
    endloop
  endfacet
  facet normal 0.500003 0.866023 0
    outer loop
      vertex 37.8 82.037 4.6
      vertex 42.3 79.4389 0
      vertex 37.8 82.037 0
    endloop
  endfacet
  facet normal 0 0 -1
    outer loop
      vertex 42.3 79.4389 4.6
      vertex 46.8 87.2332 4.6
      vertex 46.8 82.037 4.6
    endloop
  endfacet
  facet normal 0 0 -1
    outer loop
      vertex 42.3 79.4389 4.6
      vertex 42.3 89.8313 4.6
      vertex 46.8 87.2332 4.6
    endloop
  endfacet
  facet normal 0 0 -1
    outer loop
      vertex 37.8 82.037 4.6
      vertex 42.3 89.8313 4.6
      vertex 42.3 79.4389 4.6
    endloop
  endfacet
  facet normal 0 0 -1
    outer loop
      vertex 42.3 89.8313 4.6
      vertex 37.8 82.037 4.6
      vertex 37.8 87.2332 4.6
    endloop
  endfacet
  facet normal -0.500003 0.866023 0
    outer loop
      vertex 57.4 82.037 0
      vertex 52.9 79.4389 4.6
      vertex 57.4 82.037 4.6
    endloop
  endfacet
  facet normal -0.500003 0.866023 0
    outer loop
      vertex 52.9 79.4389 4.6
      vertex 57.4 82.037 0
      vertex 52.9 79.4389 0
    endloop
  endfacet
  facet normal -1 0 0
    outer loop
      vertex 57.4 82.037 0
      vertex 57.4 87.2332 4.6
      vertex 57.4 87.2332 0
    endloop
  endfacet
  facet normal -1 -0 0
    outer loop
      vertex 57.4 87.2332 4.6
      vertex 57.4 82.037 0
      vertex 57.4 82.037 4.6
    endloop
  endfacet
  facet normal 0.500003 -0.866023 0
    outer loop
      vertex 48.4 87.2332 0
      vertex 52.9 89.8313 4.6
      vertex 48.4 87.2332 4.6
    endloop
  endfacet
  facet normal 0.500003 -0.866023 0
    outer loop
      vertex 52.9 89.8313 4.6
      vertex 48.4 87.2332 0
      vertex 52.9 89.8313 0
    endloop
  endfacet
  facet normal -0.500003 -0.866023 0
    outer loop
      vertex 52.9 89.8313 0
      vertex 57.4 87.2332 4.6
      vertex 52.9 89.8313 4.6
    endloop
  endfacet
  facet normal -0.500003 -0.866023 -0
    outer loop
      vertex 57.4 87.2332 4.6
      vertex 52.9 89.8313 0
      vertex 57.4 87.2332 0
    endloop
  endfacet
  facet normal 1 -0 0
    outer loop
      vertex 48.4 82.037 4.6
      vertex 48.4 87.2332 0
      vertex 48.4 87.2332 4.6
    endloop
  endfacet
  facet normal 1 0 0
    outer loop
      vertex 48.4 87.2332 0
      vertex 48.4 82.037 4.6
      vertex 48.4 82.037 0
    endloop
  endfacet
  facet normal 0.500003 0.866023 -0
    outer loop
      vertex 52.9 79.4389 0
      vertex 48.4 82.037 4.6
      vertex 52.9 79.4389 4.6
    endloop
  endfacet
  facet normal 0.500003 0.866023 0
    outer loop
      vertex 48.4 82.037 4.6
      vertex 52.9 79.4389 0
      vertex 48.4 82.037 0
    endloop
  endfacet
  facet normal 0 0 -1
    outer loop
      vertex 52.9 79.4389 4.6
      vertex 57.4 87.2332 4.6
      vertex 57.4 82.037 4.6
    endloop
  endfacet
  facet normal 0 0 -1
    outer loop
      vertex 52.9 79.4389 4.6
      vertex 52.9 89.8313 4.6
      vertex 57.4 87.2332 4.6
    endloop
  endfacet
  facet normal 0 0 -1
    outer loop
      vertex 48.4 82.037 4.6
      vertex 52.9 89.8313 4.6
      vertex 52.9 79.4389 4.6
    endloop
  endfacet
  facet normal 0 0 -1
    outer loop
      vertex 52.9 89.8313 4.6
      vertex 48.4 82.037 4.6
      vertex 48.4 87.2332 4.6
    endloop
  endfacet
  facet normal -0.500003 0.866023 0
    outer loop
      vertex 68 82.037 0
      vertex 63.5 79.4389 4.6
      vertex 68 82.037 4.6
    endloop
  endfacet
  facet normal -0.500003 0.866023 0
    outer loop
      vertex 63.5 79.4389 4.6
      vertex 68 82.037 0
      vertex 63.5 79.4389 0
    endloop
  endfacet
  facet normal -1 0 0
    outer loop
      vertex 68 82.037 0
      vertex 68 87.2332 4.6
      vertex 68 87.2332 0
    endloop
  endfacet
  facet normal -1 -0 0
    outer loop
      vertex 68 87.2332 4.6
      vertex 68 82.037 0
      vertex 68 82.037 4.6
    endloop
  endfacet
  facet normal 0.500003 -0.866023 0
    outer loop
      vertex 59 87.2332 0
      vertex 63.5 89.8313 4.6
      vertex 59 87.2332 4.6
    endloop
  endfacet
  facet normal 0.500003 -0.866023 0
    outer loop
      vertex 63.5 89.8313 4.6
      vertex 59 87.2332 0
      vertex 63.5 89.8313 0
    endloop
  endfacet
  facet normal -0.500003 -0.866023 0
    outer loop
      vertex 63.5 89.8313 0
      vertex 68 87.2332 4.6
      vertex 63.5 89.8313 4.6
    endloop
  endfacet
  facet normal -0.500003 -0.866023 -0
    outer loop
      vertex 68 87.2332 4.6
      vertex 63.5 89.8313 0
      vertex 68 87.2332 0
    endloop
  endfacet
  facet normal 1 -0 0
    outer loop
      vertex 59 82.037 4.6
      vertex 59 87.2332 0
      vertex 59 87.2332 4.6
    endloop
  endfacet
  facet normal 1 0 0
    outer loop
      vertex 59 87.2332 0
      vertex 59 82.037 4.6
      vertex 59 82.037 0
    endloop
  endfacet
  facet normal 0.500003 0.866023 -0
    outer loop
      vertex 63.5 79.4389 0
      vertex 59 82.037 4.6
      vertex 63.5 79.4389 4.6
    endloop
  endfacet
  facet normal 0.500003 0.866023 0
    outer loop
      vertex 59 82.037 4.6
      vertex 63.5 79.4389 0
      vertex 59 82.037 0
    endloop
  endfacet
  facet normal 0 0 -1
    outer loop
      vertex 63.5 79.4389 4.6
      vertex 68 87.2332 4.6
      vertex 68 82.037 4.6
    endloop
  endfacet
  facet normal 0 0 -1
    outer loop
      vertex 63.5 79.4389 4.6
      vertex 63.5 89.8313 4.6
      vertex 68 87.2332 4.6
    endloop
  endfacet
  facet normal 0 0 -1
    outer loop
      vertex 59 82.037 4.6
      vertex 63.5 89.8313 4.6
      vertex 63.5 79.4389 4.6
    endloop
  endfacet
  facet normal 0 0 -1
    outer loop
      vertex 63.5 89.8313 4.6
      vertex 59 82.037 4.6
      vertex 59 87.2332 4.6
    endloop
  endfacet
  facet normal 0.499989 -0.866032 0
    outer loop
      vertex 11.3 96.4131 0
      vertex 15.8 99.0111 4.6
      vertex 11.3 96.4131 4.6
    endloop
  endfacet
  facet normal 0.499989 -0.866032 0
    outer loop
      vertex 15.8 99.0111 4.6
      vertex 11.3 96.4131 0
      vertex 15.8 99.0111 0
    endloop
  endfacet
  facet normal -0.499989 -0.866032 0
    outer loop
      vertex 15.8 99.0111 0
      vertex 20.3 96.4131 4.6
      vertex 15.8 99.0111 4.6
    endloop
  endfacet
  facet normal -0.499989 -0.866032 -0
    outer loop
      vertex 20.3 96.4131 4.6
      vertex 15.8 99.0111 0
      vertex 20.3 96.4131 0
    endloop
  endfacet
  facet normal 1 -0 0
    outer loop
      vertex 11.3 91.2169 4.6
      vertex 11.3 96.4131 0
      vertex 11.3 96.4131 4.6
    endloop
  endfacet
  facet normal 1 0 0
    outer loop
      vertex 11.3 96.4131 0
      vertex 11.3 91.2169 4.6
      vertex 11.3 91.2169 0
    endloop
  endfacet
  facet normal 0 0 -1
    outer loop
      vertex 15.8 88.6188 4.6
      vertex 20.3 96.4131 4.6
      vertex 20.3 91.2169 4.6
    endloop
  endfacet
  facet normal 0 0 -1
    outer loop
      vertex 15.8 88.6188 4.6
      vertex 15.8 99.0111 4.6
      vertex 20.3 96.4131 4.6
    endloop
  endfacet
  facet normal 0 0 -1
    outer loop
      vertex 11.3 91.2169 4.6
      vertex 15.8 99.0111 4.6
      vertex 15.8 88.6188 4.6
    endloop
  endfacet
  facet normal 0 0 -1
    outer loop
      vertex 15.8 99.0111 4.6
      vertex 11.3 91.2169 4.6
      vertex 11.3 96.4131 4.6
    endloop
  endfacet
  facet normal -0.500003 0.866023 0
    outer loop
      vertex 20.3 91.2169 0
      vertex 15.8 88.6188 4.6
      vertex 20.3 91.2169 4.6
    endloop
  endfacet
  facet normal -0.500003 0.866023 0
    outer loop
      vertex 15.8 88.6188 4.6
      vertex 20.3 91.2169 0
      vertex 15.8 88.6188 0
    endloop
  endfacet
  facet normal -1 0 0
    outer loop
      vertex 20.3 91.2169 0
      vertex 20.3 96.4131 4.6
      vertex 20.3 96.4131 0
    endloop
  endfacet
  facet normal -1 -0 0
    outer loop
      vertex 20.3 96.4131 4.6
      vertex 20.3 91.2169 0
      vertex 20.3 91.2169 4.6
    endloop
  endfacet
  facet normal 0.500003 0.866023 -0
    outer loop
      vertex 15.8 88.6188 0
      vertex 11.3 91.2169 4.6
      vertex 15.8 88.6188 4.6
    endloop
  endfacet
  facet normal 0.500003 0.866023 0
    outer loop
      vertex 11.3 91.2169 4.6
      vertex 15.8 88.6188 0
      vertex 11.3 91.2169 0
    endloop
  endfacet
  facet normal 0.499989 -0.866032 0
    outer loop
      vertex 21.9 96.4131 0
      vertex 26.4 99.0111 4.6
      vertex 21.9 96.4131 4.6
    endloop
  endfacet
  facet normal 0.499989 -0.866032 0
    outer loop
      vertex 26.4 99.0111 4.6
      vertex 21.9 96.4131 0
      vertex 26.4 99.0111 0
    endloop
  endfacet
  facet normal -0.499989 -0.866032 0
    outer loop
      vertex 26.4 99.0111 0
      vertex 30.9 96.4131 4.6
      vertex 26.4 99.0111 4.6
    endloop
  endfacet
  facet normal -0.499989 -0.866032 -0
    outer loop
      vertex 30.9 96.4131 4.6
      vertex 26.4 99.0111 0
      vertex 30.9 96.4131 0
    endloop
  endfacet
  facet normal 1 -0 0
    outer loop
      vertex 21.9 91.2169 4.6
      vertex 21.9 96.4131 0
      vertex 21.9 96.4131 4.6
    endloop
  endfacet
  facet normal 1 0 0
    outer loop
      vertex 21.9 96.4131 0
      vertex 21.9 91.2169 4.6
      vertex 21.9 91.2169 0
    endloop
  endfacet
  facet normal 0 0 -1
    outer loop
      vertex 26.4 88.6188 4.6
      vertex 30.9 96.4131 4.6
      vertex 30.9 91.2169 4.6
    endloop
  endfacet
  facet normal 0 0 -1
    outer loop
      vertex 26.4 88.6188 4.6
      vertex 26.4 99.0111 4.6
      vertex 30.9 96.4131 4.6
    endloop
  endfacet
  facet normal 0 0 -1
    outer loop
      vertex 21.9 91.2169 4.6
      vertex 26.4 99.0111 4.6
      vertex 26.4 88.6188 4.6
    endloop
  endfacet
  facet normal 0 0 -1
    outer loop
      vertex 26.4 99.0111 4.6
      vertex 21.9 91.2169 4.6
      vertex 21.9 96.4131 4.6
    endloop
  endfacet
  facet normal -0.500003 0.866023 0
    outer loop
      vertex 30.9 91.2169 0
      vertex 26.4 88.6188 4.6
      vertex 30.9 91.2169 4.6
    endloop
  endfacet
  facet normal -0.500003 0.866023 0
    outer loop
      vertex 26.4 88.6188 4.6
      vertex 30.9 91.2169 0
      vertex 26.4 88.6188 0
    endloop
  endfacet
  facet normal -1 0 0
    outer loop
      vertex 30.9 91.2169 0
      vertex 30.9 96.4131 4.6
      vertex 30.9 96.4131 0
    endloop
  endfacet
  facet normal -1 -0 0
    outer loop
      vertex 30.9 96.4131 4.6
      vertex 30.9 91.2169 0
      vertex 30.9 91.2169 4.6
    endloop
  endfacet
  facet normal 0.500003 0.866023 -0
    outer loop
      vertex 26.4 88.6188 0
      vertex 21.9 91.2169 4.6
      vertex 26.4 88.6188 4.6
    endloop
  endfacet
  facet normal 0.500003 0.866023 0
    outer loop
      vertex 21.9 91.2169 4.6
      vertex 26.4 88.6188 0
      vertex 21.9 91.2169 0
    endloop
  endfacet
  facet normal 0.499989 -0.866032 0
    outer loop
      vertex 32.5 96.4131 0
      vertex 37 99.0111 4.6
      vertex 32.5 96.4131 4.6
    endloop
  endfacet
  facet normal 0.499989 -0.866032 0
    outer loop
      vertex 37 99.0111 4.6
      vertex 32.5 96.4131 0
      vertex 37 99.0111 0
    endloop
  endfacet
  facet normal -0.499989 -0.866032 0
    outer loop
      vertex 37 99.0111 0
      vertex 41.5 96.4131 4.6
      vertex 37 99.0111 4.6
    endloop
  endfacet
  facet normal -0.499989 -0.866032 -0
    outer loop
      vertex 41.5 96.4131 4.6
      vertex 37 99.0111 0
      vertex 41.5 96.4131 0
    endloop
  endfacet
  facet normal 1 -0 0
    outer loop
      vertex 32.5 91.2169 4.6
      vertex 32.5 96.4131 0
      vertex 32.5 96.4131 4.6
    endloop
  endfacet
  facet normal 1 0 0
    outer loop
      vertex 32.5 96.4131 0
      vertex 32.5 91.2169 4.6
      vertex 32.5 91.2169 0
    endloop
  endfacet
  facet normal 0 0 -1
    outer loop
      vertex 37 88.6188 4.6
      vertex 41.5 96.4131 4.6
      vertex 41.5 91.2169 4.6
    endloop
  endfacet
  facet normal 0 0 -1
    outer loop
      vertex 37 88.6188 4.6
      vertex 37 99.0111 4.6
      vertex 41.5 96.4131 4.6
    endloop
  endfacet
  facet normal 0 0 -1
    outer loop
      vertex 32.5 91.2169 4.6
      vertex 37 99.0111 4.6
      vertex 37 88.6188 4.6
    endloop
  endfacet
  facet normal 0 0 -1
    outer loop
      vertex 37 99.0111 4.6
      vertex 32.5 91.2169 4.6
      vertex 32.5 96.4131 4.6
    endloop
  endfacet
  facet normal -0.500003 0.866023 0
    outer loop
      vertex 41.5 91.2169 0
      vertex 37 88.6188 4.6
      vertex 41.5 91.2169 4.6
    endloop
  endfacet
  facet normal -0.500003 0.866023 0
    outer loop
      vertex 37 88.6188 4.6
      vertex 41.5 91.2169 0
      vertex 37 88.6188 0
    endloop
  endfacet
  facet normal -1 0 0
    outer loop
      vertex 41.5 91.2169 0
      vertex 41.5 96.4131 4.6
      vertex 41.5 96.4131 0
    endloop
  endfacet
  facet normal -1 -0 0
    outer loop
      vertex 41.5 96.4131 4.6
      vertex 41.5 91.2169 0
      vertex 41.5 91.2169 4.6
    endloop
  endfacet
  facet normal 0.500003 0.866023 -0
    outer loop
      vertex 37 88.6188 0
      vertex 32.5 91.2169 4.6
      vertex 37 88.6188 4.6
    endloop
  endfacet
  facet normal 0.500003 0.866023 0
    outer loop
      vertex 32.5 91.2169 4.6
      vertex 37 88.6188 0
      vertex 32.5 91.2169 0
    endloop
  endfacet
  facet normal 0.499989 -0.866032 0
    outer loop
      vertex 43.1 96.4131 0
      vertex 47.6 99.0111 4.6
      vertex 43.1 96.4131 4.6
    endloop
  endfacet
  facet normal 0.499989 -0.866032 0
    outer loop
      vertex 47.6 99.0111 4.6
      vertex 43.1 96.4131 0
      vertex 47.6 99.0111 0
    endloop
  endfacet
  facet normal -0.499989 -0.866032 0
    outer loop
      vertex 47.6 99.0111 0
      vertex 52.1 96.4131 4.6
      vertex 47.6 99.0111 4.6
    endloop
  endfacet
  facet normal -0.499989 -0.866032 -0
    outer loop
      vertex 52.1 96.4131 4.6
      vertex 47.6 99.0111 0
      vertex 52.1 96.4131 0
    endloop
  endfacet
  facet normal 1 -0 0
    outer loop
      vertex 43.1 91.2169 4.6
      vertex 43.1 96.4131 0
      vertex 43.1 96.4131 4.6
    endloop
  endfacet
  facet normal 1 0 0
    outer loop
      vertex 43.1 96.4131 0
      vertex 43.1 91.2169 4.6
      vertex 43.1 91.2169 0
    endloop
  endfacet
  facet normal 0 0 -1
    outer loop
      vertex 47.6 88.6188 4.6
      vertex 52.1 96.4131 4.6
      vertex 52.1 91.2169 4.6
    endloop
  endfacet
  facet normal 0 0 -1
    outer loop
      vertex 47.6 88.6188 4.6
      vertex 47.6 99.0111 4.6
      vertex 52.1 96.4131 4.6
    endloop
  endfacet
  facet normal 0 0 -1
    outer loop
      vertex 43.1 91.2169 4.6
      vertex 47.6 99.0111 4.6
      vertex 47.6 88.6188 4.6
    endloop
  endfacet
  facet normal 0 0 -1
    outer loop
      vertex 47.6 99.0111 4.6
      vertex 43.1 91.2169 4.6
      vertex 43.1 96.4131 4.6
    endloop
  endfacet
  facet normal -0.500003 0.866023 0
    outer loop
      vertex 52.1 91.2169 0
      vertex 47.6 88.6188 4.6
      vertex 52.1 91.2169 4.6
    endloop
  endfacet
  facet normal -0.500003 0.866023 0
    outer loop
      vertex 47.6 88.6188 4.6
      vertex 52.1 91.2169 0
      vertex 47.6 88.6188 0
    endloop
  endfacet
  facet normal -1 0 0
    outer loop
      vertex 52.1 91.2169 0
      vertex 52.1 96.4131 4.6
      vertex 52.1 96.4131 0
    endloop
  endfacet
  facet normal -1 -0 0
    outer loop
      vertex 52.1 96.4131 4.6
      vertex 52.1 91.2169 0
      vertex 52.1 91.2169 4.6
    endloop
  endfacet
  facet normal 0.500003 0.866023 -0
    outer loop
      vertex 47.6 88.6188 0
      vertex 43.1 91.2169 4.6
      vertex 47.6 88.6188 4.6
    endloop
  endfacet
  facet normal 0.500003 0.866023 0
    outer loop
      vertex 43.1 91.2169 4.6
      vertex 47.6 88.6188 0
      vertex 43.1 91.2169 0
    endloop
  endfacet
  facet normal 0.499989 -0.866032 0
    outer loop
      vertex 53.7 96.4131 0
      vertex 58.2 99.0111 4.6
      vertex 53.7 96.4131 4.6
    endloop
  endfacet
  facet normal 0.499989 -0.866032 0
    outer loop
      vertex 58.2 99.0111 4.6
      vertex 53.7 96.4131 0
      vertex 58.2 99.0111 0
    endloop
  endfacet
  facet normal -0.499989 -0.866032 0
    outer loop
      vertex 58.2 99.0111 0
      vertex 62.7 96.4131 4.6
      vertex 58.2 99.0111 4.6
    endloop
  endfacet
  facet normal -0.499989 -0.866032 -0
    outer loop
      vertex 62.7 96.4131 4.6
      vertex 58.2 99.0111 0
      vertex 62.7 96.4131 0
    endloop
  endfacet
  facet normal 1 -0 0
    outer loop
      vertex 53.7 91.2169 4.6
      vertex 53.7 96.4131 0
      vertex 53.7 96.4131 4.6
    endloop
  endfacet
  facet normal 1 0 0
    outer loop
      vertex 53.7 96.4131 0
      vertex 53.7 91.2169 4.6
      vertex 53.7 91.2169 0
    endloop
  endfacet
  facet normal 0 0 -1
    outer loop
      vertex 58.2 88.6188 4.6
      vertex 62.7 96.4131 4.6
      vertex 62.7 91.2169 4.6
    endloop
  endfacet
  facet normal 0 0 -1
    outer loop
      vertex 58.2 88.6188 4.6
      vertex 58.2 99.0111 4.6
      vertex 62.7 96.4131 4.6
    endloop
  endfacet
  facet normal 0 0 -1
    outer loop
      vertex 53.7 91.2169 4.6
      vertex 58.2 99.0111 4.6
      vertex 58.2 88.6188 4.6
    endloop
  endfacet
  facet normal 0 0 -1
    outer loop
      vertex 58.2 99.0111 4.6
      vertex 53.7 91.2169 4.6
      vertex 53.7 96.4131 4.6
    endloop
  endfacet
  facet normal -0.500003 0.866023 0
    outer loop
      vertex 62.7 91.2169 0
      vertex 58.2 88.6188 4.6
      vertex 62.7 91.2169 4.6
    endloop
  endfacet
  facet normal -0.500003 0.866023 0
    outer loop
      vertex 58.2 88.6188 4.6
      vertex 62.7 91.2169 0
      vertex 58.2 88.6188 0
    endloop
  endfacet
  facet normal -1 0 0
    outer loop
      vertex 62.7 91.2169 0
      vertex 62.7 96.4131 4.6
      vertex 62.7 96.4131 0
    endloop
  endfacet
  facet normal -1 -0 0
    outer loop
      vertex 62.7 96.4131 4.6
      vertex 62.7 91.2169 0
      vertex 62.7 91.2169 4.6
    endloop
  endfacet
  facet normal 0.500003 0.866023 -0
    outer loop
      vertex 58.2 88.6188 0
      vertex 53.7 91.2169 4.6
      vertex 58.2 88.6188 4.6
    endloop
  endfacet
  facet normal 0.500003 0.866023 0
    outer loop
      vertex 53.7 91.2169 4.6
      vertex 58.2 88.6188 0
      vertex 53.7 91.2169 0
    endloop
  endfacet
  facet normal 0.499989 -0.866032 0
    outer loop
      vertex 64.3 96.4131 0
      vertex 68.8 99.0111 4.6
      vertex 64.3 96.4131 4.6
    endloop
  endfacet
  facet normal 0.499989 -0.866032 0
    outer loop
      vertex 68.8 99.0111 4.6
      vertex 64.3 96.4131 0
      vertex 68.8 99.0111 0
    endloop
  endfacet
  facet normal -0.499989 -0.866032 0
    outer loop
      vertex 68.8 99.0111 0
      vertex 73.3 96.4131 4.6
      vertex 68.8 99.0111 4.6
    endloop
  endfacet
  facet normal -0.499989 -0.866032 -0
    outer loop
      vertex 73.3 96.4131 4.6
      vertex 68.8 99.0111 0
      vertex 73.3 96.4131 0
    endloop
  endfacet
  facet normal 1 -0 0
    outer loop
      vertex 64.3 91.2169 4.6
      vertex 64.3 96.4131 0
      vertex 64.3 96.4131 4.6
    endloop
  endfacet
  facet normal 1 0 0
    outer loop
      vertex 64.3 96.4131 0
      vertex 64.3 91.2169 4.6
      vertex 64.3 91.2169 0
    endloop
  endfacet
  facet normal 0 0 -1
    outer loop
      vertex 68.8 88.6188 4.6
      vertex 73.3 96.4131 4.6
      vertex 73.3 91.2169 4.6
    endloop
  endfacet
  facet normal 0 0 -1
    outer loop
      vertex 68.8 88.6188 4.6
      vertex 68.8 99.0111 4.6
      vertex 73.3 96.4131 4.6
    endloop
  endfacet
  facet normal 0 0 -1
    outer loop
      vertex 64.3 91.2169 4.6
      vertex 68.8 99.0111 4.6
      vertex 68.8 88.6188 4.6
    endloop
  endfacet
  facet normal 0 0 -1
    outer loop
      vertex 68.8 99.0111 4.6
      vertex 64.3 91.2169 4.6
      vertex 64.3 96.4131 4.6
    endloop
  endfacet
  facet normal -0.500003 0.866023 0
    outer loop
      vertex 73.3 91.2169 0
      vertex 68.8 88.6188 4.6
      vertex 73.3 91.2169 4.6
    endloop
  endfacet
  facet normal -0.500003 0.866023 0
    outer loop
      vertex 68.8 88.6188 4.6
      vertex 73.3 91.2169 0
      vertex 68.8 88.6188 0
    endloop
  endfacet
  facet normal -1 0 0
    outer loop
      vertex 73.3 91.2169 0
      vertex 73.3 96.4131 4.6
      vertex 73.3 96.4131 0
    endloop
  endfacet
  facet normal -1 -0 0
    outer loop
      vertex 73.3 96.4131 4.6
      vertex 73.3 91.2169 0
      vertex 73.3 91.2169 4.6
    endloop
  endfacet
  facet normal 0.500003 0.866023 -0
    outer loop
      vertex 68.8 88.6188 0
      vertex 64.3 91.2169 4.6
      vertex 68.8 88.6188 4.6
    endloop
  endfacet
  facet normal 0.500003 0.866023 0
    outer loop
      vertex 64.3 91.2169 4.6
      vertex 68.8 88.6188 0
      vertex 64.3 91.2169 0
    endloop
  endfacet
  facet normal -0 0.499999 0.866026
    outer loop
      vertex 0 32.1 1.104
      vertex 2.1 30.025 2.302
      vertex 2.1 32.1 1.104
    endloop
  endfacet
  facet normal 0 0.499999 0.866026
    outer loop
      vertex 2.1 30.025 2.302
      vertex 0 32.1 1.104
      vertex 0 30.025 2.302
    endloop
  endfacet
  facet normal 0 -0.499999 -0.866026
    outer loop
      vertex 0 32.1 5.896
      vertex 2.1 34.175 4.698
      vertex 2.1 32.1 5.896
    endloop
  endfacet
  facet normal -0 -0.499999 -0.866026
    outer loop
      vertex 2.1 34.175 4.698
      vertex 0 32.1 5.896
      vertex 0 34.175 4.698
    endloop
  endfacet
  facet normal 0 1 -0
    outer loop
      vertex 2.1 30.025 2.302
      vertex 0 30.025 4.698
      vertex 2.1 30.025 4.698
    endloop
  endfacet
  facet normal 0 1 0
    outer loop
      vertex 0 30.025 4.698
      vertex 2.1 30.025 2.302
      vertex 0 30.025 2.302
    endloop
  endfacet
  facet normal 0 -0.499999 0.866026
    outer loop
      vertex 0 34.175 2.302
      vertex 2.1 32.1 1.104
      vertex 2.1 34.175 2.302
    endloop
  endfacet
  facet normal 0 -0.499999 0.866026
    outer loop
      vertex 2.1 32.1 1.104
      vertex 0 34.175 2.302
      vertex 0 32.1 1.104
    endloop
  endfacet
  facet normal 0 -1 0
    outer loop
      vertex 0 34.175 2.302
      vertex 2.1 34.175 4.698
      vertex 0 34.175 4.698
    endloop
  endfacet
  facet normal 0 -1 -0
    outer loop
      vertex 2.1 34.175 4.698
      vertex 0 34.175 2.302
      vertex 2.1 34.175 2.302
    endloop
  endfacet
  facet normal 0 0.499999 -0.866026
    outer loop
      vertex 0 30.025 4.698
      vertex 2.1 32.1 5.896
      vertex 2.1 30.025 4.698
    endloop
  endfacet
  facet normal 0 0.499999 -0.866026
    outer loop
      vertex 2.1 32.1 5.896
      vertex 0 30.025 4.698
      vertex 0 32.1 5.896
    endloop
  endfacet
  facet normal -1 0 0
    outer loop
      vertex 2.1 32.1 1.104
      vertex 2.1 34.175 4.698
      vertex 2.1 34.175 2.302
    endloop
  endfacet
  facet normal -1 0 0
    outer loop
      vertex 2.1 32.1 1.104
      vertex 2.1 32.1 5.896
      vertex 2.1 34.175 4.698
    endloop
  endfacet
  facet normal -1 0 0
    outer loop
      vertex 2.1 30.025 2.302
      vertex 2.1 32.1 5.896
      vertex 2.1 32.1 1.104
    endloop
  endfacet
  facet normal -1 0 0
    outer loop
      vertex 2.1 32.1 5.896
      vertex 2.1 30.025 2.302
      vertex 2.1 30.025 4.698
    endloop
  endfacet
  facet normal -0.499999 0 0.866026
    outer loop
      vertex 45.6 107 1.104
      vertex 47.675 104.9 2.302
      vertex 47.675 107 2.302
    endloop
  endfacet
  facet normal -0.499999 0 0.866026
    outer loop
      vertex 47.675 104.9 2.302
      vertex 45.6 107 1.104
      vertex 45.6 104.9 1.104
    endloop
  endfacet
  facet normal 0.499999 0 0.866026
    outer loop
      vertex 43.525 107 2.302
      vertex 45.6 104.9 1.104
      vertex 45.6 107 1.104
    endloop
  endfacet
  facet normal 0.499999 0 0.866026
    outer loop
      vertex 45.6 104.9 1.104
      vertex 43.525 107 2.302
      vertex 43.525 104.9 2.302
    endloop
  endfacet
  facet normal 0.499999 0 -0.866026
    outer loop
      vertex 43.525 104.9 4.698
      vertex 45.6 107 5.896
      vertex 45.6 104.9 5.896
    endloop
  endfacet
  facet normal 0.499999 0 -0.866026
    outer loop
      vertex 45.6 107 5.896
      vertex 43.525 104.9 4.698
      vertex 43.525 107 4.698
    endloop
  endfacet
  facet normal -1 0 0
    outer loop
      vertex 47.675 104.9 2.302
      vertex 47.675 107 4.698
      vertex 47.675 107 2.302
    endloop
  endfacet
  facet normal -1 -0 0
    outer loop
      vertex 47.675 107 4.698
      vertex 47.675 104.9 2.302
      vertex 47.675 104.9 4.698
    endloop
  endfacet
  facet normal 1 -0 0
    outer loop
      vertex 43.525 104.9 4.698
      vertex 43.525 107 2.302
      vertex 43.525 107 4.698
    endloop
  endfacet
  facet normal 1 0 0
    outer loop
      vertex 43.525 107 2.302
      vertex 43.525 104.9 4.698
      vertex 43.525 104.9 2.302
    endloop
  endfacet
  facet normal -0.499999 0 -0.866026
    outer loop
      vertex 45.6 104.9 5.896
      vertex 47.675 107 4.698
      vertex 47.675 104.9 4.698
    endloop
  endfacet
  facet normal -0.499999 0 -0.866026
    outer loop
      vertex 47.675 107 4.698
      vertex 45.6 104.9 5.896
      vertex 45.6 107 5.896
    endloop
  endfacet
  facet normal 0 1 0
    outer loop
      vertex 47.675 104.9 4.698
      vertex 43.525 104.9 4.698
      vertex 45.6 104.9 5.896
    endloop
  endfacet
  facet normal 0 1 -0
    outer loop
      vertex 47.675 104.9 2.302
      vertex 43.525 104.9 4.698
      vertex 47.675 104.9 4.698
    endloop
  endfacet
  facet normal 0 1 0
    outer loop
      vertex 47.675 104.9 2.302
      vertex 43.525 104.9 2.302
      vertex 43.525 104.9 4.698
    endloop
  endfacet
  facet normal -0 1 0
    outer loop
      vertex 43.525 104.9 2.302
      vertex 47.675 104.9 2.302
      vertex 45.6 104.9 1.104
    endloop
  endfacet
  facet normal -0 0.499999 0.866026
    outer loop
      vertex 0 74.9 1.104
      vertex 2.1 72.825 2.302
      vertex 2.1 74.9 1.104
    endloop
  endfacet
  facet normal 0 0.499999 0.866026
    outer loop
      vertex 2.1 72.825 2.302
      vertex 0 74.9 1.104
      vertex 0 72.825 2.302
    endloop
  endfacet
  facet normal 0 -0.499999 -0.866026
    outer loop
      vertex 0 74.9 5.896
      vertex 2.1 76.975 4.698
      vertex 2.1 74.9 5.896
    endloop
  endfacet
  facet normal -0 -0.499999 -0.866026
    outer loop
      vertex 2.1 76.975 4.698
      vertex 0 74.9 5.896
      vertex 0 76.975 4.698
    endloop
  endfacet
  facet normal 0 1 -0
    outer loop
      vertex 2.1 72.825 2.302
      vertex 0 72.825 4.698
      vertex 2.1 72.825 4.698
    endloop
  endfacet
  facet normal 0 1 0
    outer loop
      vertex 0 72.825 4.698
      vertex 2.1 72.825 2.302
      vertex 0 72.825 2.302
    endloop
  endfacet
  facet normal 0 -0.499999 0.866026
    outer loop
      vertex 0 76.975 2.302
      vertex 2.1 74.9 1.104
      vertex 2.1 76.975 2.302
    endloop
  endfacet
  facet normal 0 -0.499999 0.866026
    outer loop
      vertex 2.1 74.9 1.104
      vertex 0 76.975 2.302
      vertex 0 74.9 1.104
    endloop
  endfacet
  facet normal 0 -1 0
    outer loop
      vertex 0 76.975 2.302
      vertex 2.1 76.975 4.698
      vertex 0 76.975 4.698
    endloop
  endfacet
  facet normal 0 -1 -0
    outer loop
      vertex 2.1 76.975 4.698
      vertex 0 76.975 2.302
      vertex 2.1 76.975 2.302
    endloop
  endfacet
  facet normal 0 0.499999 -0.866026
    outer loop
      vertex 0 72.825 4.698
      vertex 2.1 74.9 5.896
      vertex 2.1 72.825 4.698
    endloop
  endfacet
  facet normal 0 0.499999 -0.866026
    outer loop
      vertex 2.1 74.9 5.896
      vertex 0 72.825 4.698
      vertex 0 74.9 5.896
    endloop
  endfacet
  facet normal -1 0 0
    outer loop
      vertex 2.1 74.9 1.104
      vertex 2.1 76.975 4.698
      vertex 2.1 76.975 2.302
    endloop
  endfacet
  facet normal -1 0 0
    outer loop
      vertex 2.1 74.9 1.104
      vertex 2.1 74.9 5.896
      vertex 2.1 76.975 4.698
    endloop
  endfacet
  facet normal -1 0 0
    outer loop
      vertex 2.1 72.825 2.302
      vertex 2.1 74.9 5.896
      vertex 2.1 74.9 1.104
    endloop
  endfacet
  facet normal -1 0 0
    outer loop
      vertex 2.1 74.9 5.896
      vertex 2.1 72.825 2.302
      vertex 2.1 72.825 4.698
    endloop
  endfacet
  facet normal 0.499999 0 0.866026
    outer loop
      vertex 104.325 107 2.302
      vertex 106.4 104.9 1.104
      vertex 106.4 107 1.104
    endloop
  endfacet
  facet normal 0.499999 0 0.866026
    outer loop
      vertex 106.4 104.9 1.104
      vertex 104.325 107 2.302
      vertex 104.325 104.9 2.302
    endloop
  endfacet
  facet normal 0.499999 0 -0.866026
    outer loop
      vertex 104.325 104.9 4.698
      vertex 106.4 107 5.896
      vertex 106.4 104.9 5.896
    endloop
  endfacet
  facet normal 0.499999 0 -0.866026
    outer loop
      vertex 106.4 107 5.896
      vertex 104.325 104.9 4.698
      vertex 104.325 107 4.698
    endloop
  endfacet
  facet normal -1 0 0
    outer loop
      vertex 108.475 104.9 2.302
      vertex 108.475 107 4.698
      vertex 108.475 107 2.302
    endloop
  endfacet
  facet normal -1 -0 0
    outer loop
      vertex 108.475 107 4.698
      vertex 108.475 104.9 2.302
      vertex 108.475 104.9 4.698
    endloop
  endfacet
  facet normal 0 1 0
    outer loop
      vertex 108.475 104.9 4.698
      vertex 104.325 104.9 4.698
      vertex 106.4 104.9 5.896
    endloop
  endfacet
  facet normal 0 1 -0
    outer loop
      vertex 108.475 104.9 2.302
      vertex 104.325 104.9 4.698
      vertex 108.475 104.9 4.698
    endloop
  endfacet
  facet normal 0 1 0
    outer loop
      vertex 108.475 104.9 2.302
      vertex 104.325 104.9 2.302
      vertex 104.325 104.9 4.698
    endloop
  endfacet
  facet normal -0 1 0
    outer loop
      vertex 104.325 104.9 2.302
      vertex 108.475 104.9 2.302
      vertex 106.4 104.9 1.104
    endloop
  endfacet
  facet normal 1 -0 0
    outer loop
      vertex 104.325 104.9 4.698
      vertex 104.325 107 2.302
      vertex 104.325 107 4.698
    endloop
  endfacet
  facet normal 1 0 0
    outer loop
      vertex 104.325 107 2.302
      vertex 104.325 104.9 4.698
      vertex 104.325 104.9 2.302
    endloop
  endfacet
  facet normal -0.499999 0 -0.866026
    outer loop
      vertex 106.4 104.9 5.896
      vertex 108.475 107 4.698
      vertex 108.475 104.9 4.698
    endloop
  endfacet
  facet normal -0.499999 0 -0.866026
    outer loop
      vertex 108.475 107 4.698
      vertex 106.4 104.9 5.896
      vertex 106.4 107 5.896
    endloop
  endfacet
  facet normal -0.499999 0 0.866026
    outer loop
      vertex 106.4 107 1.104
      vertex 108.475 104.9 2.302
      vertex 108.475 107 2.302
    endloop
  endfacet
  facet normal -0.499999 0 0.866026
    outer loop
      vertex 108.475 104.9 2.302
      vertex 106.4 107 1.104
      vertex 106.4 104.9 1.104
    endloop
  endfacet
  facet normal 1 -0 0
    outer loop
      vertex 152 0 7
      vertex 152 107 0
      vertex 152 107 7
    endloop
  endfacet
  facet normal 1 0 0
    outer loop
      vertex 152 107 0
      vertex 152 0 7
      vertex 152 0 0
    endloop
  endfacet
  facet normal 0 0 1
    outer loop
      vertex 12.8 107 7
      vertex 11.2 107 7
      vertex 12.8 105.557 7
    endloop
  endfacet
  facet normal 0 0 1
    outer loop
      vertex 19.4 107 7
      vertex 17.8 107 7
      vertex 19.4 105.557 7
    endloop
  endfacet
  facet normal 0 0 1
    outer loop
      vertex 26 107 7
      vertex 24.4 107 7
      vertex 26 105.557 7
    endloop
  endfacet
  facet normal 0 0 1
    outer loop
      vertex 32.6 107 7
      vertex 31 107 7
      vertex 32.6 105.557 7
    endloop
  endfacet
  facet normal 0 0 1
    outer loop
      vertex 39.2 107 7
      vertex 37.6 107 7
      vertex 39.2 105.557 7
    endloop
  endfacet
  facet normal 0 0 1
    outer loop
      vertex 45.8 107 7
      vertex 44.2 107 7
      vertex 45.8 105.557 7
    endloop
  endfacet
  facet normal 0 0 1
    outer loop
      vertex 52.4 107 7
      vertex 50.8 107 7
      vertex 52.4 105.557 7
    endloop
  endfacet
  facet normal 0 0 1
    outer loop
      vertex 59 107 7
      vertex 57.4 107 7
      vertex 59 105.557 7
    endloop
  endfacet
  facet normal 0 0 1
    outer loop
      vertex 152 107 7
      vertex 149.6 102.6 7
      vertex 152 0 7
    endloop
  endfacet
  facet normal 0 0 1
    outer loop
      vertex 152 107 7
      vertex 76.4 102.6 7
      vertex 149.6 102.6 7
    endloop
  endfacet
  facet normal 0 0 1
    outer loop
      vertex 76.4 102.6 7
      vertex 72 101 7
      vertex 76.4 4.4 7
    endloop
  endfacet
  facet normal -0 0 1
    outer loop
      vertex 64 107 7
      vertex 76.4 102.6 7
      vertex 152 107 7
    endloop
  endfacet
  facet normal 0 0 1
    outer loop
      vertex 64 107 7
      vertex 72 101 7
      vertex 76.4 102.6 7
    endloop
  endfacet
  facet normal -0 0 1
    outer loop
      vertex 64 105.557 7
      vertex 72 101 7
      vertex 64 107 7
    endloop
  endfacet
  facet normal -0 0 1
    outer loop
      vertex 61.5 104.113 7
      vertex 72 101 7
      vertex 64 105.557 7
    endloop
  endfacet
  facet normal 0 0 1
    outer loop
      vertex 57.4 105.557 7
      vertex 59 105.557 7
      vertex 57.4 107 7
    endloop
  endfacet
  facet normal -0 0 1
    outer loop
      vertex 57.4 105.557 7
      vertex 61.5 104.113 7
      vertex 59 105.557 7
    endloop
  endfacet
  facet normal 0 0 1
    outer loop
      vertex 54.9 104.113 7
      vertex 61.5 104.113 7
      vertex 57.4 105.557 7
    endloop
  endfacet
  facet normal -0 0 1
    outer loop
      vertex 54.9 104.113 7
      vertex 72 101 7
      vertex 61.5 104.113 7
    endloop
  endfacet
  facet normal 0 0 1
    outer loop
      vertex 50.8 105.557 7
      vertex 52.4 105.557 7
      vertex 50.8 107 7
    endloop
  endfacet
  facet normal -0 0 1
    outer loop
      vertex 50.8 105.557 7
      vertex 54.9 104.113 7
      vertex 52.4 105.557 7
    endloop
  endfacet
  facet normal 0 0 1
    outer loop
      vertex 48.3 104.113 7
      vertex 54.9 104.113 7
      vertex 50.8 105.557 7
    endloop
  endfacet
  facet normal -0 0 1
    outer loop
      vertex 48.3 104.113 7
      vertex 72 101 7
      vertex 54.9 104.113 7
    endloop
  endfacet
  facet normal 0 0 1
    outer loop
      vertex 44.2 105.557 7
      vertex 45.8 105.557 7
      vertex 44.2 107 7
    endloop
  endfacet
  facet normal -0 0 1
    outer loop
      vertex 44.2 105.557 7
      vertex 48.3 104.113 7
      vertex 45.8 105.557 7
    endloop
  endfacet
  facet normal 0 0 1
    outer loop
      vertex 41.7 104.113 7
      vertex 48.3 104.113 7
      vertex 44.2 105.557 7
    endloop
  endfacet
  facet normal -0 0 1
    outer loop
      vertex 41.7 104.113 7
      vertex 72 101 7
      vertex 48.3 104.113 7
    endloop
  endfacet
  facet normal 0 0 1
    outer loop
      vertex 37.6 105.557 7
      vertex 39.2 105.557 7
      vertex 37.6 107 7
    endloop
  endfacet
  facet normal -0 0 1
    outer loop
      vertex 37.6 105.557 7
      vertex 41.7 104.113 7
      vertex 39.2 105.557 7
    endloop
  endfacet
  facet normal 0 0 1
    outer loop
      vertex 35.1 104.113 7
      vertex 41.7 104.113 7
      vertex 37.6 105.557 7
    endloop
  endfacet
  facet normal -0 0 1
    outer loop
      vertex 35.1 104.113 7
      vertex 72 101 7
      vertex 41.7 104.113 7
    endloop
  endfacet
  facet normal 0 0 1
    outer loop
      vertex 31 105.557 7
      vertex 32.6 105.557 7
      vertex 31 107 7
    endloop
  endfacet
  facet normal -0 0 1
    outer loop
      vertex 31 105.557 7
      vertex 35.1 104.113 7
      vertex 32.6 105.557 7
    endloop
  endfacet
  facet normal 0 0 1
    outer loop
      vertex 28.5 104.113 7
      vertex 35.1 104.113 7
      vertex 31 105.557 7
    endloop
  endfacet
  facet normal 0 0 1
    outer loop
      vertex 2 101 7
      vertex 35.1 104.113 7
      vertex 28.5 104.113 7
    endloop
  endfacet
  facet normal 0 0 1
    outer loop
      vertex 24.4 105.557 7
      vertex 26 105.557 7
      vertex 24.4 107 7
    endloop
  endfacet
  facet normal -0 0 1
    outer loop
      vertex 24.4 105.557 7
      vertex 28.5 104.113 7
      vertex 26 105.557 7
    endloop
  endfacet
  facet normal 0 0 1
    outer loop
      vertex 21.9 104.113 7
      vertex 28.5 104.113 7
      vertex 24.4 105.557 7
    endloop
  endfacet
  facet normal 0 0 1
    outer loop
      vertex 2 101 7
      vertex 28.5 104.113 7
      vertex 21.9 104.113 7
    endloop
  endfacet
  facet normal 0 0 1
    outer loop
      vertex 17.8 105.557 7
      vertex 19.4 105.557 7
      vertex 17.8 107 7
    endloop
  endfacet
  facet normal -0 0 1
    outer loop
      vertex 17.8 105.557 7
      vertex 21.9 104.113 7
      vertex 19.4 105.557 7
    endloop
  endfacet
  facet normal 0 0 1
    outer loop
      vertex 15.3 104.113 7
      vertex 21.9 104.113 7
      vertex 17.8 105.557 7
    endloop
  endfacet
  facet normal 0 0 1
    outer loop
      vertex 2 101 7
      vertex 21.9 104.113 7
      vertex 15.3 104.113 7
    endloop
  endfacet
  facet normal 0 0 1
    outer loop
      vertex 11.2 105.557 7
      vertex 12.8 105.557 7
      vertex 11.2 107 7
    endloop
  endfacet
  facet normal -0 0 1
    outer loop
      vertex 11.2 105.557 7
      vertex 15.3 104.113 7
      vertex 12.8 105.557 7
    endloop
  endfacet
  facet normal 0 0 1
    outer loop
      vertex 8.7 104.113 7
      vertex 15.3 104.113 7
      vertex 11.2 105.557 7
    endloop
  endfacet
  facet normal 0 0 1
    outer loop
      vertex 2 101 7
      vertex 15.3 104.113 7
      vertex 8.7 104.113 7
    endloop
  endfacet
  facet normal 0 0 1
    outer loop
      vertex 35.1 104.113 7
      vertex 2 101 7
      vertex 72 101 7
    endloop
  endfacet
  facet normal 0 0 1
    outer loop
      vertex 2 101 7
      vertex 8.7 104.113 7
      vertex 6.2 105.557 7
    endloop
  endfacet
  facet normal -0 0 1
    outer loop
      vertex 149.6 4.4 7
      vertex 152 0 7
      vertex 149.6 102.6 7
    endloop
  endfacet
  facet normal -0 0 1
    outer loop
      vertex 76.4 4.4 7
      vertex 152 0 7
      vertex 149.6 4.4 7
    endloop
  endfacet
  facet normal -0 0 1
    outer loop
      vertex 72 6 7
      vertex 76.4 4.4 7
      vertex 72 101 7
    endloop
  endfacet
  facet normal 0 0 1
    outer loop
      vertex 0 0 7
      vertex 72 6 7
      vertex 2 6 7
    endloop
  endfacet
  facet normal 0 0 1
    outer loop
      vertex 72 6 7
      vertex 0 0 7
      vertex 76.4 4.4 7
    endloop
  endfacet
  facet normal 0 0 1
    outer loop
      vertex 76.4 4.4 7
      vertex 0 0 7
      vertex 152 0 7
    endloop
  endfacet
  facet normal 0 0 1
    outer loop
      vertex 0 0 7
      vertex 2 6 7
      vertex 0 107 7
    endloop
  endfacet
  facet normal -0 0 1
    outer loop
      vertex 0 107 7
      vertex 6.2 105.557 7
      vertex 6.2 107 7
    endloop
  endfacet
  facet normal 0 0 1
    outer loop
      vertex 2 101 7
      vertex 0 107 7
      vertex 2 6 7
    endloop
  endfacet
  facet normal 0 0 1
    outer loop
      vertex 6.2 105.557 7
      vertex 0 107 7
      vertex 2 101 7
    endloop
  endfacet
  facet normal 0 0 -1
    outer loop
      vertex 16.6 13.7942 0
      vertex 15 13.7942 0
      vertex 15.8 15.1799 0
    endloop
  endfacet
  facet normal 0 0 -1
    outer loop
      vertex 15 13.7942 0
      vertex 11.3 17.7779 0
      vertex 15.8 15.1799 0
    endloop
  endfacet
  facet normal -0 0 -1
    outer loop
      vertex 11.3 17.7779 0
      vertex 10.5 16.3923 0
      vertex 11.3 22.9741 0
    endloop
  endfacet
  facet normal 0 0 -1
    outer loop
      vertex 10.5 16.3923 0
      vertex 11.3 17.7779 0
      vertex 15 13.7942 0
    endloop
  endfacet
  facet normal 0 0 -1
    outer loop
      vertex 16.6 32.154 0
      vertex 15 32.154 0
      vertex 15.8 33.5396 0
    endloop
  endfacet
  facet normal 0 0 -1
    outer loop
      vertex 15 32.154 0
      vertex 11.3 36.1377 0
      vertex 15.8 33.5396 0
    endloop
  endfacet
  facet normal -0 0 -1
    outer loop
      vertex 11.3 36.1377 0
      vertex 10.5 34.752 0
      vertex 11.3 41.3338 0
    endloop
  endfacet
  facet normal 0 0 -1
    outer loop
      vertex 10.5 34.752 0
      vertex 11.3 36.1377 0
      vertex 15 32.154 0
    endloop
  endfacet
  facet normal 0 0 -1
    outer loop
      vertex 16.6 50.5137 0
      vertex 15 50.5137 0
      vertex 15.8 51.8993 0
    endloop
  endfacet
  facet normal 0 0 -1
    outer loop
      vertex 15 50.5137 0
      vertex 11.3 54.4974 0
      vertex 15.8 51.8993 0
    endloop
  endfacet
  facet normal -0 0 -1
    outer loop
      vertex 11.3 54.4974 0
      vertex 10.5 53.1118 0
      vertex 11.3 59.6936 0
    endloop
  endfacet
  facet normal 0 0 -1
    outer loop
      vertex 10.5 53.1118 0
      vertex 11.3 54.4974 0
      vertex 15 50.5137 0
    endloop
  endfacet
  facet normal 0 0 -1
    outer loop
      vertex 16.6 68.8734 0
      vertex 15 68.8734 0
      vertex 15.8 70.2591 0
    endloop
  endfacet
  facet normal 0 0 -1
    outer loop
      vertex 15 68.8734 0
      vertex 11.3 72.8572 0
      vertex 15.8 70.2591 0
    endloop
  endfacet
  facet normal -0 0 -1
    outer loop
      vertex 11.3 72.8572 0
      vertex 10.5 71.4715 0
      vertex 11.3 78.0533 0
    endloop
  endfacet
  facet normal 0 0 -1
    outer loop
      vertex 10.5 71.4715 0
      vertex 11.3 72.8572 0
      vertex 15 68.8734 0
    endloop
  endfacet
  facet normal 0 0 -1
    outer loop
      vertex 16.6 87.2332 0
      vertex 15 87.2332 0
      vertex 15.8 88.6188 0
    endloop
  endfacet
  facet normal 0 0 -1
    outer loop
      vertex 15 87.2332 0
      vertex 11.3 91.2169 0
      vertex 15.8 88.6188 0
    endloop
  endfacet
  facet normal -0 0 -1
    outer loop
      vertex 11.3 91.2169 0
      vertex 10.5 89.8313 0
      vertex 11.3 96.4131 0
    endloop
  endfacet
  facet normal 0 0 -1
    outer loop
      vertex 10.5 89.8313 0
      vertex 11.3 91.2169 0
      vertex 15 87.2332 0
    endloop
  endfacet
  facet normal 0 0 -1
    outer loop
      vertex 16.6 87.2332 0
      vertex 20.3 91.2169 0
      vertex 21.1 89.8313 0
    endloop
  endfacet
  facet normal 0 0 -1
    outer loop
      vertex 16.6 87.2332 0
      vertex 15.8 88.6188 0
      vertex 20.3 91.2169 0
    endloop
  endfacet
  facet normal 0 0 -1
    outer loop
      vertex 16.6 82.037 0
      vertex 15 82.037 0
      vertex 16.6 87.2332 0
    endloop
  endfacet
  facet normal 0 0 -1
    outer loop
      vertex 15 87.2332 0
      vertex 16.6 87.2332 0
      vertex 15 82.037 0
    endloop
  endfacet
  facet normal 0 0 -1
    outer loop
      vertex 11.3 78.0533 0
      vertex 15 82.037 0
      vertex 15.8 80.6514 0
    endloop
  endfacet
  facet normal 0 0 -1
    outer loop
      vertex 11.3 78.0533 0
      vertex 10.5 79.4389 0
      vertex 15 82.037 0
    endloop
  endfacet
  facet normal 0 0 -1
    outer loop
      vertex 10.5 71.4715 0
      vertex 10.5 79.4389 0
      vertex 11.3 78.0533 0
    endloop
  endfacet
  facet normal 0 0 -1
    outer loop
      vertex 6 68.8734 0
      vertex 10.5 79.4389 0
      vertex 10.5 71.4715 0
    endloop
  endfacet
  facet normal -0 0 -1
    outer loop
      vertex 10.5 79.4389 0
      vertex 6 68.8734 0
      vertex 6 82.037 0
    endloop
  endfacet
  facet normal 0 0 -1
    outer loop
      vertex 21.9 22.9741 0
      vertex 20.3 22.9741 0
      vertex 21.1 24.3597 0
    endloop
  endfacet
  facet normal 0 0 -1
    outer loop
      vertex 20.3 22.9741 0
      vertex 16.6 26.9578 0
      vertex 21.1 24.3597 0
    endloop
  endfacet
  facet normal 0 0 -1
    outer loop
      vertex 15 26.9578 0
      vertex 16.6 26.9578 0
      vertex 15.8 25.5722 0
    endloop
  endfacet
  facet normal 0 0 -1
    outer loop
      vertex 15.8 25.5722 0
      vertex 16.6 26.9578 0
      vertex 20.3 22.9741 0
    endloop
  endfacet
  facet normal 0 0 -1
    outer loop
      vertex 21.9 41.3338 0
      vertex 20.3 41.3338 0
      vertex 21.1 42.7195 0
    endloop
  endfacet
  facet normal 0 0 -1
    outer loop
      vertex 20.3 41.3338 0
      vertex 16.6 45.3176 0
      vertex 21.1 42.7195 0
    endloop
  endfacet
  facet normal 0 0 -1
    outer loop
      vertex 15 45.3176 0
      vertex 16.6 45.3176 0
      vertex 15.8 43.9319 0
    endloop
  endfacet
  facet normal 0 0 -1
    outer loop
      vertex 15.8 43.9319 0
      vertex 16.6 45.3176 0
      vertex 20.3 41.3338 0
    endloop
  endfacet
  facet normal 0 0 -1
    outer loop
      vertex 21.9 59.6936 0
      vertex 20.3 59.6936 0
      vertex 21.1 61.0792 0
    endloop
  endfacet
  facet normal 0 0 -1
    outer loop
      vertex 20.3 59.6936 0
      vertex 16.6 63.6773 0
      vertex 21.1 61.0792 0
    endloop
  endfacet
  facet normal 0 0 -1
    outer loop
      vertex 15 63.6773 0
      vertex 16.6 63.6773 0
      vertex 15.8 62.2916 0
    endloop
  endfacet
  facet normal 0 0 -1
    outer loop
      vertex 15.8 62.2916 0
      vertex 16.6 63.6773 0
      vertex 20.3 59.6936 0
    endloop
  endfacet
  facet normal 0 0 -1
    outer loop
      vertex 21.9 78.0533 0
      vertex 20.3 78.0533 0
      vertex 21.1 79.4389 0
    endloop
  endfacet
  facet normal 0 0 -1
    outer loop
      vertex 20.3 78.0533 0
      vertex 16.6 82.037 0
      vertex 21.1 79.4389 0
    endloop
  endfacet
  facet normal 0 0 -1
    outer loop
      vertex 15 82.037 0
      vertex 16.6 82.037 0
      vertex 15.8 80.6514 0
    endloop
  endfacet
  facet normal 0 0 -1
    outer loop
      vertex 15.8 80.6514 0
      vertex 16.6 82.037 0
      vertex 20.3 78.0533 0
    endloop
  endfacet
  facet normal 0 0 -1
    outer loop
      vertex 27.2 13.7942 0
      vertex 25.6 13.7942 0
      vertex 26.4 15.1799 0
    endloop
  endfacet
  facet normal 0 0 -1
    outer loop
      vertex 25.6 13.7942 0
      vertex 21.9 17.7779 0
      vertex 26.4 15.1799 0
    endloop
  endfacet
  facet normal 0 0 -1
    outer loop
      vertex 20.3 17.7779 0
      vertex 21.9 17.7779 0
      vertex 21.1 16.3923 0
    endloop
  endfacet
  facet normal 0 0 -1
    outer loop
      vertex 21.1 16.3923 0
      vertex 21.9 17.7779 0
      vertex 25.6 13.7942 0
    endloop
  endfacet
  facet normal 0 0 -1
    outer loop
      vertex 27.2 32.154 0
      vertex 25.6 32.154 0
      vertex 26.4 33.5396 0
    endloop
  endfacet
  facet normal 0 0 -1
    outer loop
      vertex 25.6 32.154 0
      vertex 21.9 36.1377 0
      vertex 26.4 33.5396 0
    endloop
  endfacet
  facet normal 0 0 -1
    outer loop
      vertex 20.3 36.1377 0
      vertex 21.9 36.1377 0
      vertex 21.1 34.752 0
    endloop
  endfacet
  facet normal 0 0 -1
    outer loop
      vertex 21.1 34.752 0
      vertex 21.9 36.1377 0
      vertex 25.6 32.154 0
    endloop
  endfacet
  facet normal 0 0 -1
    outer loop
      vertex 27.2 50.5137 0
      vertex 25.6 50.5137 0
      vertex 26.4 51.8993 0
    endloop
  endfacet
  facet normal 0 0 -1
    outer loop
      vertex 25.6 50.5137 0
      vertex 21.9 54.4974 0
      vertex 26.4 51.8993 0
    endloop
  endfacet
  facet normal 0 0 -1
    outer loop
      vertex 20.3 54.4974 0
      vertex 21.9 54.4974 0
      vertex 21.1 53.1118 0
    endloop
  endfacet
  facet normal 0 0 -1
    outer loop
      vertex 21.1 53.1118 0
      vertex 21.9 54.4974 0
      vertex 25.6 50.5137 0
    endloop
  endfacet
  facet normal 0 0 -1
    outer loop
      vertex 27.2 68.8734 0
      vertex 25.6 68.8734 0
      vertex 26.4 70.2591 0
    endloop
  endfacet
  facet normal 0 0 -1
    outer loop
      vertex 25.6 68.8734 0
      vertex 21.9 72.8572 0
      vertex 26.4 70.2591 0
    endloop
  endfacet
  facet normal 0 0 -1
    outer loop
      vertex 20.3 72.8572 0
      vertex 21.9 72.8572 0
      vertex 21.1 71.4715 0
    endloop
  endfacet
  facet normal 0 0 -1
    outer loop
      vertex 21.1 71.4715 0
      vertex 21.9 72.8572 0
      vertex 25.6 68.8734 0
    endloop
  endfacet
  facet normal 0 0 -1
    outer loop
      vertex 27.2 87.2332 0
      vertex 25.6 87.2332 0
      vertex 26.4 88.6188 0
    endloop
  endfacet
  facet normal 0 0 -1
    outer loop
      vertex 25.6 87.2332 0
      vertex 21.9 91.2169 0
      vertex 26.4 88.6188 0
    endloop
  endfacet
  facet normal 0 0 -1
    outer loop
      vertex 20.3 91.2169 0
      vertex 21.9 91.2169 0
      vertex 21.1 89.8313 0
    endloop
  endfacet
  facet normal 0 0 -1
    outer loop
      vertex 21.1 89.8313 0
      vertex 21.9 91.2169 0
      vertex 25.6 87.2332 0
    endloop
  endfacet
  facet normal 0 0 -1
    outer loop
      vertex 27.2 87.2332 0
      vertex 30.9 91.2169 0
      vertex 31.7 89.8313 0
    endloop
  endfacet
  facet normal 0 0 -1
    outer loop
      vertex 27.2 87.2332 0
      vertex 26.4 88.6188 0
      vertex 30.9 91.2169 0
    endloop
  endfacet
  facet normal 0 0 -1
    outer loop
      vertex 27.2 82.037 0
      vertex 25.6 82.037 0
      vertex 27.2 87.2332 0
    endloop
  endfacet
  facet normal 0 0 -1
    outer loop
      vertex 25.6 87.2332 0
      vertex 27.2 87.2332 0
      vertex 25.6 82.037 0
    endloop
  endfacet
  facet normal 0 0 -1
    outer loop
      vertex 21.9 78.0533 0
      vertex 25.6 82.037 0
      vertex 26.4 80.6514 0
    endloop
  endfacet
  facet normal 0 0 -1
    outer loop
      vertex 21.9 78.0533 0
      vertex 21.1 79.4389 0
      vertex 25.6 82.037 0
    endloop
  endfacet
  facet normal 0 0 -1
    outer loop
      vertex 21.9 72.8572 0
      vertex 20.3 72.8572 0
      vertex 21.9 78.0533 0
    endloop
  endfacet
  facet normal 0 0 -1
    outer loop
      vertex 20.3 78.0533 0
      vertex 21.9 78.0533 0
      vertex 20.3 72.8572 0
    endloop
  endfacet
  facet normal 0 0 -1
    outer loop
      vertex 16.6 68.8734 0
      vertex 20.3 72.8572 0
      vertex 21.1 71.4715 0
    endloop
  endfacet
  facet normal 0 0 -1
    outer loop
      vertex 16.6 68.8734 0
      vertex 15.8 70.2591 0
      vertex 20.3 72.8572 0
    endloop
  endfacet
  facet normal 0 0 -1
    outer loop
      vertex 16.6 63.6773 0
      vertex 15 63.6773 0
      vertex 16.6 68.8734 0
    endloop
  endfacet
  facet normal 0 0 -1
    outer loop
      vertex 15 68.8734 0
      vertex 16.6 68.8734 0
      vertex 15 63.6773 0
    endloop
  endfacet
  facet normal 0 0 -1
    outer loop
      vertex 11.3 59.6936 0
      vertex 15 63.6773 0
      vertex 15.8 62.2916 0
    endloop
  endfacet
  facet normal 0 0 -1
    outer loop
      vertex 11.3 59.6936 0
      vertex 10.5 61.0792 0
      vertex 15 63.6773 0
    endloop
  endfacet
  facet normal 0 0 -1
    outer loop
      vertex 10.5 53.1118 0
      vertex 10.5 61.0792 0
      vertex 11.3 59.6936 0
    endloop
  endfacet
  facet normal 0 0 -1
    outer loop
      vertex 6 50.5137 0
      vertex 10.5 61.0792 0
      vertex 10.5 53.1118 0
    endloop
  endfacet
  facet normal -0 0 -1
    outer loop
      vertex 10.5 61.0792 0
      vertex 6 50.5137 0
      vertex 6 63.6773 0
    endloop
  endfacet
  facet normal 0 0 -1
    outer loop
      vertex 32.5 22.9741 0
      vertex 30.9 22.9741 0
      vertex 31.7 24.3597 0
    endloop
  endfacet
  facet normal 0 0 -1
    outer loop
      vertex 30.9 22.9741 0
      vertex 27.2 26.9578 0
      vertex 31.7 24.3597 0
    endloop
  endfacet
  facet normal 0 0 -1
    outer loop
      vertex 25.6 26.9578 0
      vertex 27.2 26.9578 0
      vertex 26.4 25.5722 0
    endloop
  endfacet
  facet normal 0 0 -1
    outer loop
      vertex 26.4 25.5722 0
      vertex 27.2 26.9578 0
      vertex 30.9 22.9741 0
    endloop
  endfacet
  facet normal 0 0 -1
    outer loop
      vertex 32.5 41.3338 0
      vertex 30.9 41.3338 0
      vertex 31.7 42.7195 0
    endloop
  endfacet
  facet normal 0 0 -1
    outer loop
      vertex 30.9 41.3338 0
      vertex 27.2 45.3176 0
      vertex 31.7 42.7195 0
    endloop
  endfacet
  facet normal 0 0 -1
    outer loop
      vertex 25.6 45.3176 0
      vertex 27.2 45.3176 0
      vertex 26.4 43.9319 0
    endloop
  endfacet
  facet normal 0 0 -1
    outer loop
      vertex 26.4 43.9319 0
      vertex 27.2 45.3176 0
      vertex 30.9 41.3338 0
    endloop
  endfacet
  facet normal 0 0 -1
    outer loop
      vertex 32.5 59.6936 0
      vertex 30.9 59.6936 0
      vertex 31.7 61.0792 0
    endloop
  endfacet
  facet normal 0 0 -1
    outer loop
      vertex 30.9 59.6936 0
      vertex 27.2 63.6773 0
      vertex 31.7 61.0792 0
    endloop
  endfacet
  facet normal 0 0 -1
    outer loop
      vertex 25.6 63.6773 0
      vertex 27.2 63.6773 0
      vertex 26.4 62.2916 0
    endloop
  endfacet
  facet normal 0 0 -1
    outer loop
      vertex 26.4 62.2916 0
      vertex 27.2 63.6773 0
      vertex 30.9 59.6936 0
    endloop
  endfacet
  facet normal 0 0 -1
    outer loop
      vertex 32.5 78.0533 0
      vertex 30.9 78.0533 0
      vertex 31.7 79.4389 0
    endloop
  endfacet
  facet normal 0 0 -1
    outer loop
      vertex 30.9 78.0533 0
      vertex 27.2 82.037 0
      vertex 31.7 79.4389 0
    endloop
  endfacet
  facet normal 0 0 -1
    outer loop
      vertex 25.6 82.037 0
      vertex 27.2 82.037 0
      vertex 26.4 80.6514 0
    endloop
  endfacet
  facet normal 0 0 -1
    outer loop
      vertex 26.4 80.6514 0
      vertex 27.2 82.037 0
      vertex 30.9 78.0533 0
    endloop
  endfacet
  facet normal 0 0 -1
    outer loop
      vertex 37.8 13.7942 0
      vertex 36.2 13.7942 0
      vertex 37 15.1799 0
    endloop
  endfacet
  facet normal 0 0 -1
    outer loop
      vertex 36.2 13.7942 0
      vertex 32.5 17.7779 0
      vertex 37 15.1799 0
    endloop
  endfacet
  facet normal 0 0 -1
    outer loop
      vertex 30.9 17.7779 0
      vertex 32.5 17.7779 0
      vertex 31.7 16.3923 0
    endloop
  endfacet
  facet normal 0 0 -1
    outer loop
      vertex 31.7 16.3923 0
      vertex 32.5 17.7779 0
      vertex 36.2 13.7942 0
    endloop
  endfacet
  facet normal 0 0 -1
    outer loop
      vertex 37.8 32.154 0
      vertex 36.2 32.154 0
      vertex 37 33.5396 0
    endloop
  endfacet
  facet normal 0 0 -1
    outer loop
      vertex 36.2 32.154 0
      vertex 32.5 36.1377 0
      vertex 37 33.5396 0
    endloop
  endfacet
  facet normal 0 0 -1
    outer loop
      vertex 30.9 36.1377 0
      vertex 32.5 36.1377 0
      vertex 31.7 34.752 0
    endloop
  endfacet
  facet normal 0 0 -1
    outer loop
      vertex 31.7 34.752 0
      vertex 32.5 36.1377 0
      vertex 36.2 32.154 0
    endloop
  endfacet
  facet normal 0 0 -1
    outer loop
      vertex 37.8 50.5137 0
      vertex 36.2 50.5137 0
      vertex 37 51.8993 0
    endloop
  endfacet
  facet normal 0 0 -1
    outer loop
      vertex 36.2 50.5137 0
      vertex 32.5 54.4974 0
      vertex 37 51.8993 0
    endloop
  endfacet
  facet normal 0 0 -1
    outer loop
      vertex 30.9 54.4974 0
      vertex 32.5 54.4974 0
      vertex 31.7 53.1118 0
    endloop
  endfacet
  facet normal 0 0 -1
    outer loop
      vertex 31.7 53.1118 0
      vertex 32.5 54.4974 0
      vertex 36.2 50.5137 0
    endloop
  endfacet
  facet normal 0 0 -1
    outer loop
      vertex 37.8 68.8734 0
      vertex 36.2 68.8734 0
      vertex 37 70.2591 0
    endloop
  endfacet
  facet normal 0 0 -1
    outer loop
      vertex 36.2 68.8734 0
      vertex 32.5 72.8572 0
      vertex 37 70.2591 0
    endloop
  endfacet
  facet normal 0 0 -1
    outer loop
      vertex 30.9 72.8572 0
      vertex 32.5 72.8572 0
      vertex 31.7 71.4715 0
    endloop
  endfacet
  facet normal 0 0 -1
    outer loop
      vertex 31.7 71.4715 0
      vertex 32.5 72.8572 0
      vertex 36.2 68.8734 0
    endloop
  endfacet
  facet normal 0 0 -1
    outer loop
      vertex 37.8 87.2332 0
      vertex 36.2 87.2332 0
      vertex 37 88.6188 0
    endloop
  endfacet
  facet normal 0 0 -1
    outer loop
      vertex 36.2 87.2332 0
      vertex 32.5 91.2169 0
      vertex 37 88.6188 0
    endloop
  endfacet
  facet normal 0 0 -1
    outer loop
      vertex 30.9 91.2169 0
      vertex 32.5 91.2169 0
      vertex 31.7 89.8313 0
    endloop
  endfacet
  facet normal 0 0 -1
    outer loop
      vertex 31.7 89.8313 0
      vertex 32.5 91.2169 0
      vertex 36.2 87.2332 0
    endloop
  endfacet
  facet normal 0 0 -1
    outer loop
      vertex 37.8 87.2332 0
      vertex 41.5 91.2169 0
      vertex 42.3 89.8313 0
    endloop
  endfacet
  facet normal 0 0 -1
    outer loop
      vertex 37.8 87.2332 0
      vertex 37 88.6188 0
      vertex 41.5 91.2169 0
    endloop
  endfacet
  facet normal 0 0 -1
    outer loop
      vertex 37.8 82.037 0
      vertex 36.2 82.037 0
      vertex 37.8 87.2332 0
    endloop
  endfacet
  facet normal 0 0 -1
    outer loop
      vertex 36.2 87.2332 0
      vertex 37.8 87.2332 0
      vertex 36.2 82.037 0
    endloop
  endfacet
  facet normal 0 0 -1
    outer loop
      vertex 32.5 78.0533 0
      vertex 36.2 82.037 0
      vertex 37 80.6514 0
    endloop
  endfacet
  facet normal 0 0 -1
    outer loop
      vertex 32.5 78.0533 0
      vertex 31.7 79.4389 0
      vertex 36.2 82.037 0
    endloop
  endfacet
  facet normal 0 0 -1
    outer loop
      vertex 32.5 72.8572 0
      vertex 30.9 72.8572 0
      vertex 32.5 78.0533 0
    endloop
  endfacet
  facet normal 0 0 -1
    outer loop
      vertex 30.9 78.0533 0
      vertex 32.5 78.0533 0
      vertex 30.9 72.8572 0
    endloop
  endfacet
  facet normal 0 0 -1
    outer loop
      vertex 27.2 68.8734 0
      vertex 30.9 72.8572 0
      vertex 31.7 71.4715 0
    endloop
  endfacet
  facet normal 0 0 -1
    outer loop
      vertex 27.2 68.8734 0
      vertex 26.4 70.2591 0
      vertex 30.9 72.8572 0
    endloop
  endfacet
  facet normal 0 0 -1
    outer loop
      vertex 27.2 63.6773 0
      vertex 25.6 63.6773 0
      vertex 27.2 68.8734 0
    endloop
  endfacet
  facet normal 0 0 -1
    outer loop
      vertex 25.6 68.8734 0
      vertex 27.2 68.8734 0
      vertex 25.6 63.6773 0
    endloop
  endfacet
  facet normal 0 0 -1
    outer loop
      vertex 21.9 59.6936 0
      vertex 25.6 63.6773 0
      vertex 26.4 62.2916 0
    endloop
  endfacet
  facet normal 0 0 -1
    outer loop
      vertex 21.9 59.6936 0
      vertex 21.1 61.0792 0
      vertex 25.6 63.6773 0
    endloop
  endfacet
  facet normal 0 0 -1
    outer loop
      vertex 21.9 54.4974 0
      vertex 20.3 54.4974 0
      vertex 21.9 59.6936 0
    endloop
  endfacet
  facet normal 0 0 -1
    outer loop
      vertex 20.3 59.6936 0
      vertex 21.9 59.6936 0
      vertex 20.3 54.4974 0
    endloop
  endfacet
  facet normal 0 0 -1
    outer loop
      vertex 16.6 50.5137 0
      vertex 20.3 54.4974 0
      vertex 21.1 53.1118 0
    endloop
  endfacet
  facet normal 0 0 -1
    outer loop
      vertex 16.6 50.5137 0
      vertex 15.8 51.8993 0
      vertex 20.3 54.4974 0
    endloop
  endfacet
  facet normal 0 0 -1
    outer loop
      vertex 16.6 45.3176 0
      vertex 15 45.3176 0
      vertex 16.6 50.5137 0
    endloop
  endfacet
  facet normal 0 0 -1
    outer loop
      vertex 15 50.5137 0
      vertex 16.6 50.5137 0
      vertex 15 45.3176 0
    endloop
  endfacet
  facet normal 0 0 -1
    outer loop
      vertex 11.3 41.3338 0
      vertex 15 45.3176 0
      vertex 15.8 43.9319 0
    endloop
  endfacet
  facet normal 0 0 -1
    outer loop
      vertex 11.3 41.3338 0
      vertex 10.5 42.7195 0
      vertex 15 45.3176 0
    endloop
  endfacet
  facet normal 0 0 -1
    outer loop
      vertex 10.5 34.752 0
      vertex 10.5 42.7195 0
      vertex 11.3 41.3338 0
    endloop
  endfacet
  facet normal 0 0 -1
    outer loop
      vertex 6 32.154 0
      vertex 10.5 42.7195 0
      vertex 10.5 34.752 0
    endloop
  endfacet
  facet normal -0 0 -1
    outer loop
      vertex 10.5 42.7195 0
      vertex 6 32.154 0
      vertex 6 45.3176 0
    endloop
  endfacet
  facet normal 0 0 -1
    outer loop
      vertex 43.1 22.9741 0
      vertex 41.5 22.9741 0
      vertex 42.3 24.3597 0
    endloop
  endfacet
  facet normal 0 0 -1
    outer loop
      vertex 41.5 22.9741 0
      vertex 37.8 26.9578 0
      vertex 42.3 24.3597 0
    endloop
  endfacet
  facet normal 0 0 -1
    outer loop
      vertex 36.2 26.9578 0
      vertex 37.8 26.9578 0
      vertex 37 25.5722 0
    endloop
  endfacet
  facet normal 0 0 -1
    outer loop
      vertex 37 25.5722 0
      vertex 37.8 26.9578 0
      vertex 41.5 22.9741 0
    endloop
  endfacet
  facet normal 0 0 -1
    outer loop
      vertex 43.1 41.3338 0
      vertex 41.5 41.3338 0
      vertex 42.3 42.7195 0
    endloop
  endfacet
  facet normal 0 0 -1
    outer loop
      vertex 41.5 41.3338 0
      vertex 37.8 45.3176 0
      vertex 42.3 42.7195 0
    endloop
  endfacet
  facet normal 0 0 -1
    outer loop
      vertex 36.2 45.3176 0
      vertex 37.8 45.3176 0
      vertex 37 43.9319 0
    endloop
  endfacet
  facet normal 0 0 -1
    outer loop
      vertex 37 43.9319 0
      vertex 37.8 45.3176 0
      vertex 41.5 41.3338 0
    endloop
  endfacet
  facet normal 0 0 -1
    outer loop
      vertex 43.1 59.6936 0
      vertex 41.5 59.6936 0
      vertex 42.3 61.0792 0
    endloop
  endfacet
  facet normal 0 0 -1
    outer loop
      vertex 41.5 59.6936 0
      vertex 37.8 63.6773 0
      vertex 42.3 61.0792 0
    endloop
  endfacet
  facet normal 0 0 -1
    outer loop
      vertex 36.2 63.6773 0
      vertex 37.8 63.6773 0
      vertex 37 62.2916 0
    endloop
  endfacet
  facet normal 0 0 -1
    outer loop
      vertex 37 62.2916 0
      vertex 37.8 63.6773 0
      vertex 41.5 59.6936 0
    endloop
  endfacet
  facet normal 0 0 -1
    outer loop
      vertex 43.1 78.0533 0
      vertex 41.5 78.0533 0
      vertex 42.3 79.4389 0
    endloop
  endfacet
  facet normal 0 0 -1
    outer loop
      vertex 41.5 78.0533 0
      vertex 37.8 82.037 0
      vertex 42.3 79.4389 0
    endloop
  endfacet
  facet normal 0 0 -1
    outer loop
      vertex 36.2 82.037 0
      vertex 37.8 82.037 0
      vertex 37 80.6514 0
    endloop
  endfacet
  facet normal 0 0 -1
    outer loop
      vertex 37 80.6514 0
      vertex 37.8 82.037 0
      vertex 41.5 78.0533 0
    endloop
  endfacet
  facet normal 0 0 -1
    outer loop
      vertex 48.4 13.7942 0
      vertex 46.8 13.7942 0
      vertex 47.6 15.1799 0
    endloop
  endfacet
  facet normal 0 0 -1
    outer loop
      vertex 46.8 13.7942 0
      vertex 43.1 17.7779 0
      vertex 47.6 15.1799 0
    endloop
  endfacet
  facet normal 0 0 -1
    outer loop
      vertex 41.5 17.7779 0
      vertex 43.1 17.7779 0
      vertex 42.3 16.3923 0
    endloop
  endfacet
  facet normal 0 0 -1
    outer loop
      vertex 42.3 16.3923 0
      vertex 43.1 17.7779 0
      vertex 46.8 13.7942 0
    endloop
  endfacet
  facet normal 0 0 -1
    outer loop
      vertex 48.4 32.154 0
      vertex 46.8 32.154 0
      vertex 47.6 33.5396 0
    endloop
  endfacet
  facet normal 0 0 -1
    outer loop
      vertex 46.8 32.154 0
      vertex 43.1 36.1377 0
      vertex 47.6 33.5396 0
    endloop
  endfacet
  facet normal 0 0 -1
    outer loop
      vertex 41.5 36.1377 0
      vertex 43.1 36.1377 0
      vertex 42.3 34.752 0
    endloop
  endfacet
  facet normal 0 0 -1
    outer loop
      vertex 42.3 34.752 0
      vertex 43.1 36.1377 0
      vertex 46.8 32.154 0
    endloop
  endfacet
  facet normal 0 0 -1
    outer loop
      vertex 48.4 50.5137 0
      vertex 46.8 50.5137 0
      vertex 47.6 51.8993 0
    endloop
  endfacet
  facet normal 0 0 -1
    outer loop
      vertex 46.8 50.5137 0
      vertex 43.1 54.4974 0
      vertex 47.6 51.8993 0
    endloop
  endfacet
  facet normal 0 0 -1
    outer loop
      vertex 41.5 54.4974 0
      vertex 43.1 54.4974 0
      vertex 42.3 53.1118 0
    endloop
  endfacet
  facet normal 0 0 -1
    outer loop
      vertex 42.3 53.1118 0
      vertex 43.1 54.4974 0
      vertex 46.8 50.5137 0
    endloop
  endfacet
  facet normal 0 0 -1
    outer loop
      vertex 48.4 68.8734 0
      vertex 46.8 68.8734 0
      vertex 47.6 70.2591 0
    endloop
  endfacet
  facet normal 0 0 -1
    outer loop
      vertex 46.8 68.8734 0
      vertex 43.1 72.8572 0
      vertex 47.6 70.2591 0
    endloop
  endfacet
  facet normal 0 0 -1
    outer loop
      vertex 41.5 72.8572 0
      vertex 43.1 72.8572 0
      vertex 42.3 71.4715 0
    endloop
  endfacet
  facet normal 0 0 -1
    outer loop
      vertex 42.3 71.4715 0
      vertex 43.1 72.8572 0
      vertex 46.8 68.8734 0
    endloop
  endfacet
  facet normal 0 0 -1
    outer loop
      vertex 48.4 87.2332 0
      vertex 46.8 87.2332 0
      vertex 47.6 88.6188 0
    endloop
  endfacet
  facet normal 0 0 -1
    outer loop
      vertex 46.8 87.2332 0
      vertex 43.1 91.2169 0
      vertex 47.6 88.6188 0
    endloop
  endfacet
  facet normal 0 0 -1
    outer loop
      vertex 41.5 91.2169 0
      vertex 43.1 91.2169 0
      vertex 42.3 89.8313 0
    endloop
  endfacet
  facet normal 0 0 -1
    outer loop
      vertex 42.3 89.8313 0
      vertex 43.1 91.2169 0
      vertex 46.8 87.2332 0
    endloop
  endfacet
  facet normal 0 0 -1
    outer loop
      vertex 48.4 87.2332 0
      vertex 52.1 91.2169 0
      vertex 52.9 89.8313 0
    endloop
  endfacet
  facet normal 0 0 -1
    outer loop
      vertex 48.4 87.2332 0
      vertex 47.6 88.6188 0
      vertex 52.1 91.2169 0
    endloop
  endfacet
  facet normal 0 0 -1
    outer loop
      vertex 48.4 82.037 0
      vertex 46.8 82.037 0
      vertex 48.4 87.2332 0
    endloop
  endfacet
  facet normal 0 0 -1
    outer loop
      vertex 46.8 87.2332 0
      vertex 48.4 87.2332 0
      vertex 46.8 82.037 0
    endloop
  endfacet
  facet normal 0 0 -1
    outer loop
      vertex 43.1 78.0533 0
      vertex 46.8 82.037 0
      vertex 47.6 80.6514 0
    endloop
  endfacet
  facet normal 0 0 -1
    outer loop
      vertex 43.1 78.0533 0
      vertex 42.3 79.4389 0
      vertex 46.8 82.037 0
    endloop
  endfacet
  facet normal 0 0 -1
    outer loop
      vertex 43.1 72.8572 0
      vertex 41.5 72.8572 0
      vertex 43.1 78.0533 0
    endloop
  endfacet
  facet normal 0 0 -1
    outer loop
      vertex 41.5 78.0533 0
      vertex 43.1 78.0533 0
      vertex 41.5 72.8572 0
    endloop
  endfacet
  facet normal 0 0 -1
    outer loop
      vertex 37.8 68.8734 0
      vertex 41.5 72.8572 0
      vertex 42.3 71.4715 0
    endloop
  endfacet
  facet normal 0 0 -1
    outer loop
      vertex 37.8 68.8734 0
      vertex 37 70.2591 0
      vertex 41.5 72.8572 0
    endloop
  endfacet
  facet normal 0 0 -1
    outer loop
      vertex 37.8 63.6773 0
      vertex 36.2 63.6773 0
      vertex 37.8 68.8734 0
    endloop
  endfacet
  facet normal 0 0 -1
    outer loop
      vertex 36.2 68.8734 0
      vertex 37.8 68.8734 0
      vertex 36.2 63.6773 0
    endloop
  endfacet
  facet normal 0 0 -1
    outer loop
      vertex 32.5 59.6936 0
      vertex 36.2 63.6773 0
      vertex 37 62.2916 0
    endloop
  endfacet
  facet normal 0 0 -1
    outer loop
      vertex 32.5 59.6936 0
      vertex 31.7 61.0792 0
      vertex 36.2 63.6773 0
    endloop
  endfacet
  facet normal 0 0 -1
    outer loop
      vertex 32.5 54.4974 0
      vertex 30.9 54.4974 0
      vertex 32.5 59.6936 0
    endloop
  endfacet
  facet normal 0 0 -1
    outer loop
      vertex 30.9 59.6936 0
      vertex 32.5 59.6936 0
      vertex 30.9 54.4974 0
    endloop
  endfacet
  facet normal 0 0 -1
    outer loop
      vertex 27.2 50.5137 0
      vertex 30.9 54.4974 0
      vertex 31.7 53.1118 0
    endloop
  endfacet
  facet normal 0 0 -1
    outer loop
      vertex 27.2 50.5137 0
      vertex 26.4 51.8993 0
      vertex 30.9 54.4974 0
    endloop
  endfacet
  facet normal 0 0 -1
    outer loop
      vertex 27.2 45.3176 0
      vertex 25.6 45.3176 0
      vertex 27.2 50.5137 0
    endloop
  endfacet
  facet normal 0 0 -1
    outer loop
      vertex 25.6 50.5137 0
      vertex 27.2 50.5137 0
      vertex 25.6 45.3176 0
    endloop
  endfacet
  facet normal 0 0 -1
    outer loop
      vertex 21.9 41.3338 0
      vertex 25.6 45.3176 0
      vertex 26.4 43.9319 0
    endloop
  endfacet
  facet normal 0 0 -1
    outer loop
      vertex 21.9 41.3338 0
      vertex 21.1 42.7195 0
      vertex 25.6 45.3176 0
    endloop
  endfacet
  facet normal 0 0 -1
    outer loop
      vertex 21.9 36.1377 0
      vertex 20.3 36.1377 0
      vertex 21.9 41.3338 0
    endloop
  endfacet
  facet normal 0 0 -1
    outer loop
      vertex 20.3 41.3338 0
      vertex 21.9 41.3338 0
      vertex 20.3 36.1377 0
    endloop
  endfacet
  facet normal 0 0 -1
    outer loop
      vertex 16.6 32.154 0
      vertex 20.3 36.1377 0
      vertex 21.1 34.752 0
    endloop
  endfacet
  facet normal 0 0 -1
    outer loop
      vertex 16.6 32.154 0
      vertex 15.8 33.5396 0
      vertex 20.3 36.1377 0
    endloop
  endfacet
  facet normal 0 0 -1
    outer loop
      vertex 16.6 26.9578 0
      vertex 15 26.9578 0
      vertex 16.6 32.154 0
    endloop
  endfacet
  facet normal 0 0 -1
    outer loop
      vertex 15 32.154 0
      vertex 16.6 32.154 0
      vertex 15 26.9578 0
    endloop
  endfacet
  facet normal 0 0 -1
    outer loop
      vertex 11.3 22.9741 0
      vertex 15 26.9578 0
      vertex 15.8 25.5722 0
    endloop
  endfacet
  facet normal 0 0 -1
    outer loop
      vertex 11.3 22.9741 0
      vertex 10.5 24.3597 0
      vertex 15 26.9578 0
    endloop
  endfacet
  facet normal 0 0 -1
    outer loop
      vertex 10.5 16.3923 0
      vertex 10.5 24.3597 0
      vertex 11.3 22.9741 0
    endloop
  endfacet
  facet normal 0 0 -1
    outer loop
      vertex 6 13.7942 0
      vertex 10.5 24.3597 0
      vertex 10.5 16.3923 0
    endloop
  endfacet
  facet normal -0 0 -1
    outer loop
      vertex 10.5 24.3597 0
      vertex 6 13.7942 0
      vertex 6 26.9578 0
    endloop
  endfacet
  facet normal 0 0 -1
    outer loop
      vertex 53.7 22.9741 0
      vertex 52.1 22.9741 0
      vertex 52.9 24.3597 0
    endloop
  endfacet
  facet normal 0 0 -1
    outer loop
      vertex 52.1 22.9741 0
      vertex 48.4 26.9578 0
      vertex 52.9 24.3597 0
    endloop
  endfacet
  facet normal 0 0 -1
    outer loop
      vertex 46.8 26.9578 0
      vertex 48.4 26.9578 0
      vertex 47.6 25.5722 0
    endloop
  endfacet
  facet normal 0 0 -1
    outer loop
      vertex 47.6 25.5722 0
      vertex 48.4 26.9578 0
      vertex 52.1 22.9741 0
    endloop
  endfacet
  facet normal 0 0 -1
    outer loop
      vertex 53.7 41.3338 0
      vertex 52.1 41.3338 0
      vertex 52.9 42.7195 0
    endloop
  endfacet
  facet normal 0 0 -1
    outer loop
      vertex 52.1 41.3338 0
      vertex 48.4 45.3176 0
      vertex 52.9 42.7195 0
    endloop
  endfacet
  facet normal 0 0 -1
    outer loop
      vertex 46.8 45.3176 0
      vertex 48.4 45.3176 0
      vertex 47.6 43.9319 0
    endloop
  endfacet
  facet normal 0 0 -1
    outer loop
      vertex 47.6 43.9319 0
      vertex 48.4 45.3176 0
      vertex 52.1 41.3338 0
    endloop
  endfacet
  facet normal 0 0 -1
    outer loop
      vertex 53.7 59.6936 0
      vertex 52.1 59.6936 0
      vertex 52.9 61.0792 0
    endloop
  endfacet
  facet normal 0 0 -1
    outer loop
      vertex 52.1 59.6936 0
      vertex 48.4 63.6773 0
      vertex 52.9 61.0792 0
    endloop
  endfacet
  facet normal 0 0 -1
    outer loop
      vertex 46.8 63.6773 0
      vertex 48.4 63.6773 0
      vertex 47.6 62.2916 0
    endloop
  endfacet
  facet normal 0 0 -1
    outer loop
      vertex 47.6 62.2916 0
      vertex 48.4 63.6773 0
      vertex 52.1 59.6936 0
    endloop
  endfacet
  facet normal 0 0 -1
    outer loop
      vertex 53.7 78.0533 0
      vertex 52.1 78.0533 0
      vertex 52.9 79.4389 0
    endloop
  endfacet
  facet normal 0 0 -1
    outer loop
      vertex 52.1 78.0533 0
      vertex 48.4 82.037 0
      vertex 52.9 79.4389 0
    endloop
  endfacet
  facet normal 0 0 -1
    outer loop
      vertex 46.8 82.037 0
      vertex 48.4 82.037 0
      vertex 47.6 80.6514 0
    endloop
  endfacet
  facet normal 0 0 -1
    outer loop
      vertex 47.6 80.6514 0
      vertex 48.4 82.037 0
      vertex 52.1 78.0533 0
    endloop
  endfacet
  facet normal 0 0 -1
    outer loop
      vertex 59 13.7942 0
      vertex 57.4 13.7942 0
      vertex 58.2 15.1799 0
    endloop
  endfacet
  facet normal 0 0 -1
    outer loop
      vertex 57.4 13.7942 0
      vertex 53.7 17.7779 0
      vertex 58.2 15.1799 0
    endloop
  endfacet
  facet normal 0 0 -1
    outer loop
      vertex 52.1 17.7779 0
      vertex 53.7 17.7779 0
      vertex 52.9 16.3923 0
    endloop
  endfacet
  facet normal 0 0 -1
    outer loop
      vertex 52.9 16.3923 0
      vertex 53.7 17.7779 0
      vertex 57.4 13.7942 0
    endloop
  endfacet
  facet normal 0 0 -1
    outer loop
      vertex 59 32.154 0
      vertex 57.4 32.154 0
      vertex 58.2 33.5396 0
    endloop
  endfacet
  facet normal 0 0 -1
    outer loop
      vertex 57.4 32.154 0
      vertex 53.7 36.1377 0
      vertex 58.2 33.5396 0
    endloop
  endfacet
  facet normal 0 0 -1
    outer loop
      vertex 52.1 36.1377 0
      vertex 53.7 36.1377 0
      vertex 52.9 34.752 0
    endloop
  endfacet
  facet normal 0 0 -1
    outer loop
      vertex 52.9 34.752 0
      vertex 53.7 36.1377 0
      vertex 57.4 32.154 0
    endloop
  endfacet
  facet normal 0 0 -1
    outer loop
      vertex 59 50.5137 0
      vertex 57.4 50.5137 0
      vertex 58.2 51.8993 0
    endloop
  endfacet
  facet normal 0 0 -1
    outer loop
      vertex 57.4 50.5137 0
      vertex 53.7 54.4974 0
      vertex 58.2 51.8993 0
    endloop
  endfacet
  facet normal 0 0 -1
    outer loop
      vertex 52.1 54.4974 0
      vertex 53.7 54.4974 0
      vertex 52.9 53.1118 0
    endloop
  endfacet
  facet normal 0 0 -1
    outer loop
      vertex 52.9 53.1118 0
      vertex 53.7 54.4974 0
      vertex 57.4 50.5137 0
    endloop
  endfacet
  facet normal 0 0 -1
    outer loop
      vertex 59 68.8734 0
      vertex 57.4 68.8734 0
      vertex 58.2 70.2591 0
    endloop
  endfacet
  facet normal 0 0 -1
    outer loop
      vertex 57.4 68.8734 0
      vertex 53.7 72.8572 0
      vertex 58.2 70.2591 0
    endloop
  endfacet
  facet normal 0 0 -1
    outer loop
      vertex 52.1 72.8572 0
      vertex 53.7 72.8572 0
      vertex 52.9 71.4715 0
    endloop
  endfacet
  facet normal 0 0 -1
    outer loop
      vertex 52.9 71.4715 0
      vertex 53.7 72.8572 0
      vertex 57.4 68.8734 0
    endloop
  endfacet
  facet normal 0 0 -1
    outer loop
      vertex 59 87.2332 0
      vertex 57.4 87.2332 0
      vertex 58.2 88.6188 0
    endloop
  endfacet
  facet normal 0 0 -1
    outer loop
      vertex 57.4 87.2332 0
      vertex 53.7 91.2169 0
      vertex 58.2 88.6188 0
    endloop
  endfacet
  facet normal 0 0 -1
    outer loop
      vertex 52.1 91.2169 0
      vertex 53.7 91.2169 0
      vertex 52.9 89.8313 0
    endloop
  endfacet
  facet normal 0 0 -1
    outer loop
      vertex 52.9 89.8313 0
      vertex 53.7 91.2169 0
      vertex 57.4 87.2332 0
    endloop
  endfacet
  facet normal 0 0 -1
    outer loop
      vertex 59 87.2332 0
      vertex 62.7 91.2169 0
      vertex 63.5 89.8313 0
    endloop
  endfacet
  facet normal 0 0 -1
    outer loop
      vertex 59 87.2332 0
      vertex 58.2 88.6188 0
      vertex 62.7 91.2169 0
    endloop
  endfacet
  facet normal 0 0 -1
    outer loop
      vertex 59 82.037 0
      vertex 57.4 82.037 0
      vertex 59 87.2332 0
    endloop
  endfacet
  facet normal 0 0 -1
    outer loop
      vertex 57.4 87.2332 0
      vertex 59 87.2332 0
      vertex 57.4 82.037 0
    endloop
  endfacet
  facet normal 0 0 -1
    outer loop
      vertex 53.7 78.0533 0
      vertex 57.4 82.037 0
      vertex 58.2 80.6514 0
    endloop
  endfacet
  facet normal 0 0 -1
    outer loop
      vertex 53.7 78.0533 0
      vertex 52.9 79.4389 0
      vertex 57.4 82.037 0
    endloop
  endfacet
  facet normal 0 0 -1
    outer loop
      vertex 53.7 72.8572 0
      vertex 52.1 72.8572 0
      vertex 53.7 78.0533 0
    endloop
  endfacet
  facet normal 0 0 -1
    outer loop
      vertex 52.1 78.0533 0
      vertex 53.7 78.0533 0
      vertex 52.1 72.8572 0
    endloop
  endfacet
  facet normal 0 0 -1
    outer loop
      vertex 48.4 68.8734 0
      vertex 52.1 72.8572 0
      vertex 52.9 71.4715 0
    endloop
  endfacet
  facet normal 0 0 -1
    outer loop
      vertex 48.4 68.8734 0
      vertex 47.6 70.2591 0
      vertex 52.1 72.8572 0
    endloop
  endfacet
  facet normal 0 0 -1
    outer loop
      vertex 48.4 63.6773 0
      vertex 46.8 63.6773 0
      vertex 48.4 68.8734 0
    endloop
  endfacet
  facet normal 0 0 -1
    outer loop
      vertex 46.8 68.8734 0
      vertex 48.4 68.8734 0
      vertex 46.8 63.6773 0
    endloop
  endfacet
  facet normal 0 0 -1
    outer loop
      vertex 43.1 59.6936 0
      vertex 46.8 63.6773 0
      vertex 47.6 62.2916 0
    endloop
  endfacet
  facet normal 0 0 -1
    outer loop
      vertex 43.1 59.6936 0
      vertex 42.3 61.0792 0
      vertex 46.8 63.6773 0
    endloop
  endfacet
  facet normal 0 0 -1
    outer loop
      vertex 43.1 54.4974 0
      vertex 41.5 54.4974 0
      vertex 43.1 59.6936 0
    endloop
  endfacet
  facet normal 0 0 -1
    outer loop
      vertex 41.5 59.6936 0
      vertex 43.1 59.6936 0
      vertex 41.5 54.4974 0
    endloop
  endfacet
  facet normal 0 0 -1
    outer loop
      vertex 37.8 50.5137 0
      vertex 41.5 54.4974 0
      vertex 42.3 53.1118 0
    endloop
  endfacet
  facet normal 0 0 -1
    outer loop
      vertex 37.8 50.5137 0
      vertex 37 51.8993 0
      vertex 41.5 54.4974 0
    endloop
  endfacet
  facet normal 0 0 -1
    outer loop
      vertex 37.8 45.3176 0
      vertex 36.2 45.3176 0
      vertex 37.8 50.5137 0
    endloop
  endfacet
  facet normal 0 0 -1
    outer loop
      vertex 36.2 50.5137 0
      vertex 37.8 50.5137 0
      vertex 36.2 45.3176 0
    endloop
  endfacet
  facet normal 0 0 -1
    outer loop
      vertex 32.5 41.3338 0
      vertex 36.2 45.3176 0
      vertex 37 43.9319 0
    endloop
  endfacet
  facet normal 0 0 -1
    outer loop
      vertex 32.5 41.3338 0
      vertex 31.7 42.7195 0
      vertex 36.2 45.3176 0
    endloop
  endfacet
  facet normal 0 0 -1
    outer loop
      vertex 32.5 36.1377 0
      vertex 30.9 36.1377 0
      vertex 32.5 41.3338 0
    endloop
  endfacet
  facet normal 0 0 -1
    outer loop
      vertex 30.9 41.3338 0
      vertex 32.5 41.3338 0
      vertex 30.9 36.1377 0
    endloop
  endfacet
  facet normal 0 0 -1
    outer loop
      vertex 27.2 32.154 0
      vertex 30.9 36.1377 0
      vertex 31.7 34.752 0
    endloop
  endfacet
  facet normal 0 0 -1
    outer loop
      vertex 27.2 32.154 0
      vertex 26.4 33.5396 0
      vertex 30.9 36.1377 0
    endloop
  endfacet
  facet normal 0 0 -1
    outer loop
      vertex 27.2 26.9578 0
      vertex 25.6 26.9578 0
      vertex 27.2 32.154 0
    endloop
  endfacet
  facet normal 0 0 -1
    outer loop
      vertex 25.6 32.154 0
      vertex 27.2 32.154 0
      vertex 25.6 26.9578 0
    endloop
  endfacet
  facet normal 0 0 -1
    outer loop
      vertex 21.9 22.9741 0
      vertex 25.6 26.9578 0
      vertex 26.4 25.5722 0
    endloop
  endfacet
  facet normal 0 0 -1
    outer loop
      vertex 21.9 22.9741 0
      vertex 21.1 24.3597 0
      vertex 25.6 26.9578 0
    endloop
  endfacet
  facet normal 0 0 -1
    outer loop
      vertex 21.9 17.7779 0
      vertex 20.3 17.7779 0
      vertex 21.9 22.9741 0
    endloop
  endfacet
  facet normal 0 0 -1
    outer loop
      vertex 20.3 22.9741 0
      vertex 21.9 22.9741 0
      vertex 20.3 17.7779 0
    endloop
  endfacet
  facet normal 0 0 -1
    outer loop
      vertex 16.6 13.7942 0
      vertex 20.3 17.7779 0
      vertex 21.1 16.3923 0
    endloop
  endfacet
  facet normal 0 0 -1
    outer loop
      vertex 20.3 17.7779 0
      vertex 16.6 13.7942 0
      vertex 15.8 15.1799 0
    endloop
  endfacet
  facet normal 0 0 -1
    outer loop
      vertex 64.3 22.9741 0
      vertex 62.7 22.9741 0
      vertex 63.5 24.3597 0
    endloop
  endfacet
  facet normal 0 0 -1
    outer loop
      vertex 62.7 22.9741 0
      vertex 59 26.9578 0
      vertex 63.5 24.3597 0
    endloop
  endfacet
  facet normal 0 0 -1
    outer loop
      vertex 57.4 26.9578 0
      vertex 59 26.9578 0
      vertex 58.2 25.5722 0
    endloop
  endfacet
  facet normal 0 0 -1
    outer loop
      vertex 58.2 25.5722 0
      vertex 59 26.9578 0
      vertex 62.7 22.9741 0
    endloop
  endfacet
  facet normal 0 0 -1
    outer loop
      vertex 64.3 41.3338 0
      vertex 62.7 41.3338 0
      vertex 63.5 42.7195 0
    endloop
  endfacet
  facet normal 0 0 -1
    outer loop
      vertex 62.7 41.3338 0
      vertex 59 45.3176 0
      vertex 63.5 42.7195 0
    endloop
  endfacet
  facet normal 0 0 -1
    outer loop
      vertex 57.4 45.3176 0
      vertex 59 45.3176 0
      vertex 58.2 43.9319 0
    endloop
  endfacet
  facet normal 0 0 -1
    outer loop
      vertex 58.2 43.9319 0
      vertex 59 45.3176 0
      vertex 62.7 41.3338 0
    endloop
  endfacet
  facet normal 0 0 -1
    outer loop
      vertex 64.3 59.6936 0
      vertex 62.7 59.6936 0
      vertex 63.5 61.0792 0
    endloop
  endfacet
  facet normal 0 0 -1
    outer loop
      vertex 62.7 59.6936 0
      vertex 59 63.6773 0
      vertex 63.5 61.0792 0
    endloop
  endfacet
  facet normal 0 0 -1
    outer loop
      vertex 57.4 63.6773 0
      vertex 59 63.6773 0
      vertex 58.2 62.2916 0
    endloop
  endfacet
  facet normal 0 0 -1
    outer loop
      vertex 58.2 62.2916 0
      vertex 59 63.6773 0
      vertex 62.7 59.6936 0
    endloop
  endfacet
  facet normal 0 0 -1
    outer loop
      vertex 64.3 78.0533 0
      vertex 62.7 78.0533 0
      vertex 63.5 79.4389 0
    endloop
  endfacet
  facet normal 0 0 -1
    outer loop
      vertex 62.7 78.0533 0
      vertex 59 82.037 0
      vertex 63.5 79.4389 0
    endloop
  endfacet
  facet normal 0 0 -1
    outer loop
      vertex 57.4 82.037 0
      vertex 59 82.037 0
      vertex 58.2 80.6514 0
    endloop
  endfacet
  facet normal 0 0 -1
    outer loop
      vertex 58.2 80.6514 0
      vertex 59 82.037 0
      vertex 62.7 78.0533 0
    endloop
  endfacet
  facet normal 0 0 -1
    outer loop
      vertex 68.8 80.6514 0
      vertex 73.3 91.2169 0
      vertex 73.3 78.0533 0
    endloop
  endfacet
  facet normal 0 0 -1
    outer loop
      vertex 68.8 80.6514 0
      vertex 68.8 88.6188 0
      vertex 73.3 91.2169 0
    endloop
  endfacet
  facet normal 0 0 -1
    outer loop
      vertex 68.8 80.6514 0
      vertex 68 82.037 0
      vertex 68.8 88.6188 0
    endloop
  endfacet
  facet normal 0 0 -1
    outer loop
      vertex 64.3 78.0533 0
      vertex 68 82.037 0
      vertex 68.8 80.6514 0
    endloop
  endfacet
  facet normal 0 0 -1
    outer loop
      vertex 64.3 78.0533 0
      vertex 63.5 79.4389 0
      vertex 68 82.037 0
    endloop
  endfacet
  facet normal 0 0 -1
    outer loop
      vertex 64.3 72.8572 0
      vertex 62.7 72.8572 0
      vertex 64.3 78.0533 0
    endloop
  endfacet
  facet normal 0 0 -1
    outer loop
      vertex 62.7 78.0533 0
      vertex 64.3 78.0533 0
      vertex 62.7 72.8572 0
    endloop
  endfacet
  facet normal 0 0 -1
    outer loop
      vertex 59 68.8734 0
      vertex 62.7 72.8572 0
      vertex 63.5 71.4715 0
    endloop
  endfacet
  facet normal 0 0 -1
    outer loop
      vertex 59 68.8734 0
      vertex 58.2 70.2591 0
      vertex 62.7 72.8572 0
    endloop
  endfacet
  facet normal 0 0 -1
    outer loop
      vertex 59 63.6773 0
      vertex 57.4 63.6773 0
      vertex 59 68.8734 0
    endloop
  endfacet
  facet normal 0 0 -1
    outer loop
      vertex 57.4 68.8734 0
      vertex 59 68.8734 0
      vertex 57.4 63.6773 0
    endloop
  endfacet
  facet normal 0 0 -1
    outer loop
      vertex 53.7 59.6936 0
      vertex 57.4 63.6773 0
      vertex 58.2 62.2916 0
    endloop
  endfacet
  facet normal 0 0 -1
    outer loop
      vertex 53.7 59.6936 0
      vertex 52.9 61.0792 0
      vertex 57.4 63.6773 0
    endloop
  endfacet
  facet normal 0 0 -1
    outer loop
      vertex 53.7 54.4974 0
      vertex 52.1 54.4974 0
      vertex 53.7 59.6936 0
    endloop
  endfacet
  facet normal 0 0 -1
    outer loop
      vertex 52.1 59.6936 0
      vertex 53.7 59.6936 0
      vertex 52.1 54.4974 0
    endloop
  endfacet
  facet normal 0 0 -1
    outer loop
      vertex 48.4 50.5137 0
      vertex 52.1 54.4974 0
      vertex 52.9 53.1118 0
    endloop
  endfacet
  facet normal 0 0 -1
    outer loop
      vertex 48.4 50.5137 0
      vertex 47.6 51.8993 0
      vertex 52.1 54.4974 0
    endloop
  endfacet
  facet normal 0 0 -1
    outer loop
      vertex 48.4 45.3176 0
      vertex 46.8 45.3176 0
      vertex 48.4 50.5137 0
    endloop
  endfacet
  facet normal 0 0 -1
    outer loop
      vertex 46.8 50.5137 0
      vertex 48.4 50.5137 0
      vertex 46.8 45.3176 0
    endloop
  endfacet
  facet normal 0 0 -1
    outer loop
      vertex 43.1 41.3338 0
      vertex 46.8 45.3176 0
      vertex 47.6 43.9319 0
    endloop
  endfacet
  facet normal 0 0 -1
    outer loop
      vertex 43.1 41.3338 0
      vertex 42.3 42.7195 0
      vertex 46.8 45.3176 0
    endloop
  endfacet
  facet normal 0 0 -1
    outer loop
      vertex 43.1 36.1377 0
      vertex 41.5 36.1377 0
      vertex 43.1 41.3338 0
    endloop
  endfacet
  facet normal 0 0 -1
    outer loop
      vertex 41.5 41.3338 0
      vertex 43.1 41.3338 0
      vertex 41.5 36.1377 0
    endloop
  endfacet
  facet normal 0 0 -1
    outer loop
      vertex 37.8 32.154 0
      vertex 41.5 36.1377 0
      vertex 42.3 34.752 0
    endloop
  endfacet
  facet normal 0 0 -1
    outer loop
      vertex 37.8 32.154 0
      vertex 37 33.5396 0
      vertex 41.5 36.1377 0
    endloop
  endfacet
  facet normal 0 0 -1
    outer loop
      vertex 37.8 26.9578 0
      vertex 36.2 26.9578 0
      vertex 37.8 32.154 0
    endloop
  endfacet
  facet normal 0 0 -1
    outer loop
      vertex 36.2 32.154 0
      vertex 37.8 32.154 0
      vertex 36.2 26.9578 0
    endloop
  endfacet
  facet normal 0 0 -1
    outer loop
      vertex 32.5 22.9741 0
      vertex 36.2 26.9578 0
      vertex 37 25.5722 0
    endloop
  endfacet
  facet normal 0 0 -1
    outer loop
      vertex 32.5 22.9741 0
      vertex 31.7 24.3597 0
      vertex 36.2 26.9578 0
    endloop
  endfacet
  facet normal 0 0 -1
    outer loop
      vertex 32.5 17.7779 0
      vertex 30.9 17.7779 0
      vertex 32.5 22.9741 0
    endloop
  endfacet
  facet normal 0 0 -1
    outer loop
      vertex 30.9 22.9741 0
      vertex 32.5 22.9741 0
      vertex 30.9 17.7779 0
    endloop
  endfacet
  facet normal 0 0 -1
    outer loop
      vertex 27.2 13.7942 0
      vertex 30.9 17.7779 0
      vertex 31.7 16.3923 0
    endloop
  endfacet
  facet normal 0 0 -1
    outer loop
      vertex 30.9 17.7779 0
      vertex 27.2 13.7942 0
      vertex 26.4 15.1799 0
    endloop
  endfacet
  facet normal 0 0 -1
    outer loop
      vertex 68.8 62.2916 0
      vertex 73.3 72.8572 0
      vertex 73.3 59.6936 0
    endloop
  endfacet
  facet normal 0 0 -1
    outer loop
      vertex 68.8 62.2916 0
      vertex 68.8 70.2591 0
      vertex 73.3 72.8572 0
    endloop
  endfacet
  facet normal 0 0 -1
    outer loop
      vertex 68.8 62.2916 0
      vertex 68 63.6773 0
      vertex 68.8 70.2591 0
    endloop
  endfacet
  facet normal 0 0 -1
    outer loop
      vertex 64.3 59.6936 0
      vertex 68 63.6773 0
      vertex 68.8 62.2916 0
    endloop
  endfacet
  facet normal 0 0 -1
    outer loop
      vertex 64.3 59.6936 0
      vertex 63.5 61.0792 0
      vertex 68 63.6773 0
    endloop
  endfacet
  facet normal 0 0 -1
    outer loop
      vertex 64.3 54.4974 0
      vertex 62.7 54.4974 0
      vertex 64.3 59.6936 0
    endloop
  endfacet
  facet normal 0 0 -1
    outer loop
      vertex 62.7 59.6936 0
      vertex 64.3 59.6936 0
      vertex 62.7 54.4974 0
    endloop
  endfacet
  facet normal 0 0 -1
    outer loop
      vertex 59 50.5137 0
      vertex 62.7 54.4974 0
      vertex 63.5 53.1118 0
    endloop
  endfacet
  facet normal 0 0 -1
    outer loop
      vertex 59 50.5137 0
      vertex 58.2 51.8993 0
      vertex 62.7 54.4974 0
    endloop
  endfacet
  facet normal 0 0 -1
    outer loop
      vertex 59 45.3176 0
      vertex 57.4 45.3176 0
      vertex 59 50.5137 0
    endloop
  endfacet
  facet normal 0 0 -1
    outer loop
      vertex 57.4 50.5137 0
      vertex 59 50.5137 0
      vertex 57.4 45.3176 0
    endloop
  endfacet
  facet normal 0 0 -1
    outer loop
      vertex 53.7 41.3338 0
      vertex 57.4 45.3176 0
      vertex 58.2 43.9319 0
    endloop
  endfacet
  facet normal 0 0 -1
    outer loop
      vertex 53.7 41.3338 0
      vertex 52.9 42.7195 0
      vertex 57.4 45.3176 0
    endloop
  endfacet
  facet normal 0 0 -1
    outer loop
      vertex 53.7 36.1377 0
      vertex 52.1 36.1377 0
      vertex 53.7 41.3338 0
    endloop
  endfacet
  facet normal 0 0 -1
    outer loop
      vertex 52.1 41.3338 0
      vertex 53.7 41.3338 0
      vertex 52.1 36.1377 0
    endloop
  endfacet
  facet normal 0 0 -1
    outer loop
      vertex 48.4 32.154 0
      vertex 52.1 36.1377 0
      vertex 52.9 34.752 0
    endloop
  endfacet
  facet normal 0 0 -1
    outer loop
      vertex 48.4 32.154 0
      vertex 47.6 33.5396 0
      vertex 52.1 36.1377 0
    endloop
  endfacet
  facet normal 0 0 -1
    outer loop
      vertex 48.4 26.9578 0
      vertex 46.8 26.9578 0
      vertex 48.4 32.154 0
    endloop
  endfacet
  facet normal 0 0 -1
    outer loop
      vertex 46.8 32.154 0
      vertex 48.4 32.154 0
      vertex 46.8 26.9578 0
    endloop
  endfacet
  facet normal 0 0 -1
    outer loop
      vertex 43.1 22.9741 0
      vertex 46.8 26.9578 0
      vertex 47.6 25.5722 0
    endloop
  endfacet
  facet normal 0 0 -1
    outer loop
      vertex 43.1 22.9741 0
      vertex 42.3 24.3597 0
      vertex 46.8 26.9578 0
    endloop
  endfacet
  facet normal 0 0 -1
    outer loop
      vertex 43.1 17.7779 0
      vertex 41.5 17.7779 0
      vertex 43.1 22.9741 0
    endloop
  endfacet
  facet normal 0 0 -1
    outer loop
      vertex 41.5 22.9741 0
      vertex 43.1 22.9741 0
      vertex 41.5 17.7779 0
    endloop
  endfacet
  facet normal 0 0 -1
    outer loop
      vertex 37.8 13.7942 0
      vertex 41.5 17.7779 0
      vertex 42.3 16.3923 0
    endloop
  endfacet
  facet normal 0 0 -1
    outer loop
      vertex 41.5 17.7779 0
      vertex 37.8 13.7942 0
      vertex 37 15.1799 0
    endloop
  endfacet
  facet normal 0 0 -1
    outer loop
      vertex 68.8 43.9319 0
      vertex 73.3 54.4974 0
      vertex 73.3 41.3338 0
    endloop
  endfacet
  facet normal 0 0 -1
    outer loop
      vertex 68.8 43.9319 0
      vertex 68.8 51.8993 0
      vertex 73.3 54.4974 0
    endloop
  endfacet
  facet normal 0 0 -1
    outer loop
      vertex 68.8 43.9319 0
      vertex 68 45.3176 0
      vertex 68.8 51.8993 0
    endloop
  endfacet
  facet normal 0 0 -1
    outer loop
      vertex 64.3 41.3338 0
      vertex 68 45.3176 0
      vertex 68.8 43.9319 0
    endloop
  endfacet
  facet normal 0 0 -1
    outer loop
      vertex 64.3 41.3338 0
      vertex 63.5 42.7195 0
      vertex 68 45.3176 0
    endloop
  endfacet
  facet normal 0 0 -1
    outer loop
      vertex 64.3 36.1377 0
      vertex 62.7 36.1377 0
      vertex 64.3 41.3338 0
    endloop
  endfacet
  facet normal 0 0 -1
    outer loop
      vertex 62.7 41.3338 0
      vertex 64.3 41.3338 0
      vertex 62.7 36.1377 0
    endloop
  endfacet
  facet normal 0 0 -1
    outer loop
      vertex 59 32.154 0
      vertex 62.7 36.1377 0
      vertex 63.5 34.752 0
    endloop
  endfacet
  facet normal 0 0 -1
    outer loop
      vertex 59 32.154 0
      vertex 58.2 33.5396 0
      vertex 62.7 36.1377 0
    endloop
  endfacet
  facet normal 0 0 -1
    outer loop
      vertex 59 26.9578 0
      vertex 57.4 26.9578 0
      vertex 59 32.154 0
    endloop
  endfacet
  facet normal 0 0 -1
    outer loop
      vertex 57.4 32.154 0
      vertex 59 32.154 0
      vertex 57.4 26.9578 0
    endloop
  endfacet
  facet normal 0 0 -1
    outer loop
      vertex 53.7 22.9741 0
      vertex 57.4 26.9578 0
      vertex 58.2 25.5722 0
    endloop
  endfacet
  facet normal 0 0 -1
    outer loop
      vertex 53.7 22.9741 0
      vertex 52.9 24.3597 0
      vertex 57.4 26.9578 0
    endloop
  endfacet
  facet normal 0 0 -1
    outer loop
      vertex 53.7 17.7779 0
      vertex 52.1 17.7779 0
      vertex 53.7 22.9741 0
    endloop
  endfacet
  facet normal 0 0 -1
    outer loop
      vertex 52.1 22.9741 0
      vertex 53.7 22.9741 0
      vertex 52.1 17.7779 0
    endloop
  endfacet
  facet normal 0 0 -1
    outer loop
      vertex 48.4 13.7942 0
      vertex 52.1 17.7779 0
      vertex 52.9 16.3923 0
    endloop
  endfacet
  facet normal 0 0 -1
    outer loop
      vertex 52.1 17.7779 0
      vertex 48.4 13.7942 0
      vertex 47.6 15.1799 0
    endloop
  endfacet
  facet normal 0 0 -1
    outer loop
      vertex 68.8 25.5722 0
      vertex 73.3 36.1377 0
      vertex 73.3 22.9741 0
    endloop
  endfacet
  facet normal 0 0 -1
    outer loop
      vertex 68.8 25.5722 0
      vertex 68.8 33.5396 0
      vertex 73.3 36.1377 0
    endloop
  endfacet
  facet normal 0 0 -1
    outer loop
      vertex 68.8 25.5722 0
      vertex 68 26.9578 0
      vertex 68.8 33.5396 0
    endloop
  endfacet
  facet normal 0 0 -1
    outer loop
      vertex 64.3 22.9741 0
      vertex 68 26.9578 0
      vertex 68.8 25.5722 0
    endloop
  endfacet
  facet normal 0 0 -1
    outer loop
      vertex 64.3 22.9741 0
      vertex 63.5 24.3597 0
      vertex 68 26.9578 0
    endloop
  endfacet
  facet normal 0 0 -1
    outer loop
      vertex 64.3 17.7779 0
      vertex 62.7 17.7779 0
      vertex 64.3 22.9741 0
    endloop
  endfacet
  facet normal 0 0 -1
    outer loop
      vertex 62.7 22.9741 0
      vertex 64.3 22.9741 0
      vertex 62.7 17.7779 0
    endloop
  endfacet
  facet normal 0 0 -1
    outer loop
      vertex 59 13.7942 0
      vertex 62.7 17.7779 0
      vertex 63.5 16.3923 0
    endloop
  endfacet
  facet normal 0 0 -1
    outer loop
      vertex 62.7 17.7779 0
      vertex 59 13.7942 0
      vertex 58.2 15.1799 0
    endloop
  endfacet
  facet normal 0 0 -1
    outer loop
      vertex 73.3 22.9741 0
      vertex 152 0 0
      vertex 73.3 17.7779 0
    endloop
  endfacet
  facet normal 0 0 -1
    outer loop
      vertex 68 8.59808 0
      vertex 73.3 17.7779 0
      vertex 152 0 0
    endloop
  endfacet
  facet normal 0 0 -1
    outer loop
      vertex 73.3 17.7779 0
      vertex 68 8.59808 0
      vertex 68.8 15.1799 0
    endloop
  endfacet
  facet normal 0 0 -1
    outer loop
      vertex 152 0 0
      vertex 63.5 6 0
      vertex 68 8.59808 0
    endloop
  endfacet
  facet normal 0 0 -1
    outer loop
      vertex 57.4 8.59808 0
      vertex 59 13.7942 0
      vertex 59 8.59808 0
    endloop
  endfacet
  facet normal 0 0 -1
    outer loop
      vertex 57.4 13.7942 0
      vertex 59 13.7942 0
      vertex 57.4 8.59808 0
    endloop
  endfacet
  facet normal 0 0 -1
    outer loop
      vertex 63.5 6 0
      vertex 57.4 8.59808 0
      vertex 59 8.59808 0
    endloop
  endfacet
  facet normal 0 0 -1
    outer loop
      vertex 63.5 6 0
      vertex 52.9 6 0
      vertex 57.4 8.59808 0
    endloop
  endfacet
  facet normal 0 0 -1
    outer loop
      vertex 0 0 0
      vertex 63.5 6 0
      vertex 152 0 0
    endloop
  endfacet
  facet normal 0 0 -1
    outer loop
      vertex 46.8 8.59808 0
      vertex 48.4 13.7942 0
      vertex 48.4 8.59808 0
    endloop
  endfacet
  facet normal 0 0 -1
    outer loop
      vertex 46.8 13.7942 0
      vertex 48.4 13.7942 0
      vertex 46.8 8.59808 0
    endloop
  endfacet
  facet normal 0 0 -1
    outer loop
      vertex 52.9 6 0
      vertex 46.8 8.59808 0
      vertex 48.4 8.59808 0
    endloop
  endfacet
  facet normal 0 0 -1
    outer loop
      vertex 52.9 6 0
      vertex 42.3 6 0
      vertex 46.8 8.59808 0
    endloop
  endfacet
  facet normal -0 0 -1
    outer loop
      vertex 63.5 6 0
      vertex 0 0 0
      vertex 52.9 6 0
    endloop
  endfacet
  facet normal 0 0 -1
    outer loop
      vertex 36.2 8.59808 0
      vertex 37.8 13.7942 0
      vertex 37.8 8.59808 0
    endloop
  endfacet
  facet normal 0 0 -1
    outer loop
      vertex 36.2 13.7942 0
      vertex 37.8 13.7942 0
      vertex 36.2 8.59808 0
    endloop
  endfacet
  facet normal 0 0 -1
    outer loop
      vertex 42.3 6 0
      vertex 36.2 8.59808 0
      vertex 37.8 8.59808 0
    endloop
  endfacet
  facet normal 0 0 -1
    outer loop
      vertex 42.3 6 0
      vertex 31.7 6 0
      vertex 36.2 8.59808 0
    endloop
  endfacet
  facet normal -0 0 -1
    outer loop
      vertex 52.9 6 0
      vertex 0 0 0
      vertex 42.3 6 0
    endloop
  endfacet
  facet normal 0 0 -1
    outer loop
      vertex 25.6 8.59808 0
      vertex 27.2 13.7942 0
      vertex 27.2 8.59808 0
    endloop
  endfacet
  facet normal 0 0 -1
    outer loop
      vertex 25.6 13.7942 0
      vertex 27.2 13.7942 0
      vertex 25.6 8.59808 0
    endloop
  endfacet
  facet normal 0 0 -1
    outer loop
      vertex 31.7 6 0
      vertex 25.6 8.59808 0
      vertex 27.2 8.59808 0
    endloop
  endfacet
  facet normal 0 0 -1
    outer loop
      vertex 31.7 6 0
      vertex 21.1 6 0
      vertex 25.6 8.59808 0
    endloop
  endfacet
  facet normal -0 0 -1
    outer loop
      vertex 42.3 6 0
      vertex 0 0 0
      vertex 31.7 6 0
    endloop
  endfacet
  facet normal 0 0 -1
    outer loop
      vertex 15 8.59808 0
      vertex 16.6 13.7942 0
      vertex 16.6 8.59808 0
    endloop
  endfacet
  facet normal 0 0 -1
    outer loop
      vertex 15 13.7942 0
      vertex 16.6 13.7942 0
      vertex 15 8.59808 0
    endloop
  endfacet
  facet normal 0 0 -1
    outer loop
      vertex 21.1 6 0
      vertex 15 8.59808 0
      vertex 16.6 8.59808 0
    endloop
  endfacet
  facet normal 0 0 -1
    outer loop
      vertex 21.1 6 0
      vertex 10.5 6 0
      vertex 15 8.59808 0
    endloop
  endfacet
  facet normal -0 0 -1
    outer loop
      vertex 31.7 6 0
      vertex 0 0 0
      vertex 21.1 6 0
    endloop
  endfacet
  facet normal 0 0 -1
    outer loop
      vertex 0 0 0
      vertex 6 13.7942 0
      vertex 6 8.59808 0
    endloop
  endfacet
  facet normal -0 0 -1
    outer loop
      vertex 6 13.7942 0
      vertex 0 0 0
      vertex 6 26.9578 0
    endloop
  endfacet
  facet normal -0 0 -1
    outer loop
      vertex 6 26.9578 0
      vertex 0 0 0
      vertex 6 32.154 0
    endloop
  endfacet
  facet normal -0 0 -1
    outer loop
      vertex 6 32.154 0
      vertex 0 0 0
      vertex 6 45.3176 0
    endloop
  endfacet
  facet normal -0 0 -1
    outer loop
      vertex 6 45.3176 0
      vertex 0 0 0
      vertex 6 50.5137 0
    endloop
  endfacet
  facet normal 0 0 -1
    outer loop
      vertex 0 107 0
      vertex 6 50.5137 0
      vertex 0 0 0
    endloop
  endfacet
  facet normal 0 0 -1
    outer loop
      vertex 6 50.5137 0
      vertex 0 107 0
      vertex 6 63.6773 0
    endloop
  endfacet
  facet normal 0 0 -1
    outer loop
      vertex 6 63.6773 0
      vertex 0 107 0
      vertex 6 68.8734 0
    endloop
  endfacet
  facet normal 0 0 -1
    outer loop
      vertex 6 68.8734 0
      vertex 0 107 0
      vertex 6 82.037 0
    endloop
  endfacet
  facet normal -0 0 -1
    outer loop
      vertex 10.5 6 0
      vertex 0 0 0
      vertex 6 8.59808 0
    endloop
  endfacet
  facet normal -0 0 -1
    outer loop
      vertex 21.1 6 0
      vertex 0 0 0
      vertex 10.5 6 0
    endloop
  endfacet
  facet normal 0 0 -1
    outer loop
      vertex 73.3 36.1377 0
      vertex 152 0 0
      vertex 73.3 22.9741 0
    endloop
  endfacet
  facet normal 0 0 -1
    outer loop
      vertex 73.3 41.3338 0
      vertex 152 0 0
      vertex 73.3 36.1377 0
    endloop
  endfacet
  facet normal 0 0 -1
    outer loop
      vertex 73.3 54.4974 0
      vertex 152 0 0
      vertex 73.3 41.3338 0
    endloop
  endfacet
  facet normal 0 0 -1
    outer loop
      vertex 152 0 0
      vertex 73.3 54.4974 0
      vertex 152 107 0
    endloop
  endfacet
  facet normal 0 0 -1
    outer loop
      vertex 73.3 59.6936 0
      vertex 152 107 0
      vertex 73.3 54.4974 0
    endloop
  endfacet
  facet normal 0 0 -1
    outer loop
      vertex 73.3 72.8572 0
      vertex 152 107 0
      vertex 73.3 59.6936 0
    endloop
  endfacet
  facet normal 0 0 -1
    outer loop
      vertex 73.3 78.0533 0
      vertex 152 107 0
      vertex 73.3 72.8572 0
    endloop
  endfacet
  facet normal 0 0 -1
    outer loop
      vertex 73.3 91.2169 0
      vertex 152 107 0
      vertex 73.3 78.0533 0
    endloop
  endfacet
  facet normal 0 0 -1
    outer loop
      vertex 73.3 96.4131 0
      vertex 152 107 0
      vertex 73.3 91.2169 0
    endloop
  endfacet
  facet normal 0 0 -1
    outer loop
      vertex 68.8 99.0111 0
      vertex 152 107 0
      vertex 73.3 96.4131 0
    endloop
  endfacet
  facet normal 0 0 -1
    outer loop
      vertex 64.3 91.2169 0
      vertex 62.7 91.2169 0
      vertex 64.3 96.4131 0
    endloop
  endfacet
  facet normal 0 0 -1
    outer loop
      vertex 62.7 96.4131 0
      vertex 64.3 96.4131 0
      vertex 62.7 91.2169 0
    endloop
  endfacet
  facet normal 0 0 -1
    outer loop
      vertex 62.7 96.4131 0
      vertex 68.8 99.0111 0
      vertex 64.3 96.4131 0
    endloop
  endfacet
  facet normal 0 0 -1
    outer loop
      vertex 58.2 99.0111 0
      vertex 68.8 99.0111 0
      vertex 62.7 96.4131 0
    endloop
  endfacet
  facet normal 0 0 -1
    outer loop
      vertex 0 107 0
      vertex 68.8 99.0111 0
      vertex 58.2 99.0111 0
    endloop
  endfacet
  facet normal 0 0 -1
    outer loop
      vertex 53.7 91.2169 0
      vertex 52.1 91.2169 0
      vertex 53.7 96.4131 0
    endloop
  endfacet
  facet normal 0 0 -1
    outer loop
      vertex 52.1 96.4131 0
      vertex 53.7 96.4131 0
      vertex 52.1 91.2169 0
    endloop
  endfacet
  facet normal 0 0 -1
    outer loop
      vertex 52.1 96.4131 0
      vertex 58.2 99.0111 0
      vertex 53.7 96.4131 0
    endloop
  endfacet
  facet normal 0 0 -1
    outer loop
      vertex 47.6 99.0111 0
      vertex 58.2 99.0111 0
      vertex 52.1 96.4131 0
    endloop
  endfacet
  facet normal 0 0 -1
    outer loop
      vertex 0 107 0
      vertex 58.2 99.0111 0
      vertex 47.6 99.0111 0
    endloop
  endfacet
  facet normal 0 0 -1
    outer loop
      vertex 43.1 91.2169 0
      vertex 41.5 91.2169 0
      vertex 43.1 96.4131 0
    endloop
  endfacet
  facet normal 0 0 -1
    outer loop
      vertex 41.5 96.4131 0
      vertex 43.1 96.4131 0
      vertex 41.5 91.2169 0
    endloop
  endfacet
  facet normal 0 0 -1
    outer loop
      vertex 41.5 96.4131 0
      vertex 47.6 99.0111 0
      vertex 43.1 96.4131 0
    endloop
  endfacet
  facet normal 0 0 -1
    outer loop
      vertex 37 99.0111 0
      vertex 47.6 99.0111 0
      vertex 41.5 96.4131 0
    endloop
  endfacet
  facet normal 0 0 -1
    outer loop
      vertex 0 107 0
      vertex 47.6 99.0111 0
      vertex 37 99.0111 0
    endloop
  endfacet
  facet normal 0 0 -1
    outer loop
      vertex 32.5 91.2169 0
      vertex 30.9 91.2169 0
      vertex 32.5 96.4131 0
    endloop
  endfacet
  facet normal 0 0 -1
    outer loop
      vertex 30.9 96.4131 0
      vertex 32.5 96.4131 0
      vertex 30.9 91.2169 0
    endloop
  endfacet
  facet normal 0 0 -1
    outer loop
      vertex 30.9 96.4131 0
      vertex 37 99.0111 0
      vertex 32.5 96.4131 0
    endloop
  endfacet
  facet normal 0 0 -1
    outer loop
      vertex 26.4 99.0111 0
      vertex 37 99.0111 0
      vertex 30.9 96.4131 0
    endloop
  endfacet
  facet normal 0 0 -1
    outer loop
      vertex 0 107 0
      vertex 37 99.0111 0
      vertex 26.4 99.0111 0
    endloop
  endfacet
  facet normal 0 0 -1
    outer loop
      vertex 21.9 91.2169 0
      vertex 20.3 91.2169 0
      vertex 21.9 96.4131 0
    endloop
  endfacet
  facet normal 0 0 -1
    outer loop
      vertex 20.3 96.4131 0
      vertex 21.9 96.4131 0
      vertex 20.3 91.2169 0
    endloop
  endfacet
  facet normal 0 0 -1
    outer loop
      vertex 20.3 96.4131 0
      vertex 26.4 99.0111 0
      vertex 21.9 96.4131 0
    endloop
  endfacet
  facet normal 0 0 -1
    outer loop
      vertex 15.8 99.0111 0
      vertex 26.4 99.0111 0
      vertex 20.3 96.4131 0
    endloop
  endfacet
  facet normal 0 0 -1
    outer loop
      vertex 0 107 0
      vertex 26.4 99.0111 0
      vertex 15.8 99.0111 0
    endloop
  endfacet
  facet normal 0 0 -1
    outer loop
      vertex 6 87.2332 0
      vertex 11.3 96.4131 0
      vertex 10.5 89.8313 0
    endloop
  endfacet
  facet normal 0 0 -1
    outer loop
      vertex 68.8 99.0111 0
      vertex 0 107 0
      vertex 152 107 0
    endloop
  endfacet
  facet normal 0 0 -1
    outer loop
      vertex 11.3 96.4131 0
      vertex 0 107 0
      vertex 15.8 99.0111 0
    endloop
  endfacet
  facet normal 0 0 -1
    outer loop
      vertex 6 87.2332 0
      vertex 0 107 0
      vertex 11.3 96.4131 0
    endloop
  endfacet
  facet normal 0 0 -1
    outer loop
      vertex 6 82.037 0
      vertex 0 107 0
      vertex 6 87.2332 0
    endloop
  endfacet
  facet normal 0 0 -1
    outer loop
      vertex 68 13.7942 0
      vertex 68.8 15.1799 0
      vertex 68 8.59808 0
    endloop
  endfacet
  facet normal 0 0 -1
    outer loop
      vertex 68 13.7942 0
      vertex 64.3 17.7779 0
      vertex 68.8 15.1799 0
    endloop
  endfacet
  facet normal 0 0 -1
    outer loop
      vertex 62.7 17.7779 0
      vertex 64.3 17.7779 0
      vertex 63.5 16.3923 0
    endloop
  endfacet
  facet normal 0 0 -1
    outer loop
      vertex 63.5 16.3923 0
      vertex 64.3 17.7779 0
      vertex 68 13.7942 0
    endloop
  endfacet
  facet normal 0 0 -1
    outer loop
      vertex 68 32.154 0
      vertex 68.8 33.5396 0
      vertex 68 26.9578 0
    endloop
  endfacet
  facet normal 0 0 -1
    outer loop
      vertex 68 32.154 0
      vertex 64.3 36.1377 0
      vertex 68.8 33.5396 0
    endloop
  endfacet
  facet normal 0 0 -1
    outer loop
      vertex 62.7 36.1377 0
      vertex 64.3 36.1377 0
      vertex 63.5 34.752 0
    endloop
  endfacet
  facet normal 0 0 -1
    outer loop
      vertex 63.5 34.752 0
      vertex 64.3 36.1377 0
      vertex 68 32.154 0
    endloop
  endfacet
  facet normal 0 0 -1
    outer loop
      vertex 68 50.5137 0
      vertex 68.8 51.8993 0
      vertex 68 45.3176 0
    endloop
  endfacet
  facet normal 0 0 -1
    outer loop
      vertex 68 50.5137 0
      vertex 64.3 54.4974 0
      vertex 68.8 51.8993 0
    endloop
  endfacet
  facet normal 0 0 -1
    outer loop
      vertex 62.7 54.4974 0
      vertex 64.3 54.4974 0
      vertex 63.5 53.1118 0
    endloop
  endfacet
  facet normal 0 0 -1
    outer loop
      vertex 63.5 53.1118 0
      vertex 64.3 54.4974 0
      vertex 68 50.5137 0
    endloop
  endfacet
  facet normal 0 0 -1
    outer loop
      vertex 68 68.8734 0
      vertex 68.8 70.2591 0
      vertex 68 63.6773 0
    endloop
  endfacet
  facet normal 0 0 -1
    outer loop
      vertex 68 68.8734 0
      vertex 64.3 72.8572 0
      vertex 68.8 70.2591 0
    endloop
  endfacet
  facet normal 0 0 -1
    outer loop
      vertex 62.7 72.8572 0
      vertex 64.3 72.8572 0
      vertex 63.5 71.4715 0
    endloop
  endfacet
  facet normal 0 0 -1
    outer loop
      vertex 63.5 71.4715 0
      vertex 64.3 72.8572 0
      vertex 68 68.8734 0
    endloop
  endfacet
  facet normal 0 0 -1
    outer loop
      vertex 68 87.2332 0
      vertex 68.8 88.6188 0
      vertex 68 82.037 0
    endloop
  endfacet
  facet normal 0 0 -1
    outer loop
      vertex 68 87.2332 0
      vertex 64.3 91.2169 0
      vertex 68.8 88.6188 0
    endloop
  endfacet
  facet normal 0 0 -1
    outer loop
      vertex 62.7 91.2169 0
      vertex 64.3 91.2169 0
      vertex 63.5 89.8313 0
    endloop
  endfacet
  facet normal 0 0 -1
    outer loop
      vertex 63.5 89.8313 0
      vertex 64.3 91.2169 0
      vertex 68 87.2332 0
    endloop
  endfacet
  facet normal -1 0 0
    outer loop
      vertex 0 107 0
      vertex 0 76.975 2.302
      vertex 0 107 7
    endloop
  endfacet
  facet normal -1 0 0
    outer loop
      vertex 0 107 0
      vertex 0 74.9 1.104
      vertex 0 76.975 2.302
    endloop
  endfacet
  facet normal -1 0 0
    outer loop
      vertex 0 72.825 2.302
      vertex 0 34.175 2.302
      vertex 0 72.825 4.698
    endloop
  endfacet
  facet normal -1 0 0
    outer loop
      vertex 0 74.9 1.104
      vertex 0 34.175 2.302
      vertex 0 72.825 2.302
    endloop
  endfacet
  facet normal -1 0 0
    outer loop
      vertex 0 32.1 1.104
      vertex 0 74.9 1.104
      vertex 0 107 0
    endloop
  endfacet
  facet normal -1 0 0
    outer loop
      vertex 0 74.9 1.104
      vertex 0 32.1 1.104
      vertex 0 34.175 2.302
    endloop
  endfacet
  facet normal -1 -0 0
    outer loop
      vertex 0 30.025 2.302
      vertex 0 0 0
      vertex 0 30.025 4.698
    endloop
  endfacet
  facet normal -1 -0 0
    outer loop
      vertex 0 32.1 1.104
      vertex 0 0 0
      vertex 0 30.025 2.302
    endloop
  endfacet
  facet normal -1 0 0
    outer loop
      vertex 0 0 0
      vertex 0 32.1 1.104
      vertex 0 107 0
    endloop
  endfacet
  facet normal -1 0 0
    outer loop
      vertex 0 76.975 4.698
      vertex 0 107 7
      vertex 0 76.975 2.302
    endloop
  endfacet
  facet normal -1 0 0
    outer loop
      vertex 0 74.9 5.896
      vertex 0 107 7
      vertex 0 76.975 4.698
    endloop
  endfacet
  facet normal -1 0 0
    outer loop
      vertex 0 34.175 4.698
      vertex 0 72.825 4.698
      vertex 0 34.175 2.302
    endloop
  endfacet
  facet normal -1 0 0
    outer loop
      vertex 0 72.825 4.698
      vertex 0 34.175 4.698
      vertex 0 74.9 5.896
    endloop
  endfacet
  facet normal -1 0 0
    outer loop
      vertex 0 32.1 5.896
      vertex 0 74.9 5.896
      vertex 0 34.175 4.698
    endloop
  endfacet
  facet normal -1 0 0
    outer loop
      vertex 0 74.9 5.896
      vertex 0 32.1 5.896
      vertex 0 107 7
    endloop
  endfacet
  facet normal -1 0 0
    outer loop
      vertex 0 0 7
      vertex 0 30.025 4.698
      vertex 0 0 0
    endloop
  endfacet
  facet normal -1 0 0
    outer loop
      vertex 0 32.1 5.896
      vertex 0 0 7
      vertex 0 107 7
    endloop
  endfacet
  facet normal -1 0 0
    outer loop
      vertex 0 30.025 4.698
      vertex 0 0 7
      vertex 0 32.1 5.896
    endloop
  endfacet
  facet normal 0 1 -0
    outer loop
      vertex 104.325 107 2.302
      vertex 64 107 6.5
      vertex 104.325 107 4.698
    endloop
  endfacet
  facet normal 0 1 0
    outer loop
      vertex 64 107 6.5
      vertex 47.675 107 4.698
      vertex 45.6 107 5.896
    endloop
  endfacet
  facet normal 0 1 0
    outer loop
      vertex 106.4 107 1.104
      vertex 64 107 6.5
      vertex 104.325 107 2.302
    endloop
  endfacet
  facet normal 0 1 0
    outer loop
      vertex 64 107 6.5
      vertex 47.675 107 2.302
      vertex 47.675 107 4.698
    endloop
  endfacet
  facet normal 0 1 0
    outer loop
      vertex 45.6 107 1.104
      vertex 64 107 6.5
      vertex 106.4 107 1.104
    endloop
  endfacet
  facet normal 0 1 0
    outer loop
      vertex 64 107 6.5
      vertex 45.6 107 1.104
      vertex 47.675 107 2.302
    endloop
  endfacet
  facet normal 0 1 -0
    outer loop
      vertex 106.4 107 5.896
      vertex 64 107 7
      vertex 152 107 7
    endloop
  endfacet
  facet normal 0 1 0
    outer loop
      vertex 45.6 107 5.896
      vertex 59 107 6.5
      vertex 64 107 6.5
    endloop
  endfacet
  facet normal 0 1 0
    outer loop
      vertex 59 107 6.5
      vertex 45.6 107 5.896
      vertex 57.4 107 6.5
    endloop
  endfacet
  facet normal 0 1 0
    outer loop
      vertex 57.4 107 6.5
      vertex 45.6 107 5.896
      vertex 52.4 107 6.5
    endloop
  endfacet
  facet normal 0 1 0
    outer loop
      vertex 52.4 107 6.5
      vertex 45.6 107 5.896
      vertex 50.8 107 6.5
    endloop
  endfacet
  facet normal 0 1 0
    outer loop
      vertex 50.8 107 6.5
      vertex 45.6 107 5.896
      vertex 45.8 107 6.5
    endloop
  endfacet
  facet normal 0 1 0
    outer loop
      vertex 45.8 107 6.5
      vertex 45.6 107 5.896
      vertex 44.2 107 6.5
    endloop
  endfacet
  facet normal 0 1 0
    outer loop
      vertex 43.525 107 4.698
      vertex 44.2 107 6.5
      vertex 45.6 107 5.896
    endloop
  endfacet
  facet normal 0 1 0
    outer loop
      vertex 44.2 107 6.5
      vertex 43.525 107 4.698
      vertex 39.2 107 6.5
    endloop
  endfacet
  facet normal 0 1 -0
    outer loop
      vertex 43.525 107 2.302
      vertex 39.2 107 6.5
      vertex 43.525 107 4.698
    endloop
  endfacet
  facet normal 0 1 0
    outer loop
      vertex 39.2 107 6.5
      vertex 43.525 107 2.302
      vertex 37.6 107 6.5
    endloop
  endfacet
  facet normal 0 1 0
    outer loop
      vertex 37.6 107 6.5
      vertex 43.525 107 2.302
      vertex 32.6 107 6.5
    endloop
  endfacet
  facet normal 0 1 0
    outer loop
      vertex 32.6 107 6.5
      vertex 43.525 107 2.302
      vertex 31 107 6.5
    endloop
  endfacet
  facet normal 0 1 0
    outer loop
      vertex 31 107 6.5
      vertex 43.525 107 2.302
      vertex 26 107 6.5
    endloop
  endfacet
  facet normal 0 1 0
    outer loop
      vertex 45.6 107 1.104
      vertex 26 107 6.5
      vertex 43.525 107 2.302
    endloop
  endfacet
  facet normal 0 1 0
    outer loop
      vertex 26 107 6.5
      vertex 45.6 107 1.104
      vertex 24.4 107 6.5
    endloop
  endfacet
  facet normal 0 1 0
    outer loop
      vertex 0 107 0
      vertex 24.4 107 6.5
      vertex 45.6 107 1.104
    endloop
  endfacet
  facet normal 0 1 0
    outer loop
      vertex 64 107 7
      vertex 104.325 107 4.698
      vertex 64 107 6.5
    endloop
  endfacet
  facet normal 0 1 -0
    outer loop
      vertex 104.325 107 4.698
      vertex 64 107 7
      vertex 106.4 107 5.896
    endloop
  endfacet
  facet normal 0 1 0
    outer loop
      vertex 152 107 7
      vertex 108.475 107 4.698
      vertex 106.4 107 5.896
    endloop
  endfacet
  facet normal 0 1 0
    outer loop
      vertex 152 107 7
      vertex 108.475 107 2.302
      vertex 108.475 107 4.698
    endloop
  endfacet
  facet normal 0 1 -0
    outer loop
      vertex 152 107 0
      vertex 108.475 107 2.302
      vertex 152 107 7
    endloop
  endfacet
  facet normal 0 1 0
    outer loop
      vertex 106.4 107 1.104
      vertex 152 107 0
      vertex 45.6 107 1.104
    endloop
  endfacet
  facet normal 0 1 0
    outer loop
      vertex 108.475 107 2.302
      vertex 152 107 0
      vertex 106.4 107 1.104
    endloop
  endfacet
  facet normal 0 1 -0
    outer loop
      vertex 59 107 6.5
      vertex 57.4 107 7
      vertex 59 107 7
    endloop
  endfacet
  facet normal 0 1 0
    outer loop
      vertex 57.4 107 7
      vertex 59 107 6.5
      vertex 57.4 107 6.5
    endloop
  endfacet
  facet normal 0 1 -0
    outer loop
      vertex 52.4 107 6.5
      vertex 50.8 107 7
      vertex 52.4 107 7
    endloop
  endfacet
  facet normal 0 1 0
    outer loop
      vertex 50.8 107 7
      vertex 52.4 107 6.5
      vertex 50.8 107 6.5
    endloop
  endfacet
  facet normal 0 1 -0
    outer loop
      vertex 45.8 107 6.5
      vertex 44.2 107 7
      vertex 45.8 107 7
    endloop
  endfacet
  facet normal 0 1 0
    outer loop
      vertex 44.2 107 7
      vertex 45.8 107 6.5
      vertex 44.2 107 6.5
    endloop
  endfacet
  facet normal 0 1 -0
    outer loop
      vertex 39.2 107 6.5
      vertex 37.6 107 7
      vertex 39.2 107 7
    endloop
  endfacet
  facet normal 0 1 0
    outer loop
      vertex 37.6 107 7
      vertex 39.2 107 6.5
      vertex 37.6 107 6.5
    endloop
  endfacet
  facet normal 0 1 -0
    outer loop
      vertex 32.6 107 6.5
      vertex 31 107 7
      vertex 32.6 107 7
    endloop
  endfacet
  facet normal 0 1 0
    outer loop
      vertex 31 107 7
      vertex 32.6 107 6.5
      vertex 31 107 6.5
    endloop
  endfacet
  facet normal 0 1 -0
    outer loop
      vertex 26 107 6.5
      vertex 24.4 107 7
      vertex 26 107 7
    endloop
  endfacet
  facet normal 0 1 0
    outer loop
      vertex 24.4 107 7
      vertex 26 107 6.5
      vertex 24.4 107 6.5
    endloop
  endfacet
  facet normal 0 1 -0
    outer loop
      vertex 19.4 107 6.5
      vertex 17.8 107 7
      vertex 19.4 107 7
    endloop
  endfacet
  facet normal 0 1 0
    outer loop
      vertex 17.8 107 7
      vertex 19.4 107 6.5
      vertex 17.8 107 6.5
    endloop
  endfacet
  facet normal 0 1 -0
    outer loop
      vertex 12.8 107 6.5
      vertex 11.2 107 7
      vertex 12.8 107 7
    endloop
  endfacet
  facet normal 0 1 0
    outer loop
      vertex 11.2 107 7
      vertex 12.8 107 6.5
      vertex 11.2 107 6.5
    endloop
  endfacet
  facet normal 0 1 -0
    outer loop
      vertex 6.2 107 6.5
      vertex 0 107 7
      vertex 6.2 107 7
    endloop
  endfacet
  facet normal 0 1 0
    outer loop
      vertex 24.4 107 6.5
      vertex 0 107 0
      vertex 19.4 107 6.5
    endloop
  endfacet
  facet normal 0 1 0
    outer loop
      vertex 17.8 107 6.5
      vertex 0 107 0
      vertex 12.8 107 6.5
    endloop
  endfacet
  facet normal 0 1 0
    outer loop
      vertex 12.8 107 6.5
      vertex 0 107 0
      vertex 11.2 107 6.5
    endloop
  endfacet
  facet normal 0 1 0
    outer loop
      vertex 11.2 107 6.5
      vertex 0 107 0
      vertex 6.2 107 6.5
    endloop
  endfacet
  facet normal 0 1 0
    outer loop
      vertex 19.4 107 6.5
      vertex 0 107 0
      vertex 17.8 107 6.5
    endloop
  endfacet
  facet normal 0 1 0
    outer loop
      vertex 6.2 107 6.5
      vertex 0 107 0
      vertex 0 107 7
    endloop
  endfacet
  facet normal 0 1 0
    outer loop
      vertex 0 107 0
      vertex 45.6 107 1.104
      vertex 152 107 0
    endloop
  endfacet
  facet normal 0 -1 0
    outer loop
      vertex 0 0 0
      vertex 152 0 7
      vertex 0 0 7
    endloop
  endfacet
  facet normal 0 -1 -0
    outer loop
      vertex 152 0 7
      vertex 0 0 0
      vertex 152 0 0
    endloop
  endfacet
endsolid OpenSCAD_Model
