solid OpenSCAD_Model
  facet normal 1 0 0
    outer loop
      vertex 18 0 28.4
      vertex 18 28 32.4
      vertex 18 0 32.4
    endloop
  endfacet
  facet normal 1 0 0
    outer loop
      vertex 18 28 32.4
      vertex 18 0 28.4
      vertex 18 28 2.4
    endloop
  endfacet
  facet normal 1 0 0
    outer loop
      vertex 18 28 2.4
      vertex 18 0 28.4
      vertex 18 0 2.4
    endloop
  endfacet
  facet normal 0 0 1
    outer loop
      vertex -2 13.5 32.4
      vertex 3 28 32.4
      vertex -2 26.5 32.4
    endloop
  endfacet
  facet normal -0 0 1
    outer loop
      vertex -7 28 32.4
      vertex -2 26.5 32.4
      vertex 0 28 32.4
    endloop
  endfacet
  facet normal 0 0 1
    outer loop
      vertex -2 26.5 32.4
      vertex -7 28 32.4
      vertex -7 24.6818 32.4
    endloop
  endfacet
  facet normal -0 0 1
    outer loop
      vertex -2 83.6 32.4
      vertex 3 82.1 32.4
      vertex -2 96.6 32.4
    endloop
  endfacet
  facet normal -0 0 1
    outer loop
      vertex -7 98.1 32.4
      vertex -2 96.6 32.4
      vertex 0 98.1 32.4
    endloop
  endfacet
  facet normal 0 0 1
    outer loop
      vertex -2 96.6 32.4
      vertex -7 98.1 32.4
      vertex -7 94.7818 32.4
    endloop
  endfacet
  facet normal 0 0 1
    outer loop
      vertex 3 82.1 32.4
      vertex -2 83.6 32.4
      vertex 0 82.1 32.4
    endloop
  endfacet
  facet normal 0 0 1
    outer loop
      vertex -7 82.1 32.4
      vertex -2 83.6 32.4
      vertex -7 85.4182 32.4
    endloop
  endfacet
  facet normal 0 0 1
    outer loop
      vertex -2 83.6 32.4
      vertex -7 82.1 32.4
      vertex 0 82.1 32.4
    endloop
  endfacet
  facet normal 0 0 1
    outer loop
      vertex 3 28 32.4
      vertex -2 13.5 32.4
      vertex 0 12 32.4
    endloop
  endfacet
  facet normal 0 0 1
    outer loop
      vertex -7 12 32.4
      vertex -2 13.5 32.4
      vertex -7 15.3182 32.4
    endloop
  endfacet
  facet normal 0 0 1
    outer loop
      vertex -2 13.5 32.4
      vertex -7 12 32.4
      vertex 0 12 32.4
    endloop
  endfacet
  facet normal 0 0 1
    outer loop
      vertex 0 12 32.4
      vertex 5 28 32.4
      vertex 3 28 32.4
    endloop
  endfacet
  facet normal 0 0 1
    outer loop
      vertex 18 28 32.4
      vertex 16.25 28 32.4
      vertex 18 0 32.4
    endloop
  endfacet
  facet normal 0 0 1
    outer loop
      vertex 31 28 32.4
      vertex 29.25 28 32.4
      vertex 31 0 32.4
    endloop
  endfacet
  facet normal 0 0 1
    outer loop
      vertex 44 28 32.4
      vertex 42.25 28 32.4
      vertex 44 0 32.4
    endloop
  endfacet
  facet normal 0 0 1
    outer loop
      vertex 57 28 32.4
      vertex 55.25 28 32.4
      vertex 57 0 32.4
    endloop
  endfacet
  facet normal 0 0 1
    outer loop
      vertex 70 28 32.4
      vertex 68.25 28 32.4
      vertex 70 0 32.4
    endloop
  endfacet
  facet normal 0 0 1
    outer loop
      vertex 83 28 32.4
      vertex 81.25 28 32.4
      vertex 83 0 32.4
    endloop
  endfacet
  facet normal 0 0 1
    outer loop
      vertex 96 28 32.4
      vertex 94.25 28 32.4
      vertex 96 0 32.4
    endloop
  endfacet
  facet normal 0 0 1
    outer loop
      vertex 109 28 32.4
      vertex 107.25 28 32.4
      vertex 109 0 32.4
    endloop
  endfacet
  facet normal 0 0 1
    outer loop
      vertex 122 28 32.4
      vertex 120.25 28 32.4
      vertex 122 0 32.4
    endloop
  endfacet
  facet normal 0 0 1
    outer loop
      vertex 135 28 32.4
      vertex 133.25 28 32.4
      vertex 135 0 32.4
    endloop
  endfacet
  facet normal 0 0 1
    outer loop
      vertex 148 28 32.4
      vertex 146.25 28 32.4
      vertex 148 0 32.4
    endloop
  endfacet
  facet normal 0 0 1
    outer loop
      vertex 164.25 111.3 32.4
      vertex 161.25 82.1 32.4
      vertex 164.25 -1.2 32.4
    endloop
  endfacet
  facet normal 0 0 1
    outer loop
      vertex 164.25 111.3 32.4
      vertex 159.25 110.1 32.4
      vertex 161.25 82.1 32.4
    endloop
  endfacet
  facet normal 0 0 1
    outer loop
      vertex 164.25 111.3 32.4
      vertex 148 110.1 32.4
      vertex 159.25 110.1 32.4
    endloop
  endfacet
  facet normal 0 0 1
    outer loop
      vertex 148 110.1 32.4
      vertex 146.25 110.1 32.4
      vertex 148 82.1 32.4
    endloop
  endfacet
  facet normal 0 0 1
    outer loop
      vertex 164.25 111.3 32.4
      vertex 146.25 110.1 32.4
      vertex 148 110.1 32.4
    endloop
  endfacet
  facet normal 0 0 1
    outer loop
      vertex 164.25 111.3 32.4
      vertex 135 110.1 32.4
      vertex 146.25 110.1 32.4
    endloop
  endfacet
  facet normal 0 0 1
    outer loop
      vertex 135 110.1 32.4
      vertex 133.25 110.1 32.4
      vertex 135 82.1 32.4
    endloop
  endfacet
  facet normal 0 0 1
    outer loop
      vertex 164.25 111.3 32.4
      vertex 133.25 110.1 32.4
      vertex 135 110.1 32.4
    endloop
  endfacet
  facet normal 0 0 1
    outer loop
      vertex 164.25 111.3 32.4
      vertex 122 110.1 32.4
      vertex 133.25 110.1 32.4
    endloop
  endfacet
  facet normal 0 0 1
    outer loop
      vertex 122 110.1 32.4
      vertex 120.25 110.1 32.4
      vertex 122 82.1 32.4
    endloop
  endfacet
  facet normal 0 0 1
    outer loop
      vertex 164.25 111.3 32.4
      vertex 120.25 110.1 32.4
      vertex 122 110.1 32.4
    endloop
  endfacet
  facet normal 0 0 1
    outer loop
      vertex 164.25 111.3 32.4
      vertex 109 110.1 32.4
      vertex 120.25 110.1 32.4
    endloop
  endfacet
  facet normal 0 0 1
    outer loop
      vertex 109 110.1 32.4
      vertex 107.25 110.1 32.4
      vertex 109 82.1 32.4
    endloop
  endfacet
  facet normal 0 0 1
    outer loop
      vertex 164.25 111.3 32.4
      vertex 107.25 110.1 32.4
      vertex 109 110.1 32.4
    endloop
  endfacet
  facet normal 0 0 1
    outer loop
      vertex 164.25 111.3 32.4
      vertex 96 110.1 32.4
      vertex 107.25 110.1 32.4
    endloop
  endfacet
  facet normal 0 0 1
    outer loop
      vertex 96 110.1 32.4
      vertex 94.25 110.1 32.4
      vertex 96 82.1 32.4
    endloop
  endfacet
  facet normal 0 0 1
    outer loop
      vertex 164.25 111.3 32.4
      vertex 94.25 110.1 32.4
      vertex 96 110.1 32.4
    endloop
  endfacet
  facet normal 0 0 1
    outer loop
      vertex 164.25 111.3 32.4
      vertex 83 110.1 32.4
      vertex 94.25 110.1 32.4
    endloop
  endfacet
  facet normal 0 0 1
    outer loop
      vertex 83 110.1 32.4
      vertex 81.25 110.1 32.4
      vertex 83 82.1 32.4
    endloop
  endfacet
  facet normal 0 0 1
    outer loop
      vertex 164.25 111.3 32.4
      vertex 81.25 110.1 32.4
      vertex 83 110.1 32.4
    endloop
  endfacet
  facet normal 0 0 1
    outer loop
      vertex 164.25 111.3 32.4
      vertex 70 110.1 32.4
      vertex 81.25 110.1 32.4
    endloop
  endfacet
  facet normal 0 0 1
    outer loop
      vertex 70 110.1 32.4
      vertex 68.25 110.1 32.4
      vertex 70 82.1 32.4
    endloop
  endfacet
  facet normal 0 0 1
    outer loop
      vertex 164.25 111.3 32.4
      vertex 68.25 110.1 32.4
      vertex 70 110.1 32.4
    endloop
  endfacet
  facet normal 0 0 1
    outer loop
      vertex 164.25 111.3 32.4
      vertex 57 110.1 32.4
      vertex 68.25 110.1 32.4
    endloop
  endfacet
  facet normal 0 0 1
    outer loop
      vertex 57 110.1 32.4
      vertex 55.25 110.1 32.4
      vertex 57 82.1 32.4
    endloop
  endfacet
  facet normal -0 0 1
    outer loop
      vertex 0 111.3 32.4
      vertex 57 110.1 32.4
      vertex 164.25 111.3 32.4
    endloop
  endfacet
  facet normal 0 0 1
    outer loop
      vertex 57 110.1 32.4
      vertex 0 111.3 32.4
      vertex 55.25 110.1 32.4
    endloop
  endfacet
  facet normal 0 0 1
    outer loop
      vertex 44 110.1 32.4
      vertex 42.25 110.1 32.4
      vertex 44 82.1 32.4
    endloop
  endfacet
  facet normal 0 0 1
    outer loop
      vertex 55.25 110.1 32.4
      vertex 0 111.3 32.4
      vertex 44 110.1 32.4
    endloop
  endfacet
  facet normal 0 0 1
    outer loop
      vertex 44 110.1 32.4
      vertex 0 111.3 32.4
      vertex 42.25 110.1 32.4
    endloop
  endfacet
  facet normal 0 0 1
    outer loop
      vertex 31 110.1 32.4
      vertex 29.25 110.1 32.4
      vertex 31 82.1 32.4
    endloop
  endfacet
  facet normal 0 0 1
    outer loop
      vertex 42.25 110.1 32.4
      vertex 0 111.3 32.4
      vertex 31 110.1 32.4
    endloop
  endfacet
  facet normal 0 0 1
    outer loop
      vertex 31 110.1 32.4
      vertex 0 111.3 32.4
      vertex 29.25 110.1 32.4
    endloop
  endfacet
  facet normal 0 0 1
    outer loop
      vertex 18 110.1 32.4
      vertex 16.25 110.1 32.4
      vertex 18 82.1 32.4
    endloop
  endfacet
  facet normal 0 0 1
    outer loop
      vertex 29.25 110.1 32.4
      vertex 0 111.3 32.4
      vertex 18 110.1 32.4
    endloop
  endfacet
  facet normal 0 0 1
    outer loop
      vertex 18 110.1 32.4
      vertex 0 111.3 32.4
      vertex 16.25 110.1 32.4
    endloop
  endfacet
  facet normal -0 0 1
    outer loop
      vertex 0 98.1 32.4
      vertex 5 82.1 32.4
      vertex 5 110.1 32.4
    endloop
  endfacet
  facet normal 0 0 1
    outer loop
      vertex 5 82.1 32.4
      vertex 0 98.1 32.4
      vertex 3 82.1 32.4
    endloop
  endfacet
  facet normal 0 0 1
    outer loop
      vertex 0 98.1 32.4
      vertex 5 110.1 32.4
      vertex 0 111.3 32.4
    endloop
  endfacet
  facet normal 0 0 1
    outer loop
      vertex 16.25 110.1 32.4
      vertex 0 111.3 32.4
      vertex 5 110.1 32.4
    endloop
  endfacet
  facet normal -0 0 1
    outer loop
      vertex 161.25 28 32.4
      vertex 164.25 -1.2 32.4
      vertex 161.25 82.1 32.4
    endloop
  endfacet
  facet normal 0 0 1
    outer loop
      vertex 159.25 0 32.4
      vertex 161.25 28 32.4
      vertex 159.25 28 32.4
    endloop
  endfacet
  facet normal 0 0 1
    outer loop
      vertex 161.25 28 32.4
      vertex 159.25 0 32.4
      vertex 164.25 -1.2 32.4
    endloop
  endfacet
  facet normal -0 0 1
    outer loop
      vertex 148 0 32.4
      vertex 164.25 -1.2 32.4
      vertex 159.25 0 32.4
    endloop
  endfacet
  facet normal 0 0 1
    outer loop
      vertex 146.25 0 32.4
      vertex 148 0 32.4
      vertex 146.25 28 32.4
    endloop
  endfacet
  facet normal -0 0 1
    outer loop
      vertex 146.25 0 32.4
      vertex 164.25 -1.2 32.4
      vertex 148 0 32.4
    endloop
  endfacet
  facet normal -0 0 1
    outer loop
      vertex 135 0 32.4
      vertex 164.25 -1.2 32.4
      vertex 146.25 0 32.4
    endloop
  endfacet
  facet normal 0 0 1
    outer loop
      vertex 133.25 0 32.4
      vertex 135 0 32.4
      vertex 133.25 28 32.4
    endloop
  endfacet
  facet normal -0 0 1
    outer loop
      vertex 133.25 0 32.4
      vertex 164.25 -1.2 32.4
      vertex 135 0 32.4
    endloop
  endfacet
  facet normal -0 0 1
    outer loop
      vertex 122 0 32.4
      vertex 164.25 -1.2 32.4
      vertex 133.25 0 32.4
    endloop
  endfacet
  facet normal 0 0 1
    outer loop
      vertex 120.25 0 32.4
      vertex 122 0 32.4
      vertex 120.25 28 32.4
    endloop
  endfacet
  facet normal -0 0 1
    outer loop
      vertex 120.25 0 32.4
      vertex 164.25 -1.2 32.4
      vertex 122 0 32.4
    endloop
  endfacet
  facet normal -0 0 1
    outer loop
      vertex 109 0 32.4
      vertex 164.25 -1.2 32.4
      vertex 120.25 0 32.4
    endloop
  endfacet
  facet normal 0 0 1
    outer loop
      vertex 107.25 0 32.4
      vertex 109 0 32.4
      vertex 107.25 28 32.4
    endloop
  endfacet
  facet normal -0 0 1
    outer loop
      vertex 107.25 0 32.4
      vertex 164.25 -1.2 32.4
      vertex 109 0 32.4
    endloop
  endfacet
  facet normal -0 0 1
    outer loop
      vertex 96 0 32.4
      vertex 164.25 -1.2 32.4
      vertex 107.25 0 32.4
    endloop
  endfacet
  facet normal 0 0 1
    outer loop
      vertex 94.25 0 32.4
      vertex 96 0 32.4
      vertex 94.25 28 32.4
    endloop
  endfacet
  facet normal -0 0 1
    outer loop
      vertex 94.25 0 32.4
      vertex 164.25 -1.2 32.4
      vertex 96 0 32.4
    endloop
  endfacet
  facet normal -0 0 1
    outer loop
      vertex 83 0 32.4
      vertex 164.25 -1.2 32.4
      vertex 94.25 0 32.4
    endloop
  endfacet
  facet normal 0 0 1
    outer loop
      vertex 81.25 0 32.4
      vertex 83 0 32.4
      vertex 81.25 28 32.4
    endloop
  endfacet
  facet normal -0 0 1
    outer loop
      vertex 81.25 0 32.4
      vertex 164.25 -1.2 32.4
      vertex 83 0 32.4
    endloop
  endfacet
  facet normal -0 0 1
    outer loop
      vertex 70 0 32.4
      vertex 164.25 -1.2 32.4
      vertex 81.25 0 32.4
    endloop
  endfacet
  facet normal 0 0 1
    outer loop
      vertex 68.25 0 32.4
      vertex 70 0 32.4
      vertex 68.25 28 32.4
    endloop
  endfacet
  facet normal -0 0 1
    outer loop
      vertex 68.25 0 32.4
      vertex 164.25 -1.2 32.4
      vertex 70 0 32.4
    endloop
  endfacet
  facet normal -0 0 1
    outer loop
      vertex 57 0 32.4
      vertex 164.25 -1.2 32.4
      vertex 68.25 0 32.4
    endloop
  endfacet
  facet normal 0 0 1
    outer loop
      vertex 55.25 0 32.4
      vertex 57 0 32.4
      vertex 55.25 28 32.4
    endloop
  endfacet
  facet normal 0 0 1
    outer loop
      vertex 0 -1.2 32.4
      vertex 57 0 32.4
      vertex 55.25 0 32.4
    endloop
  endfacet
  facet normal 0 0 1
    outer loop
      vertex 0 -1.2 32.4
      vertex 55.25 0 32.4
      vertex 44 0 32.4
    endloop
  endfacet
  facet normal 0 0 1
    outer loop
      vertex 42.25 0 32.4
      vertex 44 0 32.4
      vertex 42.25 28 32.4
    endloop
  endfacet
  facet normal 0 0 1
    outer loop
      vertex 0 -1.2 32.4
      vertex 44 0 32.4
      vertex 42.25 0 32.4
    endloop
  endfacet
  facet normal 0 0 1
    outer loop
      vertex 0 -1.2 32.4
      vertex 42.25 0 32.4
      vertex 31 0 32.4
    endloop
  endfacet
  facet normal 0 0 1
    outer loop
      vertex 29.25 0 32.4
      vertex 31 0 32.4
      vertex 29.25 28 32.4
    endloop
  endfacet
  facet normal 0 0 1
    outer loop
      vertex 0 -1.2 32.4
      vertex 31 0 32.4
      vertex 29.25 0 32.4
    endloop
  endfacet
  facet normal 0 0 1
    outer loop
      vertex 0 -1.2 32.4
      vertex 29.25 0 32.4
      vertex 18 0 32.4
    endloop
  endfacet
  facet normal 0 0 1
    outer loop
      vertex 16.25 0 32.4
      vertex 18 0 32.4
      vertex 16.25 28 32.4
    endloop
  endfacet
  facet normal 0 0 1
    outer loop
      vertex 0 -1.2 32.4
      vertex 18 0 32.4
      vertex 16.25 0 32.4
    endloop
  endfacet
  facet normal 0 0 1
    outer loop
      vertex 0 -1.2 32.4
      vertex 16.25 0 32.4
      vertex 5 0 32.4
    endloop
  endfacet
  facet normal -0 0 1
    outer loop
      vertex -2 96.6 32.4
      vertex 3 82.1 32.4
      vertex 0 98.1 32.4
    endloop
  endfacet
  facet normal 0 0 1
    outer loop
      vertex 3 82.1 32.4
      vertex 0 82.1 32.4
      vertex 3 28 32.4
    endloop
  endfacet
  facet normal 0 0 1
    outer loop
      vertex 0 28 32.4
      vertex 3 28 32.4
      vertex 0 82.1 32.4
    endloop
  endfacet
  facet normal 0 0 1
    outer loop
      vertex -2 26.5 32.4
      vertex 3 28 32.4
      vertex 0 28 32.4
    endloop
  endfacet
  facet normal 0 0 1
    outer loop
      vertex 5 28 32.4
      vertex 0 12 32.4
      vertex 5 0 32.4
    endloop
  endfacet
  facet normal 0 0 1
    outer loop
      vertex 57 0 32.4
      vertex 0 -1.2 32.4
      vertex 164.25 -1.2 32.4
    endloop
  endfacet
  facet normal 0 0 1
    outer loop
      vertex 0 -1.2 32.4
      vertex 5 0 32.4
      vertex 0 12 32.4
    endloop
  endfacet
  facet normal 0 0 1
    outer loop
      vertex 161.25 82.1 32.4
      vertex 159.25 110.1 32.4
      vertex 159.25 82.1 32.4
    endloop
  endfacet
  facet normal 0 0 1
    outer loop
      vertex 148 82.1 32.4
      vertex 146.25 110.1 32.4
      vertex 146.25 82.1 32.4
    endloop
  endfacet
  facet normal 0 0 1
    outer loop
      vertex 135 82.1 32.4
      vertex 133.25 110.1 32.4
      vertex 133.25 82.1 32.4
    endloop
  endfacet
  facet normal 0 0 1
    outer loop
      vertex 122 82.1 32.4
      vertex 120.25 110.1 32.4
      vertex 120.25 82.1 32.4
    endloop
  endfacet
  facet normal 0 0 1
    outer loop
      vertex 109 82.1 32.4
      vertex 107.25 110.1 32.4
      vertex 107.25 82.1 32.4
    endloop
  endfacet
  facet normal 0 0 1
    outer loop
      vertex 96 82.1 32.4
      vertex 94.25 110.1 32.4
      vertex 94.25 82.1 32.4
    endloop
  endfacet
  facet normal 0 0 1
    outer loop
      vertex 83 82.1 32.4
      vertex 81.25 110.1 32.4
      vertex 81.25 82.1 32.4
    endloop
  endfacet
  facet normal 0 0 1
    outer loop
      vertex 70 82.1 32.4
      vertex 68.25 110.1 32.4
      vertex 68.25 82.1 32.4
    endloop
  endfacet
  facet normal 0 0 1
    outer loop
      vertex 57 82.1 32.4
      vertex 55.25 110.1 32.4
      vertex 55.25 82.1 32.4
    endloop
  endfacet
  facet normal 0 0 1
    outer loop
      vertex 44 82.1 32.4
      vertex 42.25 110.1 32.4
      vertex 42.25 82.1 32.4
    endloop
  endfacet
  facet normal 0 0 1
    outer loop
      vertex 31 82.1 32.4
      vertex 29.25 110.1 32.4
      vertex 29.25 82.1 32.4
    endloop
  endfacet
  facet normal 0 0 1
    outer loop
      vertex 18 82.1 32.4
      vertex 16.25 110.1 32.4
      vertex 16.25 82.1 32.4
    endloop
  endfacet
  facet normal -0 0 1
    outer loop
      vertex 135 28 2.4
      vertex 146.25 0 2.4
      vertex 146.25 28 2.4
    endloop
  endfacet
  facet normal 0 0 1
    outer loop
      vertex 146.25 0 2.4
      vertex 135 28 2.4
      vertex 135 0 2.4
    endloop
  endfacet
  facet normal -0 0 1
    outer loop
      vertex 122 28 2.4
      vertex 133.25 0 2.4
      vertex 133.25 28 2.4
    endloop
  endfacet
  facet normal 0 0 1
    outer loop
      vertex 133.25 0 2.4
      vertex 122 28 2.4
      vertex 122 0 2.4
    endloop
  endfacet
  facet normal -0 0 1
    outer loop
      vertex 83 28 2.4
      vertex 94.25 0 2.4
      vertex 94.25 28 2.4
    endloop
  endfacet
  facet normal 0 0 1
    outer loop
      vertex 94.25 0 2.4
      vertex 83 28 2.4
      vertex 83 0 2.4
    endloop
  endfacet
  facet normal -0 0 1
    outer loop
      vertex 70 28 2.4
      vertex 81.25 0 2.4
      vertex 81.25 28 2.4
    endloop
  endfacet
  facet normal 0 0 1
    outer loop
      vertex 81.25 0 2.4
      vertex 70 28 2.4
      vertex 70 0 2.4
    endloop
  endfacet
  facet normal -0 0 1
    outer loop
      vertex 109 28 2.4
      vertex 120.25 0 2.4
      vertex 120.25 28 2.4
    endloop
  endfacet
  facet normal 0 0 1
    outer loop
      vertex 120.25 0 2.4
      vertex 109 28 2.4
      vertex 109 0 2.4
    endloop
  endfacet
  facet normal -0 0 1
    outer loop
      vertex 96 28 2.4
      vertex 107.25 0 2.4
      vertex 107.25 28 2.4
    endloop
  endfacet
  facet normal 0 0 1
    outer loop
      vertex 107.25 0 2.4
      vertex 96 28 2.4
      vertex 96 0 2.4
    endloop
  endfacet
  facet normal -0 0 1
    outer loop
      vertex 57 28 2.4
      vertex 68.25 0 2.4
      vertex 68.25 28 2.4
    endloop
  endfacet
  facet normal 0 0 1
    outer loop
      vertex 68.25 0 2.4
      vertex 57 28 2.4
      vertex 57 0 2.4
    endloop
  endfacet
  facet normal -0 0 1
    outer loop
      vertex 44 28 2.4
      vertex 55.25 0 2.4
      vertex 55.25 28 2.4
    endloop
  endfacet
  facet normal 0 0 1
    outer loop
      vertex 55.25 0 2.4
      vertex 44 28 2.4
      vertex 44 0 2.4
    endloop
  endfacet
  facet normal -0 0 1
    outer loop
      vertex 18 28 2.4
      vertex 29.25 0 2.4
      vertex 29.25 28 2.4
    endloop
  endfacet
  facet normal 0 0 1
    outer loop
      vertex 29.25 0 2.4
      vertex 18 28 2.4
      vertex 18 0 2.4
    endloop
  endfacet
  facet normal -0 0 1
    outer loop
      vertex 5 28 2.4
      vertex 16.25 0 2.4
      vertex 16.25 28 2.4
    endloop
  endfacet
  facet normal 0 0 1
    outer loop
      vertex 16.25 0 2.4
      vertex 5 28 2.4
      vertex 5 0 2.4
    endloop
  endfacet
  facet normal -0 0 1
    outer loop
      vertex 31 28 2.4
      vertex 42.25 0 2.4
      vertex 42.25 28 2.4
    endloop
  endfacet
  facet normal 0 0 1
    outer loop
      vertex 42.25 0 2.4
      vertex 31 28 2.4
      vertex 31 0 2.4
    endloop
  endfacet
  facet normal -0 0 1
    outer loop
      vertex 148 28 2.4
      vertex 159.25 0 2.4
      vertex 159.25 28 2.4
    endloop
  endfacet
  facet normal 0 0 1
    outer loop
      vertex 159.25 0 2.4
      vertex 148 28 2.4
      vertex 148 0 2.4
    endloop
  endfacet
  facet normal -1 0 0
    outer loop
      vertex 16.25 0 28.4
      vertex 16.25 28 2.4
      vertex 16.25 0 2.4
    endloop
  endfacet
  facet normal -1 0 0
    outer loop
      vertex 16.25 28 2.4
      vertex 16.25 0 28.4
      vertex 16.25 28 32.4
    endloop
  endfacet
  facet normal -1 -0 0
    outer loop
      vertex 16.25 28 32.4
      vertex 16.25 0 28.4
      vertex 16.25 0 32.4
    endloop
  endfacet
  facet normal 0 1 0
    outer loop
      vertex 161.25 28 11.3378
      vertex 159.25 28 2.4
      vertex 160.75 28 11.3378
    endloop
  endfacet
  facet normal 0 1 0
    outer loop
      vertex 161.25 28 0
      vertex 148 28 2.4
      vertex 159.25 28 2.4
    endloop
  endfacet
  facet normal 0 1 0
    outer loop
      vertex 148 28 2.4
      vertex 161.25 28 0
      vertex 146.25 28 2.4
    endloop
  endfacet
  facet normal 0 1 0
    outer loop
      vertex 146.25 28 2.4
      vertex 161.25 28 0
      vertex 135 28 2.4
    endloop
  endfacet
  facet normal 0 1 0
    outer loop
      vertex 135 28 2.4
      vertex 161.25 28 0
      vertex 133.25 28 2.4
    endloop
  endfacet
  facet normal 0 1 0
    outer loop
      vertex 133.25 28 2.4
      vertex 161.25 28 0
      vertex 122 28 2.4
    endloop
  endfacet
  facet normal 0 1 0
    outer loop
      vertex 122 28 2.4
      vertex 161.25 28 0
      vertex 120.25 28 2.4
    endloop
  endfacet
  facet normal 0 1 0
    outer loop
      vertex 120.25 28 2.4
      vertex 161.25 28 0
      vertex 109 28 2.4
    endloop
  endfacet
  facet normal 0 1 0
    outer loop
      vertex 109 28 2.4
      vertex 161.25 28 0
      vertex 107.25 28 2.4
    endloop
  endfacet
  facet normal 0 1 0
    outer loop
      vertex 107.25 28 2.4
      vertex 161.25 28 0
      vertex 96 28 2.4
    endloop
  endfacet
  facet normal 0 1 0
    outer loop
      vertex 96 28 2.4
      vertex 161.25 28 0
      vertex 94.25 28 2.4
    endloop
  endfacet
  facet normal 0 1 0
    outer loop
      vertex 94.25 28 2.4
      vertex 161.25 28 0
      vertex 83 28 2.4
    endloop
  endfacet
  facet normal 0 1 0
    outer loop
      vertex 83 28 2.4
      vertex 161.25 28 0
      vertex 81.25 28 2.4
    endloop
  endfacet
  facet normal 0 1 0
    outer loop
      vertex 81.25 28 2.4
      vertex 161.25 28 0
      vertex 70 28 2.4
    endloop
  endfacet
  facet normal 0 1 0
    outer loop
      vertex 3 28 0
      vertex 70 28 2.4
      vertex 161.25 28 0
    endloop
  endfacet
  facet normal 0 1 0
    outer loop
      vertex 70 28 2.4
      vertex 3 28 0
      vertex 68.25 28 2.4
    endloop
  endfacet
  facet normal 0 1 0
    outer loop
      vertex 68.25 28 2.4
      vertex 3 28 0
      vertex 57 28 2.4
    endloop
  endfacet
  facet normal 0 1 0
    outer loop
      vertex 57 28 2.4
      vertex 3 28 0
      vertex 55.25 28 2.4
    endloop
  endfacet
  facet normal 0 1 0
    outer loop
      vertex 55.25 28 2.4
      vertex 3 28 0
      vertex 44 28 2.4
    endloop
  endfacet
  facet normal 0 1 0
    outer loop
      vertex 44 28 2.4
      vertex 3 28 0
      vertex 42.25 28 2.4
    endloop
  endfacet
  facet normal 0 1 0
    outer loop
      vertex 42.25 28 2.4
      vertex 3 28 0
      vertex 31 28 2.4
    endloop
  endfacet
  facet normal 0 1 0
    outer loop
      vertex 31 28 2.4
      vertex 3 28 0
      vertex 29.25 28 2.4
    endloop
  endfacet
  facet normal 0 1 0
    outer loop
      vertex 29.25 28 2.4
      vertex 3 28 0
      vertex 18 28 2.4
    endloop
  endfacet
  facet normal 0 1 0
    outer loop
      vertex 18 28 2.4
      vertex 3 28 0
      vertex 16.25 28 2.4
    endloop
  endfacet
  facet normal 0 1 -0
    outer loop
      vertex 161.25 28 0
      vertex 159.25 28 2.4
      vertex 161.25 28 11.3378
    endloop
  endfacet
  facet normal 0 1 0
    outer loop
      vertex 160.75 28 23.4622
      vertex 161.25 28 32.4
      vertex 161.25 28 23.4622
    endloop
  endfacet
  facet normal 0 1 0
    outer loop
      vertex 161.25 28 32.4
      vertex 160.75 28 23.4622
      vertex 159.25 28 32.4
    endloop
  endfacet
  facet normal 0 1 -0
    outer loop
      vertex 160.75 28 11.3378
      vertex 159.25 28 32.4
      vertex 160.75 28 23.4622
    endloop
  endfacet
  facet normal 0 1 0
    outer loop
      vertex 159.25 28 32.4
      vertex 160.75 28 11.3378
      vertex 159.25 28 2.4
    endloop
  endfacet
  facet normal 0 1 -0
    outer loop
      vertex 148 28 2.4
      vertex 146.25 28 32.4
      vertex 148 28 32.4
    endloop
  endfacet
  facet normal 0 1 0
    outer loop
      vertex 146.25 28 32.4
      vertex 148 28 2.4
      vertex 146.25 28 2.4
    endloop
  endfacet
  facet normal 0 1 -0
    outer loop
      vertex 135 28 2.4
      vertex 133.25 28 32.4
      vertex 135 28 32.4
    endloop
  endfacet
  facet normal 0 1 0
    outer loop
      vertex 133.25 28 32.4
      vertex 135 28 2.4
      vertex 133.25 28 2.4
    endloop
  endfacet
  facet normal 0 1 -0
    outer loop
      vertex 122 28 2.4
      vertex 120.25 28 32.4
      vertex 122 28 32.4
    endloop
  endfacet
  facet normal 0 1 0
    outer loop
      vertex 120.25 28 32.4
      vertex 122 28 2.4
      vertex 120.25 28 2.4
    endloop
  endfacet
  facet normal 0 1 -0
    outer loop
      vertex 109 28 2.4
      vertex 107.25 28 32.4
      vertex 109 28 32.4
    endloop
  endfacet
  facet normal 0 1 0
    outer loop
      vertex 107.25 28 32.4
      vertex 109 28 2.4
      vertex 107.25 28 2.4
    endloop
  endfacet
  facet normal 0 1 -0
    outer loop
      vertex 96 28 2.4
      vertex 94.25 28 32.4
      vertex 96 28 32.4
    endloop
  endfacet
  facet normal 0 1 0
    outer loop
      vertex 94.25 28 32.4
      vertex 96 28 2.4
      vertex 94.25 28 2.4
    endloop
  endfacet
  facet normal 0 1 -0
    outer loop
      vertex 83 28 2.4
      vertex 81.25 28 32.4
      vertex 83 28 32.4
    endloop
  endfacet
  facet normal 0 1 0
    outer loop
      vertex 81.25 28 32.4
      vertex 83 28 2.4
      vertex 81.25 28 2.4
    endloop
  endfacet
  facet normal 0 1 -0
    outer loop
      vertex 70 28 2.4
      vertex 68.25 28 32.4
      vertex 70 28 32.4
    endloop
  endfacet
  facet normal 0 1 0
    outer loop
      vertex 68.25 28 32.4
      vertex 70 28 2.4
      vertex 68.25 28 2.4
    endloop
  endfacet
  facet normal 0 1 -0
    outer loop
      vertex 57 28 2.4
      vertex 55.25 28 32.4
      vertex 57 28 32.4
    endloop
  endfacet
  facet normal 0 1 0
    outer loop
      vertex 55.25 28 32.4
      vertex 57 28 2.4
      vertex 55.25 28 2.4
    endloop
  endfacet
  facet normal 0 1 -0
    outer loop
      vertex 44 28 2.4
      vertex 42.25 28 32.4
      vertex 44 28 32.4
    endloop
  endfacet
  facet normal 0 1 0
    outer loop
      vertex 42.25 28 32.4
      vertex 44 28 2.4
      vertex 42.25 28 2.4
    endloop
  endfacet
  facet normal 0 1 -0
    outer loop
      vertex 31 28 2.4
      vertex 29.25 28 32.4
      vertex 31 28 32.4
    endloop
  endfacet
  facet normal 0 1 0
    outer loop
      vertex 29.25 28 32.4
      vertex 31 28 2.4
      vertex 29.25 28 2.4
    endloop
  endfacet
  facet normal 0 1 -0
    outer loop
      vertex 18 28 2.4
      vertex 16.25 28 32.4
      vertex 18 28 32.4
    endloop
  endfacet
  facet normal 0 1 0
    outer loop
      vertex 16.25 28 32.4
      vertex 18 28 2.4
      vertex 16.25 28 2.4
    endloop
  endfacet
  facet normal 0 1 0
    outer loop
      vertex 5 28 32.4
      vertex 3.5 28 23.4622
      vertex 3 28 32.4
    endloop
  endfacet
  facet normal 0 1 0
    outer loop
      vertex 5 28 32.4
      vertex 3.5 28 11.3378
      vertex 3.5 28 23.4622
    endloop
  endfacet
  facet normal 0 1 -0
    outer loop
      vertex 5 28 2.4
      vertex 3.5 28 11.3378
      vertex 5 28 32.4
    endloop
  endfacet
  facet normal 0 1 0
    outer loop
      vertex 5 28 2.4
      vertex 3 28 11.3378
      vertex 3.5 28 11.3378
    endloop
  endfacet
  facet normal 0 1 0
    outer loop
      vertex 5 28 2.4
      vertex 3 28 0
      vertex 3 28 11.3378
    endloop
  endfacet
  facet normal 0 1 0
    outer loop
      vertex 16.25 28 2.4
      vertex 3 28 0
      vertex 5 28 2.4
    endloop
  endfacet
  facet normal 0 1 0
    outer loop
      vertex 3 28 32.4
      vertex 3.5 28 23.4622
      vertex 3 28 23.4622
    endloop
  endfacet
  facet normal 0 -1 0
    outer loop
      vertex 0 0 28.4
      vertex 5 0 2.4
      vertex 5 0 28.4
    endloop
  endfacet
  facet normal 0 -1 0
    outer loop
      vertex 0 0 0
      vertex 16.25 0 2.4
      vertex 5 0 2.4
    endloop
  endfacet
  facet normal 0 -1 -0
    outer loop
      vertex 16.25 0 2.4
      vertex 0 0 0
      vertex 18 0 2.4
    endloop
  endfacet
  facet normal 0 -1 -0
    outer loop
      vertex 18 0 2.4
      vertex 0 0 0
      vertex 29.25 0 2.4
    endloop
  endfacet
  facet normal 0 -1 -0
    outer loop
      vertex 29.25 0 2.4
      vertex 0 0 0
      vertex 31 0 2.4
    endloop
  endfacet
  facet normal 0 -1 -0
    outer loop
      vertex 31 0 2.4
      vertex 0 0 0
      vertex 42.25 0 2.4
    endloop
  endfacet
  facet normal 0 -1 -0
    outer loop
      vertex 42.25 0 2.4
      vertex 0 0 0
      vertex 44 0 2.4
    endloop
  endfacet
  facet normal 0 -1 -0
    outer loop
      vertex 44 0 2.4
      vertex 0 0 0
      vertex 55.25 0 2.4
    endloop
  endfacet
  facet normal 0 -1 -0
    outer loop
      vertex 55.25 0 2.4
      vertex 0 0 0
      vertex 57 0 2.4
    endloop
  endfacet
  facet normal 0 -1 -0
    outer loop
      vertex 57 0 2.4
      vertex 0 0 0
      vertex 68.25 0 2.4
    endloop
  endfacet
  facet normal 0 -1 -0
    outer loop
      vertex 68.25 0 2.4
      vertex 0 0 0
      vertex 70 0 2.4
    endloop
  endfacet
  facet normal 0 -1 -0
    outer loop
      vertex 70 0 2.4
      vertex 0 0 0
      vertex 81.25 0 2.4
    endloop
  endfacet
  facet normal 0 -1 -0
    outer loop
      vertex 81.25 0 2.4
      vertex 0 0 0
      vertex 83 0 2.4
    endloop
  endfacet
  facet normal 0 -1 -0
    outer loop
      vertex 83 0 2.4
      vertex 0 0 0
      vertex 94.25 0 2.4
    endloop
  endfacet
  facet normal 0 -1 -0
    outer loop
      vertex 94.25 0 2.4
      vertex 0 0 0
      vertex 96 0 2.4
    endloop
  endfacet
  facet normal 0 -1 0
    outer loop
      vertex 164.25 0 0
      vertex 96 0 2.4
      vertex 0 0 0
    endloop
  endfacet
  facet normal 0 -1 0
    outer loop
      vertex 96 0 2.4
      vertex 164.25 0 0
      vertex 107.25 0 2.4
    endloop
  endfacet
  facet normal 0 -1 0
    outer loop
      vertex 107.25 0 2.4
      vertex 164.25 0 0
      vertex 109 0 2.4
    endloop
  endfacet
  facet normal 0 -1 0
    outer loop
      vertex 109 0 2.4
      vertex 164.25 0 0
      vertex 120.25 0 2.4
    endloop
  endfacet
  facet normal 0 -1 0
    outer loop
      vertex 120.25 0 2.4
      vertex 164.25 0 0
      vertex 122 0 2.4
    endloop
  endfacet
  facet normal 0 -1 0
    outer loop
      vertex 122 0 2.4
      vertex 164.25 0 0
      vertex 133.25 0 2.4
    endloop
  endfacet
  facet normal 0 -1 0
    outer loop
      vertex 133.25 0 2.4
      vertex 164.25 0 0
      vertex 135 0 2.4
    endloop
  endfacet
  facet normal 0 -1 0
    outer loop
      vertex 135 0 2.4
      vertex 164.25 0 0
      vertex 146.25 0 2.4
    endloop
  endfacet
  facet normal 0 -1 0
    outer loop
      vertex 146.25 0 2.4
      vertex 164.25 0 0
      vertex 148 0 2.4
    endloop
  endfacet
  facet normal 0 -1 0
    outer loop
      vertex 0 0 0
      vertex 5 0 2.4
      vertex 0 0 28.4
    endloop
  endfacet
  facet normal 0 -1 0
    outer loop
      vertex 16.25 0 2.4
      vertex 18 0 28.4
      vertex 16.25 0 28.4
    endloop
  endfacet
  facet normal 0 -1 -0
    outer loop
      vertex 18 0 28.4
      vertex 16.25 0 2.4
      vertex 18 0 2.4
    endloop
  endfacet
  facet normal 0 -1 0
    outer loop
      vertex 29.25 0 2.4
      vertex 31 0 28.4
      vertex 29.25 0 28.4
    endloop
  endfacet
  facet normal 0 -1 -0
    outer loop
      vertex 31 0 28.4
      vertex 29.25 0 2.4
      vertex 31 0 2.4
    endloop
  endfacet
  facet normal 0 -1 0
    outer loop
      vertex 42.25 0 2.4
      vertex 44 0 28.4
      vertex 42.25 0 28.4
    endloop
  endfacet
  facet normal 0 -1 -0
    outer loop
      vertex 44 0 28.4
      vertex 42.25 0 2.4
      vertex 44 0 2.4
    endloop
  endfacet
  facet normal 0 -1 0
    outer loop
      vertex 55.25 0 2.4
      vertex 57 0 28.4
      vertex 55.25 0 28.4
    endloop
  endfacet
  facet normal 0 -1 -0
    outer loop
      vertex 57 0 28.4
      vertex 55.25 0 2.4
      vertex 57 0 2.4
    endloop
  endfacet
  facet normal 0 -1 0
    outer loop
      vertex 68.25 0 2.4
      vertex 70 0 28.4
      vertex 68.25 0 28.4
    endloop
  endfacet
  facet normal 0 -1 -0
    outer loop
      vertex 70 0 28.4
      vertex 68.25 0 2.4
      vertex 70 0 2.4
    endloop
  endfacet
  facet normal 0 -1 0
    outer loop
      vertex 81.25 0 2.4
      vertex 83 0 28.4
      vertex 81.25 0 28.4
    endloop
  endfacet
  facet normal 0 -1 -0
    outer loop
      vertex 83 0 28.4
      vertex 81.25 0 2.4
      vertex 83 0 2.4
    endloop
  endfacet
  facet normal 0 -1 0
    outer loop
      vertex 94.25 0 2.4
      vertex 96 0 28.4
      vertex 94.25 0 28.4
    endloop
  endfacet
  facet normal 0 -1 -0
    outer loop
      vertex 96 0 28.4
      vertex 94.25 0 2.4
      vertex 96 0 2.4
    endloop
  endfacet
  facet normal 0 -1 0
    outer loop
      vertex 107.25 0 2.4
      vertex 109 0 28.4
      vertex 107.25 0 28.4
    endloop
  endfacet
  facet normal 0 -1 -0
    outer loop
      vertex 109 0 28.4
      vertex 107.25 0 2.4
      vertex 109 0 2.4
    endloop
  endfacet
  facet normal 0 -1 0
    outer loop
      vertex 120.25 0 2.4
      vertex 122 0 28.4
      vertex 120.25 0 28.4
    endloop
  endfacet
  facet normal 0 -1 -0
    outer loop
      vertex 122 0 28.4
      vertex 120.25 0 2.4
      vertex 122 0 2.4
    endloop
  endfacet
  facet normal 0 -1 0
    outer loop
      vertex 133.25 0 2.4
      vertex 135 0 28.4
      vertex 133.25 0 28.4
    endloop
  endfacet
  facet normal 0 -1 -0
    outer loop
      vertex 135 0 28.4
      vertex 133.25 0 2.4
      vertex 135 0 2.4
    endloop
  endfacet
  facet normal 0 -1 0
    outer loop
      vertex 146.25 0 2.4
      vertex 148 0 28.4
      vertex 146.25 0 28.4
    endloop
  endfacet
  facet normal 0 -1 -0
    outer loop
      vertex 148 0 28.4
      vertex 146.25 0 2.4
      vertex 148 0 2.4
    endloop
  endfacet
  facet normal 0 -1 0
    outer loop
      vertex 159.25 0 2.4
      vertex 164.25 0 28.4
      vertex 159.25 0 28.4
    endloop
  endfacet
  facet normal 0 -1 0
    outer loop
      vertex 159.25 0 2.4
      vertex 164.25 0 0
      vertex 164.25 0 28.4
    endloop
  endfacet
  facet normal 0 -1 0
    outer loop
      vertex 148 0 2.4
      vertex 164.25 0 0
      vertex 159.25 0 2.4
    endloop
  endfacet
  facet normal 0 1 0
    outer loop
      vertex 16.25 0 32.4
      vertex 10.625 0 31.2
      vertex 5 0 32.4
    endloop
  endfacet
  facet normal 0 1 0
    outer loop
      vertex 16.056 0 28.4
      vertex 16.25 0 32.4
      vertex 16.25 0 28.4
    endloop
  endfacet
  facet normal 0 1 0
    outer loop
      vertex 16.25 0 32.4
      vertex 16.056 0 28.4
      vertex 10.625 0 31.2
    endloop
  endfacet
  facet normal 0 1 -0
    outer loop
      vertex 5.19395 0 28.4
      vertex 5 0 32.4
      vertex 10.625 0 31.2
    endloop
  endfacet
  facet normal 0 1 0
    outer loop
      vertex 5 0 32.4
      vertex 5.19395 0 28.4
      vertex 5 0 28.4
    endloop
  endfacet
  facet normal 0 1 0
    outer loop
      vertex 29.25 0 32.4
      vertex 23.625 0 31.2
      vertex 18 0 32.4
    endloop
  endfacet
  facet normal 0 1 0
    outer loop
      vertex 29.056 0 28.4
      vertex 29.25 0 32.4
      vertex 29.25 0 28.4
    endloop
  endfacet
  facet normal 0 1 0
    outer loop
      vertex 29.25 0 32.4
      vertex 29.056 0 28.4
      vertex 23.625 0 31.2
    endloop
  endfacet
  facet normal 0 1 -0
    outer loop
      vertex 18.194 0 28.4
      vertex 18 0 32.4
      vertex 23.625 0 31.2
    endloop
  endfacet
  facet normal 0 1 0
    outer loop
      vertex 18 0 32.4
      vertex 18.194 0 28.4
      vertex 18 0 28.4
    endloop
  endfacet
  facet normal 0 1 0
    outer loop
      vertex 42.25 0 32.4
      vertex 36.625 0 31.2
      vertex 31 0 32.4
    endloop
  endfacet
  facet normal 0 1 0
    outer loop
      vertex 42.056 0 28.4
      vertex 42.25 0 32.4
      vertex 42.25 0 28.4
    endloop
  endfacet
  facet normal 0 1 0
    outer loop
      vertex 42.25 0 32.4
      vertex 42.056 0 28.4
      vertex 36.625 0 31.2
    endloop
  endfacet
  facet normal 0 1 -0
    outer loop
      vertex 31.194 0 28.4
      vertex 31 0 32.4
      vertex 36.625 0 31.2
    endloop
  endfacet
  facet normal 0 1 0
    outer loop
      vertex 31 0 32.4
      vertex 31.194 0 28.4
      vertex 31 0 28.4
    endloop
  endfacet
  facet normal 0 1 0
    outer loop
      vertex 55.25 0 32.4
      vertex 49.625 0 31.2
      vertex 44 0 32.4
    endloop
  endfacet
  facet normal 0 1 0
    outer loop
      vertex 55.056 0 28.4
      vertex 55.25 0 32.4
      vertex 55.25 0 28.4
    endloop
  endfacet
  facet normal 0 1 0
    outer loop
      vertex 55.25 0 32.4
      vertex 55.056 0 28.4
      vertex 49.625 0 31.2
    endloop
  endfacet
  facet normal 0 1 -0
    outer loop
      vertex 44.194 0 28.4
      vertex 44 0 32.4
      vertex 49.625 0 31.2
    endloop
  endfacet
  facet normal 0 1 0
    outer loop
      vertex 44 0 32.4
      vertex 44.194 0 28.4
      vertex 44 0 28.4
    endloop
  endfacet
  facet normal 0 1 0
    outer loop
      vertex 68.25 0 32.4
      vertex 62.625 0 31.2
      vertex 57 0 32.4
    endloop
  endfacet
  facet normal 0 1 0
    outer loop
      vertex 68.056 0 28.4
      vertex 68.25 0 32.4
      vertex 68.25 0 28.4
    endloop
  endfacet
  facet normal 0 1 0
    outer loop
      vertex 68.25 0 32.4
      vertex 68.056 0 28.4
      vertex 62.625 0 31.2
    endloop
  endfacet
  facet normal 0 1 -0
    outer loop
      vertex 57.194 0 28.4
      vertex 57 0 32.4
      vertex 62.625 0 31.2
    endloop
  endfacet
  facet normal 0 1 0
    outer loop
      vertex 57 0 32.4
      vertex 57.194 0 28.4
      vertex 57 0 28.4
    endloop
  endfacet
  facet normal 0 1 0
    outer loop
      vertex 81.25 0 32.4
      vertex 75.625 0 31.2
      vertex 70 0 32.4
    endloop
  endfacet
  facet normal 0 1 0
    outer loop
      vertex 81.056 0 28.4
      vertex 81.25 0 32.4
      vertex 81.25 0 28.4
    endloop
  endfacet
  facet normal 0 1 0
    outer loop
      vertex 81.25 0 32.4
      vertex 81.056 0 28.4
      vertex 75.625 0 31.2
    endloop
  endfacet
  facet normal 0 1 -0
    outer loop
      vertex 70.194 0 28.4
      vertex 70 0 32.4
      vertex 75.625 0 31.2
    endloop
  endfacet
  facet normal 0 1 0
    outer loop
      vertex 70 0 32.4
      vertex 70.194 0 28.4
      vertex 70 0 28.4
    endloop
  endfacet
  facet normal 0 1 0
    outer loop
      vertex 94.25 0 32.4
      vertex 88.625 0 31.2
      vertex 83 0 32.4
    endloop
  endfacet
  facet normal 0 1 0
    outer loop
      vertex 94.056 0 28.4
      vertex 94.25 0 32.4
      vertex 94.25 0 28.4
    endloop
  endfacet
  facet normal 0 1 0
    outer loop
      vertex 94.25 0 32.4
      vertex 94.056 0 28.4
      vertex 88.625 0 31.2
    endloop
  endfacet
  facet normal 0 1 -0
    outer loop
      vertex 83.194 0 28.4
      vertex 83 0 32.4
      vertex 88.625 0 31.2
    endloop
  endfacet
  facet normal 0 1 0
    outer loop
      vertex 83 0 32.4
      vertex 83.194 0 28.4
      vertex 83 0 28.4
    endloop
  endfacet
  facet normal 0 1 0
    outer loop
      vertex 107.25 0 32.4
      vertex 101.625 0 31.2
      vertex 96 0 32.4
    endloop
  endfacet
  facet normal 0 1 0
    outer loop
      vertex 107.056 0 28.4
      vertex 107.25 0 32.4
      vertex 107.25 0 28.4
    endloop
  endfacet
  facet normal 0 1 0
    outer loop
      vertex 107.25 0 32.4
      vertex 107.056 0 28.4
      vertex 101.625 0 31.2
    endloop
  endfacet
  facet normal 0 1 -0
    outer loop
      vertex 96.194 0 28.4
      vertex 96 0 32.4
      vertex 101.625 0 31.2
    endloop
  endfacet
  facet normal 0 1 0
    outer loop
      vertex 96 0 32.4
      vertex 96.194 0 28.4
      vertex 96 0 28.4
    endloop
  endfacet
  facet normal 0 1 0
    outer loop
      vertex 120.25 0 32.4
      vertex 114.625 0 31.2
      vertex 109 0 32.4
    endloop
  endfacet
  facet normal 0 1 0
    outer loop
      vertex 120.056 0 28.4
      vertex 120.25 0 32.4
      vertex 120.25 0 28.4
    endloop
  endfacet
  facet normal 0 1 0
    outer loop
      vertex 120.25 0 32.4
      vertex 120.056 0 28.4
      vertex 114.625 0 31.2
    endloop
  endfacet
  facet normal 0 1 -0
    outer loop
      vertex 109.194 0 28.4
      vertex 109 0 32.4
      vertex 114.625 0 31.2
    endloop
  endfacet
  facet normal 0 1 0
    outer loop
      vertex 109 0 32.4
      vertex 109.194 0 28.4
      vertex 109 0 28.4
    endloop
  endfacet
  facet normal 0 1 0
    outer loop
      vertex 133.25 0 32.4
      vertex 127.625 0 31.2
      vertex 122 0 32.4
    endloop
  endfacet
  facet normal 0 1 0
    outer loop
      vertex 133.056 0 28.4
      vertex 133.25 0 32.4
      vertex 133.25 0 28.4
    endloop
  endfacet
  facet normal 0 1 0
    outer loop
      vertex 133.25 0 32.4
      vertex 133.056 0 28.4
      vertex 127.625 0 31.2
    endloop
  endfacet
  facet normal 0 1 -0
    outer loop
      vertex 122.194 0 28.4
      vertex 122 0 32.4
      vertex 127.625 0 31.2
    endloop
  endfacet
  facet normal 0 1 0
    outer loop
      vertex 122 0 32.4
      vertex 122.194 0 28.4
      vertex 122 0 28.4
    endloop
  endfacet
  facet normal 0 1 0
    outer loop
      vertex 146.25 0 32.4
      vertex 140.625 0 31.2
      vertex 135 0 32.4
    endloop
  endfacet
  facet normal 0 1 0
    outer loop
      vertex 146.056 0 28.4
      vertex 146.25 0 32.4
      vertex 146.25 0 28.4
    endloop
  endfacet
  facet normal 0 1 0
    outer loop
      vertex 146.25 0 32.4
      vertex 146.056 0 28.4
      vertex 140.625 0 31.2
    endloop
  endfacet
  facet normal 0 1 -0
    outer loop
      vertex 135.194 0 28.4
      vertex 135 0 32.4
      vertex 140.625 0 31.2
    endloop
  endfacet
  facet normal 0 1 0
    outer loop
      vertex 135 0 32.4
      vertex 135.194 0 28.4
      vertex 135 0 28.4
    endloop
  endfacet
  facet normal 0 1 0
    outer loop
      vertex 159.25 0 32.4
      vertex 153.625 0 31.2
      vertex 148 0 32.4
    endloop
  endfacet
  facet normal 0 1 0
    outer loop
      vertex 159.056 0 28.4
      vertex 159.25 0 32.4
      vertex 159.25 0 28.4
    endloop
  endfacet
  facet normal 0 1 0
    outer loop
      vertex 159.25 0 32.4
      vertex 159.056 0 28.4
      vertex 153.625 0 31.2
    endloop
  endfacet
  facet normal 0 1 -0
    outer loop
      vertex 148.194 0 28.4
      vertex 148 0 32.4
      vertex 153.625 0 31.2
    endloop
  endfacet
  facet normal 0 1 0
    outer loop
      vertex 148 0 32.4
      vertex 148.194 0 28.4
      vertex 148 0 28.4
    endloop
  endfacet
  facet normal 1 0 0
    outer loop
      vertex 31 0 28.4
      vertex 31 28 32.4
      vertex 31 0 32.4
    endloop
  endfacet
  facet normal 1 0 0
    outer loop
      vertex 31 28 32.4
      vertex 31 0 28.4
      vertex 31 28 2.4
    endloop
  endfacet
  facet normal 1 0 0
    outer loop
      vertex 31 28 2.4
      vertex 31 0 28.4
      vertex 31 0 2.4
    endloop
  endfacet
  facet normal -1 0 0
    outer loop
      vertex 29.25 0 28.4
      vertex 29.25 28 2.4
      vertex 29.25 0 2.4
    endloop
  endfacet
  facet normal -1 0 0
    outer loop
      vertex 29.25 28 2.4
      vertex 29.25 0 28.4
      vertex 29.25 28 32.4
    endloop
  endfacet
  facet normal -1 -0 0
    outer loop
      vertex 29.25 28 32.4
      vertex 29.25 0 28.4
      vertex 29.25 0 32.4
    endloop
  endfacet
  facet normal 1 0 0
    outer loop
      vertex 44 0 28.4
      vertex 44 28 32.4
      vertex 44 0 32.4
    endloop
  endfacet
  facet normal 1 0 0
    outer loop
      vertex 44 28 32.4
      vertex 44 0 28.4
      vertex 44 28 2.4
    endloop
  endfacet
  facet normal 1 0 0
    outer loop
      vertex 44 28 2.4
      vertex 44 0 28.4
      vertex 44 0 2.4
    endloop
  endfacet
  facet normal -1 0 0
    outer loop
      vertex 42.25 0 28.4
      vertex 42.25 28 2.4
      vertex 42.25 0 2.4
    endloop
  endfacet
  facet normal -1 0 0
    outer loop
      vertex 42.25 28 2.4
      vertex 42.25 0 28.4
      vertex 42.25 28 32.4
    endloop
  endfacet
  facet normal -1 -0 0
    outer loop
      vertex 42.25 28 32.4
      vertex 42.25 0 28.4
      vertex 42.25 0 32.4
    endloop
  endfacet
  facet normal 1 0 0
    outer loop
      vertex 57 0 28.4
      vertex 57 28 32.4
      vertex 57 0 32.4
    endloop
  endfacet
  facet normal 1 0 0
    outer loop
      vertex 57 28 32.4
      vertex 57 0 28.4
      vertex 57 28 2.4
    endloop
  endfacet
  facet normal 1 0 0
    outer loop
      vertex 57 28 2.4
      vertex 57 0 28.4
      vertex 57 0 2.4
    endloop
  endfacet
  facet normal -1 0 0
    outer loop
      vertex 55.25 0 28.4
      vertex 55.25 28 2.4
      vertex 55.25 0 2.4
    endloop
  endfacet
  facet normal -1 0 0
    outer loop
      vertex 55.25 28 2.4
      vertex 55.25 0 28.4
      vertex 55.25 28 32.4
    endloop
  endfacet
  facet normal -1 -0 0
    outer loop
      vertex 55.25 28 32.4
      vertex 55.25 0 28.4
      vertex 55.25 0 32.4
    endloop
  endfacet
  facet normal 1 0 0
    outer loop
      vertex 70 0 28.4
      vertex 70 28 32.4
      vertex 70 0 32.4
    endloop
  endfacet
  facet normal 1 0 0
    outer loop
      vertex 70 28 32.4
      vertex 70 0 28.4
      vertex 70 28 2.4
    endloop
  endfacet
  facet normal 1 0 0
    outer loop
      vertex 70 28 2.4
      vertex 70 0 28.4
      vertex 70 0 2.4
    endloop
  endfacet
  facet normal -1 0 0
    outer loop
      vertex 68.25 0 28.4
      vertex 68.25 28 2.4
      vertex 68.25 0 2.4
    endloop
  endfacet
  facet normal -1 0 0
    outer loop
      vertex 68.25 28 2.4
      vertex 68.25 0 28.4
      vertex 68.25 28 32.4
    endloop
  endfacet
  facet normal -1 -0 0
    outer loop
      vertex 68.25 28 32.4
      vertex 68.25 0 28.4
      vertex 68.25 0 32.4
    endloop
  endfacet
  facet normal 1 0 0
    outer loop
      vertex 83 0 28.4
      vertex 83 28 32.4
      vertex 83 0 32.4
    endloop
  endfacet
  facet normal 1 0 0
    outer loop
      vertex 83 28 32.4
      vertex 83 0 28.4
      vertex 83 28 2.4
    endloop
  endfacet
  facet normal 1 0 0
    outer loop
      vertex 83 28 2.4
      vertex 83 0 28.4
      vertex 83 0 2.4
    endloop
  endfacet
  facet normal -1 0 0
    outer loop
      vertex 81.25 0 28.4
      vertex 81.25 28 2.4
      vertex 81.25 0 2.4
    endloop
  endfacet
  facet normal -1 0 0
    outer loop
      vertex 81.25 28 2.4
      vertex 81.25 0 28.4
      vertex 81.25 28 32.4
    endloop
  endfacet
  facet normal -1 -0 0
    outer loop
      vertex 81.25 28 32.4
      vertex 81.25 0 28.4
      vertex 81.25 0 32.4
    endloop
  endfacet
  facet normal 1 0 0
    outer loop
      vertex 96 0 28.4
      vertex 96 28 32.4
      vertex 96 0 32.4
    endloop
  endfacet
  facet normal 1 0 0
    outer loop
      vertex 96 28 32.4
      vertex 96 0 28.4
      vertex 96 28 2.4
    endloop
  endfacet
  facet normal 1 0 0
    outer loop
      vertex 96 28 2.4
      vertex 96 0 28.4
      vertex 96 0 2.4
    endloop
  endfacet
  facet normal -1 0 0
    outer loop
      vertex 94.25 0 28.4
      vertex 94.25 28 2.4
      vertex 94.25 0 2.4
    endloop
  endfacet
  facet normal -1 0 0
    outer loop
      vertex 94.25 28 2.4
      vertex 94.25 0 28.4
      vertex 94.25 28 32.4
    endloop
  endfacet
  facet normal -1 -0 0
    outer loop
      vertex 94.25 28 32.4
      vertex 94.25 0 28.4
      vertex 94.25 0 32.4
    endloop
  endfacet
  facet normal 1 0 0
    outer loop
      vertex 109 0 28.4
      vertex 109 28 32.4
      vertex 109 0 32.4
    endloop
  endfacet
  facet normal 1 0 0
    outer loop
      vertex 109 28 32.4
      vertex 109 0 28.4
      vertex 109 28 2.4
    endloop
  endfacet
  facet normal 1 0 0
    outer loop
      vertex 109 28 2.4
      vertex 109 0 28.4
      vertex 109 0 2.4
    endloop
  endfacet
  facet normal -1 0 0
    outer loop
      vertex 107.25 0 28.4
      vertex 107.25 28 2.4
      vertex 107.25 0 2.4
    endloop
  endfacet
  facet normal -1 0 0
    outer loop
      vertex 107.25 28 2.4
      vertex 107.25 0 28.4
      vertex 107.25 28 32.4
    endloop
  endfacet
  facet normal -1 -0 0
    outer loop
      vertex 107.25 28 32.4
      vertex 107.25 0 28.4
      vertex 107.25 0 32.4
    endloop
  endfacet
  facet normal 1 0 0
    outer loop
      vertex 122 0 28.4
      vertex 122 28 32.4
      vertex 122 0 32.4
    endloop
  endfacet
  facet normal 1 0 0
    outer loop
      vertex 122 28 32.4
      vertex 122 0 28.4
      vertex 122 28 2.4
    endloop
  endfacet
  facet normal 1 0 0
    outer loop
      vertex 122 28 2.4
      vertex 122 0 28.4
      vertex 122 0 2.4
    endloop
  endfacet
  facet normal -1 0 0
    outer loop
      vertex 120.25 0 28.4
      vertex 120.25 28 2.4
      vertex 120.25 0 2.4
    endloop
  endfacet
  facet normal -1 0 0
    outer loop
      vertex 120.25 28 2.4
      vertex 120.25 0 28.4
      vertex 120.25 28 32.4
    endloop
  endfacet
  facet normal -1 -0 0
    outer loop
      vertex 120.25 28 32.4
      vertex 120.25 0 28.4
      vertex 120.25 0 32.4
    endloop
  endfacet
  facet normal 1 0 0
    outer loop
      vertex 135 0 28.4
      vertex 135 28 32.4
      vertex 135 0 32.4
    endloop
  endfacet
  facet normal 1 0 0
    outer loop
      vertex 135 28 32.4
      vertex 135 0 28.4
      vertex 135 28 2.4
    endloop
  endfacet
  facet normal 1 0 0
    outer loop
      vertex 135 28 2.4
      vertex 135 0 28.4
      vertex 135 0 2.4
    endloop
  endfacet
  facet normal -1 0 0
    outer loop
      vertex 133.25 0 28.4
      vertex 133.25 28 2.4
      vertex 133.25 0 2.4
    endloop
  endfacet
  facet normal -1 0 0
    outer loop
      vertex 133.25 28 2.4
      vertex 133.25 0 28.4
      vertex 133.25 28 32.4
    endloop
  endfacet
  facet normal -1 -0 0
    outer loop
      vertex 133.25 28 32.4
      vertex 133.25 0 28.4
      vertex 133.25 0 32.4
    endloop
  endfacet
  facet normal 1 0 0
    outer loop
      vertex 148 0 28.4
      vertex 148 28 32.4
      vertex 148 0 32.4
    endloop
  endfacet
  facet normal 1 0 0
    outer loop
      vertex 148 28 32.4
      vertex 148 0 28.4
      vertex 148 28 2.4
    endloop
  endfacet
  facet normal 1 0 0
    outer loop
      vertex 148 28 2.4
      vertex 148 0 28.4
      vertex 148 0 2.4
    endloop
  endfacet
  facet normal -1 0 0
    outer loop
      vertex 146.25 0 28.4
      vertex 146.25 28 2.4
      vertex 146.25 0 2.4
    endloop
  endfacet
  facet normal -1 0 0
    outer loop
      vertex 146.25 28 2.4
      vertex 146.25 0 28.4
      vertex 146.25 28 32.4
    endloop
  endfacet
  facet normal -1 -0 0
    outer loop
      vertex 146.25 28 32.4
      vertex 146.25 0 28.4
      vertex 146.25 0 32.4
    endloop
  endfacet
  facet normal 1 -0 0
    outer loop
      vertex 18 82.1 32.4
      vertex 18 110.1 28.4
      vertex 18 110.1 32.4
    endloop
  endfacet
  facet normal 1 0 0
    outer loop
      vertex 18 82.1 2.4
      vertex 18 110.1 28.4
      vertex 18 82.1 32.4
    endloop
  endfacet
  facet normal 1 0 0
    outer loop
      vertex 18 110.1 28.4
      vertex 18 82.1 2.4
      vertex 18 110.1 2.4
    endloop
  endfacet
  facet normal -0 0 1
    outer loop
      vertex 135 110.1 2.4
      vertex 146.25 82.1 2.4
      vertex 146.25 110.1 2.4
    endloop
  endfacet
  facet normal 0 0 1
    outer loop
      vertex 146.25 82.1 2.4
      vertex 135 110.1 2.4
      vertex 135 82.1 2.4
    endloop
  endfacet
  facet normal -0 0 1
    outer loop
      vertex 122 110.1 2.4
      vertex 133.25 82.1 2.4
      vertex 133.25 110.1 2.4
    endloop
  endfacet
  facet normal 0 0 1
    outer loop
      vertex 133.25 82.1 2.4
      vertex 122 110.1 2.4
      vertex 122 82.1 2.4
    endloop
  endfacet
  facet normal -0 0 1
    outer loop
      vertex 83 110.1 2.4
      vertex 94.25 82.1 2.4
      vertex 94.25 110.1 2.4
    endloop
  endfacet
  facet normal 0 0 1
    outer loop
      vertex 94.25 82.1 2.4
      vertex 83 110.1 2.4
      vertex 83 82.1 2.4
    endloop
  endfacet
  facet normal -0 0 1
    outer loop
      vertex 70 110.1 2.4
      vertex 81.25 82.1 2.4
      vertex 81.25 110.1 2.4
    endloop
  endfacet
  facet normal 0 0 1
    outer loop
      vertex 81.25 82.1 2.4
      vertex 70 110.1 2.4
      vertex 70 82.1 2.4
    endloop
  endfacet
  facet normal -0 0 1
    outer loop
      vertex 109 110.1 2.4
      vertex 120.25 82.1 2.4
      vertex 120.25 110.1 2.4
    endloop
  endfacet
  facet normal 0 0 1
    outer loop
      vertex 120.25 82.1 2.4
      vertex 109 110.1 2.4
      vertex 109 82.1 2.4
    endloop
  endfacet
  facet normal -0 0 1
    outer loop
      vertex 96 110.1 2.4
      vertex 107.25 82.1 2.4
      vertex 107.25 110.1 2.4
    endloop
  endfacet
  facet normal 0 0 1
    outer loop
      vertex 107.25 82.1 2.4
      vertex 96 110.1 2.4
      vertex 96 82.1 2.4
    endloop
  endfacet
  facet normal -0 0 1
    outer loop
      vertex 57 110.1 2.4
      vertex 68.25 82.1 2.4
      vertex 68.25 110.1 2.4
    endloop
  endfacet
  facet normal 0 0 1
    outer loop
      vertex 68.25 82.1 2.4
      vertex 57 110.1 2.4
      vertex 57 82.1 2.4
    endloop
  endfacet
  facet normal -0 0 1
    outer loop
      vertex 44 110.1 2.4
      vertex 55.25 82.1 2.4
      vertex 55.25 110.1 2.4
    endloop
  endfacet
  facet normal 0 0 1
    outer loop
      vertex 55.25 82.1 2.4
      vertex 44 110.1 2.4
      vertex 44 82.1 2.4
    endloop
  endfacet
  facet normal -0 0 1
    outer loop
      vertex 18 110.1 2.4
      vertex 29.25 82.1 2.4
      vertex 29.25 110.1 2.4
    endloop
  endfacet
  facet normal 0 0 1
    outer loop
      vertex 29.25 82.1 2.4
      vertex 18 110.1 2.4
      vertex 18 82.1 2.4
    endloop
  endfacet
  facet normal -0 0 1
    outer loop
      vertex 5 110.1 2.4
      vertex 16.25 82.1 2.4
      vertex 16.25 110.1 2.4
    endloop
  endfacet
  facet normal 0 0 1
    outer loop
      vertex 16.25 82.1 2.4
      vertex 5 110.1 2.4
      vertex 5 82.1 2.4
    endloop
  endfacet
  facet normal -0 0 1
    outer loop
      vertex 31 110.1 2.4
      vertex 42.25 82.1 2.4
      vertex 42.25 110.1 2.4
    endloop
  endfacet
  facet normal 0 0 1
    outer loop
      vertex 42.25 82.1 2.4
      vertex 31 110.1 2.4
      vertex 31 82.1 2.4
    endloop
  endfacet
  facet normal -0 0 1
    outer loop
      vertex 148 110.1 2.4
      vertex 159.25 82.1 2.4
      vertex 159.25 110.1 2.4
    endloop
  endfacet
  facet normal 0 0 1
    outer loop
      vertex 159.25 82.1 2.4
      vertex 148 110.1 2.4
      vertex 148 82.1 2.4
    endloop
  endfacet
  facet normal -1 0 0
    outer loop
      vertex 16.25 82.1 2.4
      vertex 16.25 110.1 28.4
      vertex 16.25 110.1 2.4
    endloop
  endfacet
  facet normal -1 0 0
    outer loop
      vertex 16.25 82.1 32.4
      vertex 16.25 110.1 28.4
      vertex 16.25 82.1 2.4
    endloop
  endfacet
  facet normal -1 0 0
    outer loop
      vertex 16.25 110.1 28.4
      vertex 16.25 82.1 32.4
      vertex 16.25 110.1 32.4
    endloop
  endfacet
  facet normal 0 1 0
    outer loop
      vertex 164.25 110.1 28.4
      vertex 159.25 110.1 2.4
      vertex 159.25 110.1 28.4
    endloop
  endfacet
  facet normal 0 1 0
    outer loop
      vertex 164.25 110.1 0
      vertex 148 110.1 2.4
      vertex 159.25 110.1 2.4
    endloop
  endfacet
  facet normal 0 1 0
    outer loop
      vertex 148 110.1 2.4
      vertex 164.25 110.1 0
      vertex 146.25 110.1 2.4
    endloop
  endfacet
  facet normal 0 1 0
    outer loop
      vertex 146.25 110.1 2.4
      vertex 164.25 110.1 0
      vertex 135 110.1 2.4
    endloop
  endfacet
  facet normal 0 1 0
    outer loop
      vertex 135 110.1 2.4
      vertex 164.25 110.1 0
      vertex 133.25 110.1 2.4
    endloop
  endfacet
  facet normal 0 1 0
    outer loop
      vertex 133.25 110.1 2.4
      vertex 164.25 110.1 0
      vertex 122 110.1 2.4
    endloop
  endfacet
  facet normal 0 1 0
    outer loop
      vertex 122 110.1 2.4
      vertex 164.25 110.1 0
      vertex 120.25 110.1 2.4
    endloop
  endfacet
  facet normal 0 1 0
    outer loop
      vertex 120.25 110.1 2.4
      vertex 164.25 110.1 0
      vertex 109 110.1 2.4
    endloop
  endfacet
  facet normal 0 1 0
    outer loop
      vertex 109 110.1 2.4
      vertex 164.25 110.1 0
      vertex 107.25 110.1 2.4
    endloop
  endfacet
  facet normal 0 1 0
    outer loop
      vertex 107.25 110.1 2.4
      vertex 164.25 110.1 0
      vertex 96 110.1 2.4
    endloop
  endfacet
  facet normal 0 1 0
    outer loop
      vertex 96 110.1 2.4
      vertex 164.25 110.1 0
      vertex 94.25 110.1 2.4
    endloop
  endfacet
  facet normal 0 1 0
    outer loop
      vertex 94.25 110.1 2.4
      vertex 164.25 110.1 0
      vertex 83 110.1 2.4
    endloop
  endfacet
  facet normal 0 1 0
    outer loop
      vertex 83 110.1 2.4
      vertex 164.25 110.1 0
      vertex 81.25 110.1 2.4
    endloop
  endfacet
  facet normal 0 1 0
    outer loop
      vertex 81.25 110.1 2.4
      vertex 164.25 110.1 0
      vertex 70 110.1 2.4
    endloop
  endfacet
  facet normal 0 1 0
    outer loop
      vertex 70 110.1 2.4
      vertex 164.25 110.1 0
      vertex 68.25 110.1 2.4
    endloop
  endfacet
  facet normal 0 1 0
    outer loop
      vertex 0 110.1 0
      vertex 68.25 110.1 2.4
      vertex 164.25 110.1 0
    endloop
  endfacet
  facet normal 0 1 0
    outer loop
      vertex 68.25 110.1 2.4
      vertex 0 110.1 0
      vertex 57 110.1 2.4
    endloop
  endfacet
  facet normal 0 1 0
    outer loop
      vertex 57 110.1 2.4
      vertex 0 110.1 0
      vertex 55.25 110.1 2.4
    endloop
  endfacet
  facet normal 0 1 0
    outer loop
      vertex 55.25 110.1 2.4
      vertex 0 110.1 0
      vertex 44 110.1 2.4
    endloop
  endfacet
  facet normal 0 1 0
    outer loop
      vertex 44 110.1 2.4
      vertex 0 110.1 0
      vertex 42.25 110.1 2.4
    endloop
  endfacet
  facet normal 0 1 0
    outer loop
      vertex 42.25 110.1 2.4
      vertex 0 110.1 0
      vertex 31 110.1 2.4
    endloop
  endfacet
  facet normal 0 1 0
    outer loop
      vertex 31 110.1 2.4
      vertex 0 110.1 0
      vertex 29.25 110.1 2.4
    endloop
  endfacet
  facet normal 0 1 0
    outer loop
      vertex 29.25 110.1 2.4
      vertex 0 110.1 0
      vertex 18 110.1 2.4
    endloop
  endfacet
  facet normal 0 1 0
    outer loop
      vertex 18 110.1 2.4
      vertex 0 110.1 0
      vertex 16.25 110.1 2.4
    endloop
  endfacet
  facet normal 0 1 -0
    outer loop
      vertex 164.25 110.1 0
      vertex 159.25 110.1 2.4
      vertex 164.25 110.1 28.4
    endloop
  endfacet
  facet normal 0 1 -0
    outer loop
      vertex 148 110.1 2.4
      vertex 146.25 110.1 28.4
      vertex 148 110.1 28.4
    endloop
  endfacet
  facet normal 0 1 0
    outer loop
      vertex 146.25 110.1 28.4
      vertex 148 110.1 2.4
      vertex 146.25 110.1 2.4
    endloop
  endfacet
  facet normal 0 1 -0
    outer loop
      vertex 135 110.1 2.4
      vertex 133.25 110.1 28.4
      vertex 135 110.1 28.4
    endloop
  endfacet
  facet normal 0 1 0
    outer loop
      vertex 133.25 110.1 28.4
      vertex 135 110.1 2.4
      vertex 133.25 110.1 2.4
    endloop
  endfacet
  facet normal 0 1 -0
    outer loop
      vertex 122 110.1 2.4
      vertex 120.25 110.1 28.4
      vertex 122 110.1 28.4
    endloop
  endfacet
  facet normal 0 1 0
    outer loop
      vertex 120.25 110.1 28.4
      vertex 122 110.1 2.4
      vertex 120.25 110.1 2.4
    endloop
  endfacet
  facet normal 0 1 -0
    outer loop
      vertex 109 110.1 2.4
      vertex 107.25 110.1 28.4
      vertex 109 110.1 28.4
    endloop
  endfacet
  facet normal 0 1 0
    outer loop
      vertex 107.25 110.1 28.4
      vertex 109 110.1 2.4
      vertex 107.25 110.1 2.4
    endloop
  endfacet
  facet normal 0 1 -0
    outer loop
      vertex 96 110.1 2.4
      vertex 94.25 110.1 28.4
      vertex 96 110.1 28.4
    endloop
  endfacet
  facet normal 0 1 0
    outer loop
      vertex 94.25 110.1 28.4
      vertex 96 110.1 2.4
      vertex 94.25 110.1 2.4
    endloop
  endfacet
  facet normal 0 1 -0
    outer loop
      vertex 83 110.1 2.4
      vertex 81.25 110.1 28.4
      vertex 83 110.1 28.4
    endloop
  endfacet
  facet normal 0 1 0
    outer loop
      vertex 81.25 110.1 28.4
      vertex 83 110.1 2.4
      vertex 81.25 110.1 2.4
    endloop
  endfacet
  facet normal 0 1 -0
    outer loop
      vertex 70 110.1 2.4
      vertex 68.25 110.1 28.4
      vertex 70 110.1 28.4
    endloop
  endfacet
  facet normal 0 1 0
    outer loop
      vertex 68.25 110.1 28.4
      vertex 70 110.1 2.4
      vertex 68.25 110.1 2.4
    endloop
  endfacet
  facet normal 0 1 -0
    outer loop
      vertex 57 110.1 2.4
      vertex 55.25 110.1 28.4
      vertex 57 110.1 28.4
    endloop
  endfacet
  facet normal 0 1 0
    outer loop
      vertex 55.25 110.1 28.4
      vertex 57 110.1 2.4
      vertex 55.25 110.1 2.4
    endloop
  endfacet
  facet normal 0 1 -0
    outer loop
      vertex 44 110.1 2.4
      vertex 42.25 110.1 28.4
      vertex 44 110.1 28.4
    endloop
  endfacet
  facet normal 0 1 0
    outer loop
      vertex 42.25 110.1 28.4
      vertex 44 110.1 2.4
      vertex 42.25 110.1 2.4
    endloop
  endfacet
  facet normal 0 1 -0
    outer loop
      vertex 31 110.1 2.4
      vertex 29.25 110.1 28.4
      vertex 31 110.1 28.4
    endloop
  endfacet
  facet normal 0 1 0
    outer loop
      vertex 29.25 110.1 28.4
      vertex 31 110.1 2.4
      vertex 29.25 110.1 2.4
    endloop
  endfacet
  facet normal 0 1 -0
    outer loop
      vertex 18 110.1 2.4
      vertex 16.25 110.1 28.4
      vertex 18 110.1 28.4
    endloop
  endfacet
  facet normal 0 1 0
    outer loop
      vertex 16.25 110.1 28.4
      vertex 18 110.1 2.4
      vertex 16.25 110.1 2.4
    endloop
  endfacet
  facet normal 0 1 -0
    outer loop
      vertex 5 110.1 2.4
      vertex 0 110.1 28.4
      vertex 5 110.1 28.4
    endloop
  endfacet
  facet normal 0 1 0
    outer loop
      vertex 5 110.1 2.4
      vertex 0 110.1 0
      vertex 0 110.1 28.4
    endloop
  endfacet
  facet normal 0 1 0
    outer loop
      vertex 16.25 110.1 2.4
      vertex 0 110.1 0
      vertex 5 110.1 2.4
    endloop
  endfacet
  facet normal 0 -1 0
    outer loop
      vertex 18 110.1 32.4
      vertex 23.625 110.1 31.2
      vertex 29.25 110.1 32.4
    endloop
  endfacet
  facet normal 0 -1 0
    outer loop
      vertex 18.194 110.1 28.4
      vertex 18 110.1 32.4
      vertex 18 110.1 28.4
    endloop
  endfacet
  facet normal 0 -1 0
    outer loop
      vertex 18 110.1 32.4
      vertex 18.194 110.1 28.4
      vertex 23.625 110.1 31.2
    endloop
  endfacet
  facet normal 0 -1 0
    outer loop
      vertex 29.056 110.1 28.4
      vertex 29.25 110.1 32.4
      vertex 23.625 110.1 31.2
    endloop
  endfacet
  facet normal 0 -1 -0
    outer loop
      vertex 29.25 110.1 32.4
      vertex 29.056 110.1 28.4
      vertex 29.25 110.1 28.4
    endloop
  endfacet
  facet normal 0 -1 0
    outer loop
      vertex 5 110.1 32.4
      vertex 10.625 110.1 31.2
      vertex 16.25 110.1 32.4
    endloop
  endfacet
  facet normal 0 -1 0
    outer loop
      vertex 5.19395 110.1 28.4
      vertex 5 110.1 32.4
      vertex 5 110.1 28.4
    endloop
  endfacet
  facet normal 0 -1 0
    outer loop
      vertex 5 110.1 32.4
      vertex 5.19395 110.1 28.4
      vertex 10.625 110.1 31.2
    endloop
  endfacet
  facet normal 0 -1 0
    outer loop
      vertex 16.056 110.1 28.4
      vertex 16.25 110.1 32.4
      vertex 10.625 110.1 31.2
    endloop
  endfacet
  facet normal 0 -1 -0
    outer loop
      vertex 16.25 110.1 32.4
      vertex 16.056 110.1 28.4
      vertex 16.25 110.1 28.4
    endloop
  endfacet
  facet normal 0 -1 0
    outer loop
      vertex 31 110.1 32.4
      vertex 36.625 110.1 31.2
      vertex 42.25 110.1 32.4
    endloop
  endfacet
  facet normal 0 -1 0
    outer loop
      vertex 31.194 110.1 28.4
      vertex 31 110.1 32.4
      vertex 31 110.1 28.4
    endloop
  endfacet
  facet normal 0 -1 0
    outer loop
      vertex 31 110.1 32.4
      vertex 31.194 110.1 28.4
      vertex 36.625 110.1 31.2
    endloop
  endfacet
  facet normal 0 -1 0
    outer loop
      vertex 42.056 110.1 28.4
      vertex 42.25 110.1 32.4
      vertex 36.625 110.1 31.2
    endloop
  endfacet
  facet normal 0 -1 -0
    outer loop
      vertex 42.25 110.1 32.4
      vertex 42.056 110.1 28.4
      vertex 42.25 110.1 28.4
    endloop
  endfacet
  facet normal 0 -1 0
    outer loop
      vertex 44 110.1 32.4
      vertex 49.625 110.1 31.2
      vertex 55.25 110.1 32.4
    endloop
  endfacet
  facet normal 0 -1 0
    outer loop
      vertex 44.194 110.1 28.4
      vertex 44 110.1 32.4
      vertex 44 110.1 28.4
    endloop
  endfacet
  facet normal 0 -1 0
    outer loop
      vertex 44 110.1 32.4
      vertex 44.194 110.1 28.4
      vertex 49.625 110.1 31.2
    endloop
  endfacet
  facet normal 0 -1 0
    outer loop
      vertex 55.056 110.1 28.4
      vertex 55.25 110.1 32.4
      vertex 49.625 110.1 31.2
    endloop
  endfacet
  facet normal 0 -1 -0
    outer loop
      vertex 55.25 110.1 32.4
      vertex 55.056 110.1 28.4
      vertex 55.25 110.1 28.4
    endloop
  endfacet
  facet normal 0 -1 0
    outer loop
      vertex 57 110.1 32.4
      vertex 62.625 110.1 31.2
      vertex 68.25 110.1 32.4
    endloop
  endfacet
  facet normal 0 -1 0
    outer loop
      vertex 57.194 110.1 28.4
      vertex 57 110.1 32.4
      vertex 57 110.1 28.4
    endloop
  endfacet
  facet normal 0 -1 0
    outer loop
      vertex 57 110.1 32.4
      vertex 57.194 110.1 28.4
      vertex 62.625 110.1 31.2
    endloop
  endfacet
  facet normal 0 -1 0
    outer loop
      vertex 68.056 110.1 28.4
      vertex 68.25 110.1 32.4
      vertex 62.625 110.1 31.2
    endloop
  endfacet
  facet normal 0 -1 -0
    outer loop
      vertex 68.25 110.1 32.4
      vertex 68.056 110.1 28.4
      vertex 68.25 110.1 28.4
    endloop
  endfacet
  facet normal 0 -1 0
    outer loop
      vertex 70 110.1 32.4
      vertex 75.625 110.1 31.2
      vertex 81.25 110.1 32.4
    endloop
  endfacet
  facet normal 0 -1 0
    outer loop
      vertex 70.194 110.1 28.4
      vertex 70 110.1 32.4
      vertex 70 110.1 28.4
    endloop
  endfacet
  facet normal 0 -1 0
    outer loop
      vertex 70 110.1 32.4
      vertex 70.194 110.1 28.4
      vertex 75.625 110.1 31.2
    endloop
  endfacet
  facet normal 0 -1 0
    outer loop
      vertex 81.056 110.1 28.4
      vertex 81.25 110.1 32.4
      vertex 75.625 110.1 31.2
    endloop
  endfacet
  facet normal 0 -1 -0
    outer loop
      vertex 81.25 110.1 32.4
      vertex 81.056 110.1 28.4
      vertex 81.25 110.1 28.4
    endloop
  endfacet
  facet normal 0 -1 0
    outer loop
      vertex 83 110.1 32.4
      vertex 88.625 110.1 31.2
      vertex 94.25 110.1 32.4
    endloop
  endfacet
  facet normal 0 -1 0
    outer loop
      vertex 83.194 110.1 28.4
      vertex 83 110.1 32.4
      vertex 83 110.1 28.4
    endloop
  endfacet
  facet normal 0 -1 0
    outer loop
      vertex 83 110.1 32.4
      vertex 83.194 110.1 28.4
      vertex 88.625 110.1 31.2
    endloop
  endfacet
  facet normal 0 -1 0
    outer loop
      vertex 94.056 110.1 28.4
      vertex 94.25 110.1 32.4
      vertex 88.625 110.1 31.2
    endloop
  endfacet
  facet normal 0 -1 -0
    outer loop
      vertex 94.25 110.1 32.4
      vertex 94.056 110.1 28.4
      vertex 94.25 110.1 28.4
    endloop
  endfacet
  facet normal 0 -1 0
    outer loop
      vertex 96 110.1 32.4
      vertex 101.625 110.1 31.2
      vertex 107.25 110.1 32.4
    endloop
  endfacet
  facet normal 0 -1 0
    outer loop
      vertex 96.194 110.1 28.4
      vertex 96 110.1 32.4
      vertex 96 110.1 28.4
    endloop
  endfacet
  facet normal 0 -1 0
    outer loop
      vertex 96 110.1 32.4
      vertex 96.194 110.1 28.4
      vertex 101.625 110.1 31.2
    endloop
  endfacet
  facet normal 0 -1 0
    outer loop
      vertex 107.056 110.1 28.4
      vertex 107.25 110.1 32.4
      vertex 101.625 110.1 31.2
    endloop
  endfacet
  facet normal 0 -1 -0
    outer loop
      vertex 107.25 110.1 32.4
      vertex 107.056 110.1 28.4
      vertex 107.25 110.1 28.4
    endloop
  endfacet
  facet normal 0 -1 0
    outer loop
      vertex 109 110.1 32.4
      vertex 114.625 110.1 31.2
      vertex 120.25 110.1 32.4
    endloop
  endfacet
  facet normal 0 -1 0
    outer loop
      vertex 109.194 110.1 28.4
      vertex 109 110.1 32.4
      vertex 109 110.1 28.4
    endloop
  endfacet
  facet normal 0 -1 0
    outer loop
      vertex 109 110.1 32.4
      vertex 109.194 110.1 28.4
      vertex 114.625 110.1 31.2
    endloop
  endfacet
  facet normal 0 -1 0
    outer loop
      vertex 120.056 110.1 28.4
      vertex 120.25 110.1 32.4
      vertex 114.625 110.1 31.2
    endloop
  endfacet
  facet normal 0 -1 -0
    outer loop
      vertex 120.25 110.1 32.4
      vertex 120.056 110.1 28.4
      vertex 120.25 110.1 28.4
    endloop
  endfacet
  facet normal 0 -1 0
    outer loop
      vertex 122 110.1 32.4
      vertex 127.625 110.1 31.2
      vertex 133.25 110.1 32.4
    endloop
  endfacet
  facet normal 0 -1 0
    outer loop
      vertex 122.194 110.1 28.4
      vertex 122 110.1 32.4
      vertex 122 110.1 28.4
    endloop
  endfacet
  facet normal 0 -1 0
    outer loop
      vertex 122 110.1 32.4
      vertex 122.194 110.1 28.4
      vertex 127.625 110.1 31.2
    endloop
  endfacet
  facet normal 0 -1 0
    outer loop
      vertex 133.056 110.1 28.4
      vertex 133.25 110.1 32.4
      vertex 127.625 110.1 31.2
    endloop
  endfacet
  facet normal 0 -1 -0
    outer loop
      vertex 133.25 110.1 32.4
      vertex 133.056 110.1 28.4
      vertex 133.25 110.1 28.4
    endloop
  endfacet
  facet normal 0 -1 0
    outer loop
      vertex 135 110.1 32.4
      vertex 140.625 110.1 31.2
      vertex 146.25 110.1 32.4
    endloop
  endfacet
  facet normal 0 -1 0
    outer loop
      vertex 135.194 110.1 28.4
      vertex 135 110.1 32.4
      vertex 135 110.1 28.4
    endloop
  endfacet
  facet normal 0 -1 0
    outer loop
      vertex 135 110.1 32.4
      vertex 135.194 110.1 28.4
      vertex 140.625 110.1 31.2
    endloop
  endfacet
  facet normal 0 -1 0
    outer loop
      vertex 146.056 110.1 28.4
      vertex 146.25 110.1 32.4
      vertex 140.625 110.1 31.2
    endloop
  endfacet
  facet normal 0 -1 -0
    outer loop
      vertex 146.25 110.1 32.4
      vertex 146.056 110.1 28.4
      vertex 146.25 110.1 28.4
    endloop
  endfacet
  facet normal 0 -1 0
    outer loop
      vertex 148 110.1 32.4
      vertex 153.625 110.1 31.2
      vertex 159.25 110.1 32.4
    endloop
  endfacet
  facet normal 0 -1 0
    outer loop
      vertex 148.194 110.1 28.4
      vertex 148 110.1 32.4
      vertex 148 110.1 28.4
    endloop
  endfacet
  facet normal 0 -1 0
    outer loop
      vertex 148 110.1 32.4
      vertex 148.194 110.1 28.4
      vertex 153.625 110.1 31.2
    endloop
  endfacet
  facet normal 0 -1 0
    outer loop
      vertex 159.056 110.1 28.4
      vertex 159.25 110.1 32.4
      vertex 153.625 110.1 31.2
    endloop
  endfacet
  facet normal 0 -1 -0
    outer loop
      vertex 159.25 110.1 32.4
      vertex 159.056 110.1 28.4
      vertex 159.25 110.1 28.4
    endloop
  endfacet
  facet normal 0 -1 0
    outer loop
      vertex 3 82.1 12.0307
      vertex 5 82.1 2.4
      vertex 3.5 82.1 12.0307
    endloop
  endfacet
  facet normal 0 -1 0
    outer loop
      vertex 3 82.1 0
      vertex 16.25 82.1 2.4
      vertex 5 82.1 2.4
    endloop
  endfacet
  facet normal 0 -1 -0
    outer loop
      vertex 16.25 82.1 2.4
      vertex 3 82.1 0
      vertex 18 82.1 2.4
    endloop
  endfacet
  facet normal 0 -1 -0
    outer loop
      vertex 18 82.1 2.4
      vertex 3 82.1 0
      vertex 29.25 82.1 2.4
    endloop
  endfacet
  facet normal 0 -1 -0
    outer loop
      vertex 29.25 82.1 2.4
      vertex 3 82.1 0
      vertex 31 82.1 2.4
    endloop
  endfacet
  facet normal 0 -1 -0
    outer loop
      vertex 31 82.1 2.4
      vertex 3 82.1 0
      vertex 42.25 82.1 2.4
    endloop
  endfacet
  facet normal 0 -1 -0
    outer loop
      vertex 42.25 82.1 2.4
      vertex 3 82.1 0
      vertex 44 82.1 2.4
    endloop
  endfacet
  facet normal 0 -1 -0
    outer loop
      vertex 44 82.1 2.4
      vertex 3 82.1 0
      vertex 55.25 82.1 2.4
    endloop
  endfacet
  facet normal 0 -1 -0
    outer loop
      vertex 55.25 82.1 2.4
      vertex 3 82.1 0
      vertex 57 82.1 2.4
    endloop
  endfacet
  facet normal 0 -1 -0
    outer loop
      vertex 57 82.1 2.4
      vertex 3 82.1 0
      vertex 68.25 82.1 2.4
    endloop
  endfacet
  facet normal 0 -1 -0
    outer loop
      vertex 68.25 82.1 2.4
      vertex 3 82.1 0
      vertex 70 82.1 2.4
    endloop
  endfacet
  facet normal 0 -1 -0
    outer loop
      vertex 70 82.1 2.4
      vertex 3 82.1 0
      vertex 81.25 82.1 2.4
    endloop
  endfacet
  facet normal 0 -1 -0
    outer loop
      vertex 81.25 82.1 2.4
      vertex 3 82.1 0
      vertex 83 82.1 2.4
    endloop
  endfacet
  facet normal 0 -1 -0
    outer loop
      vertex 83 82.1 2.4
      vertex 3 82.1 0
      vertex 94.25 82.1 2.4
    endloop
  endfacet
  facet normal 0 -1 0
    outer loop
      vertex 161.25 82.1 0
      vertex 94.25 82.1 2.4
      vertex 3 82.1 0
    endloop
  endfacet
  facet normal 0 -1 0
    outer loop
      vertex 94.25 82.1 2.4
      vertex 161.25 82.1 0
      vertex 96 82.1 2.4
    endloop
  endfacet
  facet normal 0 -1 0
    outer loop
      vertex 96 82.1 2.4
      vertex 161.25 82.1 0
      vertex 107.25 82.1 2.4
    endloop
  endfacet
  facet normal 0 -1 0
    outer loop
      vertex 107.25 82.1 2.4
      vertex 161.25 82.1 0
      vertex 109 82.1 2.4
    endloop
  endfacet
  facet normal 0 -1 0
    outer loop
      vertex 109 82.1 2.4
      vertex 161.25 82.1 0
      vertex 120.25 82.1 2.4
    endloop
  endfacet
  facet normal 0 -1 0
    outer loop
      vertex 120.25 82.1 2.4
      vertex 161.25 82.1 0
      vertex 122 82.1 2.4
    endloop
  endfacet
  facet normal 0 -1 0
    outer loop
      vertex 122 82.1 2.4
      vertex 161.25 82.1 0
      vertex 133.25 82.1 2.4
    endloop
  endfacet
  facet normal 0 -1 0
    outer loop
      vertex 133.25 82.1 2.4
      vertex 161.25 82.1 0
      vertex 135 82.1 2.4
    endloop
  endfacet
  facet normal 0 -1 0
    outer loop
      vertex 135 82.1 2.4
      vertex 161.25 82.1 0
      vertex 146.25 82.1 2.4
    endloop
  endfacet
  facet normal 0 -1 0
    outer loop
      vertex 146.25 82.1 2.4
      vertex 161.25 82.1 0
      vertex 148 82.1 2.4
    endloop
  endfacet
  facet normal 0 -1 0
    outer loop
      vertex 3 82.1 0
      vertex 5 82.1 2.4
      vertex 3 82.1 12.0307
    endloop
  endfacet
  facet normal 0 -1 0
    outer loop
      vertex 3.5 82.1 22.7693
      vertex 3 82.1 32.4
      vertex 3 82.1 22.7693
    endloop
  endfacet
  facet normal 0 -1 0
    outer loop
      vertex 3 82.1 32.4
      vertex 3.5 82.1 22.7693
      vertex 5 82.1 32.4
    endloop
  endfacet
  facet normal 0 -1 0
    outer loop
      vertex 3.5 82.1 12.0307
      vertex 5 82.1 32.4
      vertex 3.5 82.1 22.7693
    endloop
  endfacet
  facet normal 0 -1 -0
    outer loop
      vertex 5 82.1 32.4
      vertex 3.5 82.1 12.0307
      vertex 5 82.1 2.4
    endloop
  endfacet
  facet normal 0 -1 0
    outer loop
      vertex 16.25 82.1 2.4
      vertex 18 82.1 32.4
      vertex 16.25 82.1 32.4
    endloop
  endfacet
  facet normal 0 -1 -0
    outer loop
      vertex 18 82.1 32.4
      vertex 16.25 82.1 2.4
      vertex 18 82.1 2.4
    endloop
  endfacet
  facet normal 0 -1 0
    outer loop
      vertex 29.25 82.1 2.4
      vertex 31 82.1 32.4
      vertex 29.25 82.1 32.4
    endloop
  endfacet
  facet normal 0 -1 -0
    outer loop
      vertex 31 82.1 32.4
      vertex 29.25 82.1 2.4
      vertex 31 82.1 2.4
    endloop
  endfacet
  facet normal 0 -1 0
    outer loop
      vertex 42.25 82.1 2.4
      vertex 44 82.1 32.4
      vertex 42.25 82.1 32.4
    endloop
  endfacet
  facet normal 0 -1 -0
    outer loop
      vertex 44 82.1 32.4
      vertex 42.25 82.1 2.4
      vertex 44 82.1 2.4
    endloop
  endfacet
  facet normal 0 -1 0
    outer loop
      vertex 55.25 82.1 2.4
      vertex 57 82.1 32.4
      vertex 55.25 82.1 32.4
    endloop
  endfacet
  facet normal 0 -1 -0
    outer loop
      vertex 57 82.1 32.4
      vertex 55.25 82.1 2.4
      vertex 57 82.1 2.4
    endloop
  endfacet
  facet normal 0 -1 0
    outer loop
      vertex 68.25 82.1 2.4
      vertex 70 82.1 32.4
      vertex 68.25 82.1 32.4
    endloop
  endfacet
  facet normal 0 -1 -0
    outer loop
      vertex 70 82.1 32.4
      vertex 68.25 82.1 2.4
      vertex 70 82.1 2.4
    endloop
  endfacet
  facet normal 0 -1 0
    outer loop
      vertex 81.25 82.1 2.4
      vertex 83 82.1 32.4
      vertex 81.25 82.1 32.4
    endloop
  endfacet
  facet normal 0 -1 -0
    outer loop
      vertex 83 82.1 32.4
      vertex 81.25 82.1 2.4
      vertex 83 82.1 2.4
    endloop
  endfacet
  facet normal 0 -1 0
    outer loop
      vertex 94.25 82.1 2.4
      vertex 96 82.1 32.4
      vertex 94.25 82.1 32.4
    endloop
  endfacet
  facet normal 0 -1 -0
    outer loop
      vertex 96 82.1 32.4
      vertex 94.25 82.1 2.4
      vertex 96 82.1 2.4
    endloop
  endfacet
  facet normal 0 -1 0
    outer loop
      vertex 107.25 82.1 2.4
      vertex 109 82.1 32.4
      vertex 107.25 82.1 32.4
    endloop
  endfacet
  facet normal 0 -1 -0
    outer loop
      vertex 109 82.1 32.4
      vertex 107.25 82.1 2.4
      vertex 109 82.1 2.4
    endloop
  endfacet
  facet normal 0 -1 0
    outer loop
      vertex 120.25 82.1 2.4
      vertex 122 82.1 32.4
      vertex 120.25 82.1 32.4
    endloop
  endfacet
  facet normal 0 -1 -0
    outer loop
      vertex 122 82.1 32.4
      vertex 120.25 82.1 2.4
      vertex 122 82.1 2.4
    endloop
  endfacet
  facet normal 0 -1 0
    outer loop
      vertex 133.25 82.1 2.4
      vertex 135 82.1 32.4
      vertex 133.25 82.1 32.4
    endloop
  endfacet
  facet normal 0 -1 -0
    outer loop
      vertex 135 82.1 32.4
      vertex 133.25 82.1 2.4
      vertex 135 82.1 2.4
    endloop
  endfacet
  facet normal 0 -1 0
    outer loop
      vertex 146.25 82.1 2.4
      vertex 148 82.1 32.4
      vertex 146.25 82.1 32.4
    endloop
  endfacet
  facet normal 0 -1 -0
    outer loop
      vertex 148 82.1 32.4
      vertex 146.25 82.1 2.4
      vertex 148 82.1 2.4
    endloop
  endfacet
  facet normal 0 -1 0
    outer loop
      vertex 159.25 82.1 32.4
      vertex 160.75 82.1 22.7693
      vertex 161.25 82.1 32.4
    endloop
  endfacet
  facet normal 0 -1 0
    outer loop
      vertex 159.25 82.1 32.4
      vertex 160.75 82.1 12.0307
      vertex 160.75 82.1 22.7693
    endloop
  endfacet
  facet normal 0 -1 0
    outer loop
      vertex 159.25 82.1 2.4
      vertex 160.75 82.1 12.0307
      vertex 159.25 82.1 32.4
    endloop
  endfacet
  facet normal 0 -1 0
    outer loop
      vertex 159.25 82.1 2.4
      vertex 161.25 82.1 12.0307
      vertex 160.75 82.1 12.0307
    endloop
  endfacet
  facet normal 0 -1 0
    outer loop
      vertex 159.25 82.1 2.4
      vertex 161.25 82.1 0
      vertex 161.25 82.1 12.0307
    endloop
  endfacet
  facet normal 0 -1 0
    outer loop
      vertex 148 82.1 2.4
      vertex 161.25 82.1 0
      vertex 159.25 82.1 2.4
    endloop
  endfacet
  facet normal 0 -1 -0
    outer loop
      vertex 161.25 82.1 32.4
      vertex 160.75 82.1 22.7693
      vertex 161.25 82.1 22.7693
    endloop
  endfacet
  facet normal 1 -0 0
    outer loop
      vertex 31 82.1 32.4
      vertex 31 110.1 28.4
      vertex 31 110.1 32.4
    endloop
  endfacet
  facet normal 1 0 0
    outer loop
      vertex 31 82.1 2.4
      vertex 31 110.1 28.4
      vertex 31 82.1 32.4
    endloop
  endfacet
  facet normal 1 0 0
    outer loop
      vertex 31 110.1 28.4
      vertex 31 82.1 2.4
      vertex 31 110.1 2.4
    endloop
  endfacet
  facet normal -1 0 0
    outer loop
      vertex 29.25 82.1 2.4
      vertex 29.25 110.1 28.4
      vertex 29.25 110.1 2.4
    endloop
  endfacet
  facet normal -1 0 0
    outer loop
      vertex 29.25 82.1 32.4
      vertex 29.25 110.1 28.4
      vertex 29.25 82.1 2.4
    endloop
  endfacet
  facet normal -1 0 0
    outer loop
      vertex 29.25 110.1 28.4
      vertex 29.25 82.1 32.4
      vertex 29.25 110.1 32.4
    endloop
  endfacet
  facet normal 1 -0 0
    outer loop
      vertex 44 82.1 32.4
      vertex 44 110.1 28.4
      vertex 44 110.1 32.4
    endloop
  endfacet
  facet normal 1 0 0
    outer loop
      vertex 44 82.1 2.4
      vertex 44 110.1 28.4
      vertex 44 82.1 32.4
    endloop
  endfacet
  facet normal 1 0 0
    outer loop
      vertex 44 110.1 28.4
      vertex 44 82.1 2.4
      vertex 44 110.1 2.4
    endloop
  endfacet
  facet normal -1 0 0
    outer loop
      vertex 42.25 82.1 2.4
      vertex 42.25 110.1 28.4
      vertex 42.25 110.1 2.4
    endloop
  endfacet
  facet normal -1 0 0
    outer loop
      vertex 42.25 82.1 32.4
      vertex 42.25 110.1 28.4
      vertex 42.25 82.1 2.4
    endloop
  endfacet
  facet normal -1 0 0
    outer loop
      vertex 42.25 110.1 28.4
      vertex 42.25 82.1 32.4
      vertex 42.25 110.1 32.4
    endloop
  endfacet
  facet normal 1 -0 0
    outer loop
      vertex 57 82.1 32.4
      vertex 57 110.1 28.4
      vertex 57 110.1 32.4
    endloop
  endfacet
  facet normal 1 0 0
    outer loop
      vertex 57 82.1 2.4
      vertex 57 110.1 28.4
      vertex 57 82.1 32.4
    endloop
  endfacet
  facet normal 1 0 0
    outer loop
      vertex 57 110.1 28.4
      vertex 57 82.1 2.4
      vertex 57 110.1 2.4
    endloop
  endfacet
  facet normal -1 0 0
    outer loop
      vertex 55.25 82.1 2.4
      vertex 55.25 110.1 28.4
      vertex 55.25 110.1 2.4
    endloop
  endfacet
  facet normal -1 0 0
    outer loop
      vertex 55.25 82.1 32.4
      vertex 55.25 110.1 28.4
      vertex 55.25 82.1 2.4
    endloop
  endfacet
  facet normal -1 0 0
    outer loop
      vertex 55.25 110.1 28.4
      vertex 55.25 82.1 32.4
      vertex 55.25 110.1 32.4
    endloop
  endfacet
  facet normal 1 -0 0
    outer loop
      vertex 70 82.1 32.4
      vertex 70 110.1 28.4
      vertex 70 110.1 32.4
    endloop
  endfacet
  facet normal 1 0 0
    outer loop
      vertex 70 82.1 2.4
      vertex 70 110.1 28.4
      vertex 70 82.1 32.4
    endloop
  endfacet
  facet normal 1 0 0
    outer loop
      vertex 70 110.1 28.4
      vertex 70 82.1 2.4
      vertex 70 110.1 2.4
    endloop
  endfacet
  facet normal -1 0 0
    outer loop
      vertex 68.25 82.1 2.4
      vertex 68.25 110.1 28.4
      vertex 68.25 110.1 2.4
    endloop
  endfacet
  facet normal -1 0 0
    outer loop
      vertex 68.25 82.1 32.4
      vertex 68.25 110.1 28.4
      vertex 68.25 82.1 2.4
    endloop
  endfacet
  facet normal -1 0 0
    outer loop
      vertex 68.25 110.1 28.4
      vertex 68.25 82.1 32.4
      vertex 68.25 110.1 32.4
    endloop
  endfacet
  facet normal 1 -0 0
    outer loop
      vertex 83 82.1 32.4
      vertex 83 110.1 28.4
      vertex 83 110.1 32.4
    endloop
  endfacet
  facet normal 1 0 0
    outer loop
      vertex 83 82.1 2.4
      vertex 83 110.1 28.4
      vertex 83 82.1 32.4
    endloop
  endfacet
  facet normal 1 0 0
    outer loop
      vertex 83 110.1 28.4
      vertex 83 82.1 2.4
      vertex 83 110.1 2.4
    endloop
  endfacet
  facet normal -1 0 0
    outer loop
      vertex 81.25 82.1 2.4
      vertex 81.25 110.1 28.4
      vertex 81.25 110.1 2.4
    endloop
  endfacet
  facet normal -1 0 0
    outer loop
      vertex 81.25 82.1 32.4
      vertex 81.25 110.1 28.4
      vertex 81.25 82.1 2.4
    endloop
  endfacet
  facet normal -1 0 0
    outer loop
      vertex 81.25 110.1 28.4
      vertex 81.25 82.1 32.4
      vertex 81.25 110.1 32.4
    endloop
  endfacet
  facet normal 1 -0 0
    outer loop
      vertex 96 82.1 32.4
      vertex 96 110.1 28.4
      vertex 96 110.1 32.4
    endloop
  endfacet
  facet normal 1 0 0
    outer loop
      vertex 96 82.1 2.4
      vertex 96 110.1 28.4
      vertex 96 82.1 32.4
    endloop
  endfacet
  facet normal 1 0 0
    outer loop
      vertex 96 110.1 28.4
      vertex 96 82.1 2.4
      vertex 96 110.1 2.4
    endloop
  endfacet
  facet normal -1 0 0
    outer loop
      vertex 94.25 82.1 2.4
      vertex 94.25 110.1 28.4
      vertex 94.25 110.1 2.4
    endloop
  endfacet
  facet normal -1 0 0
    outer loop
      vertex 94.25 82.1 32.4
      vertex 94.25 110.1 28.4
      vertex 94.25 82.1 2.4
    endloop
  endfacet
  facet normal -1 0 0
    outer loop
      vertex 94.25 110.1 28.4
      vertex 94.25 82.1 32.4
      vertex 94.25 110.1 32.4
    endloop
  endfacet
  facet normal 1 -0 0
    outer loop
      vertex 109 82.1 32.4
      vertex 109 110.1 28.4
      vertex 109 110.1 32.4
    endloop
  endfacet
  facet normal 1 0 0
    outer loop
      vertex 109 82.1 2.4
      vertex 109 110.1 28.4
      vertex 109 82.1 32.4
    endloop
  endfacet
  facet normal 1 0 0
    outer loop
      vertex 109 110.1 28.4
      vertex 109 82.1 2.4
      vertex 109 110.1 2.4
    endloop
  endfacet
  facet normal -1 0 0
    outer loop
      vertex 107.25 82.1 2.4
      vertex 107.25 110.1 28.4
      vertex 107.25 110.1 2.4
    endloop
  endfacet
  facet normal -1 0 0
    outer loop
      vertex 107.25 82.1 32.4
      vertex 107.25 110.1 28.4
      vertex 107.25 82.1 2.4
    endloop
  endfacet
  facet normal -1 0 0
    outer loop
      vertex 107.25 110.1 28.4
      vertex 107.25 82.1 32.4
      vertex 107.25 110.1 32.4
    endloop
  endfacet
  facet normal 1 -0 0
    outer loop
      vertex 122 82.1 32.4
      vertex 122 110.1 28.4
      vertex 122 110.1 32.4
    endloop
  endfacet
  facet normal 1 0 0
    outer loop
      vertex 122 82.1 2.4
      vertex 122 110.1 28.4
      vertex 122 82.1 32.4
    endloop
  endfacet
  facet normal 1 0 0
    outer loop
      vertex 122 110.1 28.4
      vertex 122 82.1 2.4
      vertex 122 110.1 2.4
    endloop
  endfacet
  facet normal -1 0 0
    outer loop
      vertex 120.25 82.1 2.4
      vertex 120.25 110.1 28.4
      vertex 120.25 110.1 2.4
    endloop
  endfacet
  facet normal -1 0 0
    outer loop
      vertex 120.25 82.1 32.4
      vertex 120.25 110.1 28.4
      vertex 120.25 82.1 2.4
    endloop
  endfacet
  facet normal -1 0 0
    outer loop
      vertex 120.25 110.1 28.4
      vertex 120.25 82.1 32.4
      vertex 120.25 110.1 32.4
    endloop
  endfacet
  facet normal 1 -0 0
    outer loop
      vertex 135 82.1 32.4
      vertex 135 110.1 28.4
      vertex 135 110.1 32.4
    endloop
  endfacet
  facet normal 1 0 0
    outer loop
      vertex 135 82.1 2.4
      vertex 135 110.1 28.4
      vertex 135 82.1 32.4
    endloop
  endfacet
  facet normal 1 0 0
    outer loop
      vertex 135 110.1 28.4
      vertex 135 82.1 2.4
      vertex 135 110.1 2.4
    endloop
  endfacet
  facet normal -1 0 0
    outer loop
      vertex 133.25 82.1 2.4
      vertex 133.25 110.1 28.4
      vertex 133.25 110.1 2.4
    endloop
  endfacet
  facet normal -1 0 0
    outer loop
      vertex 133.25 82.1 32.4
      vertex 133.25 110.1 28.4
      vertex 133.25 82.1 2.4
    endloop
  endfacet
  facet normal -1 0 0
    outer loop
      vertex 133.25 110.1 28.4
      vertex 133.25 82.1 32.4
      vertex 133.25 110.1 32.4
    endloop
  endfacet
  facet normal 1 -0 0
    outer loop
      vertex 148 82.1 32.4
      vertex 148 110.1 28.4
      vertex 148 110.1 32.4
    endloop
  endfacet
  facet normal 1 0 0
    outer loop
      vertex 148 82.1 2.4
      vertex 148 110.1 28.4
      vertex 148 82.1 32.4
    endloop
  endfacet
  facet normal 1 0 0
    outer loop
      vertex 148 110.1 28.4
      vertex 148 82.1 2.4
      vertex 148 110.1 2.4
    endloop
  endfacet
  facet normal -1 0 0
    outer loop
      vertex 146.25 82.1 2.4
      vertex 146.25 110.1 28.4
      vertex 146.25 110.1 2.4
    endloop
  endfacet
  facet normal -1 0 0
    outer loop
      vertex 146.25 82.1 32.4
      vertex 146.25 110.1 28.4
      vertex 146.25 82.1 2.4
    endloop
  endfacet
  facet normal -1 0 0
    outer loop
      vertex 146.25 110.1 28.4
      vertex 146.25 82.1 32.4
      vertex 146.25 110.1 32.4
    endloop
  endfacet
  facet normal 1 0 0
    outer loop
      vertex 5 0 28.4
      vertex 5 28 32.4
      vertex 5 0 32.4
    endloop
  endfacet
  facet normal 1 0 0
    outer loop
      vertex 5 28 32.4
      vertex 5 0 28.4
      vertex 5 28 2.4
    endloop
  endfacet
  facet normal 1 0 0
    outer loop
      vertex 5 28 2.4
      vertex 5 0 28.4
      vertex 5 0 2.4
    endloop
  endfacet
  facet normal 0 0 -1
    outer loop
      vertex -1.72078 96.8792 0
      vertex 3 82.1 0
      vertex -1.72078 83.3208 0
    endloop
  endfacet
  facet normal 0 0 -1
    outer loop
      vertex -7 82.1 0
      vertex -1.72078 83.3208 0
      vertex 0 82.1 0
    endloop
  endfacet
  facet normal -0 0 -1
    outer loop
      vertex -1.72078 83.3208 0
      vertex -7 82.1 0
      vertex -7 85.1412 0
    endloop
  endfacet
  facet normal 0 0 -1
    outer loop
      vertex -1.72078 26.7792 0
      vertex 3 28 0
      vertex -1.72078 13.2208 0
    endloop
  endfacet
  facet normal 0 0 -1
    outer loop
      vertex -7 12 0
      vertex -1.72078 13.2208 0
      vertex 0 12 0
    endloop
  endfacet
  facet normal -0 0 -1
    outer loop
      vertex -1.72078 13.2208 0
      vertex -7 12 0
      vertex -7 15.0412 0
    endloop
  endfacet
  facet normal -0 0 -1
    outer loop
      vertex 3 28 0
      vertex -1.72078 26.7792 0
      vertex 0 28 0
    endloop
  endfacet
  facet normal 0 0 -1
    outer loop
      vertex -7 28 0
      vertex -1.72078 26.7792 0
      vertex -7 24.9588 0
    endloop
  endfacet
  facet normal 0 0 -1
    outer loop
      vertex -1.72078 26.7792 0
      vertex -7 28 0
      vertex 0 28 0
    endloop
  endfacet
  facet normal 0 0 -1
    outer loop
      vertex 3 82.1 0
      vertex -1.72078 96.8792 0
      vertex 0 98.1 0
    endloop
  endfacet
  facet normal 0 0 -1
    outer loop
      vertex -7 98.1 0
      vertex -1.72078 96.8792 0
      vertex -7 95.0588 0
    endloop
  endfacet
  facet normal 0 0 -1
    outer loop
      vertex -1.72078 96.8792 0
      vertex -7 98.1 0
      vertex 0 98.1 0
    endloop
  endfacet
  facet normal 0 0 -1
    outer loop
      vertex 164.25 0 0
      vertex 161.25 28 0
      vertex 164.25 110.1 0
    endloop
  endfacet
  facet normal 0 0 -1
    outer loop
      vertex 164.25 0 0
      vertex 3 28 0
      vertex 161.25 28 0
    endloop
  endfacet
  facet normal 0 0 -1
    outer loop
      vertex 0 12 0
      vertex 3 28 0
      vertex 0 0 0
    endloop
  endfacet
  facet normal 0 0 -1
    outer loop
      vertex 0 0 0
      vertex 3 28 0
      vertex 164.25 0 0
    endloop
  endfacet
  facet normal 0 0 -1
    outer loop
      vertex 161.25 82.1 0
      vertex 164.25 110.1 0
      vertex 161.25 28 0
    endloop
  endfacet
  facet normal 0 0 -1
    outer loop
      vertex 3 82.1 0
      vertex 164.25 110.1 0
      vertex 161.25 82.1 0
    endloop
  endfacet
  facet normal 0 0 -1
    outer loop
      vertex -1.72078 13.2208 0
      vertex 3 28 0
      vertex 0 12 0
    endloop
  endfacet
  facet normal 0 0 -1
    outer loop
      vertex 3 28 0
      vertex 0 28 0
      vertex 3 82.1 0
    endloop
  endfacet
  facet normal 0 0 -1
    outer loop
      vertex 0 82.1 0
      vertex 3 82.1 0
      vertex 0 28 0
    endloop
  endfacet
  facet normal 0 0 -1
    outer loop
      vertex -1.72078 83.3208 0
      vertex 3 82.1 0
      vertex 0 82.1 0
    endloop
  endfacet
  facet normal 0 0 -1
    outer loop
      vertex 0 110.1 0
      vertex 3 82.1 0
      vertex 0 98.1 0
    endloop
  endfacet
  facet normal 0 0 -1
    outer loop
      vertex 3 82.1 0
      vertex 0 110.1 0
      vertex 164.25 110.1 0
    endloop
  endfacet
  facet normal 1 -0 0
    outer loop
      vertex 3 70.5 23.4622
      vertex 3 82.1 22.7693
      vertex 3 82.1 32.4
    endloop
  endfacet
  facet normal 1 0 -0
    outer loop
      vertex 3 74 17.4
      vertex 3 82.1 22.7693
      vertex 3 70.5 23.4622
    endloop
  endfacet
  facet normal 1 0 0
    outer loop
      vertex 3 82.1 22.7693
      vertex 3 74 17.4
      vertex 3 79 17.4
    endloop
  endfacet
  facet normal 1 0 0
    outer loop
      vertex 3 82.1 32.4
      vertex 3 63.5 23.4622
      vertex 3 70.5 23.4622
    endloop
  endfacet
  facet normal 1 0 0
    outer loop
      vertex 3 63.5 23.4622
      vertex 3 55 17.4
      vertex 3 60 17.4
    endloop
  endfacet
  facet normal 1 0 0
    outer loop
      vertex 3 63.5 23.4622
      vertex 3 51.5 23.4622
      vertex 3 55 17.4
    endloop
  endfacet
  facet normal 1 0 0
    outer loop
      vertex 3 82.1 32.4
      vertex 3 51.5 23.4622
      vertex 3 63.5 23.4622
    endloop
  endfacet
  facet normal 1 -0 0
    outer loop
      vertex 3 28 32.4
      vertex 3 51.5 23.4622
      vertex 3 82.1 32.4
    endloop
  endfacet
  facet normal 1 0 0
    outer loop
      vertex 3 44.5 23.4622
      vertex 3 36 17.4
      vertex 3 41 17.4
    endloop
  endfacet
  facet normal 1 0 0
    outer loop
      vertex 3 44.5 23.4622
      vertex 3 32.5 23.4622
      vertex 3 36 17.4
    endloop
  endfacet
  facet normal 1 0 0
    outer loop
      vertex 3 51.5 23.4622
      vertex 3 28 32.4
      vertex 3 44.5 23.4622
    endloop
  endfacet
  facet normal 1 0 0
    outer loop
      vertex 3 44.5 23.4622
      vertex 3 28 32.4
      vertex 3 32.5 23.4622
    endloop
  endfacet
  facet normal 1 0 0
    outer loop
      vertex 3 32.5 23.4622
      vertex 3 28 32.4
      vertex 3 28 23.4622
    endloop
  endfacet
  facet normal 1 -0 0
    outer loop
      vertex 3 74 17.4
      vertex 3 82.1 12.0307
      vertex 3 79 17.4
    endloop
  endfacet
  facet normal 1 0 0
    outer loop
      vertex 3 82.1 12.0307
      vertex 3 74 17.4
      vertex 3 70.5 11.3378
    endloop
  endfacet
  facet normal 1 0 0
    outer loop
      vertex 3 82.1 12.0307
      vertex 3 70.5 11.3378
      vertex 3 82.1 0
    endloop
  endfacet
  facet normal 1 -0 0
    outer loop
      vertex 3 63.5 11.3378
      vertex 3 82.1 0
      vertex 3 70.5 11.3378
    endloop
  endfacet
  facet normal 1 -0 0
    outer loop
      vertex 3 55 17.4
      vertex 3 63.5 11.3378
      vertex 3 60 17.4
    endloop
  endfacet
  facet normal 1 0 0
    outer loop
      vertex 3 51.5 11.3378
      vertex 3 63.5 11.3378
      vertex 3 55 17.4
    endloop
  endfacet
  facet normal 1 -0 0
    outer loop
      vertex 3 51.5 11.3378
      vertex 3 82.1 0
      vertex 3 63.5 11.3378
    endloop
  endfacet
  facet normal 1 0 0
    outer loop
      vertex 3 28 0
      vertex 3 51.5 11.3378
      vertex 3 44.5 11.3378
    endloop
  endfacet
  facet normal 1 -0 0
    outer loop
      vertex 3 36 17.4
      vertex 3 44.5 11.3378
      vertex 3 41 17.4
    endloop
  endfacet
  facet normal 1 0 0
    outer loop
      vertex 3 32.5 11.3378
      vertex 3 44.5 11.3378
      vertex 3 36 17.4
    endloop
  endfacet
  facet normal 1 0 0
    outer loop
      vertex 3 28 0
      vertex 3 44.5 11.3378
      vertex 3 32.5 11.3378
    endloop
  endfacet
  facet normal 1 0 0
    outer loop
      vertex 3 28 0
      vertex 3 32.5 11.3378
      vertex 3 28 11.3378
    endloop
  endfacet
  facet normal 1 0 0
    outer loop
      vertex 3 51.5 11.3378
      vertex 3 28 0
      vertex 3 82.1 0
    endloop
  endfacet
  facet normal -1 0 0
    outer loop
      vertex 161.25 70.5 11.3378
      vertex 161.25 82.1 12.0307
      vertex 161.25 82.1 0
    endloop
  endfacet
  facet normal -1 0 -0
    outer loop
      vertex 161.25 74 17.4
      vertex 161.25 82.1 12.0307
      vertex 161.25 70.5 11.3378
    endloop
  endfacet
  facet normal -1 0 0
    outer loop
      vertex 161.25 82.1 12.0307
      vertex 161.25 74 17.4
      vertex 161.25 79 17.4
    endloop
  endfacet
  facet normal -1 0 0
    outer loop
      vertex 161.25 82.1 0
      vertex 161.25 63.5 11.3378
      vertex 161.25 70.5 11.3378
    endloop
  endfacet
  facet normal -1 0 0
    outer loop
      vertex 161.25 63.5 11.3378
      vertex 161.25 55 17.4
      vertex 161.25 60 17.4
    endloop
  endfacet
  facet normal -1 0 0
    outer loop
      vertex 161.25 63.5 11.3378
      vertex 161.25 51.5 11.3378
      vertex 161.25 55 17.4
    endloop
  endfacet
  facet normal -1 0 0
    outer loop
      vertex 161.25 82.1 0
      vertex 161.25 51.5 11.3378
      vertex 161.25 63.5 11.3378
    endloop
  endfacet
  facet normal -1 0 0
    outer loop
      vertex 161.25 28 0
      vertex 161.25 51.5 11.3378
      vertex 161.25 82.1 0
    endloop
  endfacet
  facet normal -1 0 0
    outer loop
      vertex 161.25 44.5 11.3378
      vertex 161.25 36 17.4
      vertex 161.25 41 17.4
    endloop
  endfacet
  facet normal -1 0 0
    outer loop
      vertex 161.25 44.5 11.3378
      vertex 161.25 32.5 11.3378
      vertex 161.25 36 17.4
    endloop
  endfacet
  facet normal -1 -0 0
    outer loop
      vertex 161.25 51.5 11.3378
      vertex 161.25 28 0
      vertex 161.25 44.5 11.3378
    endloop
  endfacet
  facet normal -1 -0 0
    outer loop
      vertex 161.25 44.5 11.3378
      vertex 161.25 28 0
      vertex 161.25 32.5 11.3378
    endloop
  endfacet
  facet normal -1 -0 0
    outer loop
      vertex 161.25 32.5 11.3378
      vertex 161.25 28 0
      vertex 161.25 28 11.3378
    endloop
  endfacet
  facet normal -1 0 0
    outer loop
      vertex 161.25 74 17.4
      vertex 161.25 82.1 22.7693
      vertex 161.25 79 17.4
    endloop
  endfacet
  facet normal -1 -0 0
    outer loop
      vertex 161.25 82.1 22.7693
      vertex 161.25 74 17.4
      vertex 161.25 70.5 23.4622
    endloop
  endfacet
  facet normal -1 0 0
    outer loop
      vertex 161.25 82.1 22.7693
      vertex 161.25 70.5 23.4622
      vertex 161.25 82.1 32.4
    endloop
  endfacet
  facet normal -1 0 0
    outer loop
      vertex 161.25 63.5 23.4622
      vertex 161.25 82.1 32.4
      vertex 161.25 70.5 23.4622
    endloop
  endfacet
  facet normal -1 0 0
    outer loop
      vertex 161.25 55 17.4
      vertex 161.25 63.5 23.4622
      vertex 161.25 60 17.4
    endloop
  endfacet
  facet normal -1 0 0
    outer loop
      vertex 161.25 51.5 23.4622
      vertex 161.25 63.5 23.4622
      vertex 161.25 55 17.4
    endloop
  endfacet
  facet normal -1 0 0
    outer loop
      vertex 161.25 51.5 23.4622
      vertex 161.25 82.1 32.4
      vertex 161.25 63.5 23.4622
    endloop
  endfacet
  facet normal -1 0 0
    outer loop
      vertex 161.25 28 32.4
      vertex 161.25 51.5 23.4622
      vertex 161.25 44.5 23.4622
    endloop
  endfacet
  facet normal -1 0 0
    outer loop
      vertex 161.25 36 17.4
      vertex 161.25 44.5 23.4622
      vertex 161.25 41 17.4
    endloop
  endfacet
  facet normal -1 0 0
    outer loop
      vertex 161.25 32.5 23.4622
      vertex 161.25 44.5 23.4622
      vertex 161.25 36 17.4
    endloop
  endfacet
  facet normal -1 0 0
    outer loop
      vertex 161.25 28 32.4
      vertex 161.25 44.5 23.4622
      vertex 161.25 32.5 23.4622
    endloop
  endfacet
  facet normal -1 0 0
    outer loop
      vertex 161.25 28 32.4
      vertex 161.25 32.5 23.4622
      vertex 161.25 28 23.4622
    endloop
  endfacet
  facet normal -1 0 0
    outer loop
      vertex 161.25 51.5 23.4622
      vertex 161.25 28 32.4
      vertex 161.25 82.1 32.4
    endloop
  endfacet
  facet normal -1 0 0
    outer loop
      vertex 159.25 0 28.4
      vertex 159.25 28 2.4
      vertex 159.25 0 2.4
    endloop
  endfacet
  facet normal -1 0 0
    outer loop
      vertex 159.25 28 2.4
      vertex 159.25 0 28.4
      vertex 159.25 28 32.4
    endloop
  endfacet
  facet normal -1 -0 0
    outer loop
      vertex 159.25 28 32.4
      vertex 159.25 0 28.4
      vertex 159.25 0 32.4
    endloop
  endfacet
  facet normal 1 -0 0
    outer loop
      vertex 5 82.1 32.4
      vertex 5 110.1 28.4
      vertex 5 110.1 32.4
    endloop
  endfacet
  facet normal 1 0 0
    outer loop
      vertex 5 82.1 2.4
      vertex 5 110.1 28.4
      vertex 5 82.1 32.4
    endloop
  endfacet
  facet normal 1 0 0
    outer loop
      vertex 5 110.1 28.4
      vertex 5 82.1 2.4
      vertex 5 110.1 2.4
    endloop
  endfacet
  facet normal -1 0 0
    outer loop
      vertex 159.25 82.1 2.4
      vertex 159.25 110.1 28.4
      vertex 159.25 110.1 2.4
    endloop
  endfacet
  facet normal -1 0 0
    outer loop
      vertex 159.25 82.1 32.4
      vertex 159.25 110.1 28.4
      vertex 159.25 82.1 2.4
    endloop
  endfacet
  facet normal -1 0 0
    outer loop
      vertex 159.25 110.1 28.4
      vertex 159.25 82.1 32.4
      vertex 159.25 110.1 32.4
    endloop
  endfacet
  facet normal 0 -1 0
    outer loop
      vertex 146.056 -1.2 28.4
      vertex 153.625 -1.2 31.2
      vertex 140.625 -1.2 31.2
    endloop
  endfacet
  facet normal 0 -1 0
    outer loop
      vertex 153.625 -1.2 31.2
      vertex 146.056 -1.2 28.4
      vertex 148.194 -1.2 28.4
    endloop
  endfacet
  facet normal 0 -1 0
    outer loop
      vertex 133.056 -1.2 28.4
      vertex 140.625 -1.2 31.2
      vertex 127.625 -1.2 31.2
    endloop
  endfacet
  facet normal 0 -1 0
    outer loop
      vertex 140.625 -1.2 31.2
      vertex 133.056 -1.2 28.4
      vertex 135.194 -1.2 28.4
    endloop
  endfacet
  facet normal 0 -1 0
    outer loop
      vertex 120.056 -1.2 28.4
      vertex 127.625 -1.2 31.2
      vertex 114.625 -1.2 31.2
    endloop
  endfacet
  facet normal 0 -1 0
    outer loop
      vertex 127.625 -1.2 31.2
      vertex 120.056 -1.2 28.4
      vertex 122.194 -1.2 28.4
    endloop
  endfacet
  facet normal 0 -1 0
    outer loop
      vertex 107.056 -1.2 28.4
      vertex 114.625 -1.2 31.2
      vertex 101.625 -1.2 31.2
    endloop
  endfacet
  facet normal 0 -1 0
    outer loop
      vertex 114.625 -1.2 31.2
      vertex 107.056 -1.2 28.4
      vertex 109.194 -1.2 28.4
    endloop
  endfacet
  facet normal 0 -1 0
    outer loop
      vertex 94.056 -1.2 28.4
      vertex 101.625 -1.2 31.2
      vertex 88.625 -1.2 31.2
    endloop
  endfacet
  facet normal 0 -1 0
    outer loop
      vertex 101.625 -1.2 31.2
      vertex 94.056 -1.2 28.4
      vertex 96.194 -1.2 28.4
    endloop
  endfacet
  facet normal 0 -1 0
    outer loop
      vertex 81.056 -1.2 28.4
      vertex 88.625 -1.2 31.2
      vertex 75.625 -1.2 31.2
    endloop
  endfacet
  facet normal 0 -1 0
    outer loop
      vertex 88.625 -1.2 31.2
      vertex 81.056 -1.2 28.4
      vertex 83.194 -1.2 28.4
    endloop
  endfacet
  facet normal 0 -1 0
    outer loop
      vertex 68.056 -1.2 28.4
      vertex 75.625 -1.2 31.2
      vertex 62.625 -1.2 31.2
    endloop
  endfacet
  facet normal 0 -1 0
    outer loop
      vertex 75.625 -1.2 31.2
      vertex 68.056 -1.2 28.4
      vertex 70.194 -1.2 28.4
    endloop
  endfacet
  facet normal 0 -1 0
    outer loop
      vertex 55.056 -1.2 28.4
      vertex 62.625 -1.2 31.2
      vertex 49.625 -1.2 31.2
    endloop
  endfacet
  facet normal 0 -1 0
    outer loop
      vertex 62.625 -1.2 31.2
      vertex 55.056 -1.2 28.4
      vertex 57.194 -1.2 28.4
    endloop
  endfacet
  facet normal 0 -1 0
    outer loop
      vertex 42.056 -1.2 28.4
      vertex 49.625 -1.2 31.2
      vertex 36.625 -1.2 31.2
    endloop
  endfacet
  facet normal 0 -1 0
    outer loop
      vertex 49.625 -1.2 31.2
      vertex 42.056 -1.2 28.4
      vertex 44.194 -1.2 28.4
    endloop
  endfacet
  facet normal 0 -1 0
    outer loop
      vertex 29.056 -1.2 28.4
      vertex 36.625 -1.2 31.2
      vertex 23.625 -1.2 31.2
    endloop
  endfacet
  facet normal 0 -1 0
    outer loop
      vertex 36.625 -1.2 31.2
      vertex 29.056 -1.2 28.4
      vertex 31.194 -1.2 28.4
    endloop
  endfacet
  facet normal 0 -1 0
    outer loop
      vertex 16.056 -1.2 28.4
      vertex 23.625 -1.2 31.2
      vertex 10.625 -1.2 31.2
    endloop
  endfacet
  facet normal 0 -1 0
    outer loop
      vertex 23.625 -1.2 31.2
      vertex 16.056 -1.2 28.4
      vertex 18.194 -1.2 28.4
    endloop
  endfacet
  facet normal 0 -1 0
    outer loop
      vertex 23.625 -1.2 31.2
      vertex 0 -1.2 32.4
      vertex 10.625 -1.2 31.2
    endloop
  endfacet
  facet normal 0 -1 0
    outer loop
      vertex 5.19395 -1.2 28.4
      vertex 0 -1.2 32.4
      vertex 0 -1.2 28.4
    endloop
  endfacet
  facet normal 0 -1 0
    outer loop
      vertex 0 -1.2 32.4
      vertex 5.19395 -1.2 28.4
      vertex 10.625 -1.2 31.2
    endloop
  endfacet
  facet normal 0 -1 0
    outer loop
      vertex 36.625 -1.2 31.2
      vertex 0 -1.2 32.4
      vertex 23.625 -1.2 31.2
    endloop
  endfacet
  facet normal 0 -1 0
    outer loop
      vertex 49.625 -1.2 31.2
      vertex 0 -1.2 32.4
      vertex 36.625 -1.2 31.2
    endloop
  endfacet
  facet normal 0 -1 0
    outer loop
      vertex 62.625 -1.2 31.2
      vertex 0 -1.2 32.4
      vertex 49.625 -1.2 31.2
    endloop
  endfacet
  facet normal 0 -1 0
    outer loop
      vertex 0 -1.2 32.4
      vertex 62.625 -1.2 31.2
      vertex 164.25 -1.2 32.4
    endloop
  endfacet
  facet normal 0 -1 0
    outer loop
      vertex 75.625 -1.2 31.2
      vertex 164.25 -1.2 32.4
      vertex 62.625 -1.2 31.2
    endloop
  endfacet
  facet normal 0 -1 0
    outer loop
      vertex 88.625 -1.2 31.2
      vertex 164.25 -1.2 32.4
      vertex 75.625 -1.2 31.2
    endloop
  endfacet
  facet normal 0 -1 0
    outer loop
      vertex 101.625 -1.2 31.2
      vertex 164.25 -1.2 32.4
      vertex 88.625 -1.2 31.2
    endloop
  endfacet
  facet normal 0 -1 0
    outer loop
      vertex 114.625 -1.2 31.2
      vertex 164.25 -1.2 32.4
      vertex 101.625 -1.2 31.2
    endloop
  endfacet
  facet normal 0 -1 0
    outer loop
      vertex 127.625 -1.2 31.2
      vertex 164.25 -1.2 32.4
      vertex 114.625 -1.2 31.2
    endloop
  endfacet
  facet normal 0 -1 0
    outer loop
      vertex 140.625 -1.2 31.2
      vertex 164.25 -1.2 32.4
      vertex 127.625 -1.2 31.2
    endloop
  endfacet
  facet normal 0 -1 0
    outer loop
      vertex 153.625 -1.2 31.2
      vertex 164.25 -1.2 32.4
      vertex 140.625 -1.2 31.2
    endloop
  endfacet
  facet normal 0 -1 0
    outer loop
      vertex 159.056 -1.2 28.4
      vertex 164.25 -1.2 32.4
      vertex 153.625 -1.2 31.2
    endloop
  endfacet
  facet normal 0 -1 -0
    outer loop
      vertex 164.25 -1.2 32.4
      vertex 159.056 -1.2 28.4
      vertex 164.25 -1.2 28.4
    endloop
  endfacet
  facet normal -1 0 0
    outer loop
      vertex 0 70.5 11.3378
      vertex 0 82.1 12.0307
      vertex 0 82.1 0
    endloop
  endfacet
  facet normal -1 0 -0
    outer loop
      vertex 0 74 17.4
      vertex 0 82.1 12.0307
      vertex 0 70.5 11.3378
    endloop
  endfacet
  facet normal -1 0 0
    outer loop
      vertex 0 82.1 12.0307
      vertex 0 74 17.4
      vertex 0 79 17.4
    endloop
  endfacet
  facet normal -1 0 0
    outer loop
      vertex 0 82.1 0
      vertex 0 63.5 11.3378
      vertex 0 70.5 11.3378
    endloop
  endfacet
  facet normal -1 0 0
    outer loop
      vertex 0 63.5 11.3378
      vertex 0 55 17.4
      vertex 0 60 17.4
    endloop
  endfacet
  facet normal -1 0 0
    outer loop
      vertex 0 63.5 11.3378
      vertex 0 51.5 11.3378
      vertex 0 55 17.4
    endloop
  endfacet
  facet normal -1 0 0
    outer loop
      vertex 0 82.1 0
      vertex 0 51.5 11.3378
      vertex 0 63.5 11.3378
    endloop
  endfacet
  facet normal -1 0 0
    outer loop
      vertex 0 28 0
      vertex 0 51.5 11.3378
      vertex 0 82.1 0
    endloop
  endfacet
  facet normal -1 0 0
    outer loop
      vertex 0 44.5 11.3378
      vertex 0 36 17.4
      vertex 0 41 17.4
    endloop
  endfacet
  facet normal -1 0 0
    outer loop
      vertex 0 44.5 11.3378
      vertex 0 32.5 11.3378
      vertex 0 36 17.4
    endloop
  endfacet
  facet normal -1 -0 0
    outer loop
      vertex 0 51.5 11.3378
      vertex 0 28 0
      vertex 0 44.5 11.3378
    endloop
  endfacet
  facet normal -1 -0 0
    outer loop
      vertex 0 44.5 11.3378
      vertex 0 28 0
      vertex 0 32.5 11.3378
    endloop
  endfacet
  facet normal -1 -0 0
    outer loop
      vertex 0 32.5 11.3378
      vertex 0 28 0
      vertex 0 28 11.3378
    endloop
  endfacet
  facet normal -1 0 0
    outer loop
      vertex 0 74 17.4
      vertex 0 82.1 22.7693
      vertex 0 79 17.4
    endloop
  endfacet
  facet normal -1 -0 0
    outer loop
      vertex 0 82.1 22.7693
      vertex 0 74 17.4
      vertex 0 70.5 23.4622
    endloop
  endfacet
  facet normal -1 0 0
    outer loop
      vertex 0 82.1 22.7693
      vertex 0 70.5 23.4622
      vertex 0 82.1 32.4
    endloop
  endfacet
  facet normal -1 0 0
    outer loop
      vertex 0 63.5 23.4622
      vertex 0 82.1 32.4
      vertex 0 70.5 23.4622
    endloop
  endfacet
  facet normal -1 0 0
    outer loop
      vertex 0 55 17.4
      vertex 0 63.5 23.4622
      vertex 0 60 17.4
    endloop
  endfacet
  facet normal -1 0 0
    outer loop
      vertex 0 51.5 23.4622
      vertex 0 63.5 23.4622
      vertex 0 55 17.4
    endloop
  endfacet
  facet normal -1 0 0
    outer loop
      vertex 0 51.5 23.4622
      vertex 0 82.1 32.4
      vertex 0 63.5 23.4622
    endloop
  endfacet
  facet normal -1 0 0
    outer loop
      vertex 0 28 32.4
      vertex 0 51.5 23.4622
      vertex 0 44.5 23.4622
    endloop
  endfacet
  facet normal -1 0 0
    outer loop
      vertex 0 36 17.4
      vertex 0 44.5 23.4622
      vertex 0 41 17.4
    endloop
  endfacet
  facet normal -1 0 0
    outer loop
      vertex 0 32.5 23.4622
      vertex 0 44.5 23.4622
      vertex 0 36 17.4
    endloop
  endfacet
  facet normal -1 0 0
    outer loop
      vertex 0 28 32.4
      vertex 0 44.5 23.4622
      vertex 0 32.5 23.4622
    endloop
  endfacet
  facet normal -1 0 0
    outer loop
      vertex 0 28 32.4
      vertex 0 32.5 23.4622
      vertex 0 28 23.4622
    endloop
  endfacet
  facet normal -1 0 0
    outer loop
      vertex 0 51.5 23.4622
      vertex 0 28 32.4
      vertex 0 82.1 32.4
    endloop
  endfacet
  facet normal -1 0 0
    outer loop
      vertex 0 12 0
      vertex 0 6.5 11.3378
      vertex 0 12 11.3378
    endloop
  endfacet
  facet normal -1 0 0
    outer loop
      vertex 0 0 0
      vertex 0 6.5 11.3378
      vertex 0 12 0
    endloop
  endfacet
  facet normal -1 -0 0
    outer loop
      vertex 0 6.5 11.3378
      vertex 0 0 0
      vertex 0 3 17.4
    endloop
  endfacet
  facet normal -1 0 0
    outer loop
      vertex 0 6.5 23.4622
      vertex 0 12 32.4
      vertex 0 12 23.4622
    endloop
  endfacet
  facet normal -1 0 0
    outer loop
      vertex 0 0 28.4
      vertex 0 3 17.4
      vertex 0 0 0
    endloop
  endfacet
  facet normal -1 0 0
    outer loop
      vertex 0 0 28.4
      vertex 0 6.5 23.4622
      vertex 0 3 17.4
    endloop
  endfacet
  facet normal -1 0 0
    outer loop
      vertex 0 0 28.4
      vertex 0 12 32.4
      vertex 0 6.5 23.4622
    endloop
  endfacet
  facet normal -1 0 0
    outer loop
      vertex 0 -1.2 32.4
      vertex 0 0 28.4
      vertex 0 -1.2 28.4
    endloop
  endfacet
  facet normal -1 0 0
    outer loop
      vertex 0 0 28.4
      vertex 0 -1.2 32.4
      vertex 0 12 32.4
    endloop
  endfacet
  facet normal -1 0 0
    outer loop
      vertex 0 110.1 0
      vertex 0 98.1 0
      vertex 0 110.1 28.4
    endloop
  endfacet
  facet normal -1 0 0
    outer loop
      vertex 0 110.1 28.4
      vertex 0 111.3 32.4
      vertex 0 111.3 28.4
    endloop
  endfacet
  facet normal -1 0 0
    outer loop
      vertex 0 98.1 32.4
      vertex 0 110.1 28.4
      vertex 0 98.1 0
    endloop
  endfacet
  facet normal -1 0 0
    outer loop
      vertex 0 110.1 28.4
      vertex 0 98.1 32.4
      vertex 0 111.3 32.4
    endloop
  endfacet
  facet normal 1 -0 0
    outer loop
      vertex 0 82.1 22.7693
      vertex 0 93 17.4
      vertex 0 89.5 23.4622
    endloop
  endfacet
  facet normal 1 0 0
    outer loop
      vertex 0 82.1 22.7693
      vertex 0 89.5 23.4622
      vertex 0 82.5 23.4622
    endloop
  endfacet
  facet normal 1 0 0
    outer loop
      vertex 0 82.1 12.0307
      vertex 0 93 17.4
      vertex 0 82.1 22.7693
    endloop
  endfacet
  facet normal 1 0 0
    outer loop
      vertex 0 93 17.4
      vertex 0 82.1 12.0307
      vertex 0 89.5 11.3378
    endloop
  endfacet
  facet normal 1 0 0
    outer loop
      vertex 0 89.5 11.3378
      vertex 0 82.1 12.0307
      vertex 0 82.5 11.3378
    endloop
  endfacet
  facet normal 1 0 0
    outer loop
      vertex 0 22 17.4
      vertex 0 28 23.4622
      vertex 0 25.5 23.4622
    endloop
  endfacet
  facet normal 1 0 0
    outer loop
      vertex 0 28 23.4622
      vertex 0 22 17.4
      vertex 0 28 11.3378
    endloop
  endfacet
  facet normal 1 0 0
    outer loop
      vertex 0 28 11.3378
      vertex 0 22 17.4
      vertex 0 25.5 11.3378
    endloop
  endfacet
  facet normal 1 -0 0
    outer loop
      vertex 0 12 23.4622
      vertex 0 17 17.4
      vertex 0 13.5 23.4622
    endloop
  endfacet
  facet normal 1 0 0
    outer loop
      vertex 0 12 11.3378
      vertex 0 17 17.4
      vertex 0 12 23.4622
    endloop
  endfacet
  facet normal 1 0 0
    outer loop
      vertex 0 17 17.4
      vertex 0 12 11.3378
      vertex 0 13.5 11.3378
    endloop
  endfacet
  facet normal 0 0 -1
    outer loop
      vertex 5.19395 -1.2 28.4
      vertex 5 0 28.4
      vertex 5.19395 0 28.4
    endloop
  endfacet
  facet normal 0 0 -1
    outer loop
      vertex 0 -1.2 28.4
      vertex 5 0 28.4
      vertex 5.19395 -1.2 28.4
    endloop
  endfacet
  facet normal -0 0 -1
    outer loop
      vertex 5 0 28.4
      vertex 0 -1.2 28.4
      vertex 0 0 28.4
    endloop
  endfacet
  facet normal 0.458239 0 -0.888829
    outer loop
      vertex 5.19395 -1.2 28.4
      vertex 10.625 0 31.2
      vertex 10.625 -1.2 31.2
    endloop
  endfacet
  facet normal 0.458239 0 -0.888829
    outer loop
      vertex 10.625 0 31.2
      vertex 5.19395 -1.2 28.4
      vertex 5.19395 0 28.4
    endloop
  endfacet
  facet normal -0.458243 0 -0.888827
    outer loop
      vertex 10.625 -1.2 31.2
      vertex 16.056 0 28.4
      vertex 16.056 -1.2 28.4
    endloop
  endfacet
  facet normal -0.458243 0 -0.888827
    outer loop
      vertex 16.056 0 28.4
      vertex 10.625 -1.2 31.2
      vertex 10.625 0 31.2
    endloop
  endfacet
  facet normal 0 0 -1
    outer loop
      vertex 18.194 -1.2 28.4
      vertex 18 0 28.4
      vertex 18.194 0 28.4
    endloop
  endfacet
  facet normal 0 0 -1
    outer loop
      vertex 18.194 -1.2 28.4
      vertex 16.25 0 28.4
      vertex 18 0 28.4
    endloop
  endfacet
  facet normal 0 0 -1
    outer loop
      vertex 16.056 -1.2 28.4
      vertex 16.25 0 28.4
      vertex 18.194 -1.2 28.4
    endloop
  endfacet
  facet normal -0 0 -1
    outer loop
      vertex 16.25 0 28.4
      vertex 16.056 -1.2 28.4
      vertex 16.056 0 28.4
    endloop
  endfacet
  facet normal 0.458243 0 -0.888827
    outer loop
      vertex 18.194 -1.2 28.4
      vertex 23.625 0 31.2
      vertex 23.625 -1.2 31.2
    endloop
  endfacet
  facet normal 0.458243 0 -0.888827
    outer loop
      vertex 23.625 0 31.2
      vertex 18.194 -1.2 28.4
      vertex 18.194 0 28.4
    endloop
  endfacet
  facet normal -0.458243 0 -0.888827
    outer loop
      vertex 23.625 -1.2 31.2
      vertex 29.056 0 28.4
      vertex 29.056 -1.2 28.4
    endloop
  endfacet
  facet normal -0.458243 0 -0.888827
    outer loop
      vertex 29.056 0 28.4
      vertex 23.625 -1.2 31.2
      vertex 23.625 0 31.2
    endloop
  endfacet
  facet normal 0 0 -1
    outer loop
      vertex 31.194 -1.2 28.4
      vertex 31 0 28.4
      vertex 31.194 0 28.4
    endloop
  endfacet
  facet normal 0 0 -1
    outer loop
      vertex 31.194 -1.2 28.4
      vertex 29.25 0 28.4
      vertex 31 0 28.4
    endloop
  endfacet
  facet normal 0 0 -1
    outer loop
      vertex 29.056 -1.2 28.4
      vertex 29.25 0 28.4
      vertex 31.194 -1.2 28.4
    endloop
  endfacet
  facet normal -0 0 -1
    outer loop
      vertex 29.25 0 28.4
      vertex 29.056 -1.2 28.4
      vertex 29.056 0 28.4
    endloop
  endfacet
  facet normal 0.458243 0 -0.888827
    outer loop
      vertex 31.194 -1.2 28.4
      vertex 36.625 0 31.2
      vertex 36.625 -1.2 31.2
    endloop
  endfacet
  facet normal 0.458243 0 -0.888827
    outer loop
      vertex 36.625 0 31.2
      vertex 31.194 -1.2 28.4
      vertex 31.194 0 28.4
    endloop
  endfacet
  facet normal -0.458243 0 -0.888827
    outer loop
      vertex 36.625 -1.2 31.2
      vertex 42.056 0 28.4
      vertex 42.056 -1.2 28.4
    endloop
  endfacet
  facet normal -0.458243 0 -0.888827
    outer loop
      vertex 42.056 0 28.4
      vertex 36.625 -1.2 31.2
      vertex 36.625 0 31.2
    endloop
  endfacet
  facet normal 0 0 -1
    outer loop
      vertex 44.194 -1.2 28.4
      vertex 44 0 28.4
      vertex 44.194 0 28.4
    endloop
  endfacet
  facet normal 0 0 -1
    outer loop
      vertex 44.194 -1.2 28.4
      vertex 42.25 0 28.4
      vertex 44 0 28.4
    endloop
  endfacet
  facet normal 0 0 -1
    outer loop
      vertex 42.056 -1.2 28.4
      vertex 42.25 0 28.4
      vertex 44.194 -1.2 28.4
    endloop
  endfacet
  facet normal -0 0 -1
    outer loop
      vertex 42.25 0 28.4
      vertex 42.056 -1.2 28.4
      vertex 42.056 0 28.4
    endloop
  endfacet
  facet normal 0.458243 0 -0.888827
    outer loop
      vertex 44.194 -1.2 28.4
      vertex 49.625 0 31.2
      vertex 49.625 -1.2 31.2
    endloop
  endfacet
  facet normal 0.458243 0 -0.888827
    outer loop
      vertex 49.625 0 31.2
      vertex 44.194 -1.2 28.4
      vertex 44.194 0 28.4
    endloop
  endfacet
  facet normal -0.458243 0 -0.888827
    outer loop
      vertex 49.625 -1.2 31.2
      vertex 55.056 0 28.4
      vertex 55.056 -1.2 28.4
    endloop
  endfacet
  facet normal -0.458243 0 -0.888827
    outer loop
      vertex 55.056 0 28.4
      vertex 49.625 -1.2 31.2
      vertex 49.625 0 31.2
    endloop
  endfacet
  facet normal 0 0 -1
    outer loop
      vertex 57.194 -1.2 28.4
      vertex 57 0 28.4
      vertex 57.194 0 28.4
    endloop
  endfacet
  facet normal 0 0 -1
    outer loop
      vertex 57.194 -1.2 28.4
      vertex 55.25 0 28.4
      vertex 57 0 28.4
    endloop
  endfacet
  facet normal 0 0 -1
    outer loop
      vertex 55.056 -1.2 28.4
      vertex 55.25 0 28.4
      vertex 57.194 -1.2 28.4
    endloop
  endfacet
  facet normal -0 0 -1
    outer loop
      vertex 55.25 0 28.4
      vertex 55.056 -1.2 28.4
      vertex 55.056 0 28.4
    endloop
  endfacet
  facet normal 0.458243 0 -0.888827
    outer loop
      vertex 57.194 -1.2 28.4
      vertex 62.625 0 31.2
      vertex 62.625 -1.2 31.2
    endloop
  endfacet
  facet normal 0.458243 0 -0.888827
    outer loop
      vertex 62.625 0 31.2
      vertex 57.194 -1.2 28.4
      vertex 57.194 0 28.4
    endloop
  endfacet
  facet normal -0.458243 0 -0.888827
    outer loop
      vertex 62.625 -1.2 31.2
      vertex 68.056 0 28.4
      vertex 68.056 -1.2 28.4
    endloop
  endfacet
  facet normal -0.458243 0 -0.888827
    outer loop
      vertex 68.056 0 28.4
      vertex 62.625 -1.2 31.2
      vertex 62.625 0 31.2
    endloop
  endfacet
  facet normal 0 0 -1
    outer loop
      vertex 70.194 -1.2 28.4
      vertex 70 0 28.4
      vertex 70.194 0 28.4
    endloop
  endfacet
  facet normal 0 0 -1
    outer loop
      vertex 70.194 -1.2 28.4
      vertex 68.25 0 28.4
      vertex 70 0 28.4
    endloop
  endfacet
  facet normal 0 0 -1
    outer loop
      vertex 68.056 -1.2 28.4
      vertex 68.25 0 28.4
      vertex 70.194 -1.2 28.4
    endloop
  endfacet
  facet normal -0 0 -1
    outer loop
      vertex 68.25 0 28.4
      vertex 68.056 -1.2 28.4
      vertex 68.056 0 28.4
    endloop
  endfacet
  facet normal 0.458243 0 -0.888827
    outer loop
      vertex 70.194 -1.2 28.4
      vertex 75.625 0 31.2
      vertex 75.625 -1.2 31.2
    endloop
  endfacet
  facet normal 0.458243 0 -0.888827
    outer loop
      vertex 75.625 0 31.2
      vertex 70.194 -1.2 28.4
      vertex 70.194 0 28.4
    endloop
  endfacet
  facet normal -0.458243 0 -0.888827
    outer loop
      vertex 75.625 -1.2 31.2
      vertex 81.056 0 28.4
      vertex 81.056 -1.2 28.4
    endloop
  endfacet
  facet normal -0.458243 0 -0.888827
    outer loop
      vertex 81.056 0 28.4
      vertex 75.625 -1.2 31.2
      vertex 75.625 0 31.2
    endloop
  endfacet
  facet normal 0 0 -1
    outer loop
      vertex 83.194 -1.2 28.4
      vertex 83 0 28.4
      vertex 83.194 0 28.4
    endloop
  endfacet
  facet normal 0 0 -1
    outer loop
      vertex 83.194 -1.2 28.4
      vertex 81.25 0 28.4
      vertex 83 0 28.4
    endloop
  endfacet
  facet normal 0 0 -1
    outer loop
      vertex 81.056 -1.2 28.4
      vertex 81.25 0 28.4
      vertex 83.194 -1.2 28.4
    endloop
  endfacet
  facet normal -0 0 -1
    outer loop
      vertex 81.25 0 28.4
      vertex 81.056 -1.2 28.4
      vertex 81.056 0 28.4
    endloop
  endfacet
  facet normal 0.458243 0 -0.888827
    outer loop
      vertex 83.194 -1.2 28.4
      vertex 88.625 0 31.2
      vertex 88.625 -1.2 31.2
    endloop
  endfacet
  facet normal 0.458243 0 -0.888827
    outer loop
      vertex 88.625 0 31.2
      vertex 83.194 -1.2 28.4
      vertex 83.194 0 28.4
    endloop
  endfacet
  facet normal -0.458243 0 -0.888827
    outer loop
      vertex 88.625 -1.2 31.2
      vertex 94.056 0 28.4
      vertex 94.056 -1.2 28.4
    endloop
  endfacet
  facet normal -0.458243 0 -0.888827
    outer loop
      vertex 94.056 0 28.4
      vertex 88.625 -1.2 31.2
      vertex 88.625 0 31.2
    endloop
  endfacet
  facet normal 0 0 -1
    outer loop
      vertex 96.194 -1.2 28.4
      vertex 96 0 28.4
      vertex 96.194 0 28.4
    endloop
  endfacet
  facet normal 0 0 -1
    outer loop
      vertex 96.194 -1.2 28.4
      vertex 94.25 0 28.4
      vertex 96 0 28.4
    endloop
  endfacet
  facet normal 0 0 -1
    outer loop
      vertex 94.056 -1.2 28.4
      vertex 94.25 0 28.4
      vertex 96.194 -1.2 28.4
    endloop
  endfacet
  facet normal -0 0 -1
    outer loop
      vertex 94.25 0 28.4
      vertex 94.056 -1.2 28.4
      vertex 94.056 0 28.4
    endloop
  endfacet
  facet normal 0.458243 0 -0.888827
    outer loop
      vertex 96.194 -1.2 28.4
      vertex 101.625 0 31.2
      vertex 101.625 -1.2 31.2
    endloop
  endfacet
  facet normal 0.458243 0 -0.888827
    outer loop
      vertex 101.625 0 31.2
      vertex 96.194 -1.2 28.4
      vertex 96.194 0 28.4
    endloop
  endfacet
  facet normal -0.458243 0 -0.888827
    outer loop
      vertex 101.625 -1.2 31.2
      vertex 107.056 0 28.4
      vertex 107.056 -1.2 28.4
    endloop
  endfacet
  facet normal -0.458243 0 -0.888827
    outer loop
      vertex 107.056 0 28.4
      vertex 101.625 -1.2 31.2
      vertex 101.625 0 31.2
    endloop
  endfacet
  facet normal 0 0 -1
    outer loop
      vertex 109.194 -1.2 28.4
      vertex 109 0 28.4
      vertex 109.194 0 28.4
    endloop
  endfacet
  facet normal 0 0 -1
    outer loop
      vertex 109.194 -1.2 28.4
      vertex 107.25 0 28.4
      vertex 109 0 28.4
    endloop
  endfacet
  facet normal 0 0 -1
    outer loop
      vertex 107.056 -1.2 28.4
      vertex 107.25 0 28.4
      vertex 109.194 -1.2 28.4
    endloop
  endfacet
  facet normal -0 0 -1
    outer loop
      vertex 107.25 0 28.4
      vertex 107.056 -1.2 28.4
      vertex 107.056 0 28.4
    endloop
  endfacet
  facet normal 0.458243 0 -0.888827
    outer loop
      vertex 109.194 -1.2 28.4
      vertex 114.625 0 31.2
      vertex 114.625 -1.2 31.2
    endloop
  endfacet
  facet normal 0.458243 0 -0.888827
    outer loop
      vertex 114.625 0 31.2
      vertex 109.194 -1.2 28.4
      vertex 109.194 0 28.4
    endloop
  endfacet
  facet normal -0.458243 0 -0.888827
    outer loop
      vertex 114.625 -1.2 31.2
      vertex 120.056 0 28.4
      vertex 120.056 -1.2 28.4
    endloop
  endfacet
  facet normal -0.458243 0 -0.888827
    outer loop
      vertex 120.056 0 28.4
      vertex 114.625 -1.2 31.2
      vertex 114.625 0 31.2
    endloop
  endfacet
  facet normal 0 0 -1
    outer loop
      vertex 122.194 -1.2 28.4
      vertex 122 0 28.4
      vertex 122.194 0 28.4
    endloop
  endfacet
  facet normal 0 0 -1
    outer loop
      vertex 122.194 -1.2 28.4
      vertex 120.25 0 28.4
      vertex 122 0 28.4
    endloop
  endfacet
  facet normal 0 0 -1
    outer loop
      vertex 120.056 -1.2 28.4
      vertex 120.25 0 28.4
      vertex 122.194 -1.2 28.4
    endloop
  endfacet
  facet normal -0 0 -1
    outer loop
      vertex 120.25 0 28.4
      vertex 120.056 -1.2 28.4
      vertex 120.056 0 28.4
    endloop
  endfacet
  facet normal 0.458243 0 -0.888827
    outer loop
      vertex 122.194 -1.2 28.4
      vertex 127.625 0 31.2
      vertex 127.625 -1.2 31.2
    endloop
  endfacet
  facet normal 0.458243 0 -0.888827
    outer loop
      vertex 127.625 0 31.2
      vertex 122.194 -1.2 28.4
      vertex 122.194 0 28.4
    endloop
  endfacet
  facet normal -0.458243 0 -0.888827
    outer loop
      vertex 127.625 -1.2 31.2
      vertex 133.056 0 28.4
      vertex 133.056 -1.2 28.4
    endloop
  endfacet
  facet normal -0.458243 0 -0.888827
    outer loop
      vertex 133.056 0 28.4
      vertex 127.625 -1.2 31.2
      vertex 127.625 0 31.2
    endloop
  endfacet
  facet normal 0 0 -1
    outer loop
      vertex 135.194 -1.2 28.4
      vertex 135 0 28.4
      vertex 135.194 0 28.4
    endloop
  endfacet
  facet normal 0 0 -1
    outer loop
      vertex 135.194 -1.2 28.4
      vertex 133.25 0 28.4
      vertex 135 0 28.4
    endloop
  endfacet
  facet normal 0 0 -1
    outer loop
      vertex 133.056 -1.2 28.4
      vertex 133.25 0 28.4
      vertex 135.194 -1.2 28.4
    endloop
  endfacet
  facet normal -0 0 -1
    outer loop
      vertex 133.25 0 28.4
      vertex 133.056 -1.2 28.4
      vertex 133.056 0 28.4
    endloop
  endfacet
  facet normal 0.458243 0 -0.888827
    outer loop
      vertex 135.194 -1.2 28.4
      vertex 140.625 0 31.2
      vertex 140.625 -1.2 31.2
    endloop
  endfacet
  facet normal 0.458243 0 -0.888827
    outer loop
      vertex 140.625 0 31.2
      vertex 135.194 -1.2 28.4
      vertex 135.194 0 28.4
    endloop
  endfacet
  facet normal -0.458243 0 -0.888827
    outer loop
      vertex 140.625 -1.2 31.2
      vertex 146.056 0 28.4
      vertex 146.056 -1.2 28.4
    endloop
  endfacet
  facet normal -0.458243 0 -0.888827
    outer loop
      vertex 146.056 0 28.4
      vertex 140.625 -1.2 31.2
      vertex 140.625 0 31.2
    endloop
  endfacet
  facet normal 0 0 -1
    outer loop
      vertex 148.194 -1.2 28.4
      vertex 148 0 28.4
      vertex 148.194 0 28.4
    endloop
  endfacet
  facet normal 0 0 -1
    outer loop
      vertex 148.194 -1.2 28.4
      vertex 146.25 0 28.4
      vertex 148 0 28.4
    endloop
  endfacet
  facet normal 0 0 -1
    outer loop
      vertex 146.056 -1.2 28.4
      vertex 146.25 0 28.4
      vertex 148.194 -1.2 28.4
    endloop
  endfacet
  facet normal -0 0 -1
    outer loop
      vertex 146.25 0 28.4
      vertex 146.056 -1.2 28.4
      vertex 146.056 0 28.4
    endloop
  endfacet
  facet normal 0.458243 0 -0.888827
    outer loop
      vertex 148.194 -1.2 28.4
      vertex 153.625 0 31.2
      vertex 153.625 -1.2 31.2
    endloop
  endfacet
  facet normal 0.458243 0 -0.888827
    outer loop
      vertex 153.625 0 31.2
      vertex 148.194 -1.2 28.4
      vertex 148.194 0 28.4
    endloop
  endfacet
  facet normal -0.458243 0 -0.888827
    outer loop
      vertex 153.625 -1.2 31.2
      vertex 159.056 0 28.4
      vertex 159.056 -1.2 28.4
    endloop
  endfacet
  facet normal -0.458243 0 -0.888827
    outer loop
      vertex 159.056 0 28.4
      vertex 153.625 -1.2 31.2
      vertex 153.625 0 31.2
    endloop
  endfacet
  facet normal 0 0 -1
    outer loop
      vertex 164.25 -1.2 28.4
      vertex 159.25 0 28.4
      vertex 164.25 0 28.4
    endloop
  endfacet
  facet normal 0 0 -1
    outer loop
      vertex 159.056 -1.2 28.4
      vertex 159.25 0 28.4
      vertex 164.25 -1.2 28.4
    endloop
  endfacet
  facet normal -0 0 -1
    outer loop
      vertex 159.25 0 28.4
      vertex 159.056 -1.2 28.4
      vertex 159.056 0 28.4
    endloop
  endfacet
  facet normal 1 0 0
    outer loop
      vertex 164.25 16 15.668
      vertex 164.25 13.5 11.3378
      vertex 164.25 16 5.6
    endloop
  endfacet
  facet normal 1 0 0
    outer loop
      vertex 164.25 86.1 11.3378
      vertex 164.25 82.5 11.3378
      vertex 164.25 86.1 5.6
    endloop
  endfacet
  facet normal 1 0 0
    outer loop
      vertex 164.25 111.3 32.4
      vertex 164.25 110.1 28.4
      vertex 164.25 111.3 28.4
    endloop
  endfacet
  facet normal 1 0 0
    outer loop
      vertex 164.25 94.1 5.6
      vertex 164.25 110.1 28.4
      vertex 164.25 94.1 28.4
    endloop
  endfacet
  facet normal 1 0 0
    outer loop
      vertex 164.25 111.3 32.4
      vertex 164.25 94.1 28.4
      vertex 164.25 110.1 28.4
    endloop
  endfacet
  facet normal 1 0 0
    outer loop
      vertex 164.25 111.3 32.4
      vertex 164.25 86.1 28.4
      vertex 164.25 94.1 28.4
    endloop
  endfacet
  facet normal 1 0 0
    outer loop
      vertex 164.25 86.1 28.4
      vertex 164.25 82.5 23.4622
      vertex 164.25 86.1 23.4622
    endloop
  endfacet
  facet normal 1 0 0
    outer loop
      vertex 164.25 82.5 23.4622
      vertex 164.25 74 17.4
      vertex 164.25 79 17.4
    endloop
  endfacet
  facet normal 1 0 0
    outer loop
      vertex 164.25 70.5 23.4622
      vertex 164.25 82.5 23.4622
      vertex 164.25 86.1 28.4
    endloop
  endfacet
  facet normal 1 0 0
    outer loop
      vertex 164.25 82.5 23.4622
      vertex 164.25 70.5 23.4622
      vertex 164.25 74 17.4
    endloop
  endfacet
  facet normal 1 0 0
    outer loop
      vertex 164.25 86.1 28.4
      vertex 164.25 63.5 23.4622
      vertex 164.25 70.5 23.4622
    endloop
  endfacet
  facet normal 1 0 0
    outer loop
      vertex 164.25 63.5 23.4622
      vertex 164.25 55 17.4
      vertex 164.25 60 17.4
    endloop
  endfacet
  facet normal 1 0 0
    outer loop
      vertex 164.25 63.5 23.4622
      vertex 164.25 51.5 23.4622
      vertex 164.25 55 17.4
    endloop
  endfacet
  facet normal 1 0 0
    outer loop
      vertex 164.25 86.1 28.4
      vertex 164.25 51.5 23.4622
      vertex 164.25 63.5 23.4622
    endloop
  endfacet
  facet normal 1 0 0
    outer loop
      vertex 164.25 24 28.4
      vertex 164.25 86.1 28.4
      vertex 164.25 111.3 32.4
    endloop
  endfacet
  facet normal 1 0 0
    outer loop
      vertex 164.25 86.1 28.4
      vertex 164.25 24 28.4
      vertex 164.25 51.5 23.4622
    endloop
  endfacet
  facet normal 1 0 0
    outer loop
      vertex 164.25 44.5 23.4622
      vertex 164.25 36 17.4
      vertex 164.25 41 17.4
    endloop
  endfacet
  facet normal 1 0 0
    outer loop
      vertex 164.25 44.5 23.4622
      vertex 164.25 32.5 23.4622
      vertex 164.25 36 17.4
    endloop
  endfacet
  facet normal 1 0 0
    outer loop
      vertex 164.25 51.5 23.4622
      vertex 164.25 24 28.4
      vertex 164.25 44.5 23.4622
    endloop
  endfacet
  facet normal 1 0 0
    outer loop
      vertex 164.25 44.5 23.4622
      vertex 164.25 24 28.4
      vertex 164.25 32.5 23.4622
    endloop
  endfacet
  facet normal 1 0 0
    outer loop
      vertex 164.25 32.5 23.4622
      vertex 164.25 24 28.4
      vertex 164.25 25.5 23.4622
    endloop
  endfacet
  facet normal 1 -0 0
    outer loop
      vertex 164.25 -1.2 32.4
      vertex 164.25 24 28.4
      vertex 164.25 111.3 32.4
    endloop
  endfacet
  facet normal 1 0 0
    outer loop
      vertex 164.25 16 28.4
      vertex 164.25 13.5 23.4622
      vertex 164.25 16 19.132
    endloop
  endfacet
  facet normal 1 0 0
    outer loop
      vertex 164.25 16 28.4
      vertex 164.25 6.5 23.4622
      vertex 164.25 13.5 23.4622
    endloop
  endfacet
  facet normal 1 0 0
    outer loop
      vertex 164.25 6.5 23.4622
      vertex 164.25 0 28.4
      vertex 164.25 3 17.4
    endloop
  endfacet
  facet normal 1 0 0
    outer loop
      vertex 164.25 16 28.4
      vertex 164.25 0 28.4
      vertex 164.25 6.5 23.4622
    endloop
  endfacet
  facet normal 1 0 0
    outer loop
      vertex 164.25 24 28.4
      vertex 164.25 -1.2 32.4
      vertex 164.25 16 28.4
    endloop
  endfacet
  facet normal 1 0 0
    outer loop
      vertex 164.25 16 28.4
      vertex 164.25 -1.2 32.4
      vertex 164.25 0 28.4
    endloop
  endfacet
  facet normal 1 0 0
    outer loop
      vertex 164.25 0 28.4
      vertex 164.25 -1.2 32.4
      vertex 164.25 -1.2 28.4
    endloop
  endfacet
  facet normal 1 0 0
    outer loop
      vertex 164.25 110.1 28.4
      vertex 164.25 94.1 5.6
      vertex 164.25 110.1 0
    endloop
  endfacet
  facet normal 1 -0 0
    outer loop
      vertex 164.25 92.9 4.4
      vertex 164.25 110.1 0
      vertex 164.25 94.1 5.6
    endloop
  endfacet
  facet normal 1 -0 0
    outer loop
      vertex 164.25 87.3 4.4
      vertex 164.25 110.1 0
      vertex 164.25 92.9 4.4
    endloop
  endfacet
  facet normal 1 -0 0
    outer loop
      vertex 164.25 74 17.4
      vertex 164.25 82.5 11.3378
      vertex 164.25 79 17.4
    endloop
  endfacet
  facet normal 1 0 0
    outer loop
      vertex 164.25 70.5 11.3378
      vertex 164.25 82.5 11.3378
      vertex 164.25 74 17.4
    endloop
  endfacet
  facet normal 1 0 0
    outer loop
      vertex 164.25 82.5 11.3378
      vertex 164.25 70.5 11.3378
      vertex 164.25 86.1 5.6
    endloop
  endfacet
  facet normal 1 0 0
    outer loop
      vertex 164.25 86.1 5.6
      vertex 164.25 70.5 11.3378
      vertex 164.25 87.3 4.4
    endloop
  endfacet
  facet normal 1 -0 0
    outer loop
      vertex 164.25 63.5 11.3378
      vertex 164.25 87.3 4.4
      vertex 164.25 70.5 11.3378
    endloop
  endfacet
  facet normal 1 -0 0
    outer loop
      vertex 164.25 55 17.4
      vertex 164.25 63.5 11.3378
      vertex 164.25 60 17.4
    endloop
  endfacet
  facet normal 1 0 0
    outer loop
      vertex 164.25 51.5 11.3378
      vertex 164.25 63.5 11.3378
      vertex 164.25 55 17.4
    endloop
  endfacet
  facet normal 1 -0 0
    outer loop
      vertex 164.25 51.5 11.3378
      vertex 164.25 87.3 4.4
      vertex 164.25 63.5 11.3378
    endloop
  endfacet
  facet normal 1 0 0
    outer loop
      vertex 164.25 22.8 4.4
      vertex 164.25 51.5 11.3378
      vertex 164.25 44.5 11.3378
    endloop
  endfacet
  facet normal 1 0 0
    outer loop
      vertex 164.25 51.5 11.3378
      vertex 164.25 22.8 4.4
      vertex 164.25 87.3 4.4
    endloop
  endfacet
  facet normal 1 -0 0
    outer loop
      vertex 164.25 36 17.4
      vertex 164.25 44.5 11.3378
      vertex 164.25 41 17.4
    endloop
  endfacet
  facet normal 1 0 0
    outer loop
      vertex 164.25 32.5 11.3378
      vertex 164.25 44.5 11.3378
      vertex 164.25 36 17.4
    endloop
  endfacet
  facet normal 1 0 0
    outer loop
      vertex 164.25 24 5.6
      vertex 164.25 44.5 11.3378
      vertex 164.25 32.5 11.3378
    endloop
  endfacet
  facet normal 1 0 0
    outer loop
      vertex 164.25 24 5.6
      vertex 164.25 32.5 11.3378
      vertex 164.25 25.5 11.3378
    endloop
  endfacet
  facet normal 1 0 0
    outer loop
      vertex 164.25 24 5.6
      vertex 164.25 25.5 11.3378
      vertex 164.25 24 13.9359
    endloop
  endfacet
  facet normal 1 0 0
    outer loop
      vertex 164.25 44.5 11.3378
      vertex 164.25 24 5.6
      vertex 164.25 22.8 4.4
    endloop
  endfacet
  facet normal 1 0 0
    outer loop
      vertex 164.25 87.3 4.4
      vertex 164.25 22.8 4.4
      vertex 164.25 110.1 0
    endloop
  endfacet
  facet normal 1 0 0
    outer loop
      vertex 164.25 0 0
      vertex 164.25 22.8 4.4
      vertex 164.25 17.2 4.4
    endloop
  endfacet
  facet normal 1 -0 0
    outer loop
      vertex 164.25 6.5 11.3378
      vertex 164.25 16 5.6
      vertex 164.25 13.5 11.3378
    endloop
  endfacet
  facet normal 1 0 0
    outer loop
      vertex 164.25 0 0
      vertex 164.25 16 5.6
      vertex 164.25 6.5 11.3378
    endloop
  endfacet
  facet normal 1 0 0
    outer loop
      vertex 164.25 22.8 4.4
      vertex 164.25 0 0
      vertex 164.25 110.1 0
    endloop
  endfacet
  facet normal 1 0 0
    outer loop
      vertex 164.25 16 5.6
      vertex 164.25 0 0
      vertex 164.25 17.2 4.4
    endloop
  endfacet
  facet normal 1 0 0
    outer loop
      vertex 164.25 3 17.4
      vertex 164.25 0 0
      vertex 164.25 6.5 11.3378
    endloop
  endfacet
  facet normal 1 0 0
    outer loop
      vertex 164.25 0 0
      vertex 164.25 3 17.4
      vertex 164.25 0 28.4
    endloop
  endfacet
  facet normal 1 0 0
    outer loop
      vertex 164.25 25.5 23.4622
      vertex 164.25 24 28.4
      vertex 164.25 24 20.8641
    endloop
  endfacet
  facet normal -1 0 0
    outer loop
      vertex 164.25 86.1 11.3378
      vertex 164.25 93 17.4
      vertex 164.25 89.5 11.3378
    endloop
  endfacet
  facet normal -1 0 0
    outer loop
      vertex 164.25 86.1 23.4622
      vertex 164.25 93 17.4
      vertex 164.25 86.1 11.3378
    endloop
  endfacet
  facet normal -1 0 0
    outer loop
      vertex 164.25 93 17.4
      vertex 164.25 86.1 23.4622
      vertex 164.25 89.5 23.4622
    endloop
  endfacet
  facet normal -1 0 0
    outer loop
      vertex 164.25 24 13.9359
      vertex 164.25 22 17.4
      vertex 164.25 24 20.8641
    endloop
  endfacet
  facet normal -1 -0 0
    outer loop
      vertex 164.25 17 17.4
      vertex 164.25 16 15.668
      vertex 164.25 16 19.132
    endloop
  endfacet
  facet normal 0 1 -0
    outer loop
      vertex 18.194 111.3 28.4
      vertex 10.625 111.3 31.2
      vertex 23.625 111.3 31.2
    endloop
  endfacet
  facet normal 0 1 0
    outer loop
      vertex 10.625 111.3 31.2
      vertex 18.194 111.3 28.4
      vertex 16.056 111.3 28.4
    endloop
  endfacet
  facet normal 0 1 -0
    outer loop
      vertex 31.194 111.3 28.4
      vertex 23.625 111.3 31.2
      vertex 36.625 111.3 31.2
    endloop
  endfacet
  facet normal 0 1 0
    outer loop
      vertex 23.625 111.3 31.2
      vertex 31.194 111.3 28.4
      vertex 29.056 111.3 28.4
    endloop
  endfacet
  facet normal 0 1 -0
    outer loop
      vertex 44.194 111.3 28.4
      vertex 36.625 111.3 31.2
      vertex 49.625 111.3 31.2
    endloop
  endfacet
  facet normal 0 1 0
    outer loop
      vertex 36.625 111.3 31.2
      vertex 44.194 111.3 28.4
      vertex 42.056 111.3 28.4
    endloop
  endfacet
  facet normal 0 1 -0
    outer loop
      vertex 57.194 111.3 28.4
      vertex 49.625 111.3 31.2
      vertex 62.625 111.3 31.2
    endloop
  endfacet
  facet normal 0 1 0
    outer loop
      vertex 49.625 111.3 31.2
      vertex 57.194 111.3 28.4
      vertex 55.056 111.3 28.4
    endloop
  endfacet
  facet normal 0 1 -0
    outer loop
      vertex 70.194 111.3 28.4
      vertex 62.625 111.3 31.2
      vertex 75.625 111.3 31.2
    endloop
  endfacet
  facet normal 0 1 0
    outer loop
      vertex 62.625 111.3 31.2
      vertex 70.194 111.3 28.4
      vertex 68.056 111.3 28.4
    endloop
  endfacet
  facet normal 0 1 -0
    outer loop
      vertex 83.194 111.3 28.4
      vertex 75.625 111.3 31.2
      vertex 88.625 111.3 31.2
    endloop
  endfacet
  facet normal 0 1 0
    outer loop
      vertex 75.625 111.3 31.2
      vertex 83.194 111.3 28.4
      vertex 81.056 111.3 28.4
    endloop
  endfacet
  facet normal 0 1 -0
    outer loop
      vertex 96.194 111.3 28.4
      vertex 88.625 111.3 31.2
      vertex 101.625 111.3 31.2
    endloop
  endfacet
  facet normal 0 1 0
    outer loop
      vertex 88.625 111.3 31.2
      vertex 96.194 111.3 28.4
      vertex 94.056 111.3 28.4
    endloop
  endfacet
  facet normal 0 1 -0
    outer loop
      vertex 109.194 111.3 28.4
      vertex 101.625 111.3 31.2
      vertex 114.625 111.3 31.2
    endloop
  endfacet
  facet normal 0 1 0
    outer loop
      vertex 101.625 111.3 31.2
      vertex 109.194 111.3 28.4
      vertex 107.056 111.3 28.4
    endloop
  endfacet
  facet normal 0 1 -0
    outer loop
      vertex 122.194 111.3 28.4
      vertex 114.625 111.3 31.2
      vertex 127.625 111.3 31.2
    endloop
  endfacet
  facet normal 0 1 0
    outer loop
      vertex 114.625 111.3 31.2
      vertex 122.194 111.3 28.4
      vertex 120.056 111.3 28.4
    endloop
  endfacet
  facet normal 0 1 -0
    outer loop
      vertex 135.194 111.3 28.4
      vertex 127.625 111.3 31.2
      vertex 140.625 111.3 31.2
    endloop
  endfacet
  facet normal 0 1 0
    outer loop
      vertex 127.625 111.3 31.2
      vertex 135.194 111.3 28.4
      vertex 133.056 111.3 28.4
    endloop
  endfacet
  facet normal 0 1 -0
    outer loop
      vertex 148.194 111.3 28.4
      vertex 140.625 111.3 31.2
      vertex 153.625 111.3 31.2
    endloop
  endfacet
  facet normal 0 1 0
    outer loop
      vertex 140.625 111.3 31.2
      vertex 148.194 111.3 28.4
      vertex 146.056 111.3 28.4
    endloop
  endfacet
  facet normal 0 1 0
    outer loop
      vertex 140.625 111.3 31.2
      vertex 164.25 111.3 32.4
      vertex 153.625 111.3 31.2
    endloop
  endfacet
  facet normal 0 1 0
    outer loop
      vertex 159.056 111.3 28.4
      vertex 164.25 111.3 32.4
      vertex 164.25 111.3 28.4
    endloop
  endfacet
  facet normal 0 1 0
    outer loop
      vertex 164.25 111.3 32.4
      vertex 159.056 111.3 28.4
      vertex 153.625 111.3 31.2
    endloop
  endfacet
  facet normal 0 1 0
    outer loop
      vertex 127.625 111.3 31.2
      vertex 164.25 111.3 32.4
      vertex 140.625 111.3 31.2
    endloop
  endfacet
  facet normal 0 1 0
    outer loop
      vertex 114.625 111.3 31.2
      vertex 164.25 111.3 32.4
      vertex 127.625 111.3 31.2
    endloop
  endfacet
  facet normal 0 1 0
    outer loop
      vertex 101.625 111.3 31.2
      vertex 164.25 111.3 32.4
      vertex 114.625 111.3 31.2
    endloop
  endfacet
  facet normal 0 1 0
    outer loop
      vertex 164.25 111.3 32.4
      vertex 101.625 111.3 31.2
      vertex 0 111.3 32.4
    endloop
  endfacet
  facet normal 0 1 -0
    outer loop
      vertex 88.625 111.3 31.2
      vertex 0 111.3 32.4
      vertex 101.625 111.3 31.2
    endloop
  endfacet
  facet normal 0 1 -0
    outer loop
      vertex 75.625 111.3 31.2
      vertex 0 111.3 32.4
      vertex 88.625 111.3 31.2
    endloop
  endfacet
  facet normal 0 1 -0
    outer loop
      vertex 62.625 111.3 31.2
      vertex 0 111.3 32.4
      vertex 75.625 111.3 31.2
    endloop
  endfacet
  facet normal 0 1 -0
    outer loop
      vertex 49.625 111.3 31.2
      vertex 0 111.3 32.4
      vertex 62.625 111.3 31.2
    endloop
  endfacet
  facet normal 0 1 -0
    outer loop
      vertex 36.625 111.3 31.2
      vertex 0 111.3 32.4
      vertex 49.625 111.3 31.2
    endloop
  endfacet
  facet normal 0 1 -0
    outer loop
      vertex 23.625 111.3 31.2
      vertex 0 111.3 32.4
      vertex 36.625 111.3 31.2
    endloop
  endfacet
  facet normal 0 1 -0
    outer loop
      vertex 10.625 111.3 31.2
      vertex 0 111.3 32.4
      vertex 23.625 111.3 31.2
    endloop
  endfacet
  facet normal 0 1 -0
    outer loop
      vertex 5.19395 111.3 28.4
      vertex 0 111.3 32.4
      vertex 10.625 111.3 31.2
    endloop
  endfacet
  facet normal 0 1 0
    outer loop
      vertex 0 111.3 32.4
      vertex 5.19395 111.3 28.4
      vertex 0 111.3 28.4
    endloop
  endfacet
  facet normal 0 0 -1
    outer loop
      vertex 5 110.1 28.4
      vertex 5.19395 111.3 28.4
      vertex 5.19395 110.1 28.4
    endloop
  endfacet
  facet normal 0 0 -1
    outer loop
      vertex 0 111.3 28.4
      vertex 5 110.1 28.4
      vertex 0 110.1 28.4
    endloop
  endfacet
  facet normal 0 0 -1
    outer loop
      vertex 5 110.1 28.4
      vertex 0 111.3 28.4
      vertex 5.19395 111.3 28.4
    endloop
  endfacet
  facet normal 0.458239 0 -0.888829
    outer loop
      vertex 5.19395 110.1 28.4
      vertex 10.625 111.3 31.2
      vertex 10.625 110.1 31.2
    endloop
  endfacet
  facet normal 0.458239 0 -0.888829
    outer loop
      vertex 10.625 111.3 31.2
      vertex 5.19395 110.1 28.4
      vertex 5.19395 111.3 28.4
    endloop
  endfacet
  facet normal -0.458243 0 -0.888827
    outer loop
      vertex 10.625 110.1 31.2
      vertex 16.056 111.3 28.4
      vertex 16.056 110.1 28.4
    endloop
  endfacet
  facet normal -0.458243 0 -0.888827
    outer loop
      vertex 16.056 111.3 28.4
      vertex 10.625 110.1 31.2
      vertex 10.625 111.3 31.2
    endloop
  endfacet
  facet normal 0 0 -1
    outer loop
      vertex 18 110.1 28.4
      vertex 18.194 111.3 28.4
      vertex 18.194 110.1 28.4
    endloop
  endfacet
  facet normal 0 0 -1
    outer loop
      vertex 16.25 110.1 28.4
      vertex 18.194 111.3 28.4
      vertex 18 110.1 28.4
    endloop
  endfacet
  facet normal 0 0 -1
    outer loop
      vertex 16.056 111.3 28.4
      vertex 16.25 110.1 28.4
      vertex 16.056 110.1 28.4
    endloop
  endfacet
  facet normal 0 0 -1
    outer loop
      vertex 16.25 110.1 28.4
      vertex 16.056 111.3 28.4
      vertex 18.194 111.3 28.4
    endloop
  endfacet
  facet normal 0.458243 0 -0.888827
    outer loop
      vertex 18.194 110.1 28.4
      vertex 23.625 111.3 31.2
      vertex 23.625 110.1 31.2
    endloop
  endfacet
  facet normal 0.458243 0 -0.888827
    outer loop
      vertex 23.625 111.3 31.2
      vertex 18.194 110.1 28.4
      vertex 18.194 111.3 28.4
    endloop
  endfacet
  facet normal -0.458243 0 -0.888827
    outer loop
      vertex 23.625 110.1 31.2
      vertex 29.056 111.3 28.4
      vertex 29.056 110.1 28.4
    endloop
  endfacet
  facet normal -0.458243 0 -0.888827
    outer loop
      vertex 29.056 111.3 28.4
      vertex 23.625 110.1 31.2
      vertex 23.625 111.3 31.2
    endloop
  endfacet
  facet normal 0 0 -1
    outer loop
      vertex 31 110.1 28.4
      vertex 31.194 111.3 28.4
      vertex 31.194 110.1 28.4
    endloop
  endfacet
  facet normal 0 0 -1
    outer loop
      vertex 29.25 110.1 28.4
      vertex 31.194 111.3 28.4
      vertex 31 110.1 28.4
    endloop
  endfacet
  facet normal 0 0 -1
    outer loop
      vertex 29.056 111.3 28.4
      vertex 29.25 110.1 28.4
      vertex 29.056 110.1 28.4
    endloop
  endfacet
  facet normal 0 0 -1
    outer loop
      vertex 29.25 110.1 28.4
      vertex 29.056 111.3 28.4
      vertex 31.194 111.3 28.4
    endloop
  endfacet
  facet normal 0.458243 0 -0.888827
    outer loop
      vertex 31.194 110.1 28.4
      vertex 36.625 111.3 31.2
      vertex 36.625 110.1 31.2
    endloop
  endfacet
  facet normal 0.458243 0 -0.888827
    outer loop
      vertex 36.625 111.3 31.2
      vertex 31.194 110.1 28.4
      vertex 31.194 111.3 28.4
    endloop
  endfacet
  facet normal -0.458243 0 -0.888827
    outer loop
      vertex 36.625 110.1 31.2
      vertex 42.056 111.3 28.4
      vertex 42.056 110.1 28.4
    endloop
  endfacet
  facet normal -0.458243 0 -0.888827
    outer loop
      vertex 42.056 111.3 28.4
      vertex 36.625 110.1 31.2
      vertex 36.625 111.3 31.2
    endloop
  endfacet
  facet normal 0 0 -1
    outer loop
      vertex 44 110.1 28.4
      vertex 44.194 111.3 28.4
      vertex 44.194 110.1 28.4
    endloop
  endfacet
  facet normal 0 0 -1
    outer loop
      vertex 42.25 110.1 28.4
      vertex 44.194 111.3 28.4
      vertex 44 110.1 28.4
    endloop
  endfacet
  facet normal 0 0 -1
    outer loop
      vertex 42.056 111.3 28.4
      vertex 42.25 110.1 28.4
      vertex 42.056 110.1 28.4
    endloop
  endfacet
  facet normal 0 0 -1
    outer loop
      vertex 42.25 110.1 28.4
      vertex 42.056 111.3 28.4
      vertex 44.194 111.3 28.4
    endloop
  endfacet
  facet normal 0.458243 0 -0.888827
    outer loop
      vertex 44.194 110.1 28.4
      vertex 49.625 111.3 31.2
      vertex 49.625 110.1 31.2
    endloop
  endfacet
  facet normal 0.458243 0 -0.888827
    outer loop
      vertex 49.625 111.3 31.2
      vertex 44.194 110.1 28.4
      vertex 44.194 111.3 28.4
    endloop
  endfacet
  facet normal -0.458243 0 -0.888827
    outer loop
      vertex 49.625 110.1 31.2
      vertex 55.056 111.3 28.4
      vertex 55.056 110.1 28.4
    endloop
  endfacet
  facet normal -0.458243 0 -0.888827
    outer loop
      vertex 55.056 111.3 28.4
      vertex 49.625 110.1 31.2
      vertex 49.625 111.3 31.2
    endloop
  endfacet
  facet normal 0 0 -1
    outer loop
      vertex 57 110.1 28.4
      vertex 57.194 111.3 28.4
      vertex 57.194 110.1 28.4
    endloop
  endfacet
  facet normal 0 0 -1
    outer loop
      vertex 55.25 110.1 28.4
      vertex 57.194 111.3 28.4
      vertex 57 110.1 28.4
    endloop
  endfacet
  facet normal 0 0 -1
    outer loop
      vertex 55.056 111.3 28.4
      vertex 55.25 110.1 28.4
      vertex 55.056 110.1 28.4
    endloop
  endfacet
  facet normal 0 0 -1
    outer loop
      vertex 55.25 110.1 28.4
      vertex 55.056 111.3 28.4
      vertex 57.194 111.3 28.4
    endloop
  endfacet
  facet normal 0.458243 0 -0.888827
    outer loop
      vertex 57.194 110.1 28.4
      vertex 62.625 111.3 31.2
      vertex 62.625 110.1 31.2
    endloop
  endfacet
  facet normal 0.458243 0 -0.888827
    outer loop
      vertex 62.625 111.3 31.2
      vertex 57.194 110.1 28.4
      vertex 57.194 111.3 28.4
    endloop
  endfacet
  facet normal -0.458243 0 -0.888827
    outer loop
      vertex 62.625 110.1 31.2
      vertex 68.056 111.3 28.4
      vertex 68.056 110.1 28.4
    endloop
  endfacet
  facet normal -0.458243 0 -0.888827
    outer loop
      vertex 68.056 111.3 28.4
      vertex 62.625 110.1 31.2
      vertex 62.625 111.3 31.2
    endloop
  endfacet
  facet normal 0 0 -1
    outer loop
      vertex 70 110.1 28.4
      vertex 70.194 111.3 28.4
      vertex 70.194 110.1 28.4
    endloop
  endfacet
  facet normal 0 0 -1
    outer loop
      vertex 68.25 110.1 28.4
      vertex 70.194 111.3 28.4
      vertex 70 110.1 28.4
    endloop
  endfacet
  facet normal 0 0 -1
    outer loop
      vertex 68.056 111.3 28.4
      vertex 68.25 110.1 28.4
      vertex 68.056 110.1 28.4
    endloop
  endfacet
  facet normal 0 0 -1
    outer loop
      vertex 68.25 110.1 28.4
      vertex 68.056 111.3 28.4
      vertex 70.194 111.3 28.4
    endloop
  endfacet
  facet normal 0.458243 0 -0.888827
    outer loop
      vertex 70.194 110.1 28.4
      vertex 75.625 111.3 31.2
      vertex 75.625 110.1 31.2
    endloop
  endfacet
  facet normal 0.458243 0 -0.888827
    outer loop
      vertex 75.625 111.3 31.2
      vertex 70.194 110.1 28.4
      vertex 70.194 111.3 28.4
    endloop
  endfacet
  facet normal -0.458243 0 -0.888827
    outer loop
      vertex 75.625 110.1 31.2
      vertex 81.056 111.3 28.4
      vertex 81.056 110.1 28.4
    endloop
  endfacet
  facet normal -0.458243 0 -0.888827
    outer loop
      vertex 81.056 111.3 28.4
      vertex 75.625 110.1 31.2
      vertex 75.625 111.3 31.2
    endloop
  endfacet
  facet normal 0 0 -1
    outer loop
      vertex 83 110.1 28.4
      vertex 83.194 111.3 28.4
      vertex 83.194 110.1 28.4
    endloop
  endfacet
  facet normal 0 0 -1
    outer loop
      vertex 81.25 110.1 28.4
      vertex 83.194 111.3 28.4
      vertex 83 110.1 28.4
    endloop
  endfacet
  facet normal 0 0 -1
    outer loop
      vertex 81.056 111.3 28.4
      vertex 81.25 110.1 28.4
      vertex 81.056 110.1 28.4
    endloop
  endfacet
  facet normal 0 0 -1
    outer loop
      vertex 81.25 110.1 28.4
      vertex 81.056 111.3 28.4
      vertex 83.194 111.3 28.4
    endloop
  endfacet
  facet normal 0.458243 0 -0.888827
    outer loop
      vertex 83.194 110.1 28.4
      vertex 88.625 111.3 31.2
      vertex 88.625 110.1 31.2
    endloop
  endfacet
  facet normal 0.458243 0 -0.888827
    outer loop
      vertex 88.625 111.3 31.2
      vertex 83.194 110.1 28.4
      vertex 83.194 111.3 28.4
    endloop
  endfacet
  facet normal -0.458243 0 -0.888827
    outer loop
      vertex 88.625 110.1 31.2
      vertex 94.056 111.3 28.4
      vertex 94.056 110.1 28.4
    endloop
  endfacet
  facet normal -0.458243 0 -0.888827
    outer loop
      vertex 94.056 111.3 28.4
      vertex 88.625 110.1 31.2
      vertex 88.625 111.3 31.2
    endloop
  endfacet
  facet normal 0 0 -1
    outer loop
      vertex 96 110.1 28.4
      vertex 96.194 111.3 28.4
      vertex 96.194 110.1 28.4
    endloop
  endfacet
  facet normal 0 0 -1
    outer loop
      vertex 94.25 110.1 28.4
      vertex 96.194 111.3 28.4
      vertex 96 110.1 28.4
    endloop
  endfacet
  facet normal 0 0 -1
    outer loop
      vertex 94.056 111.3 28.4
      vertex 94.25 110.1 28.4
      vertex 94.056 110.1 28.4
    endloop
  endfacet
  facet normal 0 0 -1
    outer loop
      vertex 94.25 110.1 28.4
      vertex 94.056 111.3 28.4
      vertex 96.194 111.3 28.4
    endloop
  endfacet
  facet normal 0.458243 0 -0.888827
    outer loop
      vertex 96.194 110.1 28.4
      vertex 101.625 111.3 31.2
      vertex 101.625 110.1 31.2
    endloop
  endfacet
  facet normal 0.458243 0 -0.888827
    outer loop
      vertex 101.625 111.3 31.2
      vertex 96.194 110.1 28.4
      vertex 96.194 111.3 28.4
    endloop
  endfacet
  facet normal -0.458243 0 -0.888827
    outer loop
      vertex 101.625 110.1 31.2
      vertex 107.056 111.3 28.4
      vertex 107.056 110.1 28.4
    endloop
  endfacet
  facet normal -0.458243 0 -0.888827
    outer loop
      vertex 107.056 111.3 28.4
      vertex 101.625 110.1 31.2
      vertex 101.625 111.3 31.2
    endloop
  endfacet
  facet normal 0 0 -1
    outer loop
      vertex 109 110.1 28.4
      vertex 109.194 111.3 28.4
      vertex 109.194 110.1 28.4
    endloop
  endfacet
  facet normal 0 0 -1
    outer loop
      vertex 107.25 110.1 28.4
      vertex 109.194 111.3 28.4
      vertex 109 110.1 28.4
    endloop
  endfacet
  facet normal 0 0 -1
    outer loop
      vertex 107.056 111.3 28.4
      vertex 107.25 110.1 28.4
      vertex 107.056 110.1 28.4
    endloop
  endfacet
  facet normal 0 0 -1
    outer loop
      vertex 107.25 110.1 28.4
      vertex 107.056 111.3 28.4
      vertex 109.194 111.3 28.4
    endloop
  endfacet
  facet normal 0.458243 0 -0.888827
    outer loop
      vertex 109.194 110.1 28.4
      vertex 114.625 111.3 31.2
      vertex 114.625 110.1 31.2
    endloop
  endfacet
  facet normal 0.458243 0 -0.888827
    outer loop
      vertex 114.625 111.3 31.2
      vertex 109.194 110.1 28.4
      vertex 109.194 111.3 28.4
    endloop
  endfacet
  facet normal -0.458243 0 -0.888827
    outer loop
      vertex 114.625 110.1 31.2
      vertex 120.056 111.3 28.4
      vertex 120.056 110.1 28.4
    endloop
  endfacet
  facet normal -0.458243 0 -0.888827
    outer loop
      vertex 120.056 111.3 28.4
      vertex 114.625 110.1 31.2
      vertex 114.625 111.3 31.2
    endloop
  endfacet
  facet normal 0 0 -1
    outer loop
      vertex 122 110.1 28.4
      vertex 122.194 111.3 28.4
      vertex 122.194 110.1 28.4
    endloop
  endfacet
  facet normal 0 0 -1
    outer loop
      vertex 120.25 110.1 28.4
      vertex 122.194 111.3 28.4
      vertex 122 110.1 28.4
    endloop
  endfacet
  facet normal 0 0 -1
    outer loop
      vertex 120.056 111.3 28.4
      vertex 120.25 110.1 28.4
      vertex 120.056 110.1 28.4
    endloop
  endfacet
  facet normal 0 0 -1
    outer loop
      vertex 120.25 110.1 28.4
      vertex 120.056 111.3 28.4
      vertex 122.194 111.3 28.4
    endloop
  endfacet
  facet normal 0.458243 0 -0.888827
    outer loop
      vertex 122.194 110.1 28.4
      vertex 127.625 111.3 31.2
      vertex 127.625 110.1 31.2
    endloop
  endfacet
  facet normal 0.458243 0 -0.888827
    outer loop
      vertex 127.625 111.3 31.2
      vertex 122.194 110.1 28.4
      vertex 122.194 111.3 28.4
    endloop
  endfacet
  facet normal -0.458243 0 -0.888827
    outer loop
      vertex 127.625 110.1 31.2
      vertex 133.056 111.3 28.4
      vertex 133.056 110.1 28.4
    endloop
  endfacet
  facet normal -0.458243 0 -0.888827
    outer loop
      vertex 133.056 111.3 28.4
      vertex 127.625 110.1 31.2
      vertex 127.625 111.3 31.2
    endloop
  endfacet
  facet normal 0 0 -1
    outer loop
      vertex 135 110.1 28.4
      vertex 135.194 111.3 28.4
      vertex 135.194 110.1 28.4
    endloop
  endfacet
  facet normal 0 0 -1
    outer loop
      vertex 133.25 110.1 28.4
      vertex 135.194 111.3 28.4
      vertex 135 110.1 28.4
    endloop
  endfacet
  facet normal 0 0 -1
    outer loop
      vertex 133.056 111.3 28.4
      vertex 133.25 110.1 28.4
      vertex 133.056 110.1 28.4
    endloop
  endfacet
  facet normal 0 0 -1
    outer loop
      vertex 133.25 110.1 28.4
      vertex 133.056 111.3 28.4
      vertex 135.194 111.3 28.4
    endloop
  endfacet
  facet normal 0.458243 0 -0.888827
    outer loop
      vertex 135.194 110.1 28.4
      vertex 140.625 111.3 31.2
      vertex 140.625 110.1 31.2
    endloop
  endfacet
  facet normal 0.458243 0 -0.888827
    outer loop
      vertex 140.625 111.3 31.2
      vertex 135.194 110.1 28.4
      vertex 135.194 111.3 28.4
    endloop
  endfacet
  facet normal -0.458243 0 -0.888827
    outer loop
      vertex 140.625 110.1 31.2
      vertex 146.056 111.3 28.4
      vertex 146.056 110.1 28.4
    endloop
  endfacet
  facet normal -0.458243 0 -0.888827
    outer loop
      vertex 146.056 111.3 28.4
      vertex 140.625 110.1 31.2
      vertex 140.625 111.3 31.2
    endloop
  endfacet
  facet normal 0 0 -1
    outer loop
      vertex 148 110.1 28.4
      vertex 148.194 111.3 28.4
      vertex 148.194 110.1 28.4
    endloop
  endfacet
  facet normal 0 0 -1
    outer loop
      vertex 146.25 110.1 28.4
      vertex 148.194 111.3 28.4
      vertex 148 110.1 28.4
    endloop
  endfacet
  facet normal 0 0 -1
    outer loop
      vertex 146.056 111.3 28.4
      vertex 146.25 110.1 28.4
      vertex 146.056 110.1 28.4
    endloop
  endfacet
  facet normal 0 0 -1
    outer loop
      vertex 146.25 110.1 28.4
      vertex 146.056 111.3 28.4
      vertex 148.194 111.3 28.4
    endloop
  endfacet
  facet normal 0.458243 0 -0.888827
    outer loop
      vertex 148.194 110.1 28.4
      vertex 153.625 111.3 31.2
      vertex 153.625 110.1 31.2
    endloop
  endfacet
  facet normal 0.458243 0 -0.888827
    outer loop
      vertex 153.625 111.3 31.2
      vertex 148.194 110.1 28.4
      vertex 148.194 111.3 28.4
    endloop
  endfacet
  facet normal -0.458243 0 -0.888827
    outer loop
      vertex 153.625 110.1 31.2
      vertex 159.056 111.3 28.4
      vertex 159.056 110.1 28.4
    endloop
  endfacet
  facet normal -0.458243 0 -0.888827
    outer loop
      vertex 159.056 111.3 28.4
      vertex 153.625 110.1 31.2
      vertex 153.625 111.3 31.2
    endloop
  endfacet
  facet normal 0 0 -1
    outer loop
      vertex 159.25 110.1 28.4
      vertex 164.25 111.3 28.4
      vertex 164.25 110.1 28.4
    endloop
  endfacet
  facet normal 0 0 -1
    outer loop
      vertex 159.056 111.3 28.4
      vertex 159.25 110.1 28.4
      vertex 159.056 110.1 28.4
    endloop
  endfacet
  facet normal 0 0 -1
    outer loop
      vertex 159.25 110.1 28.4
      vertex 159.056 111.3 28.4
      vertex 164.25 111.3 28.4
    endloop
  endfacet
  facet normal 0 -0.866026 0.499999
    outer loop
      vertex 0 13.5 11.3378
      vertex 3.5 17 17.4
      vertex 0 17 17.4
    endloop
  endfacet
  facet normal 0 -0.866026 0.499999
    outer loop
      vertex 3.5 17 17.4
      vertex 0 13.5 11.3378
      vertex 3.5 13.5 11.3378
    endloop
  endfacet
  facet normal 0 0.866026 0.499999
    outer loop
      vertex 3.5 6.5 11.3378
      vertex 0 3 17.4
      vertex 3.5 3 17.4
    endloop
  endfacet
  facet normal 0 0.866026 0.499999
    outer loop
      vertex 0 3 17.4
      vertex 3.5 6.5 11.3378
      vertex 0 6.5 11.3378
    endloop
  endfacet
  facet normal -1 0 0
    outer loop
      vertex 3.5 13.5 11.3378
      vertex 3.5 13.5 23.4622
      vertex 3.5 17 17.4
    endloop
  endfacet
  facet normal -1 0 0
    outer loop
      vertex 3.5 6.5 11.3378
      vertex 3.5 13.5 23.4622
      vertex 3.5 13.5 11.3378
    endloop
  endfacet
  facet normal -1 0 0
    outer loop
      vertex 3.5 6.5 11.3378
      vertex 3.5 6.5 23.4622
      vertex 3.5 13.5 23.4622
    endloop
  endfacet
  facet normal -1 0 -0
    outer loop
      vertex 3.5 6.5 23.4622
      vertex 3.5 6.5 11.3378
      vertex 3.5 3 17.4
    endloop
  endfacet
  facet normal 0 -0.866026 -0.499999
    outer loop
      vertex 0 17 17.4
      vertex 3.5 13.5 23.4622
      vertex 0 13.5 23.4622
    endloop
  endfacet
  facet normal 0 -0.866026 -0.499999
    outer loop
      vertex 3.5 13.5 23.4622
      vertex 0 17 17.4
      vertex 3.5 17 17.4
    endloop
  endfacet
  facet normal 0 0 -1
    outer loop
      vertex 0 12 23.4622
      vertex 3.5 6.5 23.4622
      vertex 0 6.5 23.4622
    endloop
  endfacet
  facet normal 0 0 -1
    outer loop
      vertex 3.5 6.5 23.4622
      vertex 0 12 23.4622
      vertex 3.5 13.5 23.4622
    endloop
  endfacet
  facet normal -0 0 -1
    outer loop
      vertex 3.5 13.5 23.4622
      vertex 0 12 23.4622
      vertex 0 13.5 23.4622
    endloop
  endfacet
  facet normal 0 0.866026 -0.499999
    outer loop
      vertex 3.5 3 17.4
      vertex 0 6.5 23.4622
      vertex 3.5 6.5 23.4622
    endloop
  endfacet
  facet normal 0 0.866026 -0.499999
    outer loop
      vertex 0 6.5 23.4622
      vertex 3.5 3 17.4
      vertex 0 3 17.4
    endloop
  endfacet
  facet normal 0 0 1
    outer loop
      vertex 0 12 11.3378
      vertex 3.5 13.5 11.3378
      vertex 0 13.5 11.3378
    endloop
  endfacet
  facet normal 0 0 1
    outer loop
      vertex 3.5 13.5 11.3378
      vertex 0 12 11.3378
      vertex 3.5 6.5 11.3378
    endloop
  endfacet
  facet normal 0 0 1
    outer loop
      vertex 3.5 6.5 11.3378
      vertex 0 12 11.3378
      vertex 0 6.5 11.3378
    endloop
  endfacet
  facet normal 0 -0.866026 0.499999
    outer loop
      vertex 0 32.5 11.3378
      vertex 3 36 17.4
      vertex 0 36 17.4
    endloop
  endfacet
  facet normal 0 -0.866026 0.499999
    outer loop
      vertex 3 36 17.4
      vertex 0 32.5 11.3378
      vertex 3 32.5 11.3378
    endloop
  endfacet
  facet normal -1 0 0
    outer loop
      vertex 3.5 22 17.4
      vertex 3.5 28 11.3378
      vertex 3.5 25.5 11.3378
    endloop
  endfacet
  facet normal -1 0 0
    outer loop
      vertex 3.5 28 11.3378
      vertex 3.5 22 17.4
      vertex 3.5 28 23.4622
    endloop
  endfacet
  facet normal -1 -0 0
    outer loop
      vertex 3.5 28 23.4622
      vertex 3.5 22 17.4
      vertex 3.5 25.5 23.4622
    endloop
  endfacet
  facet normal 0 -0.866026 -0.499999
    outer loop
      vertex 0 36 17.4
      vertex 3 32.5 23.4622
      vertex 0 32.5 23.4622
    endloop
  endfacet
  facet normal 0 -0.866026 -0.499999
    outer loop
      vertex 3 32.5 23.4622
      vertex 0 36 17.4
      vertex 3 36 17.4
    endloop
  endfacet
  facet normal 0 0 -1
    outer loop
      vertex 3.5 25.5 23.4622
      vertex 3 28 23.4622
      vertex 3.5 28 23.4622
    endloop
  endfacet
  facet normal 0 0 -1
    outer loop
      vertex 0 25.5 23.4622
      vertex 3 28 23.4622
      vertex 3.5 25.5 23.4622
    endloop
  endfacet
  facet normal 0 0 -1
    outer loop
      vertex 0 28 23.4622
      vertex 3 28 23.4622
      vertex 0 25.5 23.4622
    endloop
  endfacet
  facet normal 0 0 -1
    outer loop
      vertex 3 28 23.4622
      vertex 0 28 23.4622
      vertex 3 32.5 23.4622
    endloop
  endfacet
  facet normal -0 0 -1
    outer loop
      vertex 3 32.5 23.4622
      vertex 0 28 23.4622
      vertex 0 32.5 23.4622
    endloop
  endfacet
  facet normal 0 0.866026 -0.499999
    outer loop
      vertex 3.5 22 17.4
      vertex 0 25.5 23.4622
      vertex 3.5 25.5 23.4622
    endloop
  endfacet
  facet normal 0 0.866026 -0.499999
    outer loop
      vertex 0 25.5 23.4622
      vertex 3.5 22 17.4
      vertex 0 22 17.4
    endloop
  endfacet
  facet normal 0 0.866026 0.499999
    outer loop
      vertex 3.5 25.5 11.3378
      vertex 0 22 17.4
      vertex 3.5 22 17.4
    endloop
  endfacet
  facet normal 0 0.866026 0.499999
    outer loop
      vertex 0 22 17.4
      vertex 3.5 25.5 11.3378
      vertex 0 25.5 11.3378
    endloop
  endfacet
  facet normal 0 0 1
    outer loop
      vertex 3 32.5 11.3378
      vertex 0 32.5 11.3378
      vertex 3 28 11.3378
    endloop
  endfacet
  facet normal -0 0 1
    outer loop
      vertex 3 28 11.3378
      vertex 3.5 25.5 11.3378
      vertex 3.5 28 11.3378
    endloop
  endfacet
  facet normal 0 0 1
    outer loop
      vertex 0 28 11.3378
      vertex 3 28 11.3378
      vertex 0 32.5 11.3378
    endloop
  endfacet
  facet normal 0 0 1
    outer loop
      vertex 0 25.5 11.3378
      vertex 3 28 11.3378
      vertex 0 28 11.3378
    endloop
  endfacet
  facet normal 0 0 1
    outer loop
      vertex 3 28 11.3378
      vertex 0 25.5 11.3378
      vertex 3.5 25.5 11.3378
    endloop
  endfacet
  facet normal 0 -0.866026 0.499999
    outer loop
      vertex 0 51.5 11.3378
      vertex 3 55 17.4
      vertex 0 55 17.4
    endloop
  endfacet
  facet normal 0 -0.866026 0.499999
    outer loop
      vertex 3 55 17.4
      vertex 0 51.5 11.3378
      vertex 3 51.5 11.3378
    endloop
  endfacet
  facet normal 0 0.866026 0.499999
    outer loop
      vertex 3 44.5 11.3378
      vertex 0 41 17.4
      vertex 3 41 17.4
    endloop
  endfacet
  facet normal 0 0.866026 0.499999
    outer loop
      vertex 0 41 17.4
      vertex 3 44.5 11.3378
      vertex 0 44.5 11.3378
    endloop
  endfacet
  facet normal 0 -0.866026 -0.499999
    outer loop
      vertex 0 55 17.4
      vertex 3 51.5 23.4622
      vertex 0 51.5 23.4622
    endloop
  endfacet
  facet normal 0 -0.866026 -0.499999
    outer loop
      vertex 3 51.5 23.4622
      vertex 0 55 17.4
      vertex 3 55 17.4
    endloop
  endfacet
  facet normal 0 0 -1
    outer loop
      vertex 0 44.5 23.4622
      vertex 3 51.5 23.4622
      vertex 3 44.5 23.4622
    endloop
  endfacet
  facet normal -0 0 -1
    outer loop
      vertex 3 51.5 23.4622
      vertex 0 44.5 23.4622
      vertex 0 51.5 23.4622
    endloop
  endfacet
  facet normal 0 0.866026 -0.499999
    outer loop
      vertex 3 41 17.4
      vertex 0 44.5 23.4622
      vertex 3 44.5 23.4622
    endloop
  endfacet
  facet normal 0 0.866026 -0.499999
    outer loop
      vertex 0 44.5 23.4622
      vertex 3 41 17.4
      vertex 0 41 17.4
    endloop
  endfacet
  facet normal -0 0 1
    outer loop
      vertex 0 51.5 11.3378
      vertex 3 44.5 11.3378
      vertex 3 51.5 11.3378
    endloop
  endfacet
  facet normal 0 0 1
    outer loop
      vertex 3 44.5 11.3378
      vertex 0 51.5 11.3378
      vertex 0 44.5 11.3378
    endloop
  endfacet
  facet normal 0 -0.866026 0.499999
    outer loop
      vertex 0 70.5 11.3378
      vertex 3 74 17.4
      vertex 0 74 17.4
    endloop
  endfacet
  facet normal 0 -0.866026 0.499999
    outer loop
      vertex 3 74 17.4
      vertex 0 70.5 11.3378
      vertex 3 70.5 11.3378
    endloop
  endfacet
  facet normal 0 -0.866026 -0.499999
    outer loop
      vertex 0 74 17.4
      vertex 3 70.5 23.4622
      vertex 0 70.5 23.4622
    endloop
  endfacet
  facet normal 0 -0.866026 -0.499999
    outer loop
      vertex 3 70.5 23.4622
      vertex 0 74 17.4
      vertex 3 74 17.4
    endloop
  endfacet
  facet normal 0 0 -1
    outer loop
      vertex 0 63.5 23.4622
      vertex 3 70.5 23.4622
      vertex 3 63.5 23.4622
    endloop
  endfacet
  facet normal -0 0 -1
    outer loop
      vertex 3 70.5 23.4622
      vertex 0 63.5 23.4622
      vertex 0 70.5 23.4622
    endloop
  endfacet
  facet normal 0 0.866026 -0.499999
    outer loop
      vertex 3 60 17.4
      vertex 0 63.5 23.4622
      vertex 3 63.5 23.4622
    endloop
  endfacet
  facet normal 0 0.866026 -0.499999
    outer loop
      vertex 0 63.5 23.4622
      vertex 3 60 17.4
      vertex 0 60 17.4
    endloop
  endfacet
  facet normal 0 0.866026 0.499999
    outer loop
      vertex 3 63.5 11.3378
      vertex 0 60 17.4
      vertex 3 60 17.4
    endloop
  endfacet
  facet normal 0 0.866026 0.499999
    outer loop
      vertex 0 60 17.4
      vertex 3 63.5 11.3378
      vertex 0 63.5 11.3378
    endloop
  endfacet
  facet normal -0 0 1
    outer loop
      vertex 0 70.5 11.3378
      vertex 3 63.5 11.3378
      vertex 3 70.5 11.3378
    endloop
  endfacet
  facet normal 0 0 1
    outer loop
      vertex 3 63.5 11.3378
      vertex 0 70.5 11.3378
      vertex 0 63.5 11.3378
    endloop
  endfacet
  facet normal 0 -0.866026 0.499999
    outer loop
      vertex 0 89.5 11.3378
      vertex 3.5 93 17.4
      vertex 0 93 17.4
    endloop
  endfacet
  facet normal 0 -0.866026 0.499999
    outer loop
      vertex 3.5 93 17.4
      vertex 0 89.5 11.3378
      vertex 3.5 89.5 11.3378
    endloop
  endfacet
  facet normal -1 0 0
    outer loop
      vertex 3.5 82.1 12.0307
      vertex 3.5 93 17.4
      vertex 3.5 89.5 11.3378
    endloop
  endfacet
  facet normal -1 0 0
    outer loop
      vertex 3.5 82.1 12.0307
      vertex 3.5 89.5 11.3378
      vertex 3.5 82.5 11.3378
    endloop
  endfacet
  facet normal -1 0 0
    outer loop
      vertex 3.5 82.1 22.7693
      vertex 3.5 93 17.4
      vertex 3.5 82.1 12.0307
    endloop
  endfacet
  facet normal -1 0 0
    outer loop
      vertex 3.5 93 17.4
      vertex 3.5 82.1 22.7693
      vertex 3.5 89.5 23.4622
    endloop
  endfacet
  facet normal -1 -0 0
    outer loop
      vertex 3.5 89.5 23.4622
      vertex 3.5 82.1 22.7693
      vertex 3.5 82.5 23.4622
    endloop
  endfacet
  facet normal 0 -0.866026 -0.499999
    outer loop
      vertex 0 93 17.4
      vertex 3.5 89.5 23.4622
      vertex 0 89.5 23.4622
    endloop
  endfacet
  facet normal 0 -0.866026 -0.499999
    outer loop
      vertex 3.5 89.5 23.4622
      vertex 0 93 17.4
      vertex 3.5 93 17.4
    endloop
  endfacet
  facet normal 0 0 -1
    outer loop
      vertex 0 82.5 23.4622
      vertex 3.5 89.5 23.4622
      vertex 3.5 82.5 23.4622
    endloop
  endfacet
  facet normal -0 0 -1
    outer loop
      vertex 3.5 89.5 23.4622
      vertex 0 82.5 23.4622
      vertex 0 89.5 23.4622
    endloop
  endfacet
  facet normal 0 0.86605 -0.499957
    outer loop
      vertex 3 82.1 22.7693
      vertex 3.5 82.5 23.4622
      vertex 3.5 82.1 22.7693
    endloop
  endfacet
  facet normal 0 0.86605 -0.499957
    outer loop
      vertex 3.5 82.5 23.4622
      vertex 3 82.1 22.7693
      vertex 0 82.5 23.4622
    endloop
  endfacet
  facet normal 0 0.86605 -0.499957
    outer loop
      vertex 3 82.1 22.7693
      vertex 0 82.1 22.7693
      vertex 0 82.5 23.4622
    endloop
  endfacet
  facet normal 0 0.866023 -0.500004
    outer loop
      vertex 3 79 17.4
      vertex 0 82.1 22.7693
      vertex 3 82.1 22.7693
    endloop
  endfacet
  facet normal 0 0.866023 -0.500004
    outer loop
      vertex 0 82.1 22.7693
      vertex 3 79 17.4
      vertex 0 79 17.4
    endloop
  endfacet
  facet normal 0 0.86605 0.499957
    outer loop
      vertex 3.5 82.5 11.3378
      vertex 3 82.1 12.0307
      vertex 3.5 82.1 12.0307
    endloop
  endfacet
  facet normal -0 0.86605 0.499957
    outer loop
      vertex 0 82.5 11.3378
      vertex 3 82.1 12.0307
      vertex 3.5 82.5 11.3378
    endloop
  endfacet
  facet normal 0 0.86605 0.499957
    outer loop
      vertex 3 82.1 12.0307
      vertex 0 82.5 11.3378
      vertex 0 82.1 12.0307
    endloop
  endfacet
  facet normal 0 0.866023 0.500004
    outer loop
      vertex 3 82.1 12.0307
      vertex 0 79 17.4
      vertex 3 79 17.4
    endloop
  endfacet
  facet normal 0 0.866023 0.500004
    outer loop
      vertex 0 79 17.4
      vertex 3 82.1 12.0307
      vertex 0 82.1 12.0307
    endloop
  endfacet
  facet normal -0 0 1
    outer loop
      vertex 0 89.5 11.3378
      vertex 3.5 82.5 11.3378
      vertex 3.5 89.5 11.3378
    endloop
  endfacet
  facet normal 0 0 1
    outer loop
      vertex 3.5 82.5 11.3378
      vertex 0 89.5 11.3378
      vertex 0 82.5 11.3378
    endloop
  endfacet
  facet normal 1 0 0
    outer loop
      vertex 160.75 13.5 23.4622
      vertex 160.75 13.5 11.3378
      vertex 160.75 17 17.4
    endloop
  endfacet
  facet normal 1 -0 0
    outer loop
      vertex 160.75 6.5 23.4622
      vertex 160.75 13.5 11.3378
      vertex 160.75 13.5 23.4622
    endloop
  endfacet
  facet normal 1 0 0
    outer loop
      vertex 160.75 6.5 23.4622
      vertex 160.75 6.5 11.3378
      vertex 160.75 13.5 11.3378
    endloop
  endfacet
  facet normal 1 0 -0
    outer loop
      vertex 160.75 6.5 11.3378
      vertex 160.75 6.5 23.4622
      vertex 160.75 3 17.4
    endloop
  endfacet
  facet normal 0 -0.866019 0.500011
    outer loop
      vertex 160.75 17 17.4
      vertex 164.25 16 15.668
      vertex 164.25 17 17.4
    endloop
  endfacet
  facet normal -8.16324e-06 -0.866026 0.499999
    outer loop
      vertex 160.75 13.5 11.3378
      vertex 164.25 16 15.668
      vertex 160.75 17 17.4
    endloop
  endfacet
  facet normal 0 -0.866029 0.499994
    outer loop
      vertex 164.25 16 15.668
      vertex 160.75 13.5 11.3378
      vertex 164.25 13.5 11.3378
    endloop
  endfacet
  facet normal 0 0.866026 0.499999
    outer loop
      vertex 164.25 6.5 11.3378
      vertex 160.75 3 17.4
      vertex 164.25 3 17.4
    endloop
  endfacet
  facet normal 0 0.866026 0.499999
    outer loop
      vertex 160.75 3 17.4
      vertex 164.25 6.5 11.3378
      vertex 160.75 6.5 11.3378
    endloop
  endfacet
  facet normal 0 -0.866029 -0.499994
    outer loop
      vertex 160.75 13.5 23.4622
      vertex 164.25 16 19.132
      vertex 164.25 13.5 23.4622
    endloop
  endfacet
  facet normal -8.16324e-06 -0.866026 -0.499999
    outer loop
      vertex 160.75 17 17.4
      vertex 164.25 16 19.132
      vertex 160.75 13.5 23.4622
    endloop
  endfacet
  facet normal 0 -0.866019 -0.500011
    outer loop
      vertex 164.25 16 19.132
      vertex 160.75 17 17.4
      vertex 164.25 17 17.4
    endloop
  endfacet
  facet normal 0 0 -1
    outer loop
      vertex 160.75 6.5 23.4622
      vertex 164.25 13.5 23.4622
      vertex 164.25 6.5 23.4622
    endloop
  endfacet
  facet normal -0 0 -1
    outer loop
      vertex 164.25 13.5 23.4622
      vertex 160.75 6.5 23.4622
      vertex 160.75 13.5 23.4622
    endloop
  endfacet
  facet normal 0 0.866026 -0.499999
    outer loop
      vertex 164.25 3 17.4
      vertex 160.75 6.5 23.4622
      vertex 164.25 6.5 23.4622
    endloop
  endfacet
  facet normal 0 0.866026 -0.499999
    outer loop
      vertex 160.75 6.5 23.4622
      vertex 164.25 3 17.4
      vertex 160.75 3 17.4
    endloop
  endfacet
  facet normal -0 0 1
    outer loop
      vertex 160.75 13.5 11.3378
      vertex 164.25 6.5 11.3378
      vertex 164.25 13.5 11.3378
    endloop
  endfacet
  facet normal 0 0 1
    outer loop
      vertex 164.25 6.5 11.3378
      vertex 160.75 13.5 11.3378
      vertex 160.75 6.5 11.3378
    endloop
  endfacet
  facet normal 1 0 0
    outer loop
      vertex 160.75 22 17.4
      vertex 160.75 28 23.4622
      vertex 160.75 25.5 23.4622
    endloop
  endfacet
  facet normal 1 0 0
    outer loop
      vertex 160.75 28 23.4622
      vertex 160.75 22 17.4
      vertex 160.75 28 11.3378
    endloop
  endfacet
  facet normal 1 0 0
    outer loop
      vertex 160.75 28 11.3378
      vertex 160.75 22 17.4
      vertex 160.75 25.5 11.3378
    endloop
  endfacet
  facet normal 0 -0.866026 0.499999
    outer loop
      vertex 161.25 32.5 11.3378
      vertex 164.25 36 17.4
      vertex 161.25 36 17.4
    endloop
  endfacet
  facet normal 0 -0.866026 0.499999
    outer loop
      vertex 164.25 36 17.4
      vertex 161.25 32.5 11.3378
      vertex 164.25 32.5 11.3378
    endloop
  endfacet
  facet normal 0 0.866025 0.5
    outer loop
      vertex 164.25 24 13.9359
      vertex 160.75 22 17.4
      vertex 164.25 22 17.4
    endloop
  endfacet
  facet normal -0 0.866027 0.499997
    outer loop
      vertex 160.75 25.5 11.3378
      vertex 164.25 24 13.9359
      vertex 164.25 25.5 11.3378
    endloop
  endfacet
  facet normal -2.04081e-06 0.866026 0.499999
    outer loop
      vertex 164.25 24 13.9359
      vertex 160.75 25.5 11.3378
      vertex 160.75 22 17.4
    endloop
  endfacet
  facet normal 0 -0.866026 -0.499999
    outer loop
      vertex 161.25 36 17.4
      vertex 164.25 32.5 23.4622
      vertex 161.25 32.5 23.4622
    endloop
  endfacet
  facet normal 0 -0.866026 -0.499999
    outer loop
      vertex 164.25 32.5 23.4622
      vertex 161.25 36 17.4
      vertex 164.25 36 17.4
    endloop
  endfacet
  facet normal 0 0 -1
    outer loop
      vertex 164.25 25.5 23.4622
      vertex 161.25 28 23.4622
      vertex 164.25 32.5 23.4622
    endloop
  endfacet
  facet normal 0 0 -1
    outer loop
      vertex 160.75 25.5 23.4622
      vertex 161.25 28 23.4622
      vertex 164.25 25.5 23.4622
    endloop
  endfacet
  facet normal -0 0 -1
    outer loop
      vertex 161.25 28 23.4622
      vertex 160.75 25.5 23.4622
      vertex 160.75 28 23.4622
    endloop
  endfacet
  facet normal -0 0 -1
    outer loop
      vertex 164.25 32.5 23.4622
      vertex 161.25 28 23.4622
      vertex 161.25 32.5 23.4622
    endloop
  endfacet
  facet normal 0 0.866027 -0.499997
    outer loop
      vertex 164.25 24 20.8641
      vertex 160.75 25.5 23.4622
      vertex 164.25 25.5 23.4622
    endloop
  endfacet
  facet normal 0 0.866025 -0.5
    outer loop
      vertex 160.75 22 17.4
      vertex 164.25 24 20.8641
      vertex 164.25 22 17.4
    endloop
  endfacet
  facet normal -2.04081e-06 0.866026 -0.499999
    outer loop
      vertex 164.25 24 20.8641
      vertex 160.75 22 17.4
      vertex 160.75 25.5 23.4622
    endloop
  endfacet
  facet normal 0 0 1
    outer loop
      vertex 161.25 28 11.3378
      vertex 164.25 32.5 11.3378
      vertex 161.25 32.5 11.3378
    endloop
  endfacet
  facet normal 0 0 1
    outer loop
      vertex 164.25 32.5 11.3378
      vertex 161.25 28 11.3378
      vertex 164.25 25.5 11.3378
    endloop
  endfacet
  facet normal 0 0 1
    outer loop
      vertex 160.75 25.5 11.3378
      vertex 161.25 28 11.3378
      vertex 160.75 28 11.3378
    endloop
  endfacet
  facet normal 0 0 1
    outer loop
      vertex 161.25 28 11.3378
      vertex 160.75 25.5 11.3378
      vertex 164.25 25.5 11.3378
    endloop
  endfacet
  facet normal 0 -0.866026 0.499999
    outer loop
      vertex 161.25 51.5 11.3378
      vertex 164.25 55 17.4
      vertex 161.25 55 17.4
    endloop
  endfacet
  facet normal 0 -0.866026 0.499999
    outer loop
      vertex 164.25 55 17.4
      vertex 161.25 51.5 11.3378
      vertex 164.25 51.5 11.3378
    endloop
  endfacet
  facet normal 0 -0.866026 -0.499999
    outer loop
      vertex 161.25 55 17.4
      vertex 164.25 51.5 23.4622
      vertex 161.25 51.5 23.4622
    endloop
  endfacet
  facet normal 0 -0.866026 -0.499999
    outer loop
      vertex 164.25 51.5 23.4622
      vertex 161.25 55 17.4
      vertex 164.25 55 17.4
    endloop
  endfacet
  facet normal 0 0 -1
    outer loop
      vertex 161.25 44.5 23.4622
      vertex 164.25 51.5 23.4622
      vertex 164.25 44.5 23.4622
    endloop
  endfacet
  facet normal -0 0 -1
    outer loop
      vertex 164.25 51.5 23.4622
      vertex 161.25 44.5 23.4622
      vertex 161.25 51.5 23.4622
    endloop
  endfacet
  facet normal 0 0.866026 -0.499999
    outer loop
      vertex 164.25 41 17.4
      vertex 161.25 44.5 23.4622
      vertex 164.25 44.5 23.4622
    endloop
  endfacet
  facet normal 0 0.866026 -0.499999
    outer loop
      vertex 161.25 44.5 23.4622
      vertex 164.25 41 17.4
      vertex 161.25 41 17.4
    endloop
  endfacet
  facet normal 0 0.866026 0.499999
    outer loop
      vertex 164.25 44.5 11.3378
      vertex 161.25 41 17.4
      vertex 164.25 41 17.4
    endloop
  endfacet
  facet normal 0 0.866026 0.499999
    outer loop
      vertex 161.25 41 17.4
      vertex 164.25 44.5 11.3378
      vertex 161.25 44.5 11.3378
    endloop
  endfacet
  facet normal -0 0 1
    outer loop
      vertex 161.25 51.5 11.3378
      vertex 164.25 44.5 11.3378
      vertex 164.25 51.5 11.3378
    endloop
  endfacet
  facet normal 0 0 1
    outer loop
      vertex 164.25 44.5 11.3378
      vertex 161.25 51.5 11.3378
      vertex 161.25 44.5 11.3378
    endloop
  endfacet
  facet normal 0 -0.866026 0.499999
    outer loop
      vertex 161.25 70.5 11.3378
      vertex 164.25 74 17.4
      vertex 161.25 74 17.4
    endloop
  endfacet
  facet normal 0 -0.866026 0.499999
    outer loop
      vertex 164.25 74 17.4
      vertex 161.25 70.5 11.3378
      vertex 164.25 70.5 11.3378
    endloop
  endfacet
  facet normal 0 -0.866026 -0.499999
    outer loop
      vertex 161.25 74 17.4
      vertex 164.25 70.5 23.4622
      vertex 161.25 70.5 23.4622
    endloop
  endfacet
  facet normal 0 -0.866026 -0.499999
    outer loop
      vertex 164.25 70.5 23.4622
      vertex 161.25 74 17.4
      vertex 164.25 74 17.4
    endloop
  endfacet
  facet normal 0 0 -1
    outer loop
      vertex 161.25 63.5 23.4622
      vertex 164.25 70.5 23.4622
      vertex 164.25 63.5 23.4622
    endloop
  endfacet
  facet normal -0 0 -1
    outer loop
      vertex 164.25 70.5 23.4622
      vertex 161.25 63.5 23.4622
      vertex 161.25 70.5 23.4622
    endloop
  endfacet
  facet normal 0 0.866026 -0.499999
    outer loop
      vertex 164.25 60 17.4
      vertex 161.25 63.5 23.4622
      vertex 164.25 63.5 23.4622
    endloop
  endfacet
  facet normal 0 0.866026 -0.499999
    outer loop
      vertex 161.25 63.5 23.4622
      vertex 164.25 60 17.4
      vertex 161.25 60 17.4
    endloop
  endfacet
  facet normal 0 0.866026 0.499999
    outer loop
      vertex 164.25 63.5 11.3378
      vertex 161.25 60 17.4
      vertex 164.25 60 17.4
    endloop
  endfacet
  facet normal 0 0.866026 0.499999
    outer loop
      vertex 161.25 60 17.4
      vertex 164.25 63.5 11.3378
      vertex 161.25 63.5 11.3378
    endloop
  endfacet
  facet normal -0 0 1
    outer loop
      vertex 161.25 70.5 11.3378
      vertex 164.25 63.5 11.3378
      vertex 164.25 70.5 11.3378
    endloop
  endfacet
  facet normal 0 0 1
    outer loop
      vertex 164.25 63.5 11.3378
      vertex 161.25 70.5 11.3378
      vertex 161.25 63.5 11.3378
    endloop
  endfacet
  facet normal 1 -0 0
    outer loop
      vertex 160.75 82.1 22.7693
      vertex 160.75 93 17.4
      vertex 160.75 89.5 23.4622
    endloop
  endfacet
  facet normal 1 0 0
    outer loop
      vertex 160.75 82.1 22.7693
      vertex 160.75 89.5 23.4622
      vertex 160.75 82.5 23.4622
    endloop
  endfacet
  facet normal 1 0 0
    outer loop
      vertex 160.75 82.1 12.0307
      vertex 160.75 93 17.4
      vertex 160.75 82.1 22.7693
    endloop
  endfacet
  facet normal 1 0 0
    outer loop
      vertex 160.75 93 17.4
      vertex 160.75 82.1 12.0307
      vertex 160.75 89.5 11.3378
    endloop
  endfacet
  facet normal 1 0 0
    outer loop
      vertex 160.75 89.5 11.3378
      vertex 160.75 82.1 12.0307
      vertex 160.75 82.5 11.3378
    endloop
  endfacet
  facet normal 0 -0.866026 0.499999
    outer loop
      vertex 160.75 89.5 11.3378
      vertex 164.25 93 17.4
      vertex 160.75 93 17.4
    endloop
  endfacet
  facet normal 0 -0.866026 0.499999
    outer loop
      vertex 164.25 93 17.4
      vertex 160.75 89.5 11.3378
      vertex 164.25 89.5 11.3378
    endloop
  endfacet
  facet normal 0 0.866023 0.500004
    outer loop
      vertex 164.25 79 17.4
      vertex 161.25 82.1 12.0307
      vertex 161.25 79 17.4
    endloop
  endfacet
  facet normal 1.28571e-05 0.866026 0.499999
    outer loop
      vertex 164.25 82.5 11.3378
      vertex 161.25 82.1 12.0307
      vertex 164.25 79 17.4
    endloop
  endfacet
  facet normal -0 0.86605 0.499957
    outer loop
      vertex 160.75 82.5 11.3378
      vertex 161.25 82.1 12.0307
      vertex 164.25 82.5 11.3378
    endloop
  endfacet
  facet normal 0 0.86605 0.499957
    outer loop
      vertex 161.25 82.1 12.0307
      vertex 160.75 82.5 11.3378
      vertex 160.75 82.1 12.0307
    endloop
  endfacet
  facet normal 0 -0.866026 -0.499999
    outer loop
      vertex 160.75 93 17.4
      vertex 164.25 89.5 23.4622
      vertex 160.75 89.5 23.4622
    endloop
  endfacet
  facet normal 0 -0.866026 -0.499999
    outer loop
      vertex 164.25 89.5 23.4622
      vertex 160.75 93 17.4
      vertex 164.25 93 17.4
    endloop
  endfacet
  facet normal 0 0 -1
    outer loop
      vertex 160.75 82.5 23.4622
      vertex 164.25 86.1 23.4622
      vertex 164.25 82.5 23.4622
    endloop
  endfacet
  facet normal 0 0 -1
    outer loop
      vertex 160.75 89.5 23.4622
      vertex 164.25 86.1 23.4622
      vertex 160.75 82.5 23.4622
    endloop
  endfacet
  facet normal 0 0 -1
    outer loop
      vertex 164.25 86.1 23.4622
      vertex 160.75 89.5 23.4622
      vertex 164.25 89.5 23.4622
    endloop
  endfacet
  facet normal 0 0.86605 -0.499957
    outer loop
      vertex 164.25 82.5 23.4622
      vertex 161.25 82.1 22.7693
      vertex 160.75 82.5 23.4622
    endloop
  endfacet
  facet normal 1.28571e-05 0.866026 -0.499999
    outer loop
      vertex 164.25 79 17.4
      vertex 161.25 82.1 22.7693
      vertex 164.25 82.5 23.4622
    endloop
  endfacet
  facet normal 0 0.866023 -0.500004
    outer loop
      vertex 161.25 82.1 22.7693
      vertex 164.25 79 17.4
      vertex 161.25 79 17.4
    endloop
  endfacet
  facet normal 0 0.86605 -0.499957
    outer loop
      vertex 160.75 82.5 23.4622
      vertex 161.25 82.1 22.7693
      vertex 160.75 82.1 22.7693
    endloop
  endfacet
  facet normal -0 0 1
    outer loop
      vertex 160.75 89.5 11.3378
      vertex 164.25 86.1 11.3378
      vertex 164.25 89.5 11.3378
    endloop
  endfacet
  facet normal 0 0 1
    outer loop
      vertex 160.75 82.5 11.3378
      vertex 164.25 86.1 11.3378
      vertex 160.75 89.5 11.3378
    endloop
  endfacet
  facet normal 0 0 1
    outer loop
      vertex 164.25 86.1 11.3378
      vertex 160.75 82.5 11.3378
      vertex 164.25 82.5 11.3378
    endloop
  endfacet
  facet normal -0.371391 -0.928477 0
    outer loop
      vertex 164.25 16 19.132
      vertex 169.25 14 28.4
      vertex 164.25 16 28.4
    endloop
  endfacet
  facet normal -0.371391 -0.928477 0
    outer loop
      vertex 164.25 16 15.668
      vertex 169.25 14 28.4
      vertex 164.25 16 19.132
    endloop
  endfacet
  facet normal -0.371391 -0.928477 0
    outer loop
      vertex 169.25 14 5.6
      vertex 164.25 16 15.668
      vertex 164.25 16 5.6
    endloop
  endfacet
  facet normal -0.371391 -0.928477 0
    outer loop
      vertex 164.25 16 15.668
      vertex 169.25 14 5.6
      vertex 169.25 14 28.4
    endloop
  endfacet
  facet normal 1 -0 0
    outer loop
      vertex 169.25 14 28.4
      vertex 169.25 26 5.6
      vertex 169.25 26 28.4
    endloop
  endfacet
  facet normal 1 0 0
    outer loop
      vertex 169.25 26 5.6
      vertex 169.25 14 28.4
      vertex 169.25 14 5.6
    endloop
  endfacet
  facet normal -0.272166 -0.680414 -0.680414
    outer loop
      vertex 167.75 15.8 4.4
      vertex 164.25 16 5.6
      vertex 164.25 17.2 4.4
    endloop
  endfacet
  facet normal -0.272166 -0.680414 -0.680414
    outer loop
      vertex 169.25 14 5.6
      vertex 164.25 16 5.6
      vertex 167.75 15.8 4.4
    endloop
  endfacet
  facet normal -0.272166 0.680414 -0.680414
    outer loop
      vertex 167.75 24.2 4.4
      vertex 164.25 22.8 4.4
      vertex 164.25 24 5.6
    endloop
  endfacet
  facet normal 0 0 -1
    outer loop
      vertex 164.25 17.2 4.4
      vertex 167.75 24.2 4.4
      vertex 167.75 15.8 4.4
    endloop
  endfacet
  facet normal 0 0 -1
    outer loop
      vertex 167.75 24.2 4.4
      vertex 164.25 17.2 4.4
      vertex 164.25 22.8 4.4
    endloop
  endfacet
  facet normal 0.624695 0 -0.780869
    outer loop
      vertex 167.75 15.8 4.4
      vertex 169.25 26 5.6
      vertex 169.25 14 5.6
    endloop
  endfacet
  facet normal 0.624695 0 -0.780869
    outer loop
      vertex 169.25 26 5.6
      vertex 167.75 15.8 4.4
      vertex 167.75 24.2 4.4
    endloop
  endfacet
  facet normal -0.272166 0.680414 -0.680414
    outer loop
      vertex 167.75 24.2 4.4
      vertex 164.25 24 5.6
      vertex 169.25 26 5.6
    endloop
  endfacet
  facet normal -0.371391 0.928477 0
    outer loop
      vertex 169.25 26 28.4
      vertex 164.25 24 20.8641
      vertex 164.25 24 28.4
    endloop
  endfacet
  facet normal -0.371391 0.928477 0
    outer loop
      vertex 169.25 26 28.4
      vertex 164.25 24 13.9359
      vertex 164.25 24 20.8641
    endloop
  endfacet
  facet normal -0.371391 0.928477 0
    outer loop
      vertex 169.25 26 5.6
      vertex 164.25 24 13.9359
      vertex 169.25 26 28.4
    endloop
  endfacet
  facet normal -0.371391 0.928477 0
    outer loop
      vertex 164.25 24 13.9359
      vertex 169.25 26 5.6
      vertex 164.25 24 5.6
    endloop
  endfacet
  facet normal -0 0 1
    outer loop
      vertex 164.25 24 28.4
      vertex 169.25 14 28.4
      vertex 169.25 26 28.4
    endloop
  endfacet
  facet normal 0 0 1
    outer loop
      vertex 169.25 14 28.4
      vertex 164.25 24 28.4
      vertex 164.25 16 28.4
    endloop
  endfacet
  facet normal -0.974393 0 -0.224851
    outer loop
      vertex -1.72078 26.7792 0
      vertex -2 13.5 1.21
      vertex -2 26.5 1.21
    endloop
  endfacet
  facet normal -0.974393 0 -0.224851
    outer loop
      vertex -2 13.5 1.21
      vertex -1.72078 26.7792 0
      vertex -1.72078 13.2208 0
    endloop
  endfacet
  facet normal 0.333983 0.918445 -0.211928
    outer loop
      vertex -7 15.3182 1.21
      vertex -2 13.5 1.21
      vertex -7 15.0455 0.0281811
    endloop
  endfacet
  facet normal 0.333983 -0.918445 -0.211928
    outer loop
      vertex -7 24.9545 0.0281811
      vertex -2 26.5 1.21
      vertex -7 24.6818 1.21
    endloop
  endfacet
  facet normal 0.322715 0.935863 -0.141475
    outer loop
      vertex -1.72078 13.2208 0
      vertex -7 15.0455 0.0281811
      vertex -2 13.5 1.21
    endloop
  endfacet
  facet normal 0.322648 0.935689 -0.142772
    outer loop
      vertex -7 15.0455 0.0281811
      vertex -1.72078 13.2208 0
      vertex -7 15.0412 0
    endloop
  endfacet
  facet normal 0.322934 -0.935593 -0.142757
    outer loop
      vertex -7 24.9588 0
      vertex -2 26.5 1.21
      vertex -7 24.9545 0.0281811
    endloop
  endfacet
  facet normal 0.322708 -0.935865 -0.141477
    outer loop
      vertex -2 26.5 1.21
      vertex -7 24.9588 0
      vertex -1.72078 26.7792 0
    endloop
  endfacet
  facet normal -1 0 0
    outer loop
      vertex -2 13.5 1.21
      vertex -2 26.5 32.4
      vertex -2 26.5 1.21
    endloop
  endfacet
  facet normal -1 -0 0
    outer loop
      vertex -2 26.5 32.4
      vertex -2 13.5 1.21
      vertex -2 13.5 32.4
    endloop
  endfacet
  facet normal 0.341746 0.939792 -0
    outer loop
      vertex -2 13.5 1.21
      vertex -7 15.3182 32.4
      vertex -2 13.5 32.4
    endloop
  endfacet
  facet normal 0.341746 0.939792 0
    outer loop
      vertex -7 15.3182 32.4
      vertex -2 13.5 1.21
      vertex -7 15.3182 1.21
    endloop
  endfacet
  facet normal 0.341746 -0.939792 0
    outer loop
      vertex -7 24.6818 1.21
      vertex -2 26.5 32.4
      vertex -7 24.6818 32.4
    endloop
  endfacet
  facet normal 0.341746 -0.939792 0
    outer loop
      vertex -2 26.5 32.4
      vertex -7 24.6818 1.21
      vertex -2 26.5 1.21
    endloop
  endfacet
  facet normal -1 0 0
    outer loop
      vertex -7 24.9545 0.0281811
      vertex -7 28 0
      vertex -7 24.9588 0
    endloop
  endfacet
  facet normal -1 0 0
    outer loop
      vertex -7 24.6818 1.21
      vertex -7 28 0
      vertex -7 24.9545 0.0281811
    endloop
  endfacet
  facet normal -1 0 0
    outer loop
      vertex -7 28 0
      vertex -7 24.6818 1.21
      vertex -7 28 32.4
    endloop
  endfacet
  facet normal -1 -0 0
    outer loop
      vertex -7 28 32.4
      vertex -7 24.6818 1.21
      vertex -7 24.6818 32.4
    endloop
  endfacet
  facet normal -1 0 0
    outer loop
      vertex -7 12 0
      vertex -7 15.3182 1.21
      vertex -7 15.0455 0.0281811
    endloop
  endfacet
  facet normal -1 0 0
    outer loop
      vertex -7 12 0
      vertex -7 15.0455 0.0281811
      vertex -7 15.0412 0
    endloop
  endfacet
  facet normal -1 -0 0
    outer loop
      vertex -7 15.3182 1.21
      vertex -7 12 0
      vertex -7 12 32.4
    endloop
  endfacet
  facet normal -1 0 0
    outer loop
      vertex -7 15.3182 1.21
      vertex -7 12 32.4
      vertex -7 15.3182 32.4
    endloop
  endfacet
  facet normal 0 1 -0
    outer loop
      vertex 0 28 23.4622
      vertex -7 28 32.4
      vertex 0 28 32.4
    endloop
  endfacet
  facet normal 0 1 -0
    outer loop
      vertex 0 28 11.3378
      vertex -7 28 32.4
      vertex 0 28 23.4622
    endloop
  endfacet
  facet normal 0 1 0
    outer loop
      vertex -7 28 0
      vertex 0 28 11.3378
      vertex 0 28 0
    endloop
  endfacet
  facet normal 0 1 0
    outer loop
      vertex 0 28 11.3378
      vertex -7 28 0
      vertex -7 28 32.4
    endloop
  endfacet
  facet normal 0 -1 0
    outer loop
      vertex -7 12 32.4
      vertex 0 12 23.4622
      vertex 0 12 32.4
    endloop
  endfacet
  facet normal 0 -1 0
    outer loop
      vertex -7 12 32.4
      vertex 0 12 11.3378
      vertex 0 12 23.4622
    endloop
  endfacet
  facet normal 0 -1 0
    outer loop
      vertex -7 12 0
      vertex 0 12 11.3378
      vertex -7 12 32.4
    endloop
  endfacet
  facet normal 0 -1 -0
    outer loop
      vertex 0 12 11.3378
      vertex -7 12 0
      vertex 0 12 0
    endloop
  endfacet
  facet normal -0.272166 0.680414 -0.680414
    outer loop
      vertex 167.75 94.3 4.4
      vertex 164.25 92.9 4.4
      vertex 169.25 96.1 5.6
    endloop
  endfacet
  facet normal -0.272166 -0.680414 -0.680414
    outer loop
      vertex 169.25 84.1 5.6
      vertex 164.25 87.3 4.4
      vertex 167.75 85.9 4.4
    endloop
  endfacet
  facet normal 0 0 -1
    outer loop
      vertex 164.25 87.3 4.4
      vertex 167.75 94.3 4.4
      vertex 167.75 85.9 4.4
    endloop
  endfacet
  facet normal 0 0 -1
    outer loop
      vertex 167.75 94.3 4.4
      vertex 164.25 87.3 4.4
      vertex 164.25 92.9 4.4
    endloop
  endfacet
  facet normal -0.272166 -0.680414 -0.680414
    outer loop
      vertex 169.25 84.1 5.6
      vertex 164.25 86.1 5.6
      vertex 164.25 87.3 4.4
    endloop
  endfacet
  facet normal 0.624695 0 -0.780869
    outer loop
      vertex 167.75 85.9 4.4
      vertex 169.25 96.1 5.6
      vertex 169.25 84.1 5.6
    endloop
  endfacet
  facet normal 0.624695 0 -0.780869
    outer loop
      vertex 169.25 96.1 5.6
      vertex 167.75 85.9 4.4
      vertex 167.75 94.3 4.4
    endloop
  endfacet
  facet normal 1 -0 0
    outer loop
      vertex 169.25 84.1 28.4
      vertex 169.25 96.1 5.6
      vertex 169.25 96.1 28.4
    endloop
  endfacet
  facet normal 1 0 0
    outer loop
      vertex 169.25 96.1 5.6
      vertex 169.25 84.1 28.4
      vertex 169.25 84.1 5.6
    endloop
  endfacet
  facet normal -0.371391 -0.928477 0
    outer loop
      vertex 164.25 86.1 23.4622
      vertex 169.25 84.1 28.4
      vertex 164.25 86.1 28.4
    endloop
  endfacet
  facet normal -0.371391 -0.928477 0
    outer loop
      vertex 164.25 86.1 11.3378
      vertex 169.25 84.1 28.4
      vertex 164.25 86.1 23.4622
    endloop
  endfacet
  facet normal -0.371391 -0.928477 0
    outer loop
      vertex 169.25 84.1 5.6
      vertex 164.25 86.1 11.3378
      vertex 164.25 86.1 5.6
    endloop
  endfacet
  facet normal -0.371391 -0.928477 0
    outer loop
      vertex 164.25 86.1 11.3378
      vertex 169.25 84.1 5.6
      vertex 169.25 84.1 28.4
    endloop
  endfacet
  facet normal -0.272166 0.680414 -0.680414
    outer loop
      vertex 169.25 96.1 5.6
      vertex 164.25 92.9 4.4
      vertex 164.25 94.1 5.6
    endloop
  endfacet
  facet normal -0.371391 0.928477 0
    outer loop
      vertex 169.25 96.1 5.6
      vertex 164.25 94.1 28.4
      vertex 169.25 96.1 28.4
    endloop
  endfacet
  facet normal -0.371391 0.928477 0
    outer loop
      vertex 164.25 94.1 28.4
      vertex 169.25 96.1 5.6
      vertex 164.25 94.1 5.6
    endloop
  endfacet
  facet normal -0 0 1
    outer loop
      vertex 164.25 94.1 28.4
      vertex 169.25 84.1 28.4
      vertex 169.25 96.1 28.4
    endloop
  endfacet
  facet normal 0 0 1
    outer loop
      vertex 169.25 84.1 28.4
      vertex 164.25 94.1 28.4
      vertex 164.25 86.1 28.4
    endloop
  endfacet
  facet normal -0.974393 0 -0.224851
    outer loop
      vertex -1.72078 96.8792 0
      vertex -2 83.6 1.21
      vertex -2 96.6 1.21
    endloop
  endfacet
  facet normal -0.974393 0 -0.224851
    outer loop
      vertex -2 83.6 1.21
      vertex -1.72078 96.8792 0
      vertex -1.72078 83.3208 0
    endloop
  endfacet
  facet normal 0.333983 0.918445 -0.211928
    outer loop
      vertex -7 85.4182 1.21
      vertex -2 83.6 1.21
      vertex -7 85.1455 0.0281811
    endloop
  endfacet
  facet normal 0.333983 -0.918445 -0.211928
    outer loop
      vertex -7 95.0545 0.0281811
      vertex -2 96.6 1.21
      vertex -7 94.7818 1.21
    endloop
  endfacet
  facet normal 0.322715 0.935863 -0.141475
    outer loop
      vertex -1.72078 83.3208 0
      vertex -7 85.1455 0.0281811
      vertex -2 83.6 1.21
    endloop
  endfacet
  facet normal 0.322648 0.935689 -0.142772
    outer loop
      vertex -7 85.1455 0.0281811
      vertex -1.72078 83.3208 0
      vertex -7 85.1412 0
    endloop
  endfacet
  facet normal 0.322934 -0.935593 -0.142757
    outer loop
      vertex -7 95.0588 0
      vertex -2 96.6 1.21
      vertex -7 95.0545 0.0281811
    endloop
  endfacet
  facet normal 0.322708 -0.935865 -0.141477
    outer loop
      vertex -2 96.6 1.21
      vertex -7 95.0588 0
      vertex -1.72078 96.8792 0
    endloop
  endfacet
  facet normal -1 0 0
    outer loop
      vertex -2 83.6 1.21
      vertex -2 96.6 32.4
      vertex -2 96.6 1.21
    endloop
  endfacet
  facet normal -1 -0 0
    outer loop
      vertex -2 96.6 32.4
      vertex -2 83.6 1.21
      vertex -2 83.6 32.4
    endloop
  endfacet
  facet normal 0.341746 0.939792 -0
    outer loop
      vertex -2 83.6 1.21
      vertex -7 85.4182 32.4
      vertex -2 83.6 32.4
    endloop
  endfacet
  facet normal 0.341746 0.939792 0
    outer loop
      vertex -7 85.4182 32.4
      vertex -2 83.6 1.21
      vertex -7 85.4182 1.21
    endloop
  endfacet
  facet normal 0.341746 -0.939792 0
    outer loop
      vertex -7 94.7818 1.21
      vertex -2 96.6 32.4
      vertex -7 94.7818 32.4
    endloop
  endfacet
  facet normal 0.341746 -0.939792 0
    outer loop
      vertex -2 96.6 32.4
      vertex -7 94.7818 1.21
      vertex -2 96.6 1.21
    endloop
  endfacet
  facet normal -1 0 0
    outer loop
      vertex -7 95.0545 0.0281811
      vertex -7 98.1 0
      vertex -7 95.0588 0
    endloop
  endfacet
  facet normal -1 0 0
    outer loop
      vertex -7 94.7818 1.21
      vertex -7 98.1 0
      vertex -7 95.0545 0.0281811
    endloop
  endfacet
  facet normal -1 0 0
    outer loop
      vertex -7 98.1 0
      vertex -7 94.7818 1.21
      vertex -7 98.1 32.4
    endloop
  endfacet
  facet normal -1 -0 0
    outer loop
      vertex -7 98.1 32.4
      vertex -7 94.7818 1.21
      vertex -7 94.7818 32.4
    endloop
  endfacet
  facet normal -1 0 0
    outer loop
      vertex -7 82.1 0
      vertex -7 85.4182 1.21
      vertex -7 85.1455 0.0281811
    endloop
  endfacet
  facet normal -1 0 0
    outer loop
      vertex -7 82.1 0
      vertex -7 85.1455 0.0281811
      vertex -7 85.1412 0
    endloop
  endfacet
  facet normal -1 -0 0
    outer loop
      vertex -7 85.4182 1.21
      vertex -7 82.1 0
      vertex -7 82.1 32.4
    endloop
  endfacet
  facet normal -1 0 0
    outer loop
      vertex -7 85.4182 1.21
      vertex -7 82.1 32.4
      vertex -7 85.4182 32.4
    endloop
  endfacet
  facet normal 0 1 -0
    outer loop
      vertex 0 98.1 0
      vertex -7 98.1 32.4
      vertex 0 98.1 32.4
    endloop
  endfacet
  facet normal 0 1 0
    outer loop
      vertex -7 98.1 32.4
      vertex 0 98.1 0
      vertex -7 98.1 0
    endloop
  endfacet
  facet normal 0 -1 0
    outer loop
      vertex -7 82.1 32.4
      vertex 0 82.1 22.7693
      vertex 0 82.1 32.4
    endloop
  endfacet
  facet normal 0 -1 0
    outer loop
      vertex -7 82.1 32.4
      vertex 0 82.1 12.0307
      vertex 0 82.1 22.7693
    endloop
  endfacet
  facet normal 0 -1 0
    outer loop
      vertex -7 82.1 0
      vertex 0 82.1 12.0307
      vertex -7 82.1 32.4
    endloop
  endfacet
  facet normal 0 -1 -0
    outer loop
      vertex 0 82.1 12.0307
      vertex -7 82.1 0
      vertex 0 82.1 0
    endloop
  endfacet
endsolid OpenSCAD_Model
